c0,c1,c2,c3,c4,c5,c6,c7,c8,c9
4850.989854770161,1602.4740873859469,1467.799319507324,3876.4294718871606,3168.733188374082,2908.707135963852,3516.5121960353517,4085.282932214787,6119.885849916511,2228.2383512971487
2122.6920159791457,4053.2814091823884,5134.492673632641,4083.815689549019,3673.1969340754404,1334.3482529025018,3185.7991404445447,359.52718740201254,6856.363315876146,2925.55343047168
7409.66183582638,1616.4519754812636,3932.069901494905,3319.0176508761647,3523.957050308756,3382.4019833105153,3494.7282880227344,539.3501641979227,7972.260161443923,4457.5968840970145
8193.07934791057,1736.9937427178431,1427.7249784354062,3599.8408956289095,3240.88952183972,3754.7192648091104,2192.194971609769,2445.5162193236215,3443.8870070036346,3495.686551157246
2789.6465507625326,1726.1113638433785,1477.6120970122831,2515.9746834706893,1926.7971444546406,2677.497168621802,1638.5693621383698,5988.926720072378,3995.905493038779,2284.2793896625603
2207.7400921172584,3127.893988318564,1093.1061502187135,1328.5286975082804,3356.222225561337,2861.7764491192424,3243.484878654063,6068.086650996839,6676.2004713050665,3098.3054465837627
7767.081843295213,3965.737707129212,2295.1276240126417,4888.451257951546,5934.268822114692,4127.809043199107,3610.2885974071887,3391.005881508651,3467.8451646507783,3647.272877681283
5334.530936128551,1509.2800344748873,2223.037955913907,5535.387422714699,5743.052928790682,4868.54187272831,2094.3415089045493,4679.584423019993,3915.9305680635766,3470.604657840563
3499.8900025367852,3900.562583445026,4147.249066612589,3865.3855628668553,3635.681481692788,3116.2621905618366,1960.5575858720588,3102.123278177807,4223.512769655688,2847.5574129742527
4587.536456559114,3931.361250826678,3862.9284486995834,5616.468060685314,1909.7106156230175,3610.5114206793774,3745.925181996406,4291.194536237447,7424.570835151984,4363.566137473544
4621.692798151828,2959.9145507328467,1200.0713276918868,3595.876213791085,3463.616794301452,3511.7274120234233,2180.3263346389112,2863.738559370826,7319.286044575412,1988.2971466324059
1994.4863998259855,5405.270944738382,2135.1235407981294,3243.7562797349674,3090.4927688282196,4108.539615951304,3172.8724086934385,3389.7105038701757,4198.194843835958,7421.470468475647
4866.878001368103,2824.6086717116764,2347.5513614986085,1271.7914370565993,2175.695138853047,2214.7150739835106,5688.809832125476,2203.2489832014653,3437.1605019387835,3723.9554415507323
5376.519821255157,4075.0891372633755,3817.787234920185,4119.034993516511,3487.84487421933,2794.0002659772754,3497.1175493410365,6276.696593642014,6814.852832055414,2141.7973407471936
4017.3997771750333,1833.7577982370467,3794.9493050189126,3219.1497004050816,1912.1978653847123,3444.453889223174,1812.8970268064527,3583.094848167216,4566.525658390121,1983.5123580497193
7918.826189301073,3694.5470528190585,1604.7389202892075,3221.067530247702,3209.817294251384,3063.315944101314,1991.6214940371046,5345.289121486156,4517.041893037665,3938.3077977856733
4232.252864029551,1600.9247395133598,5035.174774559372,1556.4261792145487,2155.3660333642847,5052.1846986102055,3279.170598761627,5875.934319107087,4361.62708412561,1283.3146149896013
3291.9685593741533,4771.361551470305,4351.278621969436,4650.369302200972,3363.8911511858414,4217.369772797812,4033.989625959671,3693.835655691587,1987.3226276850933,2154.056896785927
2367.946385369564,5220.7639300536775,1461.4917300180643,3641.871903957017,3773.6392187929996,3925.4024437081016,3273.1582357787893,4282.018318758881,7313.96687099426,3441.444329931098
1899.793891552548,2524.7533047796196,4684.008887021183,4037.11496699737,1900.6291304912756,1653.062634402001,3313.4628593362004,3831.7248618132435,4067.5788313462085,3547.841586206755
4194.401092052107,3355.1725481708813,4298.377761036616,4025.8033206777227,3384.7670032838387,5463.511962640755,3671.7522852171624,4861.383341839151,5475.203820466097,3648.3199834822535
2966.077623193977,3990.6728597325555,4973.41318926829,4794.36586807391,3663.1043687485662,1362.7100400595373,3370.335986464253,3641.005938707558,3888.7386612682267,2138.987983539472
4028.244534356891,3873.977790712376,5312.890635681115,4155.563726557153,2098.9639164774635,4679.198325081113,3188.9729937366874,4318.0034705382295,4752.091576190092,2341.7946193347607
3753.284625869289,3889.1613704035635,4549.835543993552,3313.742914346042,3590.099224645497,3388.764853971923,2032.7560699486294,2185.041914090213,7450.427806229303,6658.248453998616
3062.4552625910865,4329.6055322895345,1506.704809121145,3212.571989265456,3657.8709112413762,3120.6800424130033,2701.2064490174266,2336.214110144777,3985.2263281779983,6452.461659724496
4557.761845946565,4354.438191226229,1367.4816132233368,4249.116465937419,2061.483918738919,3063.0194820951465,6143.624680599314,366.1976728091521,3933.407423220576,2287.783651769892
3819.7098936302436,4088.205482883618,5009.387347666714,3278.8676251517636,3542.699811536133,1583.0085534252867,3222.188844751979,2138.2276384316838,3286.5341970218537,3697.441322242207
4203.4478451335035,2989.545102491402,4570.654759632747,4988.676214014255,3299.7876094529897,3145.3956370160868,2800.532511615033,3523.1220585418723,4299.179071605677,3812.153793440467
2246.4807761635357,4147.419557576237,5111.229210223613,1439.1947204329313,3499.4252655466976,1544.1290668165884,2867.62128991344,337.91949030443897,4138.288378909895,4604.3267807804905
2278.189118704589,5532.710899595466,2306.5594716586847,3650.4462108954376,3300.2111796331405,3582.929281921612,5584.450581534011,664.5492107631363,1660.0694871236697,3119.2193443654464
3674.8266685606964,1539.5613759471203,3754.2958745764604,1607.8319283893413,3421.382272824247,4076.891227029839,3334.7881643127744,3449.64590797032,2103.642103559664,2981.5431436486965
4061.104106492758,3127.56696021302,1435.7806871081248,4195.998432442108,3231.979414014501,3760.1599610691705,5915.869385303857,4100.18681661304,2143.7081224520616,3427.2159308090518
3963.8484543678937,1674.8596385812698,3970.5118438381724,4087.8200103908603,3327.9351508744157,3884.427771728428,2162.5218465186576,3458.004919513138,1726.4183187474473,5285.7761793676245
2386.0220260330293,4139.18566938507,5210.918889006647,1647.9251143956303,3626.7587184913696,3330.5134497663066,1955.3415863253872,3655.5992085252046,3017.784499543596,7742.890007850181
3914.3337450289264,3241.8704918858266,4789.943398033678,1629.3296256782296,3503.05157283449,3470.985019812596,1811.8810485832241,4035.208321045663,2088.741255031031,3002.67345812246
3658.386467977629,5208.533525244852,5366.137678619386,3954.6589413982892,3457.066221003618,4919.9421767205895,2162.088766511429,489.013823632533,3068.919170383749,4917.240902252602
4139.682395806046,4413.902989912457,4997.7666046800605,3578.535965584271,2625.005401680282,3577.689208571883,3484.151824334379,2576.116543945286,5473.628970667503,3159.5378241818785
4490.726610219457,3019.2761414406004,5707.948929172494,4057.770216668974,5546.548837945529,1638.5451404897997,2946.6725493101167,660.1716940871843,2152.664171857167,3601.4566647367
3906.620354178478,3790.5751559056107,4026.544457880914,1235.2283999859544,1727.3141080079522,2424.803703479186,3514.473887797678,386.5981082908255,4020.968059593696,5458.259259833742
3611.964302291735,4142.171344595166,4905.777211162468,5631.882743955059,3354.0566561192672,4292.907454684384,3183.740081363101,2470.4695787315563,6010.1787231649105,3309.7646914346606
2171.602845830009,5390.56981126581,3415.330453847861,3479.376857584499,2963.9675442770776,3285.1218520638636,3567.2182256744827,3487.847841010076,5252.061191511097,3305.9225866558663
7694.469085470837,3321.875317519399,5922.8124921994295,4654.804822984497,2778.475964293815,3423.58245410377,2391.6700755738775,493.5392753422047,6206.216666691969,4456.986225717793
3216.906017402005,2915.0095188336745,1993.8960174202691,4113.701652120851,3260.5746621371254,3208.853579070456,3507.556113309279,3699.2774956925227,4494.85407111108,6811.043097652229
3386.788124611007,3057.301140218977,5071.202424372874,2622.180411153006,6533.664325442149,4501.181287982277,2920.639418716653,2217.3080740283117,4246.600787407951,4255.90773328358
4085.74199332,5497.170105032656,4607.511763528708,3793.5553303824536,3248.2712442090065,3693.667613984214,3584.4005758617354,3647.318665712659,6381.106725823593,2222.47437749124
4662.557151036956,4957.242791803169,4190.389893221094,4522.29765858591,2836.4337616951198,3942.377071005555,2822.9067851411446,4913.642244039598,3142.4625800858457,1822.8873021987906
4097.8676993057425,3754.6646635158845,4006.380527168323,4483.506548644951,2043.059635626315,4272.584569267496,2672.4096319475257,363.396429423523,5972.512104347461,3508.4450796905107
4689.923582166664,4119.625511302625,4622.770078607144,5575.242924579121,3115.695597094714,3825.4118432337955,3386.134658152245,3959.51221970511,3901.0079468977856,3416.509468715226
3119.4309281806445,4602.602143961218,1239.260678303334,4116.426868532202,3548.691490722904,1343.6709735072832,3206.692677121746,375.2743737663954,4128.313342796476,6524.939860357748
7760.625160339416,1744.8285430081294,4858.154892356036,4477.00326003203,2818.799074484467,2886.149208997853,2076.0256740387786,4876.420973478023,5831.3019069863885,3336.834165849027
4253.066222441395,4994.862073593136,5150.905778267303,1536.316811338709,3371.0580666859837,1543.2182336523297,3384.952418024388,4229.931213262575,3784.6995903506413,3178.7734937800906
4073.365735695459,4909.181444218065,4080.5671813448653,4484.786401063443,3303.646392732512,1398.467867725389,3680.2935664725737,322.59048154358385,3671.4385610423924,7322.752125615245
4047.0158792010297,3768.773677464794,1187.2390001740273,4360.700031335644,3350.6959911764466,3252.841974243907,3075.4957214615424,131.53704338346125,4507.272524779381,4421.0862389805625
2358.3889787605253,4984.838917001766,1535.3604231162124,4663.360691391086,5973.842588294063,1495.5389537369338,3478.3737800247873,2294.8310218723727,3532.1021297320003,4133.9040658385775
4322.591958105304,3368.4350457092996,1221.503003807522,4063.1339757469314,2212.656015384589,4694.632478304215,5069.58022845427,4104.543583319903,2638.399393744205,3038.837669953369
3772.4822258826316,3041.2643144843933,5298.208238793599,4148.376010423571,5864.40412828065,5032.329565478087,2108.7293067058654,4500.6846925849095,6632.12690459568,2389.8999831041283
7545.885616116848,3948.9458043034347,5315.308253088395,4265.364613515583,5931.141414386116,3801.7075408098162,3085.1234118574353,3748.338142898171,7273.240567664105,3563.8683718382053
3981.5699780872787,3106.646680890621,5206.73698980682,4048.9977165867554,3434.707940524838,3715.830538523076,4636.663170680457,3439.2208628736507,6460.846008559949,4640.542910331515
4344.899126439363,5493.341572833508,5006.277394116443,4632.542526919668,3520.4643610437356,3453.3035921309056,3896.147329956196,6576.477698433135,4279.687245646117,4049.434657778184
3392.006092721883,4160.995639628635,5076.9698243685225,1619.508218971115,3165.0380647274997,2708.5881158573366,3581.475730394598,4494.8981658844095,3516.2632141790273,2316.4811666477385
3740.605144252973,3529.0139562459876,4224.987033113662,5055.425070374391,2036.4922533564736,1190.1629790902434,2830.896021386712,4094.9066779124805,4724.06614407851,2268.853511581206
4380.819391944977,4085.484856937428,4738.589645707431,3463.091212898933,1993.564384672874,3708.0231305587836,3502.3419806129377,4365.245460236254,5122.710364451255,3288.6668048261495
2094.6172996702835,4000.75841144094,4165.358060248366,4375.682242408668,3247.178563639173,3777.6160203629543,1808.245782575199,2620.4402657080573,3942.709651572549,5819.237056006165
4196.488874365107,2932.3780300931608,4399.265899907042,4085.2637539303523,5210.210140055355,2806.1344024824784,2046.2719120556962,4068.7512251008934,3888.985199701242,3296.031144306932
4431.43649116095,2855.3251045322904,4742.090494411258,4143.783315507424,3412.4409596256455,2857.8984321063335,3364.4290257056323,4343.53859175886,3745.0378802073965,2060.5444462515857
3886.244004758503,3855.7452099617512,4799.305517660654,3120.6647931756356,2738.695942126138,3906.3447160628057,3148.3503829774813,4793.092359749031,3606.3596314994666,5923.930930714183
4833.5822338723665,4373.750011402695,5362.549849826317,1409.736495818399,3442.452795048934,3317.5081230195283,3581.653396543039,4559.228546877218,2278.3621796684133,4729.422748430825
2395.3209229436216,3455.158337174904,6033.204371143509,3903.5055435559034,5872.782780329597,2973.756332364361,2079.3989735932846,2613.2295902074643,1791.5297659527891,3292.3795672489064
3819.2377144666734,5135.248611769425,1993.7929571477496,1526.442786530713,4607.167696170033,4725.295430091461,2626.880837451724,6460.917347280566,1980.3864057742744,3524.0054379633602
3562.0220479661425,4025.6853667364226,1704.5891952986435,5663.300158329854,2091.6341894473417,3470.156823729877,6197.231135316966,3708.309133530838,3147.605657562696,3325.506384624899
4453.949915038542,4356.6103791752585,1179.4993644027577,3926.551576031956,2693.1216096123317,3638.243675122666,1985.484644956054,6388.175131220034,3940.107117468213,2084.6506909639597
3895.6478381187862,3860.86464082391,1979.9888683441031,3620.0368001405022,5709.62661929569,3464.1694053076876,6065.481637873954,4457.008186733466,2217.2295952420563,1844.6685719136137
2325.5015272810133,4159.021260893675,1936.4701632087595,3707.0049166216504,2812.7690733404884,3052.049347649371,4004.9835283272464,4297.7056994701725,4234.438811876558,2231.638767784768
7855.269670438272,2741.1521742318987,4043.5216852715394,3108.9219371499294,1936.3405272007706,1357.23287086368,6002.376422315464,618.3459661332575,4062.7476222188684,2080.110071653736
7332.72002960885,4205.304924322891,2141.08479818431,3409.324698901447,3315.6130469789387,2855.5037060398113,3184.4636779537163,4887.696147209559,1848.2334458571813,3515.667235914395
3658.270026480231,4053.0216478995662,4577.650289666094,3619.331258964757,1712.2742726444437,2527.788016377309,2083.473482552061,3812.8081022362812,1952.8539294199159,3508.0251397446536
4312.085342590303,5527.784265767987,4243.540541112263,3736.673856539084,3167.4322095214015,5104.759794432007,3482.897062284147,395.8535944448137,3294.0875564062835,6895.954278530814
8710.620639339959,4064.9417004577845,4043.315178342079,5329.9430034482175,1928.8804264232874,1286.4232705438974,5157.549543424066,3856.4614830171913,1952.6863856907212,1833.9315520561195
4696.509863805949,1504.7146745246846,4551.131988337879,3937.9531868666672,3478.1652523606654,5196.112397256577,2359.8895332225898,3846.4254552742204,3561.4146555626207,4464.579201600507
3813.1527919642413,3035.7761490525036,1268.2298374364539,4387.558699889339,5893.234043071075,4126.457660762748,6005.142648326408,2522.157974055385,4945.855774054277,2288.750249019471
4117.055637694146,4199.3043412587,1335.156096684224,4562.630045495175,3317.0738307531165,1236.5311277760866,3532.6311220629577,3978.56984655852,6939.051559048898,3180.526936114133
4432.6449657803505,3874.413796883662,4147.235706036439,3594.375667117214,3335.140399979396,3398.1167877281123,3786.5814500492143,559.3678876178141,4068.5113043749243,3777.7248559028762
3503.806895318967,3873.8868040035886,4625.261263084326,5545.800420425235,1809.5471265706929,4012.7133525074737,3293.4148880429,496.6827854971457,3710.5870079626143,6370.264095578116
3790.2372112192375,1722.3855866660447,1360.439845103272,3967.0391701398707,3402.78683586096,2169.4425316674947,1867.5373320680717,7024.220296113246,6677.072872100834,1985.3365361737362
4169.264303099862,3807.036712980044,4460.527570645517,3827.178928461179,3225.4488599565316,1270.3983942319169,2408.6843686682355,2658.67287786981,5826.494245503403,6759.104758632266
4068.354978545257,4223.144091031234,5486.765527800033,4147.407804535196,3530.001152053823,5556.160915102342,3687.6745784151503,2323.24941869236,6269.322901371419,4570.4758342862415
3801.593750024464,3892.4845534099672,3980.905013849757,3286.651910665066,3428.3178420134777,2751.985299211668,2163.468720061617,2510.8689436040386,3423.2775797125496,4115.7331574879745
4318.895892171271,3321.155029480792,1328.8697199121154,3865.5868071217815,1933.267306569439,3521.811727772273,2104.4742471945324,4739.179592569035,2630.3833997850543,2118.7685194600526
8446.553672443204,5285.4616045050625,4406.338025708597,2486.637935866835,2982.830171360154,3117.8536853732585,2048.5314104412564,2451.026269927026,5537.2290540886615,3227.78188849072
3964.4668391115097,4183.216530262408,5390.3753368397565,3720.7566987772525,4601.895495495014,3840.542447434568,6230.875206736033,3861.9635743123436,4282.412555749175,4195.148243636015
3418.6174568112297,3019.718154127914,4026.7762606545502,3893.209558528216,1949.9349971198837,2083.2828530809315,1596.7806906843184,4255.858723565868,1934.2118779817672,3503.176854763112
2998.719848177544,1554.0940180110842,3345.704424478391,3559.29605013501,2964.6325107547214,5276.494591446172,2294.9162105934297,3810.9431714734937,4509.128082114593,3953.20217800901
3993.0333288027664,5479.882561464872,1834.1433205667336,3514.429353147807,5531.2113147194395,2920.073131840748,2953.334158690135,3625.249714139312,4300.9861511116915,3688.3700705354804
8247.695946477359,1739.07839348353,4516.35652344009,4066.7874986837564,3418.6139892057436,4753.525826843943,3089.921910168874,257.82938207451696,1690.687750747234,4033.25855170215
7270.707225607572,5001.872571799738,4288.772987364784,3954.292698145907,5499.216066547015,4979.431831897171,3546.1005070761603,3873.381806423058,3322.77252007225,2240.786279864183
4221.4377552577225,4899.3028167518105,3820.860730467647,4226.740312239225,3504.4577060044207,5020.634241170356,6085.25117286736,4839.723451630069,2556.4669666476216,3873.15724071422
4783.002282042282,4118.092686012627,5656.647504195903,3976.4370884519994,3567.747921704772,3856.810593271822,3745.2427364669347,4743.269475877046,4028.483717209624,2314.3527201705538
3015.544433828335,4116.081005657416,4137.810048343387,4237.612684151187,2558.741022028591,1353.4803980588797,2006.452551503922,4390.932315507452,4276.399737727389,3834.707163608279
2888.1775843728537,4153.562418839934,3927.5133119714874,4301.770344152885,3080.6196160654063,3371.043320970684,3447.7203045102488,2110.1196692809476,3384.9282700630656,1512.4036132255055
4606.463152806085,4302.912067171688,5008.470255010661,4027.625074109141,2543.6393741574175,3440.17121922013,2644.2844430950527,5127.387018484365,2177.1554611499605,6766.268551222865
2517.4879529233635,1732.5298204585508,2361.8813928739187,5823.595937043005,3512.7440805775595,3796.693363234378,2063.1976519823747,3525.6872649341913,1665.952673821752,6780.059895658513
7473.18844417518,5793.396098833897,4471.176925876918,3251.5293050413393,3629.7776077006765,4006.258782023,2058.6478295207307,2507.6696744237024,3801.1134301730435,2253.809418866441
2452.1835343034068,1816.4562325022525,3856.4213078726434,1627.559062173349,5154.4203369241495,3487.8904572150905,2147.3816288345233,2159.9174952577473,3334.670265428822,3460.799666873151
3701.178763777046,5656.12307697383,4746.437079435464,5142.430420393166,3199.098617683527,4428.025821906196,3705.0667772310026,4374.054643052114,1825.9019179201896,2268.5779874944665
4267.153684018223,4232.082867121694,4545.653719778496,3750.884660089597,2562.317527028374,1475.8234742085842,1949.582304320746,4811.754280540617,4042.3627902290045,3352.777821603966
2106.0728729440157,3467.4263061668657,5463.5659094178745,1340.2024420529146,3262.3929614941726,5291.9105334394,2020.3862666030432,4547.3064466824435,2201.449493580808,3200.06472007319
4694.7613149925655,3530.8442246635623,1567.4946494523515,1533.5564142982116,3540.031451628664,4146.123128438968,2963.575169491475,5157.14504102908,5061.204781249933,2194.742752295463
3795.730736314094,5351.360200450057,1449.2521630166689,1234.5773262735959,3404.5654982945316,2591.123165389331,5486.811463952171,4194.474540922236,1862.4749184355628,3525.872757054687
4026.1804528149314,4177.572828348647,4674.258280582732,3765.8487476644523,3533.4477797620393,2551.4692627343197,3375.1959875921175,3644.0007180050234,3997.302307665523,4083.5435460094754
4095.0984521025584,3430.979417580421,4966.861954503721,3831.5759727820723,3505.6592913697255,3280.6200012036925,5801.99876535428,2265.453622393748,2281.20996181099,4381.139239239111
4187.659355113539,4248.523557694054,5719.572722337379,2956.1491666364686,3308.8101666396105,2453.3300520968423,5633.484071724566,4582.336081666336,6777.387504638538,3506.7145377925326
3635.0493559865017,1531.44131534411,2182.7725970636493,3379.9533216805416,3470.3361808525497,3891.518089007711,5216.540455108398,3757.5589741878475,5000.698015612469,3152.370038394296
3672.0505041320553,1732.9559517006674,1278.732250282097,4264.407321767952,3591.5837038971704,3011.283799156028,3389.1886472172073,668.0165261725081,2087.060194608586,2073.203699320068
4104.584423397093,1779.4985914884755,4799.86712806061,3598.1295711875664,3577.2398591782635,5076.098217910264,1616.665545286734,3691.607592087583,3345.23823411815,3489.839469711782
4941.955994790043,1788.1123642035936,3593.518224515672,3849.9907269977184,2083.841091085372,3478.93823591188,5268.956335080251,3856.5989453533216,3070.446645990736,6313.990841343566
6608.435769875203,3869.6845728332555,4071.178582471066,3983.889433269141,3529.8392753152166,3136.864913656028,5100.521633191271,2507.6778606363905,6432.441693427765,5246.97340487736
4062.80682428806,3363.8547075746437,1915.1691310951974,4541.004631579095,3119.9369191534133,3783.0076872563227,3557.0012365843304,3919.256202977993,3196.6393916928196,2478.6985202652722
4119.240485113405,4223.761000411908,5101.377577427184,3975.8403006455774,5500.373382448065,3515.3456869395472,3177.2235542753388,3600.5803053598697,3841.2132875923776,7005.8779266801575
3536.7478227300976,4871.9310786514325,5186.2235503847505,4175.924133134878,6051.2198678452505,2917.445079093791,3099.9769856065896,3363.7404423944704,2129.5170024513327,3347.7376349649862
7558.274551016281,3157.341122349413,1653.7527307715811,5409.168681417848,3456.138190849806,4813.739720282165,2962.7304918871714,3465.8528300820426,3648.7225366402668,4464.115517924833
2193.412924883852,1647.7988442165579,2150.173659862203,5774.8564928361675,6489.74739122877,3395.9010290431743,3204.336987737881,2712.1518653787816,3160.938592956177,1721.4240804175383
2374.268363420923,1604.0987168956362,1250.8169293725366,3037.5674965092558,3449.0322438569074,5597.882027315975,4675.042722146392,414.4020241948256,3010.0499327345906,2364.8110846591285
4201.86717990516,3677.2134025047408,5020.1043751160705,3922.1966459813384,3252.52702253943,3507.987999885403,3431.84996460909,4212.8958857303305,4207.9318788956,4405.152731750714
3598.6770388591112,3714.2249792345806,2341.820858893746,3877.4514054603214,3437.4107656700257,3441.8696978838834,2808.6565312094904,4648.222624456869,4181.930846443093,4386.723938278903
4692.29551173481,1794.0870973069561,5156.373030766992,4243.365709817053,3204.529559019054,2653.5205004761883,3254.7196855635857,7282.416826806488,3729.9310108504187,2768.3540234079674
4085.7444749292526,1519.3699977750377,4975.053932978475,3970.5997540404733,1995.5426540313028,1375.6590654734619,3717.9841320831674,5299.239170473499,3439.6174871518106,2420.175238394233
3497.9370700828717,3915.215980665611,1582.3647983342798,3339.021454713138,3202.469995280693,2049.442350765386,2111.752509010452,3761.6391112825277,1962.537215736525,2813.358308822443
4234.672271326851,5125.109047104432,5204.774620763752,3804.9600217729044,2040.9390735625918,3340.0535033471597,3414.0505063175206,3529.952255701526,4201.603965168628,3188.988731020139
4454.9452093340215,5662.342552527837,5044.896544917219,4244.057820362916,3278.047021703464,4165.991080280438,6133.796031339327,4293.180026498296,7720.770164677217,3449.849870241704
3969.9263356331858,5786.35086713217,4381.328958326885,4247.056817502561,3022.0005913634022,2766.5631393340605,5481.771674240459,4194.433926061824,3843.9784426465276,5495.15977991909
7762.341691504059,5562.8624799333675,3477.309723476743,4629.815542355398,3586.027876434058,4226.421276849493,2991.5590603298547,114.12966278331322,3040.9714043544955,3692.499122193124
4239.335697849509,1714.3765897128337,5086.977386261338,3024.4124458816545,3374.5679439800483,3783.4863159884726,2203.7886674322845,528.0904862718372,2151.5382677731054,2321.8803614189446
3027.9411058644873,1689.1089123313263,3735.734973273717,4283.338980654073,3159.396574362683,3259.513921884538,4816.682619579479,8339.198044368422,1990.4379432393764,3028.639577820635
4280.59626390829,3093.989446602016,3706.481543139883,3186.8082361715196,3354.915314595019,2358.954464191077,5713.098177030804,3936.073413860936,2100.299663671521,2273.8273280385097
3705.3193048423464,3347.044002592586,4063.345275885591,2995.5906482819146,3481.2306392547034,3378.97304382038,3663.2582197657093,3905.176335848376,3471.076036124449,3373.5617398085315
4637.2129095127875,4941.273231780561,4266.451231324973,4193.586321739831,3364.4383572840147,3454.9639410326026,3575.884509328857,6931.763142309683,1914.6343740556156,4214.360090699799
4298.119588612236,5323.798082104428,5479.662084586981,1420.2658103572421,3411.4498973636246,3102.768634385891,3385.2257745263014,6332.449834338594,1952.1460539691082,4545.15825266774
4137.426813179018,4836.042367823637,4130.482365378313,3309.5755462950597,5991.626996882915,4195.568879287347,5847.895215107856,2701.7194694016694,5348.128545477646,1578.4908092445742
3744.8462646390303,3597.692504554693,4763.89248306766,3543.763704512898,3532.056933082846,4427.189574657231,3398.8517861408445,4809.860882244211,6898.13500911381,2218.2687553116334
4232.098283717205,1452.2528998443365,1346.342576959286,3310.2761262001595,3567.3884299445235,3374.1140943537025,5668.644885762502,401.6540566717065,2246.9325680195334,2347.974917853287
6834.151309549676,1608.8054788626184,5329.405892338438,1311.0575990204768,2140.7962696506256,1412.5789654089795,5315.06475261192,7336.168627753674,2876.207013399764,5922.665267716582
7519.412152513141,3524.291090205473,1879.6265816389273,5241.6235798736025,3403.1766604632808,4530.089284970204,3896.6931545380858,3460.392102219962,7316.6791966840265,3015.7833206764167
3853.52504845939,4069.3398382484174,5075.2367481293495,4120.897080365318,3583.423629556059,1238.4263115767167,3575.182295427391,3626.792526192976,5527.905305411067,3366.392050284501
4595.57023749633,3915.32087647305,3860.187788838852,3515.5865470846493,3739.3061538800566,4859.130531220153,6503.2594857536005,2641.128365150802,4420.9155786153815,2500.7676580887455
3607.617201817304,5826.072324683626,4986.573218110743,5641.704464802802,5058.726425447715,3847.3390304615214,3845.6351542319917,408.444639091442,3506.8772485731474,2337.3840126502496
6799.183592308578,1633.6983413207752,4905.117778637763,3185.676925135841,3603.297019420357,2639.03772468131,3548.534198678599,2689.05750571548,4701.58366873201,4536.5640823869035
2049.07628698715,1899.2378192974265,4777.511601284749,3923.234036023019,2222.3906967207818,2703.3296021355827,2747.1244222132686,4015.461253866275,7248.333449011992,1859.079664816003
2494.758392464526,3173.4469067204395,3956.4612241945183,1444.7664078799703,2002.0799549503727,4215.5945979699445,3574.1141141168882,2422.533548779962,3954.4240319636933,6058.549139386681
3999.402425196009,2812.667281444195,1968.9289098026866,3092.046841156608,3412.2119375958678,5229.388210171525,3184.7992546639457,3772.6253450282347,3829.284639303319,3477.1149976710403
4666.203080728301,4238.409652599545,1527.1445088985038,5187.6448767009115,3181.230273661828,5041.302628030589,5018.679127479743,6980.992366412573,5878.291023625354,2277.4918289349753
2187.356908764398,3602.382221062552,3894.9731057791746,4512.7216025626385,1779.002211299064,3675.721075092234,3143.2903906885576,416.1906291977501,3171.4985814080133,4221.758138268062
3636.4448971521497,3395.5321381460344,4622.389925445266,4219.98414073675,3379.9951241825916,3286.535020319246,2167.1195256306955,3698.068445965213,4205.511364767399,3196.175391676632
3679.525283660504,1520.035317499059,1873.734801259955,3706.0715561901434,2011.0028108850279,3247.7487693983935,1699.0859889324342,581.3685720676891,1283.7108963986873,1766.0355222684943
8699.685687760044,3474.600332967815,5045.617890469735,3831.302519848296,3565.2425046113867,3710.8484098138742,3747.5903025569482,3386.464931895458,6875.13836398786,3576.8861443363394
3728.201247572807,5436.890196905892,1395.2423306581368,3452.738262419245,3429.1164173071975,4515.821652943627,3268.4269453103293,3524.589241242595,3769.651715033604,3444.0934395583654
3788.9200964897736,1485.2305055942702,1349.732068561151,4275.903718231093,3439.168656110325,4084.1147101685656,3081.358629052926,2427.1714435256704,3815.89250815546,4798.01351000395
2610.0215077623266,4283.869896331656,2254.3000708876607,3953.723124704791,5114.353342759724,3569.025846448768,3216.3436449102696,2417.774441350347,4068.150999207112,2277.498893281896
3691.94503084552,3965.539332785421,3993.7854730586705,2895.0878218313856,3305.1676142753895,1523.0230493539057,2327.4002058801057,3018.3945031512712,3767.4658745958686,2202.5437796325405
3616.5100520245132,5915.3959745150505,3696.659603410205,3626.662533192557,3090.4675317578294,2733.6145029151185,3777.005376357302,3951.4029600295275,6545.376937825609,3707.9501723292788
3763.7640757710924,5433.375719447191,5295.979017459305,3518.0411728700356,3474.778464515789,2532.9359953191097,3330.802993673722,421.3250922753012,2934.5313007533646,2218.587317021516
1908.9728075044447,1511.9735105438067,4484.062886255422,2557.654278862242,3367.134652157735,4627.888455882189,2182.055429824389,3818.9201627351886,6850.377312758112,1331.2073486747263
4105.7272190511,4630.5978496821945,4822.467056694562,4028.598376483701,3749.948889118433,4531.107050028572,3449.9332741684966,372.33921152347625,6960.937373853159,3673.032801271987
1945.706439474928,3954.842902208453,5191.0461104205315,3542.8096155695757,2083.191225061714,1439.6576833342542,3176.0633116264103,2079.15155088934,3556.3687328375663,4893.944283996852
4233.882968070264,1615.9210540591066,1367.596933888558,5056.508031948872,3336.9341815666503,2312.254012167632,1794.789843505837,3737.589158729428,3959.740708311232,1946.1221927573713
1990.9105284031045,1676.732086742902,2046.3606926463146,4290.669248673741,1916.3492926732235,3537.241133255049,3058.4267168909832,510.3362417422571,7203.833139010991,4484.173601850681
5038.0532946060575,3433.005840308794,4161.926673142556,3288.5978150210003,1991.6138712976408,1461.693807813565,4879.974689230018,3445.65949071981,2100.0775500167993,5395.2760598968425
4236.823955569,5450.673145348315,3747.9203381375924,3629.2173466266795,1964.1803473187254,2861.8779939572823,1772.8252171700265,4177.162331976885,2263.5965075788276,3470.7371329755915
4095.4293860652115,4015.7306353776116,5394.866083313134,3884.112619606857,3550.4972485796443,3545.354188249599,2974.756450622729,298.1281241245602,1961.6347671906,3015.1137384357526
4217.640319063083,4222.833302089187,4328.810996218721,2603.4918492052198,2062.5552205288136,4530.639356652399,3639.1925932361237,3712.1807160148146,1990.9250788684822,6680.082113097364
3582.5689382470277,2863.8098217324277,4164.581208622934,4587.730613679889,2872.738622950331,1232.5330047607397,1461.8426360551641,4344.771553056853,3557.427691794099,2226.3667144821884
3707.2732613339203,5287.158895256423,1979.507768543368,3143.7219167010594,3120.4569689019304,3766.7815509300235,3147.3213859831094,3650.7104625356287,2810.7690748778587,3546.6063171535534
3805.2759998381,3640.8813355838793,3832.2014361580077,1273.520524795177,2248.5670626693855,3484.043478832773,2054.831120896953,6607.230011035961,2117.4159401276133,3208.0839431157356
3897.668650459467,1713.1400191182079,2201.7436925204847,3574.3783193822064,3163.586221042234,3345.0376813318253,1521.519436888198,712.5408903556711,4910.075671932464,3164.771404227214
2127.7563054303464,4056.8433746703668,1783.364414616763,3930.2731779106157,5531.2684949353725,3384.8150831672974,2042.3768662000057,3787.074997822175,4247.449262918202,6366.869805752549
4661.867558794954,3572.180409256383,5043.164327412338,4910.745283587457,3194.686434449228,1528.6796377445808,3636.8151005166674,4271.7515338738085,2710.49743124087,2272.5622995801955
3252.2321752221005,4909.427557916792,1997.3753022819585,3848.1619180564303,2549.3592352074675,5042.546065437524,5689.387550252995,3862.7736877089874,3670.0598358254138,4466.6787431668945
4174.268980837878,3830.3306554200435,1825.0235277903155,4407.325026552455,2580.8238766573345,4192.618244667635,3761.178441107778,2622.0517338333975,3744.8435525780787,6477.987548985677
9434.781102779543,1899.5758564192301,4859.852061072288,4206.33945348551,3649.9924890922352,3398.2063251847994,3580.5165882187375,3806.6302564715593,2280.3146546496887,7623.672384458058
4350.493774192377,4023.4917629542383,5206.484917452869,3282.7299207155743,3137.626099083091,2619.8766859653197,3330.780637693804,382.9671655600851,7288.659654620019,2351.7126534711297
4451.06976983128,5448.212008361048,4124.014840876763,1461.5512535401024,3425.0986323669595,1290.303008230262,2470.4009460414895,4480.257274424446,5367.640350488649,2359.2888855843594
4000.294648224224,3246.167943302884,4261.6202793079665,5607.566912700009,3198.1423726058847,2415.5281412374766,3496.5713111976816,3973.490517889345,2166.7090265657043,3354.478401092411
7383.80419647206,3958.054424994555,3526.8224474915623,4242.1561014744,3405.6167219650574,4549.392916419198,3345.961425078157,4338.455785258505,6933.657004737488,4074.3189584235547
4134.289069746982,3609.5262934596435,4016.9501319178166,1678.955886529782,3378.0161573486903,3819.215427174645,3159.223271804991,3807.2897548341734,6728.192880369826,4031.087844033158
4002.398847831303,3436.472928232787,5622.891155319769,1492.7520352509819,5700.35000446796,3533.696082159774,3383.613767636916,4161.426238257023,3618.9831829450477,1529.3717272397978
3518.213965543556,3266.578429538545,1172.8890581672924,3731.48307336638,5586.590937322066,2930.394978726174,3702.160437346013,2331.573905428162,1894.0210409329225,3226.3722712282756
2107.48403615214,4892.191763907965,1570.1701162126535,6208.404255770495,5244.091557391445,3738.049820408636,1928.3243176580058,4756.287356705209,2127.6566068768725,2327.4824161093
2420.492497504498,3601.4915887036186,4257.850272931344,5195.965120782237,3419.2469710143027,3746.6367817722435,3009.599405190016,7709.459971400849,4426.768256433972,3190.5062434281017
4744.879826865098,5406.67815994049,5141.784007897366,3543.5062889011824,3191.5038683120342,3408.077849691587,2371.0191342982166,4382.412846469748,4101.6450667150675,6878.772533830132
4170.525330954211,5526.7817902475745,2101.228198438289,5177.291938751192,3225.836186810613,4719.003060188446,2101.6498137179906,3733.122728260942,1898.2336513151135,2300.1238433367394
3512.048998776809,1869.2230836934505,4385.048036649438,3666.439749967735,3259.588758358217,3564.338910972127,3577.3414423651498,3698.8904503057747,3009.9173853248085,3345.5453949421694
4997.61437862779,1803.5271092243458,4339.720920821333,3724.546853457115,3535.399553699647,3525.1968857824927,3457.6247414144013,4633.574388844971,2220.0897877906755,7008.835289205796
3857.2576800832258,5258.634702694337,5137.803645583172,5322.67291707762,3252.5140528566785,2047.3798015975237,3000.307028847646,4523.947777031514,4100.775171460993,3543.285214701887
5136.815840251173,1774.8554936220057,5753.912883857509,3897.144560502938,6230.887885927705,3523.0491541869706,3454.909472975845,3904.425709850309,4401.139559174019,3605.4624917631636
7129.680149107502,3171.0524427379787,2399.1855668305275,3800.074744863669,2115.2910938411114,2618.403217783787,1292.9455846816068,2528.4530905607135,2588.528578116721,7509.460884776585
3637.2309158732523,4260.228977835856,4332.214077141147,5493.4914918231825,3292.9268028328283,4006.657574200724,6557.998846752802,7563.718859493283,7013.069637642735,3284.545248643197
3522.508351820473,4355.231392188478,5008.295195652647,3297.3558818841493,2801.2477025233093,3751.536648903292,2758.313079138389,4126.200301067145,3886.8962462308727,1033.484505749251
2222.985954131016,1843.6219498188518,4999.396836662267,3762.8381303994497,3508.603174852893,1414.2125419207468,2878.810370149645,4243.997655719788,5356.405899788222,2166.7575794961513
4779.031073472511,4782.864878136391,2103.977698117938,5257.226303262785,1994.3211681291266,2664.111417829474,3265.876453091268,4283.222957013692,1826.3728550995047,3483.7226520576646
5063.098827578186,3337.1542862517867,3978.7609363931783,4449.039970148504,3846.043864662548,5032.488845787136,3294.618034351103,7306.31339804104,7486.690907640555,3754.358557894432
4425.221014185974,3097.478660519171,1927.8459025762604,4279.100316931543,1848.218075943896,4289.176245673793,3760.341300656284,302.3004507791938,2244.4865072323023,3808.9791171975144
1677.4218327062358,2724.1347122317998,1927.686642401423,4418.554634298064,5863.32023255482,5006.302456275014,3418.986063169502,605.9015933640675,2842.889598503919,1411.3267434557636
2350.378904225433,1794.2860559192982,2373.763034990049,3551.1332417969793,2088.3771410877343,2238.4435833216894,3298.1266575714512,2485.8819477776337,4649.323824584378,3350.1229250820747
6804.164523737443,4153.553881161292,1080.8140125704651,2636.7003719598106,3591.897384926875,3963.0646424425445,2999.6299556719764,3632.5712667179973,3958.7942586108957,3977.7755444972613
4216.486399161469,1847.2440321838803,5169.2519647430545,4284.72052649225,3618.3389263057024,5194.740122193518,6005.515323025484,7572.596638371599,7053.991433855752,5978.9656192228485
4132.996332750419,3913.22623243986,5569.165291956595,5074.391157864233,3240.7051317964633,5495.860361879123,6182.953539732571,7300.9738247045825,4194.9452636720725,3381.5470646482136
4014.9512123873183,5340.92838030934,4158.3722778493475,5832.051714706669,3264.1585511743124,3568.9108844940774,3182.7902841253053,3000.3930253521203,3632.795096127205,3198.1786752591443
3704.8054575127235,1856.3069056706013,4617.700517768048,4765.552954002867,3829.240534768085,3845.066624665857,3532.821782830093,7480.1014579329985,2292.4260286707295,3141.5516452691527
6754.487314218963,3077.6659539272014,2021.2203318266816,3965.296465170584,6138.71007150482,4988.445756462973,2134.417230963925,3418.520207802856,4832.4520575364695,2419.7458688692927
3660.2220924955172,1827.8645870475834,4431.930574562319,1618.428753977494,3644.5587855716053,4108.905934304183,1687.9690610796122,6892.337588032149,1953.598387168574,6598.04920701357
4532.812037464444,3872.674537225542,4314.796941216943,4328.212858148772,2255.089867148034,2239.3508841982657,2517.3743355945703,303.6827809973957,6089.708983143743,3226.5868354378645
3511.466161151669,1772.4064505229373,2308.9705027893992,4582.548647767523,3214.7963827747426,4096.282271956054,5159.196091761746,7915.035993539258,3673.8495206996504,5366.823405986221
6746.344176782046,3184.9174323248963,5352.6699089095455,4453.629166830593,5286.703751881742,2658.7736242753444,3154.612267722169,4541.538698513408,1690.4785964240805,3005.2055403498034
3917.9039801223016,4781.9418246037885,1188.926760466655,1250.1097680518312,2856.642827196496,5393.875300108287,1489.5248897772137,6977.498525278257,4451.445900450881,3465.9473051386017
4413.830528232811,4111.937820025847,1486.4493628000073,3750.9234544165897,1933.9099985867454,3672.75860359001,3451.63760443021,7690.668187839457,3295.6796137859915,4038.725150113436
4598.01543989831,3541.131710084564,4397.17074590482,4509.543514148845,3542.3946884175766,3580.706761550765,3987.8232113503877,4502.878803059899,2525.927416758859,4902.016935433453
3668.5491982686463,1703.1916237996456,5884.880570207933,3605.4256479783344,1965.4715695102313,2462.4977784509274,3693.3658416415356,2867.615420017204,2215.196525569106,4476.795992598281
4275.499763843854,3611.37394036332,1012.8248800529415,3201.532711726715,3533.072631523326,3260.3934055257923,1830.5440041451284,3361.09788098883,3835.789696281776,4668.150715643347
7946.382081172592,4161.148218176961,1689.549891222943,4486.886835445018,3475.785564214241,4259.327855938368,3626.734694176689,3925.947082481678,5954.877155265885,4176.764572983435
3317.460277805801,1618.8717423881255,5134.910121454025,3730.0038803837933,2221.7684382526013,4916.346410153335,3286.792771425008,3869.365244719947,4215.5993016680295,3444.1357627290367
8327.65472654051,1710.9057344812436,5276.260758961907,3544.220370753422,4811.242671268816,3482.7200580311587,3628.416252486266,8002.842374645559,6492.104989185734,1533.7408395811929
1930.9466700892058,3105.017076644001,4995.019047649641,6022.250626829802,3525.4497066263216,2728.9262124211464,2776.8025297177687,2408.8148341925466,3231.053052356726,4410.606082056982
1875.1132535714555,3138.31838236456,5056.033840917951,3961.7403246571457,2309.344696528793,3871.055677323224,1732.4254663197876,2245.560558201052,2179.4775584493245,2106.2767243949083
1905.2661493843518,2039.5085535568498,3636.8522813961754,1386.9457128068702,3019.8461523412257,4352.509501892027,3487.4082315885644,4067.9028786626054,4142.883005752189,2223.724010057759
2276.2909520398953,1765.6820211869494,1703.5766552635473,3849.733286301296,2618.625292925534,4032.6288037228564,3657.1564217148366,5549.580086519828,2145.7018417101094,3380.6070669522887
3529.2841228470925,1600.4095515550414,2092.902900459291,2732.7554403799377,3288.781629262522,3042.0659106238636,5764.3662685367835,3458.529383665943,1766.3025494559015,3283.046086564256
2142.579667208255,5769.168396020354,4825.1507509219455,4990.885424831756,3592.1424727289136,2687.973430883423,3687.7984072704044,3576.630396629743,2059.706156798764,3352.538904957408
4575.632388652984,4313.344986666654,5375.933393734286,3941.139266055061,4981.680168779241,4024.5920794523927,1917.3713692102106,4084.3687526482877,1522.2569088436803,2321.5270086498376
3391.9787635934345,3236.8482074029816,3869.671138346477,2982.437762069162,3194.656800978221,1799.5324731661158,3234.772620091594,2564.865202492948,4046.186637259511,2182.0816944234293
7611.783463547881,3356.746371601837,4851.009068124958,4519.6340290817825,3490.392091147158,3466.581358716852,3493.966572679287,4455.769696482746,7644.801022933232,2178.294411353069
4038.5981777196184,4916.501346655306,3842.562647826694,4940.5775575704865,3355.1216088310575,3714.4724543162783,3568.7843723769824,7686.608844549248,3995.3172822285055,4565.506889050679
2230.2663722078432,5337.62666367434,4627.207439309448,3534.767930135545,3486.878129667767,4061.785096401033,3765.3042618830273,7955.1143383849285,1742.3113673318878,2494.210390294287
3715.4542348518307,2923.6995771768648,5463.64622321024,1455.2413248296093,5601.168002574353,1335.376139462856,2725.909141739494,4964.2169498087,2045.1625687544665,2297.356274272779
2282.5744268850476,3165.8614567117343,4872.232797963229,3798.31452820332,2173.127586717703,3918.1887663239468,2039.4594765521724,622.754818801574,3485.060856758086,2152.851540368325
4232.996650564811,4133.270657564367,5550.339377317137,3293.69700290126,3480.68726890264,3157.1845164630877,3500.933128591671,3697.0639181467404,3501.189287903802,6715.133017497015
2359.0442784893853,1761.4702326646188,4312.006521363762,3463.0204213292673,1958.0824419197247,3596.279959975838,5876.490712192521,5159.047976116783,6093.084410751862,3347.7713538061257
4065.4551869172687,3895.3513656983014,4659.591628441429,3552.0157484596793,1741.4764212737323,4506.485739048029,5636.741616515157,2721.563254215017,2190.3979973749865,3059.590597226899
3800.566528150961,4096.046754380766,5303.320488951205,4294.662968235101,2121.520555673832,2712.3018081459054,3411.8250679089774,2465.350034788844,6797.752174963016,3344.7742154205043
2138.776337059676,4274.282581095348,1120.5791125338978,5757.7857030410705,3301.977917199947,1485.768834263678,1758.848169968841,362.7310861437889,1918.2147107034043,3747.663284241118
2173.672331061674,3274.539420977947,3587.455427074322,3466.3587619121645,3303.7789027699546,4130.202120716095,2925.4975605380805,3946.4083488762217,1860.1165902840048,1131.865655149352
3749.0767167442577,4066.5112068460917,5082.785833892953,3763.951704352812,3487.082621477921,3218.8285460890293,3368.9216056203377,2383.018943290652,6840.905296015594,5301.173004739483
4414.561825178664,3615.6911849730323,1972.2712257073078,3670.646264825817,2166.5586212188737,3677.2482988247284,2031.6222719563857,2614.8398425586433,4180.371150886298,5371.97636060701
3798.7517671713817,1478.828811424749,1532.3060651181638,4252.078930737715,2014.221907256228,2589.3964620204633,3464.6386363095185,3813.4617150343242,3733.599976958204,3114.649411988634
4405.3721532440895,1826.3308730599501,4866.89788452673,3675.7561687033294,5248.3369939339345,4380.455314776285,2954.8574188032744,3673.6414649599865,1999.713712342813,2383.147609474955
7555.771040994354,3325.3667520269983,5243.978988023941,5339.153969700878,3483.0407983730092,2479.577556538918,5696.180233911193,2997.408020035328,4231.282288509695,3158.1637114762516
4046.6170915044067,3513.5318835428443,1143.101040329587,3921.26506422117,3092.9149087341484,3536.221544075083,1771.80204224392,239.87322687165647,4066.67779291197,3415.271935178987
4260.98903418736,5628.226557907345,2020.9027226508715,3320.2313083333593,3522.2075055346304,4166.137608849425,3280.0669492457737,3264.233265654326,5588.122980880288,3374.674601372116
3908.8138067393074,3216.1422521978197,4388.924550168754,3504.987452341868,2469.503548799001,2773.2063902930104,2192.915078703498,3653.8086579942583,7508.576722444818,3054.083901625495
4003.4377857286904,1567.9855048271343,3783.3217460565593,4269.785787311786,3349.577669879353,1377.2137184325743,3688.7879615282427,7435.604245247678,2859.0145848773554,3156.107780598175
4302.283770686378,4313.523797758013,4982.724305561705,1466.1020896012137,3528.909091874898,2818.3362701055366,1707.1660056926212,440.1109468232729,4107.4764510515115,3396.2214784584585
4109.866414715783,4146.564776830764,4391.607744120365,1574.5499666425735,2138.480351972558,3297.0546021408622,3264.121481026226,4186.321101274093,2072.384782493606,3413.063213532897
4588.455451033697,1427.562680417269,2246.9430578498745,3780.48031080402,2563.9181868940673,5337.642827588314,3952.5853637696787,3514.9756984844057,7663.0249357424145,4166.46020822261
3549.9676389091605,4311.9968266231,4293.778190270228,1399.5499654840985,3214.976118472221,3384.9654966855887,3393.4255034127614,3829.712207473105,2231.4673146052546,3033.857819657481
2181.614466068396,1809.030236728083,1567.2369542217746,4321.549574865784,3587.1784399046905,4178.457763465678,3474.741623964228,7855.99820224135,1955.1115524161683,3562.188652127964
3787.767243084073,5204.469560986691,4486.5482235194495,5324.261351949004,3389.248548812748,4821.136016498842,2009.0779110425967,4100.106101077337,1881.4896300677094,2833.8507436725727
4854.828771382521,4105.750607979648,4942.417652543598,3677.608578732507,2095.994105224792,4311.213632103567,3260.155806378627,591.3226808111317,2819.7146593271104,1955.6451226350514
4825.712627596846,1402.5816906458376,1448.5510161048417,4036.1266685808114,6115.313833152266,2623.7975549190173,2852.459650625856,2121.5126484231073,3432.504311742421,2085.259150377694
4486.190930161848,4028.393876804686,4328.85640118188,4239.699219563753,3366.9505745220763,3426.6274055804006,3197.1092169720287,3200.6933356178597,1676.7845802198392,3914.581687244488
3079.509488140306,5054.5392320503,5803.060604093105,4230.779588509619,3343.87837583746,5009.767663726603,3572.0456090237376,5053.121462783571,6052.541727149254,6929.659135681839
2155.9624708571723,1832.4984572707046,5104.760109370405,1545.0683896658916,2617.1190661143405,4738.753804093057,3196.2896907909717,3654.4490102633663,4130.728358027894,6181.580865837954
2068.270714899351,5648.8708975856625,1664.008823321931,4228.469005201525,3428.2108860440935,3887.3066481844608,1408.3402939384728,4368.606364986722,3451.212393636203,2403.608252443007
2147.48042153632,1897.625769920216,4325.519716827532,4761.714298912444,2136.420670011013,1557.6986423743358,2054.971071679556,6224.732188581856,3045.353737343813,2365.5662699973473
7079.23108215826,1604.8918959080693,2078.6120170182526,5105.767401271996,1811.827421596531,5298.426529609022,1859.2200387461617,3758.879028745677,3147.6940055156833,3895.4438936908114
4854.815600030348,5153.641087401819,5767.1563921278575,3546.68890574963,4924.22688814166,4433.487609652061,2058.4461434542336,325.05273750793907,4097.515847415716,4303.018221195453
3679.5792903512106,5142.475504010514,1313.5043001993101,1251.8371584323158,5661.639192771903,3379.6032162670044,3682.2098853850803,3421.957755885007,5572.82925235491,2260.7476945736516
7915.1348995342405,5435.284899051663,1230.5276315172657,1481.2223197535563,2608.863618775208,4729.085104102788,3010.8054216033097,3766.9441063125296,6523.808246716216,2906.4802031685686
2863.3480458878976,3273.577069600299,1293.7623314372968,2914.120835736847,3592.657472306045,4839.679488064348,2018.1126836175727,3766.7714260047414,3972.4369796235787,5599.338676812472
4606.128790740006,4054.5124490726503,4289.896116732437,3588.400324976572,3391.225629611987,3378.537749403541,3406.7245391267734,3966.8909030912578,3512.9889041772567,2387.005471894751
2748.5074476032887,5693.009176826936,4126.891501972483,6053.955337693505,3561.4738637273795,3679.7572987693775,3288.018528304222,3622.187817570254,4053.9157474849567,4140.439571184753
3583.5289022062243,1798.6470136114426,1485.0993321925225,3725.931774719072,2224.7470856898544,1411.0329308391376,3097.0101246288928,4378.336018957145,4115.335806002144,2233.521627641536
4030.03273572016,1937.0359061010768,4349.997267185638,3347.012578958208,3540.296011255946,3482.8603328035833,3346.4880914149853,3835.4765767804947,4082.7992503648543,4259.52310717384
7097.893913539035,4122.191409706851,2171.7276728910056,3335.632917822108,1918.2727179899907,3558.5695119419197,2690.578810623449,4105.003007110155,4144.344198671272,2117.3165966524643
2211.644317226618,1621.346742383232,3894.046363317365,1434.457503502518,2302.7519174822196,2953.8819832007175,1745.9619533396622,5878.078070657302,3279.524968488048,3258.949831256777
4865.189415968704,3610.331974252759,5499.644892668062,4301.0681662657435,2181.4692244481002,3741.937404562832,5170.148759332091,634.1412981851333,3132.6195864362735,3065.3273255179574
3735.458621055681,3247.633698018862,5555.868143195368,1696.9661152260405,3618.9423731843367,2667.5406684037425,2888.1102948979815,3516.577676595699,2050.4293972575692,3240.094811581173
7449.071264396704,1932.3399650396036,4991.349434847675,4913.254445977487,2019.1940665995205,2141.4811477001176,2033.7235229761047,2360.2476958736875,3174.414012706279,4366.9620683934845
3868.699450541805,2941.073290183268,4825.446274711884,5694.9897019546015,3408.0777258087246,2429.626903381091,3425.069526985853,4495.597766552148,1883.1478784721064,4260.993646830979
6907.434561396251,4111.446327331218,5415.8958124599085,6078.71595343644,3338.975466061016,1366.3837982423317,2093.8000093413984,498.81343864617963,3778.9582289794325,3560.3995236130786
4252.112684889111,3273.398825020453,1917.669392180837,3859.876180765408,3493.1541823579,3695.8545974723775,2811.70234325298,4171.36867260817,4146.535212993377,2429.3217051293814
3076.199234164098,3817.8194235996725,3723.2148087020487,3799.4729065227,1973.4844893220004,4348.899954479924,4862.966419519449,2511.6800270730196,1704.0960133406595,6250.842659214038
3489.1019507093956,1873.0062846944998,1375.226406998294,3778.4187483817254,3560.0490544051736,2714.107625839615,3398.145971394413,3840.9899002997076,3987.9188392983274,2432.2629240611705
1711.1864741658605,3289.79753805818,1376.1576486971262,3185.642438409897,3285.83975055031,1355.3824243382642,1811.5611379122702,4001.0491351081737,2252.361125423701,2329.86292422706
4354.431091470486,5602.223232317868,4347.0230831663375,4525.392605386861,3205.779649951017,2969.7712588709255,3656.924709950906,5342.031217792603,4073.7379511072168,3263.761678123673
2247.555553833564,1633.8762887883704,2001.5064344183047,3403.913397401379,3261.527678067221,3038.4791743315645,1008.6050093012625,3560.9754775685883,3978.4575482105643,2217.4309932693977
4370.1473930964385,4086.6435350246597,4205.290266818535,3333.3690832366774,3615.4904875372104,1335.2043723530574,3138.813422189836,2234.791271203772,4022.461100289779,4371.748370950449
4089.772602501311,5095.167030364738,4585.864998701063,3658.8338993719863,2634.3944375118135,3466.801050307959,3454.1292063014225,3584.7111450327957,3838.086956199949,3123.655691619285
4096.679527377059,3821.1116436475195,4487.2688869599115,1537.291368651489,2414.1857626204883,2836.5616909112236,6061.822274106656,4286.466152279708,4357.770878422025,3251.9984480779435
3646.330976252156,5084.699822750954,5363.628467543718,4745.872295601223,3408.5512710200956,3741.6052073431892,2059.189829545586,4290.732160462978,6699.1777880386435,3588.463742987942
4634.075075254328,3098.8629814175147,4175.041929986817,3473.51268475668,5182.351802709465,3369.5802699997257,3429.487444946328,4128.571774515956,4182.606484349405,2104.3000382189944
4488.785786714458,3460.1642561262415,1101.5359678741042,1749.4333154972744,3411.2229632390936,3404.067249627431,3108.595310764202,6055.504011967809,3201.238189134659,1696.863253575307
4558.881837999482,3379.135753719208,5519.250284982371,1182.29814947627,6076.243797446588,4333.922542116299,2924.01825914689,3823.9542514419745,2246.5967137706216,7057.513139282544
3241.4781222933343,1745.9716422226493,2113.6966039815743,3398.8985967433664,3512.0459534492447,4342.218273457007,3322.344500183334,3847.765959228661,2191.4616636282944,3266.7871986365917
3918.7926546703493,3599.081415110951,4033.010897367917,3543.7101366862325,2040.6837778882807,2921.6494073340878,1981.28308128231,3963.7517070359427,3780.2780445433154,2226.5919261991635
1960.4776356186212,3417.528725942854,4571.451486302777,4643.2915787104375,5944.377856412466,3865.4488825123553,3456.4546741628633,2465.500628681656,3935.1394621363434,2293.466922620049
6280.340861181079,4096.962780166477,5293.0524824402455,4120.865716095432,5455.49362286402,2441.3170356095816,5155.933482894545,4407.408665505251,2171.4856842272156,3164.4529336162436
3822.896830820471,4221.054454079211,5071.7537940207185,4244.902131764507,5261.372818978193,4844.669455653018,3437.7738628010497,3541.7074832750563,3994.7731220918445,3278.2356881591722
4398.911186175441,4363.142578803647,4038.6582150738545,4995.233608789661,2276.3714951339157,3353.9837156259946,2802.2755625260306,8412.903169729041,3668.5868324538756,6521.077526747982
1862.4456573281525,1936.5981573223703,2370.0275475626677,5068.475912189339,4367.627178365183,3235.2894220225776,2820.4941507291815,1877.1264800405759,5311.705876106812,3481.5199345622214
3888.550995488141,4259.336846605397,1396.9399628915962,3997.9861324957756,3320.525483948089,2307.5217157229786,2485.514167565034,7986.380874802462,2138.2750921031793,3332.8183437293774
4058.287694818937,3306.098661129982,4449.054770121671,3320.329498549881,3574.196753141514,3087.4372708044234,3474.125058077453,2779.125865029442,5027.140722480615,3417.937145235645
4467.321567802046,3196.8791360604546,4618.46079475621,1606.6752062257483,2447.3706547111897,3398.1553693404,3144.4443155398912,4787.18050997392,3446.7554384148098,7890.808957723035
3532.4026624813305,2865.2304860736936,2342.705869052079,4493.887283198416,3428.730306707429,1415.4833887095415,4020.4200953229215,2645.3875462451842,4776.973563848829,1165.5670030999381
4226.1854708814635,3055.451641011175,4593.912630673478,3969.6052947021153,3292.7478165044718,1426.7130193476273,3499.247435396333,3928.7285978108494,4161.5324861939725,3534.5769332190894
3563.838035384465,1833.8156203763028,4153.781867615322,3526.888170543904,3797.5601023237114,3751.4822574268514,2846.379924318314,7407.1652196096065,2093.787830512646,3548.9684773060276
4346.889564257566,3354.953658746225,4648.3113114711905,4094.992694296142,3513.1442087277096,1324.4953968922473,3577.279217134296,2368.671713987516,5974.900265285137,5903.405590126888
1880.04158116332,4326.0196029393655,2004.123065423278,6181.91921253353,3397.137301941893,4756.7938940326785,3758.46032624304,2779.3440858706954,4622.881758668679,2222.544670069327
4618.811808818718,2919.8732990063536,1348.5455910772084,4971.995158825011,3366.0844988105173,3026.9730280893605,3295.2882305194016,3863.6002507427916,4674.71451483553,2153.083110547042
5046.7433510900355,3191.045035160986,5511.022668651523,3835.4109061062427,3308.7402216147693,3114.216861184753,3217.1392411114866,3989.670334098718,3258.7477242259774,6702.790923316149
2347.402341187528,3024.884494948746,5006.205661097532,6251.745422641707,2160.640946015902,1454.3686470274176,2750.3408331581522,4094.5894550872636,2084.0166113266378,2776.6652814978884
3854.196451730134,4302.265512932481,4612.218670077714,3253.1664299811446,3498.9057593640764,3522.793660592477,3298.835767872451,575.613583466925,3533.479184666713,4314.604991198978
3487.2003926181233,5509.686080209358,2050.9987954127782,4461.593846301867,2659.8827417819734,2781.2229422541695,2115.487923358241,2160.897895541628,3224.0248293592454,4403.649015215194
2176.9636513702985,3477.5405217676725,5749.267288419897,4213.499247869146,3256.0025481457888,2710.9272184229603,6043.010779729011,6129.571254602985,3288.575624929064,4026.3038627253645
7362.614591336243,4388.099306876047,5358.3417828648335,4053.89584474377,3532.1652703898917,3674.9395841913743,3329.0787263238817,2228.2469615211294,2073.3048033223413,3391.94877833204
3500.2031251092967,3868.2180431421425,4735.634705353916,3147.9433281852444,1853.5334704155896,2092.116824010963,2719.9695178446636,3915.892814381553,3957.6327659561252,3608.5508656342054
3650.2420691746925,5908.814631166636,4830.974267281002,4227.231129089461,3804.6871058892093,2697.438370511918,3041.454871901219,3830.0099667280274,3322.604285530698,3428.632075892148
3316.430245521028,4077.9666397451674,3589.989159433637,4369.809013101013,3394.6370927920616,3644.333244009711,3433.3775250800772,3877.2483805976112,1455.017892854859,1929.5652903248888
4413.259979794428,3428.35180301361,4387.445816551649,3830.574546674511,2168.8896290482326,4847.345066264092,3570.1742810867313,4161.181224914025,2982.854243788599,3602.2620983870484
4085.225190942618,1725.4605826365755,4599.384656551333,1540.2171212223304,1988.0435662399907,3923.8554893060173,2157.667914947297,3713.2429044841924,1970.402729270425,2923.926689433923
3907.5892346723344,2954.5682254279463,5390.00972122976,3950.6580148547764,2920.6931876337085,2494.433440139514,5716.0202525831255,2274.4553358633434,5145.33705409842,3500.490753093423
3822.8561490487346,1603.9016170891487,5306.34710431606,3601.07026808133,3448.1652038649045,3830.9173962245623,3102.2600193826834,3796.7457186862403,3342.7798096981205,2418.891439978987
4597.052701436427,3524.476003080171,5627.352320479352,3457.0585681995435,3602.1057450440053,1306.9895940239155,3221.4827672150527,6206.311164712075,2033.2442158628119,2413.6852758891287
4402.943769711757,4006.4446856597106,5202.9395846312245,1307.9343779992425,6157.804762796868,4139.861203086621,3327.482978881393,3966.2420096066853,1967.0599379366258,1966.7203183712697
3965.250183778653,3530.5572762930387,4007.9680394923494,3351.4465712653,3563.686756547509,3818.2725514167787,1972.2777733901257,3839.341866711246,3470.175301205062,2159.731035012185
6173.683956320166,5684.068426393296,4232.423356231231,1500.9527935002632,2129.565239017172,2463.2800220601844,3081.020676276134,3791.9572181969224,2127.8616934106058,2457.1681579511305
3098.721089704195,4061.3067888733067,3958.276049506883,3580.7000333950227,2803.9058846423136,4677.136706546817,3789.3373533012254,2574.2493579879642,6718.801490635494,2622.2169645808385
3799.6099925222748,4115.379692699015,3601.6459324961697,1393.801752795394,3468.940076724157,3672.3710589343755,2694.6462733705075,2369.747268862441,4084.712442154413,4787.50153498199
3082.5111314359438,1530.678308733849,3894.261529166703,4770.008223634919,2088.384908804957,4879.065576316198,6103.675317058611,351.74463863794614,4037.5469413126953,2224.818892138414
5052.330368678113,1509.5161360113552,5258.895183906096,4295.461112391633,5367.2273047429535,3492.4540706428725,5878.120104678829,6806.216190170786,1907.5211459236255,6762.368618527942
4600.976514969697,1585.2576947908371,2020.192137203844,3529.468925661197,1950.9852221738763,4002.2607857246467,2120.6318882265014,492.16277507607055,4505.338680506376,5408.80952646912
2002.1506907285639,3959.585307493988,4834.700103296557,4444.090397368335,3636.0357861799293,3678.0377949945823,1578.879372963007,7510.181966650171,3578.366071898092,2219.856565943519
4735.129584357521,1393.6474564821283,4281.927892345702,4064.5829187437125,2319.2542789100353,1573.2342553390508,2597.8389950166443,415.8043219988596,2726.136934153601,2268.7369768042186
3891.561546069581,1465.6058972429653,4169.953528701737,1257.247350469835,6104.721100905426,3371.8116213762937,1132.267747183385,488.9847710380619,2109.0231199514283,2427.048067615357
4823.748380649626,3342.7043762399053,1168.949743867738,4597.8445693639,3245.3650986858456,1251.250971021832,2026.0494432151422,6148.464010403623,1959.2357150198955,2205.514430745318
3431.2618063555337,2966.5163591975297,4238.448957290826,4269.1455015560805,3314.2032741683565,4058.9202662238486,1377.050363051883,4057.289430992142,4040.5917508511657,4318.560965943067
4283.214273566548,1792.7069339600794,5008.928084530251,5583.673208174561,5109.015550153333,3699.5648207886593,3690.1838700485587,2566.638125426943,1989.5649522293625,5725.6237613459825
4778.616873954082,1810.9274136461709,4774.606728333557,3329.9410706812996,2211.2205709274594,2116.882631939022,1383.6170397837577,5760.4563589970985,7807.4795418233025,3641.3047562675265
4225.05124751365,3325.271914055774,4520.664483127623,3822.5439942082176,3493.661245649427,3796.8589944365212,3174.592859424925,8541.23442056213,3445.061586610346,1372.8841611132016
7051.144444832736,5397.825478536333,4480.954780719405,3506.62619999203,3366.748302966243,3481.128082282883,3416.9629970020637,2435.300717456931,3695.835538958152,2504.199505924363
2301.1742907710823,3205.687953559575,1331.9793129562727,5206.685839216354,3529.780467555345,3559.951087964584,2050.9943938050365,3721.4301595889783,3115.1446960577264,3376.333430503315
3910.975215555564,3734.57625900932,4238.341110550696,2836.0364791414486,3141.3796273593807,1287.8518338563463,1779.518129509117,4692.374470915602,3700.2714374823436,2368.8114733795674
2065.1950539467807,3005.1335348277053,5269.108482660462,3901.5335275849043,3523.729771238586,3317.3973801917577,5447.336159991241,4224.8593945019475,1758.6986342106147,3519.6824786654624
3846.6364415869693,3728.590342050187,4688.277555999887,4337.277820246953,3646.8123950686663,3509.717632575697,6052.240214373012,2309.796999172131,1880.0109064944231,2044.1345632904836
1968.9696212507527,1766.4616574710149,4294.411086405136,3862.7914699385574,2161.9664373649043,3703.018171946691,3839.4493071060087,3662.392578400182,2195.158905038733,4982.234185111971
4146.461797353444,4290.617896876199,1511.039445120523,3900.324591366638,2094.7030809369094,2584.1826604227126,5997.966128330892,530.2670988763387,6846.208178523175,2761.0034770838042
7171.036419800281,2935.556969728671,4426.127594564947,5267.714780268112,3397.453306742168,3506.677279126892,3483.172034601443,3678.8997268233106,2585.7616770458244,2343.343322738596
4228.261087073695,3006.2635461901964,4691.7064516097,6347.803046417703,6035.070152164278,3851.6226111408105,1869.8176157148578,7149.027457352331,7687.358001141038,3708.9111813183767
3795.3722423106747,3985.017588814018,1285.4064679407343,4034.2716405005685,3722.5256667596104,3391.1367747412787,3389.736578376086,3837.8792610718683,3426.4156689161964,3663.6918001078075
2299.9933601755556,1435.7603461646993,3959.3322183016526,4405.397782926945,3546.0546926884317,3556.203198157441,6749.922802927795,4432.708046495906,4749.432478136661,3361.1137135275158
4641.098233728344,4252.487042995517,4698.131897973116,6202.7685310228135,3100.968465712808,3807.171974668797,5831.838578405908,5224.6549500607725,6616.012409694161,3425.133282709362
3590.5638586943874,1872.9784689926075,5489.999138523743,4394.338369145363,3709.3585319553977,3658.9124746720936,2094.352581619739,4255.2649316157995,4120.090243372606,2109.0993068492203
3585.2905276102024,4043.8422510387163,5215.715573009967,3923.8897640528376,3639.6178334007436,4079.3345477289213,3305.187148485971,572.254122170807,3903.2271098635,4194.65240216696
3536.6883722257835,3222.4569686534724,4071.1907590527344,4292.355760582911,3230.138102074743,2371.690252374561,4697.065512859876,3532.119656088883,3266.9834685081896,3527.9471838127306
7688.681733350586,3051.4995649290563,1827.5734966644848,4896.120908140824,3397.1416783060195,1203.7054067217878,2038.0188342808797,3995.3925365025643,3644.7981518796196,3029.9093345234305
4340.458431886776,1344.2644285769816,1026.3277651296348,3943.2429074530564,2390.8214183997748,1299.7574596092295,2678.5555825053407,2760.2896327895833,4868.178319652701,6834.093411285856
3645.5871823989537,5293.984463033956,3887.355529705761,1527.7890652658464,2011.5907825504373,3159.6960312558003,2130.710436241771,3737.0333275720227,1884.2349957355648,3636.737050276088
3779.0944931897798,4064.40237715778,1387.3089110794622,4329.861033075714,1953.0188303330253,4123.020001715164,3482.610183014544,7672.212018140324,2577.1344940870354,3605.676341720118
4146.221476998339,4008.6185409313903,5126.4419823642775,4156.049019932473,3225.874585019488,1488.179841720326,2946.461297687871,2996.681672287388,4306.0090810381835,3761.0158823850243
4503.390031224781,3658.389108585795,3985.5085522206796,4952.347872182836,3715.6480706323878,5118.889171926658,3912.101657235249,384.73259650354026,8374.13250611254,2411.4685884013966
4162.965546113195,5848.807940491071,3952.508465050875,3233.506842490703,2169.6880217413254,4137.154163716237,3273.2445081296805,4102.112868328111,6233.923641039311,3799.4866234878705
4467.081762045969,3979.93232883332,4718.163677827362,3719.2426855310896,3688.224526850703,5179.595445982597,3206.3413641097054,4327.811239781571,8021.658562192229,4527.0061973896645
3397.6743764358603,1933.325331300195,1390.4968306299438,3606.833771279553,1895.3444059848857,2656.626302272398,2016.2801805326158,3196.8451489837116,3410.487022088165,3258.674982143334
8328.484244795485,3984.7903883141807,4788.574978314549,5254.944102918898,5065.843028444999,4115.057575493822,3298.654105828794,3560.9659480359924,7859.032229961567,6395.028538538856
3530.9051569747044,3898.6910322956833,4498.0980974542645,5132.776933086463,3336.8545084039774,3746.958749106355,1514.2452296185004,2525.2845399408593,3855.915898396039,3336.1546293086676
4759.911311803894,3390.0423321019193,4498.870001671093,3504.9201327744395,5683.952118870217,4092.216797228167,3580.2933777246967,534.6079840201317,2110.8700901790367,4432.19403903339
6572.7751257264035,3594.102421621668,1204.1706767416072,4372.463062844979,3517.4013409534036,2652.7424177371936,2057.837394349679,4912.076568645212,5565.9159005827905,3089.7679864178517
4622.312702117292,3124.237375318732,4697.080155215382,1604.4823838301343,3632.7525444296202,3083.5003257422986,2791.290768880388,7035.977152192778,3725.2293518590427,3446.060137659002
4297.121266394882,3872.2880518351635,4399.235190863937,4308.371436519921,3182.675330413876,4339.791854858242,3379.1462177590283,3336.4321904646276,3370.4176464819893,2463.854816277102
3499.2522171715864,5515.776649444633,1502.280949905666,6235.286481002238,3388.902666451614,4227.955170974388,3456.25269395717,3842.959579191576,2452.215402895161,2872.064906181199
2552.1761124144396,4053.6305094937816,5103.932269060566,4783.559956448162,3684.6974660015294,4081.4367278453524,4071.062350384731,5208.357187082449,2226.7248859699243,2931.500938790727
2176.4837689368123,3472.4540946391116,1273.6119922509001,3917.927081127863,5592.138974191802,3959.395865638119,3261.422558103076,3670.937186255526,4128.011221248136,2245.2539732602127
5149.813788460111,1590.6640980042232,4400.324703751373,3798.3057804629198,3684.706284655772,3370.846599508406,5511.378229722533,5083.799506673696,2143.056158810196,2028.3338204083748
4088.7958031565213,5297.016232107465,1179.8245577478126,4845.398459585489,3600.243519194398,3051.5906616025695,3479.5430097809367,347.1483287191841,1827.1814357056178,4635.7673647829
4070.4385819106737,3585.9071930948553,5849.572982193115,4631.322768837526,3174.185221184891,1253.2164861021774,2869.8453255313693,4608.3071579334965,7763.092440977631,3388.8415346144975
4371.000649203777,3041.721304373636,1572.0804904789914,6245.6108953737485,3425.859141083415,5533.174900081997,3671.2457993773633,4471.272381952987,3759.3225737516996,3467.785792417043
9098.121318401081,4324.496188759441,5371.506282088531,3032.1878671487852,2908.693464792352,2641.5482395808503,5782.897068382346,8245.774092177098,5178.679614062785,4011.793111389253
2264.3489135264554,1710.9462962804232,5116.907068834155,1497.8483803017684,6313.09494881992,3597.59137180692,2122.9989469684742,415.5254559582847,7128.320423446909,2223.365825968377
4522.992743954656,4823.602544745036,3561.6640950973115,4143.466514445975,3055.881521407673,4230.484569610326,3541.463452203593,3936.432078979025,4308.126249214411,4827.969173927532
4173.426262814857,3168.371657837848,4450.507200913487,4249.40287035433,3516.781081295304,4079.001864667949,2178.911964587761,2560.189254015983,3836.3750324966745,2392.5904543211923
3400.5980556526956,1732.9167840058785,4064.669001649243,3779.8038385478467,3544.7864850046003,2526.459430450651,2027.6564883026876,2170.9002721977968,3501.6668472007605,3769.672196544727
2702.794095369659,4364.981598635499,1278.2393364197922,4292.021740733721,3159.376494727565,2337.5409233857176,4250.801848646967,4019.754201388443,1915.7366354318958,2257.30751687549
4600.687415877033,4104.767999164305,1884.2268056061448,4305.878939838087,2235.5538109545305,1552.5836544584977,5410.811249072247,4150.181813106187,3848.718547402936,3908.640528488954
2056.2919120341776,4010.2497539557135,1833.0681679479233,6324.560481781939,2115.0188774069916,3023.2650250754705,1888.242715173615,2606.8658229878133,2135.4674886045705,3347.2926955713715
4758.3258513786495,5474.263582989779,4011.696314960599,4017.7811311015857,3511.0627018812393,3769.724378119682,3759.1391798226596,4803.515749800747,4406.386228173762,6976.01362159991
3917.2329905644533,1847.2399162566314,4891.408707455476,3793.929247907011,3085.948723048278,4310.840254732649,3692.063321024855,3587.9720541865254,2318.675236693881,3302.2827712481367
7508.013920305248,4021.9599010062175,1404.9994973683743,3653.2806081165145,3318.9749616849745,3389.6722560466746,1885.1798582695405,3571.5877073107067,2025.607014207025,2393.101852348963
2257.065100543274,3022.2604822602216,4170.947800308182,3727.9467843221646,3591.246005648988,1423.2181319166968,3764.285043245738,342.88017222743656,1465.7074938838332,3232.304424347205
3345.9650146413483,3953.7562524597215,1924.8447887421687,3608.2285381035426,6132.063941100534,1340.6378750432764,2318.543197180273,363.8288175352159,4427.532912703716,4114.538167092069
5298.659349892358,3854.8790173190264,1671.3468521438508,4514.007633463816,1958.070592440268,2694.894980774403,1911.862349336159,4368.404107948016,4215.343462556775,2694.914566611611
2098.1957379735786,5230.706356701356,1335.3070109907842,1318.817126295825,2492.2672047518786,3593.5031526936323,2022.8178994381433,2480.716933881279,4095.2534428614117,2251.342863268604
3868.3658177060906,4023.726008571951,5261.767199535026,4295.003098949894,2115.3092020226613,1516.6972560945255,3785.8741194014265,4720.330615817571,4343.672388945792,2414.0238570353245
3691.188790581022,5551.488350242875,1304.5391090883475,4000.402588981752,2845.8047729602317,3215.514620851496,3805.1915125026653,4624.7711464675795,3210.467936951955,3466.7723931838873
4016.083408686209,4110.327112242267,4653.156196916318,4148.545786830247,3418.6110418007434,2826.3904435557533,6201.676361095293,3689.5759577866897,7444.849632190348,2185.640723682967
4249.007457843344,2821.855450828213,1343.1330347840753,6287.482247916378,3784.6276499447613,2540.4256773704474,5307.235690173264,4892.79092225164,4257.287396642656,3067.9803405267576
3208.0496499037963,4401.321747989578,3860.174660701955,3398.875040050734,2339.229525611204,2643.451021072543,3439.767444193594,3953.2602266008203,6660.860768817829,2209.946223046899
3970.8583404430733,4139.512224328972,4743.534808797422,3976.025900861256,3239.7522160783474,1484.5992927233108,3641.2406082095436,471.5428661905126,6699.581475319355,4949.231457033956
5692.036943387833,3033.2592911297797,2321.2008641604452,5564.711595072123,3247.608853155911,2456.169672681066,1649.6924050076311,4001.8003989577946,4243.914159671205,3220.492570476902
4330.553414231302,5517.209006465389,4547.231827465461,3389.521589539086,1905.252465434454,3573.1086218933706,6381.843184958509,2360.6845235299356,3182.4156854876283,1640.7466311446142
4041.185252334432,3032.526149156916,4882.393608167811,4311.449722432051,3273.2693654494924,2226.4466775637784,3817.635440874929,2541.741340043326,6731.107325819839,3355.8516766039315
2024.05363289157,4762.759270953604,3813.3255790428675,4165.616759929406,3758.1732482103534,3064.3055968640087,2699.5184176361286,2967.0172941623214,4300.426137546214,1546.6509287734536
3896.5232712905313,3923.564410956664,1519.0465114273422,3664.991599632722,3360.5998165790757,5267.224984837061,3915.7250787840812,6489.430265584448,7535.724554012786,2357.768185878368
7854.174613286772,2976.602123922151,3762.37829983174,5487.906490916148,3376.6842205743446,4060.5295185978443,5909.428086553274,4123.208982490229,1830.382881986412,2209.5631882009275
3879.5980353687255,2835.672894084751,4423.9160877441645,3298.684408981214,3052.500990825569,5382.61441782666,2211.103540805583,6577.466246903814,3165.7321323763645,1370.0324255092698
4531.02226142192,4546.458610557546,4824.287817223738,1474.9388096004777,5358.358633802704,4152.868285752191,2130.8722601325976,348.9682697144729,4136.669659470797,3629.4057829500107
4587.262386834666,3122.430265084916,4541.682742374762,4227.57379019822,2667.282805893001,1491.6487172854577,2014.421841112217,4151.991334914339,3097.304086399352,3676.438012685888
4200.918877268372,1618.9977760636448,4476.567622289379,1280.6037643774632,3032.4881461504956,4941.174749294389,2647.6336753899814,2538.1482410862563,2190.610973442647,3180.886299192038
2105.696038338754,3912.4657851047887,4093.3308034415777,3607.8119415205683,2129.459113199072,3518.532710378636,4863.883430779821,4104.7111613956795,2903.259585061038,3206.4220560858357
8962.447891568241,3540.801576566429,2055.782490746104,3929.1714758885605,5889.422612147138,3516.3696532325766,5284.265762111006,2719.391233149587,6359.221739379002,3441.5595822283412
3950.690745047382,1601.6089128396181,5009.2558538306785,4203.772222417067,3612.3526693396725,1427.8679357425654,3250.8387461968587,6512.510992649113,4278.771692517052,1580.322959575618
2932.6398474605726,3037.105997568646,3908.1663833466837,3699.377655633566,2209.531809832254,3255.9540366347464,2977.621587404574,3205.4668407352183,3831.1132771560506,3591.7719287061227
5128.735240859909,2971.1896912675056,4203.855416926646,4512.751427584346,3078.8577201959915,3690.758279764534,1957.5314816243329,3599.358241048048,4464.198383806199,3479.6475728373944
2249.9343067537925,1949.5290066342845,1439.125396307115,1513.1248769056351,3106.9601341047764,4479.098819555,3134.1434966036677,508.2120501234316,4666.993815305012,3777.9425437823597
4439.429541377842,4423.7634243428665,4234.4957488319205,3788.853022897927,3267.830640622284,3167.125791483306,3744.898975935383,3538.777782074527,2335.8364337863723,1568.8767561833497
4624.570113247209,3301.2695039113464,5270.03643785054,3866.671879401718,6095.032360643813,2909.520701679803,6161.709635006215,4199.455041031753,2881.330534655085,3622.2953293100763
8028.944737649097,4551.3519603756395,5642.999790908718,3021.115875796451,2290.2923205089,5121.042989621035,2056.791429389433,4587.57940836495,2212.252166262036,3493.3673466533414
4400.051485877425,4954.385852832741,3884.587485947922,4859.017724173817,2263.498594206797,3754.5689940405437,1519.2778441430817,2525.5703279204363,6549.387855362977,1582.962360160133
4012.588813518826,3215.8581616679467,4133.382999192971,4068.982235538102,2338.0903534215986,3518.3076966357103,2277.1003649822255,3921.285944666174,3698.8758238557884,2122.3310350727734
3954.144241587584,2984.88239966981,4545.5746115578595,4981.387317922816,3657.7300781297695,2945.0781119821413,3301.5554751096115,4670.3796392635395,6045.183270112765,2552.7271193401252
1964.6151984378532,1896.1008852603911,4014.0654444069223,3974.1230421275764,3560.084237896383,5570.357701328468,1698.6916563889588,558.0761159883981,3361.4038754410103,3127.559308378981
1779.9014902310887,4238.658432138547,3912.6304413455105,4217.4882795234025,3260.9042364786847,1396.968346341278,3218.867142947043,2301.71295203968,4535.677400739822,6219.791130606949
3230.1182421123567,4238.45278067877,2310.0042295392745,5625.918546875219,2233.41600653761,3592.420197714909,3010.8484100952305,440.18586170734375,3016.5584659637516,3440.3354119464107
1823.7259223381552,3260.4926049498263,5335.135752082298,5170.094368176706,3469.6316084479795,5441.525300185149,3454.180030648119,3993.734662944738,2296.7026769078825,3940.4026402378877
3583.0864254057137,1452.4478753012763,5008.484920206858,3846.842940425726,3094.366894952567,3332.735126126886,2477.7964117699726,3523.640118000786,4306.003726102228,3534.1108293867055
3540.659841953913,3942.2466130486982,4399.217097207893,1607.530072416233,5716.667565476655,1347.44196279085,3188.1446377908023,4968.193384142895,4953.662361212747,2314.7541084803297
3454.518328933307,3434.9222850648875,4870.837790741415,4155.286782745921,5481.2637153851765,3611.9699634395347,3539.039454827014,5130.288312791646,4497.9985838180055,2255.0143057171895
4659.802237210829,3777.26598030323,5304.155317300831,1569.3073202748733,3515.8734109112415,4269.36010195493,4877.156065528438,3580.423370117263,4148.037272528965,3651.3466070460954
4809.766096372064,3469.2206067117286,4686.56965885681,5792.649908667909,3537.927300683951,3419.7019748888097,3644.682404408949,4097.296622230895,4257.540569267128,2855.381026029241
4364.177512731869,4185.0351926073035,4261.855895546201,1441.7317232470032,5440.340379415469,4474.936368845784,1687.10604615084,4436.823695773208,3363.4437427132457,3138.9464328968866
4858.521944177691,5365.416366343681,1327.118765534577,3669.771934511752,3267.257029372552,1427.352190435541,3050.986743708797,6888.754730002178,5659.785894863429,2408.908877174112
4149.560417346323,6062.597980142882,1539.4832052157972,3506.212233345087,3630.7182186011437,3713.168836653961,1771.6944429776745,2105.0904978842445,4347.248358809295,4761.4221307090465
3810.5047090045355,3468.831834537278,4746.806658361663,3799.1504566467897,5725.888167031634,3512.360350979422,5643.709165839145,3961.0248717868717,5392.180446988825,3959.8360816736613
4885.754232452078,3374.1343824380515,5310.925293639141,3834.2925899023185,3725.369299792983,1276.3903163142159,3471.509000832523,3568.172789909031,2886.2390944956746,6990.078791097118
3686.765026318183,1654.3776892225937,4610.380859465824,5315.779366196871,3464.5916020569202,5296.474938109068,1988.188639539886,4709.240598324372,3370.8784124037084,2846.979661141761
6669.530819605201,4591.200583529282,5694.7197165990065,4163.024529897513,2665.1619805507576,2439.6481282476702,3327.706007164807,2467.0437702991167,2063.531419119323,4157.435304681147
1886.5951580700773,1845.8028601734259,5175.537804506781,2782.2053895137756,3739.2471744471177,3468.2573698695933,3226.4561240315206,3804.181658671422,6171.896897073915,2191.110172039394
1856.3763513923627,1630.4842004548595,5343.739607551046,3422.1864170866575,3415.514967481757,4126.763287345697,6431.671838525295,354.5735985873641,4979.078475910979,3317.2685017707504
2187.3053227483406,4739.344403537172,1280.9942569322577,1451.5476272286878,1976.9832027438506,4880.877820196517,2843.1029539364536,8290.779767065756,7135.7215410065655,1693.0875134601545
4352.145370406091,1520.0002325385576,2209.22397436544,4338.154520361472,3429.5113263200265,3318.230407198656,1735.1755960814082,538.3935176465357,3124.822690532441,2234.2633686412682
7427.099665489271,2991.512642902494,5926.7950473634,3980.595331730814,2306.3016795111744,2644.324977197158,3620.1649405399835,3471.5181992395346,4152.883293438737,2285.232242638943
4279.420651513845,4759.634419019725,4881.013554099331,5385.578844054808,2446.6570190244347,4322.554088130085,1737.3718657387876,4233.875461451694,3328.406614138523,6139.738788746812
3653.6703981732503,1701.4952642997541,4000.862124042793,3993.7278150589445,4975.356600919598,1380.9019972954734,3372.784162979992,4009.128608200967,4018.399134758451,7033.434425843861
3380.0606108750553,1631.221117397236,3550.5355411432,4388.048040121443,5064.059842017173,4015.8555680282952,1702.3498750470199,5666.452932742312,3283.3965435900395,3505.5525755633266
4398.61005231735,3610.4508578331315,1307.7515889345325,3423.7742921993813,2218.9059602423413,5497.65810925805,3162.3342216674437,491.6936582663507,2731.3552902643105,2500.6281606573457
2273.9850654023808,3513.9726059059067,3969.236505875555,1481.0644654509133,2023.716312824144,1639.0472008393156,3385.7526056652378,4905.113533521064,1639.8589360474812,2166.5787480682407
4477.281599379467,3569.6057524852035,3564.799007460279,4346.658838400641,3459.7590501122886,3979.2018574250324,1938.9883433086188,5762.88386990725,3764.724011175586,7406.574229544449
4108.1586582887285,1657.9254857393707,3861.1270361542515,3189.865712906869,1939.2468408636355,5247.355717616085,1929.527396314284,3800.7765461048675,2124.3602083882274,1844.5393021480586
4746.965623241871,3814.3816291959674,1242.7073520123022,4646.245916492707,3682.3278965590107,4234.0264630926395,2042.907370581001,4419.310592153903,3988.169640542202,4096.161516802833
2511.2824781217523,1751.2875614224813,4707.67064422311,4112.110302370632,3449.6636884140908,3500.2151408216237,3101.8981663940604,4009.8725482471114,4259.21321169678,2141.002172068765
2385.4680766792167,3248.230986714866,5328.129880491617,3396.1625394559314,2290.3954282967416,3658.2632344671465,2812.1471876443084,5232.174816345384,4086.2116335114015,2932.0280782990317
3691.652251836204,5178.136848507244,2227.126783549377,5114.380408110041,5330.441949297699,4286.7404323651945,5055.804079802741,4593.287854562335,3065.1162160448453,3128.13160531075
3541.742253734884,2706.7633013748095,2206.889807258626,3567.265498211559,2854.4542564717,3923.9757071701097,3549.4550718587143,506.9831933934137,2152.221605927189,1179.1634736004225
7612.060966650006,4109.18369942019,3976.1243380823867,4284.560932283643,5373.445361489863,3617.407755815637,6211.218735004077,3865.0816414072533,4086.444763936098,4431.915942059652
3869.063704500566,4200.447013048488,1187.4671820590029,1450.6409094861383,6145.870629361971,4413.493536718916,2138.836431106399,3460.9100117500384,6981.19711861904,3475.2368275108615
4697.162617931665,1560.284372593555,4711.214322536328,3505.579255996773,3216.2441553246827,3033.9785390770967,3130.0513500699085,3795.8680993102635,3070.28224908567,2227.440045037162
2315.8644645765535,3244.976563241761,4021.686749316207,4167.000973530252,4972.119792267681,1356.575183297,2006.135008553072,2047.353869261495,3036.0514023535925,5520.853438891283
5843.728696739908,3086.8982610723806,5554.485382428148,6052.924461381152,3718.2590698505965,3253.4082970800564,3230.9599125644645,4339.954444724533,3582.117989834429,3422.2809279218063
7683.64712916604,4752.6877199945475,4698.138769744245,1561.4116484544256,1728.09680521278,3739.317754130727,2833.1559045301005,531.5826275604308,4059.872655747784,3270.9580234365176
3529.9398523812015,1550.4668903158797,2070.1834309732685,4080.942144095351,3605.922992153323,3523.0334221231565,5387.4744338270375,4130.593299261019,1890.8513755584959,2411.478584236449
5089.495454812797,1575.6284829918409,5053.581504787486,3114.6011730631953,3283.3333539680734,3511.1583697175724,1821.2761636311557,3401.008990569856,2167.545062904848,4463.03064532492
4037.778234521728,5439.302503540179,1466.8915791762856,3599.3715143376926,2973.5352751313385,4945.603068057236,1907.3344533528982,429.7592110573416,4099.635063320204,2260.2606197445084
3962.0563874253157,3185.8534280609874,5757.924028677772,2916.0166776392625,3125.6923141177044,2685.2732572428413,1736.5952182610051,3777.4921055271498,1957.0139916524179,4407.147194330283
2662.83407864473,5634.43513382899,3956.6155568461204,3516.327569392275,3746.613825609253,2819.4308807558164,3011.983266295242,2531.4875007647415,6490.608695496143,1614.7933254750085
2172.25785574979,4154.579529056248,1384.9457938934438,4018.07891913742,2776.7857693536275,2871.816072790719,3452.492844969981,645.9013317474352,4223.764310726241,5878.429425421107
2349.475610727564,2821.0368437762445,4143.400161610606,2717.183522441901,3395.872512364793,2579.5903650335586,1659.4542962061014,5870.039326434634,4166.140760882313,1862.1235048924875
1962.6627546727973,3599.3043266817085,2032.9107901407745,3277.4839262724263,5608.767720049111,3240.671183448714,5859.076696262158,4124.24684981753,3948.479313226134,3006.563527829887
2146.698226832166,4012.64004906109,4456.28325341604,3817.0691765061124,2063.2957758879393,4182.543985782005,1619.8659387861373,391.14508224021404,8027.616124961485,2195.295438675242
6954.550932407636,3116.554496888875,5362.853337148406,4290.814871075983,4623.938954963482,3240.4226870529947,3347.2376585094594,2189.5313222849895,3571.9341860662403,3084.003232847892
3490.0496257143777,3923.675195283884,1401.6790410344038,3164.363971933057,2170.9552481184824,3919.3121912471106,1843.467063420412,330.98369349528207,2237.521236741617,4461.055092433713
2054.8610832099803,4420.248614934571,4331.2518435305155,3325.5679524361685,5647.010976510125,1194.4558901931453,3258.446937762976,2455.6085227419403,1972.0943969617665,1640.782291769595
4490.358321005235,1897.0484779305843,4809.897743628141,1363.8513490873968,2779.063330056036,1265.0195530227393,1872.745605737196,4107.418147002458,2236.0598618039053,3135.3220273197953
3655.3050418142116,4275.83207961185,4134.892142749937,2965.4075119665386,3397.4986372664953,4170.091987188585,1392.822789231082,7034.036065322476,3817.5288542300505,3395.6378919851654
2753.28241575917,3449.7918416625703,3626.391567821377,3705.8427030846315,2933.7961588689914,3723.1996653093784,3619.021218746383,5054.869077928375,3031.0087256392135,4330.538271965492
4754.043075647793,4901.930718114212,1376.3372565341324,4489.762968359091,2381.56100352318,3246.9455398146874,3586.9133582041513,6808.162318451036,7151.011956093251,4053.232164804542
4494.033216266849,4124.7330022519955,3704.9006662135976,3608.0080119772283,3550.751197726404,1267.2729484210577,3198.424004137507,4153.703812334032,3985.6480293845134,3811.8908903978568
4178.913249317451,5638.7006686216255,1353.8109905499111,1505.215626220444,3319.04888523797,3854.7269547279207,3168.6048203430655,3817.685907963668,5143.697711388796,3304.4325662985293
7451.215183572524,1654.6636133945515,1272.9306233797017,4610.2213055926895,2040.1633408343896,4334.199849791719,1893.000260521054,4085.6226692779555,4745.461564074227,2357.2898845670165
4852.324491689564,3989.3176139295742,5159.302152456421,1342.0203947006805,2088.9916813145983,3982.8906596823917,3011.680540304619,603.5447380748042,1660.448426273752,3257.1047710875473
2783.8636218541387,4107.517043698783,4240.571093004184,4268.709360305054,3013.288974700954,4023.3405838714216,5456.2409769897085,3517.928571373795,3543.126271066817,3207.1199162583653
2144.407907082322,1877.079924110296,4348.634448293754,3501.248046878445,2931.8414939319837,1689.9797398900882,1742.415118689479,2737.393120108173,3435.8872828849294,2399.800005885245
4226.665054866054,3662.978585825202,3946.562949095473,4347.059611960283,6146.507196867918,3218.601162755234,2523.2606010941336,2419.9174054133155,1637.3568186981277,2295.9190953218936
1790.4596903924223,5264.188719360555,4717.519924940714,4628.947531844222,3479.642209282235,2609.3992679064036,2751.2550691115375,5105.167183731592,2565.047847409468,1526.6388889600205
2224.9954902846303,1917.9984812419855,2016.778684653903,3108.176220812028,1886.3440605828707,4015.0404544878966,3547.94667916337,3760.510957685906,5243.24040393003,2775.384498111642
7712.3878097310635,4159.05020756007,4350.972487921805,5433.649719924799,3325.2072797229985,3745.7262733347798,2019.978092059533,3747.325594852831,3321.094303965663,2474.977570666969
2949.4843714162707,1603.8111330755942,5190.65730383657,1667.1215773849046,3126.342096658892,3628.0330283791272,3100.191861995607,4070.336250510707,2062.3065351586324,4822.857896486763
2883.669265321638,3618.182163560975,2094.595308287811,5967.509792444429,3405.9841204795084,4618.740122405251,1731.9450903230554,7308.583472920525,3091.8852779339436,3268.323454768758
4084.4381558143796,5578.650524745046,4442.867735546552,4178.154734670725,5242.2482733897305,1365.9351719062945,2757.4007634605155,4083.0298712658573,3407.4643679477786,3915.6356906445217
4865.544282171847,1781.7220552199303,4498.964742325333,4474.764789407479,2189.0878707659576,3258.9108934836304,5097.277317008966,3936.93110906088,2243.3046264601317,3723.324845066958
3791.373437217584,3901.8667893803877,4446.481869529292,3953.5234041060685,2021.4133083575098,4085.5439799860133,1481.1240575081015,339.11169121083077,1951.0516202460797,6433.205353087263
5076.525818403265,4756.332725187654,4756.562084456513,2809.7746527754834,2269.9455026458345,3475.9095493941204,2025.7648681790083,4830.815823762332,2331.9001146384526,2398.888496793288
8593.14942197227,1681.2815804574193,5587.232132898367,4865.650074082246,6023.850382447481,3522.72189244059,2793.735602483457,4698.541382676429,6413.033088226041,4587.552415192753
3295.0156150156363,3831.550728032427,4451.423948932129,2927.8804906440555,3198.4501140970206,3272.95592597127,2730.742109052054,3939.0044296574624,4451.791253631135,3891.1924975279594
3941.898731182705,3185.230101261277,5186.1578281323655,4378.225990800046,3234.369429782958,3103.6884948675315,3554.6366559379044,6583.786734575886,5490.2551447747055,3226.0810301727115
4950.2613019307355,4076.019651508794,4209.639876876348,3103.7481903434063,1845.2163974724585,3727.6911477891817,2961.811178768325,2690.9032940475586,4233.6122493279145,1730.2665438502725
4796.050991018326,3778.940101089596,5330.184507055152,4891.92175221869,2153.9457780102584,1373.2940749922532,2652.1216923123993,4046.14829680735,4310.143302975073,2490.762882317087
4797.834717399841,1589.1795095998843,4787.920680393579,4368.620621409544,5119.988511387072,3227.1890489889624,1819.2809922770157,5697.572404029645,3185.37997254217,2202.3907045251945
4293.186906709945,5450.209983637159,4249.778445033368,2636.4568626118335,2559.2848937283666,3139.512271988718,3561.0575108699786,452.8601532112064,3948.3187468246515,3521.352181161951
4278.373583224457,2727.801956862395,5250.026700349303,1445.4367274429633,3497.3079399137496,3736.107600086186,2104.3660696135576,2124.1663592113464,6296.064974759492,1699.3016345310239
5087.749057447571,4175.674229520752,4764.282554875161,1518.6131474154295,5190.492106613426,2795.510261952606,3232.7001875021756,360.68093491622403,4032.57269902759,2389.121233168961
5100.460324000782,3225.9213595208403,5020.297099085194,1715.9351322308612,3520.863862194966,4031.441164489141,2273.4003880760206,2616.5097488953493,3878.440168219592,2911.406791962883
3358.4384094076404,5209.940667782745,4667.621980794624,4193.535618500475,3902.471592108415,5717.015725408967,6323.321062080335,490.6442183112184,4281.408505257473,2995.362036255918
5977.403353474596,3297.833652022594,1961.16961350349,3935.5612184957727,2892.721739753058,5050.08207168637,1833.6367756889188,4217.381441589834,6775.540262567425,1967.9084343862544
3578.688642129633,3498.6182608723057,3731.6137667280755,3687.455111394358,3523.9386902106266,3331.5995961894555,3624.2038282032318,2255.513452848845,4411.2881788234645,2139.888441680454
2436.8897295877273,3777.567641260808,5156.856476522673,6250.346959040997,3582.2511596636778,3990.2402887508224,3850.589352803398,4014.9681044588297,3751.468279940169,3070.37871954331
3854.7753270475982,4896.7782439041985,5850.036770022267,4284.138493582687,2007.736589890968,5461.460345281193,3387.7193952233374,4035.942400141692,6603.750063392656,3566.034205673034
6695.467887991148,3039.7607727642558,1333.4149459295882,1316.872775223622,3410.010442928334,4347.894818991425,3046.023028683577,476.42258465416904,3616.471705923684,3123.6500298201872
3389.454831389434,3037.2879996797183,5376.27117701411,5212.737001411,5510.818107401281,1299.0140060111403,3594.117637757092,2131.2561867602803,3507.1586911349386,3499.6234514465577
5069.63117166391,1834.4269019587,1634.0042718062527,4227.240893532587,6072.769029630746,3708.4085171262877,5141.646999338957,549.5913009148351,4271.0122182241585,4243.407523423726
3481.7994379462702,5610.019957338825,1297.2365031129425,2868.6056658912175,2026.7936399556631,2914.0333966384064,3289.7900860937466,7538.6878269801255,2974.146264297745,3378.836473167532
4305.470886836805,4442.372491398988,4800.021752339374,4142.890687140888,1961.1851996668634,1499.2370262240042,2055.5016144641727,3740.4917076174806,3774.8846728301473,3306.564978632394
4386.742870656115,4098.284114841166,5572.596765245715,5050.461389458789,3506.84010278608,3631.643597323976,3519.7793162090893,4438.721539559618,6383.137311502361,1904.7724979749698
2103.821097801675,4276.867598132634,4603.757343901576,3236.4768581447174,2504.7680252403015,3663.063002370654,2325.4209768705978,3423.128958103539,6140.108318497099,2426.920538952513
1826.8262998650318,3886.8737733829503,4170.598403643038,4326.038784800866,1985.8763173702455,1617.3819282619568,3192.458520352716,6747.241344477087,3153.5326140347943,2186.8170099713957
6680.26055182516,4103.684461751188,4575.88989137058,3186.4045733566604,2375.7275093370095,3459.696468265719,3482.000283983278,2198.001499291152,3246.8530410535595,3367.5781881832695
3947.871541765896,2947.5513798627876,5569.81669499323,4211.411533768196,3553.6303151038455,3442.886849863396,2042.2023451562418,3497.2107435636963,4339.427193007188,3401.5177200130724
5878.722751850279,5267.286758198823,4792.887445578108,3765.0016114129367,3317.959661742052,3432.8256278516233,2561.079047786312,2122.3915720903033,2088.7845147963494,5213.2729558949395
4259.474458047895,3031.7956533328024,2152.6966352106206,1721.907806838985,4866.681613483208,3414.001439207699,5284.279714158808,563.7174691067747,4939.6492178553235,5840.091712718631
4108.464918200939,1897.8597803000978,3767.997343994353,4671.32512151826,3640.9782750818777,3874.17243602285,2903.9021040176194,400.3375077460026,4348.848308356464,4310.098823785755
4324.439194987537,2826.637914243598,3912.793534415472,5257.082158776206,3690.2823243190855,1328.743296498458,3678.5311727289945,8233.116120079416,4575.225875950693,3444.165305951243
3892.1205810331353,3317.271865460812,5204.419665360707,4073.4820174680967,3038.835144560409,4386.229556798303,1883.2566465008301,4000.7367945702817,2971.154649569465,2235.2720872291106
3780.8156743933305,3952.5768625200094,1071.2300147323658,4276.878028359541,3484.2108330147867,3104.346909344452,3541.8109132585805,3923.5456020349156,1910.3806994801423,2043.5830690751204
5030.417628923498,5646.072889294203,1243.871626169114,4086.303538057156,3427.0962750364256,4902.795132306115,3485.527715934034,3781.0883562985246,3977.325754312443,2693.8075442293953
7949.035476103572,2998.452485539008,5968.02282502715,1437.0616340914912,2085.6854044286465,3557.0806936103345,3273.6097848147933,3822.5032268658547,4241.157917767034,3622.492827292056
4135.124268217007,3297.11275044402,1141.4351076154776,4392.76660421019,2065.7970303094116,1403.3983437618404,3431.246754759307,3647.9430180920012,1920.228845759117,3216.8832145037645
3240.161903534813,3022.0756080498973,4543.447451874124,4509.308036014958,3715.888845634123,3483.9925780881276,2563.0934370294553,3887.9109938633164,6393.896875296836,6496.880959625134
3692.7116687296007,1855.0340883618146,5362.0529046347565,4713.318606061497,3324.3415993764916,3155.873780960237,2368.31400381173,3878.4528089602472,8144.3753537304565,3580.6692453019946
3906.686719846055,3119.495109072533,1504.307737924099,2966.808831574839,5560.336660625518,2833.4813755403156,3797.8482285677005,437.7394194879723,3466.2564478356016,2349.37939785253
2996.259387047754,1523.9529831878956,4794.690890354651,1623.9136845245894,3306.335000443755,1431.7610972231273,3190.9341047471235,3681.241970571596,3766.3553201885406,3987.250034371879
1939.090760622676,2824.989761100421,4682.676173011032,4290.594584559091,3584.6752179844716,5330.894524983877,2915.5118975233063,4112.085286445088,3078.2112754056357,4157.54508278214
4400.307713282565,3176.3852176107066,1346.819777697775,4944.866380208009,5553.390042351789,1346.2846436934487,2985.1721401762225,2439.233017405076,3853.2657335455706,4425.339899776751
3920.346062026434,4201.821924357678,4243.8504815239885,3701.141255061769,1957.7660264437118,3597.960323256979,6474.5695281378885,2007.0607225249278,4138.647739582068,2148.072941046965
3484.33951283438,3628.096959087512,3837.494564943191,4148.562627440374,3101.577332500015,4695.976938205227,5728.070067853245,4131.381895127908,2316.2423160655635,3074.0827666560335
4088.400462729773,5653.659905388522,3708.4937078500907,4696.172932107549,2170.832349968291,3162.236201558697,3187.0433544462217,3604.2749691974686,4016.1997709638363,3624.7066953337326
3914.177284392097,3551.467672950678,4639.278367340685,3410.4161724570895,3653.663799554558,2542.9835099036773,3521.9361272505753,2451.6070047181975,4350.683832063642,4065.2279275886613
4517.660545932156,4232.81308033937,4738.823844045588,4116.347148507529,3671.968023408012,3244.589632770096,3499.338015381943,3910.300429791321,4161.135234497677,2249.209252276642
1872.9140166750037,3902.234167031156,1337.2780174196716,6466.579413764007,2034.2891407437994,3306.3890006549627,4958.076805948491,4228.785485623215,4132.174653990406,2320.12911310267
7196.295184196482,1734.2616964274455,4660.879466594231,1623.6592450711094,3404.840993342517,1351.868524218276,3648.22505386965,473.9521910483859,3179.3738437905213,4364.587147413363
4074.9984107168584,3583.9251974563695,4843.089220180728,1146.2897515392356,3152.764761970158,1367.5354500958795,1640.5415354018191,4037.061070298732,4030.7659718199934,2394.119539422144
7805.4158227176595,5159.195903374411,5057.71598288277,3368.5623713831355,2882.298250544433,4907.245325372911,1970.351558851194,3972.251020367209,4025.1662589233197,2992.824799293364
6274.948992523738,5140.372819599514,4992.422479583402,2540.459794971793,3497.544124594809,3647.456566818319,3029.594431680778,2241.938645396353,4699.752253938983,2216.9592453873356
4177.995147313558,3192.6333374670103,4183.6396974655,4024.0301170486164,2034.3867319681362,3063.5355455873646,1921.4272731662973,3809.4632455095534,1821.2449754290233,3462.2738653906526
3649.305586920965,3210.2139263827416,3887.3394878583576,3487.564298873189,3214.1723294829976,4042.2045333889405,3405.873377439177,548.0374243570391,2120.967352023222,4497.441295948318
3702.1041519199266,4278.213683285778,3982.8130313799634,3309.9903016926874,2977.524582834766,3344.5799880334325,3705.906450333133,3898.696044228609,2918.7915092523626,3361.77314805911
3409.533220754568,3297.038477813481,1679.267701223473,3415.6813268695532,3461.057482986884,3290.2049347287834,3420.4421309947274,3913.122528905197,3860.3563733478186,2137.143474310196
3464.3759677127764,4285.604961646916,1396.7835148327358,4541.288541648797,2192.1195563743076,3411.605693861977,4641.397048825541,2775.868968153848,4027.961641181746,2268.099825618245
5170.447660814709,3685.0127614633593,2181.7568334556845,4514.320531475029,5759.804398172663,3590.4139733910542,1966.1287255550528,2379.083117597438,4216.410785844376,2350.359893594189
4447.375751616253,4069.4678936126966,1224.5454061678847,1413.5628884947473,3059.91827094419,2380.621329232495,5030.360298642374,4942.529064428111,2151.623828815589,3416.161627494075
2126.5781901230152,3822.0835867173164,4505.151104890465,3693.7500310771334,3180.879080777809,5093.215686754425,2781.0351397983313,541.5073922117989,4517.156225169046,5438.860011846903
2040.7497823391134,1706.544909560946,4221.4857703246425,3228.6977089838874,3139.9141119651927,3987.7301214386416,2090.015330266642,4659.036641252981,2291.2202997592894,980.5059754555389
4490.464316245584,1988.3831607069155,4011.5727952766133,4399.3834903909255,3415.525802412005,4115.585397927165,3181.7357554389146,5526.595146244177,4115.446075407022,4696.456028022862
4421.626315868144,4186.128638952101,4872.558945569484,3334.973378838774,3300.6255667199543,3688.7132583557113,2742.5326142393487,6722.559321572622,3397.8837216644706,3501.363205200068
7930.829943247975,1421.349356305312,5484.427168299906,3242.866671224024,2493.4769078535583,2405.1779186708754,4574.66977830906,8396.588590975862,3411.47068348557,2329.703379593138
4006.783137518137,3183.2787253265737,1201.222860554822,3619.9215412735057,1993.067498150179,1435.8760908202514,1744.8347571891723,2312.5565633640367,4361.688188258929,3484.5829678740984
3631.029556656741,3865.276626625416,3997.10562785676,3951.476754766743,3424.75377531756,3305.0795346784735,2175.0621656532808,4240.880895666161,5109.3475741771235,2304.110265654313
7900.1005458408945,1325.649118611643,4030.290784383435,3158.86909046492,2036.365817679012,1497.6443478867761,3420.167610059533,5258.920131009996,2202.897449684374,2843.8343827482536
4530.8934251534065,5021.6012696954585,3964.974524874817,4644.50764736217,3249.923052784023,4324.919229073837,2177.9134884260325,383.7915936568685,1806.577962793017,3245.4221175480066
8891.45262787326,3201.720983074718,4179.572043399977,4825.835663363112,2145.206353996632,1355.96492298764,6164.740639879897,3670.7003947697235,4836.32811063669,3541.5979769157166
3694.28658472547,5425.983443451068,5147.031454651956,4305.074239984468,3511.138854362567,3842.7404430373044,3506.050234046893,3978.741255942193,4118.765928790878,3145.90790302582
4438.4393358983025,3311.9821082622484,1050.0736086347058,4692.294000035684,2161.308638650208,1610.4696144382078,1796.0307070207268,5654.9445461530795,4175.8913946608955,6670.07712618906
9006.837088380777,2992.5845977613953,2284.78222103295,5565.530813886161,2031.198207738165,2853.058848021695,5660.401602526869,4986.5537628171205,2456.0267633107005,3043.660456327437
4282.108644938534,2954.5404937890394,4908.129022339875,3638.150386735568,3136.3013848526643,2333.173538678102,1692.8957781222516,4329.228969065697,2173.6760648718837,3419.5030562782817
3653.1269117119755,3016.5484383854223,2130.85635087858,3578.917142041474,2448.045792275104,3543.2315034057747,3720.065259210377,4835.670046175767,4250.177039110188,2834.0265077691242
4191.654668674668,3168.498767325589,2318.891428915682,3450.1035534114144,3390.479811650689,5601.181249826621,3696.4554620067274,7972.977062113028,4033.313159842839,6967.418989341054
4268.473722291381,5672.343183212326,5020.536359323799,1401.0256267087032,3436.8162559343364,4476.509952830671,3400.8175371676257,5075.433824437976,3841.810081112709,7035.82261601143
3996.1948021484877,3885.7960203810308,2001.2593435912631,4573.061926089872,2920.5017503763675,3329.237225834969,1831.1676853171516,4784.42117623975,2098.9791864923423,2187.4966048686347
4394.288612368096,1762.2578352594887,2430.4072647349826,3931.029160171584,2166.554613670498,3651.6403201608887,3259.693766213715,3854.3447270495762,2410.715636995103,3374.342971610288
3987.3002107131188,4024.280517722753,4978.013871948748,4093.6766332896295,3371.2943414640913,2362.0191762985023,3346.6844541804517,4214.79254345612,3713.9220958706933,2532.0596197206846
7504.465868666577,4874.257423518494,4588.5270856663365,5159.31706352457,3469.4864265899455,4456.449524238842,3276.718974499773,2406.324361348399,1899.8387994758186,1228.6859664252943
4079.1815372480105,5621.482156058801,3331.4312736691586,3077.1312915293665,2130.694773948281,4188.81381895503,3223.465324003013,2439.9800701015483,2066.2593403027886,3478.8864868588876
4968.674890261274,1871.3457072073052,5245.996578940284,4257.184106575864,3208.071156784137,3725.848180610639,6684.318620585152,4125.473836018369,2903.885157296322,3151.9914068265325
1904.760266936352,4077.062728558927,1959.5198355950836,3922.707777031693,3530.974793933355,4227.322768406754,3222.0680128251793,3992.233431873737,1983.7487822160058,6622.469164563059
4025.543196163828,1625.4082663680128,3970.173963807789,3527.7143988488842,3053.4055638707814,3398.9360425720847,1459.099781400414,4678.955931253648,6760.52375841266,2167.8382403301634
3940.332438263485,1792.503062789408,4349.050268903384,3285.8706277670626,4665.231093601429,3886.2176035429206,2992.1797824138966,2511.618103642391,2318.075073213069,2934.6342640955945
2268.733890496538,1923.8366585009746,4520.864654171051,5561.850515884586,2602.4727344644484,3002.1910262565234,3635.5845673794406,6906.783100057144,3552.9471596160256,2152.3014682321855
3611.379199880659,3227.5077256968743,5424.464248324782,2951.8102315770884,3421.2505931930637,2706.0470377144115,3150.1788637634386,3804.1975001292158,3560.5074139119006,3289.384394544162
4060.5532420421655,5331.012621428841,5169.625740286216,4298.052731964681,2987.0917276453492,4621.492792035746,6617.8924042556955,2599.8965191840953,3856.0352571001054,3974.306239457214
3720.6581921700777,3962.736044687382,1693.9954755400454,4693.696902690538,3455.2241189254614,3706.1804991585896,3002.620707317602,5529.057154802402,3778.56453549716,4223.585697370721
1973.4004708579075,4955.095636892134,5486.412399416664,2518.6224308227133,3344.2037174728903,3597.9904807546873,1865.3758066919413,2638.7099471886295,1935.3037557363868,2201.4253012225795
3233.2458314939176,5198.960232813157,1279.4300154564073,3253.5210096488836,3692.9848965381198,1442.0073696454247,3489.4065595114153,2539.463870832284,1971.8170743894157,3207.0599385579144
4280.486225322471,4163.273869298235,5088.944432751934,4276.937419970493,3133.28307874626,3896.9967484661465,2349.8178874252044,4079.4864132367957,3569.7347027025276,4891.407737709274
6719.15053446899,4016.8357937696046,1884.7997712576293,2831.331829731517,3310.643341646929,1546.1199147381237,3062.7390745304906,2315.5256864955895,4032.2819823729396,6412.121990215427
4341.7453909432925,3222.6282803235918,4234.051487748556,3784.011454652755,2114.2586306373278,3318.640407227654,2108.4950663402988,385.8524574213578,3699.0597404919477,1285.155166140953
3952.3034901403926,2557.9626150777967,4518.142162131931,1622.2944049039274,6292.523101949604,1343.0502666654738,3326.395507128451,4925.721955650863,4917.581652393104,2950.5568124954284
3759.6237337032962,2998.1952269574667,2334.611651273637,3449.7445426490012,3645.271567757802,3272.325017365616,3517.7210097092375,4130.498945236599,3087.3082357827984,4113.539180711449
3653.0234354788017,3933.3625251411745,1217.1493412647412,4421.691321482579,3441.8397720467638,3481.3340625602573,2868.035240359525,5874.967088598473,7593.149483873973,7258.883467222894
3718.3754813290616,1628.6462729733803,5071.663233303891,3475.1976563029816,1768.776766083528,2767.9519623275737,5184.613622402544,4155.935352601908,3977.326353219754,3081.0286828086532
2631.54178358531,3422.8013360975133,2149.53173787429,4294.85370030927,1885.7911425967732,1149.7375884933592,2077.9826044147603,3387.8994033450135,6534.133611982018,999.245290992314
1792.202809199864,5318.28795462452,1200.2298252886362,5380.367103581846,3419.0500586632593,1425.4459594268455,3882.806352105683,3980.1333533370944,2219.438207544071,3354.074678283553
2066.5468476950123,3128.1913064808246,1389.1994048282766,3801.910610180909,3203.582597947664,3571.9734707924026,3238.8205185996176,3359.1139993558463,3462.4905180869237,2217.14758357945
4856.390521752513,4889.573025220731,5528.5402107516775,5453.597186800784,3303.889148500626,4287.334287738936,3692.7097572937155,2383.5231653612555,7376.000794076823,2369.53389459178
3379.4866106064537,5066.598003981538,4783.914535657442,1614.7440633251622,2298.0851220154345,4157.654155753409,3848.5376489591213,4050.103898490008,1970.9091305114116,3416.6495596047534
2077.352793217573,3159.3279938122014,4905.201822514682,4963.714975354089,3380.6866581436893,3275.69066787915,2814.7604854802667,3936.949515996639,6622.957929433587,6575.470826724675
4081.8592710211456,5076.044424692543,5400.124116525139,4382.355837868916,3717.336032142508,3509.4711111461265,5099.556358180353,5208.996188102898,4277.58726523526,2368.6283274684383
4281.013537759085,1712.0597209871967,5166.71498459251,1631.5755042026196,3623.1020960293463,3548.6502544551067,3326.472624018795,6461.781588985954,2319.3414277611923,4414.0196771169485
3553.627304821937,5170.9700495725765,2095.660014949097,3219.411777361515,3441.9828986759558,3645.4005642996144,1807.4892156255935,4634.526095866745,3242.9065352332536,2188.439684139632
4015.049616653036,1644.6550392364534,2192.9034185981263,5697.17256588664,3525.9432506279745,1576.158396469611,3587.785611161261,3797.7917490310147,3206.8412901855545,3326.440953210113
4164.729355901071,3319.0756921411767,4029.780327579495,3729.940450496492,1967.1692362684944,3166.529998045307,5118.250241962449,3895.874603351883,5762.4661536281565,3228.4985620586567
4923.066638635645,4109.502639717417,4329.488464880807,2982.0419401296494,2072.6613174904046,3893.0793853604746,3408.0801759914434,634.2289903808194,7495.369079696309,2389.1412803714834
2378.8110793325623,1410.9944135920273,1307.8084294519874,5740.5754497959515,2250.0285314530047,1508.4131036295275,1827.101934438186,6001.218685807829,1885.4327864311226,1923.8126143123643
4222.03229347466,5347.712747476545,3577.1195174007426,3828.1155238302704,3669.524200691046,3913.815335263115,3420.227755917821,5974.7858532485325,4241.49767436149,2555.500963567202
4613.673282072306,3578.085426181021,4575.949440412813,1366.016274581451,3486.8627912083525,4997.496828313594,5560.394357364712,3761.6166231709676,7675.248487199227,4240.780322289904
3923.1910740958983,1716.4209442230344,4718.604377131453,4121.858399734771,3228.688162105046,2695.311645699251,3450.643023708076,5273.220170043562,3333.849878455925,2066.9086417153835
3915.9916441346295,3375.369754817237,3721.295595151337,3989.08379838971,3390.4342597453647,3829.39765741839,2937.4191516520123,4818.681951365685,3880.4247356686665,2456.9543021304885
1793.7662670789898,5180.768528408864,4711.089323022084,1423.8045555903248,3506.143699543231,3745.5619827657447,3160.8877101161293,4360.952105222837,5877.881952006766,2399.383457225639
4042.3911772085476,5141.136302514342,4921.265696985632,4002.6223942799556,3349.9280549961736,3366.397514950044,1953.7337592664303,4149.130538639101,4141.074728431553,3164.1302047622776
2112.5378510752007,3000.4642465882016,4584.834122076675,1688.0022028767803,2081.7462317547506,2927.9985409272444,5597.096200919541,3549.4165118062983,4328.0128671489565,2312.290857061302
4567.783546600312,3760.363944863767,4403.5420254158,4089.0201983764673,3418.9571156322486,3409.2300204887347,3327.390575929983,3782.300186326822,3403.10112670215,3580.6810897114547
3908.9389735960945,5184.489081583416,1442.5431373728834,3505.663303125152,3440.9085443280164,3894.962194718866,3529.905050784699,3754.5862564720196,3254.553645456493,3294.0316094000796
4739.117050225752,4737.302307602309,2027.18217496749,3590.5520171103717,3879.381168616702,4322.05088732694,3384.300905095876,2267.563395822106,4049.1518273554816,2497.6238013674747
2417.03292232488,3334.642367858818,3561.581181442244,4746.542238685331,3693.093025264573,2388.3428064313457,2608.9992175381785,2181.002301809408,6434.509831411717,3131.8914737156083
2174.149688016043,4670.710322577162,4519.503405165415,3446.0633068998836,3108.377252431567,4235.902616321994,2211.6964002510526,3256.2202869255134,4021.8549004016836,5912.555262673874
1729.4013266904767,5112.59888506499,4269.225772735752,5797.588602531596,3781.76282316898,3348.654104745239,3463.675492012303,2317.6398772367343,4246.908026360337,1989.6528433589099
4112.349844218792,1547.9315455164294,1442.7047092764665,5538.329542726238,3285.278545959053,2839.8760552343692,3191.294473345344,509.8606148193949,4616.111805268465,3726.5919866069926
4726.728424916934,1585.8893236587476,5146.880412418721,1390.0180952155465,3219.2430854735894,5118.382337996725,2057.0078165184696,3971.8501052198408,2081.7045462032784,3350.7998421148823
8232.850693700311,3457.8943702713723,4684.851237699647,1579.6028921782731,3307.1225492611247,1543.3888255272275,2648.6220598922373,3770.9367571715266,7091.229238482403,5221.533474903968
4387.51281693706,4098.06673301916,4063.776901907623,4084.7382423216486,2085.9071059628686,4974.161085197156,2500.1628862070943,6564.702981358358,2057.290567091787,3268.4988160319235
2432.597408720322,3621.817760252512,2212.558870711446,4456.47284561663,3824.4318453139804,2861.9752462539827,3115.185193162977,2504.111670814096,2080.845996414774,4248.137436610608
2146.9635677446163,5665.103938054561,1347.482051707641,3217.5566070678906,3285.7906018244257,4398.13332009102,3529.4467361221878,3831.8143461682052,3881.277791058354,6515.554999050502
3619.054771488098,5488.89539480053,4715.112576567437,1511.7940934072856,2006.702142504862,3374.2521238337954,2640.729793329561,3655.322722813903,2208.6405190012397,3508.663963251755
5027.189152392384,3969.736799032167,3665.1580211010178,3447.962054704476,2056.1870162638165,3221.547882423005,2900.7288729365273,4045.8701139207674,3554.335464482336,4410.030299031144
3877.728553317591,3294.317583508145,3951.2568732485897,3429.0598304942164,2270.188528295489,2763.0487064991503,2461.505813833711,7870.041553792771,3970.4169004939563,4180.818832814333
4919.155996939637,4341.932900831575,5185.916945167176,3270.6119695426414,2201.8775408621673,3853.994600142769,2857.8284069306847,2577.497825496038,6353.434680642469,3287.789658185819
6863.263212827362,3145.465047987427,4655.387289942597,3373.1255688892284,3473.433507854993,5070.405441813464,2144.7934496597445,4807.244393010005,3287.4434983299425,3301.539635965845
3917.90689561168,3283.5969599352184,5113.691066047497,4867.2202808977345,3136.0295097508397,1361.494768823373,1894.705204765657,4614.589104472939,3820.5743397838532,4725.33870867155
4332.5634249659015,2949.8243157936736,5145.016077670967,3250.4632317017304,3918.4683653867496,3346.4163369938356,2947.0649863869276,3478.8456963206186,2241.7810775908765,2305.493689225583
3211.432830563829,3150.8459914719388,4797.435851735419,5359.580420293479,3131.5001787833853,1496.8491578367316,1905.3135264365858,669.8486857756722,3732.9595109787356,2165.793897698462
5136.257822563497,3258.345943237323,2078.1446173674167,4176.82399638247,1947.9953189680368,3356.716441913455,6496.5221968926035,2574.752283232796,2266.4517768851647,6667.588066751656
4120.652716576078,4056.8505541512086,1451.0467383922783,4717.233144920063,5454.480132710189,2476.839352392654,3762.07850782094,2781.6426796470896,6806.651242931609,2886.167356612627
4270.692225326331,5767.147604180498,4165.524831983967,4228.21373338302,3385.1398271068956,4949.947760127676,2031.3667862567659,4263.508245072002,3755.3156054424107,6739.285113977763
3888.3052323863963,5140.287729802877,3771.7469682086517,4099.439784179478,3444.217675189169,2343.5102962062165,3159.6076215853527,437.68046409768704,2017.016029553563,1909.6516601207777
5296.278463334633,3245.0611197749904,2079.333569093584,3157.072334315469,3272.076475075688,3369.2598562349212,2037.0015471338133,4162.965478571007,4190.490641108674,3398.3043013707747
3087.243568997849,3247.644494305765,4692.350319820402,3218.228344785439,3030.4472198158855,4601.7351826531485,2035.662288061655,3532.0497702176676,6829.489395240097,3474.3824585635857
4403.638023166485,5316.807784549805,4001.0163116083104,3555.5715781535428,3138.7441019719117,3923.342987276387,1956.4147392147934,547.1400004020738,3399.8662075238153,3132.108115098446
2270.076700163321,3297.7443461402786,1502.6431715685821,3716.9133426386743,3277.048534522958,2597.5603784238406,3814.794582136213,3761.328400541133,6145.40319352784,1836.102221156512
2410.6328614273857,1833.1124606759604,1969.2968613345395,3568.1668029837747,5373.412687080759,2759.2003905095453,2061.6310191773846,3862.8053792884275,6145.170424459686,3504.9752846091797
3279.9704482320813,4125.8882715906975,5215.9836489537665,1222.8320052332522,2029.0356901062605,2937.608546653014,1879.0187680747283,3577.5179912373287,3517.444938882098,3343.8772013269972
4773.09087629906,1898.1012922893203,1545.7862174037716,2937.999865611962,2186.1749273317055,5507.454663692775,3250.686725539533,5976.617613543103,2242.946471386853,3417.5216021185097
3655.2913362861964,3019.887243033083,4128.02241762359,5590.011369025499,3290.813753117954,4195.867057358975,1686.4845532517638,2913.839477846102,1886.2549136698021,3596.8142288135655
2175.365892516611,2768.974867117558,2205.030036316254,4902.371585965904,5300.251476001972,4144.118536171242,3651.2764398199315,4241.839823627462,3006.86521481769,4202.873474105587
3531.0100868743134,4029.0579158389455,3495.9921306890974,4558.429170338238,3053.694745685425,3939.3190844242145,3286.0038190184196,3571.5882075316267,3075.0986627207953,3281.930019523734
4561.052056477873,1653.3094069437127,2292.2048385890184,3268.2364392429145,3382.024817626141,3023.482146547375,3458.2715378504377,3182.9743343812847,4244.689991247636,3245.417730655322
5231.3674813689595,3945.276175356213,1328.9753052723638,5046.731061186541,1607.373989974486,3651.1836390511935,1707.711289997405,463.0436219855818,4020.8104412814196,7578.45468743191
4316.195222132181,4091.3699871709773,3785.8203671268197,5251.4850392761755,2136.758145164981,2501.8637142098887,3564.88250663374,3497.116431531373,4173.775208522804,3360.3858247040134
4019.6262607483072,3880.489069530613,4733.925096894152,3995.520902865799,4654.846709335264,3379.611609414723,3500.9687670475387,3968.549710051638,5649.456663919153,3064.889808719762
4368.977508962673,1548.250363913417,1311.16669976001,4089.6297676391646,3502.879850920259,3927.069335882199,3856.3347278518813,3561.108357853621,3913.4035667400904,2326.799256315877
2323.3628190807704,3480.4562601530743,1292.253325007555,1522.2831641332803,3557.759826975014,2728.0924263699426,1533.265253347567,6838.645707843203,3794.203526415224,1742.73953321855
2236.263515682968,3997.0454321048064,1416.9817790467705,3368.503621881282,3480.6909085432917,4333.847070379603,5270.468943759029,3393.231580046391,2022.4973910913154,2525.0177482656795
3950.0467834818955,5322.253531534563,3655.118520356141,4205.48267318974,3094.582973383376,3163.6462170362474,3443.102956459648,3695.279361249248,4198.123256797391,3574.2236951627438
7643.126691170081,3227.9923551523552,1252.6330248959805,3680.0774911948492,2078.1510650543987,4271.898726117364,3586.15917915683,543.7159723868053,4231.358103129279,6308.999627614961
2022.475705259144,1779.1112296256074,1397.2182901369226,4299.4866940694155,3383.870861126432,1524.0811786257007,1970.5508051668871,4577.102618541811,2590.6726653810874,3539.031403936868
3853.8086737537515,1461.295658396276,4298.877525032614,4293.935002503702,3592.3728637613563,3594.1419530273215,3713.357566209226,6776.909897981357,4844.458806082726,3190.848979678077
3512.5444528123417,1548.1793309754105,4876.790067874661,3734.988655897143,2863.6472685507642,2162.102024761951,2058.758368999484,408.9677801236565,2163.400005964506,3137.2937094893714
4247.72705018599,4274.927427393321,1259.1601198931523,3420.0320599302236,3360.9619630272687,3422.4330645748787,3107.0765416083905,6230.329882107654,2272.9106378126776,3776.6407759246326
3962.8389061062053,1641.5471158479309,1074.6142458536492,4291.309643315482,2213.196737559889,3883.7358398182278,3043.8639764458435,4073.876545584757,1818.529643492263,4236.412127662716
3915.7284356492046,1713.3002083513015,4931.916956128965,3323.6915275031015,3412.435299542939,4161.293320647223,3555.950905711946,5135.314539479205,4253.910134068181,3350.310919025984
4656.75897146257,4043.571700149967,4447.234893049897,4464.993814191318,3389.2078933758726,4056.0224578267603,2387.7357980281213,3594.7609571552603,3391.9539412404174,3536.464278253806
1967.3694197205425,4570.410734047402,4300.693875162951,3210.929248368533,3474.5407495610593,4237.652560279275,1934.697384663093,227.71948935877822,3297.60180130544,7101.321259571352
4122.071740742407,2878.693085380639,5033.82707749564,5391.774698249785,2212.3644965070125,3801.2898088555944,1814.4175448906772,2081.895147913923,6581.091527073295,3549.2364244285754
3173.3710949856277,2059.409128191607,4265.542049999158,5738.2920161276425,2309.9211887754027,3481.572854107296,1920.1177779234113,3772.139685107829,3011.1221379574254,3108.4120616569335
2276.2407736679356,3005.1847642675184,3936.1338938241056,5307.666777910844,3572.5204980419408,3123.547083897881,5966.427885993459,324.3473618906729,1899.0938305334787,2965.174832792227
4587.62332817935,3797.1678302119244,3970.3683238034155,3642.1550641719105,3528.677033443222,3370.214918527526,3339.3196941207566,3824.068940810934,2069.159987504976,1492.9839169664408
4996.5236929036555,3178.2926401586387,4314.77526190256,5150.510636149069,3405.105791198546,1188.7153247397434,3864.8281163292895,3797.598351271594,3864.503630326179,6217.592491689379
4427.689969727632,4057.086239470756,1210.60069196077,2992.0758728297596,3703.7654151229626,1645.8365589761356,3715.3931194469133,4993.176658909784,3215.9778269730714,2388.700464045667
5122.881941657246,3786.155452416271,1316.7500850361912,2669.9985929358418,3347.7310305359047,2881.014492141314,1858.480789408995,3922.9848208677395,4062.6327377047123,1430.7935014530842
8071.419661565534,3421.9709746195495,4217.012398744591,1310.065164694234,2021.3306835946996,4341.633094726854,3532.8510532683563,4049.1763266682206,2230.7437670097233,4031.043683683094
4104.024883138564,2986.2528401077884,2334.501203984426,5812.558662665135,3560.0887792199046,3132.2748722131905,2990.4773393545656,6194.099717495508,7809.019186335787,3297.768049917638
6901.214503840112,2728.7737285295957,2155.248898290414,4648.277829591715,3305.474379987856,3663.690041603689,3415.420744116293,7599.535916570254,2829.451124706262,3042.6594950760823
6950.292506061429,3365.211083917419,4947.184254334649,5043.657769692215,3400.4729766047044,2738.7216006136923,1804.3081559229317,3628.110160285165,3033.526353138233,3443.7480997311213
3840.301053019761,1627.2575790353503,4515.016545726245,3354.0667681098284,3060.855615389077,4276.789043893915,3304.5777617209046,2987.507022638517,4406.950751158991,4388.575049568262
3688.5810775394993,3104.2420196749263,1616.0702687340568,3193.6944495402054,6042.902674803905,4854.288560268906,3759.3525985525957,3610.959518714196,1577.031471930948,2463.6569566190633
4974.5381321718305,4388.512719764188,3675.8207952001976,4788.780345779559,5783.258594703271,1293.2081627880955,5898.967357853589,643.6116666557527,2104.036681182767,3433.1550196911508
4902.875465565445,1792.5509934260817,4163.184941893946,4056.4159568371533,2048.9781908665213,4346.441487161505,6098.923146228632,369.1964058210768,1986.8943486374635,3413.3071053337617
4135.736113142655,3234.2659896061164,5580.060384113321,4586.134480926169,3534.142951126514,1457.8160027357035,2106.6284693017924,2734.399397812752,2217.6103477594893,3899.80546426549
5088.027114252097,2426.841027530045,1758.5025627405332,3580.458329107137,3232.8554271886487,2391.291881019406,3510.9516139263305,2734.074624008394,2137.441207409819,3132.3831438518328
2884.8827582008626,4263.901385654162,2051.899523320283,4336.346530705477,5427.440308761419,3680.967326189216,6024.228429628996,4110.647189954649,1886.874937184411,1826.5913781733568
4104.841170899887,5431.1742843669945,4518.638180864498,3983.23645708456,3690.4797957072733,4179.5783393029715,2608.140627312861,3317.166352598155,2312.015503043889,2163.811806906171
5978.314294795465,3294.6609537771224,1467.378071153205,3400.407645351836,2184.885040989658,3545.9288642668084,3709.3231282028955,4017.3999022115477,1705.2429562396856,4807.527234651125
4547.717571591958,3363.8393204050653,2084.9100833152565,1364.820485804977,2056.290680278829,4507.489402645377,6372.825614744098,4304.8377381066375,2035.93207224147,2948.7199118972626
2180.773564325101,5131.569331869416,3799.3346148690307,3505.2812623183554,2389.582745357191,1583.3496327097578,5566.246156258521,3604.123082274532,4120.17413155753,3489.5040645881218
7764.346692959294,5064.612672278965,1978.7556921435578,1183.9902922995827,2048.636386570789,5071.467310540458,2952.3397842955496,5082.888758126057,2243.8032958966814,1305.6709122822397
4424.53787762852,1742.2104813481592,1375.226748587942,5932.208021438345,3239.531442626295,3762.078423208982,2809.130789826354,7232.544030713653,4534.689014020152,2993.178637443595
4996.783640722022,4061.881792878032,2341.8928416290833,3878.68723014053,4913.2716255461855,4484.282058207583,3687.569167538095,3713.394837474561,3605.7085925896317,3463.7136423234665
7833.77863378913,3329.501306526964,5253.990466952977,1394.6057803733208,3010.582946692807,3452.4337328673,3659.926250744979,3201.40489500034,4203.790047312879,4158.821826441497
6012.59506723166,5455.887384141712,4948.675940721318,4115.594681155746,2891.5401510566085,4884.531058688919,5346.346070572786,6913.474923581964,2757.295257603165,2159.7939712750226
3348.163636389999,1734.6791311136003,3751.6254928305007,3930.95258574837,3472.003350680406,4735.799912482598,3141.29860545839,3399.207797532395,3765.721819242497,1642.9002414364222
4630.7752453340745,4276.645288445905,1940.895246542349,4370.337040357569,3196.6478366291835,5098.587365345385,6098.16580840422,3555.3464188249127,2061.5177633076873,2369.7410305070352
3716.2715719300677,1816.3832079865447,4618.427111672745,3773.405654360668,2942.9603955891434,2647.414307786967,1704.5356487191366,652.4258740211448,3990.9104517756587,3057.0797383217646
7603.182861416264,3375.441352204374,4646.98267082923,3869.221303089824,2632.4225107617276,3412.085135620681,3324.6593473209746,283.8334460263951,5705.413602379582,3440.3959465307994
3878.6397209905263,1870.0254239633086,5601.390196383594,2788.171686920666,3494.61561373198,2582.599214028228,2708.4765030029703,4027.6671265015193,4224.977062800851,2173.4773645488976
3424.0920083804917,5607.725512062476,5006.203726017842,5314.184604013527,6147.482372387263,3762.234001014916,2321.843495231299,358.38915646691714,2005.2705154618902,4351.825259171463
1939.463455098238,1295.6127743896095,3994.7538335492472,4261.9041152316195,3048.0672491125742,2633.292834226506,3173.6391760682013,462.5380679754384,1367.8395253600256,1217.6393163335918
3895.4170932006914,4055.6353723519333,4363.7314705592335,4142.487959674785,3319.499287283409,4877.747934942761,3112.3210815451316,4199.726205616729,4447.811152583621,3535.7672236319686
8655.904671398874,3240.3389009889315,1720.9537988913016,3474.80400594362,3541.4684287442146,3660.1570919964706,2864.4881437665344,3408.3632145369024,2237.6311433831943,2436.45884242172
5303.053613586036,1878.6786963028323,1412.181214767293,5269.801730352905,3497.8842910095645,2807.043904231211,3482.6223371700135,733.179406504912,2191.325378677848,3187.000992552693
1791.9069141302305,3178.455710018974,1329.7695695222815,1535.6643687891788,3179.3898305425673,3732.6772784509094,3311.4276215881923,7470.351947254515,3257.9681663751335,3393.3390028918657
3764.999655267721,5103.978947143863,2246.3757870350464,4479.556038025711,3688.843035191455,2402.4555537222295,1928.813276737223,2647.886691611684,2066.573270940904,3853.388950678126
3084.3768658971167,5296.940515994659,4293.074839204229,5910.408133449762,5470.144400027322,2805.985304631424,2049.739048179603,4659.669997731975,4667.970840485659,3968.0730626614786
3580.328425349723,3254.187785090501,5480.53627277559,4864.103534781685,3156.039640035726,4999.761816053025,6454.49945569997,4517.723015644077,3385.956931955165,3591.624838151929
2131.4144826316565,3941.40850552973,1631.5412054891808,3223.887799267767,4968.035491129615,2819.6750301123366,2092.8017742897705,570.5456547173474,3756.8793698476334,2222.3956468779033
2235.3441584818647,4408.966755806503,3950.823020279897,1536.4676571950329,5880.158250222822,3825.04274036054,3022.1840098768025,430.9320273731081,4385.6835525510505,3338.1329267120145
4009.6450434424582,4103.983245970152,2356.6355696814044,4613.320957029883,1926.0047812213165,3467.7738365794344,5932.891503713726,3768.0381450717387,2171.706711595364,4064.6523710261577
4193.529345488505,3386.3091520360686,2059.7755800418986,3051.8652132593206,1839.7174350209953,2671.920793412609,2047.3569130288129,3758.9868467472143,2961.989291662648,3055.768392024845
4407.697870316143,1801.8550469724082,4238.452320199939,3335.407685080693,3605.2024552932294,3028.6334717134187,2923.448594835765,3115.2100853447455,6971.711572001861,3271.1881257546283
3770.6398692727207,1676.8053436093414,1921.2989231044846,3790.820503814909,3232.1772426137886,3651.525353413678,3012.6160950559815,3794.298101089433,2247.3547805599087,2392.4785565010206
3929.60407441742,5207.7628485726655,2236.4258335127774,3891.6441800998177,5372.151610481747,1400.0706791990929,3418.367526739982,5880.823478474752,3687.7885829687075,2096.212619942103
2258.4878147132604,5278.263850614488,2389.424031046777,3954.4976995405045,3311.559471121836,3801.4489977424155,3621.3716215751892,530.4249448285735,4191.42289318276,2980.328191093188
2188.317584459904,4859.457644583132,4744.190139407491,3977.807309684339,3221.700380737479,1484.2638545663622,1970.953614280465,2536.973479039748,7598.418679754846,3159.9268155812497
4749.331339283848,1695.8651405246087,3778.1080266749104,4583.282335748194,3314.485701034445,4354.161861103864,3836.3422105617246,2383.9961015101017,6037.848283267015,3120.438571530485
6736.61661295066,3557.2784039152757,5153.047096542322,4160.813805048459,3608.4480959947045,2992.470655425833,3046.9456084770054,4125.52830510968,2902.6277078457447,2206.6304303904044
2021.2511376965826,1560.1499410987294,2071.5720274016485,5766.164056133627,3607.3589556472425,1606.162091248042,3624.435375165054,6478.9222387692025,3001.715873782343,4586.044169390558
3805.424036244034,1418.6930563534802,4351.934253943773,1277.9250047858875,3198.0897070172045,3954.875509197306,2007.521029974679,308.95682284403586,2190.880819807402,2264.5366713827293
4422.424982103187,4404.406072583257,4137.2023533757665,5989.878436103756,3431.4199038553397,3847.241036311095,6025.603171405788,3425.2601920827337,2077.5087661902357,3666.7339411680623
6687.745491784521,3388.8008649540493,4500.937561508345,3796.6495193664678,2019.6712617116777,1310.1234492933963,3442.9103851963814,2613.9205551892837,2400.977884335378,2151.784096249549
6022.008736835553,2814.161032413955,2340.102840571234,3494.6036237726776,2570.0467353957497,2719.6168492259685,3781.5697355420953,4761.039174377643,3923.1746887687727,3099.5791483774174
3195.2782214940808,1533.5912898583933,3980.197512049542,3602.868708815105,3505.6926080803064,1357.6297607477622,1511.0511421012989,4173.230513963094,2254.296440803608,3644.6372605363804
4647.756121039388,4145.814778050969,2302.5956700942666,4192.788008392986,3472.046095385735,2255.0379429846707,3345.816770027808,3973.331116036533,3186.1179589232866,2279.0420725388767
3979.4159221511745,3968.294972507271,3952.696407358339,4315.975854989288,2176.9604851457807,3587.4479087561867,1555.6519567112998,4302.572656678917,4673.621904563535,3463.320429016868
2168.614665817993,4920.576137881613,4963.790723585886,4530.302840708694,3517.4141087955495,1533.5825088190345,5960.840659265385,417.5926597956477,3277.031097874984,4770.756609627628
4603.67629685811,4389.816777081976,3997.8569425458777,4263.024446172047,3272.407077062078,3795.000398041655,5194.648038530489,3967.657615357708,4009.115402073431,2143.9023525444222
2083.2259812094903,3107.751924300806,5485.049791155472,1530.1258345784386,3638.927533555295,2563.564970375832,5541.61345414373,4751.453734084935,1938.2466336000143,2214.5541183939463
3894.437902844587,2664.969922160587,4149.034675856511,3932.415753394612,1981.1581528471897,5308.1518699806575,5967.436774072322,4700.871646836616,4010.6525153016237,3961.6454670937937
8815.52246170707,5777.422760272069,4664.676014371451,4518.489937556252,3316.0614507072282,4401.473445373922,3654.2503013413298,2481.512698595825,2084.384031785398,3178.7043092481244
3648.606359441357,3035.2715814087233,4610.641278183957,3216.689422414083,3172.874142606991,2410.613517769537,3781.391419661176,4101.690708678893,6283.008093471495,3184.725696439837
1944.537391051639,2935.362530718471,4000.950754375462,3453.2325525993783,3089.3326310839775,3446.6355933484206,2956.883917067025,4167.373617944784,3421.42885562466,2461.421481190581
3066.132371632413,5109.142974964179,1559.6534590786819,5269.889789530162,2564.418760450597,3510.6977433775296,1763.6558394234494,4029.0626558692356,3582.008586346017,3629.9467693484444
3159.7204795543244,5663.171651229482,5682.64491317473,3524.8043805984844,2598.9279683750988,3396.1672139368484,3436.727966716046,3541.653740270864,3753.6839093657845,5394.903569649751
8491.756435236579,1809.3987449887138,5230.263089204205,3438.20999126083,3273.107861169905,2913.8159911672165,3046.1321256099545,3974.3833097896613,4772.941759303891,2391.336180486167
3869.782283836007,3768.912602493193,3916.0727883845543,3602.984711459543,2261.555526955398,2682.1734666875122,1490.7727825964976,6740.584954862188,4138.4047291801435,1618.3743894379222
4966.873251783503,3409.818271867167,5026.1579962732485,3734.560996166155,3699.0060062897674,4130.922385888601,3093.8763297223913,2506.3975693926586,4079.695818369605,3202.528266329357
3975.652588308946,3190.9547794685022,4896.577290548176,4179.516814263092,1918.9178939518206,3289.0820231041716,3701.1505916642654,3925.31291773567,2004.37084653161,2917.5497062389636
2349.099521345648,4130.658963364674,1696.861071098517,3156.1607183596416,1755.111613931355,3863.931265204795,1847.6725056723576,6438.472269990214,2082.478876832714,2096.4903613482034
2104.054518314141,1653.79916909338,4602.406648290494,5440.857992577336,3215.452263994521,2756.544919540448,2630.081290391107,3937.558777241326,4083.221585708522,3594.8851481822367
7538.214233953546,3899.212126201376,4676.127903901455,5504.184596745179,3115.5702319076945,2293.0640785192663,3611.5314059324664,3423.3207936773515,4735.105268080015,3211.595089481985
3907.584895080266,5576.845981611246,4120.379096963969,4312.447842205134,5688.888094040835,4266.9548421196,2807.2835324712037,5877.34677813426,2466.7526179747274,3551.985692572362
3952.033972556634,3520.312870173698,1905.919707565517,3485.8006149517632,2340.041806615263,1272.7400889457635,2516.824748971355,6746.271377203073,2197.5129827352575,6691.058193618865
2236.580566815367,5171.477173134257,5092.207077656438,4464.872318502913,3554.576789656702,3241.643793658156,1975.000973191828,1933.0448778789096,3934.6508427206118,2360.872234369773
3888.316688507679,3383.4284420685144,1855.456653527474,4031.8975798232436,3543.9606631537026,2539.5210085916806,1854.0527042567192,2210.5732930603585,2136.521825573186,3923.2663862429563
1841.6027125721466,3295.083696494443,1508.6637574354522,3093.416985638992,3024.9575256376374,2813.1579514847426,2719.4883130501544,3822.3905780847963,4069.8598683242462,2283.421302755718
3773.4604281499946,4332.071690895866,5171.267594745226,4488.117530506482,5688.049256383289,3276.6082794573363,3831.558829375321,6443.437050507101,3381.0238932658363,2421.926841889938
4294.601524287398,3478.580987456441,1325.093617146455,4416.328122132911,3334.9762712128113,2795.768685192454,2098.6653103493654,3778.7771887188596,6556.459976072449,2258.7272031150337
4667.401175502635,3634.3709840797974,1237.9158398585014,4579.917196512692,3403.718192198703,4231.851286929867,3601.935344604705,3898.3544180487556,3900.633347989776,2968.6006185655942
3744.728571532931,2788.343458744125,4341.02262891116,3849.9437357473134,3290.2194201759094,2620.645693546026,3154.6879372120156,3637.998765055917,5297.66218068273,3511.3185866114636
4129.702323750993,3663.4322598111885,5212.11658562183,1551.4611877787606,3278.3039585726724,5202.207632473285,1781.7545364676284,3759.331164721997,3813.520565223963,6228.418694478322
7940.551524976561,3288.6198960181764,4262.703615709992,1558.0069123804549,3649.4702565096804,3804.461425441491,2046.1873965855234,3559.367168237989,2169.478993429494,3637.645257098067
4129.739838096548,4112.2841044145425,4812.563215605178,2968.807625712891,3187.7077490463066,3410.4430658902183,1859.0552181311718,3547.3061821797655,4386.474603419145,6744.497643700724
4261.620891420008,4215.567184081678,1709.7116053446234,4044.672126425508,2721.972671034849,4253.000958221533,5554.240884192866,3792.3193503720527,5977.732565067564,3540.761357771189
4167.172960073864,3467.9570547880203,3992.9027283041873,4654.474470029345,3196.8536219846133,1274.6411489208965,3689.093206959251,6534.039685651185,3354.041595990365,3060.1915425697293
3630.0497426965226,3224.4162830344276,4885.362639767807,3959.302116694865,3487.640998348363,4181.688865631515,3474.0734338171037,3738.028879868087,1961.879767495926,3333.395905412229
4337.617728568023,1864.0644327460839,5248.201405532335,3611.55949637711,3871.8589743774864,5241.704981373322,2365.6765804423785,168.29356121292875,3643.961815761176,1777.6313974184945
2234.0756227418933,4141.106629402192,3946.4676302932917,3840.091731748905,3631.1770277901906,3673.245924429858,2976.8173172424627,4163.102875691526,2106.712842500807,3741.7367064247987
3589.3301006214615,4121.230809550495,4664.832844701955,4329.714675628792,3408.572688905469,1394.473949439353,5546.371102444328,2278.7305651766583,4249.435239560949,3998.127747677705
3025.1523778813785,3274.765487101743,2259.3212246385983,3738.507368096294,2813.2882592210376,2145.0892380398045,3297.827780317469,2591.9906640179233,7014.026945304999,2122.759911928944
2077.743787066407,3132.238485149043,4907.3092258343495,3624.671374142583,3318.810348910429,3373.577084239121,3343.5980509562573,2546.9957538663607,2039.1532314286173,1785.1778200120834
3197.373274902904,1491.8885158139258,2171.4933710399982,5633.674319040247,3039.7069850013313,2714.7096806505815,5791.632083791634,8284.851068966793,7426.341868133168,2291.4002559567302
3777.75064249397,3109.101354317704,5491.621763372816,2365.5695966153535,2950.822304186754,4297.106528216493,3114.761122633293,6963.818155243099,2144.6281432807973,3401.486215659595
4046.1649081770474,3333.7236725518383,2041.0692782186252,3845.299656123939,5892.981788853167,1270.043629989937,2287.352757715993,3864.847268221338,3732.9117223472413,2586.775376955382
3607.9283149160524,1850.1990687908801,3940.600770692384,4209.504157667007,2237.3678027970595,3608.303484467555,1941.290623538849,363.26518262759737,4326.412622538624,6502.4745366283605
3321.600925062084,1576.7010803557414,4989.253620065674,4203.485036807562,6348.589081633956,3727.457704741808,3490.9841489297487,3593.420009886296,3259.19754051951,2229.9192187372273
4256.117252894749,1861.5202586188252,5440.014297702903,4408.52128009524,3742.9618258188502,5813.062839003203,3246.4247834597218,2709.6146257552195,2615.9116973883956,3568.925667381535
2699.5951811264817,2560.8426791589436,4798.988102586092,3554.577845032043,5549.743733888148,1524.1666312611364,1984.494856822022,3609.3676885673563,4060.545545726434,4466.692444198581
3898.222290890346,3901.386870711803,4922.180549628691,4356.504931101247,5323.193189985018,1316.9187358373815,2084.001407091506,4137.720294305207,1909.1669020324246,3017.0781692671762
3972.4997705697406,4239.773967147001,1326.8026584741633,4139.730733458453,3512.8853289939852,3536.179654982847,3270.2615545993003,5888.808495671402,5826.58439864783,2165.838157034778
1905.1026142612159,3758.3396649472024,2158.615750805544,4333.009200766454,3463.0393890666264,4607.457948387204,5448.1575738870415,3432.362393206206,6995.407628811836,2288.753719795531
3170.5418636871636,2994.4621461459546,4906.178399859098,5439.818055626882,6137.757456886999,4398.072920702894,2924.9897109845965,3576.2944407173545,3258.8139323591254,3192.0204754422653
4162.816614381107,3284.6145794231943,5310.262378138663,3686.127610093906,3688.902823404599,4333.861416799709,3374.189018550138,3663.74282292079,4595.217182784981,4605.551268025605
8545.911747209657,5294.8517104488665,5691.967858208469,4000.4143412775484,2011.9054565925776,2452.0041792298816,1939.244392027655,259.67137972179546,5373.237524707662,6555.057116524689
4706.99517177967,5362.630129655172,1562.9919513460757,4077.6523190397374,3472.958592262772,4950.448342441383,3780.168917623597,3590.0063969390135,1759.9782688976845,3936.5377037539315
3462.7507968158284,5795.5523367719,5335.733135096279,3747.7530559686898,3769.1976637498806,2631.386462168131,1890.3312044198954,3986.3628190684085,3541.7594910394714,1321.103819246578
4547.621320042654,3801.5406912348053,5258.963345291301,1521.354216475062,5852.764259018224,3580.045388956836,1870.1139851998655,7307.212209414643,2382.611871629934,7921.329561317301
2283.8673065876533,4656.3677414785925,4935.816392096762,5089.4932266562355,1985.2434003939761,5702.651685798027,3873.9763375569523,4792.107289945654,4169.413401807796,2273.3516373548437
3772.5282243426027,3823.5818150019377,4276.697963104879,1353.8830387750127,3420.634776712075,3937.674313978678,1927.2202053035885,2615.9660546903006,1723.8838894416551,1752.0594718463394
3860.065877708191,4300.872598105636,5462.136319298368,4744.027942337175,6114.6784325895005,3521.565421377836,2673.905671756656,2653.672155588487,2043.96816471705,2192.812112287484
4398.267619567953,2713.513071146562,5102.877103258633,3584.9194145728543,3583.383373188762,5428.402523505934,2938.9637012740086,4232.887415919962,3549.677489287216,3446.218165408071
8272.850688752644,3859.687019700312,4204.654542776485,4420.364373146854,3492.6105636941943,3749.806691002377,4028.7106024332807,3948.8148266811086,5186.70006568787,2936.9231009382625
7832.898267660352,5219.446164501151,5383.008245553614,3636.336778634716,3665.9234168682106,3792.621401042939,2905.3332439579917,3701.9343827047837,2462.479516288829,3469.3035722985665
4087.102831891416,3043.6659686472594,3410.0103266779483,3198.484515584094,3298.3222339474532,1138.7913722806243,973.3744409409719,4300.702925380735,3751.7029545985174,2360.231381764979
5052.381445180034,3146.9252987140035,5806.243610580137,3856.0308589122105,2274.131065330984,1470.9305795726193,3222.5800608510344,6795.729049196754,3652.2735567374084,4309.86386807708
4087.1566101765175,5278.841022480146,5214.033677948684,4260.008843316369,3555.8930459076387,3540.559347724853,3813.5505591588135,3517.6987172818335,3775.738861485227,6536.546697945765
6623.593587523566,1636.4386858515943,4744.385372147223,5934.463751612879,2093.9243796543547,1217.3396985480588,3436.263993208946,4365.359908180215,3316.8091347808563,3104.5434444614903
2467.584485575713,1521.819273224838,4172.0111042577455,4246.331583965728,3568.1824999990945,1423.5020686686703,3702.9254279670035,3836.573407237377,4914.223275219565,3215.010210678637
5840.361105202381,2964.62951805374,2322.280865525895,4032.6987969395077,3506.9954118641335,3513.320315840353,2114.4909043532266,427.0997569642941,2989.0321446278763,3262.110021213553
4808.491489015712,5540.140670326913,4081.471904680895,3960.3466003783765,3576.134651659562,4279.915256999225,3386.0342936684374,3763.3173490747117,7725.205202367233,4540.665899517871
3975.6718910668324,1797.909466002794,2248.6169493237803,4417.950957348165,2480.721980162467,3666.2556920030747,1792.9052298460065,7870.079868508376,4158.519066444558,1873.5090166441635
4005.84043917799,4138.2059326097515,4348.510844236123,6185.375011079064,3558.8024582442254,4024.17832226314,1946.065778882479,4753.74834870079,3830.9282469983814,3607.8082035236166
3938.5559711108585,2945.2295431029893,2043.4760138154043,4129.262565952145,1781.846943910834,4723.184968652979,3510.360591982641,4808.651440946898,2207.7434481063983,4201.833950788241
4702.976116231353,1639.3797150287628,1350.012513662296,4169.2319103632035,3032.006115591797,3412.4968116161353,6187.7315476881095,3736.5977245221643,4223.614212040841,5982.174636315004
2318.3496188300633,5080.136582666412,5221.584652379855,1246.7234839029352,3216.397673227923,3681.0536149998197,2916.403434076108,2320.8095220533337,4416.341688252652,2254.352575989684
2051.1628295531773,5071.155939578329,1336.5336935763162,1380.0311960943704,3076.0541109429773,4217.468754537402,2793.0397399916274,112.46086936824805,4107.737574639037,3154.0734092824655
5011.527877723335,4306.9522493150735,5321.061575266883,4104.591361932273,2284.645486943755,5640.5222177178875,2294.703951432083,3844.9877569864325,5017.396963375298,3334.3485194328982
7988.121871122679,1656.9986718631924,2147.6695588295606,4069.56077833824,2032.6301146680244,3578.506711696513,2328.7926756006123,4152.376379634344,2005.6835280071418,6438.741364594593
4262.3020213848995,6244.999113191094,4504.140999031782,5403.955083399767,3726.2913228859743,3143.4689876661732,1747.128279339592,3503.84705990793,6977.5404629018885,4251.533480762216
2065.6452516503205,1342.4041124428454,4407.406651968042,4295.708047650078,6117.823733446872,2132.2260141755974,1692.8447994491476,2569.587674594495,2130.652747013768,5831.440163223968
7415.5276199611235,3038.6746193438416,4765.131401292123,1453.334233505221,3341.9805636663577,3753.580678961893,1886.210308916979,6322.94504810302,2017.54906820155,3593.025293259473
4616.1172196166945,4012.6239686604163,4460.833602372243,5511.951363762992,5989.222899436837,6062.905510344762,2889.4835527651076,317.34430200953415,3438.608022568581,6221.595886694493
5295.818352772312,5628.790141564659,1308.5824715947333,4814.468421813324,3400.5510608953014,3778.9852383820025,3911.537210015148,2638.4101372803893,2770.27967544276,2437.457426343468
3790.6810254024876,4244.977125364894,5235.819877178496,5192.028179497365,3356.707613638095,3545.9299572304813,3131.6067863111502,3797.6455535068835,4051.8403927335276,4343.654915019575
4188.301034061536,3212.581469908944,1251.465129888898,4274.237992941144,3398.7441843745264,3245.4407089664855,3016.384698695222,4029.2846064145283,5743.7216477039365,4448.587606525574
7992.1345327455065,1608.6903656714937,1518.6717192653737,4043.9588342409224,2074.6009709042983,1383.2344207117712,2805.292687292101,2569.8373946072793,4429.083163023151,3498.9372268626676
4874.559965780987,4320.003384093876,5798.612238667945,3375.2240417490775,3065.1008231465726,4908.749518598641,2140.11824329586,401.9894246644049,5733.1489886842555,2376.507988707929
8392.684172048364,1817.0224380426812,4033.2919140284853,4341.93928592394,3437.1580626198547,2804.9427754713324,3425.863168613245,2196.7643680301553,4228.632335576915,1854.8651961463995
2253.523467993009,4659.964558390722,4588.83168096903,4065.6649711907194,5174.623526994123,4813.218118092247,2187.417751861612,4449.300919872344,2106.2210756841087,3222.6559160066504
7035.273926103526,4017.597110455774,4727.176245043414,3800.6323552356967,3269.821371852563,3678.115859618042,3507.7793508660557,3960.258860075677,4157.126289878278,3711.122538840138
3600.1163888998067,4319.181134665894,4336.837448349705,4420.19433934387,3355.211273374474,2550.521740111878,3174.0987749325623,2415.0141882197495,3549.160722512862,3453.7696482709907
4372.992365534901,2948.351628167969,2314.0841406876366,3122.6768498371603,2241.067702760591,3762.754546681109,5412.3000875955095,3956.8201792096606,4646.482696035886,6702.60370580247
4810.42967200862,1638.0861853118847,4030.99070514685,1569.6218790569353,4839.493587750287,3602.02822031565,4953.520273833251,4242.544126153351,4078.9813219477724,3318.099752001238
4041.5576374487373,4151.1056267275435,2152.3865757611206,1487.099394773607,3422.9258753784006,3752.683905490876,3343.4355013645827,2458.0566055936547,3684.4467193286305,3232.733177913065
4115.2296176725295,1734.9372395836658,5230.128051296761,4431.863126028698,3913.014014060288,3638.2035929135695,1869.2906916564261,3482.1356481296216,3157.632222814249,7040.74628103877
4392.844339447174,4621.188074907547,4752.188317595777,3849.1685661789393,5336.659228082486,3418.4038560418803,2818.067912607855,3864.2587359650056,2242.6813126434286,3634.0079973334605
3874.2952265536387,3968.2370405615584,2196.1244832948514,4467.626655138311,2775.8914912527503,4348.291168338045,2193.635723651747,7577.735707632406,8048.170765771005,3066.1752740259153
3343.668374643694,5478.717899414919,4123.246217261311,3532.8331040666867,3283.3975397412833,2440.6875367550647,1871.3158804869602,2577.142414182809,3803.1584124271676,3490.225977043593
7911.491134250766,5484.925022052249,2174.750296936697,5300.055823519844,2084.38003212806,1488.3175270180084,2012.5020700177176,6774.672664286676,7212.592766434604,2323.2613970962852
2137.858346101373,5543.892759771098,1023.7582253192294,5235.178224676401,2405.5523871441565,4465.73821286265,2092.365060522133,4018.9773183035686,6907.726033529369,3584.1042953715455
1905.5512801167665,5368.845681341529,3754.4777054211445,3753.0410105824158,3407.1060817062485,3397.2321657093253,1499.309697112072,3662.4519733094803,4314.417197485604,3544.397690085926
3198.0553425347266,5355.762343968293,4002.3316741275144,3918.989860582732,5841.5034517995155,3933.3210024401546,1848.5085895057123,2263.827848659106,3868.6501122480195,3403.7630703394652
4709.350504176805,3989.558313212123,5518.052735721392,3513.8087574241486,3787.7140877868533,4016.618676058007,4766.059939469986,2426.8765372398816,3215.068627832358,4207.636790634184
7216.098935516894,5054.125845326929,1406.7629197680708,3711.78758521194,1711.3535503630699,3203.1958492373965,3334.445630574394,6976.970473596264,7731.780721452655,2305.6601198792077
2489.6122112478665,2698.263262973406,3865.1041383399347,1233.9538756953627,1949.0517037723107,2427.42360699763,3296.1958973269752,4815.840835004863,4341.1266805763025,5211.021872736177
3964.5416166357354,1660.4168166716263,4277.366029974698,4808.854668961663,3411.348166877512,4313.6793051336235,2727.9857851572515,4054.502080140157,3881.6044773814965,2426.550415393485
4254.581785153103,4287.757897142014,5433.815466354611,4029.5474126483423,3475.903552002747,5265.137126224019,2119.692144290884,468.35203625795486,7658.397166368446,2111.963049527998
4429.677653026096,2915.157385625863,5002.7843712703125,1477.4509543315112,2879.299175952441,3272.417499136097,3399.262423275457,4125.334592061366,4129.53399593071,4055.245933383306
4032.6133353517653,3364.684076932233,5234.887600482057,5443.4797279170025,3357.8543524185025,2205.7776889021216,1976.7057959846884,3650.352931785988,3338.391097556323,2260.4303823431505
2374.4920960298914,3380.029199383388,5655.895893198634,3934.0541843192514,3983.4017199676873,4276.7088183382575,2167.00254270751,3364.5173544020863,2918.3225311783035,3567.3355716745914
4231.241400465069,2762.373255214356,4425.734212883979,3879.5660766179517,5682.516973246513,3195.833322534937,3563.938775660811,7163.479307149832,1857.954177110979,3305.9244006958793
2797.8887729011444,5250.937672977381,4382.88215773333,6535.207046372823,2237.844743300131,4893.382139885078,3635.9419407507658,4354.8096686427125,3290.1958915203722,2087.4167771812577
5561.459886716066,4155.61996909384,5177.2395733896865,4192.801563267628,3293.0265383664296,5449.414115036633,6599.956271692019,2417.7401159931856,3927.536616691143,2287.548360919239
4238.7450279337645,5248.144097203082,1621.1669229205654,4101.985035218746,3579.96230711466,1455.1456601110003,2031.269446287693,2467.8828165738137,7242.636819539777,3406.412692987399
5900.567064903683,3502.4421575089414,4665.383359124215,5744.282441562078,2142.433773707345,5530.304955218834,1979.1994715376381,627.3741327395367,7061.7758058241825,2085.9175129882124
3888.313578799889,4059.260242948894,1758.7782427586098,4009.257930280804,3332.162856932927,3984.8071836340387,5410.006784330813,2613.0717827212943,3118.4400804569145,6533.072412825225
8587.455124784467,4084.111835260575,4974.354870857567,3864.478760004414,3028.060058520123,4834.9661318428725,6133.606903580228,3788.095999731676,4284.367530131126,4180.984773822075
3714.217009930847,1787.9597429657642,1851.3933713021484,3948.7751864479337,3032.447185208524,3598.447407465287,2207.4545883963074,3516.3458428260737,3270.390844330471,3306.5868592386705
4252.358177843562,4681.891737568911,5329.3848133454785,1269.340041319247,5120.844561456558,2852.754117930648,1223.8645777521097,4008.6042187550956,4213.762981393309,4586.622103818066
4548.256444354714,4370.683631936,4850.72351133906,4472.439171696125,3290.835835202527,3035.7656662992867,2080.4461271500763,4333.517882002866,3470.96497354296,3548.8482215159756
7581.3691235549495,4329.617907528762,2112.9518169726844,3517.5302284825348,3320.1500562813117,3387.6721886731143,3252.3876121329745,3328.954323020963,4218.897660378036,6040.010715971915
2161.717292540977,1483.9971879098894,5376.428176658404,5598.268672630267,2055.9429141364385,4051.8627698916907,2157.782036282835,421.08404804876585,2206.531972862428,1770.394776504426
3939.7569413916526,3921.067428555323,5427.25798172117,4782.760731546969,3473.527815768389,3573.6955454047447,6027.375391522191,3677.74433762491,4993.958186977283,4887.904620119732
7653.528903261724,3224.0630750991863,4737.000138281474,1562.8118593741249,3567.5325206809757,3154.6874393163134,5577.431461307407,4815.369418473785,3491.012629231973,2502.1953965287485
4715.290128464001,1830.0600359193757,4311.806188234379,4358.056827089603,3560.8768956358517,4019.5812194793507,3936.9117081918903,4468.861139868476,3155.9338241302835,4266.058952215015
1899.8237832889795,3427.845848229864,4286.378762195052,3785.0998979401984,3440.639166577236,5337.654968408229,2621.555373928724,4131.59666745082,3510.0452172706605,2309.197701436714
2155.534795459199,1650.7889325910974,3852.9348981373814,3572.6549213044123,2224.642246245307,2782.2611874440518,3517.331391549307,5445.443693932486,3073.1852983186395,5467.3719815556615
4002.0029422971356,3157.2185368392975,4944.429240807957,3738.4808713174007,3400.972561096791,2528.789572523292,3684.037705565559,4120.168989546602,4457.325831509344,4539.7960538532725
4930.214432448913,5231.751631444841,1002.5311272438812,4258.207544286518,2083.3404443938307,3810.4919228637464,3744.779312939074,3442.9821061791718,3833.8587410451,2187.8348807911593
4043.2044800073113,4625.108984206514,2038.0608749936132,3296.0320156939006,1951.3939673702564,5736.663014952372,2891.9001934010275,4030.5068898113695,2190.7876547589026,4247.303258921061
3895.4869290665474,3889.5519181258665,4063.3475317666193,3735.0929602055685,3669.614160039132,3905.951393899874,3575.992619511743,3433.3134112796374,2186.1803939036818,3250.680637622293
6911.801330270952,1853.656978767413,3908.5290404241696,4113.479987114877,2449.495692316237,1512.2235285730908,3349.273662629975,5964.952799205194,1799.5106814603448,2488.181180252687
2270.0507829514013,1543.8368617629249,5257.312635090872,3958.0314303164405,3376.5814123119635,3165.3346896522603,1922.6636266089477,4562.189172919313,2072.865815748136,2323.2120287776092
3489.263038330523,3279.800714389972,1318.3421319094025,3991.6726903997187,2772.3356606401203,1397.134341741898,3506.6854637724055,2474.582461668498,4419.734657927062,3286.3394615750885
3531.187900128655,3801.926451851268,1957.5808901522257,1524.4261061023565,3534.481605690537,3707.229702997759,3547.868233359934,7962.6657943260425,4666.540448273887,3391.431089354156
4384.848019142071,4053.5733759042923,5268.69100966077,3166.269762452806,3307.1501339901797,1200.0577648701167,3726.299063749805,2407.843187482629,3441.573015177532,3209.597313671135
2906.7299930703284,4257.399642452856,4887.693130363472,6307.285079563617,2145.2153091355954,4169.846936501116,2577.245261870278,587.2202892898445,3420.6663717703113,3609.570641701403
3525.4509334266886,5037.493224335652,4263.094994439094,3553.8066984424286,2564.184637006349,3353.528887381248,1434.8190981210169,3797.3769192761238,3785.8562368158737,3315.4378124570217
3713.827587340764,5369.192725635925,2000.5448856553094,3657.2160111238986,1978.9010620212068,2528.410355430802,1680.1873976918328,2740.0110060844518,5498.337982438003,3222.95535375461
2192.5801791960653,3147.2749078869438,3867.803464197168,3480.859029077536,3163.215402202334,3042.535672614358,3589.6174689933873,557.0960038799384,7979.3793605948185,2090.2996425624774
3928.3467026654494,4633.7984249172805,1560.6133259900307,4474.5261317316945,3257.2838239182706,1472.6523770509214,3323.0267656636024,3601.222749433585,3970.929882220612,7375.863037484041
4416.916353208944,4024.2070814229032,1351.3482999814523,5792.681924208414,1848.619929806263,3827.48934563989,3739.90963962333,3460.9515294331554,3138.830582837176,6956.846904506966
8344.862909923677,5118.084742696839,1394.5794417869042,4510.575073341163,2149.418732622765,2477.5170753501457,3115.565173374957,342.0718979561743,6603.117196602373,2318.8843319916173
4392.212720451704,4301.460088504432,4917.588493024244,1496.741867085634,3513.882966949778,5692.002918287695,3429.5256153761957,2999.7578390247163,1814.3910183424975,2938.103758787775
3322.452784173316,3786.8709642452372,5572.026484241054,3977.7755496865466,2710.1781392631733,1354.9874409463544,1767.1909132236012,331.1659523718007,2215.5431033867426,2386.5171515405273
4768.315354050075,3288.0676976968844,2121.1088732058897,6474.781402731099,3291.393842482238,3876.287687207553,3721.8829888782575,3433.558197616112,3080.9585505474374,2093.6596277950416
3370.7714919419323,3387.221643379642,3844.112785831835,3520.118000542021,2631.381787970227,3500.9126016982045,3591.6336579833774,4548.3187646165725,4137.460921717942,6690.488243348689
4149.9886301164715,4610.161075336151,3803.3007364777577,3673.1796865130427,2217.791367034806,1416.6131811939388,5381.6766861999,2198.60983215579,4109.509001545136,7112.301229653387
8795.955335786315,3854.494680922286,4668.605997783614,1473.1468374822311,2091.777719050283,1441.8833170725886,3877.7859735695665,505.0381270518704,1981.321410967806,3162.0252434927847
4190.444789274372,2996.8796961555454,4297.836852156467,4226.032741319441,2048.839856233697,4728.316458336492,3538.176367943758,2573.419875803338,2212.205200342525,3424.1920307931478
2270.414203536436,4310.071254219882,1533.3328836005535,5324.168071311044,2261.9869568546214,3500.9479216544532,2004.0371356498517,3748.010367824285,3867.1603660417272,4043.913934630152
1995.2254129773723,1636.5794903950634,1792.918821055838,4877.3167000265385,3373.344943004495,2616.4502670944235,1935.4916173864951,3783.7460077074925,1993.6310187236322,2106.5739616566784
2201.781286243152,1605.0184606709754,5172.927540218849,3815.786220439404,3393.321745374566,5343.993201229527,6037.440502155303,488.1611445596879,8358.197903320039,3422.5857239796896
7011.712251037867,5338.291105263108,4016.9363258020185,4900.026568524929,3384.610162768986,5255.393121606841,1771.3541365140404,3951.2790239723345,3875.119121491457,6894.928471766112
8402.482191757175,3078.2505411092015,4853.516508052342,4236.759905850515,2861.167214066771,1392.012171835001,2898.7453866334026,245.0438113605607,4192.285531089421,2196.1377543756685
3900.152935299146,1692.0368966745523,5345.370363322236,1633.9264546683112,2851.508372716665,4222.09459787397,3506.2851594519307,4217.57530239287,3436.3195148179407,3394.0121330678744
3886.332508898398,1660.158475850829,4243.087342763629,5157.019469015886,6079.494123190368,1596.3439699581813,2003.34293270943,3862.2497147096265,6120.248671453348,2267.299048165704
3378.156172127366,4038.6950287964455,1907.6310873355837,3683.214082774447,2785.290307215884,4037.9248962699185,3605.193410632338,2282.9319159467564,4568.133737120254,2756.1266831191506
4068.4666161449895,5821.251199297408,3804.8099791453988,4693.031749954695,2182.576940504719,3197.400392706144,3566.3685403821487,4653.277067937085,7019.6067760633005,4170.906249620745
6565.686333908042,3457.731240528167,4074.708202263111,5618.956078292839,3589.7795620233583,4911.100579315089,1861.7521824491325,3593.082761007727,2685.789593799334,4333.770243431861
3959.421953889375,3173.220131772506,5212.108123487799,4067.2596971383437,3502.1262172080897,3606.575071317092,3525.2330758233434,4164.045627572037,4119.148802241371,3242.0647368888085
4095.932052646728,4287.667254507473,2073.9233766442035,4196.589956699871,5484.923151959618,5407.0875926836,2081.120436737785,5164.577039831176,2267.744691848294,6059.770980002271
8289.716230580972,4055.8473446382295,3836.4830541714227,4309.93421958037,3715.1790691033675,3558.086148561551,3116.444450556097,3870.6877955476148,1913.015934859185,3450.2229990970472
4335.849994807229,1567.73194379282,4565.27280648464,3928.907642956249,3581.4377296275484,3576.6765076215293,2885.121229122834,3808.166129511661,4223.710902286051,7451.035018090778
4625.370354778983,3182.6208927471544,4508.397129186668,3199.615319456917,3364.5056738606645,3439.8355205561165,2945.685263363923,5603.5598312168095,4831.033843421197,2949.611590035532
4265.469357564336,3018.067620867895,4843.4608017456585,5188.547483267786,5583.421714129457,3898.925516299678,3523.394790709003,3615.609384979712,5247.547604376532,2231.7479722827165
2229.4102761885506,4445.352404543133,1283.1945383329949,3228.263397591858,3548.469689797944,3109.4490152326434,3058.249859681268,2738.246998827641,5297.458571455274,3668.044558762054
4805.267458314635,3011.859939105989,5478.468836686119,4087.2018729966458,3619.328009988679,1384.0681062338917,1555.4928028168652,2205.7430223164865,2123.492840508713,7342.040974908941
4565.509967125251,4804.944045418801,4048.7598522009293,3957.2403696865467,1923.9880756847715,1297.8171206720872,3664.444300537408,2470.9804470342433,3128.1779085779517,7309.862122007226
3628.00243318309,4464.315595023861,1604.8383911947535,1473.9120174612244,2255.2223141480595,1557.745912933669,3711.112467091143,583.155112295923,2106.4857462128366,3104.105912750831
2034.4685017627019,1823.1704384060413,4464.400401622598,4029.404780663706,5862.459028486279,5279.364717515603,3575.8901950015847,3777.168693167188,6616.099387459841,3572.4975561606566
3880.624177772461,3438.0845386679025,3840.021299761296,4503.295339382963,1986.1563838669417,3389.8708923972026,2080.021735625536,3817.154721043731,2098.613800133098,2344.202282804413
4669.275332318868,4815.818172640755,1928.8270090354304,3762.3291133312314,2240.9215014587326,5280.144810496782,1961.7608834803323,4762.781756059921,4555.681099321426,3177.466522872099
2293.329821423976,4002.2460708129165,2257.861849526059,4142.4848324177165,5882.590548795806,3635.6139407347955,3180.209392063222,2961.8922221172056,3294.436367019463,2090.1864009446454
4349.010512576582,2759.3593976332795,1475.8967704350484,6112.375085491603,3518.0420208004675,1284.9846002113038,2808.951946277758,7788.555948439111,3272.249636508685,3515.883379882578
4325.514173229914,3321.4361626727355,4021.256345723513,3786.732345979465,3351.2146616616737,2352.2124674098754,1825.3308630273293,3935.646045036904,3662.3491633321555,3204.5338660587995
4710.606486457251,1668.9922847089592,4118.633496495323,3573.6062726585124,3066.8359166540267,4059.5562154798336,2052.9676431040366,4620.932872209703,4046.2507908014545,6035.056971676449
7488.54416972452,1748.1411341984037,4757.084698749798,4335.227031347335,3163.242575752003,3165.7411208874655,3222.9248728874254,2809.635555510532,6391.057120277351,2066.5569132694727
2628.726829301502,4175.986574630606,1229.077310189079,3993.5186949769927,3012.044957204872,3773.833905199671,1314.0613640546585,3227.7011482033286,3320.621846068083,3447.7596624004555
4059.990118465481,3886.5902399403094,3938.7940185561793,4199.05065995818,1937.965687018975,3424.0100399914368,3548.8822607308193,525.4720604664666,4378.54549338172,3076.7093447883412
6889.119522825506,3837.4606457960463,1609.7683496329566,3976.697943330232,3277.3549076633794,4302.492207416034,3036.3681535811784,4561.234644678867,2777.745559896111,2169.7727398411207
3864.7199625728736,4953.094319062098,5503.786554727072,4136.950588057718,3149.440071537039,3369.5849438466457,5669.386928008582,365.16526117235105,3636.535043707304,2218.753553311681
3688.9012982793674,3078.0088418823143,2098.5830607081098,4083.6863247719093,3176.8584691900846,3532.5477840649137,2142.178766407568,3589.630484124383,2947.3788797057878,4260.7210982089155
6951.437912578165,4092.8067376246927,1290.3743428298837,3090.2617288571946,2054.1690544831295,3911.289707169551,2090.860672641511,3805.911373222515,4146.53507207401,3362.0778892591393
3638.8883163345213,4067.4280119941623,4095.0994487547564,3426.353809217171,3165.8052417119134,3396.4173009047595,1782.3964700931251,2328.0494571854147,7907.009165510757,1403.8243823074633
7540.26609521405,3051.3097302176825,5029.622449444256,3692.264974047196,3114.2055603032095,2448.7467379235145,1817.7105203417768,4465.882141694225,2147.9333938285927,1859.4061824134833
4292.805078587322,4034.5211354913026,1444.1110338579692,4140.036527625033,3624.1310204315037,5424.9387657044845,1645.4077912015464,7004.679214993283,6377.659092863964,2502.594008217676
6363.589299275831,4150.599104819064,2297.487238903829,2852.5736867048136,1967.7699546850936,2690.000930498314,2403.799331737527,7105.39794333922,1880.503984750079,5630.32939862322
4503.9454627397145,3511.654988999316,5278.607783459022,5686.984796935594,2053.62917339823,1473.6544606761254,3810.13036444467,3978.820880514978,6053.722139683485,4637.602283943903
4638.151578582674,5676.573693852973,4520.990628887239,3941.6470159509126,2715.673476909786,1397.5100773977701,3995.699916178585,3891.609748490778,2072.8513745266264,3129.6704095274504
2289.2344879276798,3312.1729546056995,4485.507577016052,2887.529324455372,5886.077180534001,3576.449176799661,5517.862521450048,658.5413965743666,3003.1300743449433,2369.9306181785314
4692.993557261068,3436.806656477458,3883.2856241097675,1478.9397563929642,1895.5782436552397,3624.0498699431246,1672.9722580892098,4513.860202896037,2058.208742706489,1267.7184920878508
3894.703985645181,5505.435514245165,3670.58338190662,3487.219904136996,2798.719119736027,5238.224371389004,3352.9229752595647,2293.338415934227,4323.651410762184,4419.962301455595
8494.903685987629,3371.5770827358597,4545.601146290173,3820.503385130608,3467.8930081031344,3418.427799673886,5874.334449041795,3727.674983235395,2595.982049640679,3423.998125070889
3754.3517923291206,1538.263033250798,4487.080158106492,3822.9573859932334,3344.9575370962853,4071.1226867884893,2894.8156657713425,227.2282430226678,4334.294307958848,2281.54505675015
4152.323271472211,5458.902513109815,2315.913257137835,3508.7102497764145,2787.9888210598774,5216.159790238414,1495.5599471679118,3711.1352270505035,1811.0590579248305,2256.361050127058
2468.390734433422,3747.541517927447,2157.704316605125,1383.322428190062,3087.9932959721773,3670.925716527399,3430.935534420621,2481.532394137242,4187.817118873083,3168.1039434255167
4285.272506254303,5294.4561264583535,5049.476226807596,5058.793508623992,5381.607740069022,3308.141845253364,3226.166733991505,510.714265550918,7444.840520233943,6270.524743077671
3574.805590006673,3947.104991720491,4552.354598349174,4422.921014559906,3113.884597341317,3772.676083208182,1909.3563499137613,7420.6278007350065,3969.753671756343,3930.7195210171335
4442.090285611133,4277.469423828527,5023.575153083944,4249.466098573331,4512.5597225699985,3581.8812597102074,3639.5377579464985,606.9040536221204,4201.779973458331,3354.3349316902686
3498.2062129961514,3024.555578659036,1934.3103231874798,4396.736578469126,4843.842882236,2166.013176445979,3415.196438694692,4797.0559956858,3022.302520279191,2206.630299131682
3470.1909931756936,2595.7237345687063,4840.847547634173,3936.9381985044847,1981.3008203686059,1383.5022175711104,2019.5496342836523,3835.5254278785847,2029.6649016023866,2121.934727979149
3932.8765823472854,3762.6645681611208,5246.245298763555,3290.4650174620547,3600.0291820598463,1244.2691355246325,3001.1431141701814,4472.428490067312,2144.7317877997725,6173.691540555838
2349.904859374823,4425.6433169564825,4046.8874613374005,3780.204912768044,1990.5596881711783,5266.017245064806,5752.533898515377,3446.956292674582,4093.3456910401765,4565.621139802512
4790.8085443372165,4206.581722957005,5619.894521098964,1491.2887483144095,3414.3524901280216,4137.8521891847095,3466.455044366821,3832.904104198844,2592.9434433375127,6974.851680216536
2000.1802373993144,1918.630939933938,1456.5315750549635,4605.960546011587,3114.4726601964044,4075.531517730867,2090.3814180027284,4875.936897632482,7160.405830906602,5637.683650027944
3274.359854616594,1721.2365791043449,1178.2235270668546,3964.631639847101,2098.054380897207,1459.359843533731,3044.827749885865,3363.5765406744836,3384.111548431807,3395.369985126615
4439.778223630958,3957.4053486548646,5023.169725379039,5512.644859654525,3394.703642221516,3335.4766819572405,6394.64062329383,2669.616709510884,4153.526152343292,4043.318902220953
5222.939179223859,4400.655930477825,4620.889020417802,4147.3280713278855,3737.87084451384,3569.06283915696,1894.1584852971591,6191.30533598142,1872.3032240097643,6640.305133345475
3748.3230136979355,4266.08587473919,3816.0692980199865,3292.8850823996154,2093.427443655754,3093.697111886809,3550.712800146081,417.35766414438274,6773.147959831384,3104.6337352576284
4232.770864886536,4688.194013996757,1080.333088504811,1587.6122869909473,3697.651735608684,1229.841142279191,3140.665562639539,6206.040801098573,4045.1010649138498,4786.078665856587
4717.1742363575295,1774.2356482554935,5350.458588437736,3759.755122413163,3522.776969310443,4244.059350283849,5833.079380523797,511.76618323567914,7365.19456602076,3683.70330385915
2201.1333559451577,3107.5428256265272,2174.5279705136295,4938.217912325173,3127.4444496335573,2278.395392729487,1499.4951607805106,7631.500472205172,3656.437013665353,2547.301352745857
2564.872399756561,2008.6884903164637,4097.7755551937325,5066.039706768453,3261.964424943093,4714.274824597812,3029.7307289450564,591.387830525489,4904.225912595895,2358.923093553854
3772.7680193731876,3752.696806690997,2223.975033150242,3714.431558507343,3552.783705335868,5576.096141404654,3459.1337519168405,3786.2035808030582,3813.300613463352,3220.5178499132244
3965.612582634439,1678.498217848256,4806.447862880651,4384.035109001463,3325.528502080211,2542.385620633446,3471.9342345648565,4896.942150183901,2529.1234505316293,6410.293637460647
4448.135190620319,3782.5698831586687,1249.9566700025932,1387.77758253287,3040.0153093512827,1331.04419750309,5143.718826763354,3573.4935392371,6674.778729986059,2398.4028658069865
3490.425183753763,3558.663715709233,3725.6291813598687,4055.349774361538,1993.0410825218241,3185.482175478792,6197.704884851231,3727.127689231452,3858.917058160502,2316.7200671054943
3493.956258131182,4093.8570026880298,2471.3865283084906,4297.169106213662,2139.486444518511,2988.008906696813,1818.818573832109,3900.2452375435464,3630.554134087224,3627.6454023963825
2675.256372203329,5123.356313556458,5095.715998549941,3404.742240274546,2977.726770500572,3699.306871481247,3226.371584031511,4412.139091084786,2864.572818816684,2391.377404205151
4118.21517290495,4027.373919961973,1086.1817864607235,4145.707374206524,4974.260646780884,1405.5904702473435,3223.9624246577123,492.7638917171914,2803.6312464156094,3167.545498035204
7379.2455017991815,3801.8557938757185,5569.762421949393,5452.084188724531,3570.5968070220033,4787.1988233639095,5962.817922810231,4148.304532234444,5270.532372790975,4483.086351385766
3548.066588522064,1522.393876584573,4799.018749364252,3835.41919244133,3573.3785573241967,3671.6080982188714,3623.225068483471,5009.539035002601,6772.690705291809,2263.407919475631
4168.143852132986,5049.567546409058,4238.02875851847,3323.3129021678287,2027.0161331043796,5058.652493912698,2764.368725796739,3769.4887316611384,3734.2618671787823,3566.001488382433
1982.5331829623562,3921.6273155013505,5723.155755315349,3776.7383916508065,3347.4806457776476,3436.2415222706495,3355.0272267357554,3582.2944839032652,3671.1967412876847,2345.6541223133754
4108.495224340953,3543.4298167713414,4485.787593011121,4219.89816573612,3259.770216199763,1428.581016047558,1917.452099938751,4106.725656289133,1654.7007576806743,3187.7414116189293
4186.451838259392,3597.0301205994224,4449.2656952136085,3325.496549350767,3584.1756597390986,2426.3287202200754,2898.477595341731,4605.98223365269,2342.814640781466,3299.4594289152787
4905.115670582465,4962.714843234027,1267.181293852441,3375.1559249416373,1965.000781527885,5638.646551643977,6029.055011380589,3887.5900185685414,2094.8158973497243,3218.30865563721
2935.393191143813,3855.463306599915,4943.871643739514,3684.1742187648115,1974.1021712688876,3823.3453129071086,2663.716486166863,2497.994867852463,3979.980710249072,2400.927591611587
4174.605914842505,3543.022118752051,5151.773893947509,5346.634148751522,1835.1177218967491,4908.127618688906,3299.7067454652215,574.0746704527696,4014.2457157913204,3357.633909844962
3907.3394760131964,3373.145613869314,4413.183586371899,5292.861441154197,3033.0717214669094,5060.051406297066,2732.18157831543,3663.50302585606,2065.5407319490905,4577.508766344807
2044.5385806324473,4043.6060099449523,5503.173192479251,4218.414741169876,3033.7801193291134,5296.853840414213,2990.3267324106887,4738.848629513784,2200.7098602225215,4094.8354607525707
4762.407204392177,1731.1932062774054,1178.9717450321991,4695.913324660748,2863.999985002678,1372.2090197830703,3657.2979145148324,7119.012919085337,4186.423567250283,4454.8035721079505
4223.591836913347,3123.1627241639535,5446.809687625178,3154.1945563392615,3442.311242481058,3403.022625128803,3286.423098842679,3685.937174762013,4051.3058503436814,4202.890458855612
7089.403647970179,4073.1510414144714,2141.1876306633635,4038.233099113427,3767.862887169422,5214.37844147547,2413.461414095802,4853.852532839322,4069.0469293142874,2327.38601183346
2976.3347491791346,4229.031370258422,1437.0096583442992,3805.7928844463013,3643.785390336209,4669.83568286101,1860.7681868016907,3806.0946513317335,4606.367832512332,3415.47884295422
4880.9205225652495,3794.939568363635,2007.9119541475347,4887.890908021527,5235.67809153756,2655.4955268938866,2386.359432558548,123.74550070375693,3984.0208686806436,4246.440886546473
4352.321631941135,5070.690597940701,4962.07187177847,3581.7991999203405,3420.4456677013413,3477.460784234151,3741.201788777336,7950.768643009669,2619.2728428251557,3346.663632417479
3748.631061834096,3763.7752296516483,5622.882827785379,4442.869434126719,2107.352833171307,5590.592280384533,3332.356743494481,3879.465578990793,7094.631863899791,6878.512711186495
2026.4927489028191,2642.9133074442498,1328.5708289699694,4430.411300552657,2075.775479433847,2917.005411147625,4757.15109187993,508.0528438490476,1980.2282871785872,2405.03215914624
3099.7725025845652,2957.0949799469977,5372.013259458892,3787.8062507881077,1858.4018815938098,4214.168900666888,3237.588341628777,7002.942089165453,3928.1572335611854,4680.078879122369
3962.2761918643205,3365.6938121723842,2246.664954569498,4219.469734729784,2448.0268860722836,3706.8611083689234,1842.2012080992051,3753.3132627790874,4822.646126043755,2212.052845284219
2239.84323742647,3216.0608566622486,4905.397201950533,3624.7968852004997,2623.650424491649,3601.15063945361,3181.1532434768137,2528.172003574561,3732.684099991793,6265.83626681059
7116.339395184732,6021.072560771351,4926.923266798305,5219.845968760219,3412.567530487539,1436.9190203873322,2110.9081050012774,2050.0629382998904,3742.326926443007,4303.93245367345
3747.8793637929875,1580.2676308958703,3581.1223048311053,6080.791750011105,1957.0301636156385,2618.572773246964,3070.963824445894,2182.8259225259408,4041.377235404254,3528.96085765502
4474.38843805402,4153.5199576897685,3905.8341359279084,4128.367200511278,1954.4504651454024,4199.979052460672,1701.4407238049594,3915.8608312895553,8043.983683743149,3245.1600584235257
2019.2281047201477,4238.319320763504,1993.6354216948707,4621.0126773258025,3314.943750808781,4896.8396460703025,3818.846818770214,4293.916655039753,3498.56581243485,1618.9753052579108
4476.807196586169,2993.9310111687173,3868.051111399299,3810.143271702194,2108.7593836994056,4446.766117770585,3499.0974954975763,4300.707750952903,7513.233484407347,6428.651066658587
3925.3023424428698,4376.599651070416,5013.546460547996,4260.898392474281,3403.359959778689,4141.964920311197,3765.1903836263587,3852.326738025679,3937.233701110168,3582.573057595626
3885.393956904384,3331.3038630559286,4445.849052215428,3909.758332104673,1792.5319914712463,3526.3500337954215,3083.0290759909435,2655.261901882141,3008.6122544629116,2308.9715734348592
4157.237483022587,3742.2532248606453,4232.295605799172,4256.176863221674,2155.560622102088,1404.9273504837897,2662.745725492521,6248.920873512828,3854.309347149631,1860.4362258504282
4690.8118956705575,4777.361249408308,1012.0108548418775,3847.02788549617,3387.4221805685856,3581.929283307334,3031.312904925888,3922.0683754135325,2014.8733207232285,7039.835864569895
6301.59194904012,4687.433001665266,1426.7524043891456,3998.4438321479665,3458.9202007881695,4495.62097366695,3374.711482433211,3671.6889734396705,3051.9706168328053,3729.2071745541894
4845.4465299408375,3303.4129259939896,1461.4087920514894,5273.40526804999,2317.005351608522,2642.249338616719,5706.362335048839,2290.8782563925083,3999.9196713914134,6676.814363641153
4827.476310395965,3084.8718403591083,5155.7907317444,4309.051056929233,3494.219296000469,3006.667832714059,4486.985653531196,287.88827485539616,7463.091216672556,4182.570979626883
2025.4467037329068,4518.893338151849,1530.4542393175218,4183.757151718843,3406.559155705241,4027.839442815632,3361.3235865713423,643.0868738037858,6276.173988108107,2291.7573849301907
4277.63438505906,4069.238687340956,2236.3496203273526,2954.001130215226,3181.3035052384917,2811.892584606175,5747.193674707654,6663.47068405438,4137.5115822304715,3695.25498987269
1833.856550604758,2816.438568086758,4515.295626136822,3124.442112591922,2997.026340855608,5006.303996528287,1858.4373430773626,3722.707623900791,6596.8477564161785,2616.8013391537115
2320.8566329683863,3333.4082922343714,4107.397819215727,1457.3616809853522,2615.8332484033804,1463.2531617122797,3222.0398187750084,4280.435898109232,4300.7736700395135,4213.202296906447
2199.1496542008695,5116.394500374406,1054.723548958824,3188.0024831070114,3440.0474554498714,1485.5744765274578,1533.9911602506172,460.8984425393123,2581.0473252745974,6300.5442416232045
3178.766704382454,3463.346474023064,1226.5864384746465,5288.712888262764,3019.5606136440215,5153.8596258543785,3055.958741050479,2276.8957188120344,5455.075094588519,4377.496463285477
1982.0620776038336,3184.4374209415228,2109.0595100147466,1309.9295403072597,3368.669656603972,1498.6799648811425,3105.238258492237,3241.137573242566,4569.964510960834,2981.5311685190195
4198.8763903696445,1906.2076110061926,4998.848299275015,2454.5036720950075,1964.7933290545543,3047.902869405867,2862.920400022817,3837.7091238291687,4110.565403581775,3248.004836567633
3716.585498780766,4937.050423546782,5274.140441445108,6155.078064640417,3487.344992305997,5327.173091870178,3175.0842065925285,443.15945305097625,2793.0042026101637,5386.444683053514
2349.440419625117,3205.206248641001,4516.860440417623,3470.5642064148824,2187.165484443214,1572.3175721166203,3643.2140809720177,2574.447286021466,2170.0195705278193,3472.474465530017
4078.0591913255666,4132.232608510728,4377.055130507265,3609.0844552394265,3199.12135236457,1468.080922218423,2311.007582783045,2306.58609908565,1955.0047768358922,3426.6094229969326
3420.145821566112,4259.399243981754,4336.047743005931,3353.1854173014262,3449.9053440577177,1547.3128565111774,5570.051034716973,3736.215343336333,5001.489164583372,2300.853872490076
1940.9003285117972,2976.846363451839,4623.303651099924,4136.82076011943,3462.2966178706356,2954.198096383655,2911.927739636889,4434.573454286749,4226.568535674963,3397.851028313272
2255.1564179491434,3477.8822983403106,4458.046077197853,6157.65890919947,3500.359918586379,3747.937987487471,1454.613276830999,489.3106653586502,2840.340416273964,3053.7556662725387
3727.010244890482,1671.3448026754465,4630.699923220841,3477.0465404894053,3505.0698240987285,2780.154737624628,3165.0330599411836,3738.4913900941683,2004.3097588866403,4635.690933407789
5020.548047624487,3554.1698142089244,1615.843453207674,4413.918790678018,3363.4916141945027,5904.002835156893,3583.379956406528,8132.09894026455,3985.8767415175707,3297.4599644889604
4667.802280453729,3748.9316730399732,1988.750032849823,4287.721340779035,3369.0417543412345,3697.9417758795526,3482.413109266642,3756.037758692879,2953.042919090895,2127.749249696788
1891.4352594980421,3478.9817412685306,4665.842505726805,5417.144080184168,3651.7283258431844,3555.881564852806,3545.591574638157,2632.3019257894975,4056.40830613615,3065.560914710561
3833.112134665217,3378.8188509448264,4478.194796976697,1517.2407512670595,3436.2837925181284,3336.8116570037737,1213.1520068327297,4175.565370671882,2059.3336244031866,3432.527691660819
4049.6896101759394,4344.998106792196,4248.3692341016595,4462.724185355305,2874.9245204931512,4019.2085350590505,1937.587383984585,7614.187982362836,5058.751856233747,1538.490560516133
4092.4794459526847,4134.957614192425,4159.6028711887575,3950.038949536817,5461.9961220116165,4269.082107837199,3438.100532242427,5168.498329304339,1831.370156733903,2967.253471920249
5222.8160706162125,5644.464830199777,4513.539044439278,4336.466277707503,2101.941504918123,3623.3562645956195,3726.1762037782473,2516.4078485808777,4039.9100181822205,3982.6456951035134
3871.0426849282653,5307.395734012845,5482.052755238231,1548.466281554004,4934.404091370334,1457.8559607223224,1168.778225334093,4016.5060991443943,3542.9619338505518,4749.393983668214
3945.5104037732626,5296.642883366969,2276.604956265095,4361.996133927656,2185.416300316508,4033.842620141291,1765.4974133767819,3956.318387419908,3698.573781146052,2971.922555023932
3658.986051042489,3449.8886948239096,1640.5709228846822,4278.140668258793,3294.216411507433,2623.105405708906,1839.4900506572424,4027.0637100635404,1954.753365393285,3549.20881832687
3824.48918568144,4080.033749315603,4974.885005429069,5271.921832161111,3409.114771384686,3077.0365243273873,3164.7906038180568,3972.994734202885,4246.91440345978,1638.7371206378848
4503.692463800197,3439.568181349435,1191.0718068212834,4257.567905221089,3367.7902069226266,5163.672851265705,1674.2613524639394,2451.074414583824,2699.1524078368807,3486.204924320888
4397.263477237079,3087.1380021491927,5270.994882093218,4171.4613160686695,2064.605947351395,4204.047244523692,1956.0257593252923,3544.0631981987335,6864.555516923655,3380.8121078232593
4752.456377636034,5342.4392146831005,3811.8171518405734,3353.5719896910996,3457.643612044533,3408.656561992495,3127.122993843709,2160.136820916492,3636.3824912603586,3661.2657658268245
1738.8772141457289,4248.752240258469,4351.666227451742,5570.682641698666,3730.290635419061,3837.95649788352,2081.9849217728115,4190.573559055338,6355.512897002443,3143.272434875631
3627.767834004755,4100.52836818031,2104.7665794335103,4661.155530150072,3317.0735507807585,4173.429260688944,1303.836657298458,3917.734048162213,3764.1936965561868,3319.7075222625444
4343.214046480181,4176.382285872984,2391.666234677071,4086.8109232114575,3535.566162610272,3623.868744081007,3268.6975603711817,2333.243771239063,3975.3515092070206,2032.128762398517
4483.179290277512,4365.280382854463,4371.246644407635,3508.5386516790095,3207.7333360206476,3972.9570396750287,2033.588836220159,2304.314060332529,7456.006808627932,2167.3116541863546
7812.938981667132,5695.221366211063,1548.639584052839,1711.672080496733,3557.9713985008357,4607.51881799866,3333.8183478857986,7366.248848390278,1799.6809409059738,4092.444743954926
2073.832937749528,5426.037505627582,4931.467543888357,2515.7846193759424,3124.6169438438396,3488.5864498737947,2695.3292428723116,3651.3286357356383,4177.3473031037065,6677.323636767006
4935.734875292416,3362.0365521842004,3757.909145583915,4402.533245725325,2137.3355784624396,2580.343448547907,3807.447290075901,3912.507398067827,2011.7577230313634,1851.3344513826773
1825.7216304585725,5533.644634767783,5869.586085450254,4200.9005178067855,3085.916104048778,4468.08215117805,1243.4740618485857,2526.057042843114,4259.413115434445,3020.3153129511834
4930.5949745088365,4252.710982953282,3861.29203156493,3840.6382515002124,1922.189577030337,1632.8912159648994,2396.3506704278975,8063.146856202998,4238.0635398411305,2969.1886264699197
4068.3913615329034,3415.6203234638624,1306.4466140016407,1599.7154357563513,3558.5231680236334,2825.5978715986757,1927.6090953260386,4127.55732312298,6924.335749455483,5818.584128444609
4759.6074914654455,4017.2714638163307,1292.6769986481763,4336.402071431088,3400.134518021332,3750.2662136105155,6343.818377226511,7019.355191473048,6204.495749471012,2341.3375320107752
3985.050643429383,4099.232450913138,5721.152207074683,4638.056201830033,3935.314400077894,3765.3024678759625,1920.5826442882192,4078.975181823639,7166.594506024665,3462.232618773878
3893.8532713156687,5275.534873327986,4089.624416059759,3864.018863392909,3250.5999624927517,4119.962187880766,3488.0710332225103,4669.905887060137,6336.5661023184975,3325.952162124743
4562.386098761216,5364.74087979412,5334.8206141983865,3840.8276590967052,3355.196301781545,1338.4493526114684,3526.7499144259154,609.3701719297205,3549.46610578713,1608.9530409078436
3478.484239028725,4388.865810345378,5452.48862157575,4233.7869513795595,3328.7719157800375,3759.284053441452,3143.350499789699,4046.1697762240024,5958.285165021147,2411.8113344788644
4592.590264119234,3378.219339483872,4219.46064218985,4133.978202891954,5457.500181665992,2441.3081421126158,2019.4576118879272,4353.52155299724,2343.5046420312187,3469.600857428179
3704.888922990615,3253.507631851101,3910.912218756548,4359.814814267106,3443.979393137563,4362.300499365444,3670.6045462187494,3970.597561142393,3580.521849542515,2707.473154865525
3568.921931614591,2790.8980507480337,1505.7165902689983,3977.063065492038,2179.6721111190304,3977.6616490543815,1752.1236345929437,3690.2318193958886,2121.4429538448826,3615.80906855619
4236.277862635958,3149.957467644435,4760.775556055216,1615.8864400751957,3861.7851624858304,5549.374740388019,3428.26491625953,2564.618481389762,4061.3322633239854,3670.6159787122197
3326.7029824545207,3507.176203149211,5053.151170575602,4528.803228094108,3474.2595231988257,2300.6602672913386,3247.6028301286524,5836.219387898532,3913.9856341865434,4695.746518398497
6598.760715612842,1581.6216713819008,1208.8116161784963,4009.8026145960794,2206.15072315324,4852.033497154096,2099.0016522954584,4196.746673082875,3102.28250188283,3477.301233180198
3624.564663154055,5466.07054733615,4056.516857300003,4515.955857358579,3494.4205289930487,1596.3794359358471,3102.4049682786217,700.7463629103016,6290.644465178324,3052.863729065957
2261.976370800776,1446.9705719217304,5369.673523146654,4328.240989190518,3932.91596386768,4296.119487282623,2020.6979362335483,489.6033289524522,2131.9244690955493,7500.67255240316
4017.951621759512,3234.9217052665354,1336.8804412281702,4127.549891954854,3504.689153966092,2705.2323162011653,2285.6376842635536,2178.123105440005,7366.91976310003,2304.522482785396
4924.1891298928695,3336.1747878302344,4956.601617277687,3683.6212546450997,3347.8710980832475,3258.8861488117764,6322.501095063566,2563.7746530700297,4268.31322075674,1284.3694322741892
3944.2409547089183,3463.028437291012,2105.8213608080528,1399.6659607460304,2086.054197831033,1430.4587280226667,5373.082224753658,2500.254667812357,4283.625378283469,3369.738136372371
3758.598750885545,2942.337937594194,5343.576918291926,3642.8590655218222,3123.561235407353,1440.0457197820854,2695.9535507652054,3821.970341911171,2405.618077499871,3294.35700781816
3907.7102620026826,5036.124739160535,4068.8516356146065,4073.848580342088,3330.296291504318,2438.204653005943,4722.53363259252,4581.177393553412,3364.4550054371252,2976.873450680575
5275.874851577106,5410.120554497173,5029.90337618761,3379.225625866815,3379.834785014542,4574.395505852126,5464.734466949263,2374.5845910964504,3975.227887692095,1877.220807657788
3793.01969381863,5235.360572384009,2219.9680159110817,1294.8839665342628,1864.5396825327502,1460.0756399371605,1757.969186923524,456.32222166371713,2217.7924194856664,6823.968885217157
5130.555393410676,1962.5525970811477,5127.589243665059,4404.241940406942,5664.29087666316,2353.3828277507937,3615.9444409536545,5225.665528375268,1293.5825740444416,4513.090931389419
4069.389231221917,1606.0438908363208,3502.828346032045,3904.8734911109796,2916.5822343603973,3304.64639018835,3563.9314409493877,4644.9640937136755,3840.4941760612674,1083.3363021579296
4136.497541809624,3341.1873344856763,3459.3460196853575,4268.743075599428,3368.9800237615354,1427.4444855497309,1951.9126106872777,5521.329298516811,3957.413734762848,2262.0966325139902
7924.516166081297,3989.7459305926723,4243.5042108479265,5157.924380215202,3069.5668469851,2725.557878481734,5910.420025477769,447.7576819956273,3217.2818728462,6699.760955660553
4272.900290685973,3297.453490419818,4921.527626556061,5769.930944689288,3241.7284725086,3971.2952059800377,3718.7632401556593,440.4608654046738,4163.748161405348,2263.8626466718956
4879.271073275255,3267.184397602451,5464.62763184004,1463.2498162097504,3829.328005333464,1146.4779830895193,6214.013278504635,4803.378880021186,4130.561650416429,3388.181699892677
3768.6653345447303,4389.51273153376,1385.2486472755086,3321.6072565555187,3149.7715888429966,3652.568389971912,3254.3334324572734,3734.8007578298707,2854.3682086718522,4560.718888018713
4439.333179939793,3200.365331193528,4287.797260915966,3796.9119984223944,3279.954679974737,3446.806694786642,3026.660719258084,4287.184566159231,2018.706378747434,3100.957584125755
2323.6282013945174,3484.4597773669066,1376.036384372027,3108.0821045664457,2325.2196374831847,3443.792398838882,1693.4881840243024,4551.462386307363,4401.57177477438,2487.286275353401
2868.5924392805073,4727.964810550705,3989.513877132422,5202.069546513409,3602.038392473499,2334.607594171875,1665.3490617864968,3840.7839088252795,4728.0171886150765,3133.859793205447
4001.855485146687,3283.562576525873,4220.601761003117,1424.8822958491094,2352.2833280422115,4572.267328844586,5583.4207137091935,3963.054861330207,7451.55437538478,3362.6931201373877
4756.186767478185,4417.034226131443,5113.6068500495785,4306.8467237039895,3802.8818633793026,3952.819952533735,2102.271637384548,4200.942454964264,3870.9559758544383,4603.959004326623
4379.968154989224,5320.800973861829,6010.289507669895,3660.6308802540607,3445.7742667406737,3896.506194149719,3608.9011217102634,3144.373862361271,2025.2564631397627,2179.0766687445544
3862.5659102631694,4067.763106795292,1375.6387740215607,1661.1369117631566,2229.4981085032405,5181.157444007629,1563.728733517837,3997.3896473877467,4631.045142689532,3374.1755349734103
4216.680574996274,4249.223685000792,1369.16643584499,4252.767387585751,3418.0920570410467,3673.2012426750834,2727.4358358257064,3386.6367711499142,4293.342253713587,3664.579338473771
3393.2065173502665,5441.407876527161,2250.219704152366,5430.280145990329,2044.0035864344895,2708.489757507532,3507.572057913234,3067.8380213233413,4111.924852717699,4357.500090618052
2409.7890201920036,1374.0847861973282,2086.4472987094077,1499.8852100132926,3470.5245802832565,3696.6023146323687,3535.4200288943803,6543.557147431772,1815.3317379285527,3636.883269952107
3974.2664743549694,2981.455425345777,1504.7751691986505,5862.458601029383,3369.4296415692825,1333.0146224536866,2684.0375861390703,7811.932246167018,6778.840447505234,2220.2213583905195
3781.202574997554,4102.284244189325,4050.520077492576,3767.134206648656,2286.5950355388236,4384.159858257516,3556.8472290143495,4409.484688891027,5469.801672857684,7650.486755471969
1841.3676774090977,3175.8290870063447,4941.738542659866,3321.7728640978157,1863.6738047040453,2815.790279824108,2910.0568166065673,2271.1074585546594,1949.8576483481402,3259.525657319011
3317.2124731590975,1902.8455623030072,5024.73880768402,4190.504029796962,3188.8361740574724,1459.0501038466077,1906.9368365294938,226.3422482029021,3417.0183825082922,2250.1935643672314
4098.317976585803,5126.013280605157,1602.0217112738997,1693.450174820239,1931.9421933824092,4969.74037709754,2878.1097821705766,4439.653085975351,3934.7677531025456,6077.341680756303
4599.372542554361,3866.550720491675,1557.462093167762,5633.2945381466125,2064.4065099748163,4135.332175833078,3221.2500408547294,3952.8357038324757,4657.998902309069,5489.28395047315
3227.0796443755976,5606.18096149261,2097.32564077437,4547.418490886856,3338.417635440701,1505.9936344815956,1744.8546192630286,3669.128479577046,2416.2806192130884,2806.7037827837808
3912.695449478714,2612.8838545269055,2062.0733001941117,3757.7123584365113,4527.04941295151,3073.854686593374,3496.878007920779,3717.5435892415467,4048.8406069328953,3632.6492452502907
3646.1178120339937,3945.771814802775,4667.467855006352,4056.3409754189483,5826.721588018734,2586.3311720143906,3212.537186908313,2082.4610502603236,4130.750884953924,3455.897292817033
4769.994207527343,3879.9280255060776,5840.758230206214,4971.59063697949,3570.190347230997,3792.6891261548603,2480.6656436541757,2548.028837697242,3148.6701918774934,3033.090775885514
4712.711148892964,5399.989273552774,2069.20476515838,3699.1888595720684,1972.8836417297025,3642.208747383317,5588.182185904375,528.5295302454741,3905.7258920836935,3467.7834166530174
3860.205529608425,3492.4629093049425,4084.099706277053,3911.5749461944624,5790.591471170343,3878.4270852809004,6438.03521250519,485.0087437278435,6679.729835752445,1855.4162213804775
4202.876435391399,1809.9308945504533,4860.899252017859,6095.6812353451305,3465.678734722347,4089.3454222699484,3040.7261038663996,3732.762835186671,4007.500395664987,3313.8166124738377
3378.7459007822263,5257.911403090816,2117.45112843435,3481.7774150407176,1879.3522492544873,4199.453438773497,2837.1329573899084,7415.228018559741,3355.328966046749,3114.399047393451
3554.9908944088183,4079.292905711618,3657.447117138328,4034.104407028714,3332.62276666433,2616.4488223478047,3035.3230137075834,2446.8427910371033,3893.040316661059,3436.776632806613
3854.5954175248326,5577.3835514793245,1614.8967716567445,3558.117436712285,2074.496725170621,2704.771499819648,2972.9329404912955,300.5947768444332,2056.291129245022,6400.330528154087
2918.0445573614356,5688.311580607482,4847.3529709810155,4279.633362157707,3423.5698799783177,1424.7238951039462,1448.5349904577838,4190.2447854462525,3186.6694216260817,3155.0950686409824
2364.081822702726,4872.95949469051,4650.2631047604455,3187.0183658592828,3507.027300455622,1284.4991498483826,5402.389793018754,2451.16867760715,7227.026657619258,2539.8962988694493
4008.0110749372834,3968.816881548482,4579.572547320359,4671.683763730659,6338.1799484478,3611.4515232833946,3626.716329545042,228.29861007657672,4250.868107687214,4685.157772306424
6788.203110279574,3776.2740172530807,1919.9109449726557,5625.2669394818695,3274.3921404737603,3562.3861837955037,2945.6590422795016,2474.78671172764,1760.0050746163715,2190.551859618648
4118.009662415678,4924.250802153987,5163.4176769305905,4319.587424570411,6261.607276220811,4201.184001468719,2635.0671376755845,531.1331868389397,4364.837561931839,2420.643765396112
4808.823774293483,1512.4286192414745,1390.0638315919277,2768.2160371487116,1656.8298736827976,2832.1676963348173,2807.85450194194,305.4620580770118,4322.538599121153,6827.945831210642
5172.723332345877,4137.361305047851,4281.8404947019435,4381.485448231328,2745.9606558010764,2623.3492789381507,3194.0850090354547,4054.0034668705566,5835.454059848026,3340.7914481465086
3364.2630050032085,4067.6509886099516,1251.3400056007745,1429.7474443015917,3425.5496864890792,5869.17154764254,2673.02053000602,3685.1647064808294,4001.939953505606,3063.44045929963
3535.069975275295,5795.458163948295,1956.1379161692573,3997.0136133729616,3197.9317758635425,4137.52141053307,2239.4772262506126,3228.427047818982,6783.119201336916,3042.2811194116466
3854.6914689892674,1601.9325442160502,3670.9178366929004,3978.390567708261,3492.826814343377,3843.740283860524,2069.1147983756036,3421.392585153052,3180.626302816905,3415.176007449197
4474.5894135154385,3285.9698309673436,4995.827394163824,4028.5635497211233,3519.8484468757515,4741.207579476868,3200.229022741111,2345.3745226682613,3423.7110179605306,3794.9015809344705
3965.8128582284266,2850.5891862672447,4465.642946260536,1323.5277330316196,3591.5142147579586,2770.113401885116,6824.156171813431,4766.155846078947,3617.9826243379052,3479.825368025249
3942.0021103860227,1711.9162610067924,4423.806458322757,4764.196729052235,2798.7339229106537,4200.802186896777,3172.4284721392632,484.8046954054716,2005.0738336928357,2171.023124901783
4455.057162575252,1682.343688845427,4656.138164353668,2828.6110105153666,3477.91940617873,2509.064100198288,2915.596315198138,2720.9984865911674,3601.438330390134,5873.025529319898
4563.4108649325,3920.216928278206,4975.40935827986,3845.1832642022227,3180.252757977193,3456.722893369956,6455.655305349017,451.5382115798398,3255.2988233306987,2246.5469726752353
4563.64447004652,5074.678474487392,1966.0599161790242,3676.6250918317082,1880.6431498526051,4195.798134412533,5344.3783150901445,2594.8376018462395,3364.4623707207425,7047.3702026273195
4010.836441498783,3097.680100002985,1498.0660752369354,4336.36029210698,2875.7931015555077,2434.3436543521266,3295.176872669859,3896.155881050468,4065.8606367310913,2090.491995835168
2193.266778305455,3994.8517807234575,3704.93718066791,3422.7695402243344,2075.9745210031792,1641.1218821837567,3518.3831586029382,3481.786551077916,2428.8527920477673,2663.772725729958
3569.779402566004,3091.9320298408034,5457.766643461242,3446.47978467563,3557.0573323978633,3902.5569084427366,3466.689557766588,2348.793482239591,5349.039741118106,3521.858156183452
4788.934977450062,3933.1187255180616,1287.7824288975235,3470.5594590928185,3587.430916487524,3845.1010154779224,2106.0959007109705,3747.2516339525873,3596.6395166469624,4244.485715355295
7956.362555016813,4324.505970385657,1548.5484479347078,3040.036152938608,3424.031474991609,5631.228873087746,2821.840705376557,7830.512866671726,7643.6984762082775,3568.175993969626
2373.833152986896,3222.2481099064385,5023.082069886372,4292.779530174483,3436.150267532712,1425.5183016640572,5903.81047536554,7111.174246817466,1961.420587623696,3176.072081352211
3812.0629964165187,4973.264815389545,3582.595449494168,4228.394494333697,2888.0996139817694,1573.2646547484785,3237.6674618299185,7069.167490646505,5020.103223130362,3272.480451414957
4050.640912295419,3573.0474565187415,5041.7728712139,5039.199642803182,3403.6138185037066,1456.228965525998,3882.9988488470763,3778.2265505928576,1946.0205159294753,2120.010474199121
3991.141559031186,3872.9253733676533,4119.717452709758,3294.369418857207,3489.7672764170866,1319.950058390872,5746.753203391108,3174.6690456272026,1800.9579985718085,2439.8810831492037
7750.983339981502,3363.496591218877,3926.2143665894937,1398.7718636822042,1844.0314990026764,4533.311967890359,4544.1893595663,4304.837966875837,3167.020972223905,3154.667749193015
4375.411445654696,1443.0172569920437,4409.999339396993,4059.3896813000047,5037.644721651997,3056.3425552557337,3316.2303949863663,3297.32968565543,4392.151483004183,3796.795486531557
3897.7274542218925,1680.8343384916707,4126.950699549316,1205.6430240865407,1406.8504926431829,3713.093476158085,1903.2397069739882,567.7536906720928,2180.577072159565,3107.793990615105
4750.120922110008,4048.7853439747514,4886.644508338151,4265.502987829036,3704.4982729346166,4269.470779937243,3925.4977613909077,4005.373486932527,3909.4450672505327,2250.6347694199667
4050.019448027343,4112.897500266372,2209.773867792985,2508.137080672065,2044.4038465130122,2809.1747272669795,3273.2293923678753,4302.405973665336,4251.655776490495,2304.9349220461468
2337.55112636405,1590.1885092491957,3310.015214516032,4185.990998357609,3535.855718632749,4158.709458790326,2889.1813008212207,3682.0331953013692,4162.29873525343,4292.577015965263
8992.452125180307,3453.8592898302186,1185.4919399184782,3874.135124396694,3173.7333965632424,4676.153358359296,3468.596641975149,3588.024153942899,4205.4116064719,3217.4212927909
3044.00902665203,5046.094996202843,1969.9625714687145,1619.2101409886004,2010.0756692222421,4833.708922759615,3248.783760834474,6766.937845063736,2160.8139410277267,2144.285137494517
3904.05956080593,3015.4511674923706,4829.24178483667,4169.779464012293,3073.6187742348193,3887.244683466156,2943.2104061506598,5084.16676457221,6811.246430158433,3277.0256841327373
4505.24146168937,4314.044076528187,3811.691896429705,3473.538491872158,3403.2107702973844,3876.6329795848997,3541.5566422255024,2662.9863635434085,2073.059322094706,1839.56395918199
2090.7822561282046,3358.806133789368,3866.2392176706735,4236.571465885739,4931.253247532846,2512.4943332002576,3402.6315728671193,2437.630708111753,3512.2062841422594,3363.4264822424334
4385.015383150685,5125.881177060934,5048.357583198307,3747.3730128236975,2413.415898123274,5379.002433298473,1811.9109511700065,2594.583261891641,4357.8751587537945,4261.466728735
4339.264272869916,5606.092456477833,3746.262208996545,4063.8223119265176,3444.5715236906585,2763.002821751138,2441.214744684237,3272.1577382565247,5160.405418835073,4086.3619388127427
4616.032541724242,3220.10163088385,3554.8546902982516,3378.249022616555,3568.1788083913075,1549.3181206474926,3670.138055796101,185.06731711631136,2070.858997151993,6235.113146764546
1926.4601771388875,1913.380344482703,1804.9559322126888,4488.024541434241,3002.735339963443,3756.693188517337,1729.4174900962307,2653.767553334364,4255.044323595545,3427.5420707330118
4658.779111174036,3792.430058797391,4872.014633748719,4009.6225759289055,3144.8931090666188,4874.922385615113,3436.7866272646097,497.7600148904677,4311.267557687046,5778.907499354485
4790.951192566416,3056.6939549266453,2151.9773936118754,4335.111806062358,3472.6983620298097,4931.439261371778,3676.0601393874686,3395.577576569136,3074.305784294302,5860.755132704867
4160.438863101647,5575.784648076081,2158.8963272721253,3425.357736977856,2210.055116488686,5069.077381079651,3243.5342780859537,2052.577848204685,4412.625427031359,3641.547916894949
4173.000601977902,3279.2318894805067,4234.780993045823,5477.899968081227,2203.99522011256,1581.6210972180259,3226.984603191538,3901.7047393450625,3998.4414646005835,3374.396709036812
4203.4571942863895,5517.248971784049,2426.0254947019057,3919.9455684728323,3497.52162991146,3269.0663130181865,3186.8601515414352,4829.0576261387405,5194.315435366199,3337.1362843058823
3673.196448941164,3623.5817888556667,4777.621277623324,1256.9256737344801,3431.8973137282082,4902.526079947744,2924.1694779045465,3703.615119255348,4087.1950186473714,2219.6204976390286
7005.885682910369,5073.210738271153,1268.4677546264022,6135.084438240059,3427.330528910021,4068.2656219659866,2709.852732467296,2664.807593237423,4842.910905922265,3505.8268878518056
4729.421829196378,4994.8133885685875,4523.396784801083,1328.3535684805302,2221.9627740443652,4050.50114174838,2976.67200635732,3808.8835936117543,4302.155218182452,3231.72811279694
7862.314925841809,5407.069384078059,1282.6494295724501,5956.4033869574205,3431.6661246902763,1256.079958995538,2971.3527304365643,4120.669225094871,3105.8987093850683,3051.9516879512475
4039.9201946044245,5108.822671101178,4960.256783540322,4130.5758674375475,3041.4961191376237,1414.7753227401245,2566.4950884252585,593.7481837859931,4055.169238229925,3960.382028155289
4052.9041656544964,3026.5660695568295,5191.742764713308,3306.0856842338812,2426.8194163266517,1274.4621475873769,3490.713206656403,3884.922741504057,4110.173506821435,3760.9669189534375
4094.4903492394005,5693.243010273201,1372.9034607549002,4487.924414706387,2262.7706552036693,1364.7746405001649,5198.6887582710515,2614.041808398996,2441.8411493819576,4589.06303885995
3740.7595313350703,1536.167428807755,4925.901718710996,3692.2244048163548,3679.4143922145604,3618.6144965647545,2984.501149162945,3922.2964114337856,4106.7271123161245,3182.566711743756
2336.0278898449565,1632.4685752832947,4874.399214096724,3345.576111239291,2816.982775004263,1276.705096453246,3312.8605937094135,531.169283958826,5913.299436251683,3680.344573592538
3704.5011623173045,3313.970106895661,1585.3883449460636,4494.56987912489,3707.119398938627,2935.9348307408445,3295.810890198589,5407.752560333422,3063.0506422875274,4079.0269612829043
2074.148622639126,1803.1187030237693,1124.304352600946,3821.954080006944,3178.7685162663747,1398.0251436801855,2648.882440746419,3700.313416348963,7360.830215022853,2170.905341972159
4692.360830139915,1740.3474931806072,5113.697294545629,5197.836859997147,2175.9440521355,3942.4500471003885,1792.5471856695121,2750.3538400316625,4811.532010605905,6991.500295820093
7100.500947173312,1714.67764987532,4164.372375432262,5144.646052192342,3649.291293868965,4173.165980586696,3427.0903658819598,654.688915665051,4029.760195066042,3997.9258556157447
7857.994518263811,1569.845339663326,5168.7958308047,4297.737588267284,3677.0376539548674,3984.294218828569,3432.55072216387,5054.7884834197885,4198.255227784827,3863.911761885769
7946.072341183154,1501.163691483586,5607.010176398437,3041.6512378702964,2153.9097100748763,3510.24447378248,3145.2365893573487,7477.785578243127,4377.246988443248,3107.6295776198795
7071.8951962603405,3991.1767157364607,1055.1488109913093,3009.44260543815,2175.819669708132,3604.870561147307,2244.523872901403,2218.2680898320837,2034.559537913749,2010.3894967852336
3643.489287874654,4897.261170282036,4157.240852458506,3616.2247149557443,2146.381554786419,2499.9382137062817,3399.8759403232325,5003.436780944956,4921.845909025632,3124.7943588816875
4498.4885121133275,5272.340627068072,4440.643260610311,5299.10892415548,3256.7300555797597,2269.1593320250795,2144.020215245475,4269.198512864958,3953.3623806806245,2290.130895969893
4316.940173047576,4050.8386703446095,1996.3056817901856,4714.509600366357,1770.892709588847,1880.2318590729672,2473.687241079515,400.8512236890408,6704.488263843228,3561.781797231397
3030.7034815322886,5523.842522720708,2258.0837854460415,3924.8433599576874,2649.7131638568167,4776.948177723311,2142.1850221788613,3972.1148323694533,2324.377324518563,5186.099383965759
4377.716868696419,4350.06528558504,5030.100814258283,4441.428440520744,3544.631197227263,3566.2752963150206,5562.512278221107,564.2032984457554,4200.180820478704,2125.375266638021
8108.023483922514,3425.714428334164,5133.590902804874,2773.1387430542695,3242.7775101631373,3948.5151403872796,1924.0542845674565,4401.797432174626,2416.810599262646,3048.735438409401
3921.9269970613655,4524.251045031974,2259.825754624434,4015.909182369083,2076.0542761634483,3573.6497723674984,6342.166454766714,3858.0252396636715,3874.0849847148447,3131.4516909874465
4779.569249547755,5888.588692042576,4376.47525505436,6375.754234850863,1974.2492383990987,3498.1063125466944,6427.11644324358,4524.272480557363,3169.5681990760168,3587.104839339794
2196.9181242927602,3089.220203678129,5238.177085778243,3776.8988943651916,2138.425681096567,5179.094229446954,5898.049003062689,6694.6846457681695,2850.28652223842,3400.4316494807194
3756.5352244424157,3242.4564550651776,4908.975360539465,1538.1699431017878,3480.541210955094,4346.280328586763,2364.1092971601825,4350.885421843572,4537.898941922497,3484.5163803238956
3635.232931183923,5657.17510948938,4327.542843611942,3819.5300456220657,2987.7215819229327,2078.098090890218,1860.0007228812806,6260.857203786512,2890.072128279996,3126.4600915651517
3892.8395568827846,3348.1861862393303,2222.2339100618665,3876.770124702466,3490.4359064020396,3737.802353937327,3089.2665660361713,3649.1562425142365,4186.124324973914,4819.1568062247115
4198.038733882736,1396.8630578383581,1109.3143740704409,4203.774365747863,3707.359302953778,3906.706400683074,3155.9939490683555,386.34975233273855,4058.2071297461785,3157.7696835751867
6670.07153523054,3285.511094619925,1398.9708499858075,4210.401499883781,3085.9652910548,1323.2514499245096,1979.8055045076585,5109.612357446182,2768.7627366586803,2046.9108213951495
4377.1720019569875,4090.642367566313,1430.8978680413686,5457.841624459864,2368.939104969029,2415.6465006168537,2988.410775281912,4005.0463503632755,3854.65367864982,3254.785766843077
3771.462095215033,3860.0643246634518,5496.314926792904,5807.4131585114055,3704.413599881304,3787.244639870279,3739.3255167770876,6158.329185430345,7198.628831304513,2565.421718792002
3292.810960122361,4653.330984093286,3720.409657476647,6085.190923773611,3421.434281105143,3582.152647973825,2175.4624099006287,2355.44680633872,3680.797523751642,2862.864036555886
4838.4918950892,1613.7033990959467,1277.8707270304553,3324.9181719478506,3237.3657749806925,2951.1262836471533,2750.5129375282736,2475.8412742353757,3658.2241827952275,3240.3594777443586
4735.52813074919,4252.035087402397,2291.290605783157,3607.0010653128843,2103.056080812192,5300.415993218863,3110.972557898304,512.2344741355226,2561.584049016934,6216.238276363632
4956.495320083883,5257.816939610348,3354.069159244383,4242.78420645533,3502.153628052457,3788.13533832094,3267.5917767570263,6930.781075651794,7228.53399610449,3028.8478724295464
6366.91750863659,3201.592244523269,4341.008206450906,4905.68188089523,3539.0953715231935,2627.688199773451,1632.060372862507,2638.8534895913044,3526.6824734447787,7235.347995738723
3913.2268595055684,4488.374442047999,4161.4748351458875,3194.768679935765,1979.8084253969876,3947.5041136641225,2110.2262884880165,3966.313575890105,3886.6955770518994,3900.5273161415403
4244.655324714564,3984.542105445719,5260.584610330574,4191.175225357754,3563.44748983644,2388.0220726819825,5543.493776793477,4072.799787755323,3878.886459855694,3462.8534544183613
2190.655598503888,3374.2487403604982,4669.110209690477,5054.558106807834,3696.8363435666543,5357.268009967095,3720.276453111854,2657.738271746014,2900.0944850964374,2555.1345176244477
4549.7203920290585,1684.0504377423258,4257.164651359292,3634.695702526621,3628.774671605086,4762.900671105239,3574.2505352379667,2415.7469758327265,3431.0430003467436,2380.54430690214
2215.920988403758,3018.08053287905,2238.217266415272,4552.575194374032,3402.130848239676,3972.8654335086294,3154.74369066723,4594.437978543398,3380.902472231863,2148.6844864763225
3096.4036720976674,5510.495123587457,1917.9501964408844,3467.589214005712,2814.809571810647,2796.722179881235,3353.625448278861,3800.8882370589517,3989.93211906848,2096.566464796589
4598.09301990029,4338.051596010973,4036.929764955059,1471.7263130189035,2064.4718514829797,4139.89005594585,2226.997812338869,3677.649179597288,3719.071856286082,3593.135995840079
4708.9775704535705,4229.66628672372,3733.376193488348,4161.476182153848,3192.769309563171,3177.085298209401,2704.7610484016773,4471.746279108837,2123.2575636166857,7172.089998350131
4365.607992130923,4231.944812806235,2255.0178155579138,3402.1575688998178,3497.1146469979085,4306.949458119121,3639.1083660539516,310.54322567607664,3239.3125517644967,3308.8140352572764
1770.3493622874173,3086.274669657795,4993.3407581402225,1572.299379318313,3533.003650449743,1472.8335721562553,3346.2113452462327,4339.902351016827,2849.409747074556,2006.6990347047742
4110.333746291504,4952.3624450811185,4767.583366325049,4326.4910212700415,5783.751044726204,2734.035536060839,3211.2901911027784,227.52263131062324,1846.8980801620216,3209.489986658478
5083.872869808919,4239.022939356118,1481.0937153422587,3756.0914596948655,3003.5034678334373,2798.794280601114,5403.623980832498,2296.0579406304123,5019.866125853484,2700.254410680811
2652.5556270472016,4290.905787920513,4204.15075173242,1475.3376887523177,3155.8529148438975,3773.366230901627,4643.388057721186,403.5359651991823,6622.644395297302,3696.1659894335708
3926.8459629891886,1903.4822033081323,4806.574728603375,4265.450640230751,3074.340274884127,1258.8052242645936,3151.449845814018,4014.350323521202,3463.707411511036,2139.8186374323373
4444.517542152229,3315.006741124741,5346.8883330295275,3141.6359950245233,3544.4607382109443,1369.3535907196956,3223.497372925178,260.6771922022873,7851.987583181254,2509.868088450235
2374.9984338921586,2880.034450853318,1614.4539348368612,3815.3340275725577,2939.870582321651,4354.483760935484,3116.135078616988,4196.112328441508,4046.7493282929663,4233.595037023617
3498.174892799362,5410.046436997112,4792.461448640015,4068.548583638831,3429.2734576473476,3463.627212527428,3646.6391631838014,5634.994822746751,3112.3827451409975,4579.971328635056
3259.8759385133576,2922.8609067918233,5085.177137097161,3116.913194519467,2932.366029251798,3163.0003245651706,2852.0174179751743,537.2808227114681,7921.473706003317,3184.0399389197996
4088.3929177415184,4280.492283471522,4314.988531713681,4593.260872434535,6133.027252697527,4730.290512443935,4923.791147027521,3788.8190758076503,6812.932418213173,4326.550932049691
3829.7428238914654,3137.9171732909813,3832.353673238462,1533.1538119092643,3354.7586646131977,2407.969920406545,5606.005255206601,2311.4472910190307,3465.6566309152527,3543.821309206416
4096.265572463398,4043.4878893980704,4913.68772910396,5866.243509339056,3432.354380896034,3519.6506625412703,3136.6673725699884,5916.971540124886,4267.154722638523,2459.9882606815336
6693.163947565419,3954.335489436293,5715.4739508505045,4443.229663520752,3574.9510175543537,3579.7493414811543,4633.106276953129,2477.507290094765,4368.805992233151,7224.8101390373295
4365.514369282686,4998.371173899872,1531.4908955817787,6214.321487113248,2001.169078785275,4017.7034457451155,6019.452902037511,2871.0419579141403,1874.8815571421069,3007.779622678196
9361.046368341067,1908.2834988299944,5286.318983554573,5170.37305527593,3411.8643519136303,1492.4621365346263,1956.6799773147404,4570.974390477688,4280.217595684788,4629.89494407769
3815.194831426451,5028.004585715299,3764.551920598049,3909.9592749777253,2101.9071191635403,3375.609146454539,3440.4900190363774,3626.824131816458,6091.84697946013,4443.01943930914
6304.706962903857,4319.899417263715,4496.990820829373,4489.423905091415,3396.2467825875283,2215.4847969588513,3361.510586374548,3914.4602147714995,3083.9993184274085,2347.727425100521
6548.166915009736,3197.640909362801,5344.126100770471,3405.7830607508945,2122.017336927448,1181.8054397347887,3341.0622339476868,4133.769063399053,4270.653818980656,2157.9463619621815
4184.245389779855,4719.282962717763,5589.719202500952,4019.4844094164146,3586.6956088326833,4439.634425039479,2992.513317567659,6894.240072106277,4137.317113503657,2775.780277734536
3773.108113626949,5650.356299483912,4812.837217058883,1586.2439973540927,3592.171477865184,4418.587908309309,3796.277746878955,2599.4193683514886,7404.102895988255,3177.562775307638
2408.0857708335698,2744.357824674425,5859.763663375286,5820.663676604663,3050.1501521391915,4077.8974437798593,1245.7931267589993,2537.881176028767,3289.943075740748,3638.7202831600075
3982.074038764859,4288.658681607056,2331.47897044182,4259.410716544976,3610.5475248997673,3506.0596345607764,1286.060964450041,361.70248826729886,4724.083022492959,2389.5373931016484
4118.721107459704,3834.219506016282,4606.4341280193075,6215.9817634743395,2637.781292725796,2626.0308442422834,3332.5115790313102,213.43843877357148,1940.6413845644124,2149.5111266572294
4332.576799917768,1587.8537163242481,3908.718443075277,5332.687252391815,5888.981896605287,3516.5835198675213,3719.149289093787,2536.43837630544,4027.6642308571513,3128.594419374358
1907.2328351955746,3980.6858475164877,1506.6663461267613,3325.464992669648,2752.2725549428988,3616.26890095994,1989.3101116596424,2192.715070081863,6489.143603354241,6984.129837913147
4375.293629190264,3994.9801751150935,4569.401809223219,3325.423662765728,3380.724174439638,4887.673236430478,3372.9323200751364,4885.814074375317,2331.818834843054,6442.3092584719725
4076.2493934462245,4833.25525916454,2112.3618644370017,3684.0909982123303,2697.473366887335,3702.3187856339314,5722.795160298938,5377.310931425089,3228.3648258433414,2212.9438906805262
3969.8039521682385,5110.970334661723,1166.0986317103489,4271.67478632841,1834.5077705601548,1505.3385324316969,3529.950147919205,2616.671690013669,1850.66925180113,2091.3949251687045
4649.2133336392035,1484.2064031473922,5411.590277492772,4468.803932777895,3597.2725941595527,4357.103070837853,3018.5011018489386,497.9545895407295,5281.709728870302,4465.645843902059
2454.713898773236,3165.8654259348605,1435.0157312500198,4499.039679487047,3589.389259001291,2890.02274805232,1773.8164944369437,7234.913493389259,4265.672532733719,3454.0311930847147
4509.158330525805,1530.9102279571446,5400.374987028468,5757.177947080851,3694.446889114793,5640.634565603678,2265.9164837623757,5241.274011808357,6657.804811923654,3151.473276649327
4200.264842661269,5589.119984949519,2091.9228678836043,4307.471612979962,3252.5774795306043,3799.182850541739,1970.7802668579266,7392.828602039491,2352.0983297837092,4172.87778278778
8367.412114090384,3512.0088320102573,2165.621961905294,5779.144516580816,1941.6197053093642,3462.977711636635,3372.310247603201,3601.0303719869553,4479.393016174989,3079.429143946144
3843.0206524078963,3617.6496525863877,4859.664859553395,4339.957033894445,3703.2293668327366,3632.513714993118,5623.636613037172,3613.7547624328436,2340.230682646148,4701.2059832147725
4023.4905481225637,3399.1841409598255,4872.507295398437,5380.961240947441,3536.3441518234204,4244.875034383944,2768.9736265352603,4073.095291931282,1852.606516106949,3072.1152721677117
4129.99734886067,3315.099271490552,5096.6685369278375,4125.089730700802,3584.8170874123734,3582.9523975451216,2510.6930702624995,2497.800100831781,2116.854415458256,3087.531228119914
4214.951635406237,1973.4708243542327,3521.8371121989258,5687.430240916579,3483.570017839553,4085.5150260662303,3207.904227125773,520.6552083192742,6037.2014724222345,4216.2604577642305
8839.423288767603,1584.0024033658206,3391.1267728320236,4450.3956282413965,3473.2639138239047,3626.076664773581,5662.705447338794,2258.0109366573242,1929.5538811536326,2951.754102896493
4770.888287281206,1927.3445570778056,4501.514965619407,1677.9283278417129,2611.319270030606,3424.0836188945445,2741.7705778596746,566.9999264526642,4115.677817306476,2393.0924673704967
2085.3039537070395,3465.849095665509,4692.235548891456,4064.6758534813052,3371.73605363635,3329.8237616721526,3475.620760809667,3992.1938108563286,6522.818356906808,2452.227216684666
2385.174210273136,3491.1971894149665,3727.6931458042527,3596.419179385632,3212.0052224114024,3302.179555673297,3446.320429215805,461.7679313072862,2036.870623841169,1300.0331046290282
3921.0575235934343,1987.8235273729006,5282.569715659117,4039.67001693567,3301.0748323296475,3494.704521226936,3407.119091647666,2647.0948984260663,4275.103138629262,2148.795785828179
3315.4933206825644,5434.287800683216,2238.5028543381113,4185.2777045154035,3584.318085244832,3242.557798635982,3621.6859243551326,3745.1997187066386,7325.211025197525,4064.211446915516
6816.09267055173,4223.001220005896,2292.9767981042405,3931.146142866679,3292.6328252909975,3608.900408563265,2170.2073743410865,1992.8971561717979,3893.6135201695743,3629.0098392595073
2351.4059876013207,2011.4543270418571,4724.038426637298,5081.328227734135,3163.4948091874676,3097.755959790491,5677.362745320417,5465.27083407815,3441.6555098964936,4513.576921703459
4491.346422010781,4226.449095040606,4126.026694928295,2657.352923412504,3435.7508935522,4057.261878858875,1809.508004102171,3619.7103182235287,5984.019814986731,2138.5052124726435
4548.1779089000565,5619.342340233555,2226.696318981998,4231.210639701994,3853.214532893672,4201.820474170834,3255.408425892172,2447.2162768595344,3528.2355190800768,2615.5862057300324
3622.534651708115,4114.428355446273,1802.6148987599631,3259.2901852176756,2528.198394231485,4370.370239240476,3510.4312096859444,3807.2066545301996,1906.0542117546245,2053.151193452234
3709.9502589247813,2303.3467249435535,4819.88157567342,4038.0977027794906,3962.2289328267207,4506.483585347641,4947.836622952586,7518.024960126568,3898.8797473836357,2133.800804570282
3895.181579000925,4887.108316542678,1493.3134701440606,3109.5811080176472,2808.341299415805,2240.170228900692,3494.4482892411424,3440.8120720795087,6564.310754874676,3500.6694063913487
4060.7918174777597,5620.740981058206,5153.236862429863,6036.63223390066,3768.9611102585823,3524.8421216457955,3330.6441714984685,3145.644093327771,4727.40422442455,3027.5444170144574
4211.307582376659,2581.2502841882883,4621.443454376064,3884.1783916950517,1909.2333140067767,2790.1296150196777,2886.8949638660756,3883.985822060547,3499.680373463548,2371.507350093234
3566.4744737271317,3245.0207848964883,5523.4729787648375,1576.9846899431745,2940.520342946817,3361.1055634190134,3757.3809061317816,3869.220071466428,6829.784843523519,3200.6682582063804
3870.239473656823,4113.015725593567,5570.689238544146,4085.031516329327,2992.5938851897336,4580.8058587678515,2936.0919215326103,2101.2788027329266,3317.439030417096,3054.676304604774
2409.320523115192,4041.4771353332203,3901.572566492633,4332.525662605943,2811.472050925377,1509.190430109084,3130.3296324453518,299.9286076548228,3962.7248520620988,4439.641512224225
4014.742359220796,3306.5411466958612,1915.676557312247,4261.713651580657,3201.4036467259443,1651.0511023462163,3861.9220521651077,3425.9131955130924,4274.869776157085,3298.7372930552465
4001.471815578382,4277.794166622362,4652.17248855103,4543.378991518859,2146.2492071406496,4846.108505225616,1764.3193890845337,218.39386159397463,4737.298607355005,2164.815833004781
3142.081585597642,5061.111855692825,4943.22649698408,3761.2939251975477,3422.9541885823583,2418.7318957594907,3075.435487816753,3783.426077707505,2622.9681522024016,3490.6913223235115
4273.513739194146,3893.4844100493865,5350.015548345622,4730.287393786513,2977.9005508311557,2676.1062243671327,1919.540026165615,659.6013304432208,2072.773992583051,3077.8272690572094
4701.829966588613,4966.461773518895,4648.408647563403,3979.1831541181828,2244.093352308425,1407.040344485989,3769.280030338889,4108.3449289296095,4211.83464077177,2358.9878998844442
4062.6230340086468,5331.791727150054,5450.470899912376,2811.4289378017183,4431.71555206945,3232.5697778836548,3562.673821894544,4506.94904488361,3936.9990788370555,1272.0506579644223
7492.202557925952,3998.738876143465,5528.763881477793,3130.808613800402,3704.5496812093797,3604.6457168918705,3527.9383024271265,4081.58048926806,2195.0691574404264,3440.742171318009
4255.389719943255,1750.8938265109696,4815.816676977279,4111.819229248992,5351.625079905011,1413.5146874367988,2282.9657126143848,3786.3818482438746,2431.518517892579,3561.7910873883948
4363.494105971406,1596.3856683888118,4844.229575175143,3934.246906837909,3570.020507241716,5664.2433865650955,3408.6554841342468,3750.5539227148274,4014.768937216464,3026.7559066694457
3458.8470160879056,2950.559945146363,4330.3201761717355,3647.458857548746,1899.69733877509,5534.783830530288,5627.595274066956,4173.240849540238,4214.475405220459,2995.069728007145
7572.23877298646,3667.347078118897,2169.9969632182306,4246.616718758922,3819.138435759049,3210.81879891263,3710.9906783332876,4028.2165172935765,3977.778422549913,6528.594102478971
1838.0491564483468,1363.113201238334,3873.9622245320957,3368.707418876839,2100.5956295363894,3025.483474986381,1757.8417603983357,314.0624519503184,3268.001890468668,3217.6020958065787
2315.1666043143814,3265.363212186282,5103.393207429355,1535.4968231193598,3629.8502467867593,1361.7155824030212,5436.428449019371,7681.657315738511,2738.613307407985,2574.207808629793
3243.502829439411,1502.8103611198344,5048.837366182863,1608.3911257507336,3420.064647349106,3306.5989241111224,3230.0409660631867,2362.105682473187,2581.8198823563453,4356.275376909603
3797.3873905347227,1548.4020225553575,5040.929706170455,1684.409717096336,2186.350566797559,4501.263141351039,1534.0375464060146,2163.198302358518,5961.692346416737,3802.3495296700685
3883.21247678288,3927.168717907602,5422.933343654687,3730.204212347279,2089.884276132476,3182.20244668692,2667.7958732247994,4072.3615905983943,7081.073825009542,2149.5780432196643
3006.475353424832,4514.709003516909,3810.781932495801,4226.250069270632,3756.78646932586,5102.807640707996,2817.646684523682,3819.2996704400985,2087.9072425392505,3353.167029505395
5089.515269277302,1712.9486948870535,1185.7283541139743,4019.167081963924,3725.42371489814,1406.25970123238,3615.221454105601,6694.170421953464,3252.990586032789,4887.5512240875505
2439.3842405343576,5321.718577578252,3750.228733025948,3844.607552324741,2039.7687952229953,2881.1951150522887,1757.8488842756046,4216.972064173939,4046.39823128894,3424.291584882471
2141.2293225054186,3894.925254408951,3821.5016073333413,5288.605509667703,3451.2244898160725,3642.9142687655776,3723.519452003032,7545.366686879365,6672.19852766416,2028.4016724594258
4240.374208582329,3244.5124067985075,1342.5813333433211,4600.903569694002,5377.938967949121,5636.827603131764,5844.559332152568,3587.330343715185,2050.7089563022782,2495.567102773
4725.198142997497,1679.5532561354248,4678.252529019357,1435.4302539502314,3492.63581720087,4021.4424951365527,1606.7453759202112,4049.4838575536132,7114.573242431292,3435.584467194746
3797.9968701400358,2966.712672196227,4293.935268485661,3432.7176837394495,3401.2267461836714,3512.204396244103,3539.4677755058583,3674.4156390227845,3582.0349396884335,2773.915633732561
2052.643174328583,4171.001872731538,1127.227813445817,4151.621308006425,3038.6376580066003,3307.5702469348007,3324.642487652629,3946.506880120578,3835.8293927066575,3058.464644180014
3882.429094086149,1721.0474456086617,1936.9449498762872,4183.027753384626,1956.2548019567303,1302.2696678489806,5085.281759702522,4728.014536741568,3544.939042480188,3406.0751605872324
4144.009889480756,4355.888523932554,5244.803494183469,4386.87544809261,2410.824572821733,1346.7812979624218,3566.723063223772,5319.6257407062,3314.920755124259,3127.4914584678722
3619.3311401396777,3883.517793138424,4787.665025097665,4235.902289226477,6371.956924369073,4037.489614302579,2285.7009896274644,3370.863355713288,4112.949392156165,4159.851725067162
2862.5244452867464,3095.3859948820937,4750.298477203021,5927.932958047268,3410.8579632761994,4840.292145119087,2810.1173022758903,583.6629011210257,4710.428598855262,3387.9211422563294
4853.307893794972,3017.8741059865392,5381.228621060249,4055.46393679829,3387.241452458639,5008.735422224329,6340.822304146586,4844.533790969043,4220.178758345765,2408.6403779381176
4605.395155700923,4940.1414885906825,5417.682447883748,5238.1800991296495,3374.0653858415726,4329.572599568897,1900.7180368445004,3685.7730515431936,2321.0818672664413,3162.603360758721
4050.398737269928,3343.8024703730007,5334.2401836036925,5969.931943980742,5918.8673115041065,4281.206293237675,3348.836809247129,2574.897041409632,2072.459161174301,3006.634449313322
2422.23366924324,2836.0354210614682,5493.810477627367,4185.953609815731,3566.9743622550463,2586.806204702636,2070.7169452252992,2484.09338188276,6815.6336991072985,2240.886359051197
4665.294770269134,3548.9027955174106,4951.408215023146,1580.7992011128722,3495.3473305807256,3649.975241778957,3383.2872249939437,4988.447603794569,3143.3850862606064,3396.0700759829597
8065.532607731944,5454.21930440508,2446.7494934235147,4869.626365264775,3187.8809762552623,3166.4003601867807,3421.564781285974,2524.933424363001,1974.724552353597,1669.1106293519833
5012.11243305344,1679.4276539684074,2191.727483641459,3402.645989274111,3262.4715747071336,3690.9032331037015,4947.0706038539865,3517.831027912735,4125.659065629574,4424.692894032477
4133.003518444213,5522.552732891243,5334.654632302083,3488.6695582973516,5221.09966485156,2693.042468869975,3049.0994876484547,3645.071027181353,2103.722105370858,2426.0708374406313
2432.9239821510305,4256.430594528403,4013.292990457974,3852.2103329398524,3398.240756995781,3706.0110279089404,3134.546806834839,3239.6679429924343,3370.1198722713766,3512.670916105581
4465.94675416944,3955.2738495361773,3482.8006335816563,1403.2432250571253,3097.308230518088,3248.339717748934,3413.438547185102,2490.3199287253765,3596.9780271861696,2065.368172468955
3287.064270054574,3926.7645748553878,4926.421819560312,5121.6789869837885,3676.9752310323147,5481.834634369428,6084.242491485502,3710.489401802205,2165.3415195678044,3852.9207036814446
4016.166779281971,5535.005054214953,5011.131201781836,4304.648124160916,3226.6794630713134,3733.345748883343,1729.682692618188,4122.971425150765,3010.4888689950303,3186.316858495049
4930.195858887011,3459.6436651532595,5639.217589111738,6412.706067106961,3446.7867245975913,4331.635182486436,3381.6781078624213,7249.565559181841,8613.904526942943,2179.678667910593
4160.2355070855,4146.222049397056,5243.05567368488,1375.7609990302058,5933.100906479735,4655.548913915797,3296.8741695807553,4245.607496270851,3213.2331356397563,6192.8388098461155
5149.210801850262,5012.022527447582,2003.015956635344,4948.183255494063,5458.084042238205,3208.321941007006,3006.157548312282,4485.306414074597,3353.412409940175,3219.1989645324343
1977.615950918087,4455.137884127114,5374.098104580575,3521.583095283414,3320.999939121341,1332.00457334749,3360.921387252489,3716.5614417914644,2264.3689661452627,2506.421589564765
4881.153047934493,3887.9241665996365,1240.5566352695143,3710.26752517484,3371.029614080063,4101.127628782671,3273.500333769356,599.9145240880722,2187.655826667642,3178.944500761131
2063.150243888126,3656.1756731692176,2201.990230134823,5681.0699625269535,3705.986793732444,4543.558910502719,3524.4913714123973,2172.6899728152216,2782.029202720462,3347.0234096940103
7637.938546346994,3342.8392096307307,4350.7634743682975,5020.191702479211,2233.4527671356745,3509.95771822997,2809.0241838288916,3411.6726717741826,2135.7195709888847,2231.4212511192304
3886.9520852504024,1633.048423130976,4701.258886666441,4047.6297435321994,3852.6878187266284,4810.158269010036,3284.6533104581904,3718.7056532036086,2725.626427803484,3530.0746493927045
4135.4522604345,4021.664657410519,1310.1242364717345,4001.4787705380395,3240.0713770203156,2858.1425068440285,2029.9383434396455,3590.714054901332,2979.790171272329,1943.7651626023917
4095.072482928289,4195.412587882822,1417.0004298415602,4162.048420702379,3048.697374665235,3416.9293053527576,2136.505627989122,3828.545864209249,3206.6595077989573,2228.3966742178973
7466.2495372658705,1578.8841150598632,4282.988867691019,1315.8522523586155,3366.933035796758,3085.4800110047636,3360.950836014527,2395.2779588938947,4554.581865874141,3629.381294542999
4055.241089498988,1770.139371239828,1073.6157280736102,1464.2967576321712,5256.877948330486,2570.765356364231,2066.904699448736,7230.448244578087,2161.6710873884977,6858.730406313114
4560.39686192949,3615.801370607011,5262.956652118137,4047.5591133540447,5444.913824237451,1405.9574830486204,2845.1090524198135,5120.642434817128,2923.7381601308025,3456.65328398932
4794.834957210696,3120.0167708372423,1477.1131711721707,1404.1544052088545,3351.7625032604155,3829.0684859271296,3268.318573814047,4504.307692362512,3236.2037089455766,4443.902306615424
2526.911633343103,5172.945062956513,2121.8151956609063,2836.5820967255963,2748.611412848626,4331.4337158516455,3094.9935065662603,7028.142224972298,2346.133599815557,5838.708196036865
8216.510912240323,3453.349913672631,3864.1362749961754,5044.405486456239,1874.237430105208,3811.088811393794,3339.168386137423,3945.1311907181857,5413.89377939845,1218.0699012357034
8098.8462735487565,2933.8629052984843,1910.4657817716127,5950.025590384051,3205.4468778839364,1559.6994667343602,1814.5033801773934,6317.935471057737,3485.092777708055,3362.6045217172896
4835.570142178306,2772.2664644715064,5121.987789101848,3219.116167970278,2683.524133746072,3639.0341808408066,1437.5948197549842,3724.00138181234,3250.4265171678308,3597.0369472805805
4658.361986408345,1505.8807100757292,1213.6394051529326,3839.9299380854836,5959.3514878562055,3336.399039600605,2195.6043423724313,537.6066198661886,3515.13410336733,2196.2777052006713
8199.782626437356,3148.013659695159,5784.853326247034,2975.8538098770364,2711.7770358560647,5254.458459679565,1785.4892852187004,3724.917364206245,4456.566698877933,3186.6476267581274
6076.249127604011,4717.4788555692585,3999.589804183761,3214.2995951149464,2040.6468936004514,3932.132692089663,1967.9180200344235,3801.8032448860477,2239.231243506292,2108.9023526011224
2241.228193613595,4299.435736497077,4452.201703503942,4505.424963866065,3377.169692155721,5605.790593650607,3576.6459391110557,2252.489863034855,4021.94124874397,2363.899575567172
7478.367615844067,4041.6523524179775,2113.095782443359,6407.184284947411,3740.017096799999,3473.7980381315638,3446.114179377569,2159.3202259379786,1881.3309683287353,2472.3332835686565
3124.647405361149,2988.811030873998,4655.828590514076,4293.555946926671,3292.932206299334,3183.355100032869,2925.8591931870656,3779.1896664374153,6804.035835323601,2086.021664036218
4275.571781711564,4145.627000468912,1127.0920657196355,3908.7749961351424,5047.123120405,2899.6446524775292,1742.885896758159,4706.94946556001,2633.9557620521214,2270.391343037829
5033.30481810604,3028.597729644628,1365.8283534851741,1657.4172336327156,3512.5269210101023,3360.9763959995903,3427.3630630909497,8036.1735844972645,3817.0493149739905,3034.9073167314477
2347.6407880472752,4739.2743417534,4389.943556409146,3499.634707705584,2704.8955698679856,4386.774445977683,3272.186566590402,3388.3463252524275,3799.0509429494737,2374.9850121728423
3911.74845277276,1847.3067668814656,2103.792404404099,3369.734421710311,2311.9753036299758,3783.7622066237127,3728.474781180396,3731.134529331082,4113.681787152724,3539.0500814385477
4346.744997596618,5883.2401697784835,1255.3162799002605,4466.755957852252,4969.474818299723,4446.846221394315,3694.0753075610896,5033.772493111568,7701.5201903529,6319.002021482909
3710.826859261233,3522.9310278048115,4178.929224072165,3399.1807678943906,3181.457320736009,3650.752088650996,1166.3428712225832,3800.649321695946,3807.7030648855566,6999.278898279022
4866.851958178696,3532.8812299718375,1674.1438565009707,3410.796112789806,3445.274711154537,2570.9049188876024,3472.060211265059,6640.2055854259,3809.780341979758,3499.52395904399
4211.719370649917,1660.2674815370037,4552.4059834895725,4374.0367285262155,3290.518333727451,3255.9731021074303,1470.8991888455996,2562.3461184301987,4808.594098237856,6363.521542393295
4265.648964391883,4392.72747781032,2027.7621696745045,3105.5714926620767,3400.960828438211,4082.23520400892,1770.725111215772,4044.136850938927,2174.7481085040667,2115.5933979880338
3209.5851064963176,4333.084011957784,4867.039917684106,3799.1320466825837,5866.838955230529,3383.8092103209483,2124.8006091009556,2842.0961620028797,4032.8805373853615,2224.084077529435
3697.393980499485,5612.9848026696345,1361.2549463217276,6005.9769763758095,3610.5719728199083,1229.1358185245417,3512.8474757985223,247.46151677453145,2590.817679921298,7455.085606430364
4551.822421991431,2884.7569332341836,4450.169477499188,4166.843012372423,3426.2432552141186,1282.0646638100545,3285.4234307091488,614.0852914133303,2266.968165383746,3029.439983861901
3831.5134032501965,3626.035265129324,4808.474119772525,2949.283343503778,2100.8146911618373,2195.7204968028427,3167.2105239971334,3921.570001331029,5105.887712866079,4542.099185956623
4650.8626502436,3101.9626706232125,2201.8672867468913,3730.9115791917975,3122.4182676691084,4979.398761753369,1837.9327076726227,4206.589969380841,3139.37506331747,1647.6511624885493
4693.043612232952,4054.5475369515393,1991.4521189465663,4351.723787439763,3457.644283978191,3061.047691909874,3436.2171495386606,3518.0379962538404,7435.679966728527,6995.760401820418
4096.681974740474,3985.3949323408406,1344.1417148561472,4922.013129377913,3784.6217329036544,3927.3389498223332,3498.454257683306,2953.0980065842223,2558.3255565359477,1794.6089409249691
7221.003595135056,1654.8753512971423,5591.913161449173,3472.9623351352284,2301.665792275365,3304.3994361643736,2589.5764274841267,2337.42457542583,3642.3752498709214,7158.198562556755
4001.237299400575,3636.3103994221474,1292.0243916253537,4939.734181283551,3488.957372380376,3029.364058149914,3058.1735800113984,7320.3725940237255,2983.708765610466,3211.7391504253783
3942.5133234763025,3087.1381609181176,4578.064733629811,3374.6806640025857,3225.919464588447,3325.904971352096,5973.524207551236,448.09069371603164,3494.7169527300593,3099.371779733622
4221.179621409878,3202.075537131094,5192.719552991781,5978.401116600834,2114.8721318701687,3468.2821585217425,3074.5635916612464,5789.159122395598,4915.285547075716,4446.643532037746
3714.0676160818634,5308.444714631334,2307.7841544171315,1446.1444710142312,3951.3811977170144,3561.8139271458713,3136.586753471545,3825.3611374254815,3327.034523653878,1646.2491684463362
2217.222479576139,5552.032023905075,3852.098206228872,3736.3203452226517,2922.2966220977096,3207.7808749285314,6231.881614450842,2592.089709086285,4020.8867215014534,2072.823330030111
3876.16806464076,4030.9804500097785,5440.870004287062,3669.2964504484016,3260.9849805066806,2898.4384548964126,1836.2017044768997,2639.8235152690063,4107.957690690692,4263.454850341226
4278.909450204151,1772.0124500677323,3803.7363071043033,3914.2045723040187,1868.5669533773619,3479.0861660933215,2279.581417147351,4119.594626519484,5344.573916060237,1749.3874109298108
4213.732588594228,3530.5335668002326,1434.9125711762736,3784.2972250532357,3166.0626753403535,2602.380826428058,2259.247604734265,7626.306955716926,4602.757774677781,3046.6221431601257
4375.110943603976,3039.0856872949817,4846.050353538174,3130.0310224278774,3327.0608514546348,3077.7729876234475,6031.473779727004,546.4762603591583,4782.981852090721,1662.6340255078178
8273.9813061819,1800.243794226278,5077.361525095706,2971.4261613359968,3429.1796630136487,3460.044149225655,3488.8972256145535,5825.331382813483,4757.239492596764,1653.2551954152163
4844.483295540477,3669.3443215903553,5606.385087564874,3366.8998395543167,3443.7269980569854,1192.0080325932822,3434.301741079301,470.8744621859429,4225.3058276846605,2394.0676472034447
5051.383670346705,4504.595564753099,5057.072366365171,4174.988243787928,2298.2217249915534,1326.0623245269876,3404.837367333361,6976.5723462506485,4789.474486732028,6805.75562906299
2222.139877225596,1840.1625129660815,3872.70112214215,4241.7630496399515,3968.2713284110278,2969.3021207488846,3361.4888324962844,5056.829623627489,7439.938563808164,3283.804598261381
3596.900987230507,4007.3565493322403,1846.929074950439,3822.0943441801865,1957.941113994595,2437.6769159610453,3383.6536860170027,4652.764193222227,4304.208201984328,3471.09080809621
2330.4762243255136,3110.913278213246,4852.075704521048,4834.456027822363,3533.6218334290943,3615.466341795568,3613.1730463034855,2602.760558902284,5998.844001637382,4395.352078059789
3754.807844858866,3983.3478578086106,5063.340670946083,3745.191091841758,4867.647647947626,3416.9415871337633,3465.041010690583,4407.341716177477,3333.6741276441767,3367.236573586539
3616.4472309375114,3504.84253196366,4301.3990765701965,3989.444027624857,3320.011440717575,3387.575271271566,3733.2332772484824,5354.224595169089,3437.749740404782,3534.2075546932756
4681.010164490749,4935.755547222215,3829.850936201243,3001.04058116204,2232.0353813841893,5440.966460056472,2495.6039285677307,2971.939280443989,3929.1573303339605,4008.6722201880457
4604.756780915857,4967.324588416645,4938.918787700437,1384.4804918140835,3421.629652450457,3724.6612932910375,3266.4550816402884,2431.9421008098207,4073.6320579965554,1701.1627591198646
3955.9634395903204,4195.7634666717095,4170.763995783042,4208.001680820986,3325.729120200745,4543.790854524998,1953.9904961203088,2113.3791192822805,3864.282299151541,3156.029113677118
3650.669963557624,4364.463098342818,4419.691972300707,3726.6334515125454,5949.8121163219275,2826.44383006769,3916.8824839889776,4040.544999786892,7127.565235544893,3074.3817493803176
4257.378844498656,2919.0669645590456,2400.814745701199,3333.20863364199,3400.670665086563,2539.279184243671,2131.0571571289806,3998.146731564563,4140.268458271795,7321.066390080026
4232.596646062635,3310.6558504277436,5370.786683388041,2632.5169661682085,3367.626032869052,1242.9981059215197,3202.6221531403207,3553.850667893578,4296.73672759207,3483.866513448817
1970.471867312269,1608.0810424738359,5473.33807312936,5144.3689834284905,2147.2790606425688,2673.511863968908,1261.5094524047072,3867.302787653746,1854.4460785203428,3241.093513096184
4398.142298531411,1726.1740321550403,4874.123268500111,5449.142369342413,3473.7676927977113,2372.6640693854642,3600.666296723966,3004.6076013195193,4020.815479148799,2239.990087833362
4332.1533332293,5621.829345681627,4063.5156334930302,5449.285465505453,3103.769286382762,5987.548165950313,2083.3085804207685,4023.457043774234,7489.379763139583,7620.7964433995885
5219.841442021395,3898.510123542349,3584.2358911227384,4226.969179245212,2211.117960595694,1169.8530004583668,1754.9878380207142,526.0766750788281,1849.8349837125088,3237.096750917672
3824.397669995484,4167.472187732113,4749.113615565043,1393.8914390068853,3175.432042488767,3659.4208888956077,2773.22431023245,4096.907560348237,3682.9527446353104,6422.956490733509
2068.4130939597217,4078.3675830006823,1391.2559111461,5526.239489434565,4548.982255930821,3613.9878615448188,3189.670235824353,510.7597877599805,2094.3020199011416,1998.897688056299
3660.916151231107,3781.8943235356965,1580.4379594469005,5618.500085353161,2889.4205012295665,4487.165200537263,3374.8059140411287,4067.1301121165866,3936.216159906868,2073.6477087598596
5430.130187214039,5583.226917052637,4063.2856617605576,4058.643034976363,3334.1045010010694,1646.634830753253,2225.516337403728,3706.288763021663,4058.215578386991,2985.0318051909917
1924.410191918108,2977.6512689788215,5452.236656148846,3451.3750553213417,5296.347662076103,3452.140180142561,2955.83865753691,4111.037658623144,3928.47879112841,3129.873244044868
3943.0594836234172,3205.512429465376,3916.728887057199,3620.013138990016,5530.464860063826,4300.569064296691,3838.14666893656,3788.005278142914,4070.428361871503,2115.7936756497947
4903.315355342668,4620.124262307052,3780.2428589646593,3743.0383172870943,3577.019859809166,3774.367608796125,1922.919482594637,4179.340828572017,2022.5987991379332,6212.481220192307
4319.46524539244,5597.342231617876,2018.9367674113003,4979.489754844071,2865.109979262109,3793.913176812881,3572.1666561721067,2274.0328138163964,3758.977497833477,3111.999974319009
4215.394167096712,5708.171292084191,3897.892895356803,4342.340395530652,3365.57662449572,1469.0509349890076,2199.202561497139,4037.472971831168,2658.053395647146,3143.584707094308
4146.285581725417,5491.029688145379,5066.126349880967,4189.473069891183,2463.2686161716056,4559.352923425244,3563.3305615698523,3968.3599107528144,4321.719547156465,2241.627883414844
2192.467153655265,1788.3078707479203,3328.5002787872077,1533.7414263303417,3101.826498053438,4252.469424437059,2872.412853193244,310.59176002704083,3102.8644154667763,6971.308809178589
4042.821878509463,4001.876184545814,5698.363221639806,3475.5755840440424,6181.372930778281,5309.920443150531,2423.491347571224,4182.26599502391,4141.983869729409,4289.99488103484
3699.3376409701623,4181.761661569225,4069.6898610718345,1500.0068722611154,3628.3564870124164,1302.4916566635295,5255.08365892763,3974.887196849393,3537.541682311034,2881.681821109895
4214.964915296737,1476.153757449565,5205.709027994008,3692.1153344795566,2170.046573631196,1298.0230218266638,3409.359221959409,4300.207788449114,2063.7345547086097,3480.707746280419
3543.369445870976,4034.0169780208107,5097.445881258504,4505.3725787955345,3673.1626094643716,2883.7335191668913,5317.587076157579,2370.0893471856984,3697.1544123939384,4384.746347217692
2080.758960724065,1891.0257478046246,4786.4117479210445,3639.5757488807926,2040.832378771574,4274.536753616052,3695.190317649499,3434.181460267864,3457.8052353889107,5936.111737784926
7408.113800557278,3587.0039693906056,1992.843969567322,5136.86198783614,1979.5472173519245,3524.668703081896,3656.122440624699,4204.850503203002,4729.8490307097345,2040.3453625691895
7215.259779429629,4285.077494863537,2317.9586472132823,4590.935891610647,3695.6899692974175,1385.1262355056865,2964.0399390156604,3567.5328097688866,3982.505313871882,2448.960150103547
2417.657005475805,1789.5494866727222,5428.4521151961735,3059.1416759585973,3518.7235526529844,4709.1903096269125,3150.0690079291912,4741.511177468197,4513.076562841369,3570.9795986387
4311.492084609075,5186.708464724901,2012.9716375361932,4279.589644998237,3605.4218686624827,1520.778925253136,3375.0467311215293,3675.278844579217,3345.384244626221,2520.1200390097756
4572.000037649164,1732.4672185328122,4510.262614261332,3117.1204448617323,3411.6497531013592,3705.8570771955365,4749.760898856035,681.0788738608816,4556.650945108669,2220.881694360573
3837.6760769447683,3522.0023913918985,4724.470360831557,3029.039298962485,5168.42414133813,3457.7089743581823,3248.7634045330005,2512.036573108799,3384.846333438581,2212.999006604358
3585.9557265166295,4320.893512079539,4697.033623665393,4339.7202029092405,3590.8654068159394,3408.9677072545874,5498.111279141538,3213.5948400842694,6483.708873598685,4746.018434448303
3856.411324512217,1455.6118616020854,1093.780038276617,5263.493967620167,2003.9318628451983,2845.2538016860462,1749.1499569484597,4303.03486158155,1946.1949607733736,6082.085777739012
2047.9987354302232,3372.6019890699736,2094.494916453039,1724.0606044356978,3553.4317720533136,1508.559198385832,2015.2933419811302,7862.819373941411,3753.1789273607505,2011.9150171750364
4614.207882792416,4069.229016869583,1701.847118556949,1512.4188854459471,3283.8066957891833,1358.811315800446,2507.4302164479573,4090.1620195304095,3642.7887660974675,2238.05812082171
4190.098793980304,5656.630854513453,1381.5467036224654,4173.669620213547,3566.7788869688065,3691.732368584807,5697.3639876558445,4587.836509629595,4028.4635607380724,3584.5804121756237
4753.887419393623,3431.230610173317,5316.074907274064,1582.629993453309,1976.245343821595,3546.4608892883443,6000.178199672829,6714.708261840307,4268.363176672432,3306.1517108580965
3842.782475300774,4233.3686322465055,2061.080706435858,5327.947781673065,2841.9480163871403,3794.175926161167,2714.8207528114654,6780.622680347706,7429.501508046433,2280.181819212444
4584.741062368564,3971.003704885221,2007.5685066842664,5589.990461187888,3524.0581274805636,1363.9211587990528,3949.6628527131547,315.92174512206464,3345.802186366514,2759.1594208393644
3227.9618091723005,3597.0288319984707,4223.467936161345,4205.573252075693,3552.3770468412868,4911.035081452313,3721.7276209362776,4750.596267694607,6581.9187822668755,2352.2639793066937
3639.615154717806,4906.073232389592,4377.245581281718,3396.309519142579,3382.3254763402065,1221.5295676665135,5736.405951346884,2820.5814944934864,2146.2327163486098,3986.7133728869317
2091.699708869646,3493.7913680132115,5109.649207124354,6265.129107180213,2106.8784581857844,4880.55318916846,1616.4126392801359,3007.241125390712,3023.8709617235295,2763.3824522387717
4162.402591908469,3999.7167053005423,5039.751484979806,4402.217327077404,3129.2817133020253,4568.5956697233305,2622.8336241795505,4206.299456295199,3401.878201703189,3062.719133070794
3736.829239419707,4308.5353906975,4650.120255381368,3876.9612975031837,2101.463963474625,4811.956500106824,3370.65331292332,4452.888839308316,3452.948659469567,2008.7636808876723
4049.841643757538,5118.247292547459,1162.7004978903851,3126.4817782606424,3330.0813908507416,3721.8163679995414,3535.1384241271567,3750.831061813867,4626.612529214157,3288.7407411044305
8975.98206681489,3808.2720768733825,2045.4019424887617,4169.4095921052585,3611.9051115387683,4137.516889673577,3589.9706399109573,2154.8801781741618,3434.7195699942,6822.431990198353
3729.026275486425,3291.4402672026035,4008.368090088069,2946.292239489222,2892.6443481604233,2114.2963041078365,2228.8712449906316,3582.084832681829,1975.570637524575,2080.295465692869
3811.6914306195167,4305.152207781628,1277.0739350171414,3290.3896099200347,3139.1784343024565,3385.973123301829,3107.719798302928,3248.8393987870163,5496.181960158512,3286.4055298980347
3662.9285580483897,2671.708749171579,4887.91366259403,4113.365383603879,5299.382492312216,1353.5566838620912,5489.9737214236975,603.3059043717612,1984.1203561234302,2538.2935222511937
4502.844524249225,1553.5273145762303,2203.2875464670815,4250.46276437449,5342.317832818746,3496.921244689728,2318.855514435985,3793.063645641558,2989.0015992975336,2572.89865894371
3818.476814736076,3253.1333477363296,4302.5473578491565,1527.7321763929895,3229.1652541257795,1396.7121712492888,3211.230035073308,3675.26714720256,4004.0136483237484,2918.2283369665697
3823.227415423957,3422.9481834779062,2341.0721993959296,3583.4251260783485,3411.8887990199355,3266.557409497771,3148.85764684229,465.3647202354962,8106.113144308016,4428.424330381239
3987.218880881605,5611.082889486736,2031.621804540996,3680.8343131156835,3658.2948927274906,4919.974124691398,2123.6232103858365,4158.129132833852,2054.3848861685547,4252.609974218782
3425.350618061292,4373.497307712003,1385.306717515697,3910.2961279710207,3306.4465957843718,2771.773935858844,1720.6816934084452,7791.305389384519,2004.8850434762433,2104.951387731777
7985.537270373903,4205.443349154494,4690.330383074023,3188.6429807902723,2177.0296524621926,3678.050593427897,5385.473400126675,5020.849412772652,7044.205468797112,2408.8698925860917
3423.2766848706524,4507.561234084969,2425.907953273317,4024.7683601308568,3037.3340116484214,5135.8879506656685,1878.217872954899,2586.43449504799,4231.826871404458,3147.0081793171476
2342.386466642861,3587.5335161170246,4950.500286708848,3196.9455928619127,5246.805769988221,2705.504143277569,6281.938668207578,7381.495512476167,2504.276509468641,7197.573880357551
2154.7220879991582,2895.7527005303364,4878.974866971972,4038.934551204356,3853.498219538618,1455.1421082899676,3181.3446512761666,4158.3930638066595,1973.1111931443788,3534.0109916890506
4391.80908820315,3845.0234731321107,5065.510812597077,4922.970963736957,5347.453841499864,3745.829527707097,2767.907383680426,2444.9015239075375,4329.871732552256,3174.228073118001
4089.339265339889,5215.414899140075,4983.246555780623,4438.951337220749,3148.249108065879,4674.551490359848,5949.733589032694,4221.385699675943,2149.4244818990564,2150.2340092098625
8174.799371109013,3635.97243330371,3548.138970296311,4426.208026339339,2104.1260640660944,4518.1717717590955,3793.1834224980453,207.3220417275395,2298.5014671387407,7522.620823885628
5127.780240415188,3975.0899051337587,4786.088920732199,3971.2619849714238,3666.928240994839,2437.4085398291463,3501.3371409595766,575.1870738902338,3345.4142169135466,3316.4306270809097
3768.063814839576,1702.855179940003,3646.983085923277,1463.1034601393496,2156.0830876681202,2872.257334570044,2870.2565579438547,6823.763177595851,5211.152094406017,3005.128188198251
4609.974662313177,3914.474625547242,4491.3998846108525,3653.1142271891204,3788.381089656825,1623.8420639286355,3040.2743748068756,3553.26422791766,6750.120389277637,3193.286695473118
3944.1598559349595,3231.480335893298,5743.209581757792,3486.623980169583,3536.3654836918568,5448.674974671887,3412.331972053997,7705.820649579458,7389.097712749022,3450.6796182277894
2221.8826095660606,2801.2123681173675,1967.7627048812208,4284.441565430829,2032.3682374582222,4327.871237786045,2594.936844607932,4428.805908351531,3999.944052583798,1963.5324642323628
6553.621928085526,4077.562665992766,4422.820906562376,4124.724192590257,3732.3933578973215,4032.688339154618,3632.39391616637,7248.130917950897,2603.580535704848,3040.851532160512
2715.265264618904,4172.2711869395325,4984.7422760098225,4003.720151161709,3391.6225198016373,3032.425180957274,3563.2695671653964,2639.5872498236104,2525.4308995831375,3168.426353596913
4153.019362102078,1817.9248218990592,5066.837218501909,4962.261248507741,3378.0888316392534,4316.308619593742,3021.558050319227,480.54042554843596,3334.8284782767796,6588.206803735566
2430.3954393382687,4190.154290835249,2239.690959974261,4149.794731023747,2481.319631682699,1496.6017317156686,3050.0117489566333,5165.043116998544,4343.503356164768,2711.241678143923
4321.95289134067,1955.203542592165,2057.5523808950757,3170.655074700767,1763.1874729969147,1675.485750675898,3129.6718462953468,4343.248650169399,1944.6445742358264,3070.3722976526187
3536.3930715436427,3932.7405767409355,3860.8433328014867,1498.5826245606809,3143.554998536057,2914.2152035529098,2006.8312133403078,223.68411799480333,2415.8282795938367,4136.055467508375
2906.4440108225917,3226.7877673505914,4386.453034765973,4326.586047607589,3577.973967611033,4449.375684575012,2757.588486853991,3639.3097426274026,3842.0516521380287,3411.5821948895477
3924.680400669109,3150.671804386799,2211.586518029765,4316.049147757512,2093.611790881041,2688.4255787852276,2277.5684361000394,3947.973188283629,3939.143017617127,5688.082630640767
3580.5426196846033,1654.9021380172226,1313.2680909576027,1539.9120347934968,2997.5546884172445,1236.275292196402,3355.7036203819853,5429.946348149339,4802.3822007685085,3631.5035290981814
3318.8506678699578,1642.4232440716157,5124.030282584725,1453.5618163733916,3624.0641930397696,4734.823617216223,2337.1695781461985,482.27007516107517,4352.020945479856,3233.665105258497
2055.96037044783,3416.5533555133525,5137.608502995483,3450.0594747041887,2910.1004803130795,4074.6575949034204,1928.238206966153,6706.890331373366,6694.16276051748,2363.4859145932483
4833.184458497448,4018.2536011538086,4507.225962540888,1467.329717530302,2031.100542299969,1548.789212709582,2185.8631926952175,2552.9574240449792,1928.239027104953,3133.9886736322774
3673.9430201442756,5336.52957934503,2231.8025373216205,5416.007933415414,3604.397889273675,1414.0080249317195,3853.7874515842777,2601.623404803173,3333.438568729768,6437.558808540391
3963.5160385811755,4011.689082324492,4667.63501977026,4216.627670778821,3412.5375174507803,2157.6912047625106,5232.149696144151,2717.7236773095933,4374.190286221616,2951.5106766486842
3921.5338260680846,3701.9864354167257,1485.5339025429203,4789.745159934551,1994.1444154553908,1395.6092263532862,1944.5231056815421,5733.606529814952,4781.394426529336,2936.594666925689
3016.543532397599,5600.226274340776,5033.812571763303,4155.183306130202,3468.9400207296853,3467.259759889544,3443.878020773848,3119.0399732438555,3305.80565362582,6378.951558681706
3569.9828753751435,3320.720934521685,2018.0947125923185,3916.9589105579576,3100.8645197343913,2887.684685704262,6292.272484946512,4153.598316985103,6873.854406494485,2288.73256194467
4146.285187068662,2880.6509179182935,1166.0469491965812,2753.0945058349944,1955.889051322555,1582.0537403594158,3658.294792276252,585.4942833972475,6155.467625496602,2310.6438211067302
8168.971473625338,5195.330655236717,4023.401334172997,3441.418398603091,2476.064980773541,3780.215604432791,3355.6877833380154,6179.1026752221915,2374.799105015916,3591.381422810033
8252.535467642807,5241.209315109287,4749.271305228784,3964.484829942992,3521.5692983355584,3558.2655213134994,1568.7262143749795,5272.84697771139,4047.9941042937853,2272.7045965657303
4709.54608949372,5521.959938219199,1541.505552568804,1445.506839282899,3499.609646727388,3352.333371041107,3510.9773575413838,2680.706028793292,3107.7765859857905,3863.3187676465727
7086.9700953171105,3285.4732017698157,2355.0447251969117,1672.4960153954985,3756.985213507167,3926.32995900877,1790.5738915581185,4849.225572753358,7602.889060790916,2439.6874416112696
3916.7622500493535,4143.849634523513,4335.626601738312,1544.26488224609,3640.158739996058,3303.0588553246553,3102.3012293815473,4653.295993424954,3139.7422470355737,1513.4424003733832
4518.558449939405,3339.7219301941996,4544.863518689912,4385.239176952063,3234.3182843400873,2642.468304422468,1996.4398388832192,607.6103523151306,1876.461401215565,3456.1357052916446
4593.367818733483,3251.5496806320216,4738.987763323499,1278.4020719169766,5072.562384533974,3437.928729379776,2173.5763424198076,7138.19793262268,6500.742433557558,7194.407778083282
7313.949852716714,1822.4999405799974,1968.4191080252028,1485.3610263190053,3612.7612695737103,3434.7246738859876,5562.984374179338,4165.5955677741185,2339.758631208834,3014.010730574685
2108.033928178847,3233.5066980403553,1838.7292423584627,4082.45696023269,1986.542937276872,3445.2265108982774,3705.4536929950827,4322.429472275811,3981.918175571967,4411.081541826007
4207.128619473969,4807.12629714604,3973.117316753973,4757.662397394682,2758.028856964187,3502.843929968421,3757.0416609923427,3828.9889231738753,4442.890774295776,6178.037605843953
3731.8123637871604,1587.3689331188336,5188.630351136441,5656.109622321977,3595.1007166561435,4309.962513573206,3821.065714353116,5786.535140537755,3135.5845433021004,6174.288199141678
4110.112295326826,4467.689400699716,1344.7619050213589,3443.943627977821,3565.904080421108,2878.709629060896,3200.0645908454217,3928.79382753734,2202.338587191797,3419.1510082613686
3143.366429780326,1537.1929917449472,1440.365093458242,1665.9902608392185,3855.9040220137463,4857.0636925341305,3501.422810436288,4067.5206946079416,6484.708013424443,3273.6079835765536
7359.614732951412,3872.274288061786,3982.2565404626566,4291.104440683276,2386.0572512083354,4791.965431571958,5350.358576172237,181.5301151565273,1872.8023726903912,2379.0608139155106
4001.2377968943347,3561.5807907537283,4679.957785925519,3595.2429558039216,2168.00633570066,4015.631772292002,2609.987492494771,3860.39991095626,3976.2183042350157,3128.399334611422
3686.1224633778334,5641.167037432427,2388.206182092318,5355.891369760571,2082.0599099239835,4528.967656783265,2000.7642412246037,3974.4111309835457,1969.3062827222748,6726.00822874868
4487.611776399421,5655.121764080871,4732.08674901664,4544.684637774956,3604.934037710506,3837.9891770673594,3916.7072169470575,4468.168745808372,3339.3800438478797,3160.4166037273862
4782.798256710102,3542.1334361556223,3770.099663556894,4057.5025963113717,6326.588701817969,3298.2052379709544,3441.399232266537,4370.620231536485,4140.104428128308,2261.4773627662776
4828.109632893682,3008.1798871154406,1483.673946908652,5815.931862342952,2584.504788694243,3860.645894869584,2670.631389299217,485.8642406108547,6892.277401745113,7038.382465450544
2278.220500887712,3655.5625075807097,2062.6658560836945,3724.263491611224,2780.944341304297,1382.6573803756003,2985.303050272034,3397.2020321060795,4147.2572838312,3026.212453944262
4496.907972049988,2931.827752294335,4547.582548625484,2912.941837903342,3029.4564586064457,3622.5067331496816,2100.0218743543255,3386.9156772930764,3576.354578911457,6133.876702414757
3395.507967402412,4393.635983396753,4480.633925630371,3040.5611187036393,3540.43751057175,3714.9782730317447,3657.0291120863612,3922.886533787587,2819.364338875351,2961.427474404602
4510.707268544534,4354.392099017848,2078.817812144054,3845.786033160717,3581.3096484210805,1315.717541303693,5190.985781005129,2080.591432754679,3332.0482934453153,3442.8224316974492
3797.7637943134996,4153.096531839779,3767.307537511184,3848.287193001426,2650.0438754667666,2675.5369941993445,5583.149010496806,3897.7180891969065,1838.5623323401187,3219.1306594693738
3219.6001051515914,1535.385966910797,4285.629528790077,3791.5634069356083,2022.8441153381482,3293.3604940402447,2864.855190141513,3686.125198712372,6535.628801192044,3644.189917470916
3538.8129947147254,3974.6139030428576,4718.783451197838,5440.752373980806,4471.473306290564,2332.7042271864666,2746.8333560659485,273.32388859969586,3960.0502377014113,3286.501784227969
4119.8695567489995,3399.49128703537,5098.401732034052,3783.526592736308,3566.4944850011,1493.1473245979794,6126.212938336001,5615.3096256414265,3920.651648705406,2050.916374630365
2168.5918537033476,2745.455986549092,5133.217699889545,5395.936542698674,1976.1208624424153,1548.0751922166687,3333.2777203012092,535.1637242009917,4096.942993512748,3626.3088709345866
4339.976611681756,4165.8497716383645,3989.2687408437077,4293.806725600265,5815.126840559356,4833.698322192972,5340.224532088132,372.0228151664651,3501.485948592904,1668.1804528095158
2372.535967549403,1498.3735243172773,4101.133970783189,3041.1608514661593,3521.181979032738,3620.540940787422,4866.288867169446,2554.2463878110634,4673.402698826526,4431.3920191372235
2060.4774175553316,1624.7856991786425,5113.805851444654,4120.332138660369,2213.488974756602,4232.10486266795,2010.4431705696547,4036.9296181613154,7281.501246444594,4139.810739123004
4023.0015569120546,4439.72174479766,1452.2922425674242,3968.704797246875,3462.6280159253283,3031.0587973951233,2100.66346625817,3047.6536950004956,3609.364377730216,1848.8383790793353
5309.099264801896,4268.208932247453,4252.72327991485,1545.9097317451196,3581.4517842399114,5276.474296344223,3661.155721340505,4228.94773038248,3204.8859928097595,3172.2820531702223
5100.851646875797,4195.091424488727,4966.0442635785685,1676.1266643562903,5941.907243204996,3735.4882741218466,3721.3349107884947,4035.705470131626,4211.411318992532,3344.0742390759397
3095.384388572935,5170.750022327302,1219.070338969137,4560.086999321343,2119.4159495897534,4635.604618622484,3557.5886736985053,4167.567682018622,2191.1427426700902,3631.1826849069353
3973.2786199605252,5533.479832326475,3702.623741195045,4440.838849737743,4553.072683520595,3400.2485259336545,2146.227876934893,3938.1074871634037,4327.9470558342655,3470.82410075793
2119.0973069661313,3583.7351283543458,5364.894585545397,3959.1171403660787,2119.4485047358185,1378.6757628815233,2403.6782065352586,3817.909363765192,3145.196839370804,3727.5536324085424
2419.7880958374003,4096.667216509733,2066.0983456590297,3567.026544390439,3288.9905594652505,5458.55198468934,3413.024552913114,3768.4210259933825,3529.499273201091,1536.004260595598
3380.244469622618,3184.554749907698,2338.1299539019037,3772.686311186304,2047.8792584982289,3664.4097897220254,3370.8553219510404,328.5625872759385,3202.013246502731,3186.2573390192138
2408.841427306349,1692.7734484943503,1396.2051352404596,3802.7927363160907,5346.730142236305,4012.7738689376947,2070.6067372713514,289.1937225807044,2121.182947958501,3306.690583342005
3732.637831436772,5692.959183846503,3748.428676504467,6454.111574585343,2954.531636735209,3356.0106942135353,3252.9178677110385,8515.211814732324,4375.9598491034685,4033.873343037211
4599.136304085416,1486.9833927079117,3746.802155351889,4822.007316839991,3395.6276349940395,3044.7516354452373,3061.9695036223648,3663.3157570243943,4185.243860767295,6181.182704491342
4718.044539880774,1506.199329314947,2249.9164134230064,1648.6802744865267,3562.0709712800162,2988.984980898661,1854.3108799379952,3838.0930685605667,3270.628117205677,1509.806045297218
2035.6156903011765,4078.6886275044344,2214.9867585586635,3187.300086615527,3649.472854808625,2721.247679209215,3759.2529201781617,363.26175753075756,1951.8100399721707,3253.546153974532
4182.1930377932895,4999.773302606878,2150.478187184665,2187.1267280984334,5253.41864251181,4532.7194233959435,3203.582003438245,4115.005552553691,4323.527588747486,3380.3626503132236
2533.183350219909,3050.905493344312,3879.8277898096476,3194.409244579011,3617.210074923767,5099.203104242028,5089.517704763815,2260.362689669638,4267.173447191295,4698.13389486197
3599.7405323641656,4090.177962630736,4220.476994196604,5118.840037187114,3476.2968446311,4560.3688723110945,2395.0348579151087,2321.4668506166827,3496.214352175045,6291.1671594370255
4859.852316797735,5711.834295199873,4291.189000312782,4833.516467850746,3158.738703057074,2965.367671176971,1836.936874462277,3894.8050875014433,3843.9837623526414,2136.392648266709
3813.203264406625,3875.4446641286436,4912.9722845038705,3962.1823368091814,3013.5267784668213,3459.7073936271217,3274.9430090680517,6210.1901695664255,2679.470427585149,4362.50243919533
6685.387213925022,3492.3953657783018,2154.401311344395,4281.3491276146815,3560.724590673196,2790.3682871610954,4993.915172767109,539.7552487007648,2177.575596492239,4244.860625404174
2221.1948512203553,5423.946956140611,4895.323830736644,2780.447110153732,3031.5017504817524,3208.8902465680267,3300.431487431402,2899.032788106895,1904.0740391291436,7000.639985161712
2083.981472077082,4411.719394347582,5666.055326264655,5441.545954899649,4555.123586163495,2715.5159648435742,3012.5426259527258,3890.462924671655,7470.708812226794,3070.6513144127493
3843.131046273229,5337.206373850474,5669.28400307529,1456.990397590894,3645.267559278601,3740.2573311651686,2733.563628366982,4883.103446828243,4262.869012381833,4576.977936290701
4218.923056973734,3992.0168240426096,1538.0704587489088,4179.02167927236,1900.2347180125,1371.976741134059,1448.8043215904313,661.431109482624,4623.858570198511,2141.961327974472
2568.732987898887,3621.11219114963,1678.85649560501,1521.9425426914686,2259.999163384312,3479.3212624629737,2917.898028016098,2588.3811926354774,4090.771939716603,2364.165298182318
3170.4554034058274,1598.3093996762477,4369.1264532965815,4105.267775730812,3564.9293095107196,1485.5320636057133,3269.0826012861708,4250.898923382176,4491.733549734908,2354.24947339678
4129.4274120152995,1689.8780928324609,3908.2182822648515,4196.237786469149,3300.519729257516,3995.65017724622,3514.7623343683995,4009.637172679444,4267.256889179784,2098.691607094965
7500.662580641761,3253.498490604265,1423.2011700888734,2731.4467461009126,2114.38296358879,3765.199804045811,2631.6041589206443,2720.984545714115,2201.5071306684254,6332.21706269951
1986.0394174036892,1657.0909814896395,2063.301660189942,4854.726927657635,3602.9036462043223,3090.9338537602925,3328.897279202909,4152.240951229168,3332.184514243439,1969.8656540726995
3633.6010024031634,3949.6805378180743,2173.150535965096,6401.77638254728,3083.210187589098,2381.2492739028694,1349.0033344324158,2859.9499639285773,3471.862100706626,3545.8488358448567
