c0,c1,c2,c3
0.0,0.0,0.0,-0.0
0.041143378194124065,0.0727752711418874,0.08951679677586631,0.014595245569629095
0.2308373123950413,0.15786019586334574,0.08576667242600894,0.06729169249972479
0.040131152364031024,-0.05392402099992754,0.07454128428435321,0.36539231493812946
0.6175331066711827,0.33402629245972365,0.28094722770190605,0.29778312219504993
0.026883495609048604,-0.31645202166663633,-0.1378365896384839,-0.16847620574179556
0.5671086975692085,0.5315293356945057,0.20537683200671344,0.3981606407127251
0.3849944704198064,0.776014705299799,0.3543785706985621,0.5185387931135371
0.3402102250808122,0.009969044245628035,0.6608934161937566,0.38684952751788126
-0.023087470359160433,-0.016619875345578117,0.2861330700305837,1.0112794123010567
0.34604333651947544,0.07194021043045135,-0.06532445554763829,-0.11972572744579055
1.0180351500680616,1.3832913153897561,1.175559650206699,1.3150230523802076
-0.07193590007295095,-0.18814341915879104,0.7099672712216846,0.7872932198397912
1.0687944851245097,1.393909074927996,0.9512742808673524,0.14097074893747144
0.9317235247959218,1.335461305254257,1.1344865646345244,0.8490937850678517
1.4282355958037987,0.6196001177038134,0.5995441712866424,0.9630654705747397
0.6444011599262436,0.7752536958856695,-0.5482068589348484,-0.8418170967537038
-0.07793101620245435,0.6542371667087309,0.45340571703657867,0.39158832463578047
1.7482552292753843,1.5281964060334228,-0.8652831010394118,0.24326446267809929
1.2222953039319606,-0.03110485485384918,0.7591186333713251,0.44254654459856524
1.2461170149507557,0.8993921484797721,1.2200764868834433,-0.1222525803456882
1.152516255310702,1.3770310827699621,1.729420943847343,0.9808361723359497
1.3827927588185733,1.7338236525225272,0.8326483058497223,0.43126931661358886
1.8402454618008832,0.8102749657425183,1.2654948043450622,1.205264279225944
0.9552482641909477,0.5605463669193442,0.28027344970251444,0.020723439474550704
2.1947971168858085,1.6188695050709836,1.885238493646429,1.775654931137561
1.0410710766069662,1.133098821723866,1.3169860221780374,-0.3186565251317393
1.0013583020444068,0.5460428717287983,-0.331812482235866,0.8493017136430832
2.101531766509867,1.7214929004938244,-0.3493205091700374,-1.0985134856777428
0.07933820511339704,0.6188176441206164,1.349047060006888,0.7824844928694336
0.10169357616920309,-0.6540369110654874,0.8274519365582735,-0.045789966580589966
1.7838119409262367,0.8511062051516938,-0.8902099927984767,-1.010621333686512
0.7653874570934586,0.5058087097188031,0.06865032051990178,1.0169506845214598
1.56691229687985,2.1110331171716923,0.7711304798357936,1.022038154009314
1.4381348967894312,0.8091714354220751,1.510895931050774,0.758365933447823
1.3220031717798844,0.93156143452212,-0.5317092001894849,-0.06407573524879268
1.3169362244973433,0.33749985489292034,-0.1932529383102281,0.07367312392976447
0.43817684373511767,0.4124876061996436,0.08997961363655152,-0.17040386749868938
1.2492895177114671,0.8510199794876986,0.8746375641009114,0.44118774627224044
-0.18689468392610084,-0.2743267679300636,-1.063759963438411,-0.5467206711763765
1.328902531446986,0.9781600968127103,0.9940482679063234,0.14120545756348152
-0.10582707645902033,0.3886624204487221,-0.10529418949233915,-0.4200404298869838
0.5567879071130772,0.22916872903008953,0.37527036967281846,0.6327048398856824
0.41324183919196217,0.5363423686980142,0.25342301101262377,0.07014638096199831
0.37126943014790537,0.8131194590146376,-0.07538395828123226,-0.1499267559248598
0.020527801109264866,0.03177199132672388,-0.03343723322394537,0.25414015864049083
0.37277764601444235,0.3057528063456479,0.18547159195388743,-0.008166834049768276
0.13814482984855622,0.23609061735276288,0.29613030419626757,0.39285657167780225
0.008539294703925343,0.03499910721712524,0.10749072751456087,0.12183147438272574
0.13113226649734688,0.07834950524442506,0.08887344068763071,0.05675529381337626
-0.00017744466306741965,-0.0003241266874452767,-0.00013915375493284173,0.00016705263132268678
-0.09019693647591681,-0.11483343927062262,-0.14187477595483985,-0.11479002924901033
-0.2698041222502129,-0.26823619941118265,0.12226220716335635,0.31918107992173367
-0.07341915960349434,-0.08586523052715944,0.11535571857243289,0.1098927939556083
-0.38446350103217725,-0.3524761305018932,-0.28582467238525294,-0.3120703114944679
0.4506572406993322,0.7522589540346065,0.11909647724119801,0.09983917144707731
-0.8182234034893838,-0.46433403628321834,-0.2799107924515571,-0.010270673028592482
-0.833336297702828,-0.7446323960576946,-0.29549005830617564,-0.30555938560617
-0.08780612319449593,-0.3447302494869685,-0.747237262059008,-0.055992140937376984
-1.3827544600236428,-1.5622183906245435,-1.048669320633693,-1.0450896701388623
-0.7514093268717389,-1.01575029994504,-0.8493392002637078,-0.5246261016834355
-1.301464649477181,-0.9645153578731614,-1.026391087193317,-1.0268042950495861
0.2124539695450118,0.19377746371252022,1.1013619569523798,0.4923032004446337
-0.10157903809020408,0.5965209727042291,1.5373123009764933,0.9482296002186801
0.5020365405331062,0.24204464306110535,0.11363841672283519,0.15138350918273272
-1.9572116732927445,-1.027848605137231,-0.2005363510298211,-1.6961030256113359
-0.6385658227740287,-0.07293287795163324,-1.6621734891745477,-0.709408233264461
-1.429747692622135,-0.6624508871642637,-1.4068159351266325,-0.15161264651348286
-0.05945692337248852,0.0483745958030753,0.7400542287731655,0.11917418923311965
-0.5885151469508172,-0.2604223807098267,-0.635020651459014,-0.5640042201860003
-1.312696532745483,-0.506683979435612,-0.9470765199565693,0.5693518500465143
1.7938436071108337,1.533830305130409,0.6773586463680334,-0.1376702501869768
-0.6099557794313957,-0.16395912340964253,-0.5120679076414214,-0.6354211952410775
-2.034456470704904,-1.3872268287755636,-1.0131330515344565,-0.1732796483525689
-0.15074136751662023,-0.3292237671441077,0.010075811445449698,0.68113990825874
-1.1208921847602011,-1.5106597946270541,-1.7349878163325982,-1.1186944646812071
-1.0723312121817548,-0.6602528071643606,-1.1168833224364934,0.05993976735741851
-0.17989023558979017,-0.6032546223822742,-0.024655447766806945,-0.21068358425009678
-0.5611108792194409,-0.3729383209204926,-0.12408083761299306,1.0843648036709634
-0.27765390099886983,-0.046197369235042446,-0.24300899101944945,-0.0028717733983420995
-0.7147001347794135,-1.5406879981192525,0.1519289285104791,-0.22188587384753494
-0.7714115899746868,-1.3768053440366346,-2.086885735092185,-1.4208220107783502
-0.9617765844658859,-0.17670233397069776,0.06795317310399092,0.40252211942705074
-0.44758420033774193,-0.37812233664335315,-1.0021781054526966,-0.40717439637238245
-1.3552980268991908,-1.0255179526747917,-1.365936744468715,-0.8938196171045873
-1.5325093260271987,-1.1640224915339783,-1.1009697874695845,-0.61175252019976
-1.5961011347927145,-0.6511446970060707,-0.37157218562387073,-0.7913518808703124
-0.7467820275379823,-1.3303803562620613,-0.9395976312271349,-0.7044222648117447
-0.3459989229313702,0.2272730765879437,0.008303894420655199,0.0815906617109478
-0.6722153430629288,-0.27952584903667194,-0.5736109497728156,-0.3090800904338278
-0.7398759943116788,-0.6123817175474138,0.24751235885200484,0.5236369313586623
-0.11115026853625484,-0.02899260398127,-0.11976391595888705,-0.04620502607021005
-0.1874796939767453,-0.28522469109271437,-0.35554705092743244,-0.38977785371877394
-0.10547105013308797,0.15869445086904335,0.029543147231784597,0.8140295599806843
-0.12096584524952354,0.06170195340886579,-0.25693253440357455,0.37733203218172134
-0.5531567023763174,-0.3552502689710915,-0.2284261115242747,-0.6258890092017438
-0.2797213068808971,-0.5273544990668039,-0.2941459403493577,-0.18937992540627208
0.014690336086887835,0.013972583920133388,0.07718634155928197,-0.06760749868811386
-0.3703487252171126,-0.3073271125887678,-0.20293432804744346,0.020810060349389016
-0.17041735070026415,-0.19855487459290794,-0.09240568131623171,-0.05166532248937417
0.0012378144329994898,0.0012465130980785647,0.0013599101004542998,0.0012041683659872297
0.11767538690595065,0.08756842009748003,0.0242714650303449,0.042066105997434905
0.17402153384518285,0.06477510403883696,0.08718297436680837,-0.030126462847297912
0.573089798876861,0.44382387625881886,0.3173055348543162,0.11129179670631098
-0.09077033403553766,-0.12296913508384026,-0.08008938037822834,-0.28651834184635305
-0.0032850900205865243,-0.009843341946679648,-0.5938455424944612,-0.646115218287674
0.4082193106686122,0.3576481205279469,-0.30556114585319494,-0.2254312641031653
-0.012486258629452436,-0.6080430969973578,-0.011939538353174583,0.4627517306298015
0.6590077204093087,0.6339210675023702,0.5643349875235298,-0.15413371355264988
-0.41711875601319903,-0.6086334617818681,-0.5363647721243632,0.33313221210213356
0.5676364477992345,0.2565146122349439,-0.2995484186622687,0.46169064428111556
1.660885801740572,1.1958140129356076,1.0958069679183162,0.5067306570522024
0.42714130099181,0.8011472527081206,0.8822594410987058,0.999294519183178
1.7051457561150098,1.1589366838604807,0.8320173976882606,0.6918918894510581
0.7433694483447029,0.09684016378492455,0.7034373382924404,0.9888567073980202
-0.43424754919423203,-0.6676402014777391,-1.1220514165706357,-0.6571477772721461
0.5835070438144693,0.8952305726735734,0.7985220647475549,0.3681007829409145
1.5839961112047776,0.26507704574964214,1.1581566681751352,1.0538178173323989
2.508053242911656,2.2919505836795877,1.9084969428066898,0.10946447801052296
-0.012723887909384633,0.7064178204463608,1.023708474729817,-1.0700502112001722
0.7333384335405301,0.604344262430129,0.3681822498549761,1.5106995512570973
1.2325822294101885,0.5689433677395047,1.503316372696719,1.9566951555698369
-0.3167714115443856,0.13414025191756998,-1.2364660070384261,-1.319292563150401
0.1554479846164447,0.578298125067,1.3489729533142663,0.4124282647017035
2.230665239519391,1.1858688092811067,1.3232256555515158,1.517135861970331
1.2439566861640923,0.8865286327819212,-1.4041700599541564,-1.0171703066413298
1.5899958453964982,0.9077698980702722,1.156310427239811,1.3428405995246646
0.5151830238452408,0.43083416485006076,0.9308865663361728,0.7932767272706169
0.5890555647582739,0.9070922380120912,0.8051265368479419,1.30053389049329
-0.11511143679766629,0.24045373250870508,0.45318340063385976,0.6079876216568333
2.4249319500016058,2.5133950166493815,1.4791443156387798,1.39657340603084
0.8359836270582159,0.7676573831554746,1.129234812967113,2.396966158930298
0.6407893873645973,-0.2743691132268933,0.9505505869739964,0.5099857818635869
0.4480905904809316,0.37779562801614347,0.6988585648311146,1.231397656993588
1.29029459053322,1.0249547775952124,1.6023187068605116,0.7927874076673566
-0.575539465157682,0.09950132980998581,0.27587377767849847,0.2880730585601364
1.981127342159723,1.994636697709083,2.4813744391182126,1.9163984658451356
0.310723603212676,0.14818065273002823,0.3820132632715656,0.3514806275317828
0.17527803786007715,-0.1775711819463976,-0.2213144491143549,-0.4820955260098382
0.7894474592750861,0.5898754721247798,0.85702149248511,0.5687758095918157
1.0530924305037175,0.7043326512183602,0.019889639980102115,-0.8081779011702993
0.1952763235614947,-0.38162053732410783,-0.537223797861369,0.22199121042098924
0.898161023698452,1.3688679933460515,1.0562283877789866,0.9484456107292115
0.4793006625344342,-0.12321504305991135,0.3766531239664765,0.009886256451824558
0.39496233984739887,0.46238192780895493,-0.18932716353258022,0.08057610825555074
-0.05884090413711503,0.3353443428648565,0.15667593937989732,0.07493628545256047
0.31529757419286025,0.11367128955824007,0.06270573252691775,0.061570695597920784
0.0035712157938509385,-0.07346993815878024,0.04330764156841201,0.05820103613967223
0.09816294539782432,0.04150425149893365,0.06467551198995337,-0.059509767654038814
0.041804944688341436,0.04951562450396328,0.05881013544372001,0.08325737562800739
0.0005311022896205731,-0.0002243859661010648,-0.0004512599677291625,-0.00016685123070343967
-0.1312340482009718,-0.0464701659904539,0.03623117307412443,0.053591054361725766
-0.39442598148416386,-0.36340129110569636,-0.23935437212241445,-0.06795553684566734
0.027611781927458414,-0.03213691490954949,-0.3126502510429713,-0.027375287834078513
-0.28836400232805426,-0.26006121754488287,-0.10889476384469372,0.0694801998064088
-0.3913926825724538,-0.6476117236982203,-0.540357224010437,-0.031853328695060024
0.14100429759848493,0.2993427628325726,0.35906440315672195,0.04349389153963601
-0.5569695992228626,-0.7088417753233616,0.2473914314134594,-0.09243804470288086
-0.7231178920752572,-0.11944615821683362,-0.2976834430163373,-0.5197150808191996
-0.48097814915460413,0.16342949875168017,0.28200777620150946,-0.08089137358444554
-1.5088198831773438,-0.7170581106643517,-0.2130447096087851,0.19764229940695538
-0.9083121229163075,-0.581522774433739,0.08612617635111748,-1.00935554967143
-0.6781200623169445,-1.1058041696685794,-0.818121929531392,0.2951445012556244
-0.22529403892842326,-0.46129195680726043,-1.5908561596808326,-0.3552298888172989
-0.7640692846420365,-0.563633993609229,-0.527294894242585,-0.2639352989416195
-1.0851338725956523,-0.746342241968133,-1.054379884106007,-0.937106477181808
-1.0539271468185598,-1.6485404424848717,-0.8108731227962369,-0.7931268552591367
-3.597187439647054,-2.4799890536444504,-2.775656485990575,-1.063222597774909
-1.3440018462584065,-0.6486561219238942,-0.48448528380245137,-1.1822471806675945
-2.15024434231697,-2.6235426099717767,-1.1538870188289285,0.1626056251107749
0.2102244334174253,0.07755015014835322,-0.10296829770288142,-0.718114895636231
-2.4041267543863847,-1.9435351909156675,-1.311701575706033,-0.8738171586945457
-0.37137353603937684,-0.7109197852599243,0.38065238865032164,0.2590844052445197
-2.17594962757574,-1.849598535249003,-1.5682679772406094,-0.5990941417734206
-0.03541716940141296,0.009503896627826126,-1.0978711973585134,-0.6577983469523189
-2.4318232563965307,-1.1864038802776846,-0.5463973202342155,-0.32408192577031164
-2.239747318850886,-2.951243846308433,-1.1037375704654377,-1.5489534709505113
-3.5096593581293196,-3.178903565204366,-1.9072848096871606,-0.7612297680369589
-1.3183699072196842,-1.74895764696175,-0.820390778234742,-0.5541297901216946
-1.013308261894124,-0.7158329580580839,-0.30701086129977767,-0.32569612231286277
0.13759986230466761,-0.14505621634019553,-0.3006046577881056,-1.589686975767471
-0.6234197675973675,-0.6473752410346059,-0.45804564065035674,-0.3625476064563189
-1.1631897669347584,-0.6007485905611331,-1.3308151580293495,-1.0874293678673905
0.3976450208629578,0.029400715276681703,-1.0205588710786941,-0.7496620987042324
-0.6716813024719107,-1.0624858718359225,-0.5230603614170648,0.7618516052445026
-1.5452071649545385,-1.5721715308991588,-1.9053711777395796,-2.1927472920385624
-0.30725105328693186,0.1268450441555932,-0.4039140484220588,-0.32058771333019676
-0.927304977504073,-0.27703061121682765,-0.9736097775418706,-1.4484674075635946
-1.1742314858696843,-1.9826323280845393,-0.354470715291318,-0.5212751632933398
-0.39023124240355617,-0.4271575819915844,0.1723901140141504,-0.12974804590561081
-0.7173798340588156,-0.7632546226706405,-1.202469135078939,0.03381227930631128
0.41019364996007746,-0.06264218043738126,0.16665281206744567,-0.023242675850678737
-1.1954193865039724,-0.8775091233183632,-0.4149860684515982,0.24364712389264961
-0.5666970387324153,-0.03907830655467174,-0.0437783682127964,0.36904458281022345
-0.4771155651508783,-0.56695138914876,-0.4505267973926803,-0.40559118633848107
0.011232332627928653,-0.10801155490927482,-0.302359592838288,-0.30616749273889227
-0.2130784993774494,-0.21152736438155362,-0.01249679247120238,0.23015211561503876
-0.019264927608458434,-0.058746385977933926,-0.25182615750536963,-0.25247730924651557
0.001995767248098438,-0.05496513521986064,-0.03522782421923455,-0.16726413854296235
-0.08399995588204877,-0.06736372227284812,-0.025823490017626807,0.00034290967991340115
0.00012151289241793733,-0.00045006188520879025,4.589206899582506e-05,1.88152991878275e-05
0.08310845319035425,0.0581359557986054,0.07673998768488277,0.05322328212757154
-0.04060896700714319,-0.09683414963023108,-0.028265167046618155,0.014124714487301678
0.03925704444387796,-0.16554461833204676,-0.036133684727772813,-0.20652079361421516
0.2325086263016974,0.3101625160776176,0.006641454439533968,-0.09040545581805713
0.6000220586501551,0.5081212216598139,0.46487358267318396,-0.25591094979228574
0.751698428277585,0.5700244327903627,0.4276005155982126,-0.2520873324537128
0.6930491505878958,0.32909470042806255,0.2595628024128452,0.5484686529928376
0.6575984629577449,0.7092691997742095,0.8121579187578485,0.7786408678713272
-0.44269644692802756,-0.53310670940353,-0.004849695075538094,-0.21243180572309714
0.8366464309943681,0.7195974018560344,-0.024401694437723047,0.21544985487310275
0.2557989954914554,1.0431805322823604,0.1354640656938728,-0.05863405867192385
1.014238391904622,0.673771157511253,0.7715782890885831,0.943485856093824
1.5255488542107905,1.1668188201093328,0.9865109517112726,-0.2416761760669487
1.393895471766601,1.4714281790328807,0.6924519620726974,0.6787788689818098
-0.5065293252413386,0.5198591443288484,1.1136885792162852,0.5986335831830243
0.9881035755163584,1.0973055017066558,1.129740437881821,0.8418458350143789
1.5159318372325892,0.6196946030523193,-0.5507988895541519,-1.1227916620525809
1.1343428617888773,2.097995753370592,1.6918942863269966,1.6963310251905137
1.1214266377054085,1.6002690331293437,0.8099716805914728,0.6032034920064081
-1.4583043185490685,-1.192753011898181,-1.5879821736249138,-0.8738441008473042
1.3641061902449256,0.7410954131102828,-0.32580134213879314,-1.3820373553779737
0.823994217838001,0.8388850814044432,0.005736387982521068,-0.9479989435851559
0.37078641134062085,0.5004486488503528,-0.2159881213506172,-1.5049186754095165
1.2762536423528652,0.7253939876179231,1.2233057824664868,0.04614473691911176
0.1472780979598414,0.7503364618947047,0.32137433091945916,0.3850807626612678
0.8372558842836485,0.8993573106930106,-0.16255881818512474,0.6614304097502657
1.54046194407618,1.0973904687087654,-0.7918047069123235,-1.3051796955537305
1.5047609768443355,1.2316736470795933,-0.18577245715444016,-0.7181473716551662
0.5886031834300116,0.3919457318357617,-0.16539057677917265,-0.011732400745757196
-0.19965642162658692,-0.7047527382391733,0.11438921208949898,0.21180504178130952
-0.7127961627751389,-0.6273373438236911,-0.1615675967428935,0.6234973611345377
-0.6724394656461478,0.025133730190459752,-0.9829015780883786,-0.44365756235637366
0.9961063159404707,0.9516041923538829,2.4278680676734985,2.3375297979926137
1.945757922609952,1.4888404020576167,1.1678543967429704,0.5135977866990313
1.9542467218725845,1.7780072746368145,1.3520816637755506,0.46137398754344866
-0.49576463763783746,-1.0918295687627049,-0.9000000428492345,0.1613798751795795
0.796367507149324,0.7608308794893242,0.31926545317816185,0.26136151459064266
1.669803145393271,1.9036435310480755,0.739804219368519,0.2957282570524084
0.4820312988793036,0.5166576938629006,0.21645140461848522,-0.19276555911859086
0.547291657898156,0.5623241804443018,-0.21560333098353693,-0.553978329942732
0.7440410010326941,1.0679802993402883,-0.10578968521226184,-0.11071931857303037
0.23043462728498912,0.041497106666620515,0.579413178979124,0.6127852276135087
0.24182790519059505,-0.3331415706318056,0.029495441352509064,0.13751005276759035
0.048859299970933655,0.20503007032059925,0.40719971194236587,1.0032560954314156
0.2211374321701502,0.08053529058596236,-0.17937225464238443,-0.039957360879589225
-0.004714200287799484,0.16177155928460585,0.36875983135692714,0.1652943155035502
0.3211446797169808,0.06252024905612658,0.1902592661930815,0.08487591877454367
0.13135179050482995,0.08400199977925213,0.0831455294424152,0.16222759636445858
-0.012900232122383089,-0.02085374779787919,-0.08692966737199988,-0.06774268968977767
-0.0007999229337972947,0.0004553848284303303,0.0013042825980655657,0.0018939160413312696
-0.02220667987407323,-0.034648133009862594,-0.010685427974384468,0.03973429797027551
0.04343948495488582,0.03224228674982041,-0.0463857374166052,0.05388957076575428
0.24601775881401963,0.22793396952352535,0.05743808825495797,0.2255413232760754
-0.3015996598739291,-0.3326594111168712,-0.29045311657678957,-0.31847020180578234
0.0930658956228341,-0.25815006589013634,-0.04930946683029498,-0.12801370650785238
0.07813851477614478,0.18682774496128265,0.3776700290294475,0.4145985890100076
-0.20530270249254423,0.27871882772395556,-0.18838258915045653,-0.28269299584292984
-0.30619487557425984,-0.5824423229834909,0.12856322602240336,0.06032323087297072
-0.49993367525236604,-0.8965340305552512,-1.1471199557338645,-1.146411549441971
0.4240050917743677,0.5031591507360075,0.16359913894251782,0.5040283664974218
-1.2370598338330925,-0.4843647238564108,-0.5339641461318737,0.15696860678287192
-0.32799618040779976,-0.10542081808781899,0.9549541914197566,0.9069240905419295
-0.7223274037383682,-0.18247193193876973,0.049965217351135516,-0.034183513751879925
-1.2700594757852441,-0.8717059818701824,-0.36830898077670604,0.3749414264306856
0.5935441559209487,1.2089657259884448,-1.1744596687017463,-1.0138311636356239
-0.48427516473908344,-0.9206114587037965,-0.580054120392351,-1.4974417129601953
-1.2519286922786899,-1.3072495229792336,-0.7301534909326296,-0.4721925470937538
-0.2683876380793457,-0.08598000889770989,-1.24691761202662,-0.7536383978510731
-1.499406511841139,-2.109087219004916,-2.408098709189558,-1.2345367846511244
-0.5458451669371607,-1.5732127543730696,-0.6895992571004558,-0.9405985400561763
-0.6885897733978736,-0.6758181941621427,-0.49358413709833693,0.4449510668728607
-1.1095601206748142,-0.9253369120800434,-0.8471383097538139,-0.7174377405405019
-0.36397662286442456,-0.153728026753974,-0.24483376650659994,0.37905564570138467
0.2877711832215472,-0.10421067435386885,-1.5089422816987177,-1.3081750823225502
1.5019096075805893,1.1914827968631754,-1.506126328558994,-0.8440220534666115
0.2087590391556055,0.8922476358360972,-0.3074311048507443,-0.05408196202303758
-2.416830588629212,-2.1018608043945513,-0.4155958818782914,0.28407435336427245
-0.42088879407425084,-0.33621598317494733,0.2756010261711087,0.5658875358464891
1.2434810590400593,0.9426927082465825,1.405721278957923,1.2965238777965715
-0.8945705401114791,0.09715470011882009,0.3811346709547492,1.2766355234289815
0.6777079214647415,1.20008664397701,0.2338546695271383,0.14577300390647818
-0.9586245057102964,-1.005636710259299,-0.5767008093935427,-0.13144341112175503
0.2688640087803858,0.10817743355812658,0.9677968846414028,0.8360054374430677
0.7181318954897765,0.3900997863354111,-0.13006250917478357,-0.11418885941190118
-1.5521002801663464,-1.2982370977749678,-0.27293064646096005,0.15975974619729
-1.2971465671494269,-0.3798605835290766,-0.3350479497358333,-0.64600461077711
-0.0044855965800939205,1.1614239518505212,0.5121606147960001,-0.051729068425377576
-0.24318509071858962,-0.8127966604351798,-1.4582981765745877,-0.8099492355582026
-1.69055150933279,-1.3460970484464947,-0.5461373594877461,0.52166765919345
-2.8197027605555305,-1.929881393076746,-0.9340130082631325,-0.689536705217576
-0.5744751102890363,-0.5248301522408233,0.3140528442598273,1.2179657896186895
-0.3727905407091413,-0.32797252566402896,-0.03844564779881668,0.3800779283477414
-0.4490861180248498,-0.2540648201641837,-0.11138423204383581,-0.252419396836702
-1.00699563263965,-0.6905612923608626,-0.6570643532496334,-0.7220381403599272
-0.5756903142678784,-0.19623396816825237,-0.1440893180972098,0.2759920543129077
-0.6081809255330664,-0.4790412749439249,-0.19296583834748282,-0.2035501545788534
-0.07798017306896354,0.08723778054493814,-0.10963630811351043,-0.10467387152166716
-0.21376384718147654,-0.1967889468234169,-0.04481533676157565,-0.13947286401517583
-0.05424223869677986,-0.0891304847523044,-0.02521931579470683,-0.0008176707201857815
0.0009729224455562609,0.0013370122125948688,0.0012005201842575934,0.001028953756489664
0.08113392608912305,0.03624902298762419,0.021139546728187752,0.03560589349223351
0.42855879124408036,0.31122721290744887,0.10282712892666747,0.08802793342816626
0.326778734531353,0.40930840030957427,0.13466293165420315,0.0871116007395039
0.3009226453014387,0.549279963280771,0.14901802540294284,0.24779036385362718
0.5966133818790205,0.646412899183971,0.5378602870850319,0.2691550191124203
0.41382661203228543,0.32017578020381615,0.3071100048810923,0.2215255053399119
0.7653589894603661,0.1412463968838868,-0.4519688063521716,-0.6464658358192322
0.9806329630190695,1.142740670926136,-0.29399988850053266,-0.4263006792958944
-0.6215337903719713,-0.18160915411682488,-0.3065597260818843,-0.33182938845919585
0.9180782133960026,0.42918591240329995,0.5002231673692669,0.5711094863070542
0.710832781063088,0.4246201077326596,1.043067300137893,1.0295692170310693
-0.17042943084173112,0.20151815851772067,0.6649754862289025,0.7610989799778136
2.171502385534975,1.66033417025616,2.0155948930320626,0.8789907199467123
-0.024286917124421444,-0.3990218606108536,-0.9580247832970454,-0.6506043338859459
0.6255994007270523,0.03145552136077625,0.3049079858431446,-0.18142517555531923
0.3478867828048656,-0.13617069936710582,0.7996821322559217,1.0031084891683462
1.6758805482405237,1.8312497846172504,1.0525543856346773,-0.15469269845849953
1.3819294785271785,1.5165182726812485,1.900366413136687,0.9113841761833948
-0.5697743656445213,-1.0955338839423376,-1.3237702836299259,-1.462019527213599
0.43774484565183436,0.8899652018124952,0.6966754889136613,0.1804271615516112
1.0248668399599288,1.1345964477454273,0.9327524111585875,2.295464777808837
0.06256395835538356,1.7481364808254223,2.1655481062134285,2.3974281188147573
1.4348511083700035,1.0727136874319596,0.3675122970014836,-0.14434603877111388
-0.011773183762714955,-0.004045513409578258,-0.017109034098205918,-0.15714311144184998
2.272069498271909,1.5016399915447014,0.8420935544462287,0.306375790211943
0.11102835533829146,-0.0008409420068534516,0.4436306353891383,0.5661927643596549
0.1404738484446476,0.29269502439071327,-0.5582674713688167,-0.6536848083838973
0.5111983727042986,-0.6215608170515103,-0.6564307825121991,-0.9439955168619795
1.7767147290887453,1.5083083903911734,1.3502672167223677,1.4920517615020457
1.0428751496213153,1.0494835345910856,0.29672601395794634,0.05265601800198073
0.1015187459236721,-0.022523822836711758,0.7805258935762646,1.7434308519089565
1.5785941092563003,2.226015819525929,1.7502068209065889,0.3893695630543176
1.7508772642817334,1.2459907083820212,0.33247454527894676,-0.3737874653848955
1.1341793681472008,1.0799223504708817,0.8961058335832728,0.9702264957474601
0.39366178433546406,0.8453292536452324,0.43201963484024586,0.1288233725144311
-0.3428751594773462,-0.19584818450296793,-0.6067304772863342,1.1128459240187576
1.9185563597905035,0.9659855789541867,1.1204018989934477,1.3567998452456829
1.1855762480681349,-0.1590781563541202,-0.08861906972228883,-0.21136109002848924
1.1312772233874115,0.9459566998471097,0.2266250048083283,0.6403295304019866
0.9132575736268277,0.41542481945702514,0.32064010130486953,0.0014932201575871518
0.11476730946157894,-0.32270258101127886,-0.1668611065127759,-0.19218832076609377
0.22095678482594794,0.6809670804447266,0.5122653141765339,0.6434716752074022
0.4910483957913276,0.5616800700217404,1.224944355572499,0.8193069352239006
0.6007567555750801,0.8651799527410144,0.1669543677909051,0.15979127586603148
0.02905602382660851,-0.05501444353172905,0.3244339991435964,-0.13997130600953814
-0.011313712088916404,0.18858805291153238,0.05972390737386633,-0.1742588995968089
0.13345111703066026,0.0503533563331656,0.19452859583245524,0.1293168567455924
-0.06891877917731064,-0.10362663688421339,-0.16379528546762065,-0.12487265902139205
0.09828124483341576,0.08457071938096584,0.15696603122686925,0.09659911790086059
-0.0038824143911281054,-0.0046993352997911604,-0.0037911659716402405,-0.0010016748927934988
0.02711762505361082,-0.009807478653668432,0.04390855261378526,-0.039892941516438886
-0.10314282804682205,-0.1482516589477516,-0.18198713950644288,-0.048713852354728304
-0.29473219766978115,-0.28523752970330474,0.155759944182399,0.20279468126106542
-0.18881003775059402,-0.2523247503865648,-0.25384938403439655,0.06950427387073115
-0.43145879851956775,-0.1413487549687613,0.08937574025293879,0.17139059077379953
-0.3283926624150739,-0.2281490736079359,-1.1184490372534088,-0.6399376025152628
-0.33109986153952137,-0.49404111459651034,-0.3996919804203701,-0.2756652444627349
0.022162959997281396,0.034335695631769865,0.017124464025556705,-0.0975311801325273
-0.9400039485608215,-0.9916898611335567,-0.2251510827361186,0.3064621470662479
-0.8213186162067455,-0.1361082722310311,0.10640761391379536,0.517069429405308
-0.16260134757638228,-0.2596404764628286,-0.14017039955343952,-0.4408365459108488
0.34151893599210714,-0.1933294513845686,0.33422686731081835,0.3978970523924504
-1.8516175533461077,-0.7089880763116136,0.07298268271891444,1.1613033588746908
-0.17979999784806852,-0.3828458284910097,-0.2097959138675745,0.5952137009694211
-0.6107508549502685,-0.15772354481926354,-0.8966492642646373,-1.069569451803922
-1.2193630796558232,-1.3877787725965784,-1.2840179780827512,0.05467657344364932
-1.9336629324697516,-1.5792746829765532,-1.747569809474455,-0.5291337966097314
-0.9403512337055195,-1.0304622855002938,-0.32267433840726345,-0.6672274305059059
-1.4378168811398615,-0.8581820254594601,-0.24134907449264295,-0.46106021345226117
-0.11014035293597889,0.10100472349143098,-0.7603093627663327,0.40385262046721515
-1.8985719706352795,-0.3700606232513406,0.2954582060552999,-0.07613455971607606
-2.197452545863829,-3.37001179086622,-1.0629049583888102,-0.8867145419685635
-0.7907000948229984,-1.988695518576625,-1.4482685437532734,-0.2298480135688555
0.34710180966941667,0.36346384654948044,1.2164646451032113,2.1400225087110623
-0.1994195109827154,0.07719369665337597,0.2035334211753066,-0.43947062852133495
-0.5536231127352098,-1.086417384125054,-1.0846523244215809,-0.5974803031839055
-1.8616163927784546,-1.199751746800669,0.3808340515396461,0.2320737154928054
-0.6659331602266158,-0.6861463392830076,-1.7714454596323777,-2.065458544731004
0.2722175937705193,-0.3127687338107457,1.4024071312576762,0.7193462741822556
-0.5728954283289546,0.34274158482705314,0.6181324019763148,0.7396767888152638
-1.0986128559995625,-1.8731195141561756,-1.0843948489165145,0.5399880465133935
-1.1725356229586148,-0.21465154523055321,-1.4290243128658933,-1.2546241916494683
-1.0188977984198215,0.04586442116950626,-0.27810194100050145,-0.34032711082183714
-1.0611472231670322,0.6507654954796199,-0.09305520738973441,-0.5884982503875493
-1.478430563860774,-1.0640303218835194,-0.5819798181736311,0.9739501865281278
-1.3601606036600997,-1.2309524217954753,-0.42690958881736285,-0.6547931292147173
-0.7794155361649634,-0.37683163356681093,0.35049672564246537,0.6445952073750323
-0.831679190421766,-0.943302864950898,-1.0297932464560897,-1.1058206831753006
0.16622438365680234,0.24643841329618768,-0.42887155961251827,0.13910594205725438
-0.41486342799186626,-0.4951579097816274,0.08318593923627327,-0.9617644129200218
-0.05983707468660675,-0.1186735060567866,-0.02337702291860078,-0.016912110919634148
-1.0726790141762788,-0.7451249792812327,-1.2092289012981465,-0.7635371728611026
-0.011137106983524176,-0.013227810617100265,-0.4126121971546197,-0.3776035231283189
-1.174647767125424,-0.8689919586969839,-0.5076969363397704,-0.3842909106213706
-0.4702273460406091,-0.3291783670674355,0.10565268920947934,0.04462907969832033
-0.26673621486358723,-0.1381272984112097,-0.025136943313072018,0.09814749549280657
-0.49102227142756033,-0.1123161625833439,-0.2037524898556771,-0.22980030906255108
-0.20741038124445,-0.053635633348758434,0.11073071091885878,-0.030062809321066655
-0.10486765607260869,-0.04703184755784829,0.0324993193561615,0.08091649498351593
0.005396448906306865,0.003037046606769394,0.00030644268643173196,-0.0003393814070213286
0.028961365303879882,0.09131288559260811,0.08128542033678654,0.0861727369474015
0.13808701320478514,-0.010427204722098727,0.053280115149792515,0.05122138857510631
-0.11564673999436195,0.1980040031671406,-0.08670567956655584,-0.01837650611537951
0.0293549025870538,0.1606460146943697,0.08378326533448081,0.20059469005988045
0.07674003123753258,-0.01565048287069168,0.42997958162737543,0.28813664748257656
-0.09660707728409304,-0.005544385112785061,-0.6064847999595192,-0.5431793604749785
0.6624878957912789,0.33227981701565174,0.22127769690943577,-0.1454205712047938
1.0623810591073326,0.7791170377916006,0.34799992301222754,0.15398266441112815
1.083180888929988,0.7685715988732049,1.1631089432710515,0.09181546051455113
0.9323523877060648,0.8529207387232642,0.029829885751584205,-0.27712512762343494
1.16789462258946,1.4098417875707854,0.7814283921921031,0.615262514181843
0.8151221108501099,0.5634302554868303,-0.7342407672052816,-1.5406276281254365
0.5131179128004882,0.294295019924082,0.5133406118357284,0.2727610113665094
1.0396295572713679,1.169497380685506,-0.3508419120691635,-0.1699453301694907
0.2582522076647754,-0.4674591856524753,-1.0233525947226907,0.14643833480452276
0.17742416859723306,-0.4202572827754914,-0.7204482563023514,-0.1785612849768059
0.6407926489844804,0.13226931023543526,-0.31941178492815264,-0.4157174017395893
0.6612158020119764,0.623337723288454,1.7091708631468516,0.6821875902292862
0.7238365426983159,0.14248950420189382,-0.48787496126791724,-1.6159048996410788
0.6559358669447292,0.5236290934718734,-0.1076411589575695,0.3891907271472523
2.478332579766592,2.260108729611548,0.9976658002497687,0.6299373821196177
0.6836202260604289,0.29495238743322527,0.6930866292130131,0.16900706909093616
-0.9280157857789052,0.1753903556591191,0.18490427803217716,0.5912581842781294
1.3461101615796252,1.4750367414171608,1.8615505363685192,1.3804496303784937
0.5767443728857309,1.0322373467304535,0.29519724389559815,-0.34238634945753044
-0.06321935517699616,0.9670794685267576,0.4341243157514716,0.06721228502769508
0.500128699327295,0.5075677053638348,1.456976925112964,0.7530189942779937
3.2165583187922846,2.9233871714730233,1.9539465658903912,1.5647789971764399
0.8294975253386113,0.4211480457907043,0.5425889768010863,-0.17533677908460266
0.18016789091330315,0.43125495090078114,0.45606597649571945,-0.027226485031161905
1.9976394963260573,2.117855866244082,0.7221820724869513,0.5265439899862779
1.5894187009817435,0.9430058622111329,-0.3390641439717165,-0.8541294134003193
1.054055345376875,0.15283492967930645,1.0086227655185647,0.29677597118722787
0.6033657917778297,1.5819012173212945,1.7572500648810634,1.3020612943597099
0.5405764339878782,0.9743974820278289,0.5487058422657193,0.46038349787794286
1.2339169897839508,1.4246153343591417,1.272160261166469,0.475850744346272
1.1018406615005139,0.9007353037504792,-0.7171021639721473,0.35153950641428144
0.1070908071665496,0.7787575496033694,1.2617421182751023,1.2744296403300446
0.6496404205599523,1.0731657386100426,0.5866011739704892,-0.3702113215213934
0.28335294336506034,-0.5138894985735285,-0.5242051035686353,-0.7486900756298629
0.28823883013976914,0.338670297606106,1.0339346587145235,0.22856854180794614
0.3387354653798727,0.6936457364153914,0.09385134415738343,-0.013993931965835638
0.8721979557171757,0.41829421607945116,0.3767022996948577,0.3986379750031333
0.6291687603780308,0.4006963235439967,0.3754920028273674,0.3610996588605531
0.6364545528915483,0.6893985677452947,0.3660669042136223,0.5925263103442796
0.1090120913365139,-0.012535393477052383,0.232830506529447,0.32938880477819593
0.3011009484719441,0.19622518347116685,-0.1559456887362556,-0.015420270855004374
0.20203576987225175,0.11522572818359658,0.08086821741767974,0.0027117941619314192
0.04258155583271096,0.047146395779809766,0.09281534359513591,0.04753217603652899
0.00015927346263273933,0.0038661804119035506,0.0032977736365589062,0.002038766967689808
-0.09704379248196052,-0.12810386333486457,-0.17912757362746043,-0.17088482688617218
-0.35252069715099704,-0.3276714952750229,-0.18809486014334859,-0.14431746955453176
-0.08234970316548729,0.10710918052379634,0.21130809617248292,0.2361284396554474
-0.6719016302453433,-0.5254440805904593,-0.6741428702808409,-0.6154171578541131
-0.42178410248149983,-0.22825417067794834,-0.20344577632489363,-0.15877016297892216
-0.3111735279423307,-0.4750223720517895,0.08230001005532558,-0.1316792568575075
-0.3998622040304238,-0.4132877334617164,-0.39967271289855894,-0.10358760363794994
-0.17212252715392126,-0.09515469569464238,0.2797167999759012,0.13041953322800023
-1.0978474032549193,-0.9519581209821348,-0.8347428568189917,-0.624672543858228
-0.11607817183087642,-0.14945600942017914,-0.6533251584781099,-1.084611842357234
-0.2727935259942377,0.004005696204747417,-0.8671155449346695,-0.33652674242661446
-0.0190385497723711,-0.4767579181758053,0.5238306675580728,0.23610956326626226
-1.8158412443762162,-1.4281099132113864,-1.2892810184491226,-0.2670380791049017
0.2775194862509542,0.3257148271880515,0.32741065871011243,0.40873835207216946
-1.5390394400866587,-0.5199778566307837,-0.7256427727694256,0.22151135399679003
1.1315637384845543,0.4960352022053851,-0.28058125833974357,-0.16406072824295054
-1.6452615571067852,-1.3476729950665138,-1.108123283945534,-1.5616264740799315
-0.9869811502925044,-1.6328568628767584,-0.9094634831720334,0.23368722193015443
-1.6636077284371478,-0.8934083731809983,-0.5273680711360295,-1.3472035257449577
-1.2960144919256391,-0.34999620470530807,1.1291409139830497,0.8795185700453307
-1.115312929352293,-1.0358413321802336,-0.17955553913620775,-0.483811359509692
-1.2804846952125895,-1.1857515998150594,-1.2009132775284352,-0.5696357900499947
-1.3995221809495675,-1.0121584530836396,-0.9985520289646174,-0.7989639769896493
-2.0232483936605017,-1.5112248533544275,-0.5381458152696177,0.5881610177267049
-0.015360213946477129,-0.18395314364351503,-0.5332613496800378,0.25114010413926746
-1.8224888899453264,-0.6984988947654013,-0.029702054774418497,-0.671447437531558
-1.1873233708567499,-2.5877892214721494,-2.0523160743794677,-0.6469497953307217
-1.0999893310447075,-0.2569988132819516,0.7491744095069519,-0.17911517214723818
-1.42605686870906,-1.0695723580496526,-1.4058712580910386,-1.3548122867882555
-2.8962157032440556,-2.739196501462998,-1.5422838287869645,-1.602952425693994
0.6814358059161087,1.3221033722497273,1.7029526425210146,-0.24880448779647657
-1.0156836871660502,-0.6593569223058346,1.355220871393553,1.1078012248706688
-1.2204835892245505,-0.5792914813237835,-1.9012458205464131,0.030260575303793384
-0.7287477281828593,-0.654594330984614,-0.5391393219169378,0.34497614259742615
-0.49491165036175316,-0.22150295669179185,-0.47988606510593035,-0.2718714309561477
-0.2080942592843868,-0.08533015583750186,-0.25715701288705733,-0.05219762294824737
0.039186268126965317,-0.16068985316502415,0.824556670669389,-0.13567290813487498
-0.7492358543287884,-1.227740505365633,-0.8549990235801752,-1.1298336448147457
-2.6122945520583096,-2.4645671326458753,-1.1416554959216103,0.22385865697508084
-0.5523314016043052,-0.6789316956871474,-0.41165814289103014,-0.06208291966978283
-0.3541099193581697,-0.1604089414223426,-0.015636467703817988,-0.002835173251144473
-1.180854168729231,-0.20405243184344604,-0.41156865166063616,0.18268874365230692
-0.2870823950006048,-0.07355005767675693,0.0014885768065221027,0.08035162821172052
-0.2044416355631696,-0.11181214176936556,0.3674221003534941,0.27539729021675835
-0.28438069006912375,-0.43562690973215235,-0.48231798200106346,-0.6613340488780292
-0.06253947691057384,-0.07922010720881383,0.03641023246049072,0.2022495163496589
-0.262653857196553,-0.3241528196873505,-0.2319380250787599,-0.06448274252913506
-0.007155860960114721,-0.04538781472411813,0.0736683161766026,0.12135861261613998
-0.047821880824468255,-0.015343711807623306,-0.05414934960387763,-0.06041523818184536
0.005212104514073048,0.0038932351082738717,0.002973339557253218,0.003823084748166985
0.18864834019607624,0.1491261174706676,0.14653343688364545,0.10655288693424629
0.17471546699005278,0.04254466548258761,-0.10689437784785329,-0.021523632574811536
0.20792349875031468,0.201262979543871,0.3625684502615539,0.24369374930659768
0.11559787072989515,-0.028582206544672303,0.45975876158384765,0.4107136251190687
0.39854775605534676,0.1298110903028751,0.33897452681372775,-0.07826627174995057
1.0969235109634832,1.4438980165273894,1.3839523231912425,0.7068441073963919
0.3199016849267253,0.04932942779236369,0.41546982307628955,0.1272134802081399
-0.012715484069268056,0.7091698123509967,0.10403255472111907,-0.2704005874428505
0.49370288808945184,-0.1641695969358965,0.30165214792916467,0.2297356650850466
0.8142294408356326,0.7717194529225954,0.6592018686280393,0.7778564537304203
1.4292125450697337,1.2321623753997513,0.6019285348021399,0.1853760161373697
1.0136784255248048,0.5877831852569717,0.83658501088984,0.18814016391519717
1.2992415656731713,0.7328859156868386,0.5930349938017098,1.0750705888775531
1.3439068575559305,1.2344946973714446,0.6249499424226933,0.08975197646452497
0.1799115550248616,-0.022288257048348248,0.05890496501413511,-0.19979823738450783
0.7129138454758633,0.27454117616488466,-0.3103289455037574,1.123454930316381
-0.12717706776371868,0.26195031654087775,-0.5718557925109745,-1.303782907394131
1.083024147244993,0.630608080902646,0.22321989474708215,0.36381140870878265
1.1677418163363884,0.5218350461544925,-0.3172652210478317,-0.7023308689545451
2.0213095381529285,0.26757905730237486,0.02747139480257215,0.42720264250731727
0.9043577772932286,0.7613467947232957,1.2487293497334242,1.660387168847925
1.9419657086886164,1.7937047844008993,0.6057944076571105,-0.2752197444494657
-0.19014577565909907,-0.18980727205585352,0.8382465948380445,0.3395341458125877
-0.10829761204792539,0.0966665454068041,-0.2888577484701188,1.0760942773724895
0.041715080358857855,0.5117361806601397,0.14697989420973556,0.9739583731439717
2.7253353268697817,2.6471948556482836,0.6850729995967583,0.5116642462683911
1.6715044368330214,1.2476405785747313,0.48415141483822416,0.4224940710437209
0.49649193779275613,0.22045663913767197,1.1966941687646653,0.7476752475853995
1.0302535094152536,0.5667353854353904,0.1443046210214517,1.9129682049746266
-0.4513512332606068,-1.0435813644440899,-1.6301377614783206,-1.7256481503590189
1.0249817125916791,1.2545181491627868,-0.13189413589179685,0.38937936093804965
0.6541418056014172,0.40191679045090206,-0.07413198744797138,-0.6296541287565532
0.8399173808259449,0.21582317868607606,-0.22963190249473034,-0.3043660357602978
1.9092053720351005,0.6824399641038951,-0.29926045100977944,-0.22816829216217838
0.648182422574529,0.6082309206728851,0.3948268840412319,0.1604547631978109
1.8202191178399116,0.9846399534382995,-0.18967101688817298,0.09042776019162048
-0.13333196597200037,0.6014286484298071,0.7457938381668908,1.1415547000613797
0.9769975171309278,0.4590428339465461,0.0476240475673483,0.4265032035601472
0.5224063182834683,0.7518665961451674,0.9369671398837403,0.30206596791121293
0.9612874376902267,1.3030118824143664,0.9218110839571794,0.5265879996237893
-0.18008232513160435,-0.7221198994891943,-0.3402406376523931,0.07412186342089051
0.6312056840225855,0.5482241452215468,0.49558803920604305,-0.014377114025367399
0.36630960402718765,0.7690623385983286,0.1424837163114218,0.3441805555217236
0.7765902421800113,0.8244711725569185,0.9854432073582355,0.2957790084581728
0.18874474730556712,0.3920153782134553,0.21449200650625413,0.2534850181463895
0.93685615858004,0.7880328149700385,0.3609142975698859,0.360007047058266
0.31703858362117693,0.2851604064984815,0.022716132721993302,0.15459199803015608
-0.14208700388613674,-0.20495988720672229,-0.06918068037806105,-0.03241619371234364
0.03645375015907126,0.03552031238762293,-0.0034550905849792474,0.016991726607252126
0.000999164422050603,0.004378881751193543,0.00175370469527507,0.003492584878402964
-0.11403598921435477,-0.12681411903865633,-0.11997003249040235,-0.022164722969703995
-0.16057565203933258,-0.1643492124629372,-0.043669116368721034,-0.13114348767660935
-0.008873360763149655,0.008699775922975144,0.040538194427016595,-0.03775235751085998
-0.2813467233969618,-0.26816625035246455,-0.4602290847484074,-0.025549168084020475
-0.2859336967704104,-0.25325151814776686,-0.4438099141659921,-0.2588610927324759
-0.8077439808975319,-0.6120424637957833,-0.49044536833628666,0.1504516891321884
-1.2381647644714802,-1.3115391887931518,-0.6636755566280544,-0.5702539180595086
-1.4527298664456705,-1.4976246656178787,-0.7153972349187353,-0.7941359391574899
-0.1988606235033396,-0.35696329132434457,-0.37085727429294607,-0.6025216066339071
-0.8189058352802743,-0.23759335367096124,-0.7111742046106713,0.39502334228368813
-0.1474593313928823,0.6391277907032578,0.681239935563627,0.3581998281211492
-0.8374899997665254,-1.234338555421718,-0.2004207177450413,-0.010207322618091602
-1.6283339426133476,-1.59808794992934,-0.979323769510592,-1.3455968707305457
-0.2723839968523537,0.037007020483335235,0.8067659067784697,-0.6457651015574672
-0.8013229799742587,-0.1724298569237498,-0.5305099795785014,0.4535467255255547
-1.011921920515555,-0.6431762194306964,0.9185780082639463,0.2351891480056921
-1.277608309921825,-0.9206865225296336,-1.0822221922643491,-0.6144476935149015
-1.8146929932610947,-0.9549845569354579,-0.7582007803911742,-1.0778364244789083
0.3194301880603472,0.06267706132626995,-0.570012339489976,-0.39870575774110817
-2.0627237280321666,-1.645278186603024,-2.706621844765015,-1.6002608547096735
-1.528730091118982,-1.2488140877133012,-1.134095764121571,-0.19320086206619194
-1.6786338792052549,-2.1157977416061913,-1.2194001064989506,0.5785203478322584
-0.4816380072891741,-0.5987589625326601,-0.4262395426949524,-1.0977292404757415
-1.6990282360179463,-0.4571004308752252,-0.15203272002345428,0.9898520800668782
0.3734229996737686,0.3996914838521996,0.14516920804108435,-0.3902677579798522
-0.9332285328122693,-0.14190713327887902,1.8792052638486931,3.1553286698526537
-0.5595474695953329,-1.236749233981749,0.4124303126848962,0.41660717306322875
-0.8481488497296109,-0.8993146976383504,-0.4541947799930797,0.27271904108940104
-0.3734556582594136,0.49625046911376114,0.045079075409806095,-0.33460583232479213
-0.49278745844981986,-1.1838600929517278,-0.010405352635104845,0.5001600189243515
-1.4766329723377776,-0.8642324626801705,0.0037164088815045946,-0.29794575092843506
-0.8364157333721268,-0.43783037978511224,0.3458843313607603,0.4863618450793208
-1.5486923632075105,-1.9005069846732887,-2.0274494752163856,-1.26032357234067
-0.67578667491904,-0.14080331288273962,-0.17589093130005498,-0.0009587368510312424
-0.5894654359562147,-0.1388211111165296,-0.07536369374968675,0.42086305086279985
-2.759715321306227,-2.1515227809015824,-1.517183260511573,-1.0745265857131914
0.04712548356354817,-0.17925529190509526,-0.3573986631714272,0.12696314898425565
0.3213100030671117,0.1496244173073773,-0.6177353869620433,-0.26571804184824704
-0.9436534723731826,-0.8359736956468834,-0.09718531839446747,-0.7168867124167976
-0.6057981995118522,-0.918133648734538,-0.7318682340568038,-1.4417191506242246
-1.5041679912481556,-0.7240200195762321,-0.3026212403366797,-0.022722913757197986
-1.290811624198857,-0.9805869287531814,-0.5447451587670135,-0.22580250061683066
-0.2455339079001517,-0.5535689119926384,-0.25934118685642643,0.151958040205754
-0.21913536903751255,-0.2599307896504309,-0.42400789724339677,-0.5894697800141987
-0.38564862920774257,-0.3878558847409972,-0.5734899930703848,-0.48311082710036146
-0.2142436677294603,-0.047264586916568055,-0.19717615137399602,-0.22353392382629886
-0.23877768233126379,-0.020750454748335957,0.20963309246106554,0.05912408055244899
-0.2783819764930678,-0.16939183498684104,-0.26526871997387447,-0.22986116780062396
-0.07025618639262154,-0.07410030635196335,-0.10595200980124309,-0.09588507772758963
0.006851967100858772,0.005309680724724788,0.003668772763986784,0.0036714994650594163
0.017749300101600477,0.007501345616548657,-0.12267542935793686,-0.08158856417559401
-0.0988116274511861,0.02157840849543106,0.06091342686673377,0.03830322915515591
0.23611233206449414,0.2910687874795258,0.4271567767750972,0.2799824120308635
0.26310453597735134,0.0027218029952294867,0.06835797611281025,-0.08640425686443494
0.2464085096392158,0.09533632573100104,-0.23988936280481757,-0.3159120416480482
0.9065659916269165,0.8545719544065471,0.7331563254547544,0.3712706154728339
0.05658063797927413,-0.2735836109244856,0.018045972871996253,-0.16430104373190507
0.4868380430353406,0.3079495987133869,0.38492444001262993,0.21937588086238605
1.0906924019410116,0.376050265440689,0.2167536427412242,0.05274270197360572
0.15577375169566932,0.009352253412035848,-1.1273821556882053,-0.7738508479277223
1.002772896966663,0.8049771198517722,0.6903123391983378,0.32188608160646787
1.1208071567723417,0.6619502970398774,0.8331913679881181,1.1469458284164598
0.141953029501696,0.7870191466897579,0.758324376161849,0.5110593834757536
1.0780374982393595,1.1935995147642975,0.9083245380290497,0.39912456590437806
1.2927698255112627,0.4877850090506093,0.46737886772337606,-0.22709076498028066
0.7072078106696404,0.3265619297069699,-0.6214236868309332,-0.4572801935638338
-0.3929778458663151,0.782886624754522,0.26967799370987516,-0.23546355066118368
0.6321569929480797,1.0968629960383653,1.619653493110626,1.576212267008164
1.7724070797034888,1.646930810339671,-0.23106656302373105,0.0744713015111136
2.2028085524568577,1.6180776826453855,1.3208714070413876,-0.8227662929832484
1.8818280304419668,1.5339817928731414,0.6256754266189097,0.3654387015804368
0.19667301993840824,-0.1499366079677074,1.23431069717349,1.5508292876476388
2.051085099728656,2.01716992826445,0.0023869112755262253,0.24794826551447918
0.8863153886515338,1.0445983467796622,1.20671716277572,0.5322581442236035
1.2409210172999656,0.46149643507379823,-0.28596641491888314,-0.517046934608272
0.732838736619393,1.8263822336351896,2.833813107111884,0.7902969081561382
1.1980205717326435,1.6520748325694858,2.315977625644717,2.033347288087296
0.3472839041913664,0.329407902048248,0.1348808582428668,0.20391081144466744
0.06972776332618365,-0.35495651789729443,1.1913752053766513,1.7287019522050053
2.287357917846557,1.5586555130569533,-0.34237754715054236,-1.6207027901134594
0.2588297069245375,0.34329186622514696,-0.2192064779648435,-0.6371996491700959
-0.9371455246945313,-1.5457004101532235,-0.4882792942841135,-0.473813428284935
0.19412703904998094,-0.10094695691688495,0.24993272603558517,0.6134477372231557
0.6929493415566836,0.2632796986913173,-0.8618495748480636,-0.4097668659021622
0.8460997534559485,0.6905597338553109,1.2601358146279367,1.418629730370313
-0.3117429212341715,-1.0219716413379052,-1.6223937148348642,-0.9132118376035945
1.4200231196201352,0.05451106563758397,-1.0330918919160987,-0.8450004738954736
-0.23730943799228513,-0.3459174506222374,-1.0306345578024723,-0.6205503583059188
1.796253265797347,2.1543081974518485,1.8498154259846809,1.3926586925187014
1.1167972524569987,1.0539014128230402,0.6230976532352291,0.7965980410996025
0.7800214203726906,0.8771174806401557,0.5681288970776422,0.858178420315928
0.27874958602374744,-0.24193520784849074,0.03306628434268671,-0.04562332279777932
0.5001581215521345,0.28106259610725687,0.8326532472346508,-0.07469421116029339
-0.07223618825816684,0.16842273676231326,-0.3700494645999563,-0.4888173734087609
0.17276651159431206,0.31055487494373984,0.010761611049631529,-0.024739982140087678
0.006038823280609699,-0.10863793895691176,-0.1541312754332177,0.10062768943941892
0.2897387688770881,0.24164536464041952,0.33403272419565055,0.11467592431711142
0.19090064524681255,0.014832521123811976,0.13627171358485138,0.013236748315361438
0.092620056975585,0.0727700763946364,0.09124055061881017,0.01916391553691839
-0.013225384244648367,-0.009307068330321935,-0.007593513183195426,-0.006305011613021327
-0.14020240838219272,-0.03753041800166336,-0.0761662917894766,-0.07544634057745889
-0.14889894405551954,-0.014664395803709705,0.03184648550609259,0.16205425309895313
-0.17184961179599054,-0.22727575501647504,-0.18240022742812076,-0.07076326281342901
-0.29654520612871205,-0.49045893484324304,-0.3194865192866693,-0.18902365689735462
-0.13488840439401478,-0.2926759607818227,0.10739248535060031,0.19077274340805359
0.05202476747341047,-0.12862815148300918,-0.3775815629466866,-0.08030426824487474
-0.4075935088823848,-0.49769495575514805,-0.5218454696200937,-0.39934345916589187
-0.2347139071160485,-0.5251771702652164,-0.43624461595393577,0.2193086331597104
-0.7259073017030554,-0.6015765156083455,0.16252331432383796,0.00023839748750936865
0.166335376997316,0.628823533183684,0.6845243514379431,0.29858324881309395
-1.2284323032150966,-0.6437976272555854,-1.1286095739845017,-1.1351664146439753
-0.7853668453044369,-1.112463280354363,0.12326514608639616,-0.08386537165609471
-0.701478344461037,-0.7434983072585666,0.36405331542921,0.2907285677778649
-1.6677287520351654,-1.745557680921099,-0.9812568847831304,-0.4480273884774571
-1.3634477905609983,-0.9597461536981877,-1.7920239075087236,-1.3041914841222364
-0.13947110827902523,0.43367016089984123,-0.9093834888127792,-0.5470735644160544
-0.7029070967308999,-0.6520557956253542,0.34606392526366947,0.1448218601378546
-1.077354002153583,0.23426665576059302,-0.28990211118366005,-0.7638410235484637
0.012718425165202156,0.1548716329616419,-0.8094788077343501,-1.0188678234843285
-0.13314661452478715,-0.32142636491965465,0.06651224103381402,-0.20093557306431184
-1.2143182820937057,-0.11808800608368769,-0.4961589273291451,0.19235472582040736
-0.8824178268240696,-0.2872895285545977,0.6124761660469172,0.20883334168668663
-0.522115802406771,-1.2397754485657226,-0.6875646207928467,-0.41989960246209146
0.9819529968612588,0.19524687780307035,-0.2336249199263559,-0.2636255517858046
-0.6980351987261396,-1.1863000299012119,-0.605112918261108,1.1717099065640253
-1.2994104159384314,-0.9719255994890551,-0.0976829839815839,0.4747926629219904
-1.7430329821799906,-2.1661249707410644,0.04643064777925792,0.05467651151339984
-0.41226029431661826,0.8203262183679486,-0.9196180152554788,-0.7657940715008932
-0.9534740405339384,-0.6039382158619734,0.45000996346154265,0.40285635831148187
1.0493001503386719,0.5696251999770848,1.3670330629351652,0.32533700213764777
1.0046093313591955,0.4427691886170431,0.74631101120831,1.2155178851088844
-0.6594670090992069,-1.6344564180786365,-1.568634003164922,-0.7863497272855136
0.00825485172421697,0.17295691614304617,-1.059925997374467,0.06587030268378542
-0.8485479116023269,-1.2522193354068474,-1.100639490497403,0.039096937030484086
-0.5969013336487595,-0.6375090291978048,-0.051965655950363905,0.1569466341126274
-2.439586385377021,-1.9333501320811124,-2.3453037660030915,-1.7755848607590161
0.054726987193522876,-0.6466251680690454,-0.6437027144671845,0.20151628217788614
-0.9768754520829463,-0.6838586923765672,-0.7201768625880711,-0.5768408922902292
-0.274625577223426,-0.35532233617160597,-0.12374566061173489,-0.6912123894299809
-0.08387554549541947,0.14885887296701072,-0.41928501671454393,-0.097567855002337
-0.5799214250524469,-0.5477986538737073,-0.03461445542403937,0.14831455429696083
-0.7406817579587553,-0.4471845249188897,-0.5199681516587306,-0.4536955361001346
-0.21131908200726748,-0.12423320748376769,-0.46054335361519316,-0.6930267016389993
-0.34962809280716156,-0.3971219446372922,-0.30478163359788135,-0.2761036570667411
-0.12436834689432397,0.1625645246842591,0.09747340471880497,-0.16492203203560882
-0.40866775193172206,-0.16555609749574346,-0.22976146824661986,-0.2920393937634504
-0.28135567446210247,-0.197574725076466,-0.22082832130090377,-0.07759728541192182
-0.13336182997940713,-0.06567967114934162,-0.15888150653298727,-0.15436249560909182
0.02352665064684176,0.01494465434212783,-0.030910308641563185,-0.07116176802658279
0.010759139855873963,0.005723888722269212,-0.0009861717140409035,-0.00673649439484938
0.02810438113204176,-0.0027420137899085324,0.08722175383439632,0.10709465192266977
0.022498062853255035,-0.052625029921212034,-0.00014870655793799883,0.015114748309853498
-0.1968466079714312,-0.1107985925262103,-0.028201889309382954,-0.23120461506816958
0.3233381002622306,-0.02888390026497862,0.09367235819029518,-0.08023055500092643
0.6409949291967083,0.2807901995800512,0.2054759764076699,0.02300477095945362
0.6554532939462815,0.5379393269915069,0.21335937563672425,-0.3771815208813606
0.22408457218096053,-0.19555912668276987,-0.292617175110424,0.19997667514979645
-0.13884266353333272,-0.3683027853585448,-0.3511509713555964,-0.23174509342921276
0.023540152323487457,-0.1753111554690264,-0.37760209253770294,-1.4404193606329916
0.07414542065794982,-0.2387527282869145,0.8896334313539243,0.39360026757799743
0.36952137742916535,-0.039507913412666656,0.3923823936275962,0.7073132677584384
0.7282287530742428,0.9668077505629821,0.7022387766178693,0.9289839665492899
1.4549828663766329,1.2221729178188472,1.454806693600628,0.49194647398378105
0.9721391631451479,1.0805239247370342,1.3390928552489303,0.5375618505125764
1.3213085642636955,1.3543784063685222,0.34008793823550615,0.6713798425897889
0.7342157003299902,0.03969496572846765,0.08203211435471738,0.4658258312647818
1.0068213751413875,0.8247897887027422,-0.4775355019569761,-0.4819972006809925
2.3967638060705485,1.9104099798955219,2.397946293901908,2.051031116602241
1.3336587499452108,1.2178948168032135,1.6305015030869439,1.3002727347140715
1.6052162539287413,2.021278976894405,2.8061764993524845,3.3539969226077684
2.5693414476480436,3.359475059489023,2.7254947760592856,2.772364464658414
2.0386707115958322,0.5718772434970951,1.0119661529863944,0.3656328051548972
-0.654123710857973,1.4747362623466793,-0.24484703123153692,-0.40058330185305036
3.5065774378145553,3.3390661654869533,1.6897978494529273,0.9080688629264604
0.8047323691945832,0.7941132956396608,0.5320115247821087,0.8773315741402082
2.9627108732841765,2.027300854825647,1.5837065319569,1.1343715321957233
1.9528736941057874,1.758957801033453,0.33763824718212104,0.1063948181702413
1.3497979335908872,2.2705008643713573,1.0769426238073692,0.2522601800245103
1.0739766973580012,1.5674364405880528,0.4516772978755794,0.08805438951955395
1.8991802346938258,1.5956480902737353,0.8583782515897351,0.48432454321472007
0.9367909517518564,0.8198589488359551,0.34968802667671606,0.1994412993908063
0.2153270788168342,-0.32993892308714146,-0.6382133993606762,-1.4632184060544806
1.4702228217175675,2.0981957834936735,1.1119045619663153,0.16127838858373542
1.4235633165774935,0.9454576099604801,0.49937433124557784,1.2463190971684845
-0.05679045848783614,-0.2460963985420005,0.1277708299398399,-0.18037526921380523
0.7455622220195017,-0.6744621299502209,0.7427435924981615,0.6354052161633179
-0.032015484738839896,0.4424470505075296,1.2316664298053481,0.8607895934237761
0.7041332120628235,1.0401860509192136,-0.5470909169465996,-0.39009030632092667
0.18156988736396873,-0.2950813923170057,0.2549517114727922,-0.3065710165670398
1.0027478098061453,0.5567665998396819,0.8103343462725161,0.8903285212779823
-0.0033503666804221904,-0.29160148416977105,-0.09832840070467223,-0.22888573130083714
1.3716459859005548,1.1814991925378764,0.6420194935590869,1.0167907328529304
1.2491055217640006,1.16009455365889,0.6189960877950671,-0.05937037931150996
-0.20855268151414955,-0.20005597601538416,-0.005533699007586152,-0.05244834077389887
0.3827262622257189,0.3434873691411117,0.06590088193467335,-0.24599849386420214
0.4491946147800131,0.46865098309816156,0.5569130226541248,0.5432092475447293
0.5064168535422227,0.522509356596935,0.24102668242503308,-0.13872707157666095
0.11293822037168538,0.08323425626185352,0.028287306568527883,0.09370586842230426
0.009488326611886484,0.0038593462642103112,0.05378909536652885,0.05142984735257175
-0.007716190794003205,-0.013018609361609071,-0.010419899528442323,-0.01155655035478094
-0.016128027754824026,0.046062257752394205,-0.058662837021402896,-0.045129870789111154
0.060535242620446995,-0.015067914091557819,0.04128705001711742,0.005193556849231985
-0.21523672880969316,-0.3358167090315845,-0.35627151777379007,-0.45824847774292454
-0.17708482049236704,-0.3201788095221216,-0.662052342378215,-0.8618592322474863
0.14674557281738165,0.011846109486172384,0.16616603161491145,0.010180075713676243
-0.806151174037763,-0.9056278076680937,-0.883325458245786,-0.7185207722072844
-0.83063771917326,-0.45430648517772365,-0.05154220530983303,-0.6487652234149363
-0.0029872729065161243,-0.09180602734468862,-0.2521527591607703,-0.3276323614988885
-0.8334563508593771,-0.5933883056543084,-0.26119894620243966,-0.45101037912871556
-0.35547138664922434,-0.2381265154279398,0.12987558632690818,-0.02865417662718479
0.43007854547375707,0.4438027525622109,-0.7245518609323862,-0.5159978422392375
-1.1249142701473764,-0.4446843914604454,0.43313860664046144,0.16141709745693392
-0.6214150226864189,-0.34741346217011937,-1.3481865994098274,-0.4027748065408756
-1.4047534422014345,-0.956870193088891,-0.4474845481392825,-0.8039516985318521
-0.595357451627361,-0.18611321857217103,-0.3590238533397584,-0.3278343415825458
-1.8237725438211028,-1.8916327198133955,-2.092631679755733,-0.6280457337640364
-0.7583676563577826,-1.2476119752248491,0.39079618097104873,-0.1900787984949266
-1.1388583580431737,-1.6504252341886692,0.48493869160101405,0.4702401560857867
-0.6451741427305371,-0.22909914985464366,0.12751407776583898,0.5366405367813056
-0.632412713323891,0.5209051605350689,1.0923354864794979,-0.04750555900740701
-0.948536463670794,-1.428574156345557,-0.5232267296338139,-0.35828357279286444
-2.627441009668645,-2.7626045092281832,-1.443369504719649,-2.2419338215114597
-1.0396530761327398,-1.4473907225970828,-0.10836350287514836,-0.48269380698544095
-0.31089726511237725,-0.2962210738634869,0.5808965120258142,0.66421713736037
-1.4954305558751924,-2.0696853285157855,-1.4781496146114028,0.1276361639472388
-1.7766542382990045,-1.757998382574051,-0.5633054361584832,-1.1013985113919922
0.08115430621815851,0.3626506739500645,-0.39578985450212206,-1.5877392461688131
-0.5017577100975431,-0.6840201520790143,-1.358262194856129,-1.2294355408555666
-0.17671452923282968,-1.1844611980396118,-1.2447709593978658,-0.6798022253897166
-1.05950483054848,-0.8325205663585097,-1.361151404366143,-0.9240122756233053
-1.2710003614493026,-1.5156789084539681,0.3368702130460111,-0.5966664913799684
-0.6815524101047903,-0.5178401632430576,-0.5784230994137247,-0.5705683818665273
-2.644617701517355,-2.623263998439772,-1.3799261509717584,-0.6114718659598044
0.22889790838009286,0.4159154479454392,-0.2696218174651882,-0.17323827503375608
0.468185790869904,0.7380245544910259,-0.46600995059827194,-0.9234172788335706
-0.9028882901216442,-0.28269226028553013,0.10841162443342818,-0.0067079561114501566
-0.4562103545609649,-0.3205207295882734,-0.9739392118903807,-0.5619864649632282
-2.546735741512596,-1.817374085681433,-2.00833125720071,-2.05907092715596
-1.1381004055377901,-1.2751935462432038,-1.3397840770440714,-0.5134870816869127
-1.1505256490909295,-0.7427473006585176,-0.4962997477369958,-0.400211946456672
-0.5592190167612462,-0.6459028604167374,-1.064259535526223,-1.2991719794376715
-0.39233039862143904,-0.4461397585303249,-0.19389277593358079,-0.4907968357768084
-1.1763354925836076,-0.839693661136527,-0.4849615310315185,-0.4899239551008666
-0.6041258678189446,-0.7472065767133766,-0.8574972768998158,-0.5334890048227624
-0.21546898889747162,-0.011629602168224895,0.24661170890670744,0.08789334523681963
-0.5391248327684367,-0.5526853294677184,-0.07379634246017232,-0.12399972479239875
-0.19370567123278543,-0.1695448381120805,0.17884736736427495,0.2277904524037841
0.052665543278910765,0.24289228353039632,0.19262234291776392,0.04737360580656646
0.034701961751032066,0.021309570531245173,-0.024579923469834522,-0.06842948264503249
0.003441476922913296,0.006084269971888812,0.001436523449920965,-0.0002738330767512258
0.0879404242097499,0.11224482780859114,0.08651298737085329,0.11889023974201893
0.08781010978484566,-0.027183037799130012,0.029809895206266913,-0.11805499487898233
-0.030939051804929864,0.09307931223648941,-0.22862892208727484,-0.3763114484796156
0.4989312365080468,0.5804915457922666,0.4701324637911954,0.5452798197458599
0.5844420738512295,0.6941670972183386,0.5421155917545175,0.08234175008256496
0.013380491626336258,0.2241438845815563,0.09454169925914767,0.40569563177330065
0.4147356239786412,-0.23690386464606364,-0.024456362805389792,-0.01085806522908263
1.431545366371645,1.2176828964515598,0.18770943306484428,0.18144879777260797
-0.3945216840942406,-0.12673374988134056,0.0764952565338202,0.2231787337041719
1.399685090623335,1.300965560443632,-0.63712789644581,-0.5161861923163801
1.0744012996553223,0.6369699300707904,0.46455894773729295,-0.065461687556764
-0.19611751080976975,0.007599211163046426,0.8395699938199936,0.8339916523883838
0.6824582165038119,0.49730259571739305,-0.12076078061073021,-0.6086349287957004
0.6202369978471075,1.3669218370853746,1.495831946690154,0.8689734892878143
0.8191969003398639,1.145953191520999,0.28223018728426025,0.6772517105857264
1.4084846999351566,0.6912537203930915,-0.775228886709327,-0.8645594948142276
1.2380339649023946,0.486042762210902,0.15462076414772385,-0.09794722337489126
0.3610900175152253,0.6747193883903339,-0.7746647517740233,-0.3489662972813981
-0.03675654003422927,0.009355166643069792,-0.4310145545257615,-0.5050010264358091
1.663961090817316,1.7710071079376861,0.410675435864584,1.5954838646414087
3.0277558333457084,2.5661458197756475,1.2989106444178937,0.6607112985085432
1.8324562111290388,0.415795017656585,1.9449725693002893,0.5560482871482592
0.588357220494376,-0.5275187246114496,-0.9802690932875076,-0.360782224000968
-0.9944286457991552,-0.6300861717153157,-1.064170156941032,0.15670993774249273
0.5070047595707189,-0.1749963976109556,0.780996813499362,0.665400103411511
0.47920627745889877,0.3454016765579637,-0.5154015820384723,-1.2103640754360383
-0.38957548683746657,-0.5762604250330258,-1.3922799662465046,-0.48774326546575575
-1.2415074365066563,-1.2291578257027527,-1.0133471046868856,-0.33963596372071536
-0.23009891021295398,1.1944626280114978,1.1758610220106351,0.703679228633826
0.4870299662690092,0.36969174057126836,0.10408438208341886,1.2402405782754442
0.47536163658304276,-0.16576653857961537,-0.4248312494138869,-0.6432883691094599
2.3576049946817355,1.3988979880574284,1.5708355423379288,0.32800736268860164
0.17200795326874144,-0.7152439329303157,-0.26861671672207965,-1.350376287919733
1.2343228339362498,2.1180863820085025,1.5762546258544645,1.1230135416568585
0.0811539782290603,0.40454997540865295,-0.3390136764032459,0.3026530593773265
1.6883263106416235,2.116294013071066,0.5063357663366799,0.13740343132931704
0.3944128692794187,0.036374262375324144,-0.0809370625788627,0.11332352257397539
0.5552102142117772,0.2754660216588782,-0.0060908836011566376,0.15455137297185306
0.044594362535030525,-0.23611440733182715,0.939476337032612,0.9632387399867693
0.9815092967961173,0.4392835656387122,0.9097150010888426,1.6470501076164081
1.370591477720809,1.16721934318045,0.18775166827719897,-0.07773312697524759
0.5165341341747591,0.05276628810998834,0.13275233566627478,0.020544515558710754
0.5232365789280712,-0.05190207742589985,-0.7598255272357141,-0.5293672885655232
0.31715344591950745,0.16310132711760222,0.5116753468780861,0.3772569280220404
-0.1384252922494963,-0.09571034688048562,-0.5012900659653888,-0.5931182525094717
-0.02291751409367112,-0.08296302392078359,-0.1184737130163203,0.05182006740748935
0.14567964760697238,-0.02768095684107504,-0.1329354683671136,0.03205197034583327
0.13793330702736778,0.04493044566099695,0.1871343822005429,-0.014978277842113447
0.06688410431781125,0.04383440906140132,0.033690922569214875,-0.09194600812804085
-0.0047736107418566015,-0.0029279283399146466,-0.0003986776632922553,0.001974285683130966
0.0515015524006431,0.03226884224454311,-0.08901924446587135,-0.09934069227290138
-0.31530337238538203,-0.21151146147303396,0.013920722188848062,0.0670490699913402
0.17661229373621026,0.2476443759583423,0.20018881266682573,0.06541983496204078
-0.18790588667623745,0.005572211456505696,0.1640696016592927,-0.015900622301626664
-0.40234357578550095,-0.4505850894522554,-0.40143388287209947,-0.23745752324325836
-0.9542157548944077,-1.189369854140835,-0.6585785984402218,-0.35254060307639257
-0.3305078767948313,-0.5399401085339661,0.02974001620107232,0.3174543830288353
0.004521638701450167,-0.2849947447896548,-0.48095367939630285,0.2960541522036952
0.012611281138553133,0.0359707204938179,-0.002536390966004173,-0.6416984490419517
-0.06848881048596649,-0.5707677209221237,-0.3576078364458943,-0.3856360585810651
-0.06269969731093553,0.31231304454120856,-0.2545937453481649,-0.41073977014951824
-1.0404662085576937,-0.3990490513311397,-0.6774979402841582,-0.7378259525625017
-0.4625542237162441,-1.018341908756658,0.29263753727011677,-1.2966334945632263
-0.19464230605105975,0.5172784390357015,0.08659255776413351,0.12639987465078595
-0.23484407077496242,-0.2867153861965933,1.2170183505176406,1.6558234313449425
-0.16851817951315115,-0.17032032778423323,-0.6078301661595258,-1.0486574587847846
-1.1340555640203145,-0.9577632055997821,-0.9081253686050309,-0.7821890908189474
-0.7872082370529591,0.045161086365336535,-0.6601893668985268,-1.1193912032705509
1.2910950812759956,0.3550796525505786,-0.7297652826277716,-0.6241303787159141
0.00860141572166887,-0.08298361565516549,-1.502415107490157,-2.2418849081313974
-1.1388499012650861,-1.647678056562622,-2.108389922174401,-0.9493712702339455
-1.0214479152955886,-0.9343240227275528,-1.7776238247905658,-2.123450867252822
0.26885337680642507,-0.7924133672199234,-0.3893137511034823,-0.2375339795633334
-0.4387627007722541,0.0430640377001525,0.12691510365552439,0.10137607466825933
0.29019165485743015,0.44265202312602453,0.19573862591216482,0.06843859234061099
-0.6840284764460085,-0.7090593216913228,-1.6056379063354331,-1.5124013350695629
-0.406960561268939,0.12320247206398921,-0.877489939412691,0.012499424347841088
1.4258960085729018,1.1593851169922051,0.1661878855054828,-0.130973151367327
-2.2273062366385097,-0.8898746087302286,-1.7546105995134387,-0.27746465041995994
0.9416401401387633,0.017923940930811098,-0.4574834619583055,-1.8146971601607749
-0.30705606530733437,-1.4375339963051958,-1.1532598781347414,-1.514060543522134
-1.119886160698516,-2.351242319112261,-2.659589975835213,-1.7366016085181648
0.22142426861515557,-0.822853514528045,-1.5509545877051687,-0.536613413191456
-0.07699612505821386,0.1195347030358855,-0.23246475962695207,-0.36508581015942626
-1.330079862955939,-0.5556817090285869,-0.21414077739252924,0.8269646566610042
0.3415850547517314,-0.1455805295930855,0.41165495168925287,0.752163156973844
-1.7256615037150882,-0.9046428710964393,-1.0779066498194538,-0.9922917054375343
-1.522452989592171,-0.9671849172617072,0.8343772060417105,0.5761737771584399
-0.5812603003520694,0.08552368744733442,-0.043761008699164536,0.07221855699775981
-0.22304126686133777,-0.42004446389998257,0.17007053373390615,-0.8142307464786861
0.03878977772153872,-0.17670294612532253,0.12606489650545996,0.20165080728964793
-0.45446035605062085,-0.6512953756697268,0.05122640183404842,0.10487588722168963
-0.3887456256467323,-0.2913240567018644,0.10579151844923144,-0.18730891749198883
-0.6341896805824894,-0.34379077745897757,-0.46958396997488233,-0.5940626589812604
-0.014658207714615677,0.2945987428219474,0.2500467987764514,0.7779708514539118
-0.15344032959830825,0.007971419673330737,-0.18649243386862122,-0.33148244784465375
0.09187914813346501,0.042681726129355425,-0.005178576779899274,0.10300723243759942
0.24979266695449903,0.16575520471480293,0.05997151213923762,0.08463991865217546
-0.13227806054875793,-0.11100315294979664,-0.07169432366777614,-0.020733142978169944
0.005861397982448821,0.007024014069359586,0.013195172020647423,0.004550350379155616
-0.015678306881780887,0.01263123505915851,-0.013678762674077416,0.04006420940894777
0.2414753033471146,0.24343616048346375,0.24875156488955202,0.21181726964258954
0.20316045126337554,0.25795278955982726,0.16074094460550437,0.01427299609683757
0.31799248494214183,0.4674025301090723,0.49040570804660105,0.23461665913200044
0.794881546480508,0.6764551406126804,0.28240282537752703,0.5591634604749552
-0.4160553399809208,-0.35405788289481516,-0.4117577065739264,-0.0384080926719125
0.8716971163135107,0.7331448632939829,1.0397343185414811,0.7369444589069521
0.7004549531653789,0.6637823103721804,0.34100313264024756,-0.011360760551313364
0.7302395717264211,0.7467493057440243,0.3709875750002785,0.24602028746259785
0.8566324671590815,0.6871038882948671,0.4193110318409828,0.6970715385637803
0.6410357835263144,0.7474564910508983,1.1193158299847925,1.0262741491126233
-0.037502092259408926,0.09407874662264416,0.12531534724217452,-0.009043940474370434
0.07593103157069013,0.16614224079269052,0.37860632342080736,0.4059377027687256
-0.5358984501803836,0.5775340571811519,0.8998188172420519,1.2927134546381598
0.6400498435709373,0.7681100798718277,1.0289353099653873,0.8124958656261545
-0.725544519844539,-0.43499569993912846,0.1879217710687471,0.09264191978080932
0.8024107922656034,1.1661962205083565,0.8252841962967398,-0.017381793319710976
2.1100533010704665,1.9245966829465784,1.163998032163828,0.6608027087890962
0.6842223235612643,0.602989194333167,0.9806239291667563,0.06637069224670858
1.2791306444142319,1.9339617310370698,1.583319362044132,1.3390654368251118
-0.3014016082339498,0.033184145419658403,1.258136540629612,-0.260786262218069
-0.39953372640607,-0.09476451414906595,-0.302105992388483,-0.567063997038062
0.5224689316429925,0.02008957609487993,-0.4280900867695396,-1.3969116575026779
1.568181110175457,1.3404015378593719,1.357595628045782,0.31045708126770477
1.224326426588521,0.13896658425674976,-1.0769471802456958,-0.9950614551964418
0.9615704519496799,1.475129522013456,0.3095289476063747,0.4835290592342069
1.2151453704821245,0.02451064075776242,-0.22418098952898521,0.49871996585822337
-0.3855459559393629,-0.2807605054921009,1.4316462626454243,1.1916660276686322
-0.3837009375824348,-1.1700410326033577,-2.9038928690403294,-3.2022071202011335
1.6726962340422107,-0.012706604758361254,-1.2357714644893532,-0.8424176190502365
1.3337624102010013,1.7639860404707484,0.9742327981658455,0.3144245205028115
0.8245698968758093,0.6486077359681592,2.512878446935805,2.194484942685525
2.300464104168869,2.242508327856444,2.272866905913972,1.3187514697891123
1.4369741660821937,0.5916360353055228,0.8494070082617817,0.7815572337518568
1.4118972918181683,1.3429561876489244,0.9296971407159251,0.3939384527478245
1.4897612100639825,1.280767201963847,0.5067542601234146,1.459298787699827
-0.6627265854913713,-0.6352099300631674,-0.2880661614763314,0.34838814419467345
0.26815934377427886,-0.7437245322839118,-0.29932685299205686,-0.016125811668582856
1.2152219734361787,0.9189316607017045,-0.030484808891815564,-0.6551372198509842
0.3570167840266313,0.45939409384768787,-0.03027641435187929,0.2542581689109112
0.3148839588176618,0.5519080913910611,-0.042112695389768764,0.2879059991546371
0.091355133602053,-0.07145168763069303,0.3028789464916947,-0.02231465066055722
0.5655316884496541,0.573967123196207,0.3363859181923858,0.8359812821849253
0.7787663360434609,0.6986938897847799,0.6460665104220567,1.1321111499626253
0.42885886482897506,0.13194915696033385,0.15996684511408243,0.3103609559770615
0.13358235248950132,-0.023552876451489846,0.13931316472708213,0.07381601237583661
0.28163259391805995,0.17862210114824467,0.050260873476443244,-0.1323749108525319
0.09068839764909753,0.04554755360543439,0.0581204898126621,0.04300667893938405
0.09367820283416584,0.039554694418391004,0.021009944112287782,0.03882382199007553
-0.008500356196423491,-0.008833603512433107,-0.01095103942115403,-0.016556377974883726
-0.1731632320877459,-0.07737381663499314,-0.09411518518730512,-0.04737670101273059
-0.11736037912229826,-0.08795021756105101,0.08459378218773071,0.03461109754668643
-0.46346100040395133,-0.194265681640166,-0.18533590390089708,-0.25646567425758826
-0.4133110020998484,-0.17932864392759795,-0.23163649455858198,-0.21965758423772372
-0.44516283233573356,-0.4113478037187636,-0.259219547858546,-0.16817292116327787
-0.8038508935493882,-0.7398993320871523,-0.1122100980684353,-0.19369623944863779
-0.1989117390193504,0.0963877796742469,0.26250575404528315,0.2976328660138686
0.15654628405024704,0.3651496504474127,0.08133350418571075,-0.4100993846717228
-0.21840263624053163,0.1265861662713985,0.5062919782824735,0.23133867503544372
-0.8228992364085227,-0.3686142470501127,-1.0942527117921073,-0.5728530499440576
-0.06910569914911843,0.29124797907775746,0.38250530279905975,1.0358149538798338
-0.22557240716791283,-0.39081902819374775,-0.658714712850383,-1.081449125953904
0.3792571472298263,0.5742223127239378,0.20539085363730045,-0.20057698574090302
-1.9923934869395148,-1.6832185364385603,-1.0393109743132194,-0.9710767453260842
-0.8334307647651625,-0.6770684200814168,-1.0245699854041617,-0.9887906219441646
-0.36818035009684197,-1.1803799314513987,-0.9742451712830733,-0.8805694690720832
-1.3425819404396706,-0.97030473062896,0.3468263335004996,-0.0968567427380509
-0.8212750398015339,-1.4563680220760222,-1.4936862580340875,-2.132306123712278
-0.5667666541174231,-0.006075266700104989,0.8116675215092347,-0.03731683916454054
-1.2661137018189035,-0.30701567040258265,0.33979534989172044,-0.6065181751890076
-1.6017142784008587,-0.9822368759785866,0.343464011138866,-0.7663595828250064
-1.0468141961153146,-1.1541637295638876,-0.41298725818532106,0.43450999354910086
-0.4514492589477928,-1.1154873293480807,-1.6682364745769052,-2.280157294087349
-0.07480108906039859,0.031222627066285633,0.6931319913092087,1.1701083375360448
-1.4274806721207214,-0.9203166075977318,-1.8386118027470901,-0.35336251631093096
0.24871041784408335,1.1876286687049509,0.059025896574582536,0.9792407833940052
-0.27428793947045943,-0.09695090020110846,0.22333124973221902,-0.8729143049525149
0.023067656755531445,0.40374825646463386,0.5508013249883803,-0.6546147515032252
-1.2009457640285857,-1.01841236473006,-0.8379639026496025,0.16869494149470773
-0.09964034905532981,1.1926606184448336,1.0182895736274629,0.9294245461975195
-0.7330580003260933,-0.9741448232325339,-1.1770802165020164,-0.46876703025205774
-1.3813015586642428,-2.1511710420892327,-1.5285215225234638,-0.8528522669081539
-0.4837659105526026,-0.37798965336199947,0.3659725424500595,0.6341177979434788
0.35719415450928144,0.8646078867883028,0.0931660648099328,-0.36722220021015806
-1.6530060359342487,-0.11852285174309472,0.1355006255523906,0.3856205270951117
-1.232224762120793,-1.2505341403996357,-0.6351165043382698,0.02836402819763629
-0.5379378081663747,-0.21670608757188667,-1.104383678990401,-0.8923006045682468
0.15674542136682074,0.7401804694904912,1.1140134371219925,0.9169571219294372
-0.4797423780004161,-0.5360429668984782,-0.742631957897557,-0.17205855493574512
-1.357037835492248,-1.3883876006019948,-0.33102561548667786,0.1533624970234601
-1.1435696805678492,-0.44901151801548517,-0.6758865742217446,-0.26217091233922735
-0.181842319366641,0.3988789989023563,0.7711102844578105,0.8281242679019678
-0.27924573148279225,-0.24767415401638954,-0.16591474962569158,0.0048860099592280765
-0.5579104316990018,-0.19792783055160557,0.002141351146876506,0.38153537203253624
-0.19201784606860373,0.050620686082360436,-0.05973825931534525,0.7846774158020107
0.041199682566663516,0.0870520641829387,-0.32250236018272027,-0.32725306703167134
0.10808238393502319,0.23636126511984284,0.25602512814491984,-0.00418306118753285
-0.3850721544339292,-0.3356222847678974,-0.14926292350228187,-0.2367590345208881
-0.12454266949949536,-0.14698123202550162,-0.17492394228865613,-0.08954786808647627
0.009730182034228782,0.010647614156093268,0.008303489054632976,0.006521194632598046
0.20205584999020287,0.13941506225011294,0.040613780135002726,0.12720867593737367
0.27619339719937525,0.13163198765013273,0.12273314014647185,0.04390269383962726
0.39978022398825663,0.2986597178114079,0.27037550816294004,0.19375333264170083
0.4666310769965632,0.36921003445270106,0.15104480762108685,0.11967498398377856
-0.45637133642908617,-0.42468605776677987,-0.49604718796834213,0.09907112166859859
0.5830816925830122,0.4465082979561546,0.37648772870548225,0.4954434659101974
0.1704377137712785,-0.32940566570749014,-0.25490718594046163,-0.6594570260568612
0.16231961310375093,0.5237211563530801,1.0377499389887042,1.5877033788066766
0.35907038044600853,0.023853417652812733,0.14855905439245906,0.09072163273083157
0.7993348645888264,0.5987723659195183,-0.2805396809684802,0.16525858738169644
-0.5324126292592151,0.4802554901219559,-0.012170288812022558,-0.12744672095738607
0.9155460726414129,0.757165800994744,0.18060958921793976,0.31686492534117666
0.5879705035778793,0.3986502383430926,-0.19699856971825777,0.19531318756672597
-0.009143866305922474,-0.3030304395238843,-0.3201087568413315,-0.9519161722917322
0.4640686910208568,0.29139443551769834,-0.42871344624869,-0.011564994441198538
1.164547752686297,1.2943302835573727,1.4482283370782083,1.2296343667687593
2.298283340848891,1.7506371386761017,1.3660444960830505,0.3609341678035799
1.9910427819450929,1.9288363228360828,1.6221821389699373,1.5721016553334104
0.38367347396876306,0.26170435861236085,1.34524958385216,1.893021571450361
0.42480544875712334,-0.6104414638900194,1.032195557488346,-0.15031970507285888
-0.2954800302209467,-0.3913704942253845,-0.1242350055204443,-0.6458008094790418
-0.3594991897826706,0.13141420512887994,-0.7756922849679921,0.17636697411648902
1.319447908459446,0.6328706261308427,1.174635584681545,-0.049500485820131904
0.21770418116084758,0.08851228448456497,0.2243150437623837,0.38234367408866704
1.3979904576466085,2.101311839793039,2.5939386904249493,1.5521414982754462
0.8355408996269932,1.3839955951429217,0.352162197463911,0.3969145673877825
1.3337323917594852,0.7932643259075226,1.1894072218114877,0.03573797781497345
-1.1183424091066683,-1.2273415565199588,0.4113390236114703,-0.26579616215521057
0.5655131305456742,-0.01897312920963213,1.2900213888371177,1.822199178134056
1.1769094162245644,1.2726885854491845,1.4422139937570213,0.5947923385855408
-0.17146618615828413,0.6674808279445279,0.19615107572653961,1.0703702312662973
2.220945695116006,1.8505774582034833,0.5375981443460058,-0.02837650255150933
0.7867982204687075,0.18298916254022468,-0.6526629356731161,-0.987613633339174
0.9248951176119238,0.8150757101850334,0.7405485236768445,-0.0395333547128313
0.9617409551670462,0.7751646217592318,-0.27811993907657573,-0.9514135659958491
0.6672446440468717,0.8603114974586094,2.2398181618748203,2.3068485675191415
0.8951542273339589,1.2356244428993877,0.6155650587119119,0.46880270308961736
0.3294665466597726,0.25429688876682904,0.7948666204345288,0.336884694919696
0.24923722933555412,0.12448293857926414,0.02948402935414972,0.3305372962397055
1.0329544155700046,0.2148465924952586,0.2763644158106084,0.09094211997007157
0.9848764433658516,0.7372734452212935,0.32723718822607334,0.16143077099945508
0.041423251527639475,-0.1735793132454651,-0.2839216133117498,0.2920971476700278
0.33123059120180537,0.4313628935615898,0.5144522159400667,0.5918277319748572
0.3704876202286192,0.28931654481509106,0.44667748782158034,-0.126814950484126
0.23862110718862523,0.05588537491331673,0.07498959426930654,0.23455508536476674
0.35441608829299087,0.26725543648241806,0.44978436223783613,-0.05237762603521258
0.2135825610742384,0.22131064185897506,0.2008511455894944,0.11183081141281952
-0.09734588190174304,-0.16142774581396896,-0.07011096099485781,0.2053609670896291
-0.025138709360874378,-0.02971919787982686,-0.05819808048904094,0.085903466409504
-0.004263582482939503,0.000813994499015125,-0.002932672752849148,-0.007927936640381498
-0.09138107355406401,0.03183466535892794,-0.07821356980689613,-0.03677992309756642
-0.17186728702526097,-0.12641901253182924,-0.2174114795433715,-0.23627051081197034
0.14434562745481122,0.0769968053278244,-0.09614790317072082,-0.1900332158117602
0.07314409219842481,0.403963937920701,0.14515111397089994,0.1910943084454975
-0.9565659631885369,-1.1281721000201566,-0.7197985786862628,-0.5048976747528758
-0.7540552074415646,-0.8659779974860274,-0.8596874346200005,-0.18166158007457872
-0.26341948792396436,-0.43713692071041094,0.1527341488027745,-0.30079100672676495
-1.1092539652305808,-0.556955037244852,-0.21990421036045726,-0.48541338072884543
0.2706280616889033,0.33100711546699063,-0.025519168330810714,0.46740794409541725
-1.6735222612664182,-1.7576662890567962,-0.9535980131086074,-0.8028830986766903
0.2749037035950811,-0.5942149534332304,-0.6244559417542139,-0.8458071415586865
-0.2593666189813733,-0.28403679946574484,-0.40885308996058234,0.17143464942888165
0.027211915748896295,-0.4048359763880323,-0.5757408576474733,-0.637540331529242
-2.05474634857467,-1.3663044815753453,-0.6876206050582725,-0.10050479326602652
-0.026173606878642505,0.2224990336188033,-0.12414127675688036,0.30448582496864607
-1.5352308952355007,-0.3240839731010853,-0.6450230543024963,-0.020929679836131986
-2.230988450460039,-1.7138586678317318,-1.0993577718783762,-0.5800044669310455
-1.6690406314610775,-1.4202056005538222,-1.2244881433344448,-2.426795581627185
-0.8411577632839162,-1.0112096630768297,-1.2819209584387783,-1.3585248042574865
1.7843803526363884,1.2093859293767237,0.3185145969939509,0.48280262586395273
-1.6876721401731707,-1.5682750590673518,-0.9815646063745174,-0.9463835359397199
-0.13919532265027704,0.42762867976436286,0.6534066456296307,1.2019499735062507
-2.3408941815595634,-1.50133934123495,-2.5118409515639706,-1.1966259189859478
-2.2573559941971975,-1.5105510981604735,-1.1467745420818205,-1.3727249876087129
-0.5825874141244326,-0.9012777467364831,-0.9791801689439358,-1.8651090781485407
-1.1233300457558737,-1.589207428953667,-1.9401052846147293,-2.5313714037960566
-1.3871269612989467,-0.2299981863602312,-1.0676059090447292,-0.7930330171849812
-0.5594287016864892,-0.8239494987982978,0.1846140385490403,0.05613144549096684
-2.468926632005004,-2.0173038538460744,-1.243406248430705,-0.4380695445155117
-1.0449204950757727,-0.39899220421554804,-1.1464653523322013,-0.08762899634504218
-1.8251439628207566,-1.9860117246297775,-0.5702062673955092,-0.45744193245821546
0.3108649233893711,1.0890643942913645,0.3374997265774119,0.7128546366537236
-0.5314485890034016,-0.002682133068451277,-0.10479115991567095,0.3655285108613162
-2.4790233630997984,-1.9672804067601337,-0.9182236052617176,-1.6082317707787075
0.1581322973637328,-0.30076268891198993,-0.32054412473737676,0.7954224436263314
-1.5199038255080748,-0.6625021559969688,-0.9656233139458075,-0.6517441416713434
-1.2492307472754671,-1.0428073502295259,-0.5813343065966126,-1.488955400951028
-0.07135824475890899,-0.42989451442791976,-0.9922152859972528,-1.0226412474402409
-0.24587756573828748,-0.4432832712930348,-0.4329310882892855,-0.16629176789948016
0.017819918482153075,-0.35906882673182516,-0.3593690883032847,-0.361348409278934
-1.3791045522741698,-1.1155202373787967,-0.11719397845102976,0.16893758230029932
-0.9662093904471883,-0.6183673366745602,-0.22669654201973996,-0.6075931682825139
-0.6895266883990894,-0.8415577034929298,-0.766094282126483,-0.3343569784179131
-1.4914949344331558,-1.2162133591006683,-0.7759337124192721,-0.2627804667678617
-0.3005956768513182,-0.24079277011384684,-0.040706400460519175,-0.11673391597824095
-0.42815708586636764,-0.173717403704107,-0.2670650461059504,-0.31131245290314824
-0.1600171866114105,-0.20810975070460616,-0.07522991258782376,0.03996982214932974
-0.08703868497647667,0.014825978334159029,-0.10986140553923271,-0.026809541376857905
-0.0469380548313669,-0.08557241128913366,-0.11350249473255751,-0.07392537454330182
0.008062814629533874,0.0061389154414621845,-0.003704607066603658,-0.002368697009396801
0.1150322236154616,0.07636753224875058,0.029041338513754705,-0.000494518096764186
0.14672651666012473,0.08393213129678895,-0.05342077529320673,-0.04340995697448357
0.07698168709356912,0.19428150886326126,0.45737142987087936,0.5170075931824796
0.11718769194865622,-0.2210560914686241,0.2691186342902211,0.38712007368102747
-0.34013010321204157,-0.1551223603355818,0.05910460805130751,-0.08952196295382915
0.5023735947441604,0.33375891100599103,0.7290955927381241,0.6127893219928118
0.6557319643306745,-0.0791099798472513,0.06939638473478178,0.5001279834828609
0.20119834463030353,0.3052541975025445,0.15631312894856528,0.3738677688877703
-0.09688801746461721,-0.085367149946604,-0.26544608957379323,-0.08706301369396309
1.1567327355417791,1.3544164344767364,1.0986642315465713,0.6346345210795215
1.454983841433714,1.442724002579451,1.392566264542005,1.6308621510797696
1.0829853519471004,0.532654236651265,-0.3129875771839272,-0.5039165383390869
-0.0153372609103208,-0.003997936910356025,-0.013950818250794358,-0.7333055253055496
0.9895544768224397,1.1949335718050416,1.069027190244026,1.9756140037989467
0.44493771219718575,0.6656452847758627,-0.6452402815043239,-1.5094930325805753
0.5581264427791466,0.8575804980619253,1.5019775244244902,1.0843511593245143
0.6277994578312388,1.112835763227311,0.3549402386576883,-0.005436160335464941
-0.018666502913155643,0.03156636421065647,-0.3680129806440355,-1.0214930440526624
1.533125918226055,1.7069969087515067,0.1187577510754916,0.6535537182903945
1.9684904600252895,2.0308134405428926,1.1085383720380613,1.2825420694431782
0.31580254123887097,0.05102834492288555,1.318585613524823,1.2456773130966583
0.49427270783047866,-0.27642565640532285,0.06994856127696306,-0.3587538755789017
0.6658744051068064,1.6742070068265202,1.4430101275838667,0.8541781682880145
2.799479607930156,1.5182765873934527,0.19774459590289567,0.9639064232404817
1.1798118793767394,1.2811019155615304,1.2228166401409717,2.426593348249681
1.1994977375733173,1.205649076961426,0.9026374740872829,0.10508899744931031
0.29289675179576224,0.5477014141763887,-0.4797543143177549,0.34705245653368905
1.2522774374710013,0.660054831289597,1.3891487793386843,1.4248145761583628
1.6566514814463373,0.9627637972348474,1.0168114824798369,0.35540604404707565
1.2345469330106187,2.1754477902930636,0.6584432810052319,-0.05129376109762834
0.5517279925210596,0.4165827767325853,-1.283071663553348,-0.6702338781197128
0.43447769914944595,0.857114898836715,0.7353792814702121,0.6668139763055
0.2018721585369552,-0.1492972914944885,0.6930318458286092,0.3080162504494818
0.4106862320732551,0.6307254704116035,0.309120938166244,0.42821722782634447
2.594267389509314,1.8003057561365752,0.16326727726930232,0.3941734922803652
0.785610950533202,0.5164522906481732,0.043382195197189444,-0.15294583508388881
0.10181040628535921,0.4510291010829263,0.5743181313041804,-0.12556092067184219
-0.06807394738879761,-0.28051864702105317,0.10833169285929818,0.2709866936349562
1.1895291861908193,1.2794465454372168,0.6867122886127757,0.6757157369741669
1.6229628057797878,1.4204540236025482,0.3457748304512657,0.21771951769279235
0.1594967428072146,-0.2673111033308256,0.2822028161076613,-0.04660579649055409
-0.002533118287997446,-0.26327738491543834,-0.40807425317490054,-0.22263261150026106
0.08770520906738305,-0.07859876456265534,-0.07338166690094627,0.17392083365584185
0.9812402665776546,1.000659259743292,0.26426783753826455,0.1052436757886642
0.03547419194295562,0.15435039380775653,0.2047087665037658,0.264131019984007
0.3312706089129945,0.4099876457131855,0.16730434293461025,-0.12501013707172517
0.15318247006914287,0.15697197865353194,0.19760539078901423,0.28772027232141334
-0.0687577106567645,-0.04991959302479307,0.09758285871055773,0.16171334194618842
0.08124967893158733,0.10787749350675752,0.026372735615278864,-0.018048663170606417
-0.0077762322579575695,-0.01265175147093957,-0.0072615792167820825,0.0037860351676686495
-0.11640027101275885,-0.12736156756470832,-0.10146181950663069,-0.10174290769530175
-0.07549296815587396,0.10129328103712945,-0.062478744863699726,-0.051726984014929346
0.0670634898497592,0.14500546914404455,0.08266741538694282,0.06505144809786949
0.33993000990635264,0.3262899584869398,-0.13952098542584088,-0.3461714159929328
-0.6764594522596676,-0.659049667847777,-0.006837570857344843,0.022032458034166758
-0.6144004579047931,-0.26940100832761504,0.11907324176013383,0.16629452869755232
-0.2934099498479829,0.07145899237674297,0.4468078497057811,0.07702020446076746
-0.9777639740597556,0.08473134754522192,0.017637295029506055,0.1067713613602451
-0.5426880517513112,0.5503204472165311,0.001515585030695777,-0.7497631457960375
-0.03226659965945143,-0.3513412387760555,0.20113015965940467,0.10694633495695886
-0.9598652486373469,-0.5374168864557406,0.6497013718660898,0.408220794739658
-1.412821378880211,-1.6068778950592837,-1.3233586142749851,-1.2319031397181555
-0.4358537312288308,-1.2383770105469507,-0.3352486317988668,0.16020532527528458
-0.7501308035969649,-0.36121991214863164,-1.0366471708420717,-0.875371636837342
0.11093906689526477,0.6061551053459359,0.6189847392419707,0.2564189736153176
0.03048105613316146,-0.56157644247129,0.2929386053038983,-0.16864318247455895
-1.8252054873174013,-0.9009498850642504,-1.5001402113469446,-0.6803414890059535
-0.21586247550546497,0.29450569091306583,-0.8409608795272295,-0.4083561941817851
-0.7646574366737462,-0.634268349333319,0.04178734071199752,0.9804904724674154
-0.8561109172078958,-0.5276677376917748,-1.5347581398398498,-0.441296114783281
-2.4630981235966405,-1.5944620824999531,-1.0110884868281034,-0.9368282719121628
-1.8338422477327738,-1.9274326749713677,-1.9151265624483287,-1.7357927697866748
-0.5740993016818201,-0.10094266885943007,0.4443314697806645,0.5500341431668662
-1.3431815451865061,-0.669093760376012,0.1683120241472646,0.8028562401869828
-0.8246736351855054,-1.3178252848439904,-2.1365597947001675,-1.813445253818052
-0.4198519686280975,-0.08405982912491346,-0.7251092793641021,0.37352956072912796
-0.1234928839497941,-0.14867739321246767,0.4853008858436592,0.06577133135399704
-0.8337419772117367,-0.5509181893713816,-0.16248005345837446,0.1394265802968721
0.4372831383021348,0.7855087262219711,1.5172830765744991,2.1990208076019595
-0.5024547044576636,-0.013477973347547243,0.37994371374123775,0.6230457989663171
0.39997559928068405,0.4223410755822023,-1.6933172175078972,-2.194405861035736
0.0977464186154043,0.5317568851135437,1.1080912396240779,0.34819812679528445
-1.5553369172502578,-1.9160650202916167,-1.2042275232045205,-0.6754637997225607
-1.376608355614113,-1.4600158154663812,-0.5767713501905242,-1.156135360631322
-0.5773761616411817,-0.5353930202311671,0.032431210879794586,0.2236317047115845
0.12059108862341078,0.8091750576564846,0.4175278529250929,0.4795169100140593
-1.2149264908250599,-1.0876745700760597,-1.2738625228785119,-0.4465362443004766
-0.6601939241820916,-0.6484673535456884,-0.47956224482956955,-0.6735329364147231
-1.7328307097473032,-1.777461906822356,-0.7285460508338983,-0.560468980212405
-1.2627760450758259,-1.3225490384424714,-0.9893683165725303,-0.40064514800318307
-1.1390081852515586,-0.8907575506077292,-0.4960006920102606,-0.6996180992039286
-0.39874020848678177,0.05758710601358247,0.21936292805767274,0.4038806179446209
-0.23982404889057396,-0.21477440186976562,0.3844745237024766,-0.27307914338244826
-0.9552387030337928,-0.0848883336229991,-0.020883853432633583,0.009280861580024578
-0.4256869917208254,-0.10715649299732416,0.09329805279022974,-0.1605740486377725
0.3121674773202024,0.46548985587357367,0.3219310989976303,0.39054437739628367
-0.4941213000642332,-0.4372680461030371,-0.4285344161224221,-0.3749904958238948
-0.18787929936363212,-0.06910296870640545,-0.0771598576165898,-0.041380678020054025
0.017576642761640116,0.004872694049969905,0.0016118718401240482,-0.10562337827509277
0.007065207280905264,0.0008638931111895722,-0.002250492516505801,0.0037520103122163258
0.022504102768055204,0.04631007660773446,0.07109594646914612,0.12799901802840086
0.008759451791350731,-0.16270244608696724,-0.006007934373278347,-0.08170234383870269
0.017462440434772717,-0.029694948040143748,0.08466287392274495,0.06454532783686172
-0.13108031534258793,-0.19616083376384796,0.004046118809360684,-0.05072701190699052
0.36291966098604717,0.2752376623721566,0.1490210198431052,0.28148409789052803
0.3533005636706861,0.4511818121811414,0.20410275323260932,0.10358567810736775
-0.026807007608328635,-0.3382750309469575,0.25070269288332314,0.048737587002941785
0.5177581257295076,0.27194466997932804,-0.4160762570160749,0.09022376486304784
0.5422685962395672,0.3842548252876803,0.9886907179187842,0.4253900873221556
0.9738359351204127,0.8791609132912515,0.9167467131828502,0.4259010975044352
0.4852579433337546,-0.11637804019515298,-0.8834036478712788,-0.06316489294464303
0.9191254078233905,1.5943125388807255,-0.19914977586660165,0.9263543660459078
-0.11142557639551365,0.8433265374797982,0.2674086037983023,-0.3056979315758932
0.6199238004072447,0.2664307099222381,-0.30766944908144617,-0.6657261587786044
1.1607776071676543,0.3862060138017749,0.9123489015345198,1.1846493407285414
0.16472487687769732,0.19826679590779475,1.0967610194484725,1.2273036872756793
-0.1361397446880128,0.7969376137268925,1.5157436116513179,-0.28085351363974365
2.2522984785701867,1.4917357747253344,1.306978164097344,1.2034129265648255
1.9782487856743538,2.280272131635946,1.1846316236967833,1.2233987690796622
0.8314711392421629,0.5712208282853053,-1.0197281184215994,-0.8594354957013514
-0.09170746063400638,0.5853093465189617,-0.2073930604301354,0.4830556830378062
1.554639034404,0.43607012479412516,-0.023056830739603348,0.08103215344920409
1.5261439223766093,1.244454885403612,0.7153300425734604,1.2069474006757606
1.5405757625658945,2.0486264663675104,2.6236322318331085,2.1049178898954253
1.036686771211368,0.6512816331757676,0.9031959256874235,1.6309389036479198
1.3282968743560144,0.206612032774489,-0.35616911470730617,-0.49808575520883364
0.0680221127808871,0.6920783246393514,0.3311744336319556,0.887948820622038
0.50829871617354,0.20948693700173657,-0.6565277181255631,0.1025152219768795
-0.5590828255545702,0.14461192440682222,0.22037675752612795,-0.5153914408488561
-0.6203056108297096,-0.07567292434395444,-0.7733216954904544,-1.0922554792565051
0.3498231259115023,0.28378699507620103,0.17400430358666585,0.49448768225394724
2.1921509153041026,1.0383874884454378,2.120798218507019,0.9494155884170782
0.20859072124126843,0.04853061745903065,-1.1394371107643952,-1.0933792046458737
1.5786698111285713,0.6621901660055911,0.5755546668476009,-0.5785405152697185
0.4923647167742643,-0.01987759502832053,0.20316653876215782,0.05979748767221204
0.44312429646660134,-0.5899809487968292,-1.0879343595062247,-0.9851850240749879
0.8355389381934157,1.2319002815622275,0.5660008398601721,0.24848299263410117
0.810520498990759,0.009694856956811567,-0.1081708231380985,-0.6020559496257809
0.9864477557778639,0.9625036176875212,0.2282527670167398,-0.0634503873960866
0.3877565553124259,0.4653318156544302,0.6620491931961864,0.7633282957712918
0.6470013462829983,0.8754209598045724,0.41771170572635374,0.6983630614857357
0.8538002352212682,0.7388264284908048,0.4623162984822768,-0.36581825083728536
0.5556277335806917,0.19774559757525484,0.707802185949184,1.200699552328355
0.18330884283627627,-0.3908992259332039,-0.10660764319005064,-0.28999236968663106
0.729568459662008,0.6393686249903009,0.44066940225897977,0.1854223088666754
0.3330228781548987,0.22502755587158743,-0.12322081205541179,-0.2307439976862468
0.3840613692645122,0.31373508835180536,-0.21768727096729457,-0.10316487983247313
0.17370833108587527,0.12885162650255752,0.03099968694213232,0.038989049269219665
0.11708692802382327,0.05739354443627469,-0.03575165811747272,-0.12707594290557717
-0.011273248580892826,-0.007108162679975055,-0.003506580358982763,-0.012096209491947337
0.03573621140555648,0.01087376496543888,-0.0531610484881173,-0.024724160207187908
-0.14811258710897338,-0.21533305229178767,-0.24428770343768225,-0.07015180612360275
-0.1958592417411281,-0.10494648914061096,-0.1444632578438518,-0.10013652636018792
-0.9232877812929635,-0.9004507034356526,-0.4532712960815438,-0.15125703740735844
-0.3607146757176223,-0.019113438333797944,-0.2993216045794642,-0.2981722613943165
0.45349069881182996,0.666422203129935,0.49381475499456495,0.055082609742087826
0.09459235578220901,-0.04272747647435904,0.4708285471953875,0.059353224622217086
0.034166742009697534,-0.555548915732101,0.05795480939444779,0.3216064521460076
0.7736322492953317,0.6727842229037033,0.24797148590261142,0.6712882537237251
0.0077407300200361346,0.30940529899542585,-0.4300175652814876,-0.6793004152985562
-0.7383740488538612,-0.30696800369483485,0.8106216167250573,0.14148261868141845
0.13165291263490758,0.09359458809947462,0.03425357895163069,0.35224133386955514
-0.7733923710419919,-0.03250512681091533,-0.011323806311397233,-0.5068253883985236
-0.44369435751834624,-0.04035056656848932,0.027512378106013802,0.06367473094479768
-1.7811141609642775,-0.8267054691979533,-0.4044883520163714,-0.04533614633586832
0.1281811924357564,-0.5092783728535566,0.07430715279346004,-0.0008650299572086236
-1.2106692126694893,-0.7563034012580885,-0.07575878606003202,-0.5256934131035012
0.3021013154388064,0.24628615916257623,-0.5944477513371527,-0.7926079647211328
-0.9707947240553609,-1.5154428036034475,-0.22073793460274718,0.34131168067715656
-2.0543187877471203,-1.3032528254982203,-1.4557098187231408,-0.9446484007716964
-1.2301633967125485,-0.957331459410589,0.9983999469684546,1.6757962841065654
-0.9839383934093151,-0.24039722772810732,-0.11318371542244579,-1.3201898725990042
-3.0744609092233777,-2.5096431231086127,-1.213099355146139,-0.3639031271669309
0.2047161715867491,0.3599931110561524,0.09782203831656835,-0.6999849406591537
-0.370016032825111,-0.11241448479380396,0.35841383926633275,0.7270085964535169
-0.8969564549985178,-0.5449268941114623,0.20998328678181363,-0.3059527612543098
-1.2581549852097191,-2.571429683853234,-1.0988386873693665,-1.282035182562509
-0.19200418394136995,-0.47883579757940903,-0.9813454648389093,-1.3260088294784846
0.647363038908236,0.579461602404913,1.2755914757683875,-0.06437782479178147
-1.845793582994358,-1.7272487586178042,-1.7405660168956634,-1.6517533580813522
-0.12710228336012364,0.05078759943040775,-0.11786035981157632,-0.386749426577775
-0.5767728174143297,-0.881523392591488,-0.4871556128576137,-0.09464274124211351
-0.9621923028773255,-0.5670592686787602,0.435851600208969,-0.28444391463489455
-1.0523905675569323,-0.36930760323245865,0.22250408067894314,0.16040590253234227
-1.3782282113995585,-1.092858283157284,-1.0846737557606276,-0.12252673184238116
-0.30922073236318076,0.01041323236531155,0.19251358506533106,0.2232775000926463
-0.36425610347328746,0.015078511200911693,-0.5766412076102371,0.7612396060713311
-0.29129316131527705,-0.10548251510326752,0.004228165892109778,-0.42625668810975986
-1.7048318561412557,-0.8750947623486626,0.2863650544829665,0.9306681029091477
0.15266512254257214,0.11331788567045763,-0.5854942589266748,-0.8881329759152515
-0.506679286929973,-0.22198683782028755,0.30853265943270564,0.32957524258119825
-0.6448251759412459,-0.3019037597747701,-0.8770581159415428,-0.7332122098133763
-0.11025691857856484,-0.5768624314697085,-0.5650354682532712,-0.48798652659332037
-0.40546716215580375,-0.45363165782612735,-0.8202466869344274,-0.9118278382893957
-0.15734039259380342,-0.17057788877381816,-0.13604746359353218,-0.17705218478088955
0.2023345796686534,0.1814390682883861,-0.04489747003301991,-0.23861455032408146
-0.4861250427417622,-0.39933181656000716,-0.10416004872001355,-0.031198665121929935
-0.07133697810355989,0.003632841377494899,0.04244112334237069,-0.11000619378512055
0.008046421249714442,-0.004675404227064151,0.031369027407264716,-0.007851746309983457
0.006347514151022439,0.009399480266296282,0.008555997440549787,0.007491398647604509
-0.03644539211050462,-0.08099611180327854,-0.08722596838147326,-0.15527998383566133
0.2859687040292951,0.1821181161618948,0.21191296981613245,0.14047676631843978
0.22629511386036336,0.24656061284983283,0.14046800924723357,0.033177034973355175
0.23235793430763402,-0.0070295036686071205,0.10600823927166578,0.16811946174439574
-0.04704960532992447,-0.3329130285833684,-0.30114377418390187,-0.2622418500427857
-0.7408173704569904,-0.7567430166591865,-0.6648166432804813,-0.33737050313942796
0.2718641287864121,0.33968101004947643,0.18521488777333994,-0.5126610163841926
0.5438723455519374,1.1231308908612299,0.7556752427733215,0.6077147285967958
1.3473356529647411,1.4825699004165283,0.7654133539140865,0.3279052562033849
0.22513584814463705,0.4683723100925608,0.7136761183795273,0.4594579966085543
0.4608598793746315,-0.3577926814195353,-0.2176200428162658,-0.07623809851339608
0.5705904888996188,0.04985923754221087,-0.3950339154800675,-0.10930619100710003
0.7671793259243049,0.21790662181631265,0.926353319449781,1.397581949295138
0.4743054207514387,1.2065464286099745,0.3165248391208766,1.304253906026312
-0.4519062792501092,-0.36060419229410434,-0.12160875256099175,-0.07489112409028711
-0.3100605536087834,-0.6136590295026193,0.2622949804964095,-0.24347921034935047
1.3772066487981423,2.6982696246788445,1.5867668599169251,0.4680576788332111
1.9608813354008316,2.1430876605761977,1.0734792299630467,0.8708354117244833
1.5168187380064133,1.5359163842643118,1.8385651681661226,2.3170062212152134
1.4810008812040776,1.7071505499792712,1.2237938315481318,0.12973296744273008
-0.30561830009045604,-0.006210797006532353,-1.4600282222569367,-0.6111449930425121
1.593894924202852,1.7726230378863859,1.369883224885171,-0.21398387195529975
1.6076688043456362,1.6913935078773075,2.690441075468423,1.6232564911873302
1.1513425390789838,1.0949774113327468,0.528882816554526,-0.3432462337109103
0.7468720966992581,1.0421909420727746,1.1682025081118086,0.4845181669736307
2.0015655911863752,1.142557532448264,0.4838171256588138,-0.05944568227594965
0.8050133579161445,1.4909401853106603,1.3568366623582846,1.637168017114902
1.8648774896208662,1.4607405191063505,0.978306235965842,1.0400162665523591
1.9166200960992448,2.1370925190027736,1.7897302916891111,1.6293414350684456
0.014749934988492265,0.2155223835210834,1.139462586869709,0.6204808334577246
0.7802495067234446,0.6464686488889855,0.1998435259081134,0.39483488519487686
-0.11532863043754231,-0.3033850721978902,0.5186004179375976,1.184172206594733
1.4251822605792117,0.7482550920605199,-0.2340502077283323,-0.2568898052791676
0.7057318546056283,1.0116503038315952,0.9300039913925416,1.1616042389637518
1.9629351803122423,1.3685180683065923,0.6062573663229147,1.1339503448245656
2.1084837438566697,0.7557157998803433,0.3093221134311437,-0.2648973549909551
1.7701597184576199,1.9327010565137717,1.8173034458197859,1.1756329424460654
0.8654827440433152,0.9333607346942134,-0.13791997591294505,-0.1829000255290973
1.3678902336702186,1.1415967247178886,1.0242200103585923,1.6986480886055026
0.7801013327930735,0.33688873818749554,0.4066764636480656,0.1937416501482125
0.16053095085142505,0.1631369568890627,0.9531880535048575,0.5529207122525961
1.2660986816219533,0.6880846808782649,0.05258979223535198,0.06272823108432174
0.6651350235161119,0.8230146872555827,0.6989272427968811,0.4608026424827282
-0.7705485799297571,-0.8834711843611692,-0.21430740244605417,-0.08433808363435374
0.24453660228905186,0.4925251961765501,0.24748504538746177,0.4532065699486978
0.13819629185911697,-0.10225715511618849,0.12260673649529569,-0.15684175512682372
0.18219705752721282,0.2175196082642065,0.3891350673509062,0.5250399887589671
0.11145184164923948,0.1209862843488399,-0.016955147323304026,0.07930561740585568
0.07257529152267109,0.0528534763204173,-0.03259964908087414,0.019564883426192215
-0.014111273843326617,-0.014549834872584365,-0.016534674896425367,-0.011325381708882951
-0.11194240215052689,-0.13733024760513027,-0.04615501823601486,-0.10637256055622507
-0.26001614065431966,-0.16353165418638993,-0.033322447649037586,-0.0009099972994784343
-0.3863437592384995,-0.39178277892269014,-0.12628156918025318,-0.12276411857386285
-0.18175663575540363,-0.006626811027663697,-0.37223655205870376,-0.5325325452524092
-0.08749697987631405,-0.09446123063629414,-0.4199910242756997,-0.26352292928569837
-0.5100499834239117,-0.445201897598001,-0.3426382012841992,0.06806029764306226
-0.4262882363575469,-0.26975182771015777,-0.7054661797856429,-0.9826391763921798
-0.40075823630557367,-0.18413334363164943,-0.4573401494703474,-0.1562664220488765
-0.8783807460012553,-0.6861594855237474,-0.21625477204219984,0.21979827094802168
-0.8469758370126931,-0.5471486346369484,-0.6181042574019817,-0.8831535983026646
0.022822773595588992,-0.41438626643177406,0.41054882022826555,-0.2785820658047605
-0.03888113627841145,-0.029361150716072603,-0.41874172795607895,-0.8198888618776433
1.0640879302363642,0.4717805260749685,0.1741328498718888,0.3078158001985251
-1.2079302007562733,-0.9195720768699909,-0.6576646345917825,-1.0421673905530062
-1.1631689758475692,-0.6713729495687383,-0.7288614192117953,0.2693246275121607
-2.097048313688582,-2.194731512629351,-2.0292293852037258,-1.4732223925980044
-0.9033110021348867,-1.097199676576579,-1.2270043155153514,-0.07977451575313582
-0.5622515492205349,-1.3401240945056705,-0.8074236323288025,-0.952954146037988
-0.8369775332005904,-1.224835553446659,-0.4577380378133198,-0.6569775505643172
0.35712292600642576,0.696093407363948,1.146463762748368,1.2511145661577059
-3.0730881655476714,-3.1931615887091334,-2.35131140286407,-1.5600562452517397
-1.1324527772325983,-1.5872639231681565,-1.0796215387173134,-1.2669569977599555
-2.637445476887055,-1.4678716409714525,-0.5081398739300644,0.7695653397652187
-0.6152478001049186,-1.203645936523183,0.049375275482566316,-1.5925922165988633
-1.0619641635848271,0.06731532241068859,0.004866612445492139,0.5021101670656034
-2.6430686963979007,-0.7105058634712599,-0.534810296582562,-0.5203303080459886
-0.8851773781456501,-1.1714964238811538,-0.8282914671609916,-0.6110683719899078
-0.8638146414473384,0.1583805168123622,-0.5385538026040253,0.5926540688497417
-1.4341799413140335,-0.10482845899250191,0.3834555591023029,-0.015561890903179257
-1.2702768591875047,-0.9504010638334056,-1.703729645499431,-1.0510238520250434
-1.1430775483058662,-1.222109570849709,-1.8215467279698245,-0.9723165074008795
-1.0171888743880322,-0.5987926441709087,-1.2143237088265395,-0.17064010221550804
0.5441043120965481,-0.47680239105237004,0.7497293823593288,0.5232302119037137
-1.3177237655740555,-1.6007518242439793,-0.8999296007760005,-1.4854288566656724
-0.3041262586912456,0.10329336084888398,0.7314762157267842,1.7966194522976575
-0.04374491623515704,-0.4933176877088222,-1.6889367069568828,-0.8254136779129705
-1.5055506446637372,-1.340917914770631,-0.13079416342725303,-0.165656179635809
-1.2686344259013806,-0.48363289845427104,-0.4274011232874406,-0.08833134098244068
-0.7945391073581575,-0.8655428751086807,-0.07510521245383393,0.1842766679035902
-0.9901662222204605,-1.1310630091121012,-0.7007246633569002,-0.7938445329430839
-0.5246049837922727,-0.6581189275845933,-0.37598576529713007,0.20265350775110735
-0.19996426114256605,-0.010178831636938184,-0.3475868453831541,-0.39010071574966876
-0.7329741026865441,-0.1379452916428729,-0.3325925162996551,-0.48661520185222207
-0.6503438838699068,-0.5276204184385355,-0.21231165475007419,-0.42341041720969624
0.10095946590058803,0.10850329154136915,0.22993501367264263,0.6333886280841232
-0.12722735427452653,0.32940051505995027,0.04727311200933227,-0.04493323660771528
-0.17223242709819053,-0.04533704063392406,0.19947702824799848,0.22223571291254174
-0.24924152317135823,-0.11936599192029385,-0.19762156171250436,-0.03914410243578871
-0.020979396437723594,-0.026490644578773984,-0.018687327716592265,-0.013427698230309464
0.00756178144362283,0.010934778501742326,0.005594904455505966,0.005943303993688366
0.07458057594689882,0.028644076575514193,-0.020881790376095694,0.025197231370009454
-0.037307602607920466,0.08078581553367976,-0.009464681929455253,-0.06094912955958972
0.19188602169288715,-0.17623667846017463,-0.062087931950461805,-0.052945167445064736
0.24770638484816948,0.199218721455849,0.2608317772905152,0.1547912426809386
0.11046803408587139,0.1857450649391471,0.33551844531764,0.6464246736743924
-0.27811347691893723,-0.15888677140549842,-0.2979060543487017,-0.32421921751028926
0.7361600961587319,0.8358399472737034,0.35675245608547096,0.4296556705066937
0.45761353688182793,0.4955888445599365,0.007054141389424284,0.17360854407555967
-0.6587116465125168,-0.7112683038827616,-0.549089618682498,-0.19449466143653746
0.04343396477322313,0.21873387246022552,-0.6500912568051501,0.6406465837739372
-0.5473625274338675,0.006859301862229941,0.1017237214012977,0.7387613706185413
0.21170258427309135,-0.060761838227950705,-0.7085063834298665,-0.8075712169122168
1.4786381682423402,0.7875386327894512,0.05134731716687581,0.038844768066415854
0.13155936903167362,-0.2504456315660753,0.25716031533239175,-0.5670116003459463
0.8012816057269462,0.022029220155002926,0.8705393909810285,0.8126417405882475
0.3223919325802973,0.7862720690661887,1.442791680338051,1.2213345206951305
2.409616075764844,2.464379728497106,2.2975727893085973,0.030435793189976513
2.8267556428784673,2.1905528182355773,-0.2572425456783444,-0.4494096967431224
1.5177901869682142,0.9085878293670419,0.17165945027786664,-0.6391355791578857
1.6322941460707616,1.4535950652262686,1.0844790484626619,1.5335875129859675
0.6548762284968479,0.5562253791609838,2.035532052685071,1.3041145841064559
2.3721812771774298,1.2532169107810907,1.8790160673868905,1.353585059629843
-0.16161240004483443,0.2851244121229073,1.2668520293897056,0.2890248594618776
0.7891328902381513,1.0728728081629495,1.0965400580188578,1.1888724717024035
1.069590615562035,0.545383341193285,0.7634163077398517,0.5297067456538987
0.013517366591157445,0.4226991986875166,1.9237761550758539,1.6452710891432027
2.833528989519406,1.817472281283783,0.7524327596167745,-0.2656672179270905
0.5652600127983402,0.058121523183419156,-0.07873129395452225,-0.5778803464555511
0.9251621599067549,-0.30152078743141336,0.6419683306776687,0.04743194613466476
2.3582844848683995,1.5350943828907988,0.15335140515548923,-0.12553639237152012
1.0147102140119324,0.630680818273036,0.5088971710113156,2.0025100185079494
0.7843879832756969,0.6101094574722844,0.39749083351704667,0.34297981513213005
0.20030803174997036,-0.21737276370234965,-0.36219202160294706,-0.03440236436053885
1.0919000446454683,0.7138203802488159,-0.5117576354488766,-0.5887311967631772
0.5031925135855774,-0.270896121710441,0.6095082255114067,0.60763750829498
1.993672337073038,1.9453248969961963,1.4038854892743053,1.1933537548726578
0.6260230916730269,0.03996081735003393,0.7338575137061211,0.740166482570203
-0.3363241485414784,-0.8464009180161299,-0.09766128530903313,0.20296276115196532
0.12838405511984133,0.2912403454927533,-0.031149445747152355,0.23145349647688374
1.0166800527588271,0.297432285105506,0.08074895195424213,0.20105178281180705
0.366199195470267,0.2956864234356958,0.45423162722295407,0.1728567693685039
-0.08779788245665825,-0.01878097220814336,0.8034893992110562,0.32201196042029395
0.13920769739549693,-0.2259081161707633,0.20731759732464283,0.13082335782469875
0.09310238055938322,0.1807093202373872,0.102085106217868,0.10646872822393254
0.3036432251367893,0.6916086288573093,0.5683811798863344,0.47770115325577517
0.21323172056165787,0.4247431931488435,0.07906677973491603,0.04378539072705849
0.5993320929002781,0.2765242429688279,0.2931398845260923,0.3697986602194052
0.10426944042497745,0.06503662968574116,0.022964462531888462,0.02172676223385727
-0.0815112054133619,-0.11857149880175086,-0.09285262896130785,-0.09800310599812295
-0.0017558789742650642,-0.009564929659098229,-0.0011064605559449041,-0.004395518327024424
-0.037091633046867585,0.02011041535127127,0.09457537592745693,-0.013003962902097384
0.24699226743082994,0.1580260512811293,0.17954884223509326,0.23134829833678042
-0.10266757306902502,-0.10526189392236612,0.060061973855249876,-0.300396174977033
-0.5101754131924616,-0.385032251127487,-0.2012980678289649,-0.3241903669387234
-0.2930967921066292,-0.40200420848389684,0.013257640599017592,-0.17967049244022693
-0.24066137983617422,-0.26965109003562043,-0.6085300245357137,-0.7183893099772615
-0.7045127757590093,-0.48759943056372657,0.028288658475279647,0.21418147264356233
-1.1742205694935925,-0.9427285208014943,-0.6777271343839175,-0.3024049476923092
-1.9510135793243264,-1.5244060958755967,-0.7270498132550257,-0.6731678172184925
-0.5258780241923371,0.3781480841995526,-0.164680603729825,-0.7925379316060465
-0.02495491105289884,0.23759024765758172,-0.8805930659604276,0.4469964466199249
-1.075399960382487,-0.8572855811453052,-1.1803791290533383,-0.9218415363258484
-0.5033655252112268,0.49333793025708284,-0.003256645371627959,-0.7219744512084979
-2.131274054090542,-1.8185272407600273,-2.0293280447974777,-1.8669283588747074
-0.9411675865305403,0.3369377128641153,0.6974264730385908,0.9548139544355063
-1.2152181951563839,-0.7214677146833566,-0.9216093000772599,-1.169773107414756
-1.1945426109649193,-1.1435558468124747,-0.9038656865454228,-1.152745693294054
-0.32220684585733134,0.1590218019479887,-1.0506361233878867,-0.27849645593926226
-2.347008694521538,-2.2940165742851204,-1.4227324287509617,-1.4732321718430095
-3.7881662643475136,-2.779032587166612,-2.4686021228437838,-0.9833570196208624
-3.2665998541164085,-2.3645161323250257,-1.0732557946806467,-0.6179341440108538
-2.443634306294073,-2.83297079588234,-2.47655557949765,-2.2843593189547176
-1.0171805842302153,-1.7728129788954807,-2.3768823160428796,-2.207596330848173
-2.5057984324910225,-2.9173486948687497,-1.5215077910360748,-0.8494599690793605
0.49225891077392087,-0.2796894057179676,-1.3424781659677916,-2.0825941279549376
-2.340944762268245,-0.49144019115638327,-1.6530545118192739,-1.3052421017177658
0.8385957414808406,1.0090891180071915,0.33609944281844273,0.38969448786875727
-0.45805044325246225,0.4272555232409216,0.6204529077656061,0.6779260706055822
0.35964470655698455,0.9134255965683802,-0.834570452555514,-0.7598148342881049
0.03292538041229591,0.197590805209814,0.2719648172372625,0.7560480949733838
-1.7099734492489924,-1.908566459249111,-2.4389710141356904,-1.840764959218698
-0.5361142969881632,0.30105326055544324,0.7709969017165061,0.3666403603818314
0.5158024361954674,0.005327471997393356,-1.6376377528480806,-1.0956081367551251
1.3141813694807865,0.10945603681496935,-0.30652872855563035,-0.12053128871552495
-2.315649964684791,-1.391119678292493,-1.290146384840471,-0.6827765047752088
-0.5964583570817574,-0.8105557604766885,0.3215174995419399,0.21094526485143053
-1.1301690559359285,-1.2353103075986178,-1.8580386916737814,-1.7964059730216948
-1.1404998390556338,-1.3542651952988511,-0.7368074450058234,-0.17109804765627218
-0.5643823911227694,-1.1343816691542212,-0.10940212377740807,-0.1706076225271562
-1.7961109915093088,-1.063982514992233,-0.42481299422518953,0.20669725274027498
0.2573947545533704,-0.025529464463670177,0.20362330693129008,0.480938865400062
-0.14275941252043353,-0.1338279651003799,-0.4164331224264981,-0.10658240002543992
0.21904217493025352,0.33374490864632267,-0.3915499630175685,-0.462292553621078
0.06612890855775859,0.09127820105220184,0.3487443974537461,0.4470465280003766
-0.678732605259073,-0.7151812137425423,-0.49907038002090776,0.15320567979292954
0.11498360900605961,0.18610635620292912,0.21338606044620562,0.032982708790880076
-0.05268792128322841,-0.06644668017978383,-0.09586317475549322,-0.030376770753733077
-0.22148128541074869,-0.22169477550077996,-0.1864171832156497,-0.061021306933783756
0.015161549798419303,0.05527445012183695,-0.01502302724006136,-0.009440309889801901
0.01746054286544045,0.012868324399540077,0.013609885453448375,0.01771206713160802
0.1498169586160064,0.05630860838347263,0.03699538116851323,0.008272877016993066
-0.06184739052468408,-0.04783579175348698,-0.022057354298481005,0.01721019655640827
0.3083906098904733,0.14657452522900696,0.0636581933719256,-0.1146963740472225
-0.2337447254016637,-0.18344546473241116,-0.3786624468291882,-0.3166568154638647
0.2400914435984865,0.19906243916612332,0.3935739003492186,-0.25537074712210817
0.6002307174882842,0.23485781623938748,0.515488490055392,0.07839484297123879
1.1366869425873327,0.941198937739113,0.8185444386357512,1.1631069188392427
0.1512771032903338,0.0320053189066126,-0.046973351550564646,0.5089386100197704
-0.4812249768869667,-0.17025268586655473,0.3614329543494421,0.3228626916565881
0.39337523348000675,0.1719232428289844,0.1541552761493096,-1.03049936526927
0.1792350160521297,0.677284722909369,0.3358838446560166,0.38432935786561156
0.8234341378060087,1.3686164035884423,1.7195941233316445,1.0271076743045786
0.9323756856798615,1.409903498448443,0.47417187573951963,0.02666355422723116
0.7401214446114269,1.0034494651083814,0.9096314143550998,-0.8591465145507851
0.5820629872848213,1.4680903963179321,-0.007623642413109052,0.0412724166391029
0.44330029060989246,0.7684678354695684,0.10634765252420302,0.6040736414821286
0.34352937819427726,-0.55729759796161,0.3169530005583988,-0.0924988572379385
0.9743286225378404,0.49516653616629713,0.9201282552414363,-0.5016926488386517
1.2902430305078394,1.8916416181371838,1.2782412093023725,2.149404172335035
-0.26927990046141737,-0.37625379612327803,-0.35780376633414185,-1.2281606194639454
1.33499643567993,0.25063741263001577,0.7709621807667666,0.7348013167142111
0.6340929312433788,0.5719876160704817,0.6554222031245985,0.00559225046605808
0.4744336789847183,0.8555363844792949,0.9871930499844788,1.0385330527168384
2.1318451222563826,1.5907024316573755,1.6981569411583406,1.0842842069862373
1.640799247937055,1.517066700806866,0.5648414514426309,1.0321907719740315
2.1903192987499054,1.672982957087065,1.9859413096902667,-0.3535838030683853
0.4118508954709403,-0.3471660740612915,0.8725977256070487,0.13422428060034167
0.47193553712052866,-0.2688214456845393,0.46558040924337046,0.641433620384329
-0.06138606949123702,-0.32773446574916176,0.39363125142696703,0.15303485171170692
1.144705490669706,0.9734554271766394,0.3219716907686696,0.5953640550562316
-1.104893301448963,-0.312954460505742,-0.11818090088392658,-0.5183528938919676
0.9316260368060084,0.7168765754822564,1.7446842299874046,1.6163394335223324
-0.06159863800528812,-1.0318978479859735,-1.0762512903304111,-0.6314946684977751
-0.3673440853058364,-0.040639214004667586,-0.17504545039590483,-0.024287035555418657
0.9489748225700808,1.1467339035348507,0.7794878908513199,0.6329053236717068
0.3868625343659592,0.06350100146093707,0.16706427475818644,0.06908672773253466
1.6774800184935084,1.3604687535491,1.8670885861235174,0.5081952181124364
0.6545342520429485,0.8774133369634695,1.2144401550366504,0.8657076702911931
0.6821287343860292,0.05704048309960926,0.7537263912795297,0.6567321478136534
1.1071781743985663,0.29202753315772095,-0.09788275529401173,0.07274158197059913
-0.3631764812347503,-0.4522971291073188,-0.05628386573229601,-0.37151063019997255
0.6767649843710383,0.5444045028735421,0.11567289724755538,0.24497843264863958
0.2788573542863144,0.23313464702527575,0.6299504980145926,0.579910954953744
0.024188863081920108,0.27589475464421936,0.601297000884072,0.281437358392687
-0.07433110537179276,0.14791062340340433,-0.28485149390269526,0.13629400210349601
0.0705555081432073,0.2286343463300771,0.2309693754217904,0.18993250797110173
0.32409934850151323,0.16603446642560732,0.12529719561481414,-0.12945757577944186
0.27987641505299365,0.19729123273826912,-0.01945006985134025,0.13006249880172688
0.10884845228036118,0.09320258814356913,0.10075580887896765,0.09619440859750912
-0.0007792881645272879,-0.014344960520201466,-0.021119401850143195,-0.00768910389463417
-0.19972752226870444,-0.17681183622555702,-0.06646364288301247,-0.026874355683080307
-0.07500597583023196,-0.0874804053511496,-0.16732528552117548,-0.07474543701540938
-0.2545192898388419,-0.040559652037727816,-0.2407204734656673,-0.35779939591858123
-0.010625000079641813,-0.20571105348221716,-0.19867447465243113,-0.3186149748966963
0.15635490868926977,-0.11333436458971173,0.19186907237986295,0.125414087349916
-0.1845450429824309,-0.13657732221441257,0.12114743791678995,-0.25537640368891634
-0.032050392410998746,0.11937397730648386,-0.10226214447582224,-0.04598767748563156
0.17109963764966,-0.17765968766705378,-0.6910165570521499,-1.0607874976936171
-0.8347737798989625,-0.8111535088021321,-0.43808946245102126,-0.5755118603912253
-0.16170959227294443,-0.5588891310157164,-0.9132365623161985,-0.4396263219554807
-0.9633384981892883,-1.106788696080695,-0.7177980540960764,-0.2340400359291775
-2.108779026622958,-1.7517309836641328,-1.0617989547431534,-0.8019042493449039
0.23417071535742565,1.546802366844896,1.279003006247815,1.1640104225587
0.45165195488852616,0.7825606887982138,0.39955145484081334,-0.427901483186344
-0.14954154931360808,0.03923926016271881,0.7782182612395989,0.8525359844112513
-1.0863020515538409,-1.435200860473473,-0.86771365696138,-0.6204151764023381
-0.27456474789901836,-0.3372123998637909,0.5208162513195567,0.42482504628343376
-0.5049305946695588,-0.46543582879259937,-0.7914844976870541,-1.1518421687990859
-0.2920656946512678,0.03274784717515877,0.5530919261934013,-0.22134886352824756
-0.5751964193076506,-1.045771091073962,-0.6824623593893963,0.06888881907392706
-1.0771471120737526,-1.2859594370228715,-0.8306923505830293,-1.4953479580781255
0.6907375788921256,0.09733974647745369,0.7393623311087599,0.34707558416263856
-0.7740511586169864,-0.7427079599971431,0.48678761023402534,-0.14000357451260165
-1.3803199691814145,-1.0021148789895347,-1.6797304271175182,-1.8731548892767989
-0.01510345742521407,-0.8249126505152912,-1.541622560317474,-1.1726210255528149
-2.927243443340422,-3.1313085666257314,-1.5681917781779533,-1.4413681426561007
-0.7525474547274084,-1.2542984437798372,-0.47725202547008705,-0.49599284936822674
-1.929776073028894,-2.2846204818082145,-1.7977327010049213,-0.5639909627617926
1.196022015665204,1.4098207271521541,0.817970476509587,1.1924836365280689
0.29321282002916904,-0.14242878941774892,0.6734914572239552,0.32832959348464474
-0.5351620126657517,-0.8456303254228151,-1.1446096563201411,-1.6676385577503743
-0.12352116038897602,0.7396036040210573,0.014548437715418413,0.9811943704157354
-1.048646163958642,-0.9656001270814583,-0.8927048784031738,-0.8142428844612749
-0.1777201912963216,-0.01606169182946348,-0.17543403079180644,-0.11640464611951741
-1.4084811857426747,-1.2141219040770157,-1.1166413084967637,-0.9458578493108926
-0.5483095264630348,-0.9299267585434423,-0.2140578268395037,-0.3642238720355332
-1.0878485451522537,-0.8665396702719028,-2.1624954078810834,-0.5898962886166926
-1.8942542994355347,-1.479290218272512,-0.5016895158609095,-1.052031782359195
0.5317852366445037,1.3313580555390885,0.8708509202308868,-0.2676071394823345
-0.4184766370296331,-0.38050884118033257,0.45888974370381613,0.4525485469491819
-0.7639751058219857,0.264588617727691,0.5753707659796158,0.8750915524417522
-0.7244428708294403,-0.6140774221697202,-0.6432123418210627,-0.6306539367362446
-0.19218085259382534,-0.2719638503357901,0.3882201561692172,0.47242891686681265
-0.21782946123358726,-0.19038637235031952,-0.2207794447298087,0.06347050710768855
0.3854873477344053,0.46708457121834074,0.265301017199563,0.005743988512393836
-0.4019788822408686,-0.10049029413025842,0.021182529112010476,0.17046399732212478
-0.16928758622148463,-0.06272981246810244,0.19864292944759102,0.013097941531385916
-0.2123128158331005,-0.25486839570935405,-0.20433140623334764,-0.2587588046078823
-0.028328030849980857,0.012994208858931657,-0.07246017866284467,-0.0438849263691269
0.00231088774950262,0.0038140938309964524,0.004037820499333286,0.00794084751053191
0.0860690072243089,0.06828841130903632,-0.024863204890107567,-0.05680660574196354
0.19157220655039536,0.16423635333898137,0.14800175147227126,0.06266419519208406
0.5452238179611526,0.4477029421321232,0.441049346083612,0.26959720810749505
0.719264664343808,0.6161565913003437,0.3691323782077349,0.0633199481566014
0.41282550233343523,0.4860906250182007,0.7445042307682194,0.4224930759966715
0.5260551159899307,0.739974993511058,0.17856549553731146,0.2808307928097544
0.2065888822985381,-0.6083683876779786,-0.19299859783581885,-0.047888747190032076
0.78022587183746,0.7314571301809537,1.1720324631659957,1.1054945806464647
0.9431992154330665,1.109085541495004,1.0890014007215245,0.7560218310780926
1.4291141711998248,1.6143384083542227,0.9946537715239409,1.358659963408105
0.08952091229735372,-0.23172684442699085,-0.024865497442700866,0.407191226453096
1.9067489877364954,2.21632376724175,1.5520624418518498,1.3144937477022105
1.5044174326574853,0.8907951440831937,0.9163704171200213,1.4944607477365228
1.9530119434500133,1.7404592353373818,0.7851912472278448,0.6552283745005925
0.42497625127975314,0.7015527828323634,1.0022730803337399,1.2417098769534485
2.2321461781718033,1.6969394335325207,0.9209143839982028,0.8661640754521871
0.28013888660423625,-0.007832523950095288,0.3529950633964951,0.3690895556099099
-0.22076028959175123,0.020603753498132458,0.4666925601058696,2.1515062418987547
-0.32440391381242684,-0.31823669668574883,-0.10335869797250347,0.28309443274713336
-0.3620761309717396,-0.6228551048889548,0.3364498615072147,1.3739984073515454
2.0528936114208634,0.6306304520412929,-0.7743134570708895,-1.5608506147742605
1.5547551151722079,0.6294129387630564,-0.06297861144370188,-0.7436868175139141
0.585923224699336,0.3372201143465805,-0.8601763342983125,-0.37689703385318096
0.8992579473886366,0.24937554505410897,-0.6396392648458537,-1.034485239234109
-0.28168317538185317,-1.1625062469378258,0.21946374021733675,0.1258931751871432
-0.2887413843270647,-0.06979452693329054,0.21849233000133844,-0.5894045251699553
2.243813825743948,2.643354980070347,1.6969162351649905,-0.08334750448302503
1.6028439713409215,1.0988451853723225,1.4375392411680943,1.0636815890342677
-0.036259266984617344,-0.4785640088387985,-1.9031907176557812,-0.06042825629451887
1.0124194203779533,1.2706317766114463,0.6799425720054504,0.7760030746755773
0.2729434839701759,-0.07664897595948171,-0.538946222196592,-0.43968795824651546
0.33912195789886734,0.5712271756617042,0.9294424737246049,0.6411998196162806
0.22161446039187677,0.16620778446903478,-1.275251399004328,-1.1044901781279244
2.070404788222534,1.3034286623636444,0.8987840003204906,0.6687174197392295
-0.24451340253577805,-0.3817373182861114,0.46043460191313307,1.9348195897675462
0.8982470779730751,0.25584727383077427,0.08109960530157857,0.804149632622244
0.47777427501683567,0.7579362616581666,-0.01777836494834228,-0.16395805590619278
0.4901554053258807,-0.18700414551761196,0.34290163148709146,0.44314955810399104
0.7396600289235589,1.105200963652594,0.3032864602742942,-0.2612610837074965
0.8950980880963555,1.181466561207235,0.13232467376097615,-0.08608621607321315
0.6528115929779218,0.5312375208836653,0.5120377573676322,-0.2555595202903346
0.8778894802775248,0.30931351115666855,0.021042415133355395,-0.2520460441056504
-0.5439900940877068,-0.35973950280726735,-0.4656067480218101,-0.36685546936754915
0.5171979767840191,0.13413415685812002,0.6068755221071074,0.49077710516140166
0.5434937753008314,0.19142136059774023,0.2350980551522625,0.15607004193513188
-0.08284418739307838,-0.15350923185088566,-0.05515281686607174,-0.29922372472290826
0.3896637557456168,0.22739714780725626,0.22654490174057743,0.16268208621828326
-0.0724571059978203,-0.030640584740772595,-0.1465934455737948,0.03659506745730606
0.04443410723546454,0.08351996792289357,0.02166767871135805,0.08944507509826345
-0.019038251798067264,-0.021533514691068654,-0.02080842023050876,-0.010467233520800309
-0.017537811015671565,-0.021349845518280643,-0.06442441139442799,-0.1285738045051584
-0.1878246328611356,-0.253623102772309,-0.1893370342168998,-0.0862392528343062
-0.59322614178037,-0.5277146101977424,-0.24318641509085406,0.06519081240091479
-0.40502048105250976,-0.1696025559498805,0.426017491739059,0.3659710949333774
-0.9504927861179941,-0.9336416518840907,-0.8687525915715149,-0.5968208490550959
-0.015765409949081793,-0.41113048465447455,-0.703057625642328,-0.7735573081679737
-0.7728392761683611,-0.7112008854292666,-0.14054599899530218,-0.4523754243152572
-0.558740667790963,-0.36244431241771224,-0.4543104904054963,-0.6821488150912045
-0.049048827831944024,0.01465706482675058,-0.3000139414092184,-0.5814083304099433
-1.8426866938405433,-1.3144855470106533,-0.4058289045628156,-0.1932676781432775
-1.8630022763144136,-1.2943771280068974,-0.7356414491939801,0.13036291903478708
-0.18726177095043425,0.14076749916796394,0.2003548849127382,0.4164246785372354
-0.990174583257096,-1.598462652841143,-0.5732530966434404,-0.6724525154104725
-2.1243655270164683,-1.9960787063231236,-0.8713868498666917,-0.301995907052423
-0.5246297754223288,0.850915192048626,-0.5206940194294895,0.08053845437087429
-1.1341430963771235,-0.8706058913875215,-0.8963917110054977,-1.5972861300744956
-1.054640310177273,-0.4444206300479851,-0.16262182073275702,0.34948802196000595
-0.3910868381674616,-0.7019384383132642,-0.4922454669009757,0.20408893412388812
-0.7069073349221924,-0.25034338506725906,-0.6155416626130268,-1.0597306764786187
-1.251867929161686,-1.099800978797092,-1.0142861470191742,-0.22578211225191708
-1.3413164854895174,-0.5246366143756998,-0.4020212663219108,-0.43659981951033605
-2.1629705726714,-1.812830168467568,-2.533127672738289,-1.9084330684919482
-1.6473860951320927,-0.8187841541319735,-0.9320552926472269,-0.10648716016360474
-1.1371129367339596,-0.08403037395214663,0.9940394697578254,0.6759573519467303
-0.6366562119982416,0.7347771716696261,1.11959107530851,-0.3114082418019991
-0.6553811493982764,-0.6007765319022204,-1.029964117590062,-1.4294584399315022
0.8513679808829567,0.12017267881850173,0.2589574194208011,0.7779389629017085
-0.11057375327520846,0.1799800968380768,1.4888474315964122,0.1894788904611503
0.3373323233909244,-0.12284430083340293,-0.31871838084492654,0.8046962813222569
-1.6446296418504236,0.10334702725959287,-0.07876576244878965,0.7713818775763027
-2.0131385581982566,-1.487597127084353,-0.31817477665118704,-0.23934309715747887
-2.496132798999783,-1.8625728202423266,-1.4697400030714405,0.4450544282687475
-0.27610704405209374,-0.5087369653245561,-0.7775846535741759,-0.4649963248444339
-0.3501560537766883,0.11414650534676204,-0.8447695134884099,1.0977895245825906
-2.243967130100466,-1.3392216946871527,-1.3746372692607765,-1.8807571952715108
-1.0094507427185526,-1.151046026777222,-1.0330939820572882,-1.5233651463464497
-1.02013209661515,-0.6642104704217426,-1.0819519794499965,-0.42599349624463356
-1.5610170197064268,-0.2702115866485708,-0.10070172453967503,-0.6355610870646295
-0.4151102481849459,-0.4526289148340175,-0.5819259827192566,0.49919214285182323
0.1496857392040989,-0.32160228328202795,0.033755836161109484,0.08176656939423577
-1.354023328110274,-1.518349714443037,-1.6280276877964888,-0.5299212463973819
0.3096967128094761,0.4053335734305877,0.29630830393492674,0.17972786958293432
-0.8794713707974631,-1.0718974095176697,-0.9983413312190357,-1.2764679939114303
-0.14293715271466104,-0.03632408281583007,-0.027026631240035418,0.24524771050894
-0.029945888385503466,0.09878046998169404,0.11717259979885726,0.14582028666746383
-0.10025899298115006,0.07750701997255154,-0.14686457671617192,0.033773340080725404
-0.41946736106024823,-0.3295045215437169,-0.23371197462915275,-0.13828115371645747
0.044232848273083235,-0.029617729293527014,0.0177198603223827,-0.024890053181201858
-0.013065099599110933,-0.022929918935715835,0.07523966621052758,0.08265776269064795
0.012274000057335076,0.01977236439888748,0.0071877429302719155,0.025548062448972477
0.11451827372109272,0.12762606806003032,0.07179935627415102,0.10191931060671817
0.13337768556915375,0.024207408546073155,0.22208970224411972,0.18116967228615832
0.14726604971631044,0.16241564339936534,0.2860422316532972,0.5459123741430391
0.5145058210074749,0.463581303170762,0.7291054137907605,0.7068409303279675
0.08895816776847883,-0.023788462941916014,-0.6671504799501001,-0.6060650053894601
0.1093800187430202,-0.025709440320335356,-0.16022741001442653,0.26427476675091044
0.46545902881971235,0.23662799845851354,0.488250585480781,0.28366961272917274
1.1097037973805672,0.7162047073356613,0.8822414128939212,0.5041812804844729
-0.27197779442517567,-0.40332684881585107,0.09778787636113545,0.5537842054460641
0.7280835608769282,0.512266689216411,1.264665559635688,0.37021377049848275
-0.5760263545904571,-0.6528591875379897,-1.0606172332533812,-1.0634942508443133
-0.8251816219310802,-1.3906381014424471,-1.121861740827251,-0.3144313503416334
-0.271662732934444,0.507083933315866,0.7443058748332447,1.0781956492960376
0.4366716085246644,0.6657945073026146,0.19895222034686963,0.5244499425637614
1.8593447245236192,1.8516231869207729,1.166183887718396,-0.617207152433085
1.3700930534714255,0.7824466754261622,0.6450675236287894,-0.49512572799118476
0.4577186835210803,0.8701388097499386,1.4011750314658589,1.3072064458246309
2.074008713688005,1.3852928203126762,1.3283711545725099,1.8738424665139233
0.6270665281367385,-0.4461780140710142,0.35476527293400945,0.5039625882912733
0.9284254149107465,0.537655401043347,0.1792850327379264,0.49390858756847555
0.1309790284820459,0.9124356952039198,-0.0009312060707641357,1.2187918304729017
0.35315002014271674,2.420734354534941,1.264572652528853,0.6265422889569775
2.4555040036401317,1.8655814103814583,1.2835887279977078,1.2173009344325745
1.4215460287536854,0.5328128631509461,1.6859901923191993,1.6150286176842652
0.3377222344534122,-0.15864024517822514,-0.03150338528861653,-0.448764526766383
1.6861432298562928,1.1125241988982493,0.4000566242083878,0.8385973673229185
1.1354159068400835,1.6536571877227915,0.7034350149446696,2.2186466766540094
2.312648935968598,1.3733496622408061,1.2972868839629998,-0.17451159763817597
2.855763716933194,2.5783208346680566,1.3279600521320523,-0.9280754829988015
0.5828098685316244,0.10224871554340814,0.7665726766151909,0.44363993531626383
2.111156163600967,1.588450253492657,2.662714369507767,2.466553387016375
0.3386696821375158,0.671142598808052,0.5760210742405202,1.2332719391638758
0.4786083858602007,0.6379669261074267,0.6020082861604309,-0.033937124767979644
0.011738256478680648,-0.8806749610942363,-0.46492637765855027,-0.19287720610322198
1.1251307190792996,1.471764935324098,0.8649432739136937,-0.23106181561353403
2.2795958950590185,2.3392967674452367,0.7688494478832929,1.2131882148614133
1.0831469047662041,1.2751665926424085,0.057294718256798945,0.46872725989139413
1.6618943987746384,0.8555870372650504,1.2394075030465945,1.4609866953586634
0.922536693992634,0.879614831535228,0.5964563751671722,-1.0193562316042333
0.1425255776886528,-0.11667066380980419,-0.12490887316862057,-0.407318580351966
0.6374133978751045,0.424262648776296,0.0209384141122669,0.05425549379869455
0.7634699083113194,0.5401056972207287,-0.012732666565882981,0.12075880682865257
-0.05607128594834144,-0.18172246250353016,-0.3764517733871717,-0.879718879868969
0.5672238610481772,0.08760048795818644,0.2695041466960856,-0.34317399605014026
0.8793201405445074,0.6598887780470124,0.37274849583666053,0.18058240467427641
0.31797564330643296,0.565856830091917,0.2742764781918933,0.5001898709247556
0.11435938095863864,0.1957087253622191,0.139223907307142,0.04938627109531612
0.10795178240634214,0.03174543220775878,-0.08963435120780544,-0.08650873573630437
0.00016716177895245772,0.003423602033506352,0.004050027382793722,0.009502864712703828
0.0061687326525025855,0.006792906183615793,-0.008808631782772906,-0.007950283812571011
-0.017823604525185475,-0.0664762604814354,-0.018463063454811593,0.07944735589842726
-0.08138215751088922,-0.022724826228860684,0.1252585120651936,0.21210872750104162
-0.11778725694914619,-0.08769520818556682,0.10715120311282526,0.11555838650700093
-0.10750566750870601,-0.13675710232913343,-0.3637505245791857,-0.1449697164345631
0.4514537566504501,0.501119511464706,0.2701507530359913,-0.03789873981986944
-0.20996676131570946,0.1561130371933935,0.112945525860331,0.29224886111749077
-1.054283005370216,-0.7672569050725342,-0.4378771605266467,-0.6299050193150231
0.21909680709586904,-0.1926227823931642,-0.49755522323016343,-0.08299716294596726
-1.2576374784183597,-0.8634313857073148,-0.7828642609811994,-1.5314092900116028
-0.3176172960104106,0.3091024004799816,-0.2241386318001885,0.029320693341106305
-0.06404085596695228,0.08365343573230284,-0.06982694106782826,-0.10959281851107043
-0.8365356672387146,-1.1137044285984723,-1.6697622249917643,-1.202128353276134
-0.5702293503978092,0.4110153516316587,0.15906482898198895,0.4545528485263891
-0.5932369213339563,-0.9627201784328488,-1.1970149708780675,-0.009840275069107283
-0.09963642482111791,0.2251867181950354,0.9774606311706101,0.6955197798160075
-0.3744861444209791,-0.15647470866042534,-0.4867114952615581,-0.7940851003641347
1.0984568220891155,1.4771163674924415,-0.3883678467130275,-0.14520920946079938
-2.0592054945597202,-2.577003513829642,-1.432642273755207,-0.3937852726905384
-1.2766650559157404,-0.7525829949823287,0.4985446454487557,1.526569257433107
-1.5583221869870207,-0.7164492176479319,0.33403136609325196,0.3695680186478201
-0.6668546524012786,0.31051683089552207,-1.7066056143010304,-1.8199816543994458
-0.9785991420368483,-1.5952951343508355,0.04507584604019912,0.013498119750885313
-3.1466957016883716,-1.934936439148352,-1.8495467796989558,-0.4740658160992715
0.7178888505242217,2.0351997619477955,1.9318379908518304,1.2444696998500286
-1.1818747601805422,-0.8472044914978464,-0.8938853201766841,-0.6024817421755316
-0.5820405764609438,-0.06790198057274544,0.5497252943478759,-0.7838536993055453
-3.14132602862209,-3.0224392046840394,-2.107836258607857,-2.1613994449818024
0.5469368033014145,0.8238592195149089,-0.2204881192705028,0.2774861958857282
0.6573683888872306,0.6112391727420368,1.1254590697547129,0.34945475826286393
-0.9474124122261047,-0.8132968880615434,-1.0129129043797107,-1.3127278166669025
1.145064269199126,0.8117264797561222,-0.03590928848888819,-0.5962147955290084
-1.410440620314547,-0.9481452300454977,0.007791020779343259,0.4817374809229677
-0.41826983165722936,-0.42742987198122717,0.11573349686023547,-0.03431454588721083
-0.7648826865193719,-1.3304683732130433,-0.879693563430971,-1.1958501189806354
-3.4170052510632414,-2.570518756889561,-2.715763233126299,-1.9539440174803882
-1.2562300565134665,0.12334624695204002,-0.4705088489628864,0.25060279766495774
0.5545640477109427,0.3058208705386638,0.09146693244802796,0.2340527500045163
-1.8006879541699734,-0.7670886810603704,-0.7799362455660005,-0.48359236298223235
0.07118942914080247,0.3952280422752813,0.28106647769421333,-0.19318979747251436
-0.6075116284603074,-0.05936611647094812,-0.40656612037715717,-0.033178094377767836
-0.6983648332366647,-0.7138170602205826,-1.0612070947697312,-0.21869355681330624
-0.12934111338935075,0.09849145911172126,0.24148141211913593,0.12023981273441
-0.4840692100551678,-0.5311227484998671,-0.43572213510408664,0.11569878633996616
0.06903343426070521,0.294069649139403,0.07384469474321693,-0.09740215047787758
-0.21687355903597605,-0.025913663637949922,-0.23939375457080997,-0.048676830787334
-0.2364088506219056,-0.40831689931217696,0.14893671605134298,-0.14300048228468945
-0.030709504395137095,-0.054996238941959014,-0.2756916373981954,-0.3205789823413564
-0.15851785549434816,-0.15161773377487028,-0.06967582906502101,0.04435615530641157
-0.03927852442189964,0.006286557347274188,-0.05404984320890023,0.021763552587097695
0.01185250105482387,0.0047838342756252265,0.009493523255831492,-1.315791499684152e-05
0.15109742303419046,0.21186753227410315,0.15088092196542452,0.1096499585623371
0.3288647780770402,0.2997337672343281,0.30811824050565473,-0.020113917582049196
0.3332133481620095,0.38872175329492736,0.35784675874984156,0.31383104173559434
0.7497450707175775,0.34455082813215887,0.07997002844627377,0.047023663627141825
-0.6003270892353797,0.005066558087915029,0.021335331034972222,0.35844560975752915
0.1756992427439268,0.14469700260102575,0.3630816451691341,0.4262118616106501
0.38121463909885905,0.6361134503161331,-0.1261748601249199,0.09165342743148573
0.4407182421290146,0.6274422008311843,-0.09476434644900694,-0.010815371133568766
0.95067850973723,0.43990365143499005,0.2452122004401717,0.37642744729031147
0.3030083652184935,-0.09982793868170405,-0.07410318365065621,0.2636110270535348
0.08313175777761775,-0.022346462962283715,0.10256819549139272,0.2120234807977824
1.3598136737724391,1.1689477065155471,2.020680497360806,1.7885881651057873
0.030891597497563858,0.6067334895589765,-0.3621378706482115,-0.8589631244371143
0.6180738464758087,1.4876108857490788,0.030238181538426445,0.20227248707957446
-0.8315459086183615,-0.39400385433844637,-0.8704007646699796,-0.9265640612297118
0.5545434331799123,0.6015266709989244,1.0815838767411148,0.5488484044643029
0.5173010287981209,0.37062289680091576,0.030670122347227755,1.1676138558215765
0.149304142738856,-0.2806607845886241,0.4603448792664067,-0.5094320717871519
1.5088050840444267,1.8166181084967574,1.34022939795309,1.1501524342441092
1.9803773882111546,1.8654879296802536,1.5077562338311359,-0.4851459538968223
-0.9428037795147631,-0.3322853961652307,0.1973496673480217,-0.15465630131778746
0.8400180287224431,-0.14788185648347213,-1.2053511929952887,0.6886218438574491
1.1026320848725855,0.842847391104265,1.5281455051806525,1.4082270402619845
0.911661563361141,1.4961276855262018,1.2881050853156084,1.882712989199688
1.2382939959339625,1.2992798952152675,1.13326669651268,1.340265267187344
-1.432656767366573,-0.25433766326157853,1.479512896052385,1.6668088910819812
1.606826060957323,1.103132269477992,1.6907971989370565,1.8742160191005197
-0.4368905650667129,0.3886895262562593,0.48126004654073484,1.78022067048604
2.7340114698041558,1.4240291146993704,1.227859551133285,0.15558178923203472
0.3969366978016059,0.27062381222795534,-0.09699839942780106,0.15299085175406946
0.6575259210800938,0.7154551907667941,0.3540136576675451,-0.6877055092569142
1.16180701796393,1.838872141935675,2.7118873000042747,0.6995712899490392
-0.2788779913307771,-0.5693034490972932,-1.5870329844671913,-1.9520636268809346
-0.15581272550222225,0.4919050691582775,0.930784177609511,1.271933479153442
1.4706454731403582,0.9408328168910641,1.107817576303243,0.24051508471667643
0.999816802027493,0.30840813014481916,0.8440983141531202,1.2217019075183753
1.8228786656359,1.5520680875314588,0.3939005930487902,0.3204385668193433
1.0783372902946742,1.3153366586533464,0.7322867013522735,-0.2521846552323926
0.15962901938554436,0.6837035213625586,-0.1265647093689577,0.4484022243750587
1.1366998645121091,0.878587830038768,0.8607331651945092,0.11368076667626478
0.23957151787670272,0.007555307613446276,0.08503446958753993,-0.7161791037399236
0.8200585359989075,0.8261848279682434,0.9176634944430793,0.742010300741515
-0.10506050598596473,0.4485843452036017,0.6590746833439787,0.7258765428578238
0.2680826304437308,0.26645258315269765,0.06824897121390636,-0.1738645545699258
0.21094921425932878,-0.0368192969276872,-0.11531137674824647,-0.12691973633596776
0.3119946455014457,0.2935924207580557,0.13398765293172207,0.11480034118771727
0.1548835278451236,0.13058199067544463,0.07715630494907094,-0.14635885217783492
0.27099089976720586,0.13818684733509756,0.22753455391782193,0.17311532685888414
-0.024280411554104125,0.004363906762552018,-0.030773530556209423,-0.04039586844013505
-0.021667948189989666,-0.01744475343535854,-0.010763081140210917,-0.006110777734138886
-0.1727149402757411,-0.17221957342264313,-0.038551372097385475,-0.0027680639087153164
-0.4034488739856678,-0.39596181948682596,-0.3042243188511826,-0.09344705436048263
-0.3133894168638708,-0.11090070722414151,-0.3353047657985745,0.08226679766927153
0.005590396721372605,0.07720950157569618,-0.06196851434816313,-0.10711940928700188
-0.3850494297120675,-0.48354595156138097,-0.14479651809415145,-0.34420599864277795
-1.1694177072548164,-0.8267936420875228,-0.7321290255567436,-0.5452886203594639
-0.19022104180416638,0.17990518035897202,-0.464171561443137,-0.5237222618234302
-0.06747238579679242,-0.07700843606740199,-0.1519465571073487,-0.38815032657184184
-0.8815173662594421,-0.9087853759745741,-0.3541034955331978,-0.7996550016618543
-0.45355726585874817,-0.32581443227820855,1.1090947562775642,1.5700679511719566
-2.0882904386562777,-1.7722023482379616,-1.2771990296325313,-0.3188504270656823
0.13802883213678657,0.14823014675578924,0.4116518218002688,0.12583274017845097
-2.0640289660731086,-1.3013632763115142,-0.630646817988757,-0.6200359744496166
-1.9990065998511481,-1.1172656257792812,-0.7798698134496472,-0.5879285742627011
-1.5847522365612954,-0.7729462390875586,-0.6258776554175319,-0.9861275717291627
0.8475159515730218,1.2530865686176689,0.874091747743705,0.4084488949318449
-1.4255688955561165,-1.1381587445842867,-1.0129118759440243,-0.015331122143172867
-1.981500672637174,-2.647057797045229,-0.9744225370983031,-0.48928868859023994
-2.578877612938071,-2.523863060986134,-3.0197109869144168,-1.205068261339067
-1.422042592832102,-0.9609215384904517,-0.48348122168354624,-0.5223928695315457
-0.6503750261040097,-0.9780316980549987,-1.4887372949156534,-0.6389844853596969
-1.431763288075784,-0.6186280002006509,-0.07858934811208478,0.20705119361632038
-1.7503967760535954,-1.1610424293741315,-0.7437553460921047,-1.1467115335719797
-2.8951755403472044,-1.985269242562132,0.7056232836308929,-0.3010075364501852
0.45573705112877777,0.6300306541547767,0.6398905045900372,1.1458297867488172
-0.5898038682114293,-0.3023368534742109,-2.0418428797885495,-2.2005666635111334
-0.5005546927508068,-2.0672176909969067,-1.9140031936754192,-0.7615337212225836
-0.6000014899647163,-0.5870686199412948,-0.0728888454290928,-0.8857841558414775
0.42661268394861745,0.5913804197596121,1.7584586816252523,-0.019148123756912907
0.705644829773749,0.46945721227755505,-0.28831186616173354,-0.59994204189363
-0.5913020756650459,-0.40333078465953304,-1.2447717349371754,-0.5804537477402474
-0.7457638769650715,-1.379967077575941,-2.6842206512092126,-2.1232752014641885
-0.9323808988517727,-0.18644145443414237,-0.47883877121572127,-0.6659114078245413
-0.38218087932621286,-0.25061418787201417,-1.177420768266372,-1.8919459267815724
-0.010513715760410927,-0.5525108001437607,-0.23119392862949348,0.1966516130407743
-0.49814260141025146,0.20454831133681906,0.2902496008123267,0.5080719493284871
-0.49022394658728374,-1.0058856361110673,0.43660123837982556,0.9125777174608904
-0.9894336470779279,-1.2068675673371725,-1.7550753203314524,-1.3193238592959127
-0.0645613660169344,0.2605577964877013,0.5284932202934652,0.16683942495659776
-0.7514515705199896,-1.1555628054029636,-1.498182066266597,-1.1048085338481548
-0.11572637528334509,0.2870304154613215,-0.4260509973176516,-0.6903051640919761
0.053261769037476495,0.19968466619533898,0.3019812965225086,-0.12136500042446102
-1.1403660691070354,-0.6024491920748453,-0.20442154640967652,-0.060760261823796166
-1.13833762394627,-0.7861368340435362,-0.8414050215994002,-0.7579008320461799
-0.0016074839665320918,-0.13510585218869245,0.22601888551552152,0.2520964335711683
0.010075924447248962,-0.045641262584780795,0.03928317258966694,-0.18231266197919074
-0.12430015960327152,-0.12644912757676205,0.029984053435494342,-0.04886527024291148
-0.17632242603325882,-0.13588413921245363,-0.21480972152777983,-0.06247155681819073
-0.07826692527569766,-0.09465547796975508,-0.13526722417139891,-0.09562114232179103
0.01215228485558962,0.005323122480163762,0.013513180184055661,0.007776519959589534
0.050416693265529194,0.004654716768813964,0.02101168621841852,0.0679176067029729
0.31067529789681525,-0.012789280961212316,0.18142102144380917,0.08091432771758483
0.31006573251770003,0.19900093522701384,0.41574786945455094,0.1486247515251207
0.4387719070815407,0.34968238706592386,-0.14739951878326013,-0.06228246642462943
0.5438405898703399,0.34583410426988836,0.3853896393045864,0.490766658094147
-0.39711832888188986,-0.41957153363819866,-0.6178040099281273,-0.9159891520498018
1.1320827260049915,0.8995904717660397,1.0182205666553557,0.4209616214153112
0.22326243685515737,0.03531840924628883,0.1414739854436534,-0.6447788155006035
1.103665528134619,0.5566804918811469,1.2883720501917724,0.5184573051072592
1.6546223085696932,1.5769913597360834,1.3003594724403424,1.173704695525281
-0.23568867781477026,0.2907084191526917,-0.5922677538313236,0.43190575876320986
0.8544507001987185,0.7957400070781583,1.5661980335252286,0.9916139301039972
0.9196495119927385,0.6767770908098796,0.6934645937560816,-0.143768140263529
-0.9134952999710007,-1.2348430081069142,0.2742610742291857,0.3110059814327502
-0.1073220895861103,-0.10077278195751078,-0.7650248717372864,-0.3733546742092293
0.7403370284732093,0.09034176621419715,-0.6259355920244356,-0.2781599450842586
1.271164324612831,0.1130026871546644,0.9404358988720463,0.1554376287472729
0.8155584571963579,0.15021199556972534,0.1305095342595496,0.5401984836271759
-0.2962310057132646,-0.5778442843130184,1.6455699704539362,2.8122626802325987
-0.22436321829711192,0.5184924172319629,0.19117228192767927,0.5756286414912868
0.5526601807282161,0.43258696624983295,-0.762903703126091,-0.6955647701449711
1.1826192416542918,0.723542644467378,1.0538633963195836,0.5485752336806489
-0.762057350291246,-0.08830141613983278,-0.5043670033441776,-0.7428052997838508
-0.836357529217444,-0.3417674761013262,0.27807457398634294,0.409969118355576
-0.47248321983265856,-0.05872645608226608,-0.13437372867446756,0.6690000950810756
1.2694122949775075,1.325209829681092,1.9582359040598012,0.6427387292049949
1.4531512082577136,0.668001144010978,1.7291677222674589,1.3397800292161746
0.9961963778865071,1.321027816347505,1.128125441486433,-0.02602043510012274
2.4638258937517614,1.404456260100189,0.7827966716244757,0.24792318937336436
1.744623312363622,1.4036746262964819,0.32211752418481426,-0.40310326189121987
-0.40178058153562957,-1.546419732829792,-0.6527108449333863,0.46431282231953425
0.4654000876120092,0.5462931637819318,0.7203298824955437,-0.4018737068683658
1.5430005498075234,0.5289422619091702,0.9791138448924852,0.5531248868208194
-0.9390927486328622,-0.980624131072667,-1.56366557652503,-1.6142619340852815
0.2185249675861832,0.26387688670456017,-0.20404357957194832,0.1448504313998597
0.01140645302896232,0.193560344243156,0.8063640992133825,0.14665478251564695
0.7386905471201609,0.5614877193557145,-0.35962610520693744,-0.717623489090857
-0.041951291417267,-0.0888755220795628,0.10273460808768713,0.17310161027135487
2.187753737897293,1.3000847300053153,0.14063732232199966,0.03875726377748354
0.1532739371497912,0.06992889201021996,-0.6970171090335504,-0.3835241272543279
-0.03148688571811617,-0.5599685059118998,0.2562874606807074,-0.7651653146973517
0.4576807003672205,0.26051256216252794,-0.008393066746648295,-0.5200038121816996
0.49258159344511665,0.5838624582684485,0.4025899946440074,0.034935167654666394
-0.023683834805775676,-0.28018514069635686,0.00952090579542147,0.12538968922834093
0.32494232876799406,0.7011545422169425,0.12905790792587846,0.01060599288272542
0.2454129473048539,0.10543910180076344,0.11982387488665529,0.04376016399745734
0.31937942842131806,0.17641949890925857,0.06799856556896627,-0.053630441971220535
0.13357379538947212,0.20694584758818302,0.16700836697324262,0.15091728191835777
0.12170004368986502,0.06331268851973898,0.10404207243991376,0.07573361484549387
-0.016891040663145052,-0.016456329504786663,-0.014905571961602814,-0.020471624813737984
-0.023883838695357075,-0.0971004775206407,-0.07108728510188198,-0.05599667460052475
0.18166278822199788,0.19195659450787173,-0.0078727483147896,-0.0336000270889368
-0.12291126133656947,-0.11307899555291162,-0.12569132902695562,-0.10020393010120549
-0.26238087419614076,-0.27449540127957145,-0.31241915315870994,-0.39504085763424684
-0.29947906795200896,-0.22037883802764402,0.13045689350369732,0.13028572954522502
-0.33455929712491944,-0.12092518758979816,0.23276157636238332,0.38021088980255174
-0.03656773683638217,-0.19845915086043026,-0.29622608293597685,-0.457908253138277
-0.2681261147293731,0.06317872604619985,-0.14104650625223283,-0.01611414479302052
-0.2884923136484819,-0.023142660613455324,0.030881521892347694,-0.014221486293539379
-0.506966896638008,-0.33333781163518394,-0.6489088567747694,-0.3089097703367333
-0.35683543563272063,0.013629338342937737,1.0330817250896687,0.8926818757535483
-0.8226535131574135,-0.7872965278245757,-1.4300936957093184,-0.30994668142376186
-0.9939789682177117,-0.30413054891188207,0.1506362699642772,-0.07761096103026892
-1.3562746826647258,-1.3371462554786453,-0.6102002627997964,-2.1064517005360344
0.18208811680761047,0.927471468286097,1.394081809024935,0.5981364663695107
-0.443371561606538,-0.9228022283539736,-1.3565303144865772,-0.9409738645226372
-1.3920173689545563,-2.367828997469316,-1.5815830876920192,-0.28387171333647165
1.852325148540233,1.9643498576162064,0.4091895380783338,1.7927402245964033
-1.5029708148193421,-1.4663485150009583,-0.6968712652427862,-0.7520553013076933
-1.71331965440818,-1.7532973854932208,-2.207807786232591,-1.0471313303312635
-1.3908243563756684,-0.2972307475965882,-0.8800184955480042,0.3667860681127777
-0.07765748653760216,-0.5281452468225789,-0.1629462352610876,-0.10557630595060175
-1.840572506529593,-1.2915192642267859,-1.2467404258804604,-2.466766166420805
-0.1718454105447168,0.5531488120936063,0.9802829134371656,0.06822245436993182
-1.9047131173380198,-1.2977463312941904,-2.489325776613053,-2.0369368024823697
-0.1314016409196609,0.28562128050685864,0.2767051876893316,0.3816262052927449
-0.5681776047202318,-0.5911398875448813,0.23364739238896806,0.734200790054886
-1.4585548589852566,-1.1628660550166994,-0.46487977240892936,-0.31189301214814086
-0.9173996285562352,-0.9917123121780999,-0.6590804818457903,-1.06250588746646
-0.3235280913070255,-0.4885784318476307,1.4168463739042345,0.8227162804686676
-1.5158278197726345,-1.2483036465062787,-0.2925321894748122,-0.4952264510429505
0.40829468478596653,-0.37385310412583905,-0.848708774069391,-0.833671506567733
-1.4093130045619302,-1.5054958808848877,-0.1431061421477714,0.22334227210124855
-3.266502757960767,-2.9490278083454067,-1.9380747578913604,-0.012194565739026718
-2.245301233518353,-2.2258126678075447,-1.2890572717090671,-1.6722677891962034
0.13359938977820718,-0.2679057462962817,-0.7033526654820755,-0.26941009116353404
-0.09364649939057443,-0.20140844457199392,0.6228593417834126,-0.1031154494639869
0.160908310052789,-0.8107758675169835,-1.108429931823139,-0.7183149315975071
-1.392917794030815,-0.9450697777239818,0.0033866623693328828,0.5966395826446538
-1.2910627518387885,-1.2678432549751824,-0.1426364297001713,-0.04570247579401862
-0.6251178546888834,-0.5190677899522748,-0.8709832906771026,-0.40194536408221515
-0.7136873274632727,-0.8332831107577882,-0.5374628882441659,0.23794351377779124
-0.4853897412340075,-0.5331952389148741,-0.553177582670015,-0.48350320341749764
-0.9356943992029969,-0.4873457218847424,-0.49244478792097574,-0.21860865089132123
-0.29206270832769005,-0.6058242321993714,-0.41134612866682435,-0.42251363649584517
-0.10665946419811884,-0.03961539667674321,-0.1853039470276541,-0.16136214746801597
-0.15444951926046016,-0.12531675331276748,-0.10487555229520583,0.09981412787673302
0.043023352261430226,-0.048509206499855156,0.17533724995522013,0.12424251412372705
0.0237446652603442,-0.04398616033572649,-0.05347711729623332,-0.009824383771893624
0.007502692124912557,0.011024634756336771,0.008418247541980693,0.010037040470734683
-0.012709445132220278,0.028920634387791744,-0.05757980795728543,-0.06696994686569924
0.23322819820775548,0.21959713170719802,0.053223215791133184,0.010236711842875725
0.14806424622389253,0.26332074721737597,0.09256250498535833,0.1291605745192617
0.1757505340100136,0.38418707650627937,0.5769522587982515,0.19310572884423988
1.0061639631930908,0.7608020928907536,0.7097020727959978,0.9677557686364493
1.365205689124108,1.3328956902981963,1.1000195651235398,1.1737794007710285
0.871233545030017,1.196680043394935,0.7386606241427934,0.7244102730612719
-0.12162786378665337,0.2501847249165392,-0.5682461431937016,-0.48352607552964844
0.509587974866614,1.2956405086619214,1.1922631244280728,1.332403068891109
0.5954595730151351,0.732458548867165,0.12123014413700188,0.6671515360333258
0.5863046800915103,0.021557309075634266,-0.4292760990987844,-0.38061911902832524
1.7689719231941696,1.09598399353225,0.9438842149817382,1.1084449048331588
0.763556895682771,0.8438307357921154,0.6487251115690894,0.8707285985271707
0.8097615320022237,0.23457666941367256,0.6039164731656815,0.35546658858294244
0.7434607759458456,0.8950099880846992,-0.1618648033020605,0.5765102015890675
1.1502988557300227,1.6134750358910532,1.4493159793122152,0.5311432215562898
0.42406952556947175,0.7510265705853152,0.8829519638208018,0.2778018990392568
1.202971802185073,1.0085235308782423,0.5280406220371588,1.8051098138447328
1.1469547719535005,1.6092333721482956,0.3099477374372363,-0.3251006723731865
1.9027202187122794,1.9882173433035732,0.535798543509848,0.34486943381145274
2.551543931120348,2.022270749412919,1.0032447724367948,1.8573173940021772
0.2789009086290319,0.4984370586453862,-0.07885738739955639,0.731968011111202
0.10282222233092325,1.5583803182156268,0.6513837654194797,0.7881494252521153
0.5545649861429798,0.27417390099491645,-0.6158530795639822,-1.2845732978796887
3.16877970111077,2.029479971465006,2.8441904798475983,2.6719182604727325
0.7089543107446754,1.3427315845804937,2.156276116063078,2.479506562843804
0.9642970750143317,-0.6291532780728527,-0.6975628871502392,-0.3697882028154663
1.8954224261473138,1.7799850130143016,2.1502302044767614,2.670776365941935
1.9471292209816387,1.7499296986244115,1.225997749014673,0.9534137906764923
-0.5375377230001124,-0.6005253990922187,0.16002806269423536,0.17930334274172194
1.7247668027716365,1.020194372271721,0.9351920740737537,-0.18071274578991156
1.0461281650626233,1.1278280479838703,0.46113279555651926,0.40064388773387233
1.6805983708739172,1.0420501367787034,-0.7145053884767325,-0.41133152054613775
1.8021474340370103,1.6206505603923662,0.44548012146918536,0.9871707198641332
1.1635356348615862,0.7497431475986117,0.689886848218598,1.4054387674334652
-0.326165204425976,0.2931683354217338,-0.16302053434880862,-0.4114491747208351
0.4278769362365052,0.13317626315952946,0.5614155117016049,0.29490861073298724
0.42191974358132855,0.3710688114416539,1.295137350822647,0.958513455608658
0.3028593269413167,0.006213062753769841,0.63443993045444,0.48535669502883877
0.8444585197767881,0.7128359120834625,0.42792651563318596,-0.1683886462274933
1.8461915765736205,1.9245840258873301,0.921599697738102,-0.3854769283216432
0.5984714519138151,0.8604278160190778,0.4583735102268831,0.5608042571167482
0.05922018902775748,0.2694698882148199,0.1492462569562022,0.3554871443536775
0.1616875897375647,-0.04211658849687483,-0.3428683632162969,-0.6904223123512064
1.1063699487613405,1.1213120269791794,0.9721590555197287,0.7540190099304833
0.009259095358118865,0.11056982090184884,0.27215576436150396,0.24163568363201043
0.16833735185108567,0.07283465904855488,-0.005311361619784984,-0.15227354757773617
0.09164166323950391,0.13727641684173253,0.06676839155008152,0.04170332167014017
0.061174029172552984,0.05077465652182721,0.010571717989241796,-0.10193306985313472
-0.06457276967367215,-0.05588995799573254,-0.04311372697683896,-0.03269719150147349
-0.10942219712272937,-0.03567804650155417,-0.10956886219781845,-0.0574343062650403
-0.2466971966769456,-0.2859451601060425,-0.22136605664560027,-0.10661553014155087
-0.2279212876226439,-0.24139648073357184,-0.2764099931289206,-0.3469537980519454
0.2191170471981171,0.43863818839874774,-0.0037642468647429727,-0.17449459061607742
-0.8444776247218774,-0.8796586982985596,-0.6031479103686571,-0.2624151768318235
0.20251864907808434,-0.2035256791285848,0.14249746670887092,-0.07411275499235641
-0.9097353460464758,-0.298885637461641,-0.31528916849528243,-0.04260904002376261
-0.9878408733836133,-1.2912009255019152,-1.4251005399230656,-0.9408232422304018
0.09819759403024587,0.37306648332002673,-0.45769104071786426,0.08175965526752443
-0.2849922758731713,-0.6267064500493957,-0.147816902940297,-0.19209508602985165
-0.6433258790475549,-0.5098556946363617,-1.0919105497761905,-1.125061784053967
0.72127086952996,1.5507257368855754,1.801931702491969,1.6153323855347987
-1.1733485126885246,-1.8628459000978086,-1.8308638252200107,-1.7462832863910867
-0.13881810416641585,0.002700021689366404,0.45519589381785275,0.3461378311319081
-1.9077472540841938,-1.5160477823836032,-0.3408415042385997,0.19852926246413338
-2.4479121526438514,-1.962799775066201,-2.5322839428669344,-1.5670691866763364
-1.6819132767385743,-1.851558995332909,-0.29327463729882525,-0.804417335564685
-1.1593542043526313,-1.1378762488435958,-0.6563043125677415,-1.252700237614959
0.7394846056667418,0.6360956903571607,2.048765711313806,1.469532193710116
-2.5387338176123557,-0.5906220643691314,-0.923858914123882,0.4874178585885909
-2.478768478137268,-1.6399889333511137,-1.2569914957303996,-0.459791492138816
0.05050105704023349,-1.3501690927517325,-1.5341364567361304,-2.061695454966051
-1.0549278818756829,-1.2261268926060067,0.5461032555027181,1.796320261464358
0.6619662899254728,0.44295477217878304,1.3719380630871039,1.1812156323373484
0.36132510224666486,0.593559717701065,0.7811382050131157,0.11784619301351174
-0.388412344968008,-0.9967281342245854,1.07329106108005,0.23339736729658928
-0.7486320082388996,-2.1240604411370585,-0.6685769720269105,-1.3190935453331294
-0.0495187798558982,-0.5112548336008054,-0.9232035445657053,-0.4876125284377952
-1.756006843887294,-1.0779495818046478,-0.20015245326849707,-0.25155482673899643
-1.1994491882649794,-2.451133708924005,-3.1498924507029846,-2.011538215366035
-1.7351913387202913,-1.1799995433727364,0.039624459526886105,0.5902306270038453
-0.5428623256622532,-0.9696224729148228,-0.3762683623677358,-0.4635972250020956
-0.8692958492470123,-0.9150253480484601,-0.5260183194530292,0.4072520645727361
-0.9431508123545194,-0.9134925154616004,-1.6301745086866315,-1.5844744379206912
-0.7649875444512986,-0.2166412887667783,-1.3075136955696958,0.3737525053348018
-2.084760856972658,-2.1038208710771635,-1.5475315160285013,-1.3254050194077522
-1.098961253014921,-0.4253149130761755,0.6180011547229346,0.258367373598836
-0.3356888666918125,-0.6808284860143546,-0.5056324856171883,0.7144229536214849
-0.521539454820978,-0.20837549572262423,-0.48277286785325474,-0.7310872091907457
-0.5148901840900487,-0.1092132429229338,0.30158419766757805,-0.10128532922057451
-0.1525794353237887,-0.15028346975289722,0.04207428907442923,0.32590681466914595
-0.0513028824432518,0.3883403916778643,0.4469205661578814,0.3776232011538535
0.1473020770037132,0.15764102432048563,-0.46733999219840167,-0.7448270011901728
-0.5207661609606804,-0.6112813982084128,-0.8432618340326398,-0.608278944263052
-0.2129489546664275,-0.364111067870699,-0.10353852791179323,-0.03542459311250786
0.03536059701809717,-0.06315930778543467,-0.3703588003345969,-0.169964120030219
-0.1434690409142505,-0.1416293825788248,-0.29271019872337983,-0.258347413199161
0.06558905712821726,0.04512115711753678,0.11597370699708932,0.027427750848091823
-0.012987525467984581,-0.001984506288835597,-0.000676213089988792,0.028716106395945653
0.018035080976402166,0.012747898647728167,0.0035958665139075334,-0.00911074939927065
-0.08222692024599018,-0.13783487437991926,0.08647440311220729,0.019276969375272478
0.16982570164662683,0.22974567598601173,0.14059303935770098,0.1288258281634856
0.3964628947113297,0.38399310131486947,0.2358362749114946,0.2359722382372675
0.34275651416233366,0.19024649716507544,0.11865968187341165,0.144783193757243
0.5024139863975703,0.1984961010819617,-0.037642917481118046,-0.07024745705000976
0.24004251563126847,-0.01745619302931861,0.18097516605572786,-0.10878236812469375
1.0010524825107665,0.9334928236798498,0.8815473100779544,0.9828380659633866
0.9297143450032881,0.8277016829408778,0.38562079132537097,0.23917034273857096
0.45605229845835416,0.49269423043990423,0.19193464078024683,0.09727377658164196
1.6411741126547155,0.9467229443198106,0.502036251820403,0.09398562644776128
-0.17969025765372543,0.6727889316357296,0.5165570736970033,0.3966278268001387
1.3219121433672267,1.2251856494638569,0.3153090698576944,0.9058728199155384
0.9880807217964874,1.170673113341289,0.7989434946369534,1.3090004010146994
-0.0995284507387175,0.35330267940920307,-0.5706561015548397,-0.04139299018460903
0.618310581760355,0.2420252242668919,1.810303834659755,1.743566773344194
-0.3873441846120387,0.21427077807348827,-0.0028566981741054527,-0.20771868510905342
1.1254616073900103,1.8940757512963289,1.4760057349407052,1.4642363898518802
1.2089928108646506,0.8778612572741473,1.4478331818461856,0.9917222000352084
0.16605109417546834,-0.3314221673313103,1.8105196869860958,0.5230585385452604
1.3005448427766537,0.5981076149778051,1.6520001234581592,0.04306796903744462
-0.00014698919492704096,-0.9449997365872872,-1.0814814682014182,-1.5881160446095197
0.27302048969678044,-0.28242286999843763,0.8975161763306096,0.03934101567691192
0.7287660252612274,0.9353543264936741,0.4364771821511748,1.1339991374604796
1.1145265273325282,1.133247752288767,-1.024962581213173,-0.17637303002064647
-1.4223540370157963,-1.6446012576846338,-0.6532061251949146,-1.7042453411760659
2.0428256131519658,1.5996109386907686,2.3429187518401147,1.238109233229184
1.6076032701318412,1.7148160754760668,0.8678504036943764,0.46033551799680694
1.021474366297468,0.8298809458023353,0.05262652729949061,0.06495815543392629
2.095393067340618,2.36725930650349,0.6186817471737676,0.4521034092970423
1.5477859042243016,0.7098618543407208,0.5913863788884915,0.5535256817812501
1.7177139645260397,1.8518462126188087,2.1292282129473277,2.2308821320747896
0.4230424247415654,-0.6372637396681177,-0.31241692948535654,0.1911838364699492
0.829226680996037,0.9693979927462681,0.14508962877344872,-1.037656702989292
0.9397853731031625,0.9011690970780676,-0.3576423650949049,-1.016296286417874
0.5290448678870076,0.46413999113364784,0.8477210910050442,1.355497184391365
1.2115452248668273,1.4009445173933992,-0.11026567592949707,-0.6548844261795225
1.1296030149764154,0.59743001238998,0.4479792604208002,0.943482167114908
0.2745382108100508,0.26818409788153463,0.3332066530620718,-0.18415411822593655
1.2935186618422387,1.427195756994421,0.04476907686491602,-0.40612935290151964
0.8685376359712315,0.8497632064722389,0.6078433957522836,-0.023523052732950495
1.3662305632690777,1.5850292223631832,1.599052330197456,0.8919745893328664
-0.11829589369340401,-0.03932735862538154,0.22082326058684493,0.6498264888649514
0.49223473409927637,0.42271607004405626,-0.098430059750854,-0.24963413044373456
0.23452920265940647,0.20472823498418152,0.0017574295924430636,0.6071883412781821
0.17240288170897178,0.18815017398932476,-0.006354185432871415,0.3462808060313612
0.4349890940413826,0.12456683724135212,0.36167914068769064,-0.08386790870382048
0.29983715455478366,0.1377971980454747,0.341335710501293,0.09841074191067826
-0.04774763742875218,-0.10076322345868563,-0.12635097705466333,-0.11698362325511441
0.09492111918431029,0.08302847215809028,0.00949620963948435,0.01937900721200443
-0.006420469267577119,-0.013190329528610878,-0.02895002117175495,-0.004785069221693231
-0.05957746341764023,-0.09631277358931771,0.07522652408768614,0.02228111390697958
-0.35165401762195614,-0.401605547659143,-0.3862121397098616,-0.3922123077550092
-0.20270960229111512,-0.046102216352408194,-0.10831126279064138,-0.0684730296769208
-0.5365445803194054,-0.7547960585567814,-0.468602388131526,-0.21489669184134932
-0.5460644970050054,-0.6862604735173283,-0.2729681231431122,-0.20398740861032655
-0.023223284633375117,-0.11507111720761677,0.211034764291039,0.13317758397058502
-0.1675112863662035,0.04453883424836787,0.09670204611844585,-0.3381263218858744
-0.4060165753842503,0.23317817124010817,0.6973916719098016,0.5278374791106177
0.27319220476320283,0.5096712602437004,-0.06658996858729906,-0.01696755717778578
0.5348479332847879,0.5017450816106044,0.06655454852579626,0.3777502747438613
-0.09360765981292993,0.13195583996368696,-0.12710616614484987,-1.3796079141834168
-0.15071589716241315,-0.25003730897168586,-0.2025092672745588,-0.880733070565179
-0.5160839101739191,0.09421004323265658,-0.410150802312904,0.12629574203972452
-1.6185653674759741,-1.368699096979946,-0.29843004653769256,0.30653982169225286
1.7405271414067116,0.9687440104034372,0.6115689035887903,0.49832734734844114
-1.7142993230081551,-1.005645162523063,-0.2332707302098698,-0.3352410974097727
-0.4555703758568802,-1.1150745360568894,-0.2783940800498988,0.6234301379701418
-1.3238216230049533,-1.4507802261062397,-0.058116814698703646,0.1654652178495242
-1.3514147608873315,-0.24141737850769068,-0.5297806959719111,0.16290171085850513
-1.8603411789882733,-2.0029844914958357,-0.779150386027137,-1.598153819573218
-0.21997286460794713,-0.599457149404165,0.7752636928791067,0.06609696349079772
0.6806283612639987,0.8445237989827318,1.0020322540473374,1.2888015019290673
-0.26457451824126343,-0.5854657693990165,-0.09751563800545907,-0.1133936747536978
1.2611017154769477,2.139191584252677,0.9022557372825989,0.38701866067323887
0.571911719276311,0.5869267598348903,1.1824304347210588,-0.07892546212200295
0.21053628628441742,0.3422845630132285,1.066091094134562,1.3205158192126059
0.44063962838039533,0.8919044301977609,0.33341049025771285,0.03823626713316312
-1.4471440701279197,-1.8366163105791626,-2.050080944658865,-1.0823419712161422
-0.6826323513794833,-0.028015762034284665,-0.2547146686779931,0.31230025746872836
-1.157730531495746,-1.1767003876723818,-0.8374992648945128,-0.39694357679811987
-0.24343417536707723,-0.9794617143669125,-1.837710575957131,0.21688178534569874
-0.5778543453802534,-0.28253293034276844,-0.14185305859847042,-0.3486401214099449
-0.16541361434825017,0.30013689562478596,-0.35585168531815703,-1.6034727176142067
-0.7780836228947935,-0.034004714102525604,-0.9941942322978499,0.06023055059116792
-1.6935933003878798,-1.842651570622759,-0.5833911582151706,0.03365350336126086
0.6996740617815739,1.013052615995796,0.7250707950080646,0.46435400916686265
-1.5524232028084004,-1.8415368554730425,-1.9263778765872666,-1.2430740743272315
-0.030418837335528488,-0.36394816528737645,0.10983707097106304,-0.27417009882226057
-0.7058119474758194,-1.1384306531325656,-0.5501792733416527,-0.3365779065740424
0.2570235432547019,0.1887213099742222,0.181433507358392,-0.5107688190137112
-0.3348756493662276,-0.38997687326815633,-0.6189023954046481,-0.21882034277656406
-0.4547249858480396,-0.7297650024241975,-0.014343515579005773,-0.0035001190475714514
-0.8939471459341,-0.5254794340877506,-0.7126218324119774,-0.04004580651656613
-0.6228000145045864,-0.5175455611202366,-0.3485438215464686,0.15176389545413174
-0.6642282409515208,-0.41587768878583664,-0.43412939978307785,0.014309834747110494
-0.4910343517282354,-0.43074164533290377,-0.4298947568331616,-0.21756642201585422
-0.08379754901793741,0.03111399186399184,0.09259716368841275,-0.17506386625530732
-0.16289803749156553,-0.0065619763094079825,-0.03723992751065996,-0.09685240797222305
-0.06759268917527685,-0.0959099492931188,-0.05574753896810747,0.008286800966972508
0.0115502512511459,0.01783930208279231,0.02514999521003929,0.021534409346632786
-0.01700682310636398,-0.022516862996248214,0.04466800514832266,0.12550695208891324
0.12309391950504814,0.10632549309970081,-0.005598754720787727,-0.06532111003773108
0.24516271796142058,0.20052891139558984,0.08404041244764254,-0.03721101987868048
0.293912086246256,0.3008767764510859,0.2540877763415229,0.10331317182064205
0.4886574194237829,0.24137563826686392,-0.0040542906826678375,-0.25772298141525146
-0.13619140336047114,-0.13587263320306628,-0.05934992702847476,0.36488634470103826
0.07438555934141883,-0.13273265740470105,0.2034724118373383,0.40303006107552125
0.8812312901073653,0.7707864615964698,0.4856238903498001,-0.0292463845684474
0.22513843064389627,0.5278426646317499,1.100965713711447,0.6569561102829528
1.2114886643634202,0.950594888764347,0.5794819832360423,0.28532004565427016
0.18432925218594837,0.12294795604425522,0.21158701530226312,0.42680218668061265
1.1867090141733985,0.8509135952042531,1.1049063454400745,-0.17105095967681117
1.1321100146418428,0.9593739230490217,1.9789970903167862,2.129323669381618
1.2519695363241388,0.06681899910112692,-0.07455985310859246,0.5040464294335879
1.0961515513303717,0.044807769417276266,0.2198540762204452,0.17864521054990531
1.2442854269919261,0.4936535168531825,-0.03960666622894133,-0.7040671198181896
0.10040962631129882,0.2468369385294049,1.2448626687019642,0.789271978772087
2.1008025360290588,1.9293082391133234,2.20608615509472,1.5560367250218015
0.6625807164594189,0.35126645727784755,1.4092317759031225,1.103264158811592
2.419289179183282,2.3025668255870944,2.849638114073608,1.7865117804537654
-0.1884297149246507,-0.5830138485397682,-0.8676276675860413,-1.186040903382981
0.8020881097209146,0.9229215291160332,0.5772065248498366,0.7015615825247384
0.7868639949406949,1.880099430596054,1.1530914545033868,2.098025094207499
0.6898363598516145,0.658112470001327,-0.41194721409981205,0.16333855222398225
1.28413949329646,1.0378454663156742,0.24085582549174536,0.6540271262680634
1.280066065147079,0.38172029834606663,1.6150229692512168,0.9362661835382199
1.218221109771253,0.29467790136443783,-0.3792531437733212,-0.16629731293880004
1.197911029257833,1.2146682637987656,0.5935737130183714,0.42664267422168667
-0.6620964091165936,-0.621284759078127,-1.4237252255506982,-0.007194624726762352
0.013951582277355963,-0.5263948299203367,-1.310234288292954,-0.6781751158701234
2.2974979705443213,1.775572746149723,0.7891894425037183,1.1245857698745236
1.6836109949383808,1.60076675642482,1.1379147548085025,1.0392024006276321
0.36106218799609513,0.34632763016706736,0.9990758112415231,0.700102102747444
2.43694846650188,2.0353557579773534,0.7631428583866143,-0.3676046874276227
0.5707516165964885,0.2870411655270258,-1.0424537347880536,-1.3740402023821456
1.2926930654179618,1.2699746217886119,1.070283418298836,0.9624041868250285
0.9478949088804643,0.23049604238145374,0.22934501852728154,-0.19696616713219892
0.827698947908344,1.1868050859053378,0.9389650422297087,1.0194311949370574
1.0759851399720755,0.9890066700065832,1.3202186826496607,0.7259607841575635
0.33870037692454985,0.1566562542704565,0.21165813072631887,0.043300211431264515
-0.18600242590698357,-0.13128689565526874,0.1931535879457379,0.5248249922200313
0.4540193977221788,0.6421028699918199,-0.28876320153347856,-0.3655253979457431
0.9707283207683224,0.6445092506789603,0.4622529596520308,-0.09058661217083437
0.2510131865183474,0.1553069551873877,0.2172037431022725,0.005593095712058143
0.5100468754816855,0.5440607942013841,0.0923219516802947,-0.05780154079655166
0.5362685518244322,0.3320474277187919,0.008401983574788505,-0.064591145249191
-0.15751794674274622,-0.07115379275535623,-0.0031065990510321427,-0.15658503076878588
0.020229027079075326,0.03351600377246473,0.14586606669468308,0.18364721427333244
0.03550162202375258,0.030771347205910942,-0.06085643550605611,-0.05882278356702834
-0.019745592510333216,0.0015165070181004986,0.0008769674272359937,0.014037617415084056
-0.022809001489609237,-0.06387588600823502,-0.07348331497141726,-0.10039564198420285
-0.22973595230054367,-0.07410091756496058,-0.02748775337408161,0.09120079272761318
-0.6856508807420937,-0.5501887813126553,-0.5458862575457543,-0.4369882140814589
-0.4833637501266602,-0.5848654984354529,-0.5702816501973489,-0.5628217447123663
-0.5005188735745446,-0.49004383016984954,0.17971780437375728,0.13203944828670047
-0.4095617143709286,-0.520673439730691,-0.02999026484557889,-0.02988212321903034
-0.21293858332859572,-0.09431962465912432,-0.25570056657498086,-0.2692007845999054
0.04790897890351307,-0.034069301744116216,-0.2583942670375172,-0.3947252851552243
-0.8529207997975095,-0.6900484195673721,-0.2355315143487098,0.38588143619792065
-0.854482440152543,-0.07386738094188444,-0.37015362843525484,0.049838812112841774
-0.22305707040788675,-0.3175469821271972,-1.1943224506255201,-0.7431211964296152
-1.2969025233744598,-0.6450398212131098,-0.5039491620436355,0.11351927995299496
-0.9624308803450723,-0.38668855340166464,-0.11297062401773868,-0.8817230117722702
-0.7512033997006552,-1.0140481045776806,-0.1031681168653697,-0.8373072061281606
-1.0354979290033461,-0.5262604948099634,-0.7294637365342501,-0.2596967367481739
-0.3437686974296693,-0.3912189373173058,0.05383403207570196,-0.4987525172342097
-0.16547412219023117,0.3598310360415465,0.4604730942747934,1.248048393504003
-2.1430919837638656,-2.9422684595441475,-1.962249148180476,0.005369472439855359
-1.2045682443359593,-0.11745717743130485,-0.9248661378045819,-1.5659840713065716
-1.7522168053777345,-1.5125481607153404,-0.08442287428077883,0.4571483068856042
1.094933963721005,-0.08790277476585281,-0.17173238877527666,0.9184540454822959
-0.8070222367453445,-0.5759190535552079,-1.1798266456168887,-0.6254362980250718
-2.3671282914001144,-2.3079950322203238,-1.620951423919824,-0.05372867450592392
-1.5192088513134545,-1.2830167420816254,-2.165663855746267,-2.0324932911767717
-1.317739436812286,-1.9173406378810847,-0.7317268313112707,0.20680550353951072
-1.400188293713201,-1.6733397168400836,-1.8148608002611275,-1.0906265093717156
0.4071813253401308,0.21255279728815027,0.1827700443910079,1.513608682501788
0.26827183976323127,-0.05129027269995574,0.26800493400547915,0.15179183015076275
0.291128036499902,-0.10817539543823651,1.1249458680062177,1.1311680860921196
-1.852850555165159,-2.0701687657976064,-3.0383970820793724,-2.5069544043258642
-0.6422526284982356,-0.025773086694871817,-0.31758964302166937,0.23982578473119834
-0.29673163661862917,-1.1839797222812394,-0.08538563852458605,0.8877798501311498
-1.1167268040430733,-0.4551674961726724,0.21229833180277152,-0.4525722473849936
-1.2937982205947616,-1.352808515470286,-0.10328454748425289,-0.06694045843976267
-0.7903952073149978,-0.48630599373344424,-0.6295000860731965,-0.3448025706903289
-0.49324903605075376,-0.2983665993838147,-1.1181864764929372,-1.4037632049633715
-1.0630315403717374,-1.0603603828785237,-0.821415720696964,-0.2214486621370376
-0.4405037648591716,0.0030092770759075935,0.35074203409197835,0.39514926514544085
-0.3313881543586191,-0.7005089716387776,-0.36806536196679257,0.37809545885563284
-0.5786018116636177,-0.9091336407471694,-0.7329577960129052,-0.3771631984015984
-0.3388179076741729,0.1883016601933293,0.3088150654934462,-0.07601435308527241
-0.5078311390309543,-0.3325943167516655,0.08126157633691045,-0.15561055098796742
0.053830400853092694,0.12474842583524079,-0.3674081481995331,-0.13203545587683888
0.009264507028213168,0.22523562327261706,0.23595625106688842,-0.051355443914217695
-0.24094408564341246,-0.25097209117341174,-0.20639505133571595,-0.23061120316222053
-0.28567138891309163,-0.24921818451701708,-0.018463647545049568,-0.25758137480978394
-0.43409391508993755,-0.15349539403137105,0.011869284582831836,0.0464635474252001
-0.13634219322732122,0.011475852036601284,0.034570339940515026,-0.004179361545664197
-0.044596842501322016,0.007468740477281172,0.1018509601563122,0.0396140420390485
-0.006398136510060181,-0.013209022131004175,-0.012149277957049736,-0.0050135026206462405
0.10919957449158221,0.04196620078380336,0.20638459762955821,0.14851750110521458
0.2361968513541585,0.08628995039089746,-0.05424644143990335,0.015312400618194472
0.007814454470854357,0.0673533649776013,-0.19152010899444646,-0.12080360293979886
0.10311470588912745,-0.07397175365448845,-0.22031241857958822,-0.09412631405478641
0.31437948171770985,-0.007155068967151241,0.29023302414402397,0.001986914025861709
0.9667668313910137,0.7503994288084975,0.6429065999132854,0.574080294373111
0.99330959057673,1.1236016479757187,0.8953801265757517,0.7365882357543725
0.5375561489719012,0.12720266296495408,0.5647342248666236,0.027468732074597265
0.08985936144939288,-0.36821418377625337,0.25158046097754894,0.7158897825353568
0.3852736884695641,-0.15912659558408593,0.019422766018392115,-0.07597086960833489
0.699974908361783,0.29538082366660695,0.8650435574874608,0.62441801435713
-0.889247371144389,-0.2946018759351333,-0.30484214251311376,0.5277000921288967
0.5826703578332385,0.39860257137419686,1.1276134599890224,1.0788938967922532
0.6488998674299447,0.8012978149404221,2.154888937558385,0.6418502939422811
2.81401544755675,2.2673279552967056,1.6857808797629579,0.5323364781889506
2.263571162267602,1.0520251292676601,1.055921291487637,0.6014444009532998
-1.066380768429468,-0.4490961968636258,-0.28139954258865,-0.9372890100019464
2.668412297789658,1.318754822710304,0.9285129733383762,0.5975136657728488
1.5785592526703858,1.1395181502461396,0.6365208366468565,0.5577718530433112
0.04418755963679819,0.072962603700778,-0.7626294519042499,-0.20843515829482143
-0.5820676730975205,-0.1693975572757084,1.3502544066858173,1.6561557345734976
1.4073982484998602,1.2052470801359714,0.0050011138658696145,0.03998188985719933
2.477514890603879,1.967533336894015,2.6286992140698255,0.650293564809907
1.5284250654650517,0.8528839086474821,1.6177563069483718,1.3356052842823904
1.5069672397648834,0.16566072363078016,0.3076277310649802,-0.6139131466643156
0.4599047557256997,0.39342135188829175,-0.27040669378406873,-1.1488146742698493
1.345915816219666,0.6602043556755279,0.8816242036001691,-0.9980299959066186
0.515784512182565,-0.6566002997479973,-0.2212170277233384,-0.28836539407014916
1.0495601598607593,0.3148928038029521,1.0414359451065018,1.3117379965407971
1.5043196133621048,0.48776286607125974,1.2153888033073303,0.8795124057155205
1.9931016128356542,2.3537292621839585,1.2299035716418967,1.357205795156891
0.9241925717586548,0.6452589159744726,0.6975935244100369,-0.5215985548704698
1.643240773439216,1.3533578922013925,0.8862773051945213,0.09385476028824363
-0.20109484477129055,-0.40426378908504856,-0.4307756747882678,-0.39742385181206435
1.1929650182563798,1.4242821361503644,1.5050508324397385,0.47487519477898726
0.48989564369618654,0.7273828950149481,0.5283104128738353,0.29201910733514425
0.11945776124303696,0.21690241314758235,0.19566210777447235,0.05355122182684348
1.3770298261491087,1.285808310028533,0.36299718782726326,1.139793922575736
0.5077805391214972,0.37720762116109097,-0.2433363598193138,-0.25960673942300333
0.3060807462577195,0.07201840560838711,-0.6380884178056416,-0.8598299867968118
-0.5141782343486718,-0.14803588218848757,-0.049293169855437545,0.3421828559402317
0.2849696411612066,0.03680995729614187,-0.43838224993300445,-0.02986460571774654
0.8375200328160685,0.456179781476,0.3167639464957831,0.3533747860983981
1.1669790053507805,1.0990683110018136,0.6406277513925601,0.440601573581085
0.26584545272651644,0.026293674710958722,0.16095712344398933,0.42713667811485256
0.32586796831749126,0.5010789795894433,0.15370445362836746,0.22352953022695465
0.030782681201559702,0.1203695443908533,-0.12332564615557104,-0.13638905771257032
0.10456246934407627,0.13347862237263408,0.0893474063590017,0.058682023659296714
0.006627830106599207,0.013543457659772455,-0.0023108764499920704,0.01977250401677732
-0.00717153152864063,0.0003878982354261704,0.007104870086125796,-0.009191102069560874
-0.1304396511637195,-0.061136969228912576,0.07397150794726746,0.06258640991973323
-0.3156530138449801,-0.18792833322894137,-0.07694875111341812,0.023159928895575915
-0.15110016482102123,0.0240816317820544,0.030004536483893594,-0.12566447192173813
0.0394576899383102,0.1712388328000952,0.2508962060868228,0.29431875251636835
-0.27029230147602007,-0.22107804048055538,-0.1165707021867358,0.023845870815380265
-0.23122565772653791,0.05430043856344547,0.18414450753092668,-0.022721660522653554
-1.6424712205747578,-1.3147781838671613,-0.893976330021938,-0.12211458386492977
-0.542974494656808,-0.16836557692691645,-0.8696439086267038,-0.2510709160554562
-0.42475274214687586,-0.3409675992813997,-0.4738007968568317,-0.07041747560338854
-1.4365390781888412,-1.3616590783728735,-1.0864312592317442,-1.2711021928716353
0.5073421731719462,0.8202906656025725,0.21258352676823403,-0.45413318455889706
-1.105693713080443,-1.0714027509855975,-0.4073043024858599,-0.18739371884076456
-1.2733135388198251,-0.8771317436953652,-1.0497842520254719,-0.33762964028727754
-0.24688614583417773,-0.05242476158701173,-0.2578421326771768,0.40469835598375753
-0.5010672120482258,-0.43976578857032755,-0.18648925642168684,-0.1507626699921639
-0.22344857837577348,0.6311616638629144,-1.0635958099259097,-0.2832530403059394
-0.898607622228562,-1.654334196617037,-1.1067063670799289,-0.7401621713235121
-2.2853920910159533,-2.053695418177534,-1.403210006556657,-2.4678309117592296
-1.199159244371911,-1.3911248780836991,0.17794018346178267,0.7620329913189636
-0.39612219442089214,-0.2186571476674304,0.3097900617981705,-0.6616303647886512
-2.4800196232528013,-2.883526088505937,-1.2645311834159232,-0.7033450166845117
-1.4863214880413724,-1.281757659505201,-0.9937333505908752,-0.5034914321232832
-1.9884114343459116,-0.9268562371846798,-0.5788915317270166,-0.7355723739971436
0.10248965717940212,-0.5260400992761038,0.8116486427761744,0.9478046434841773
-2.145010952135505,-1.1848479957285014,-0.5464562247520087,0.298372583488188
0.17445622147997517,0.20734922421635094,1.4119388750418327,1.4943183722370965
-2.3119478490634093,-1.1266494510223515,0.16341102104037028,-0.8936143417167556
-0.4190585532166241,0.5724187458661187,-0.026878866578711497,0.21946208037600598
-0.23981854190999255,0.48473760925467996,1.372036039939522,1.5533578157457526
-0.42626198902583434,-1.2623822043108122,0.6984370036616993,1.750448166773494
-1.2581232024698352,-1.3424433605663162,-1.0785032582194336,-1.7981609158194463
-0.3029726205013227,-0.8874711011173911,-0.6403669216123095,-0.11725185443424307
-1.6965644801020554,-1.5229278164849473,-2.1371492236836858,-1.3972136011489122
-2.014485891958232,-1.4874792370840184,-0.40093632086436215,-0.6129529369404607
-0.40022224344775253,-0.09050335145820874,-0.6820846735386689,-0.21941813623238507
0.37488682488320035,0.1780941132493864,0.28120344387606516,0.5570101748594991
-0.2880911358767568,-0.4405270256233363,-1.397119000317168,-1.452254544786715
0.041332528169232864,-0.5987214816973206,0.0868980334270976,-0.19958051730294168
-1.7060988765651695,-1.4056842272562815,-0.8948941589526733,-0.7335586656668223
-0.2257934046759645,-0.7081652166161696,-0.7165148286239736,-0.5559224542986153
-0.34407242905217494,-0.3151118027575964,0.13545573943763978,-0.16176648618318934
0.34188444944122,0.6554089389099068,0.5755163923331592,0.37371498811673814
-0.07693558449346669,0.025055001749800774,-0.8827099631018867,-0.9606041972985732
-1.0317044019895132,-0.8411104117012793,-0.47691454313225606,-0.501503232145876
0.22779769929842608,0.2649902528981992,0.2389969831445054,-0.20798858640725443
0.2193508258221139,0.13887708929116055,-0.05580762358847739,-0.10255249793057612
-0.524378023504435,-0.47987480869775656,-0.4263322729323968,-0.19038546982034033
-0.07455670649382637,0.0022652363136534443,0.08520768546642131,0.1372925654938762
-0.08506883857482474,-0.07279336072315912,-0.08084397478231861,-0.04493306150365727
0.05271506751012351,0.0460862204692711,0.032821398588895746,0.01690397404281241
0.10286564623913347,0.06002318911871295,-0.13620058316840772,-0.022879267694372006
0.31034932523850306,0.34126266966385443,0.2330495918404967,0.1512487766202929
0.08107503476676474,0.13769804291144644,0.29029113669103096,0.4187497241552151
-0.0964482681790053,-0.19274863071914472,0.14702362206076883,0.020741508194949427
0.05823621696993552,0.18953984563572399,0.14703701697232058,0.1328675598999587
0.36695656831343865,0.9170216984246116,0.6713886912100587,0.6385475208713596
1.09729791100644,0.9927199643450901,0.639186522560764,-0.38525729273874604
0.6370291942747369,0.17202854098382322,0.5781494007735511,0.5211453341015679
1.0774349233859861,0.7360873490120556,-0.02225822271404007,-0.16066371433426116
1.5062096365537148,1.4630795178601812,1.2215392767090467,0.7829293071886739
0.6295795816090859,0.5640147672495958,0.6995238952420055,0.37801669320825876
0.36376429924035497,0.5695181640442453,0.4439603142709708,-0.20961969493083396
0.8861631468924434,1.192373517734887,-0.0030527334676622676,-0.5939299077051305
-0.4894789309564559,-0.28807882134579793,0.9153049684022267,0.5552279736532382
0.95378072380937,0.837935587048843,0.3284197805654912,0.30323387727670414
1.9115010037637585,1.4150959801057363,0.5781485459293524,0.05135299308758889
1.547251171832632,1.6167730503949287,1.1909380191121255,0.7433271038131412
0.4818548402115318,1.4450585242331417,1.9403089889276337,1.783379933908582
2.4297182799566195,2.127346055553984,1.0024461168155803,0.05201597965425167
0.6753049012794551,0.3622769980152407,1.7553771044419362,1.1807987968970555
2.7166934436466494,1.320764840682616,0.3312899433150531,0.8829137467070232
1.1659757763530139,0.8103433405231216,0.7195530259745696,0.07554548030871241
-0.9023967451264339,-1.7354542193448512,-1.5156445702398122,-1.2012029928865737
1.4648062894854519,0.42606617230749,0.8737553156509701,-0.4600619555312595
1.346861519914419,1.1772470309107053,0.8908913047084436,0.11566545605119445
-0.3207641444681885,0.3434793891228123,0.9174435286100471,0.04316584718045395
1.4747966488653346,1.7849005934336328,1.6333087667444297,2.3432593655219907
1.7910667514379939,1.7365653726452013,1.9513352569264153,1.3576302793605408
0.3319151127559658,-0.01970029634170661,0.9688055412575156,0.6649456924544833
1.2891066916538148,1.114098091777901,0.7938361113034402,0.428311373310103
1.6937882779242304,0.82788287226991,1.3426610680193893,1.026440601891798
1.2713427791346137,1.5531844535051194,0.2570458945532951,0.8057051341447484
-0.6866033643390178,-0.7108156809494893,0.39212004460470296,-0.13477325807476614
0.15039647835390937,0.3175933394632483,0.6073294477716732,0.1070278231462267
0.9631469059701674,0.9199704513186506,0.8821166324926881,1.7322993473888775
0.9139963457955742,0.12525178476908375,-0.0443125978987652,-0.29809853812279397
1.5492631941872512,1.3414545584837085,0.43880909808578256,0.23079805408753148
1.217925904530051,1.4840149017147706,0.7772312079970524,0.7496769175190731
0.18337954081497468,-0.14689458953172618,0.057903336931181715,0.11793383680829152
0.9184409151290387,1.050457790312861,1.2372029530740636,1.0901727793161633
0.3082187610522618,0.3006795268383988,0.4839734637232586,0.10110119054592198
-0.017456221279068273,-0.1641063067744923,-0.4488299763998897,1.0401223882423332
0.6769374892327429,1.0219696948749752,0.6798971130483779,0.6851870584207602
0.19513623922724693,0.22214285106725115,0.17529164487028898,-0.08704153417507736
0.5786119548756741,0.5016438582758934,0.05569905105492653,0.11961544432911143
0.43600568496981407,0.6470364469920865,0.4217139655631402,0.31309630547159606
0.3032316175867308,0.35257018747455,0.41884347551994533,0.28348538491885983
0.011408904342379024,0.0770458846731053,0.04744903870919647,0.11700640653034172
0.0745768794915437,0.02837539306043311,0.0270854467199672,0.010739938208873085
-0.007443876334692402,0.002646851844599523,-0.009277741514054102,0.020140993198232853
0.048221269195264795,0.006386242099673718,-0.023864962030315833,-0.046109221375689846
-0.3985810367354604,-0.3239753823502851,-0.3214126415457114,-0.30669103327235275
-0.24638960077377556,-0.19120380934301545,0.03346255296829157,0.10783124124421056
-0.19601627539043226,-0.28154910869762695,0.001802997309126743,-0.17542992281002542
-0.38586734463231,-0.17576479085872515,0.018501236519004895,-0.06056058775557711
-0.28654169341800817,-0.07768282821881228,-0.24865852931170004,-0.7652699897758832
-0.26551181235606236,0.06809993574621834,-0.016173463660654704,-0.3256465563065494
-0.30619863519148344,-0.6922186887080114,-0.9200737463315898,-0.142114734153589
-0.6751056511779895,0.030365927047281725,0.521645616564099,0.4209801351424444
-1.7911364286632994,-1.1106988516687613,-0.60198903991378,-0.31066354748553016
-0.7293047780532947,-0.758265307545428,-0.7348643312860005,-0.5047000402195022
-1.4894937129005612,-1.201000018580435,-0.5936363777138837,-0.5303503954670278
-0.02316290275282148,-0.11950671848453397,0.034446946435000125,-0.3627649907578843
-0.6706880508525509,-1.6162488892493228,-1.1811143424095112,-0.8611228494525557
-0.7999897804030699,-0.07693920323640806,-0.17605173493276316,0.4125835179725196
-0.6974015189652123,-0.6176565264412808,-0.5329403579919989,-0.20223446098420667
-0.7660468279721065,0.0401078644193605,-0.43820028519179083,-0.2578115898785789
-1.7557389876512985,-1.4412563676249592,-0.49615426702024173,0.3079320904690484
1.4478342828800186,0.737216749408735,1.073511808528762,-0.23464318090508046
-0.8328809923686371,-0.7868098171104789,-0.1357169018297999,-0.8549444073423532
-0.11412328185659087,0.1800604262189191,-0.4500625500806188,-0.7127138196711251
0.18414212341593553,-0.4498300989729576,-1.138753471129747,-0.5284316897310818
-1.4071777779880041,-0.7793538028481886,-0.9860827257627932,-0.8249820794981215
-0.7512120460525641,-1.3845093737234184,-1.6140335851755068,-0.3959578781510292
-0.5884043650350902,-0.11463175439959934,0.7513040871025346,0.15531961180318757
1.1388340034620097,-0.24390108725207604,-0.23782916205742824,-0.3146642487291219
-0.5579618248411811,-0.7019608314699751,0.7599171749788619,1.2891485958136955
-1.7799815757858493,-1.771148739096837,-1.1609863884736673,-0.2134883048751924
0.32495234083367613,0.4941627314553073,0.4186858330331682,0.14310309141237265
-1.7776811903682417,-2.016013124904369,-0.6286723660909379,-1.4567313810497837
-0.8048334117740126,-0.4583797044007362,-0.39482826247331426,-0.8758216436984128
-0.9393643270151892,-0.11709405966536206,0.33693848684695626,0.20234418651664535
-0.0542910548328228,-0.0018618084604527315,-0.24774301124935558,-0.31499242332058325
-1.5649525659080716,-0.1910543746757579,0.23718232926535163,-0.01057112379780504
-1.2826410776276078,-2.032669500343082,-0.9054069808696947,0.7406131659290907
-0.5517517658950604,-0.09578183127920584,-0.3759470287814033,-1.8029000302852045
-1.1802081914000895,-1.0916295226639836,-0.4748326901861699,0.38535072131625264
-0.6777948631424103,-0.9741556167439551,-1.1585562181663365,-1.0540855328869916
0.02572518529480754,-0.133338526520131,-0.5119419165903719,-0.3548850326929217
-0.8298151452535992,-0.7843629206683613,-1.1848643385480437,-0.8290479606893804
-0.019162163360817577,0.20930432874211655,0.5831417475380233,0.4711558453535572
-0.23616395732962167,-0.33246135373632085,-0.17608174777395805,-0.5143307660756072
-0.2375518316403683,-0.041509977730533054,-0.12490922284730846,0.43541205878028066
0.06760121637394799,0.5504298052900685,0.28073509932407364,-0.020540738654761442
-0.28518649804695967,-0.3174610387532638,-0.3914391146870815,-0.25689889737713223
-0.5373468894107638,-0.26114214692834475,-0.40888951976152754,-0.3730658204746873
-0.2001250699465355,-0.24507781933323455,-0.3838364224512553,-0.1964137422886051
0.08839774201335705,-0.00977754449067052,-0.09638409898209935,-0.05528621729120337
-0.09489292770606134,-0.11722843662498168,-0.126606836962688,-0.10016069476103462
0.022614780141464598,0.020703692513610712,0.016396630570727055,0.01984713634438696
-0.021182135251882186,-0.061710612737476786,0.021315306933373385,-0.023146863624592576
0.24584333844490128,0.29752919855507937,0.18997298050858377,0.030943336562626565
0.3464945779511844,0.36174782301057606,0.4455241509928808,0.27983007906414564
0.4475525149027992,0.657658182713923,0.25183598520509953,0.29640634711472397
-0.04357769547155367,-0.10042923334514826,-0.13130080144002865,-0.48783795425536053
0.4472765831149924,0.2266447178250213,-0.16306126410764596,-0.44012890073700667
0.8653078296185986,1.1252641739097817,1.026867797496001,0.6285114290828235
0.3521152714801766,0.005671732389869431,-0.18774610575785913,0.4875008595767187
0.25260153671676394,0.8747325945716149,0.5734543294780345,0.35238330936165274
0.474247934965233,0.39310119979407565,0.27318822314975916,0.31722494363910686
1.0478520726543574,1.059620811370997,0.9283919308219557,0.507451211831986
0.62863682443259,0.5416348665800194,-0.46534724025812674,0.24813261994036606
0.7470859324905178,0.8350087364684107,0.7949639970507005,1.4141505052222612
0.5180378918603512,-0.07496476029826595,1.2801071850022798,1.1294625201137027
0.3292517621735085,1.0972777105035931,0.4922214202583093,-0.08651281120650858
1.6975994316512202,1.8010454857788283,1.4057276816218256,1.280104066940529
0.8946217856483465,0.10733710397235008,0.39669119934736363,0.5222481230885083
0.3666617428891779,0.001985918353451857,-0.018629297819648085,-0.8043469330093889
1.1457858580535742,0.594072665575477,1.625924413161926,1.3307841262103346
-1.5492863167992208,-0.7479233747091528,-0.5539457794745115,-0.17046333943675918
1.0806143626022238,-0.09891990924825352,-0.2291287301883618,0.1429686538013744
1.4888340257559098,0.3099892416753786,-0.6234465128762667,-0.9534596876666789
2.0489567391509453,3.0831745927458134,2.844490825480224,2.8090783901539127
0.8226139832860975,0.13805987927056454,-0.185768164880038,-0.15480994148988492
0.4240643546470288,-0.5580392285943109,-1.4300646706199849,-0.08845698426488187
1.3689437735256516,1.3044873123127632,1.736140238382887,1.1772577158347874
1.2895615333861126,1.9412342605358868,-0.1784974010735426,-0.129137133762056
1.5560851220086234,1.428930411769793,1.0079178677457303,0.8950103014987844
1.222471092838372,0.20337532849998446,-0.12047532801163878,0.03134193673837385
-0.8628340843870395,-1.973152762537891,-0.9411524953528505,-1.2539099647305372
1.7098024979643127,0.09948279523160522,1.1829601548240387,0.4676131973765418
0.47410449838180063,-0.09586017622312074,0.9345586472611708,0.7971791317816048
1.5796899552730337,1.1252677752023836,0.9177022551571555,1.3076136688852957
1.054193065319115,0.616477584887208,2.2733640198099345,1.7313522194798623
1.4647730540399775,0.7733748302830067,0.26847252043192876,0.19220120629155799
1.197676014680891,0.7387311315683901,-0.3032436866424119,-0.07551665279918679
1.7449508953427895,1.3541057562809637,1.6499978670140216,1.3415865300007779
0.23902724904626685,0.6886676338368501,0.941324107708491,1.0721642632397446
0.7321649657493078,1.1991872133425223,1.152352889082249,0.894966994310608
1.2135489462016047,1.1517585988363015,1.181377143028148,0.8548981486628053
1.5794921979701209,1.656221616144058,1.6401283046351829,0.7278103657877021
0.5113246969260705,0.8399034990840445,1.0586821834222389,0.43045570699683816
0.3308284730885097,0.12829910325996166,-0.12558230092350492,-0.03231868623658351
0.2959918460015542,0.5035627457082106,0.3461227697578173,-0.12135811289541346
0.5855324350281195,0.6803981483127431,0.5819411875198176,0.3101662165730572
0.8034227381290886,0.48361253264880355,-0.051025128292391954,-0.13598093387726495
0.35421788030428664,0.2219354072458969,-0.10200800702299256,-0.14289933977279384
0.0009607285038461437,0.004497885251724938,-0.05401932843168913,-0.02757489888250763
0.04914758829946431,0.04840117522149452,0.023503245467423006,-0.03911310916358687
-0.0127317041026264,-0.010252269920529248,-0.007426581803917013,0.001503903675442042
-0.14385233962437644,-0.058392085691805845,-0.07195606371811293,0.06550216203606568
-0.08086348696916586,-0.09473794632397602,-0.0938868897581764,-0.1303719522682316
-0.1860328844648475,0.025969928049387848,0.12172304508357068,-0.11642288035199935
0.3717527082119842,0.21811208097789456,-0.30185809739484426,-0.2920206486994422
0.004983740339956031,0.08683441038196617,0.4197822203528574,-0.0723862926872052
-0.19181262563218732,-0.023638066195894578,0.40595882094865243,0.33899248795345455
-0.538151022591438,-0.24988846091132702,-0.7877404699127105,-0.4338908716411284
-0.6517475892759017,-0.6091101257486036,-0.5666380568807645,-1.0874163517158846
0.03747465797805516,-0.0012140774482524283,0.5408771904116277,-0.08653537030122983
0.46126273431950104,0.44176463946805694,0.5179959550623591,0.15128314736672435
0.37302724283695643,0.38388978299036447,0.7713501451547609,0.012504935041402888
-0.1086755336548695,-0.3015401302337954,0.2664353916129219,-0.004238212157233495
-0.4079276824226724,0.2833198740747747,-0.3877890008613335,-0.349513657245232
-0.29591390720014454,-0.07639812920707348,0.05372959196889851,-0.16127060080303243
-1.135240725359821,-0.8509086789446617,-0.419763224786242,0.30469852540750386
-0.5764365419419271,-0.2080523051328719,0.29141892537873637,0.22756315603661373
-1.352701414255718,-0.874983931545372,-0.3992157114989153,-0.26578005922499104
0.15735335251362675,0.34563634396783366,1.5837598810145537,1.2369870396459117
-0.7081836095904973,-1.1484274392050602,-0.30744219711801124,-0.037455217058202796
-0.46924523633206716,-0.5221632011641822,-0.6754370661891724,0.12393898381281926
-1.0409302851361766,-0.7908048542769857,-0.3462946867755054,-0.1419318341852681
-1.5821767857773152,-0.5784727238807007,-1.0595597946365636,-1.5616450762561094
-1.6731918506652035,-1.4048187732867465,-1.4652747863126665,-1.098306972876531
-3.4310947825957476,-3.566123822791499,-2.489419318728598,-0.7730968191994935
1.011279235629356,1.5455657615144587,-0.08532565292904117,0.9519937491993443
-0.05423242691448454,-0.24850385483005663,-0.7840956921515739,-1.0201802905849575
-1.6010693815957246,-1.016285702456626,-0.5732620548683197,-0.029051372490221005
-1.6642650886029502,-1.8541028929760341,-0.48654036701680303,-0.5012070065127914
1.4903718992303234,0.20651013022124076,-0.355221053835074,-0.22625181708663594
-0.9855753234945723,-0.667145175836064,-0.5762357279219585,0.452882769289618
-0.030195434291842203,-0.29499993634369753,-0.8194313539112958,-0.9715031784128739
-1.2293964553893275,-0.514526683549143,0.4024729978643633,0.35957016369066025
0.5324397496525048,0.8069781513097641,0.7787981623126742,0.8058128693962794
-2.392503092176644,-1.4610181268181701,-0.5523112366058598,-0.10682538478703028
-0.5609991710411307,-0.11587450843099302,-1.1734113028611206,-1.7306026055228305
0.25774971953611076,-0.353380839679165,-0.39590496973904094,-0.0886092161108292
-0.47570701017166805,0.3279952444627891,-0.12558624962083526,0.060750166892228556
0.08492757184224024,-0.9644712624198576,-0.712625035220533,-0.5674595949829102
0.24871738239360755,0.20347073418605943,-0.4204559710094209,-0.8733640336317372
-0.5001907232280002,-0.02828491376873126,-0.5500348473866862,-0.40515361146883866
-1.0816125948906559,-1.0656667043793304,-0.39997802246386693,-0.5191152555572632
-1.4769358932476078,-1.2028282524862668,-0.4293429720473872,-0.24205750431342274
-0.11096191204205695,-0.20165272662842681,-0.2097796420355898,-0.19611976162414566
-0.24275423809434,-0.07324121430201493,0.19013959663207808,0.2580406772906246
0.09502559543111153,0.2521407005325573,0.6139863410972262,0.4668464658141403
-0.343272918841998,-0.21304562654510012,-0.11433220890002704,-0.256525254319975
0.03135390290349065,0.0265377889273687,0.3773974649571985,0.08162369918968847
-0.009079928728796963,0.06166199222584267,-0.013773854797383422,0.04232202955328287
-0.12496156306285808,-0.05361377208052671,-0.025924244371874166,0.006174892107612225
0.013931710494347016,0.013465113358201565,0.01863912774481321,0.0020140631825672625
0.16295004647055664,0.1033452885850686,0.05746338679796059,0.0003909169290942826
0.016481211864575105,-0.010889135754655407,-0.06633032906675466,-0.07759225740113482
0.3357033249651385,0.30008300873862775,0.34770777315231166,0.3039272688664218
-0.00787557281141848,-0.060870589980782146,-0.06228465919007691,-0.24146854432043505
0.11379074893333388,0.007042759860220661,-0.1399693761440974,-0.19792843151750725
0.8318951328001395,0.6341865252329459,0.49007417434427963,0.2971899199402552
-0.332342820465642,-0.12622568959929265,-0.08202294362610166,0.2327445899139057
0.3171240084584284,0.28005852144143223,0.2118518896005979,0.06332333049241017
1.1104494030041556,0.972195762791069,1.4799502852268038,0.6584598803658135
0.694004716379341,0.4138954985406934,0.6391034367621584,0.5934605717884274
0.5829991051339635,0.06633523080393532,0.3243589584680992,-0.20954522926980657
0.9195113395928151,0.5241398962501743,0.8391400316693145,0.44281271136572986
0.8320868089422411,0.21048677217911202,-0.6786160867099961,-0.5149236851583125
1.8383992915113514,2.1708312424856335,-0.08058189716849443,-0.5559790611939325
1.5087587880436857,1.0378297204056304,1.4852653954729802,1.7438330024479032
0.5492555383613225,0.9848223393932093,0.5579315341997498,1.108960219217223
0.3532306957432598,0.09756895428563546,-0.5015464511030694,-1.0888575784846433
1.089979370084596,0.4542733184287509,1.433235908277803,1.1188803516174683
1.901243829726914,2.0652283477442603,1.6638364958753102,-0.1797141614887399
-0.012942000505903913,-0.045284625591034765,-0.7977678610230909,0.1727587072541608
0.333420721950275,0.6274227090044106,-0.08019457922004937,0.030902174638256428
1.4883255139686666,1.3866246272488307,1.2853561495471528,1.8750034962214859
1.6845469500519854,1.4066661446546274,1.4981400876277626,1.812449958896127
2.0440215569888096,2.1624542259919286,2.31685140343737,1.0258405307309244
0.31013785930880666,-0.032055415016980525,-0.8665595747001689,-1.7779925937829753
1.931745995786851,0.4490851977041322,0.3284660450097732,0.009537566086022456
0.1531137375090511,-0.03862864851254981,0.17461473381151918,1.040847887297779
0.07298716073074411,0.6630752447129384,1.106940818997472,1.2807485842102417
2.0946276072417427,2.843763382676322,0.3697086622021989,0.8864739110350711
1.5765102415068792,1.1370044922848757,0.17146019009688074,1.1251568781657904
1.0210972800750522,0.24404450078331102,0.2679153092646846,0.4201908774791323
0.04449857970547642,-0.31729512436404317,0.22841744072870931,-0.819147112346271
2.003421384676848,0.9486285988629076,0.15418820603786193,0.6019710998488657
-0.634154570854329,0.026458972624668863,-0.6760215831794592,0.774370219329973
2.384702072023989,0.9320337694316592,1.5882021899875227,0.9869579777934472
0.8721848781039188,1.132135760570677,0.5681561936072348,0.16031717956368285
1.543419197211398,0.6774395653402505,0.39194191484562557,0.31034528505260717
1.072271629321004,0.6010486423643789,1.8172570711984257,1.287822541961183
0.17587633979207995,0.5671530083963423,0.18960230820390633,0.25916559099990044
0.9764926488455007,0.7793519506927309,0.4612430948648604,0.1834214494600664
-1.0084068760245837,-0.7966433102838091,-0.23984696634983574,-0.38724993250632916
1.2116300245788956,0.7741847245361914,-0.08966150102913106,0.13737905357035796
0.9068212715367175,0.8835754266795167,0.42709354483903317,0.5579207539574808
0.32858356388141274,0.24559907461243355,0.383709543264778,0.2503059236582388
1.1639630873984452,0.6036473159072386,0.17807156541028946,-0.1288503402838817
0.19606258756359585,0.27152911677053443,0.47228828330443484,0.35864298411019796
0.10761952472231266,0.033762530653440884,0.051357348254351856,0.07318834302093045
0.14221026341379867,0.14567846207709223,0.05291303152185827,-0.017671444484304147
0.04193438239434303,0.03718132742810867,-0.0016595679073908617,-0.027519545088526533
-0.002354716581851599,0.01434371852955102,0.0073160285731797055,-0.003597652923147737
0.009143281422370518,0.006283614978844289,-0.09815210133503363,-0.10178556542491876
0.07643262116280537,0.009769686160730848,0.045758285728545844,-0.011363448964089523
0.11511243688107828,0.11409751427513283,0.06501424553890206,0.044928746451395725
-0.24394687909129859,0.06474522232958892,-0.26720871710541266,0.03175883831758238
-0.3685645454971888,-0.5747875939210064,-0.2871521423608128,-0.09556152941059368
0.03159034224130526,0.22573854809120955,-0.0850939341080134,0.26499193073492644
-0.4315564869890378,-0.300891209024181,0.14637961317557732,0.7816640646227884
-0.3780287806135825,-0.08042169816165838,-0.790854570682722,-0.7369491703331217
-0.6074132390416344,-0.5754075014035195,-0.8223991607892157,-1.0196916232860005
-0.2373428803192526,-0.16056771357433788,-0.5952790705475759,-0.14748062382378846
-0.913231023546565,-1.0842361513965997,-1.2568647929023367,-0.14207145222176523
-0.3368083265677604,-0.44035080080531985,-0.9113033494925858,-1.1732213676004057
-0.13239848874132942,-0.7429622200960558,-0.765663123950568,-1.477454613674349
0.287297653788229,0.908111250926603,-0.00866559019070846,0.2303788847522939
-0.2792403362599626,0.7342611654544255,0.15086770523908435,0.8772434386743467
-0.07432295831144534,-0.42662599296307824,-0.23548861747572558,0.28660799065827264
-0.4941889233307754,-0.4401887959014388,-0.9243707309691366,-0.42951329040349523
-1.431605652649303,-0.9701890376153983,-1.0230519753486307,-1.8718829994019532
-0.04354648630201839,-0.15901849602185078,0.6304747746752533,0.30835023963240554
-1.4613809595316547,-1.7352258127314275,-1.1022157716176295,-0.9569117816886344
-2.0674041051893632,-1.736956164944257,-1.577841009557392,-2.49645298948947
0.40186328037715,0.15211137518014334,0.5336165666691768,-0.013652861427332805
-0.29959730927645584,0.5147603876134798,-0.0601724414936697,0.5306662119438204
-1.4809851767109405,0.29143181923473604,0.9191087109483057,2.1095931179229543
-1.464055132910813,-1.9279200863347714,-0.6154168396783124,-0.5609274072935405
-0.4088044754194041,0.2624860430781631,-0.40800476142223724,-0.39911314973793743
-0.1304767478463506,-1.422944155096132,-1.210505933799212,-0.528891072540132
-1.5978100373092277,-0.8286116498946712,-2.4326805239222073,-2.6312069210410223
-1.054305900080248,-1.0533183565965814,-0.8439823212115827,0.5415674966449067
-0.12462067690940287,-0.24949154714489305,-1.340580414903675,-1.6703227985060656
-0.5443013163170021,0.45793759443498516,-0.2148097540553426,-0.46557390722294306
-2.15228035887994,-2.2497638303542593,-2.0633955939031323,-2.894435024703965
-1.8784562908208629,-0.005526709557851461,-0.9537592945987061,-1.198135269623271
0.2247533812754237,1.130028816452376,0.3440269077372602,-0.04692493437588192
-0.4018395440474161,0.09343592213445341,0.4548493261751292,0.10732552679664716
0.08227556634576218,0.7551733822094873,0.6176631886683459,0.5400099369929008
-1.5084159377862016,-1.9708966476934449,-1.6627635758805932,-1.2685901100559553
-1.5601630839899536,-1.5774689062318,-1.7987496161944123,-1.945544541353806
-0.7815437039341749,-0.36533697401722354,-0.6202774273727427,-0.277497963579768
-0.03752055079762592,-0.3838878157735119,0.3414822203653929,0.2441413649822741
-0.08871343619083985,-0.16600908495110156,1.2157805349437485,0.18112164412751844
-0.3637246682908754,-0.6314404693499653,0.18094421777837796,0.8357363827584076
-0.2693781544784018,-0.24211674408224873,-0.06379346380024932,0.6926569309628988
-0.7195750879413961,-0.7323697933082108,-0.7736049234779703,-0.5634589316618952
-0.3085740879520222,-0.4548782200232675,-0.543141439459359,-0.7467620685322197
-0.0172446374728599,0.06311160134930907,0.14944396046072975,0.37945063526657424
-0.40047984449886703,-0.3396491516426254,-0.37305265656281744,-0.34287466552700313
-0.12431919084419668,-0.0888957272224601,-0.08240803646199564,0.019733582043147294
-0.08938747047529565,-0.12282978223625503,-0.10607073385577906,-0.09470194181883392
0.028299525593855342,0.02537585168767066,0.01744875625184231,0.00674747565402335
-0.0006279642094092634,-0.020265027399249246,-0.01626624891380613,0.025783965046899476
0.25635674234540085,0.23059483823734275,0.09821324679106881,0.10876720688447762
0.27389875647504197,0.17515702081473566,0.09497773248853594,0.09726722977927177
0.14718184873761378,0.356833427802816,0.08330198810726888,0.05921400094447297
0.607200899555088,0.5752766427365639,0.271805927842678,0.5338079021139693
0.6640302943604193,0.6766418651148733,0.5694518845602036,0.5725647429915391
0.38870229507432524,0.5060472449817787,0.7942231000579083,0.32022862444393224
0.585196851542467,0.5515594321261135,0.9023176764171347,0.22184112614518023
0.7945938716980728,0.5270199868006926,0.6886560328323492,0.817525970176412
0.8467455968166493,1.0216092521546583,1.022742881262583,1.3727330387212984
0.4435947457244361,0.9564639151910654,0.8988874698810932,0.2745593480567278
0.5777067922197887,0.7276523375675586,0.4602428069738329,0.8856599602214581
0.9529144061712482,0.4370133189195365,0.48122179240954976,0.7645921986006726
0.07413981813254852,-0.11086138585808115,0.9228982049034128,0.5298023264404873
0.4392296792464377,0.2717744153648449,0.9722579502281319,1.0994197947333315
1.6907084565994506,0.9600742554751495,0.2502743177396913,-0.4658229427037122
1.4415166278644398,1.5237945391919712,1.3218648068205086,0.12286588975157053
1.0096401514790823,-0.1992012874024759,0.4659080399607698,-0.8514874604879235
1.2880160720626053,0.2804788989062663,-0.6931997831651481,-0.2682516742377675
1.2555922319519797,1.2954297871300415,1.3045783018635453,1.5458989523079256
1.1570055042139642,0.1685011769398292,-0.7326702261420766,-0.6270277124113882
0.12233928537363298,0.04467019325607608,-0.7367356252514973,-0.9540150535533687
1.251340862242947,1.1017459432337693,0.3013036001759971,0.19951171758165823
2.0594472890837316,1.742909791664705,1.8895306338139206,2.1163200771350295
1.5216468113879336,1.5977466740222956,0.9429712038559782,1.8718911094703494
0.2179551248376813,0.3579523744183576,0.8773016859094407,1.7800509606219501
0.9902972330281395,1.1175199386096,1.2258217108583742,1.2382806573858938
2.492116324636713,2.204624640036179,1.31858528878084,1.3061617015275897
0.9378669257982174,0.5300534037105994,0.41551291037377047,1.0304810600935517
-1.0850524777768336,-1.1446742902671154,0.30456504703502535,-0.4182487579907504
0.6091335539597741,0.1940335187285728,0.6165600095261983,1.1883308865832423
1.149086260195168,2.0091831878551276,1.1331044973699502,1.2786395964306714
1.9580270949169054,1.3048884903087326,1.5177460891098569,0.9411950060587315
0.3204696922927856,0.23719729084707558,-0.7289504502673297,0.7807710610971309
1.1008902042930266,1.0150538658724146,1.7534352670887783,1.3087438158032223
0.5590963335843153,0.5372925025759965,-0.6804660349981644,-0.6119714086199805
1.8258407601133315,1.876759630930539,0.12179427160914098,-0.1631050542302836
0.4079947508980908,0.09118298237570165,-0.3189904729917215,-0.1317667369223677
1.7284674610417534,1.747341323527281,1.5607500213887253,1.0591148550241027
1.5923580064262686,1.7348760485927184,1.868685582888682,2.040798165974801
0.4593480359138235,0.0769657848612064,0.38234128450562194,0.047799749942614725
0.3495720047329559,0.1780680283119,0.03753943865673485,-0.211245216775638
-0.07031132889564663,-0.21614923097553704,-0.6263234937482033,-0.37653007999560806
-0.053060631185876665,0.016398412565342205,0.18849234395848244,-0.03735153629644519
0.8620186097795792,0.915089467815843,0.6773536358496788,0.5920820759253127
0.03969867795546946,-0.004222146501111714,0.08839304555796619,-0.21260739518837227
0.11943569875925572,0.13731861588967215,-0.05104080907034139,-0.08734496429822561
0.14809043588212673,0.1350730580611386,0.07832362607302248,0.16219995760428643
0.05969038956111617,0.03885512605175992,0.011951539572406822,-0.037226404239100404
-0.03142065900071725,-0.03844884884498328,-0.031772696143423734,-0.011023695632971427
-0.022482904569058448,0.03680539349147664,0.03070601964143399,0.008653041155301192
-0.14451098198019752,-0.11063273162344661,-0.10880168666436209,-0.06038062185248427
-0.1169366960488051,-0.13291229966075505,-0.2709135083731968,-0.14093827300189968
-0.15230297836212303,-0.29472575231763715,-0.10004712265003654,-0.37621652142481504
0.2024527367945305,-0.005148367950881907,-0.284932886716944,-0.25672484071571117
-0.7955845311416969,-0.31378579371106,-0.06398894515404922,0.2951168285398623
-0.33057021820235616,-0.33638621712425815,0.03177609069441407,-0.07853980669787508
-1.605840374193176,-1.1433359958204963,-0.7197097483938402,-0.6159258857510619
-0.822569506843773,-0.44890943068263994,-0.37337469202730744,-0.08426201564643196
-0.34161657797444656,-0.7073137806345158,-0.7421383074990764,-0.9330413158806266
-0.91920333281537,-0.5987247728486677,-0.6053520414966143,0.3841109293185185
-1.7594146337009804,-0.8422895979249838,-0.5157027680330505,0.8964205317124522
-0.5826630863231372,-0.15984051446984324,-0.47779567802523604,0.10479786928336214
-0.9256601487518039,-1.2123760146862743,-0.9824490529691489,-1.2577452501772675
-1.3035203815040937,-1.5873263463654308,-0.8590418005912083,-1.802085594249351
0.23708551422781016,0.23741652375835692,0.4573614265963187,0.17952714862180333
-0.4892217403283438,0.7583107704309235,0.8320101964603326,0.6301614196661073
-1.7948189439006415,-1.7014294777830048,-1.1546710040842556,-1.2394321716805548
-0.5915227155261904,-1.3177763543616496,-0.7892932315858847,-1.7198719879734528
-1.1543280218892198,-0.4962870125796517,0.46618566717750426,1.4242980846285411
0.09864299504919868,0.3696865144160656,0.4256344618777639,0.5808405487106215
-3.9770797532065174,-4.0023530201551285,-2.729416737494451,-1.342494339495004
-1.0335455761577925,-1.1114695781981676,-0.3184788536073511,-0.5303788394122189
-2.1291509932534716,-1.9371398868642948,-1.8924018568470398,-1.0440141520242048
-0.2583815347609601,-0.1948716720313122,-0.21450037604823474,-1.0544267566081975
0.4125770356766967,0.6581509129159969,-0.8719407789378765,-0.9137897813512414
-0.3180378124492835,-0.7865892778851618,-0.7905602555177493,-1.6311900328572966
-0.646003643733371,-0.7738526026574802,-0.6002227335535549,-0.6425159697489432
-0.19088156389551147,-0.6735029768823253,-0.5690739792915069,0.19085703849961627
-0.49411031560831215,-0.528222070210797,-0.43058857362510844,0.12388888474551016
-0.9507432971219729,0.1302767326352162,0.8417671202289626,0.5701505180800261
-1.933035633410205,-1.7111683274874523,-0.219038246340839,-0.7050503396894686
-1.425499437291335,-0.410770131912781,-0.07334237311536183,0.5684632742882039
-1.0819022379391319,-0.9554201664981994,-1.3507621533852185,-1.6618575406558596
-1.9842247533016948,-2.2374380538561622,-0.4011278668839381,-0.5922794525416133
-0.374437694388364,-0.16200588445914324,0.7643230337299171,0.6014886671142262
-1.874039346253627,-1.5160017342510381,-1.0060975087371158,-0.5491821891954853
-0.37692783838809446,-0.8886557710176934,-1.3251793492078436,-2.1205276067855734
-0.4098834252976407,-1.0435860681082174,-0.6928304596042674,-0.3802129269872586
0.5512715447200482,-0.03870240635749397,0.6633744066334286,-0.39138799422002657
0.43625051807180387,0.40964460546889336,1.030049438232799,0.4903676524128305
-0.383488462614065,-0.44596569707503536,-0.48866185318748884,-0.12784077394515406
-0.6420904349467286,-0.7688194144348158,-0.7947816023573601,-0.5136269083356968
-0.4425909079287233,-0.34302632013356177,0.0295741098375475,0.09030808113789199
-1.0246168060534893,-1.006437081993293,-1.161060165348092,-0.836041246447978
-0.13171380797216956,-0.2307325376274099,-0.3901639623102361,-0.2499496793010558
0.07512758776842844,0.1095467368780936,-0.07075036042812516,-0.15864619980721553
-0.07822150318757554,-0.11827552660165319,-0.09078332279046455,-0.11882023734741864
-0.1534277198903812,-0.1403539536142131,-0.08375594272682846,-0.02314292578076179
-0.006111263469550046,-0.009843270703399415,0.0008662477139260365,0.015146194614651763
-0.0016963860819162924,-0.048292782869516736,-0.027125140670051187,-0.05587910481204459
0.1927282371589085,0.1371560829891548,0.003331238560033238,-0.18639497782255995
0.07678112292318426,0.1602848226016763,-0.012762351503897719,-0.12089768034428
0.017830069152899006,-0.08958536776432173,-0.007809114378058654,-0.13692073420533046
0.6763811045344564,0.31411895865198153,0.515918524170088,0.4029776729631232
-0.7146767440792842,-0.18961031238630535,0.6509751151468061,0.26318684971994377
0.5912872384189777,0.3698066500684259,0.43495118082084633,0.21266624127913097
0.36481193611867363,0.3176126424260282,0.21419554960388176,0.1903089906678532
1.1142209879793403,1.1011478022802166,0.9737020990310604,0.6981056298166572
1.0431713662070312,0.8923822217454399,0.15580070943703037,-0.026334843319225858
-0.057432125776227055,-0.25502530654629896,-0.2592207099942612,-0.3567618181364963
-0.18550853135706255,-0.28833957650847697,0.08661225172610443,-0.5055805247737927
1.4119850582941027,1.4835382797312746,0.7034380165355625,0.513291717346476
2.780990320219016,2.2165880196308034,2.2281575093050083,1.9429216092785706
1.2611511232899015,0.5128695960224515,1.1086365691410447,0.9471405259720338
1.004608888339953,1.1001668228089154,-0.06372477511678926,-0.6476506639330488
0.5650242363347274,0.11346746963590937,0.013945894745056617,-1.5404659909979312
1.52438657745357,1.7902715923158334,1.0694316374813277,0.1955507084603604
-0.2842840761971478,-1.088822987551163,-0.734515914808509,-1.0331724161747335
-0.7251493620076196,-1.238425312211244,-1.1626201840225736,-0.7928177094101784
1.552113342698721,0.6340240015827627,1.2640629207723975,1.4265867467698614
2.2367915975181893,2.4617604998994476,0.8347947732981045,-0.46543986611873417
1.5366424112546078,0.05816892532551337,-1.5871144802488113,-1.0464436695769208
1.5713519399621612,1.1822938064945707,1.3624324087996038,1.3568354744594402
1.5336465893112443,-0.0823615657440946,0.2943174437259247,0.42286487785845495
1.8606118341593767,1.0928680367492103,1.6219376822500227,1.515144354936784
1.1242127086142029,0.458171173988468,1.4137660390443825,1.4709936039267304
1.2543960089167367,0.7604725662324395,1.7296506186292138,1.8250791508567321
0.677139313543144,-0.09629307383976982,-0.26540777491726675,-0.4722697355735394
0.5501193798195014,1.1760076886897868,-0.023959483244644093,-0.31409211513702495
0.8195545695941182,0.8813959059995098,-0.08858360473680406,-0.4934508694041304
1.1408461903805378,1.28726392695031,1.3832955489710883,1.0340688253441341
1.3878264563643332,0.3931726457529454,-0.5794480866041996,-0.19014349958889143
-0.10831215193696153,0.4028656059814919,1.5864971322892836,-0.29533775024980846
0.6834647169581767,0.5518517926076434,0.5177121456785017,0.7401746815087961
0.2604827803994276,0.7391110828800449,0.3347472048914661,0.5335207964338317
0.024919190934820267,-0.09348328402284492,-0.8827242469122991,-0.2358607012395627
-0.03231925016181847,0.27453936005374346,-0.6804098513111169,-1.197157542808415
0.7994267075118097,0.6756109409672292,0.03929346504074153,0.11440201737401295
-0.1645086198549762,-0.308566024879165,-0.39510784796684606,0.047315005904657675
0.5707220600856077,0.9362739761223555,0.14112241523439328,0.16395368386936368
1.5234535438291048,0.8406686014228302,0.533982097168303,0.354686038053417
0.5266276163024545,-0.017234017505614964,0.07570996420374007,0.29298516125836804
0.49534391969072167,0.4151723142452043,0.17887194033459375,-0.13492070091516922
0.3433389883024639,-0.02386948946440546,-0.07026218578034653,0.1466929839424685
0.17676009760206768,0.2682752219360775,0.25328884008553104,0.09018805753392263
0.07374101624058498,0.05292603067129994,-0.06675234648016062,0.09728182437363436
-0.03595616959774282,-0.081326475439901,0.0713609869891229,0.18996973159410627
0.025194185270531546,0.014963495517629601,0.034276321110442265,0.037116301616095235
-0.020525847904041432,-0.0058563787252208935,-0.014516814183261279,-0.02056809250718488
-0.05343367088872574,-0.09504846574376626,0.026721701409939035,-0.0020100118753878676
-0.3820162019080629,-0.14029483332856876,-0.04054126317441214,0.021607443351373695
-0.19958889296401042,-0.06799655741799009,-0.048674015293910446,0.012427967131895968
-0.15327618156467795,-0.24416458364023044,-0.16319763045408855,-0.22506971906682224
-0.41867719009832044,-0.24574960935965254,-0.058692444685804764,0.014493879928662894
-0.898336442792763,-0.575234337445852,-0.18418526128519994,-0.9546650199187208
-0.5701715708158668,-0.5273846315336455,-0.1567798656677993,-0.0855333993685351
-1.6316150472259412,-1.1409540536343168,-0.9649447059897259,-1.246912499233248
-0.9607464575182285,-0.7912155877836767,-0.26716672642479744,0.20791091649338547
-0.36556625765023454,-0.41962995132858183,-0.3652783027269323,-0.6217086630069149
-1.4590560209674248,-1.6251834573844988,-0.8991339729128293,-0.7499898328777422
0.21717730368206392,0.6471155413183276,-0.11539265602158032,-0.6466280732829388
-1.0802310626082976,-1.6187651392631126,-2.510847100218833,-1.1814725101736723
-0.0572045968527067,0.5358296009610649,1.2306445435200704,0.9900939748219818
-1.01389199431441,0.0328653524880368,0.12386762056902734,0.10757389016110049
1.4634724242975803,1.7734115076529202,1.974908346483511,1.5089724506035105
-0.9965916418407972,-0.8926300060381374,-1.1276284207050216,-0.08620143160282588
-1.3903608486681622,-2.0250300083776454,-1.240395999295333,-1.3619207748817062
-0.5731856064510025,0.5360679634372602,0.7834337283101116,0.11507281743290433
-1.280417218221553,-0.723336260498273,-0.3546182629812022,-0.27782494030592725
-2.0213268816093297,-0.9364248392888326,-0.2782348826109651,-1.524510512238456
-2.1408237782007324,-1.8266790924699217,-0.40963623422155215,-0.3446798546579806
-1.3192123718720024,-1.0480561992898012,-0.46934839307703413,0.9589302919200097
-1.1973845731912633,-0.8292571349052104,-1.1660569218551504,-1.2244957672667018
-0.3423113225637391,-0.8788945735794259,-0.11487492581617796,0.43008054827141645
0.483639173778584,0.8945328264565978,0.5874897791159953,1.353325158700773
-0.42037136035885403,-0.18123814414800973,0.3800844762046793,1.4092269670133806
-0.407436282023586,-1.3396504695145315,-1.4613101402571111,-1.7397758434805148
-1.5583413511986945,-1.2159981587823494,-0.9227162592856879,0.12754169755380831
1.062495768490503,1.61409375260989,-0.02081433899311091,-1.5519185492237406
-1.5557936889116368,-1.6284031622883304,-1.1765108006379772,-0.6386077079576714
-0.07721547830376008,-0.060339490610298974,0.09185249693659625,-0.8495603207798105
-0.17697675853063768,-1.058511341014822,-1.6643393376559175,-1.3404646736513977
0.5177646967066493,0.03760567845400683,0.5562437962255855,0.8457830580419429
-1.430612211809194,-1.64682329061734,-0.6555454218134524,-0.07210741540244048
-1.4311500488711135,-0.47815657877597134,-0.16712764298622493,0.47561730068637975
0.5645501027782313,0.6086295015662871,-0.10945904510333568,0.3143094767474784
-0.2882342179415276,-0.2390110805047604,0.44040880879456734,0.8590595645147808
0.04218430309644006,0.4193298421615317,-0.6420365161359924,-0.8142931948464553
0.003476891782359275,-0.43536869919811344,-0.13891163125896575,-0.7872926249979082
-0.09332230584917167,0.11179394427501584,0.11786498057866089,0.22063998560568313
-0.06500130313531259,0.015352447687406562,-0.34220855223708424,-0.04796799603801732
-0.5465575568157065,-0.5255002989225944,-0.2863136450525787,-0.35767190412461514
-0.6012388712216991,-0.42115368985001844,-0.5036747063248821,-0.03822026113221223
-0.3695529948941185,-0.36079206555969273,-0.10393267110892566,-0.10071637566524201
-0.33221201947590545,-0.09494638543085553,0.09013324574334194,0.11462881511957075
-0.17048319058888334,-0.05602922221246738,-0.252640986015155,-0.17594035184766532
0.05017315655396481,0.05075667015749161,0.20294897416241306,0.22276550061748834
-0.16534099838248112,-0.1390508485019674,-0.04294263732940793,-0.008027966653713756
0.05208927322238522,0.04801007943035524,0.02917044353834167,0.032271467588664615
0.07574424813202844,0.07739334083102939,0.0884318330326798,0.13883432971694493
0.12221886735887864,0.35629325482971735,0.28604250404577136,0.23042963584074974
0.03881229530007306,0.01211849263524123,0.07096483541843841,0.15277227017112024
0.38899497099022534,0.46095822310540546,0.1641742048414975,0.007582084460089333
0.7223874886278435,0.40660899050189264,0.14671211780382828,-0.05226386904966553
-0.5438555808033854,-0.7576338086630379,-0.3498147981007572,0.07728794012338852
-0.09357520098427577,-0.3699134175691735,-0.6827252867063244,-1.3235115589373045
-0.47143206352063083,-0.5598122700981679,-0.6183388103417665,-0.9309897444284614
0.4254018475485332,0.5235042765183483,0.3283151428308847,0.3658088955513399
0.7897675801526783,-0.30477381089993255,0.670310074807658,-0.2054694085511072
0.5351932277928309,0.3857974763536223,0.24392494068672854,-0.501408712522298
0.8523736167601625,0.6107196729157884,0.48674109011480476,-0.578908586700495
1.5555341952977435,0.7205609475622438,-0.6986469470295018,-0.13947139561630703
0.33324560008621057,-0.17522261579305412,-0.6097289516368111,-1.1726888225840184
1.136058762235313,0.9322767033898496,1.8013148725957933,0.7503525611988835
0.4923775776185777,0.21723108567206517,0.9625635790374604,0.4537245348268782
0.38319330580361893,0.24560148957793185,0.5415854763673535,1.7884635644941675
3.3042848655907275,2.2623800688722255,0.290894762175964,0.6084076541187314
1.1314168315907358,0.32347826309955857,0.33299396007781396,0.8881663884542107
1.3211089811327221,1.5036485701216171,2.191602302130927,0.6555448089411979
0.9049586129264224,-0.9358734697979901,0.0680016705648589,-1.107078212052412
1.4734246456575617,2.0922857830161568,0.07240708652709857,-0.0029124184013588745
-0.09006796258780944,-0.986566094682538,-0.6311000062869748,-0.2240664676531904
1.2292738553635942,0.4182428994256752,1.8233459064455926,1.4720630144152145
0.6175369576592831,1.0188368259617142,-0.8875580798563104,0.10519564630354326
0.8882144672881976,0.832447757036627,-0.4270065138239094,-0.1943731002392525
-0.22699064592198132,-0.2120466775774411,0.42827322913056587,-0.9559611953788721
0.5997546922963916,-0.6199002046337605,-0.11482930663251516,-0.7820080206105758
-0.04142418709519785,0.7509815328682784,0.054660957684904726,0.8409290276403525
1.0110751322489726,0.18511121423247928,1.0177955856151726,1.2078920113126392
-0.877954391938663,-0.2456699987288954,-0.28431123886405474,-0.31772380575532483
1.0147537099392865,2.0029962899231406,0.23688248119281508,0.690663802871507
0.24108684570294672,-0.10342405822396153,-0.3731945249372381,0.07557813153840146
1.9885992341753655,1.556016117051375,-0.19179781823414743,-0.16214789097753346
0.7991575380640392,0.5870486138838793,0.4959968866373558,0.4141364804908304
1.0513956668928792,-0.5513485048507634,0.04052531343817837,-0.5813665236972779
-0.4079484822141277,0.29116193557979686,0.727630530234424,0.7399336276773991
0.9070117582463376,1.2856896238489224,0.7730403663221951,0.9565680582974618
1.0453126178675414,0.89064065533734,0.0580831453117124,-0.5438948847674633
0.8932029099985683,0.6179297495449845,-0.23070294168675706,0.21747020018913837
0.9020010724394045,0.41121732882152484,0.2252741775340657,0.02347088949237275
0.22997860694105648,0.2992725362459972,0.06885999028789087,0.7794588889557996
0.3207448533280538,0.09960010760165192,0.20647227081652023,-0.29330667203437955
0.8408644680636179,0.6134856643757739,0.6264324629173357,0.5505513280407441
0.32442419487965923,0.14896901873687668,0.05710522126832238,0.40894667384503736
0.4181746705729978,0.5169575298309285,0.2674562342536768,0.2963796308626144
-0.02798869359850893,0.025638223781089414,-0.2905659128214782,-0.11478104292044049
-0.03002162435406186,-0.08048472675099747,-0.022033680275762076,-0.12372421187385325
0.10227403171606048,0.07310940084618224,0.14336299091421834,0.07360767129034707
-0.022356806896851104,-0.012445776895606197,-0.007910521812896178,-0.00988977290200591
-0.06351830386400514,-0.04944796058683404,-0.012725065742954325,-0.09282214353927992
-0.14704471153071355,0.03133922079445658,0.11773903169692096,0.0968820776000813
-0.358791202543278,-0.3802442472662976,-0.10776326700626991,0.11676505391438723
-0.07908536759050923,-0.10520822018553401,0.08219816342152539,0.14171006918625081
-0.09489861158849332,-0.3771092473471401,-0.5592464214370566,-0.47785522314568124
-0.810014066861404,-0.7961451757067087,-0.74750730508627,-0.06469199809423602
-0.868864159314657,-0.6018368499168015,-0.4864718867961155,-0.47533410439829415
-0.009897374693052326,0.07603349086398602,-0.09675588384535105,-0.765951694061551
-0.5079235508049973,-0.5345018979969066,-0.6734868371231467,0.20870565026664029
-0.041989647348620936,0.15397398058748515,-0.4478811884813764,-0.20305828303695012
-0.7266869143407687,-0.17297590927715922,-0.7015565298767661,-0.054462568935793286
-1.8372885094698506,-1.9245748032769103,-1.9543094269027723,-1.4146757348307586
-0.6976134296934834,0.6425795267721516,0.470280347341554,0.4487576839076813
-1.3724192792799261,-1.092126471262806,-0.24581443021337418,-0.03924735258912492
0.31607109255644666,-0.48303669033977437,-0.5576553789889295,-0.45497739848622015
-1.0164321676076884,0.16105787266655897,-1.0839122849312033,-1.048217493898214
-0.7030260985480663,-0.5313520389999091,-0.7293220087860496,0.5709687483368534
-0.6397129656097381,0.3350573682170509,-0.46968652262228466,-0.675320227087817
-1.0638691673603424,-0.611223108164805,-0.9665724864926118,-0.5912321621599369
-0.7506494988932081,-0.6054039545865049,-0.4814610166761225,-0.6236302933706259
-1.4250215119309657,-0.9062621352251485,-0.28949051117288327,0.06847472989502745
-0.266876022126022,-1.3385293587642533,-0.6789809249800924,-1.0917012491484368
-1.7038994782317134,-1.4061236886762798,-1.337837165402284,-1.3382893231479203
-1.3420212705123256,-1.5369944848504886,-0.051480277027535576,-1.0024757704767682
-0.4226145608370433,0.5133926950223365,0.33385129722589785,-1.4153907681200384
-2.919990083238895,-1.3640619513147438,-0.3164966287845436,1.2191997090435707
-1.8400327662987639,-0.9417463502905274,-1.397524307922143,-0.8272853980607705
-0.799178507365576,-0.7284716507139912,-0.4938107356677089,-1.2618266880465154
-0.8327229717965685,-0.2602376432367965,0.07614547014549325,0.8316335886075846
-0.6909352574523994,-0.0863046343074967,0.013906013460481526,0.33354643272052487
-0.9601384867741934,-1.240502391876499,-1.7709566296582753,0.039522412951800145
-0.4799618207826989,-1.5584282347953844,-0.9278064964524615,-1.3737718630199973
-1.5240515514098623,-1.3599948791822103,-0.4168078815542149,-0.20743455269618596
0.25271222519459374,-0.37016693679992363,0.227004081459663,-0.3374543570294731
-0.30096089481233645,-0.30186891876586996,0.18954973241139983,0.8289263653625756
0.21287803875990466,1.0747504044649263,0.6143114322219024,0.9613794696913048
-1.1437739864345506,-0.17094751908438277,-1.715232608388697,-0.9457580990884178
-0.035170326657077255,0.07084991716182187,-1.1023611618831897,-1.8848443306116829
0.06435516325325072,-0.05686935905763987,0.7009534414163634,0.3561493920038042
-0.8202018151990672,-0.2763145337909726,-0.10733554083674858,-0.415914851161473
-0.6517357224445754,-1.059542957391868,-0.624315408287808,-0.49591293067685327
0.14651026936779007,0.4673548763539323,-0.6379666678873186,-0.7993624952561376
-0.749245543330779,-0.3672920668278097,-0.6331285296880386,-0.732147914823067
0.18958910235449114,-0.29109198984442525,-0.2966938987260398,-0.36694072148074375
-0.6803361321645394,-0.5150263785915014,-0.25797568451496977,-0.6722745933963867
-0.1361312538764039,-0.1830103778430652,0.05271266119363725,0.12115675193759798
-0.04713231163282486,0.2123538267914066,0.3771319908272625,0.3963274436611236
-0.1189901419411498,-0.04461255131788337,-0.16276840074319826,-0.12056404191259729
-0.07724591287215096,-0.03799352088321469,-0.01868190580529908,0.002163980391208646
-0.01593084027889049,-0.017455380957346497,0.0015512561851048104,0.015679700623509492
0.08237379960105627,0.06834459498651649,0.062457177519963346,0.007050994316195709
0.13719489815274824,0.17723278557636757,0.10819065486006321,0.16069192046282196
0.4306031983877991,0.3097934974006257,0.19089802208041934,0.06667597066225239
-0.0021771703850450895,0.01588903653402933,0.14301295965004585,0.05741821716206089
0.4443236914422608,0.6171114527701066,0.34590141735221613,0.11107962756241213
-0.023401196231626082,0.36351617961815225,-0.393359330122641,-0.08699618180596075
1.2757732800002861,0.8798268837353415,0.7770907270870763,0.2959923279549284
0.5424096046478917,0.31874047712009573,0.6439817958989906,0.06308887371438579
0.05551522053211091,-0.10433999041763874,1.2926352136874335,0.8264393786305473
0.2859554091579055,0.4475317954449511,0.15083837063172123,0.16121469029338384
-0.2586031544191379,-0.2997712935672417,-0.45091159766575484,-0.7529682107343278
-0.3493296390333393,0.0691364384965506,0.14209207448673492,-0.2532609577231187
-0.1869233007806146,-0.22757034753764815,-0.14688327381446403,0.06710118578940737
2.219545892218618,2.091543411411359,0.9613808946366545,0.30819921495000346
0.665642496123704,0.7293389315997875,1.0491860997611213,1.5018021603011387
0.5011204594897751,0.13774002114146114,0.11018536438097641,-0.25175776654371584
0.9169114374901909,1.0381370013564963,-0.09212883950308362,-0.9665878459924635
0.01048400118052496,0.13244634904151875,0.36531961583430433,1.3287918724315282
0.7632768803027443,1.122304990517658,0.9871950930557906,-0.35490359660513615
0.14546195366359976,-0.2641185802091903,-0.7836414939738163,-0.29873927651571486
2.133591179823489,2.1788943498175968,1.0168558999628063,-0.22916746612881536
-0.723652062740702,-1.4286666058480113,0.522292655396081,0.5712443761933136
0.6958693666690083,0.7579592083020545,0.9397717300222453,0.3947851881380754
-0.5258287248834232,-0.5436233911778169,-0.09817386531580065,-0.4064499229448905
1.5673265555256979,2.249223209244151,2.1588006461648237,2.2032206784510744
-0.5014941861612031,0.6224596148369053,0.36776975986065974,0.8571291785390209
0.465794122349546,0.8199080466452274,0.7326484851690849,0.3758934917765657
1.435111091349661,1.5834932625880078,0.6297254391177427,0.5112258776982977
1.3793000691513726,0.5456855221332163,0.06668435751190263,0.19702843179162846
0.23102145832999596,-0.1456542580600285,-0.04922023313157965,-0.3021879091615807
-0.21409144994343263,0.04644388318242779,-0.08123170154431619,0.17059141679485668
-0.49385761157787594,-0.28984688458208374,0.44301612944776225,-0.6438707192182128
1.697670553962306,1.7232099665833425,1.0343993386770436,0.902024417099813
0.764604855776344,0.9941761751567059,0.15212064785217821,0.5643553637578008
0.7041124935983122,1.5308410313636487,1.571487892937593,1.4544431476833393
0.967617138205264,1.2314503122051563,0.7753520453559082,-0.08281223672412191
0.7561052054414656,0.42706588858441497,0.28214866469701366,1.421286800593412
-0.23333330175938985,-0.6388939801135277,0.20187286854420045,0.020526847747979835
0.8159908292082892,0.6394550535220301,0.005955289712889112,0.05486341237935074
0.9418055547832589,0.8228288154778262,0.46474085668344434,0.1059006006498979
0.09883912769816247,-0.17559583149508504,-0.6311757151320272,-0.4768992054700104
0.3133326140456599,0.4659687081121257,0.735776275156995,-0.17398761862599885
1.106200677140839,0.9300128763675162,0.7383713066525113,1.1411299122161735
0.789199027237315,0.8210903350922443,0.692030776467663,0.9962309412832578
0.4508988082882349,0.1330333884282641,0.16602044241154712,0.06656466077420607
0.37342926547960265,0.2113692257219615,-0.0640512578785709,-0.29897824034543896
0.22562930558897676,0.34666691962582397,0.37302045951915547,0.31369410461641334
0.10240525804007068,0.10927320710833438,0.03686361770819812,-0.05322145103481058
0.07527048475898475,0.06321524736795507,0.03407084447604239,0.044820729855633124
-0.031021356759439876,-0.024784359885034704,0.014882406313128203,0.009096665936251053
0.006627584355312613,0.0020060624763413104,0.05294954946029987,0.11369908315064602
0.060263794922948595,0.10465945507968583,0.10008774808695096,-0.08332745796625239
-0.6863728537976338,-0.6159077267657402,-0.5276704044059379,-0.16470134780005324
-0.3262477093387412,-0.30396785109569563,-0.25444195898348826,-0.18603987672840136
-0.07117222398326505,-0.12767839314911375,-0.16524848130498873,0.05899592756484963
-0.9130893337642293,-0.6935751590431232,-0.06501097109431557,-0.16271880400002306
0.14885157174028077,0.05890485271337189,-0.03631721091348786,-0.02995575233110357
-0.9123083018941206,-0.6700547404151804,-0.6712502824052876,-0.5509726009438429
0.6982469801092299,0.8936240894677169,0.3914314347373022,0.6012450924597691
-0.9600245205403578,-1.254970059587421,-1.0115866756995517,-0.5568175521762867
-0.8999303073663866,-0.19884592589432806,1.0149111944352844,1.7236748319250514
-0.5154173135147306,0.08375599030013435,-0.5294785488176038,0.040799585629211696
0.04855456167832995,0.867840878666121,1.7121712989822797,0.9779065166874542
-0.7076665963569468,-0.5955999366247311,0.8084839592747248,0.4055781198940422
-2.079127244989208,-1.8680385540546445,-2.2758001553611606,-1.2319301904246551
-1.8752626406405628,-2.0292050866467655,-1.3361139656712413,-1.352587938100113
-1.3612764131952046,-1.1986000757547528,-0.7267303242054584,-1.8993118158805546
-0.20117310111057804,-0.763606710366804,-1.0224337044199379,-1.1022852360667095
-1.5047354129389567,-0.648867872502201,-0.8417020214191782,-0.27204545429584887
1.1431419631402888,0.8781351101463123,0.7856200788023946,0.9341775092740762
-1.7311371115339313,-0.6634897369402656,-0.709368029106708,-0.030106109933656228
-1.3575990722018723,-0.4358564575992161,-0.9970682660481016,-1.134269746970077
-0.42270379546914555,-0.8115171608554209,0.6122992621710691,1.6885530109265166
-0.8782424535931437,-1.0792745043111946,-0.7521612652267181,-1.2907918144315962
-0.49885322009392363,-0.6982902090828947,-0.897082044552334,0.11183803890016336
-0.9538780315049461,-1.6100521999702861,-1.717501473266351,-1.221404937620221
-1.169681491294415,-1.139358617249075,-0.09968892278901512,1.6643443580484445
-0.8378055020657386,-1.2682566122684438,-1.5066063191061008,-1.9047835656107517
0.333496790052143,0.6976512409019691,0.6126794654690767,1.4790862006512335
-1.212686613552302,-0.41270366033445377,0.8830929676435555,-0.045994900320178854
-1.103974928879616,0.6557610757506839,0.5292424198902308,0.0976704055659462
-1.1954281023617608,-1.0253406755154943,-0.5248964593081903,-0.8805324340911578
-1.3842757838115514,-0.1653796301661534,0.7438195264783296,-0.29041319657659376
-1.1190748517839808,-1.1895195139546015,-0.6883873645144858,-0.09534353881084535
-0.8180743205073081,-1.0109569259857385,-0.5540374760193117,-0.887442241643744
-1.636233640232678,-1.439109605765077,-0.9069205844011164,-0.35209537552420067
-0.7288695243722708,-0.5507866033721215,-0.9904581617988083,-1.3699434320185238
-1.7000819697191174,-1.9910355665883268,-2.018229012964532,-1.3011045362882006
-0.9054863355443371,-0.8096948122420123,-0.48837344156288365,-0.5603088242386756
-0.18064578379321372,0.1994859356047735,0.45757225012908365,0.8437918403140129
0.3049299515573651,0.14648526829730205,-0.1889486848999235,-0.5190158664633391
-0.3518883703172126,-0.1561225643866355,0.05855529195338272,0.2984964429924968
-0.07167930294134224,-0.0023816509121223294,-0.04856352240524468,-0.35565378012124443
0.1173488947386748,-0.07939948589656252,-0.40681765410713366,-0.4487543717033272
-0.7120782261056948,-0.4725024577437359,0.10017393914046947,0.23787576550637696
-0.39307995195805867,-0.1516411469380892,-0.21818576507417586,-0.18812230350107698
-0.10532282974401037,-0.3281102850411896,-0.23552146908526267,-0.08313722370834803
0.03566064113634302,0.07381344114715706,0.05821817993425843,-0.014890474298053668
0.00929640583155312,0.042088791379493125,0.05855504987903113,0.016037970213757437
0.011211257686170492,0.012036195753481511,-0.007939485858990262,-0.009830774539702424
0.24713861852831792,0.20903436878515746,0.23984599589651495,0.1389706705354968
0.10471431360197403,0.08660963003091433,0.3759637020267926,0.24084756576894548
0.19790786121487194,0.15560411073217384,0.16323158201524848,-0.1280110766892917
0.375660017561079,0.34001194430324744,0.4054038767677436,0.07468812194001946
0.29811836940804703,0.4432736986910164,0.4535526829143573,0.7970463833502016
0.39402890276200897,0.3427833560400117,0.30564982912520183,0.47574724066620505
0.2025958176044016,0.6213163386110926,0.5732366132582022,0.15052251940485206
1.3136631644837604,1.1204436246666432,0.7961969045690027,0.792137875138416
0.2360752703135267,0.37010435207842624,0.24254179131939696,0.1360417719944484
0.5510035958246382,-0.09637769416942665,0.2597559862365455,0.4665865940101364
2.030902718696906,1.2272083208121396,0.3140277545594318,0.013606781954036685
0.2254927305711793,0.6571915661042039,0.12144780373275114,0.219516235835706
0.357728963719477,-0.02558939247739155,0.13206593815088954,0.3441113900137432
0.29966540739702385,-0.06337020080723507,-0.577804536705919,0.4072936232140288
2.8834953170960445,2.374735225031559,0.6945315426242608,0.35776266273710366
0.4843216327063007,0.5195622824884181,0.27969554637684557,0.41805523115357285
0.2253212869633381,-0.5280157604984999,-0.27373977411526496,-1.4541965834085242
0.36312747048776045,0.9374566660380845,0.2761733210372397,-0.017810415294222913
1.3062211230519656,0.24471599987287504,1.1893210082979306,0.588538773208082
0.9096318696343005,1.250039547788078,0.3909651432009305,0.9084673435368981
1.3407522278594235,2.057842487406421,1.5206796078343405,1.1379436663514853
1.3384816110164843,1.1727932185131615,0.5550812814265473,-0.3871259948600193
1.2819983883823507,1.0383231345220745,2.077754585952432,2.02695149093679
0.9775978378323759,-0.1022814901239376,-0.4124699730665154,-0.6785219327210109
0.440503873555702,-0.333794076836208,0.2796425079388244,0.8943287064679032
1.8205312181861935,1.2025619282649707,0.36823959733841505,-0.23330822581003513
2.5517151313150124,2.3495239832646626,1.4049320214689374,1.3775507501831639
1.7088238494544818,1.3682679502026671,0.5618135415401979,0.17498943610120218
1.5261133549866779,1.0770452596211237,-0.15126887741213768,-1.4836318116332166
0.9512051988267679,0.4058371318515642,0.42202132486747523,0.9582158175875162
1.590526961868806,1.9857720025905483,0.4895115922011423,0.8218252802784214
0.4992563649085186,-0.025980094678180677,-0.007504675300570715,-0.1413580908303346
1.5998970561634909,0.4069081405182887,-0.11882702260622884,-0.23435144990463377
0.786359675997117,0.061865916777877686,-0.40326889543971134,0.02753074141931957
1.1496424743147668,0.9542799619922434,1.1731932544431294,1.248513803716918
0.8524264461651554,0.866897072666244,0.9893796987607562,1.0704195649923247
1.584160997089276,0.7015617027995702,0.5830351396478711,-0.19306122250576013
0.9059155032009149,0.054989752520632894,-0.06481682611196612,-0.15666795672538741
0.9545394265554347,0.2014947244067658,0.17331288725997285,0.4554178127769423
0.5886023894948061,0.43777610510890197,0.3414500931989909,0.42120355240632357
0.8811707251589633,0.7701484721495047,0.9981802414539893,0.6713721926954569
1.0097870043151775,1.0102246475116778,0.8160080389108906,1.0347007912102981
0.045684258329891994,-0.18518591329634085,0.5096604682432814,0.39177692639834566
0.06736021581575326,-0.32902596335041545,-0.38928118556851765,-0.10937034079671312
0.02580328617999903,0.2549289054815382,0.07644848630646284,0.12789236544122173
0.30681131786840204,0.3468257338356011,0.3917325225527388,0.09792917355296224
0.3886587919717111,0.47855003258568435,0.21070340358077647,0.2705059220053005
0.33787115964394526,0.24742055830050805,0.1019379063249961,-0.14018560164974017
0.049147617829161445,0.05160861714283749,0.025956127187040202,-0.013909404762297992
-0.0013889420904210277,0.008843379973098137,0.010872357579742784,0.006153964607169123
-0.019415645949607256,-0.0366388680634617,0.01715439006921493,0.04339635410466898
-0.3368691919449104,-0.47006020915904195,-0.32068186849440655,-0.2357122555632346
-0.5949871858804994,-0.5920601215467631,-0.28829654945163136,-0.10452751918418766
0.0501467254529273,0.10096177801082495,0.2378838006223948,0.34106679348073804
-0.4852797190377826,-0.39342203376167034,-0.24664719704878524,-0.3231277350381856
-1.2408930168680607,-1.1145183469378435,-0.9454669531133472,-0.7117097078250222
0.054711841885609645,-0.016485764631650215,-0.724032108219115,-0.2389368853705479
-0.12164424602581303,-0.5107779425177446,-0.4691327417669748,-0.5557969505649297
-0.3451230058952043,-0.05086159861916362,0.18250560468212526,0.5796089001337089
-1.0926992576206642,-1.4079362932079997,-1.0488739225757746,-0.9954981398441441
-1.003379473928529,-0.6317515820092149,-0.19884163871122262,0.7857401923776707
-2.3420730628069264,-1.6918157961751406,-1.6225671516230034,-0.27068684942395876
0.36420486053010537,-0.11193886840585465,0.6593107868968939,0.7085634629828637
-0.010481221562676975,-0.05189531318532828,0.49713811612881614,0.8701703270620752
-1.2334503757927415,-0.8409121468306009,-0.5254535803362932,-0.8185042075407938
-0.8942197672009933,-0.6663180469824336,-1.0268687344749337,-0.8667016383240752
0.2195448363499949,0.16879185945032146,-0.5713349666022618,-0.9646573452307378
-1.1593970729797918,-1.0337713170623903,-0.259175539013644,-1.1186783945926795
-0.5036152164139829,-0.4470922121752147,-0.24976199614805042,0.6486395552856742
-0.9941360573098799,0.07365379415185498,-0.505432190472588,0.2579066074437603
-2.8034484728770974,-2.073254340195043,0.08635248565513061,-0.7893909492465391
-0.02298267360996466,0.20800584375807774,0.5353300194014794,0.2519378639430026
-1.0770680341070704,-1.4754615389764565,-0.5386819260679533,-0.8519895252429035
-0.10707078724714146,0.6509905514161257,1.0709493335439677,0.11279278551599582
-1.746039838175915,-0.9011828239432178,-0.26522500195218107,-0.5208620626731683
-1.5055273130167244,-0.268888219406043,0.2785225245039608,0.37178233802799143
1.4437322069161107,1.4723823787229493,2.621635002190854,2.3275400446641035
-1.4611683441570054,-1.228914002659551,-0.46711322220524815,0.09841902175697895
-0.35530776136307385,-0.04747547310819488,-1.9200943893852505,-0.7467502870561193
-2.0104775516091897,-1.7901156140458987,-1.3901409862497278,-1.705619101802951
-0.8555778778071331,-0.4268497576987167,-0.02021175488845467,0.8945830989481501
-1.107486315207715,-0.9879127146148866,0.2679313849546945,-0.5915920640004074
-2.8695611303393473,-2.3930328374453858,-0.9040388478711187,-0.25531818939310996
-0.6248908755338756,-1.2770417633026172,-1.8912397193241073,-0.5417106807044204
-2.339453806902625,-2.07588542538775,-1.531392612120212,-0.15880445410714034
-0.5378579300584783,-0.19472987989822202,-0.8826785446095177,0.325579557180885
-0.17606606834543498,-0.8846043676068633,0.08012049688017532,-0.7355199774343582
-1.6072371404456185,-1.198926088287965,-0.6053807853241203,-1.101949899137327
-0.14961646917159646,-0.023806146972674722,-0.46941041400729766,-0.266028668070847
-0.46137691216262305,-0.18202603095786934,0.6139535023141512,0.6282516732037832
-0.5764006034955915,-0.4823738449845178,-0.1194335176241499,0.0626467642703597
-0.4219337440081967,-0.5835807579012429,-0.5663575998052238,-0.04960105912328419
-0.2982739623699304,-0.22811456956298312,0.13188980857021426,0.205152828209017
-1.013538355369242,-0.7683159050411195,-0.017955930743646625,-0.43584222927388017
0.13761957774145178,0.2664424793942745,-0.0794828606799852,-0.08774359903142204
-0.5297877495591411,-0.18463113228815145,-0.19377854324143762,0.0017893291710153949
-0.29192659189719145,-0.43174331254623605,-0.19340583912730205,-0.06195122785037978
0.09070904936638177,0.08404121494768678,-0.024169335878166172,0.14417553449161935
-0.055720339371970413,-0.0829313674599573,-0.02719478682706964,-0.09402710277351814
-0.016042136365920508,-0.018702150233892833,-0.010723869723273332,-0.000763402142422426
0.0830667256076627,0.0735514975073167,0.16103057041249683,0.18610743207787153
0.19252234243539296,0.16176121596279588,0.20860386872418513,0.013582274195541685
0.2750747581954942,0.1482225015491709,0.09905370471234728,-0.07328497857833262
0.26720558115988136,0.35799974676441987,-0.05290924850024211,0.09420287666895887
-0.23726408898001608,-0.16560356451556085,-0.12135848311576523,-0.07509286369603688
0.7997248256451389,0.37652304500274003,0.4219139374353235,0.16449634155532047
0.060652589978658654,-0.10135293559255447,0.43540603666077743,0.2041402991783902
1.0276491973998803,0.5446809984029508,0.2830331280829287,-0.25248394050493644
0.7551185169537988,0.8722936015525521,0.9903007113835557,0.7645422557907574
0.6665587292899887,0.6307888474020051,1.1047679343976347,0.9930421691125095
-0.413799646268009,-0.9510730161224308,-0.3087029211812264,-1.138235593579227
0.7447902362217482,1.6244774607985553,1.8433983976253203,1.3118471385643313
1.5212636452364092,0.5411024441773034,0.8288223010970219,1.1826401256890844
0.7187561233764432,-0.15640117386136157,0.019736387794969248,-0.2127318393976787
-0.20194594396341434,-1.0588858275084987,-0.2650229766858759,-0.5265453809280048
1.0399732210451915,0.9589712102683301,0.6687311674772153,0.21794571432097767
-0.024783021189845045,-0.009336082371018767,0.542147036489807,0.6122809376338716
1.257728390989445,0.1852526685590444,-0.007973848294409301,0.5205963924474977
2.6811700886667356,3.091640712765453,2.3302749024475276,1.1519137441743434
-0.23112883606293563,-0.18222832112779191,0.5980802639136781,1.7529986485462692
0.7077829475428429,0.5857790299881956,0.6791761445436615,0.31898494363058877
0.5631566512308243,0.30960863570154334,1.1022983324710711,0.3980823143929736
1.4466056973676562,1.990042951668511,1.772141798906601,1.9425293923277627
0.8836714450532714,1.030180529498737,0.153281066547432,0.9404195336027017
1.144075147201277,1.4881638325302762,1.7226049433050319,0.4762758753464888
1.7552260143030964,1.1690341998052958,2.6401720891097584,2.6707742039597244
0.6643454031626681,0.01937076900073424,0.14735574568408324,-0.14813829691968672
0.9505293651257544,0.4353083424461233,-1.918767359807816,-2.4783975135492056
1.152570978888846,0.26110114221767566,0.35331745903751177,0.7121374156775978
2.738705598298328,1.0405412802663079,1.3674855292156773,1.0357645810672933
0.31814339801242203,0.47247871351945403,0.6637221446576245,-0.2845938417603717
1.1919095626702885,0.957441805372631,2.1253546028608303,2.7497381141232666
0.3927257249261909,-0.40070050235214666,0.2901913461952626,-0.5503561796756464
0.40128668756735475,0.555190965602501,-1.1234609013698504,-0.08638336462800933
0.703644507437673,1.0222879733449877,-0.03452312734842218,0.2940361566409281
1.924356163687011,1.376280751845373,1.3181464979827957,0.3535721640524722
-0.10499160659641174,-0.9603745233894556,-0.5763552097376604,-0.9898288284849998
-0.7945893175689891,-1.2216981978101986,-0.23076404779889773,-0.4563297031305607
1.3156784002744155,0.7518529203280536,0.8521927316040302,0.012634991883844626
0.18792713043162568,0.43421528751310856,-0.6667708376292437,-0.4156461057864878
1.0542128104862507,0.8081900515197422,1.1970005448918757,0.8699315101221029
0.3263925891528324,0.4317687302987646,0.07244511858073585,0.05872478052505121
0.38101201417644914,0.5437198673342568,0.44778747475704633,0.029266802772307733
-0.014438342163382767,-0.2081397026963514,0.19995318337786697,0.1335047700932818
0.5491743178456546,0.6232226655231448,0.3801631691965092,0.4782665475725146
-0.025360790817334482,-0.24715285830803954,0.07309531235138926,0.28514263742785145
0.3007291425608185,0.1973623027832945,0.13418372138991583,0.08645089645044339
-0.12870784616457057,-0.14332445844701336,0.07953156990871568,0.05441494872506961
0.03970997316529049,0.011222402688305407,0.06497134002782914,0.012503156363892393
-0.035100839455241666,-0.014156319598248956,0.0026648160402855453,-0.01127811309297286
-0.07256935359397623,-0.041055849965154344,-0.06077337084628852,-0.10886255894936543
-0.06380399362367417,0.032428862198195095,-0.09449275291539744,0.028525810926042037
-0.7117362246042296,-0.45128246748801976,-0.18584833870893863,-0.059287635784274366
-0.8224760114699687,-0.7065544237619353,-0.4385122474174035,-0.29022815877462116
-0.3343102957652072,-0.6815689465837467,-0.0492151751581749,0.01285949141636161
-0.5169239379453242,-0.40934790235367086,-0.17459249976204613,0.23558899951430567
-0.7701335512162562,-0.5526202358358656,-0.5498582777326364,-0.1998308396060471
-0.4939446513859039,-0.687584373576514,-0.39103985182357665,0.5614722913798728
0.7085899669382238,0.3440200299400211,0.3485589659514844,0.4130145596232846
-0.9198022603829031,-0.6495269117031627,-1.3754476612094606,-0.4819479551350713
-1.6862367082526442,-1.7398446053805698,-1.0967382750699395,-0.026930128436571332
-0.23993917957825076,-0.8331822065227421,-0.5355625660042472,-0.44406849516614394
-1.5044517687930976,-1.0308242020967102,0.4890738995607892,0.6283418414753584
-0.5144601354148173,-0.6758296418197421,-0.9270069391414332,-1.0940929929746224
-1.0656960959915185,-1.2423490533388222,0.388086665674625,1.2012421479609308
-1.1458270148904932,-1.298956148009714,-0.7496535740633448,1.2252931821295503
-1.2060301934494182,-1.4263953740225574,-1.5104000620173843,-1.2152532314236886
-0.7706147913491971,-0.14036248029254775,0.0888656936088637,0.36226790958067895
-1.2519362046086047,-1.2193204397034276,0.0007148985573547897,1.2711130411639908
-0.24223551975796886,0.4536110637939027,0.2867911210552333,-0.041563589890159805
-0.8398533255611782,-0.5767110857009267,-1.3134686266383104,-0.36423543204962594
-2.6094622783761547,-2.234182314867134,-0.46139973363104836,0.09441590517931413
0.27293625637421465,-0.18837265468678263,-1.0041232121403372,-0.40730924045122846
0.6244467097035337,0.7942278261246598,0.48113646406840715,0.32342203756636484
-0.42984624241414054,0.4297523360995481,-1.00503394956084,-1.0700587594410336
0.35185053538020433,0.01793050290073205,-0.20890237794597688,-2.0467235865617694
-0.6798379120188,-1.0018146756695259,-1.836957166675676,-1.0074514569772024
-0.03229065983572963,0.22753482832330038,-0.9646832778965234,0.93700722021441
0.34540328234699547,0.5544750425407725,1.497686979278775,0.28424166688894104
-0.32092424666579933,-0.1287811978554259,-0.3021878144930151,-1.0541795750038085
0.49048037247511356,0.5348270759452574,-1.4318391085345061,-1.2542608186560964
-1.9876571927059816,-2.4207726963776413,-1.191930937520329,-0.7049402324455011
-0.46117173266071604,-0.49891586382212755,-0.10999867311342156,-0.12045611088093341
-0.7193506806863711,-0.6633355493863355,-1.2336051390910403,-0.8650408566294552
-1.2227079380996844,-0.9376390509414096,-0.13521587438925528,0.2140995899614963
-1.0664506746227054,-1.3417806663409644,-0.7855869397634228,-0.34957547590188687
-0.7604071329718483,-0.8674628576780692,-1.0953108271859884,-0.613297609652764
-1.6033337529679847,-1.5627032210490808,-0.15667885254765743,-0.5142064747740334
-1.7751886496532623,-1.8512566306930447,-0.23802820344085526,-0.3852686198547148
-0.3895234335249823,-0.5372566666605341,-0.46319068518950135,-0.36327243474953946
-0.8830849142735405,-0.3774097627235049,-1.0520471573533836,-0.6941651463278774
-1.3064742829405454,-1.3007323931182178,0.1655411513895564,0.35596550418795897
-0.5432220913468305,-0.7575726722611957,-0.44740700178639004,-0.1265221147388507
-0.7602020471296026,-0.6227353089730405,0.04337377536981618,0.17897455838844584
-0.06557038519930948,-0.0659416475143778,-0.183174485119155,-0.29352938822654806
-0.5410226329199512,-0.562919343388624,0.05583227342244678,0.12397299465878703
-0.10440514679053035,0.03280072085434936,0.06741589807331055,-0.009174879082795023
-0.1102543854498553,-0.012300385211916263,-0.14247475490816813,-0.22859360358151176
0.0015555635910477772,-0.0017856834636019712,0.02114576085726155,0.050035473557306184
0.03429084054684367,0.025500912228366153,-0.005498370393912417,-0.00915053159845634
-0.05666717414102668,-0.028766532979664118,0.13204335202691764,-0.022542513441590934
0.2032045390725386,0.16715836617881707,0.0607696617912275,-0.11227636916520492
0.01310265844359666,0.06336935799786712,0.15052028792482963,0.29566183268507923
0.4454919072492091,0.11055226547635784,-0.03143623385469015,-0.176616111870855
0.26397108963837707,0.11481884737384074,-0.13751263293955976,-0.5042991344414559
0.8672835909684956,0.2802267731753011,-0.4920307455433485,-0.9832395965198333
0.8667505574880192,0.7133289777703437,0.11867565765467877,0.41286472095777593
0.5310807845295339,0.6535163638925765,0.10367520886610948,-0.6140364699403579
1.6873733092431835,1.7161659054535026,1.332439196214681,0.6416088930551487
1.637754207253664,0.8292946469944293,1.2397742164160064,1.4912447635398927
0.20022110774299412,0.28713826035778095,1.234054315699948,0.05554857898265401
-0.5571418319950138,-0.6082065834515252,-0.1470860609344106,0.4317212210019284
1.1977254022868846,1.011195874275364,1.0795907092477595,1.0253905054552162
-0.404663239189705,-0.39477774413060357,-0.7644561639051658,-1.0261512851070733
0.3769100037486036,0.23976021712029486,-0.029647285420710445,0.09320883840987428
0.3897090188909326,0.3916218890295682,-0.7834212029742696,-0.8984303986053946
1.1390170140325957,0.8200978675725364,0.521058229550551,0.5877751675152932
0.31587417960800734,-0.7366155492541464,-0.3794560394730859,-0.6174154067689422
1.1513796783748735,0.9300587791414019,0.584162033147888,0.9649189192444678
1.5648476345247797,0.8533107688006236,1.0198754061134345,0.5845217008573522
1.1072828370370589,1.2195810932867401,1.317556968774968,0.26596865965535743
1.2453817914057888,1.7868282656941081,1.6007534351170971,0.10413710261655088
0.4405413462700164,0.9269509685038522,0.35983772861565777,-0.8761665458897134
1.6356042615311743,0.21600880143088486,-0.5335345260481238,-0.353096879130436
0.7503043417625134,0.9601528343037907,0.16720660927709377,0.4211729382101099
2.736847062133977,1.6899823499960893,2.3103717547815834,2.195789529173049
-1.0570236736790157,-0.6953236401261201,-0.5327393511009999,0.3641880636113811
-0.24460599438681271,-0.07796521320179052,0.6333751771625562,0.41083881940698863
-0.4084845128457461,-1.3115890457563375,-1.4667470132275184,-1.4349872281831455
0.9452689720087533,1.0792330985999818,1.9233455153534407,0.9675387484289241
1.1631781535728674,1.1929716702259874,-1.283021721514843,-0.1909039876796226
1.3350472282945915,0.6005672680423767,0.13507084190220545,0.302582540933301
1.1550893592854805,1.4354464251754262,-0.271813770767526,-1.5046675196006865
0.9050393932285876,0.4930202345074588,0.5823088130878091,0.957379708747106
1.9200131654467065,1.8061501190032694,1.9105734240069496,1.9884109855246983
0.9381252054238254,0.4763567434120446,0.30939485883914386,0.05909365388023269
1.6363653040071122,1.7545779424868,1.4739408412153103,1.7668087184833468
0.45515838983489504,0.20433620609959668,-0.12431719222350607,-0.7185003697213758
0.5989145501540801,0.8144813968964725,0.3930684142822246,1.0668904913850281
0.48848876592052537,0.12338477443317498,0.518244366619196,0.8849953973439261
1.1247019930531519,0.21940144457692307,0.13404948637469427,-0.10979268951270044
0.5909345158134003,0.32626567018132785,0.35985074468037326,0.32268761304025184
0.3039649835042294,0.3129066817135722,0.14200486524163267,0.08727947081238846
0.26779717161355987,0.40771127475956964,0.5631834409112935,0.20559860396261193
0.18182674868123502,0.23980810013294918,-0.11055170152160583,-0.3213484263229159
0.4426087651173302,0.6387140923079719,0.38492118936126307,0.3374745677224158
-0.026998893671072006,-0.03122703861640502,0.023276689229860554,0.0024318602842918003
0.01401977971316841,-0.004877303403431779,0.0730910423036711,0.062290257372074796
0.006574663892006767,0.02811818712898006,0.011506787803306242,0.035204830215915674
-0.03311754876350258,-0.023267025762507502,-0.03925093398284376,-0.03731343190367293
-0.18764696131392314,-0.10807063841019297,-0.06920509120575008,-0.11942433063605196
0.06494402369959092,0.09940310840520573,0.23919117590868097,0.16436137512648213
-0.16487289423510348,-0.2059881442947379,0.07059436176046147,0.12033654380279275
-0.5377133633980261,-0.6170782967473414,-0.735508951896122,-0.6655192646157816
-0.6658736971309472,-0.5273549474191895,-0.3553189649192499,-0.3560931334387507
-0.40819495233978126,0.037623443641415615,0.34036353191982643,0.23409355284698694
-0.4964928612081557,-0.6630812523684317,-0.2782719451490079,-0.41175977409480874
-0.383468048124473,-0.5170912640640474,0.20621316427767716,-0.1507907175901241
-2.0462173847123597,-1.8915076653148162,-1.7405988670391723,-0.889883794351033
0.09728428601761673,0.13411064231373682,0.28777111600998617,0.29588874875784515
0.47722724702452707,1.1649101380014573,1.4604155424193992,1.9283765798709867
-0.22944853605313242,-0.2918519939792426,-0.733639459807023,-0.3858256568619216
-1.498792230094017,-1.3849654284223822,-0.8919994011461925,-1.0557326271176501
-1.2737136829969888,-1.204669090586299,-1.2717901417240585,-0.6002207691219208
-1.3416206445234125,-0.698751292053538,-1.0069504174612942,-0.2679669342554319
-1.1689115963410257,-0.9179562860561971,-0.13826371428049153,0.6729194607335341
-1.039997609962247,0.22518496348710096,-0.3135562541002838,0.5273048575425131
-2.5998914777765805,-2.4319218168532233,-0.9079002671050233,-1.2398105900236853
-0.6369417772242209,-0.7534783463065553,-1.2627374921869476,-1.094856943760261
1.2467468013750256,1.1117979305677101,0.46100605076369977,1.1161517911862167
-1.8061132379128104,-1.6339410130974599,-1.0921067026496556,-0.19480238616095463
-0.37487536968505075,-0.5920349639916964,-0.18517886010487225,-0.8334136335712606
-1.0253472047509105,-1.0446999614868366,-0.9004253675593185,-0.523648038616957
-2.8421430803299366,-2.449213998566301,-1.4687564713231778,-0.5818056263246557
-0.5245890491843994,-0.6824166253207323,-0.4053039703808118,0.288837837758352
-1.0308749795819931,-0.6121431348553883,0.10489023372056142,1.2291866681893462
-2.879891950589038,-2.214571581341712,-0.9547239811602055,-0.23038876618974669
-2.9062503219644644,-1.9005016851146839,-2.1118673508481867,-1.3426383686330137
-0.18488429431448258,-0.020733969239521456,-1.4021398387266752,0.4365536734107443
-0.7993084919003075,-0.6882529532299588,-1.682958412783128,-0.8106557425786288
-1.796034789745876,-1.7537780008181207,-0.37766822782581394,-0.84099975518607
0.4237036901919984,0.2360799133763036,0.8409868056905487,1.2717357215884284
0.06363628903717727,-0.04114393115068803,1.0104567670220899,1.4792984628400454
-1.9475449566708847,-1.4517065472969777,-0.6235079890225803,-0.7149259272006661
-2.7613746687643395,-3.183801479187328,-2.214141570646844,-2.0468342697481203
-0.8380838013110671,-0.9214913703596705,0.45647982054278424,0.17815773334972587
0.32966070997248353,0.5017567512232451,0.8341974246433195,1.307222312807771
-1.4167239261894478,-0.9426641318737461,-0.1701608032964553,-0.5106750367838313
-1.1492904413094984,-1.3937902505326765,-1.588833210204002,-1.1891711661458124
-0.7935395233040168,-0.40360717566193804,0.11227479796155547,-0.47785435164591894
-0.7125100496746616,-0.4491675118605519,-0.8803677048347559,-0.5723969876679836
-0.35637889646171084,-0.09568646354114435,-0.8219093043359195,-1.026299917814582
-0.1955606363345677,-0.13555965159515324,-0.3636715990565211,-0.36702957250425733
-0.17001387313566427,0.3047377969387278,0.5598250256265189,0.19220162111819636
-0.14313285385175006,-0.24998489754483902,0.11396475061594705,-0.5409923091668246
-0.14654119639563187,-0.11555093810016254,0.1042458121131011,0.056813056730483154
-0.22840571028839554,-0.3307031057553052,-0.1102546458963938,-0.17927729034452006
-0.3145223179083786,-0.25627655575214986,-0.16657811543374196,-0.07701540964703477
-0.040368443231251834,-0.042228794256713977,-0.029793963957777978,0.02479097417257961
0.02437657643165806,0.04325943351562448,0.04144938914154494,0.009709102384632929
0.02182730329431013,0.05671921877186611,-0.022162271795146616,-0.08019317817641973
0.13176151970769742,0.06341801901637265,0.22374774628170155,0.22619103454528147
0.23517673126221572,0.30928778203469726,0.5602771368039496,0.1744745669526041
0.14897018633354417,-0.05955279598952635,0.011666774720746106,0.3950582509943297
-0.08968981076102582,-0.0305218447238558,-0.18864995411975805,-0.3352287069362597
0.7268146924292319,0.8871780939700291,0.11571418890580115,0.0650407190047988
0.14524550957815305,-0.3650055137533232,0.29319813581678583,0.6291557190703153
0.11638310928036909,-0.043811515519257875,-0.6406028104006689,0.13787858647647908
0.241802321034386,0.41412550065939363,1.2101159723863226,0.6604794233468216
0.9616695070614406,0.29790561470179017,0.3043807383423308,0.7959233391676124
0.18566069280777725,-0.7579109127845627,-0.11627204611555003,-0.1652604771419154
1.2881822768093913,1.9188623392911033,1.0774108106811555,0.6054588832887297
-0.12958443551620238,-0.41661411441578733,-0.20133472176390693,-0.42276838254867766
-0.12076513619578884,-0.3943734313339575,-1.1695063793730005,-1.443581702983329
0.43609268890027036,-0.7954876464188383,-0.045720459693298916,-1.2343987282742428
-0.2446767735815331,0.6009908068154773,0.7927174602178235,-0.11781282993760507
1.3296533437241616,1.196999102758285,0.6656395539226292,-1.0052211559857782
-1.1164641418511083,-0.9882968365840769,-1.5213755385099832,-1.1675922567880181
1.0701850536299027,1.0667640324942567,1.3291591346677767,0.15363507054494482
2.3028308011632213,2.5824631920983827,1.530873356670628,1.5419981381910628
0.744924593661233,1.056044611889876,-0.21057616162777842,-1.2542141044728619
1.8565071292940498,1.4231369454885838,1.7013859297130185,-0.2356428350079062
-0.6983661444685345,-0.8637507717503032,-1.112389870448287,-0.27906337946604554
0.8871162729667196,0.6579906687282283,-0.7179717770946722,-0.37986619646313513
1.1264328705497282,0.6101995784655503,1.3773862249814903,2.1008734878810396
1.250656866252359,0.889037643909497,-0.8179728047956121,-0.2325031749431642
2.6096084881023427,1.6988878807279777,1.2351651985257674,1.0222724712421072
0.6948177977942115,-0.8151297587258071,0.15617282683790687,0.2628210238374834
1.0322474274153315,-0.21190341586733485,-0.34492531424905293,-0.7782673396748688
-0.842244617472217,0.24258780301486432,-0.5472590696824136,0.10609313329672546
1.6251393791055,1.6678882800366412,1.0574481998155234,0.24968109493401144
0.8435883677931403,0.6038306535937807,0.30763808981369273,-0.10921057049814104
-1.0755328751234916,-0.6380810969023513,0.05142215070081783,-0.14928524870194804
1.2727974260980293,-0.004687433155715339,-0.2102182141488873,-0.6561482450138348
0.7911472971755086,0.07805556970721371,0.6393006276698271,1.0230269372624683
0.9056501475108872,0.936413308321197,0.1763411228670233,1.4060426307116154
-0.31691491297224955,-0.6624437669781649,-1.1279247559232422,-1.0768807069921122
1.08450120392591,0.6192725213201448,0.6584907328063725,0.4337533436146235
-0.7295107117911079,-0.7756054343110127,-0.0461602792963025,-0.06321964235499564
-0.14073863200535158,-0.46126910664850873,-0.7204441638566466,-0.6082104820671806
0.5073818177657722,-0.11998952924653612,0.4066255101057086,0.6750570900507484
1.0638766051176929,0.4591395607338167,0.7566346025366513,0.4119725782680232
0.6463438723481725,0.37412219660063545,0.21164946034016432,0.07748246125879289
0.3803536228272857,0.3549891921430581,0.3032865347064438,0.42869158759147835
-0.3412461101245609,-0.4321449544259585,-0.3627035966209928,-0.1996472106359793
0.583428329360587,0.3740277783881723,-0.009207622126721,0.2132144663414286
0.02908886929722931,0.02111826715836727,-0.059497374220973315,0.04244251044322774
0.0366171390396197,0.025019588235091345,-0.0615260139923274,-0.013346177170875374
0.09169641073769866,0.023352498647954942,0.06092130272911182,-0.010804103922788359
0.0033363167501695447,0.0021918592429955824,-0.044457122107643327,-0.013932085656851017
-0.06226435780717727,0.01340916706900277,0.02244957022167859,-0.010677510184000706
0.009107597649157034,0.03266942266399516,0.04847713703617931,0.2841683352315582
-0.19961587923561885,-0.02364360295212643,-0.08600796455164975,-0.09157448015842236
-0.11566810404403992,-0.1319892146986561,-0.2542363359914359,-0.1880170471652911
-0.4652858203327662,-0.46538417838591983,0.08892743897721907,0.27448385685288423
0.02279476621453778,0.23790904547327774,0.4351989456884513,0.8723903804714457
-0.003375144129652037,-0.08985896394740386,-0.4473099179923904,-0.4036876553365857
-0.6038276093732234,-0.8493727799016884,0.17606465028375382,-0.06635765503070247
-0.06825513646245976,-0.08081748914773454,0.13693745601848525,0.08400330151617807
0.12077267880963923,0.29189292285550117,0.41503557930500057,0.4832150155297937
0.6700238332503943,0.26894405575931,0.6134916101438525,0.4079297499334072
-1.142013376319404,-0.7200789684424581,0.16330218501218835,0.09450792264315558
0.43987181653290713,0.48882653674649396,0.3962312615193835,0.143322627643063
-1.224529211720451,-1.1951308368048412,-1.2742297703603283,-1.0454780628367972
-0.6790475937865571,-0.24040989266264756,1.103483185015036,0.9974642371202553
-0.8987954222230431,-0.7368368241727843,0.18950693696007906,1.0695994112609897
-0.7709341086032554,-0.47445154236666426,0.5017953105067291,0.18546476596773862
0.21235599013380993,0.5729559789500372,0.4720960570322814,0.5111939357511022
-2.794118126886323,-2.488803251248051,-2.567296095247085,-1.8260705194544382
-0.8080507305182811,-2.029960698918278,-1.9321670650154426,-1.4943974505834559
0.7043945911465737,1.0898819237546749,-0.228108085515723,0.022815833554322706
-0.8684001280716038,-1.4256540164603135,-1.4272095196742935,-0.884306100692681
-0.8171827711128083,-1.0323305439103319,-0.8399986859013789,-0.3806690351452479
0.3070503849803411,1.0438357189513319,-0.10216705288151456,-0.34125438176712564
-1.1528977843637755,-0.500944347008379,-0.7631287006946058,-0.5840780139930963
-1.2716677455251746,-1.1814771345398372,-2.537448151727839,-2.800263539520668
-1.913996960060528,-2.3158237879809507,-0.30084181494572654,-0.3357911082709131
1.1729659558609002,1.4302671598048224,0.08754091029451694,-0.41167571199213976
-1.889525769876122,-3.329974361189439,-3.5746614378345654,-3.0522868401335237
0.02441719497258671,-0.642662239607706,0.39969009899602226,0.4020483709261576
0.17894820213828266,1.8052278234087016,1.52763821012843,0.1615324522170471
-0.33966713268276777,0.8530383218651391,0.275086412790061,0.531040097167668
-1.3341701728965192,-1.0529132821265126,-1.2598472960860665,-0.9141549959137898
-1.012848986525057,-1.2386020919065646,-1.8264027248952333,-1.050195420484034
-0.458811230489393,0.173155902332563,0.5801986099231016,-1.1399915646965926
-0.9533253408070991,-1.4303806785265942,-1.8467725304928586,0.15706310925448336
0.667305358922785,0.8973814949514088,1.5753663097623036,1.226461914234916
-0.3296318850858128,-0.004952469293601139,1.1831869718085168,1.2286499466814238
-1.4637111474405857,-1.4594273580761077,-1.3361545255288028,-0.2662020060195637
-0.9372651871941438,-0.8764185324665503,-0.6895987072193737,-0.2992988303528642
-0.2256750104266316,-0.42127115282370864,-0.42859084285167437,-0.04092367178899086
-0.5140703880814393,-0.7056638843237542,-0.7484300377756268,-0.8425197194469534
-0.24857627027437423,-0.13203462108799177,-0.32883267758433543,-0.2479601102759202
-0.15114497217515818,-0.08088336720296013,0.1409015797598834,0.11793745350343347
0.11005367957702773,0.1671123737945637,0.052606533012493774,0.09010261604563732
-0.0010344417757677763,-0.12446974919547493,-0.09133863484949549,-0.10898545535018825
-0.260705579532333,-0.12487476118975087,-0.2378717959472511,-0.3796177766172775
0.033516883027100534,0.003367719653876049,-0.03978812951191135,-0.09824841107930286
-0.016924402768857545,-0.013438601912120169,-0.01769079540301843,-0.011590745694310376
0.012376142578571595,0.025703684999100564,0.03648381939892167,0.00017274436592205325
-0.0741588259712715,-0.16749286536385172,-0.10976302812893131,-0.08942961322118653
0.31692147813961546,0.41674178187764976,0.047016047720757466,-0.0038137786419671646
0.32011612479524054,0.30858633161233967,0.3941600808543126,0.429261568718397
0.15484372942059116,0.032563723907050805,-0.13237901660577342,-0.11220459519066268
0.20646479998882714,0.35668566364634335,0.24718293875886185,0.4899511481331517
1.3796309559565045,1.0635871711274392,0.6102607401423259,0.3107026984729027
0.38856387587076485,0.3827524595667307,-0.05812828813969533,-0.623384687555777
-0.21399807340709975,-0.536856119899996,0.04961088142091252,0.42323196101005556
-0.24343739151342986,-0.1319212691311469,-0.02404489013767572,-0.27455386791131403
0.8753930470619556,0.651215755413391,1.267412293815587,0.5910138587136692
0.3640902656059571,0.2552958841363115,0.4130725469374123,0.5861043772501975
0.9398541134948929,0.5968546440757788,1.235805241437775,1.0253442767915084
0.6910480829455372,1.0924346457889524,1.1147862095859618,1.1910574045383702
-0.4577678497178486,-0.877253765938137,0.35451570274342953,-0.7086083863020312
0.06412608118415385,-0.5315669872532537,-0.3051608244609648,0.27613614548853116
1.2921689060777135,0.6401183163637081,0.675020181028005,-0.12108753583447748
1.2477905563051228,1.114779062776308,1.5286131723143705,1.5201197456558295
1.599971998667498,1.4165304966763212,2.0477876664835044,0.18910740041030874
1.4259693560592899,1.504389587461884,0.4883162229243617,0.5075615089162441
2.5219041293388846,1.8155182364535607,0.7663150227537069,-0.327123532473425
1.3514825170506517,0.684658683979994,1.854074089236,0.686412575227065
1.313228421447255,1.0720780674343757,1.354115086286114,1.2147278657945362
2.1754526364619435,1.7385957182720364,2.012650984303925,1.734110583128859
0.8568216305155342,0.6148686625366703,-0.33903537019267543,-0.6393057394001012
2.5174501510865084,2.3834539431812454,3.0146103762461385,1.8964142641244934
2.3753298493322634,2.413073758789074,1.1482173821154114,-1.048473553131033
-0.8054374866100585,-1.146548559105734,0.08254491439366575,1.1990979837242632
1.1393451482371706,0.9440125808509812,-0.04955664261456676,1.632165551536159
1.649731619771489,0.6129293959671893,-0.6025052937037922,-0.7262838958485348
2.894865297052741,2.664075936488316,3.204249492810949,2.0952365391919594
-0.4633248291030754,-1.4797930318442183,-0.9144683801808083,-0.9544773340555676
-0.4677724270432362,0.048308157912198973,1.0836053329586988,1.0939071601710941
-0.6830238688366375,-0.49881045610784225,-0.18785413301613,0.015560354523595147
0.3480074147725177,0.18552123663098005,-0.37164453288808624,1.1382255589511079
0.5969449855369156,0.5614521041488044,0.9664043201048429,0.4981149550230391
0.43347000626468246,1.5307280138239168,1.3154944634517916,2.212110613391425
0.4308357423745241,0.11434842876590465,-0.0949092217852398,-0.130010554498593
-0.11264906707045645,-0.34328734090223956,0.00522366289811135,-0.2090671696878532
-0.11767649994429366,-0.5049593981893874,-0.48558272998541224,-1.144987896765987
-0.27176239099318183,0.1681211370894489,-0.16769552518219055,-0.1032956746505456
0.9017664012933679,1.0079265542557605,0.8047649420638513,0.46020814108761426
1.0094546825325241,1.1285711342262987,-0.14341242301230242,-0.07550840801575713
0.5781614101970393,0.06756800291370656,-0.6524374383544225,-0.4763122871845707
-0.2820220997719013,-0.4653487895264629,-0.22513331434595826,0.3455656346525303
0.530137942200976,0.29387257652421617,-0.03132069571920991,-0.19577849023187424
0.22215629581043878,0.14554256624108383,0.08244294513560324,-0.05788449965232862
0.31081670364620506,0.36703572990852695,0.5149281973680183,0.32038606137687853
0.2098796069827565,0.14704482293179238,0.009657176559834115,0.02900617723806932
0.028534934947087653,0.018477774850343978,0.027544946139207695,0.022029374423111106
-0.05234861974624117,-0.0478901759390492,-0.027159650669747425,-0.037994120299227774
0.005530387310806595,0.04550381407877651,0.07909871531972093,0.0040952074894693965
-0.22411510590732353,-0.339245923252874,-0.13672656593006044,-0.10149433365277505
-9.898954282214324e-06,0.08399009746277115,0.008778628442859569,0.11802635272929449
-0.07993429751300601,-0.29723198354131575,-0.2352822271823695,-0.10219317335530316
-0.1819016433274089,-0.20394814513223342,0.025002479575781212,0.33966513670916143
-1.0154980638628355,-0.9065461215807721,-0.6751743105438602,0.15802300824295604
-0.710606643999574,-0.5704148110561889,-0.4220522926504611,-0.049401174377152274
-0.9484480926208303,-1.1199813707494897,-0.8665067477915279,-0.4720855510319884
-0.24097653850336473,-0.22844471600928984,-0.42510164633754755,-0.0063578448974249075
-0.9445204528562449,-0.6596308678557409,-0.2422732774187248,-0.8391353233896449
-0.32243931535480186,-0.15128488657628023,-0.33019835444048773,0.5102326218475599
-0.4664339701309263,-0.49122320978358425,-0.570113503095534,0.8189791346674425
-1.5774928200282505,-1.4181822202533996,-1.4618474830661319,-0.0283094534410652
-0.6097316727024815,-0.4349774852710876,0.11175944856602926,1.0074680911226108
-0.9970770344211317,-1.3740815868325624,-1.0942480428013366,-0.6728397769750086
-0.19647447301662765,-0.553358599146431,-0.49919271344942795,-0.2005351125011781
-0.028938333432233093,-0.418153010832764,-0.3566312677841377,-0.6345803907860611
-0.6594886474665197,-1.273441521806646,-2.754831290677774,-2.044278509727201
0.19277971461139504,0.036546843833107925,-0.6502801222244892,-0.38583767250106477
-2.9575588680184044,-2.465166108780895,-1.5207866144285485,-0.5686406829763926
-0.13303120126223478,-0.4578798445739128,-1.7451142177873729,-1.7023132029429935
-2.1170880986386558,-1.2353899139498865,0.1355902810625488,-0.16158137884388343
-1.4101196490246537,-1.5691221318130946,-1.405753634037806,-1.1607248762235354
0.04626094472019758,-1.554143130157575,-1.6419411813875313,-0.6976549743849206
-0.7097350774089338,0.08240902106103148,-1.4078796705485581,-0.2980007862668383
-1.1405680443186517,-0.7482087044114645,-0.688090183509573,-1.4259087520642213
-1.8511074440747748,-1.3400887313522696,-1.3828439367336753,-0.9861924928566498
-1.0938386030771103,-0.9631425781544238,-1.288588562518472,-0.5450164328953537
-0.16801721807048492,-0.7179699716426807,0.18307938473371815,0.6934453059238974
-1.4227815709846166,-1.4227708550059586,-2.2809889279212787,-0.8958432132468905
-3.5683006766750878,-2.1415327793695558,-3.081602122303953,-2.2822272244799033
0.37391135002302944,0.6263267312206882,0.15028925271302687,0.1924142114215016
-1.141597491167494,-1.6329674752280308,-1.3932510838060261,-1.9837374933243301
-0.5373545050001245,-0.9413088117848473,-0.3678403030805759,-0.9428244341134773
-0.2182978290752233,-0.04127464297429745,0.6990535386517254,1.224549109137748
-1.8508903468802687,-0.8906514756973634,-1.214486306680708,-1.2238796254214124
0.429830291025672,0.0686285797431379,-0.22143016483899203,0.20351185225817608
-0.2859044761902353,-0.7673384542096963,0.3096989811683394,0.11527258565084973
-0.904056866260932,-0.35575548279800523,-0.17853135613161716,-0.23083939189073224
-0.6965061200472974,-0.00016829232111988883,0.04049884848690224,-0.08664168180992456
-1.447975383292199,-1.156806238231788,-0.5632838921700886,-0.3877252720750317
0.19978212054286518,0.5182943779045757,0.23003201632424383,-0.12847536821459943
-0.1580031692980805,-0.1517494281880553,0.4922649320761296,0.9035802960014613
-0.7579255711499712,-0.7974426091979074,-0.17246260341821046,0.16448941493204214
-0.1685017305974795,-0.27589434424063686,-0.3956819124228531,-0.0382597074318529
-0.051732079596655885,0.12595953412830554,0.22925240763103302,0.12313449711932878
-0.06796191889548778,-0.1448745335543125,-0.032045090824090294,-0.1770968307919588
-0.16805156418645373,-0.1164783062644741,-0.12178170064879731,-0.06242116028365784
0.033681680454501414,0.03199747294675137,0.00802850825160057,0.0008628382041206268
0.0015882369964572236,0.01374305972799225,0.030478442214464496,0.02230694629599447
0.1884553038142788,0.1049485252121145,0.10202536052581503,0.02678127892568426
0.35177242660191577,0.26254832148193025,0.16628546559850504,0.029575166199555507
0.36100510008092035,0.22744532221298744,0.29382677151757786,0.3073535495888435
0.8680397637957711,0.6267137139934129,0.5949200915977862,0.16875599633025276
0.18581070606412742,0.07888471866452226,0.23285906310392013,0.3116832525957004
1.0265996540246902,0.6414207874143529,0.08049929981175807,-0.1615922595898493
1.1453273371575592,0.7179002025242688,0.15057835727963317,0.35669961697432195
-0.3293517075222447,0.16179739912203994,-0.41038758101313405,-0.4151886263856634
0.43956925192402785,-0.02392619787796279,0.3337612320774309,0.4114244095109871
-0.12260394872834632,0.18540468710533783,-0.19993602861516196,-0.7244715597663658
0.7225131407059658,0.3466876868244428,0.8605594160557735,0.8473069845576324
0.9953450164464678,0.7867032938071534,0.007863096314406329,-0.2603517253509494
1.617856907781328,0.34647389905145376,0.24952980609704098,0.11247058661998993
0.9721610325130404,0.4254646706577203,0.07479317669221239,-0.5486014580223793
1.7944800523351265,1.5857316575235867,1.215059023596828,0.7070920653297897
-1.0169704810092592,-0.9720598986922058,0.022026204227931737,-0.7410091197934373
2.10008118153495,1.9592167222834571,2.336858123222302,1.3545854227859222
1.9034786452172763,2.0013847286756667,1.4183065540008948,1.6737542769297562
-0.2590287243204681,-0.011037119494420216,-0.04797221142111734,0.6857265459829847
1.1499412899729835,1.2177823181681804,1.1584909352495947,1.9732935485189538
-0.016845359445173687,0.7561890689927502,0.4272983712010107,0.6029592078721419
0.7596748064557864,0.8800296898566257,2.228512406141718,2.1449945353118167
2.390773144606255,0.9295835806250508,1.4878464106443472,0.21874991330632554
2.435738529544888,2.435574792290253,0.573244633793934,-0.7522796516157032
-0.23861331020845,0.01396833078444478,-0.1631729201855255,-0.6911641411759044
0.5400500871509236,0.019447409170509147,0.3540358439458083,0.15475157788354865
0.5718642687639605,0.2686710845197936,0.6813168321060751,1.3474621052661022
1.384816902182683,1.5333279402190636,1.44784725666793,1.4145944600383624
-0.41565181591015227,0.0969851468613798,0.36217783230958445,-0.3806527493371645
0.2854910911847656,0.757022587696089,0.13713463392927414,-0.13626967683634827
0.48791872372256934,0.3735786697421412,-0.84382179975464,-1.2140701650640013
-0.32505246572477065,-0.5303453690917026,-0.4243980699449267,-0.06727033080998422
1.023181603662388,-0.1185019396942959,-0.38174410260069075,-0.6574068970709305
0.7298009474872004,-0.12919684697408296,0.17887838977480156,1.0363461043135664
1.0833108677686223,0.8628309610442734,-0.10135197914175177,-0.5517207058057506
-0.6046475393088089,-0.6083638866408014,0.21947703466987856,0.26807833353478244
0.2605186845449661,0.12799099453189292,-0.03895504850831277,0.39279027431148983
0.36046190665481664,-0.5032734214383241,-0.7929384494757334,-0.7852865840783323
2.0054068453303966,1.64110648593635,0.7883597699692041,0.6674482950639509
-0.5722677031231422,-0.5891923458913466,0.3347971996734117,-0.0026904827700378435
0.9157771485458542,0.9589494285317048,0.699208896009099,0.8294491914090123
0.44227742571099615,0.10206958362211052,0.8331285808219578,0.9752814810708867
0.10003786544379648,0.10029711147932541,0.24708673778136692,0.4647484501340649
0.530385681816306,0.2414393078006215,0.3657770562227898,0.060205907179799734
-0.1670564972189326,-0.13426731208241216,0.5351726694029258,0.7021282855563301
0.43778384805202547,0.364826639267908,0.41472098228411314,0.12226406329607184
0.3626723490753383,0.24329811329334208,0.14757787807156392,0.22773303211264262
0.08028581235755643,-0.08373969140636035,-0.10790922587844991,0.005031337754454065
0.05546087403010552,0.04513431215882693,-0.01917460738417353,0.010017173819193285
-0.016035046249972925,-0.01143439278327974,0.02460981983630637,0.04197031143460499
-0.352582542461112,-0.26810254314109855,-0.13691305953479274,-0.0674812910843245
-0.24452076489197985,-0.23788966223677374,-0.17263776651964782,0.15452866187794917
0.011931675485450073,-0.09090927792492853,0.16560601997880858,0.0013248888845202149
-0.5260843593587893,-0.5685991891349647,-0.29359618754977623,0.13780075435704162
-0.29740607840162725,0.07760242512626236,0.5639032865421194,0.7471851037016073
-1.3177514362456897,-1.4100960955827788,-0.4702334136919249,-0.18807251607786454
-1.248054671550213,-0.726484178765125,-0.24934542493699985,-0.07866405036559347
-0.4196915107337897,-0.3843537190624545,-0.5956138108423233,-0.3493379656847967
-0.32908829271616175,0.022238809026386565,0.030010814215427388,-0.18420586436144298
0.08308684382910754,0.6406199611682462,1.1844864621603384,0.3621696028903433
-1.2948917326544291,-0.7128454579247361,-0.2508229536503919,0.7528922983252248
0.5678184836081387,1.1926530348830886,0.6276529801542119,1.2005823469855776
-1.5335904494608024,-2.290854920125299,-1.2658188456393376,-2.9982959147993378
-0.19498566502337455,-0.2607958113919633,-0.6888871953962491,-0.5377678908515872
-1.1437714256382399,-0.3446031421220336,0.3050204630209175,0.5915108300430986
-0.10673906803075654,-0.927072705906639,0.4349868789076694,0.6028379848298263
-0.9139060874083669,-0.5574650750655569,-1.3177388416718974,-1.0108631141205522
0.26613067090628667,-0.6217663143747548,-0.13000092506290226,-0.6470819871685645
-0.9960009655238807,-0.47909138969273934,-1.6364602731443378,-0.7656999199249233
-1.3348182083514923,-1.923277372073633,-1.217937366406682,-0.24748973997618975
-2.0764323437549974,-1.4371688403726712,-0.8917161188905409,-0.6838615239631576
0.3234241539300429,0.3955685352994792,0.15688648543644815,0.20152616120167174
-2.813422527212274,-1.4304921744182366,-1.5694771571988821,-0.3692335264515561
-0.6414046973994686,0.20250181157859348,-1.1514188734768607,-0.32899998892474025
-1.2531980630493873,-1.49135630807587,-0.7479224084329322,-0.4202770856343015
-2.6090398314566676,-3.1581670121071763,-1.4530869909186364,-0.3072288441444788
-0.6028910605621631,0.14051321047034165,0.5909069915697764,-0.17075067551745632
-1.2466607024746592,0.9672497017628718,1.20608212664469,1.40875845127457
-0.8784311169052463,-1.013555320726407,-0.7108947126465633,-0.7843022866736877
-1.1634360567846587,0.17731711186529983,0.15261841943568755,0.9461364183833222
-2.1105648088696785,-1.8992605335741928,-0.23434349505566113,0.834486109726819
-1.1573922425374892,-0.5144426654621839,0.6659691606453246,-0.5537775290961522
-1.8395132029948518,-0.6641432103173395,-0.3136535675805262,0.3495106569770694
-0.526555444267996,0.11228764742957614,-0.07544736765791159,-0.8001894372736927
-0.7654333751759066,-0.7899551225610736,0.11285257709943013,0.7301072576082918
-0.9417150670454983,0.27672160315296457,-0.46949943451806714,0.18327896143425235
-0.19401400288881512,-0.18861325928873157,-0.9313152812635017,-0.43551155181924744
0.06053036472535911,-0.2791093430637456,-0.9396914869446951,-0.6732274673713489
-0.10981555420326483,-0.057627480930468336,-0.044266746224189454,-0.46464422374204406
-1.2479562703716658,-0.8067797505393752,-0.14799883913888365,-0.7345072749740982
0.4110625244333469,-0.021684164596273443,0.6094717928452964,0.6165077239966251
-1.0553398369530267,-1.2993096317052322,-1.2227416826675555,-1.253273594739756
0.06574217167849919,0.1691926552561424,-0.22165779617581985,0.00019721067208170132
0.12102163625188433,0.27509041245250576,0.03870182815208381,-0.07247144897355406
0.07200891643603273,0.04212050979426552,0.05533363416087693,0.0036222172908783163
-0.2480249213027186,-0.11619454749016751,0.00993574536837396,0.1389095347276377
-0.21445617748932147,-0.17516165024797054,-0.1645044283636049,-0.0914549851881747
-0.00825443023190306,-0.028688108287766457,-0.1352394439608954,-0.115383334463496
-0.02036798318502704,0.00710813857947687,0.03571484320298875,-0.008571664212513182
0.04168397563766926,0.029579191974848533,-0.006336901428208601,0.016772402706324338
0.03559322978456914,-0.008191223534633313,0.039009516119320437,0.0357035534289206
0.19071686289413695,0.22432706495408936,0.15313629721017388,0.20849149770809225
0.13521285722892662,0.2965887464625018,0.4480913301735619,0.20019816514190694
0.5409180598540955,0.6085761322976739,0.6825610150617509,0.5803821076998303
0.8441733209994009,0.8861563360212529,0.589747216107791,0.16374193112536278
-0.13769880161056383,0.11270106876925808,-0.25892205438357085,-0.38134081737580644
-0.09520015202109051,-0.3075775211753748,0.10100333001536807,-0.029979853235032678
0.5253234165315995,0.25312354894851025,-0.2573697848525562,0.08454523577696231
0.16793264990027845,0.3716212671080023,0.31770620771515007,0.21809903749045106
0.5030198077271602,0.6401861988423897,0.6358856031626147,-0.08624467553263913
0.11501770199423145,0.24669207229643325,0.6377165382442219,0.4255684709792274
0.48444329778243267,-0.5922052052995946,-0.7597090390811345,-0.0027954603679070703
0.022277702391483425,-0.011721813590273989,0.23367572536973133,0.07020294702514926
0.9436941074262176,0.714197393839796,0.3474555782569932,0.6656529112911027
1.1413199291456073,0.9049612799897914,0.9188989004412869,0.9454996971822023
-0.3134658074049043,0.38034854606191715,0.10498493900210401,-0.41290932413515197
0.2659665636678425,0.4718529659711085,-0.2237271930656709,-0.5672753129556455
1.3224562645654803,0.8812459211919098,0.42662385061564423,-0.43222056848124973
0.4393023269049446,-0.094891740899673,-0.19007989378502527,-0.25455858954130933
1.1095040489386148,1.084385593981158,0.4272655133638561,-0.5872994265908683
1.4479551975241423,0.37306076561202683,-0.29251663040593806,-0.7681700990169662
0.2624941974331816,-1.0940655802788797,-0.46147186148021657,-0.006196624096283838
-0.3450740274665182,-0.09761773822684464,0.3020382941944659,1.2344974422850807
0.3452137034776618,-0.35157450131974666,0.21046369721606248,0.32180152944448137
1.7088620264592493,1.298509820094098,0.8098713853573691,0.7798064931037496
2.461776838700792,2.7375546254637535,1.6153037192542483,0.5906350906377157
0.10841011578988777,-1.2286571162637896,-0.2236876293570059,0.08108317338335169
-1.371420336927596,-2.345760474590185,-1.5155267528366214,-2.045841136743551
1.368943645972062,0.27562500142730634,-0.7762743924995567,-1.4105925575659894
-0.22285234137838836,0.3487251416429757,1.2905673561172093,1.8018339529020047
0.5990366300299544,0.8475715248927488,0.8094749748188372,0.4103474352985698
2.1812988300007423,1.6372823667783907,2.7214986978629914,0.6858212161571153
1.7732491158618926,1.2237174382640421,0.4364193931490542,-0.9497177929717305
0.7895786111622951,0.498648859680874,0.11735443597769535,0.4029227392874465
1.3765350418572795,0.5357033795812951,0.4902346017652664,0.5958383830441152
1.4970708337735141,1.0259149469940378,0.10006387892698079,-0.5060205475436893
0.05087623133945258,0.052171456073371814,0.5162369876664811,-0.44238598528582124
-0.05865585159114955,-0.0005999671691337304,0.2783014145742727,0.14390866117462944
0.4929552988236808,0.4706866757754798,0.3369893784788199,0.590838705968903
0.22827901885610777,0.10885964381540611,0.12226076949821453,-0.03467244695553106
0.03762300442124723,0.7834809519401805,0.1925866056228388,0.24548262279301714
0.5029542093627728,0.3124844152597384,0.14334354556864706,-0.16811448535180004
-0.09527753280833938,-0.22197480601068317,0.00680665088576754,-0.2734924076383773
0.6765438118299458,0.6753880514850036,0.2896539175843063,0.41810193097993303
0.3462847046470918,0.759491594239458,0.27332482989989443,0.552265361517544
0.43054475941766696,0.5815727504050923,0.5365701374440791,0.27910379945457003
-0.044943004446772156,0.03803387029773204,0.0690593093013876,-0.06927848801650771
0.12643852676746872,0.041697112794071844,0.029976459289462114,0.018618867130185724
0.03227561766832828,0.006273852676467909,-0.04792843152892805,-0.04059433104764408
-0.01955408897537001,-0.02876614655451693,-0.016102501194726296,-0.012082001698462254
-0.09861559505973554,-0.08474836733743454,-0.1753750193637713,-0.09288465441866983
-0.2063395470455783,-0.3315613543977065,-0.2368488588198534,-0.25668262155233484
-0.09843309195211254,-0.15153639859420065,0.06926175643429004,0.25767207418910193
-0.4453568640030652,-0.34295203392256646,-0.2419441787166424,-0.35887690494481017
-0.2191906933138765,0.04155185289406928,-0.18707409136503436,0.1962791964212851
0.09811901681013321,-0.05684329370685708,-0.21682819213112045,-0.3115190240859839
-0.9094435886500271,-0.2919806980170707,-0.16374733429430843,-0.21925520428503675
-0.6150835460227482,-0.6829647368028505,0.46723347420076944,0.38544589074201624
-0.23931390815961662,-0.15695343448824647,-0.31236254229563604,-0.8631463449382873
-0.6759358301032619,-0.24469826952365772,-0.4800764715608561,-1.2293014710493042
-0.5567171534069459,-0.45709463301403663,-0.14834292255273676,-0.276834058055011
-0.08411171010997182,-0.23985826906166108,0.38094304343783203,0.3823132736077333
-1.5105909215970927,-0.8579856586391166,-1.1315951465279819,-0.9524994503177641
-0.23611053111359492,-0.0681581271302419,-1.9250317832604877,-1.0952743288632194
0.16363847457828437,0.6004842496270798,0.42657387949036707,0.7741529058070704
-0.7385501550116229,-0.9481315491508523,-0.34541285577325326,0.3027464782300797
-0.9900760849287392,-0.997051790765575,-0.37047140708481957,-1.2985231366892565
-1.020856974762129,-0.1830694050413665,0.6218946256021388,1.360255802957726
-3.023325418525918,-2.402305666012049,-0.98693180256119,-1.4258830185709257
-1.056962643220233,-0.9721202913554485,-0.7839668878006484,-0.569582202469066
-2.964010681528016,-3.0786673851534068,-1.7073970721661385,-2.748152850327045
-0.6103518016014451,-0.3050945810414207,-1.4934641293402326,-2.3588617492115875
0.23031827639737332,-0.21670275628020522,0.44607535786071073,0.6679703147998219
-1.7243258678270483,-0.7378044886152957,-0.8011733526978437,0.22648053746342287
0.6073901973095105,1.5040029490354558,-0.27329977744097483,0.06889763251123877
-1.5492519241729914,-0.8753965426849417,0.5851103168743146,1.1258364720987657
-0.05251188912052055,-0.19732527111171275,-0.8592663660153719,0.38916026035117657
-1.249741793761017,-0.6657491896431681,-0.7254204780279425,-1.2216314413009768
-0.5221602898571266,-1.5525682977449475,-0.616137036418764,-1.1364067540999407
-1.5617549896020229,-1.8425880029994197,-1.523968306478788,-0.8205977334070979
-0.7308768958631341,-0.7796979642639409,-0.8120827244764239,-0.41899148281774584
-0.711198218546964,-0.07202236603786458,-1.1128482116588165,-1.5154556510668775
-0.8802668248373706,-1.7041976126603988,-1.0021116656493418,-0.6608079096091123
-1.1879285181651997,-1.6404424809445184,-0.6843757400966828,-0.18281614704186694
-0.12808602037008077,-0.030383856668948023,0.20196705108621565,-0.916741361089077
-0.7925810488926678,-0.7244229938309289,-0.6594180868667388,-1.348134116720765
0.33595235267288076,0.4988533709960002,0.2322262542271992,0.4345195458002496
-1.6993045161703788,-1.4717390925868408,-0.6961228641937253,-0.8038777798042189
-1.0869650957872463,-0.9649150904044518,-0.10044377114825424,-0.259391602109451
-0.7453200900299536,-1.162345373916438,0.044875792321207086,-1.4030010232779306
-0.23155818374278325,0.06023055359559778,0.008306245696439273,-0.4267830020359883
0.46342331714149554,-0.026317267350077115,-0.18784169305238657,-0.5200630065306998
-0.6050410337113022,-0.8125447950109729,-0.948398970172343,-0.19660174698506866
-0.2933437950006951,-0.4503136862367338,-0.023600856890733463,-0.04517535421938991
-0.18546485610125485,-0.03286546394514367,-0.4322292341212019,-0.5785208410258198
-0.1690632150293859,-0.263708704078471,-0.30053254342416424,-0.09004938281418594
-0.24976780740787832,0.022072434801376956,-0.02294924208546197,-0.0851174827249502
-0.14960774349459954,-0.08333983996183078,-0.024755682726052036,0.01514282715295769
-0.0009983710219248307,-0.029473218641192133,-0.030381515202455238,0.015231234642695986
0.01415231958008622,0.011125267449619097,-0.024407216669181764,-0.00846813081034343
0.0705658695868496,0.07273883026133304,0.0201120075341795,-0.03434335944666863
-0.18016969934657287,-0.2591377522073469,-0.1932575505288498,-0.2657979053517332
0.06956943719964002,0.21041999892489757,-0.07983959925709243,-0.17908774562356616
0.3252758412520142,0.4556734617738602,0.416055606464287,0.34819953831124584
0.6320246894773284,0.2483645066033544,-0.04614527334377422,-0.11201356504955812
0.25358354128426946,0.19171692820603925,0.22321413967512027,0.022931991570765264
0.5890266132409819,0.43350303746067154,0.42582922728703104,0.3035399637875754
0.3999059495632026,0.4457431655124114,0.6138237406235405,0.26843776703239564
-0.7810988350097477,-0.13006352518943412,-1.0095065386767885,-0.6232118042106939
0.5578515169094529,0.6090143481667919,0.060381287408226604,-0.42000375348306834
0.21498012891749632,-0.3313113040028383,0.4900138910380972,0.37821248845469496
0.44587204288863636,0.5557241617890751,0.7708633140720238,0.6109984319307677
0.6760953711624826,0.3017576917582904,-0.0897980854253582,0.04549701673051689
1.0743057770767752,-0.07941482578258802,-0.6758940197220156,-0.4608090800407558
1.8215947739297595,1.2422207242687715,1.1721117351025578,-0.09626563827318825
1.0581068765387496,1.4288566538094234,-0.1859545884364778,-0.9255321181415924
-0.22336518265359812,-0.3481763191408838,-0.0322024620509771,0.2763286770903476
1.9543047814897654,0.08042670486111249,0.5504859585958989,-0.36839649919916473
0.8104981507762052,1.1415099761525187,2.3382411953906637,2.4912974839648268
0.0016907823713729487,0.41214103309364575,0.8367783544599895,0.5690243113082136
0.7571849907584808,1.887768649545156,1.9635320259706224,2.1757394865798725
-0.23377675343009402,-0.17809846212697883,-1.377632170049753,-0.922833781668552
1.2188168057137836,0.9522523870896478,0.40305613979629346,1.8592465238184355
1.805596797158303,1.4511824714409942,0.20956480888944667,1.5044628551096444
3.520986022480272,3.2231024865067246,2.5553289593593775,1.2991476986704478
-0.17682347832069736,0.20777219821143836,0.39970075242834013,0.5903995421059196
3.290718455450787,3.2304927481895196,3.3733611532496264,2.870513591479094
-0.13325908613778864,-1.4690156363331253,-0.3629488730015746,0.22497666338504943
-0.2621863092511404,-0.5973467523039172,-0.7523144884006281,-0.3790221342687456
0.1844620932548443,0.47782342197312466,0.8720231384532668,-1.02727955743141
1.4326378939431,0.47138851530013515,1.059962846984547,1.0962441103707978
1.4899114228767096,0.7100159510888173,0.12271445238067337,0.057485953952296096
-0.3117375235910271,-1.21786477516736,-0.8136183077858081,0.7198627997332737
2.1159396067587335,1.8404763013537915,1.392625395585667,1.1412053549288852
-0.6332532391106648,0.023260017473662967,0.01134025283074442,-0.17494007741764775
1.1453107186663805,1.3363487580076228,0.44064413452112206,0.26480966234564013
1.233016715352358,0.9091923727588755,1.7152524533757918,1.8991910437387411
0.8837443859593442,0.6884965524923203,0.9506026610183319,0.45365509492196554
1.1406348247988436,0.6734362045102648,0.7427179963921144,0.8903482165573783
1.2179420331948598,1.447719196125341,0.9470099338902669,0.9652491879247557
0.9888203155870047,0.7962963394447761,1.4399102466746194,0.6209997101079544
0.1487586239862875,0.4928291507075416,0.2569915599768251,0.8112975631257475
0.4238197487588227,0.3337376853156804,-0.11027596705679774,0.2919906501557466
0.3015762910164386,-0.05424960497475628,-0.14615224525876996,-0.47200420186698266
0.46487824124935395,0.11943933123761111,-0.14010622832224398,0.08678797522765566
0.15925325925363748,0.13874092317313141,-0.2499289603530727,-0.06665747740015383
0.19994465283734758,0.19921333728219007,-0.005438440021928987,0.007711503444764196
0.03218766433005342,-0.027908066475897598,0.0049015994516949735,0.0002322230456337009
-0.002994129023129014,-0.03518959684592729,-0.04165406406818531,-0.016639464198525286
-0.022783845992536682,-0.0381162730109657,0.010091379284157277,-0.0065599265035670585
-0.08641230054694066,-0.061667901868892275,-0.01244986559650553,0.007147707720828594
-0.2126517228154324,-0.23191070653200227,-0.04933429014120074,0.01776089515386536
-0.2570160299925714,-0.34842205122750847,-0.10599985649289025,-0.17948457267720824
-0.44800305426620274,-0.3518558994678785,-0.3616699771801913,-0.3522691271308225
-0.1004148118740827,0.07305738413284585,-0.2274870349342671,0.11966037059799589
-0.1643549238844478,-0.14045410816137888,-0.3404759751458187,-0.2469289124393956
-0.7381735531215702,-0.7012423387701332,-0.02040214172248936,0.009918765530938371
-1.0129960734564265,-0.6548237946357456,-0.4101095290784454,-0.6259798638262897
-0.8427494621036424,-1.1551323475742603,0.008741856634891765,0.3829965890075099
-0.18656825913505906,-0.3639904526092912,-0.6655205876005904,-0.006723320601065032
-1.5367788365692365,-0.581730172083496,-0.6845166270406586,-0.41838828605952044
-0.312530455201253,-0.36120892081519373,-0.07908739308980824,1.0670649801109102
-0.7915477083013291,-1.3807016430428036,-0.5499995188516634,0.1415255009702523
-0.7043406300807534,-0.7519678764573522,-0.2938313968626387,-0.5991085702867547
-1.9795052120029197,-2.1573942426507142,-1.5278750427272996,-0.6990742720225734
-1.4733506997304726,-0.8920322041341439,-0.31214636050056715,0.7991565060029592
-1.0963435097009226,-0.5867951679081469,-1.4967071485454226,-1.0571599841919417
-0.8779975598340773,-0.26285927765581635,0.9950679003713852,0.8529258758017395
-1.5868443720874572,-0.5187458761655551,-0.9862462872295519,0.637482933383913
-1.376700203361845,-0.7946304029401188,-0.43986078467305983,-1.1723429024111551
0.07725973298588434,-1.2368151620899195,0.487428380825334,-0.7547162010620633
-0.899225889099653,-0.6908380917097615,0.10770392545810008,-0.47572649363024977
-0.0953594288891412,-0.5107729459944919,-0.8785494849608853,-2.0258671844760516
0.48212552598477537,0.8146076046161905,0.7520817547293194,1.5653487073022994
-1.0483642067488703,-1.6904000823735021,-0.8547555265309194,0.7210268524394629
-1.8554222576135437,-1.611980260085648,-1.6593310106872974,-1.113594502233525
-0.5023517936875486,-1.2925341206043242,-0.24807965053861464,0.676571953202318
-0.00987870167637471,-1.1697345144277838,-1.2878111248077804,-1.3641180285223407
-1.529902280301281,-1.468831145180566,-0.9988735513430126,-0.0957927845422832
-1.0640111874137574,-0.09918139557491924,-0.09901453862395772,-1.5727460030980394
-1.8656121936619687,-1.2658146740845,-0.531918385992593,-0.019803615480502888
-1.4154632422357396,-1.9280796027628149,-1.4214531452938597,-0.19544492411984404
0.6286209262784112,-0.31582674958227336,-0.2347091404680119,-0.8772736696146561
0.6451663203174428,0.5186393751885944,-0.07375774059653957,-0.4788442775413696
-0.5172012392441688,-0.284146854357089,-1.676941239957308,-1.8666094557082102
-1.1116033987766927,-1.0189711567743922,-1.0102861578118,-0.9243814850425176
-1.2410536328100887,-1.1393506916375062,-0.5192853342825853,-1.2239714333063332
-2.220953564419329,-1.887248131674473,-2.3909378748549988,-1.555286787379793
-0.912225804987344,-0.3526027548013971,1.0244851047667016,-0.11639316892822314
-2.2408868089083596,-1.393005853152637,-1.876069017304324,-1.4271113715770376
0.3621307156486844,0.14913351145403264,0.8194053377376206,0.45374929739221087
-0.7488540626631699,-1.1556861205847369,-0.6972342398266,-1.4658535073437893
-0.35043027186158743,-0.3785516449592266,-0.06827191858326354,0.136186319741135
-0.42397688908855347,-0.21850191799914478,-0.1844283920642801,-0.04676775419584198
-0.4482416144614008,-0.13123576785908111,-0.202999529878746,-0.06101449660049506
-0.5649143788970697,-0.5761725114207426,-0.27808586657246454,-0.17753258129752275
-0.2132598385614369,-0.18643087107567585,-0.27962950308677587,-0.38564113504007896
-0.16751870202768882,-0.24806879169010407,-0.06770597073561625,-0.003231580146015545
0.010240817571863226,0.03590167741963634,-0.06012104104454107,-0.048816642876442995
-0.006159493803485114,0.018894584437016013,0.033494608363101176,0.0016859374890947603
0.11032024247987077,0.1464740308722425,0.1138067676080906,0.08237228040005058
0.08254197738247707,0.059890499195066796,0.09485308379726544,0.18571117218657313
0.029867286310729345,0.020612194811381206,-0.2008806749154908,-0.10700235574602412
0.4183016659086893,0.36321730286033393,0.4477402710757899,-0.18112268541275864
-0.005903079467037986,-0.053853688451732856,0.03639278420157968,0.1081975634237345
0.8912484052900227,0.80793563131758,-0.07978143149258939,-0.3509294934136201
1.2425298851791067,1.1025828620556444,1.1640147576907025,0.5173338650010442
1.41099285363561,1.6140189385754398,1.3676332937873774,1.119946734448871
-0.21310783591422988,-0.8159719102487349,-0.6902665042116967,-0.306566453816556
0.5700798499440684,0.6441342131160904,0.00047187192596032237,0.08235541548536067
0.5876364238845305,0.16973632484332907,-0.08104673746359183,0.20610666433557187
2.124229127873309,2.151975678176845,1.8297201737624187,1.396620238603096
0.5882978439579579,0.38699527829631974,-0.00439584755885805,-0.12510435535163428
1.59888541155767,1.2329295035329453,1.6311501743911339,1.3741424952037808
-0.07202379994950957,-0.1273424255736804,0.12397331953755879,0.10583489812384268
1.1526516432954559,-0.17866550515586496,0.08501315917498357,-0.8003122980573408
0.7157080808715917,0.35624156499483695,-1.0034838478002814,-1.1169680042330368
0.8942196581863321,0.6293198863111504,1.6112387690983647,2.2680204879404338
0.8435933266157535,0.710488177107104,0.8791343487338296,1.3892839729465545
1.10448618683742,2.3403860204778395,1.109267516670633,0.40783902381304865
0.20812468730244835,0.007785622442057398,-0.6909249893363243,-0.3544928074157669
0.7508095749769714,-0.13107663052014082,0.8885323550090513,0.22638456923571587
1.5645941516842437,1.1457069328629443,0.5309968698193476,0.31365900922083984
0.8169852001440846,0.2744957395319597,1.5240536045304198,0.6460759682758286
1.0544557910722607,0.7038759153721779,-0.18007943596129433,0.2082273990774291
2.7545964995056043,1.8900597782163064,0.5373915221091828,0.5281096077085266
0.9353913430848048,1.5176100725699146,2.636032886804058,1.6193370679523116
0.6496262912334809,0.1592171894582633,1.0845242568780873,0.4103328482810221
-0.2000193027779986,0.03691393435524693,-0.101168167391976,0.5608513538351771
0.8146478235065122,0.12042777144433806,-0.6664990638625938,-0.2561773299782195
0.8549906649506028,-0.40380891421690857,1.346047998943348,0.33952645760141753
1.8975451778068477,0.7619321086150715,0.40269698957250877,1.9165784489947684
-0.1021931523998866,0.6574375171715795,0.46357726802631555,-0.4659866664512289
1.2732159039019693,-0.27159595633502004,0.30075756719221275,-0.12714936757648126
1.6020319970377233,1.701749234910637,1.572265973214218,0.9126777807964487
1.3164310589346095,1.6744200432132506,1.1747588057948692,0.00358921477170314
-0.18550714871212848,-0.16100868425854598,0.23910874800873103,-0.2081220142937409
0.6828440099332002,0.1395541291106491,0.04165562921190803,-0.11053869468413012
0.8507559283356312,0.9443939475405045,0.0658816436059403,-0.007054199650028081
0.09803886853192689,-0.04284955365922604,0.3565417951777667,-0.21327329146027682
0.12776716874679805,-0.3316238864954589,-0.3986357751378952,-0.49282190838990736
0.5474934814259566,0.33947134470202484,0.12634811336091176,0.44987592760861944
0.8528050653004546,0.5277628634538439,0.6854795628195146,0.07802889628510738
-0.18285217049586017,-0.16785895414292729,-0.43642799761223267,-0.1510467189735678
0.4554912591493641,0.255431166675482,0.262344395620725,0.253461658940731
0.06833866892357633,0.05649878105291685,-0.11812953423268863,0.11460358590984497
0.2550923346262118,0.1678241454173373,0.4184606993739737,0.2612196029553279
0.33063097795708063,0.2997988509806094,0.23021640684726882,0.17761849750530026
0.040334519847753054,0.06248433597494297,0.01470509705147144,0.02770277310988462
-0.06311504295136934,-0.0496002975992251,-0.050397658398709765,-0.02417888189221488
-0.23077159805748865,-0.16404361208525828,-0.07117974188456266,-0.07003726956837603
-0.007753438638761955,-0.09277645872829784,0.1507284831100998,-0.047436089373433486
-0.21566249410636615,-0.2785524784484727,-0.2616856537346036,-0.20292889570192077
0.472844888420615,0.3493974879122426,0.07702136710538444,0.05952881605581159
-0.5884602848855939,-0.2506707087345044,-0.30938509465148023,0.09858307087383256
0.38417095473718027,0.5382664466177196,0.31688255026072043,-0.18290212505415543
0.4930296649222842,0.23464859562134102,0.48358063989268174,0.34220509906971497
-0.16209167469722568,-0.5421215066441926,-0.49014486062755286,-0.7520851184943383
-1.1146051860398498,-0.6870002367673828,-0.13543482063904638,0.607437333939785
0.3777206842503653,-1.157073835715933,-0.13458453614624594,-0.6976366144342073
-0.17154899613291327,-0.4883169938137561,0.6050744114849075,0.4326934413652256
-0.8683410150021055,-0.02979196268621332,0.09540181284179229,1.5073811488369948
-1.0592951967984072,-1.1248054889056653,-1.1128993166762662,-1.5797096352712778
-1.7784528639448185,-1.606177332753351,-0.8991251776516368,0.8472527257448655
-0.6480572435771406,0.8297098898591686,1.301516212986838,1.4916230474425731
-0.684634006436946,-0.6693990903324564,-0.9179820754338273,-0.7679317877757803
-1.1164120858439077,-0.9576737585747032,0.11149677862252645,-0.36204947893262807
-1.5283229752458278,-0.780114556866179,-1.2617058222819313,-0.25759837555781395
-0.9248846962017461,-1.2177351541079007,-0.5732050242765707,-0.7922756547963915
-1.0455678962025474,-1.5170778068045736,-0.9968979634179292,-1.4321148234822747
-1.3603208581709,-1.3279239211617655,-1.598280529742442,0.14327283712689234
-0.8094063647894574,-0.4289161478267076,0.498077307391023,1.7357833990879132
-0.09721269682809427,0.42307331339012105,-0.21575698946237024,-0.9739791968476262
0.8242922259012947,1.7844868266179998,1.2941919034862954,0.4530360079098678
-0.29502221213900803,-0.5771229967637225,-0.4378262663936286,0.4203368141733796
-1.579324447918317,-1.62540592369658,-2.5824687671131303,-1.4630351612281889
-0.1723021574696434,0.37848292980814385,0.7120620370202456,0.060615151423818715
-1.29796238794368,-1.5643676540331035,-1.61590802689681,-1.358502624723626
-2.433052929155924,-1.8961357784144455,-1.729077295909792,-1.6608630197672918
-0.10235566346578247,-0.8120558586686598,-1.0414886126609246,-0.218901725729334
0.09446166522519832,0.3490834321714428,0.5806788646628975,-0.14779855175676476
-0.8727967364245854,-0.6258539176128476,-0.4276354083326451,-1.1189538375299946
-1.11031906186845,-1.5204162644118682,-0.7696683234155467,-0.05609339547004531
-2.2008414071546065,-1.3714763865116124,-1.1357394168523722,-1.0514307355298012
-1.193560492289454,-1.6501302547125065,-0.27843326845659955,-0.13590327107623665
-0.06424305619595067,-0.23799281828906113,-0.5047299317054323,0.07733821478090944
-1.8889340263306482,-1.637016417441224,-0.6345014793456304,0.122372420210992
-1.3635014164094905,-1.4526535878792366,-0.7316952090533861,-0.08198262520558246
-1.1730383324337366,-0.8193151396980587,-0.7216216466242285,0.02843454953415404
-1.474360460052532,-1.3084411549398347,-0.5721978182901666,-0.8748704545362448
-0.8864720210657365,-1.0291981629379194,-0.17807781850372478,-0.047682555942586406
-0.8960865185684853,-0.5774353936585457,-0.7325416285423585,0.23195199413013307
-0.8581093818153918,-0.6351061549703036,0.21327911514798356,0.6227377132428668
-0.10083368651211992,-0.17458596835236462,0.2891741087879939,-0.12038631718172674
-0.6693101836345561,-0.6466436699726549,-0.8411420049720089,-0.4899131558339348
-0.5498556253525715,-0.2992901758500546,-0.15194177246479165,-0.13457287931476117
-0.10910019925599387,-0.11515487662363251,0.01725019624265636,-0.11533454118914835
-0.0352314139458358,-0.041946443569165104,-0.0169559954512397,-0.03879459687875137
0.012968353867383736,0.0060493962342293576,0.004625663815986833,0.017874340801069775
0.013960274731036663,-0.002436612746354867,-0.012144086302113518,0.0005785773270002265
0.13038789977594073,0.1260619199077062,-0.047440807007449674,-0.07231561873311552
0.13738576445115316,0.20534114194981978,0.20569390469470128,0.0156789443006363
0.32035561280854064,0.36254319220701003,0.4933160044108006,0.26707742613674
0.3133401832893753,0.4966558610763201,0.5587880240494099,0.4168375624493316
0.731911824461469,0.536153315703106,0.03728040831593475,-0.4712939431036266
0.4917991810447023,0.38788998136969627,0.6997803894002457,0.5811246039599947
0.28454576312741314,-0.22696919476971417,-0.43937650457957667,-0.8625443811508238
0.9777108712640885,1.116033454261238,0.2319390746190666,0.14293166157584633
0.4231539716779864,0.21099803537116005,-0.04906170926052889,0.13601968547667695
0.9461104747615665,0.5677832732357349,-0.13450276689945895,-0.06613385469558454
1.1683651206323062,0.38153618519375704,0.06513464254498083,0.14608823327291368
-0.3055409887896435,-0.2833373561341853,0.7204569159243479,0.32653057926033713
1.5694010704870274,1.3396180509383753,1.6972603420418113,1.2583253158646264
1.2917573761639645,0.5903234040941846,0.26520203582887086,-0.01817198123170254
1.8915092837534129,0.7524029857971617,0.9917622999403459,-0.6681012643933937
0.23894566852334362,-0.20819426221439977,-0.01646743132267024,-0.7120301209663955
2.866125875788359,1.8726607186080242,1.4882372432561444,1.4039624428766766
1.9535558172667047,2.2180708815346346,1.3982304402061094,0.8556237943460655
0.37280874028232897,-0.09736808187362629,0.16557615155952088,0.1875254469953301
0.31971025731719616,0.9349796706934577,1.1139873688150428,1.001140677854203
2.169619996069194,2.0079055526600893,0.8839598852657664,0.14900015631614694
1.2044802681479498,1.8471658774197446,2.608814881839544,2.67404713614676
2.529706369823454,1.690511297408488,0.981037818517826,-0.3960229428223387
2.2415451581434986,1.8616088312346502,-0.757191724876394,-0.7776147887044733
1.560643224121859,1.207827335258784,1.1648841115557607,-0.20635262549203565
0.9921464261566351,0.8938735228389266,-1.120349624554718,-1.7946882298860043
1.2746802959161172,1.563869369771797,0.9584664731584539,0.8641159494518814
-0.6326343570020319,0.1953976341849046,0.06885139980832339,-0.8357685604991011
0.3447140540555008,-0.3737265387822266,-0.12506514746739625,0.28510844891559084
-0.15884238049013968,-0.7809067010723917,0.4976791944261754,0.2408066684235854
-0.1312690191315134,0.4169956249375626,0.28542405937355425,-0.5549299914246141
0.7882548832719811,-0.2600352590614596,-0.8609028041291428,-1.4273840230643955
0.7897885398278878,0.8447194607991958,1.523490554271548,2.4134849560499245
1.1466950093254331,0.929702768883239,1.1243303026984104,0.6295372310082156
1.6424800899969292,1.3292741408212283,0.9973760089001749,1.2013582248109398
-0.6362418695667806,-0.009700176488005127,0.07823011475480231,-0.7000852718487631
0.422633020005232,0.9047500038306828,0.9597837765170668,1.0932840094022303
1.273457357244281,0.8669896918255283,0.8332551868344356,-0.1315714885371869
1.28212170727282,0.8812237250834885,0.6551954662155944,0.23837877549664724
0.7027890447312217,0.7592330178948746,0.14830785073561925,0.6742793718609572
0.09526257540984283,-0.024683763423041075,1.0138289108068006,1.275814541406913
-0.302062950962934,-0.32833849142098076,-0.5157916037754087,-0.046062900923455136
0.5474924042823577,0.3007937412977919,0.6851184479005028,0.4799292172780665
1.04950691163793,0.9004797782003144,0.527508856053739,0.06377689020730312
0.3820181063970034,0.20998529861070359,0.2485311396931754,-0.06334551731272767
0.09590903259724161,0.07797444818344434,0.0818813697038126,0.11511871875812682
0.28093945263985226,0.09456621007209409,0.10922278322632863,-0.035784554059290506
0.19087094101799926,0.15601784322828371,0.26616442199573054,0.10299198656476372
0.034351868116503426,0.0315966443381461,0.027159890793010035,0.0395329108521763
0.01412561677438696,-0.01650193410723272,0.032602756977225734,0.015587924515814172
-0.05216677240506323,-0.0316243168144432,-0.11488434070595137,-0.023082493457269176
0.15393977342889945,0.13717941887231985,0.0012899472359850063,0.1038690670826195
-0.1517765264489719,-0.1691237996180899,0.3544474057494096,0.28650486009575005
-0.42958731788950677,-0.49481179659771896,-0.49278536247783256,-0.6334557707207331
-0.23550470130657636,-0.3003294402360027,-0.21177218770737494,-0.14700784438573522
-0.30765335161602164,-0.2362455726023237,-0.14542600644078307,0.5195497202204611
-0.9269032683192371,-0.5675780878557569,-0.2063364404165588,-0.331314039938378
-0.3513681306588171,0.2995824469198465,0.28486391504467073,-0.060654305404307524
-0.7590675118271113,-0.6726644887834679,-0.34034843744859944,0.3880156590015749
-0.031245214233386224,1.1091722986131116,0.572282403746014,0.5825434566498336
-1.19503648900723,-0.8039495130151212,-0.9028865758242977,0.19970840508326337
-1.2545100847585247,-0.02727797501402066,-0.03252396259905361,0.4297122696562799
-1.0282848845861123,-0.5873726456459614,0.15411696844586517,-0.028612830845162685
-0.3936989183242038,-0.6720323154830103,-2.2256094070363748,-1.9779969459422326
-0.17551039091255957,0.2483630515804329,0.9744801570426797,0.9653709905100722
-0.5883261004346635,-0.8753756926396519,0.14256208653435087,0.5991486206691573
-0.6099773705373207,-0.6741643870873485,-1.0124815376987883,-1.1169592301379445
-1.2336099445469502,-1.1170202586130282,-2.0819119932773944,-1.7881458893507738
-0.38288104231002246,-1.1402853414013652,-1.263727093961367,-0.26751110194367017
-1.3932846202988332,-1.7956534600812166,-2.029572348948885,-1.3061548161184073
-0.6708806858926594,-0.24691896140403785,-0.76578388183085,-1.3120867546847783
-1.9834208545532723,-0.84366896680556,0.37347999496661943,0.650938643472525
-1.3886486547244994,-1.7466106575328,0.31593390180409386,-0.2951193022514304
-0.7783984654543697,-0.9181897634353728,-0.31476903812708307,-1.48364137977864
-1.428240107361016,-0.9127157700613678,-0.36921676460747993,-0.6918664093565141
-1.8438835006694136,-0.6883551817465403,-0.9112296521668278,-0.9998974844183882
1.4104925418403198,2.625680048122172,1.0748600252947496,0.770321935367631
-2.23860663501918,-2.9171034491021266,-2.199221490936483,-1.6899818805832432
-0.2991548625965167,-0.8563615222936027,0.17264036492316923,-0.49658278080483415
0.40058757712282905,0.39663614603266983,-0.20071121639867487,-0.4730424101931316
-1.4855977416142019,-1.2128133951007014,-0.9018473743706753,0.0861449642339023
-1.6485814826200422,-1.4424580663696613,-0.6298231107705421,0.5564642453365447
-2.7276178926065255,-1.2478350089436212,-2.0513986338970724,-0.9583251909537492
-0.7178159757569889,-0.11057038982202509,-0.4208995050990029,-0.44744717406221557
-1.2820482423674697,-1.39513883729566,-0.018355702473280906,0.170467030526642
-1.4606074345572737,-1.4293696327954886,-0.7668491938089737,-0.38259500314677763
-1.4518661499359213,-0.4137342150674596,0.35053177601155205,-0.5516251000017655
0.19116783624958603,0.21930144529779574,-0.4725349702258165,-1.025396030687241
-0.6205793176727354,-0.9842621925410793,-0.9644908389407768,-0.8344339433734167
-1.2721271296795384,-0.3622271637927737,-0.862753648784845,-0.9344431444603725
-0.7542172245490241,-0.3757272193181768,-0.3256466315613438,0.3129253342479716
-0.8591020134230407,-0.8924269747351832,-0.90694759947895,-0.4722059560080191
-0.6036739435136622,-0.36229132303517525,0.11648219898589617,0.11807921801535458
0.024340315098885856,0.31210192961594024,0.404388947801824,0.09056947487598555
-0.5628434866816583,-0.5238916195437485,-0.26232980814379336,-0.3214390536325571
-0.09821752117958622,-0.15813193646401638,-0.45481950143061245,-0.4831232219386272
-0.03751218962118864,-0.038339886913427976,-0.006953189448083358,-0.11252328938387834
0.018590422403712895,0.062453584297374076,0.05181128582531621,0.0828838399458212
-0.08977930326848586,-0.1010668936043951,-0.07055018648071977,-0.023296658438554326
0.022849617907088695,0.0438078942681061,0.0200091622496207,-0.002653655572656771
0.03188941439824311,0.001806946450756634,-0.06962229817339914,0.005155447455288738
0.15135425316288517,0.12048940519456498,0.10214879930479838,-0.09761908855919989
-0.30189904618121205,-0.4123870776720392,-0.08598608479130398,-0.031066326378915387
0.7303576634844678,0.6409186631351793,0.4803152690478567,0.6411187101533765
0.4941610044980204,0.495252762202549,-0.14976028506793884,0.051009813158775154
0.7308363187234147,0.25931271604325845,0.04651751496978689,-0.07533032589208905
0.3861707217394136,0.8367725313639484,0.9587256050962656,0.8738088746215227
0.9686517630934405,0.8020455320869534,0.14015278984967303,0.44681732878465463
-0.24716058390497728,-0.04493820909518036,0.2028097744319854,0.49891563539997974
2.312345186122485,2.4813430773639564,1.6812072219323655,0.9537908661816535
0.27285613156483574,0.32601349325287404,1.1371601444129498,1.0547450349187195
0.6303400253721769,1.2609387780661883,0.2514871742132034,-0.3648892943779546
0.3252821039487928,0.4091900089041308,0.439078500004501,0.5849941015662266
-0.7922317392396293,-0.07890768810200281,0.0648885509895972,0.4727462769005221
1.102290538170497,1.3677985016711067,0.5074792042579112,-0.1254230297866612
1.4290594402673915,0.6092498422732006,1.4487965262323077,1.254115909284744
0.8923660495991137,1.1097787713368934,1.2482602422504918,-0.10075262085271193
1.1486540719010696,0.5815973946040008,-0.6196321026075172,-0.4376664030799035
-1.3213113015841143,-0.9711081090974351,-1.0367252304853625,-1.5268167131399104
2.147668466057065,2.213049817353063,1.7244270825420032,1.1733663436055077
1.1031628586640256,0.9912413716614382,1.4011391996674163,1.7393787366906721
0.5387248717558364,0.699009037920908,-0.5353744437534437,-1.981869273784105
1.7421997229043245,1.310818928141042,1.7192132815074879,1.297573014733898
0.5465703897927364,0.8923444623566921,-0.006333531145000252,-0.6191746209130647
2.5503503946654535,1.6279416684156136,0.8783593958613917,0.6721815662078556
1.1127098809586178,0.7845481185552606,-0.06814297724484474,-0.8881068079496823
1.2915775858909193,0.179623515321485,-0.045796498870370635,0.42397069303482476
0.8951885870134365,1.0924975484007249,0.5786514565911106,0.40052714951041624
0.9375245160590168,1.7208797171277195,0.3849763932188942,0.25590850898781975
2.0106068763013,1.4318846438281445,-0.07762717746473874,-1.1599049976097462
1.2567598135200755,0.710191486306385,1.409728812848804,2.0643982033134813
0.03358126491063632,0.6066479827273089,0.3601186315363895,0.3576357795652365
1.9999948780934231,1.3803881171617998,-0.38509227367700116,-0.4077663818455567
2.1549531041390186,0.9602874027068279,0.006905947536348249,0.7318603406007681
1.757624954327705,0.8114435728006829,0.3009282242058236,-0.45627535723209717
2.376228626644891,1.6237722770195286,0.6909642346596321,0.29922147385105163
0.2963609132220073,-0.3067886438818876,-0.308059978163382,-1.204901349823404
1.4334907998550785,1.526510158330893,1.308688723240945,0.8717812458481241
-0.5423965651647191,-0.9177337542041222,0.19489633193042263,0.08956521646867431
0.19387797376124533,-0.1779351838809945,-0.13885563652930563,0.18640824942880355
1.0633313519844378,1.199136037513316,0.754261896948631,0.8519840053164025
0.5261657187669709,0.4728884641653674,-0.1845621178088188,-0.5602480000020875
-0.12492221327784239,-0.23195276976474763,-0.39690860867703065,0.10094530507145452
0.8957396674485825,1.2507161594147471,0.4842350279796519,-0.18607604864550875
0.29666559532739395,0.35180444647739123,0.033795018497830925,0.046229859741234704
0.26747416719482414,0.10144692141266641,0.5108751078645423,0.6901559337838231
0.08909359020127644,0.09845159543192729,-0.30842902211825834,-0.21762103504552163
-0.03498392564192936,-0.07881816250922079,0.01907438094837895,0.08083438524646801
-0.0008664690679468644,-0.019338353195980183,0.013809810495625867,0.024056240387523308
-0.016587657602662613,-0.006297666544199529,-0.0019527734785044818,-0.009377855469896045
0.0782010410389111,0.08267187857537314,0.12969027919474077,0.0418480522435479
-0.03159250213297,-0.041925841127326564,-0.31360266174037865,-0.10453279527799378
-0.3461906223307106,-0.13443415990258006,-0.3562256652389292,-0.0038949628452049838
-0.5908794193582084,-0.2531223244871087,0.047120769286072665,0.31584574266320536
-0.5091566446270994,-0.43279095288148933,-0.5351787675671258,-0.09962692149190738
0.02906171054000537,0.2341880928280766,0.062295091939044374,-0.4494960022392915
0.10770911765445176,0.1520077909893544,0.255342547557107,0.3419559224832069
0.032129876219145134,0.33546219445083414,-0.08982444282143719,0.11903926304357687
0.5818404003416133,0.5788651697098128,0.6836855882904648,0.13580317019900645
-0.8353441932466549,-0.3009448359187442,-0.3645371352331639,-0.03494156115667089
-0.07916070256814386,0.29999803556963067,0.3368906841094427,1.1444687831295997
-0.20983724719943125,-0.6198377003079956,-0.36588092745458267,0.25306980009328817
0.22904661789702963,-0.18271698793460658,-1.1740788534419724,-0.4952755979193518
-1.2596783040659156,-1.4413057782478944,-0.2544368029060965,-0.8351157409792379
-1.448517598461264,-1.9261178073734753,-1.605242155309894,-1.2587858530404303
-1.0707077781832368,-0.7983115640798293,-0.25095069951885984,0.05525540728091258
-1.1238904323508212,-0.3690397959308007,0.0005778043521714993,-0.8634191232849423
-0.7193894312081653,-0.35781283116686335,-0.40000628902752194,-0.38920987421482944
-1.3951387846081018,-1.2906100702314074,-1.3002251582937747,-1.3355870533051897
-1.063758939423877,0.05609518149434098,-0.03388514204964093,-0.5136527866375626
1.6995487200636206,1.6636524192746172,1.4650207538010294,0.576346503933777
-0.9510241458794128,-0.747411520868675,0.06910872485159725,0.04378143642974422
-0.4676226263078357,-0.9692354199773262,-0.656837427353334,-0.48298946880500576
-0.6068020845227645,-1.1199140773813931,-0.9588420757717008,-0.10419558020160508
1.449084375433666,1.034330412456409,-0.114744114788596,-0.0861915200380177
-1.927362376594644,-1.3825957536072815,-1.7427516410206936,-0.5418460882303013
-1.2466282332683045,-0.6865923444905331,0.4614152926952342,0.12937604945749454
-0.4933146853644575,-0.20130240160803112,-0.2674111061897458,-0.9303969799638137
-0.5867698653622131,-0.5343515452782043,0.6570306997618776,0.29164955605340664
-0.5633615126093675,-1.2289284359741532,-1.5214451064272605,-2.0073990311055145
-0.5804142005381563,-0.09517177910825059,0.08524310622720291,-0.05137036808991864
-0.4251420518688896,-0.21807032126529768,-0.6601609105984082,-0.9779457922537476
-1.3904318779619513,-1.4412069396785119,-1.8928645143151188,-1.5238979734923284
-0.6768825615062121,-0.37523154412093856,-1.5253412632395449,-0.5755104399141606
-0.33258618722232586,-0.4364999374559351,-0.41333593581421435,-0.4105280118692576
-1.102540817507351,-1.9274198918524381,-1.5810565151836629,-0.7800976634078194
-0.37514024319301453,-0.9137806735744448,-1.0378198267801697,0.14685558093033863
-0.8914558688966098,-0.515817110767219,-1.1851982136803882,-0.6136143764041839
-0.18218059478198192,0.06849488186572585,0.13810093156272515,0.4636979747786522
-1.355225300668398,-0.9931465596003405,-0.34000276823855197,-0.006364092889795351
-0.7449869824329053,-0.3915392455279043,-0.13002093482726718,-0.33408133873220563
-1.157650236495684,-0.4963045941798849,-0.29918536724455996,-0.2624542031709004
-0.6683304456981626,-0.7916933028685931,-1.3237112499721837,-0.926828618058797
-0.3023821003073064,-0.184114852459271,-0.007378144162484752,0.10734220332479587
0.03427540681274955,-0.03921687434989699,-0.04111261946652579,0.24620965224838648
-0.22423415662055565,-0.3470571720893087,-0.20436491423447453,-0.3102701702747841
-0.14662581004874206,-0.13329059675039714,-0.21632119025659183,-0.1757572413994504
-0.1579284798991771,-0.12311154940008621,-0.007788112792982773,0.12624727156199253
-0.07705791697678087,-0.05311501342976589,-0.08529196331490863,-0.05429251119266204
-0.014330994033288885,-0.03369678944433825,-0.030933835846555933,-0.030768587725992468
-0.05607997702380942,0.03192942758303942,0.11422691135580627,0.009724798626705411
-0.12993575119359949,-0.02668081382959465,0.029124523551604626,0.07736204598737005
0.04749850571059583,-0.048758448090026225,0.04341648845685497,0.17001723311785696
0.6381950139626228,0.5791167029997382,-0.04779777533500803,0.1316281280386796
0.6571127165984274,0.46920799953575726,0.4321134705817184,0.8497777963234245
-0.08283797201583581,-0.03165733057039013,-0.5210668962716092,-0.18336871845183145
-0.19333562095130466,0.009821338927596934,0.102126101801054,-0.526018761052406
-0.04954287676826878,-0.01159455902428319,0.25284880386082326,0.11095657066493564
0.24703509972588206,-0.09553983003786996,0.27433424664837835,0.22697366723922463
2.0719000686693385,1.8760664195394727,0.9319880578120955,1.085770031778929
0.564375277622226,0.47340795012371256,0.05024331152040435,0.031416916849932724
0.4950557509888007,0.5112202040006262,0.4253669897110806,-0.655265221262941
0.18616148909870464,0.4672540038847057,0.7143982551280202,0.591294297870989
1.0102941132906984,1.0924361397312654,0.3313422321829617,0.23238575046833557
0.8158146639071273,-0.0030944557040056483,-0.2884044027601148,-0.7107888917299973
1.3499765127867958,1.2248680090750004,1.632413782299492,-0.2531428805521017
0.5891265858029235,-0.014478972921972002,0.06096683740412678,0.635740929898165
3.4121886583764316,2.7823725345016177,1.0143840721130764,1.590408094403971
1.1930436423519981,1.4640016610915514,2.2692024461533564,1.288944426269497
1.526185737315578,1.35613222783879,1.2759417535582616,1.6272905183747488
2.0242285666068773,1.3119817173303403,-0.8817749546144658,-0.3060492369609257
1.5051460065132531,1.5920704673775332,0.6427962310547037,-0.06779000374488077
-0.12587852256277995,0.4079006592142928,1.0068694894956824,0.3652662782176245
0.4382929041114354,0.9466080114012185,-0.5564039112989434,-1.159458961322265
0.5916020496191451,0.3826422231903091,0.34644897272524244,0.26768762480629216
2.171866996770879,1.8741777364740184,0.6166161144492,-0.33586942862639824
2.5436929106686565,1.273843486911908,-1.0649428658212432,-1.3803512385902317
2.044862471916343,1.7234870501734136,1.9478621810239205,1.4209046645529984
1.429859712539215,1.3715783961350878,0.7682409501134919,0.8239113903046801
0.028576790272720448,0.40250350490032694,-0.30673009932851725,-1.0214374553023495
0.8267277939585359,0.3423532973914673,0.13088774118167418,0.4889031011780597
1.389833726032767,1.5631974382761755,0.793908618403576,0.1949286711983888
2.6061725306971604,1.7103294661416397,0.9075327976238372,0.3966131598966469
2.2826409205385123,1.6531105381018971,0.0342296782615278,-0.5964270704659203
0.9050541058493915,0.7642912819972953,0.3973582957353053,0.6932425921852363
0.398690506963519,-0.09583541440304508,-0.6235812455569539,-0.1706936835073377
0.952965757264455,0.8838093606134446,1.1234286817139971,0.24773780336548368
1.1298790253199311,1.1386236264759715,0.25689047082812105,-0.6065945287735569
-0.18851475006297377,-0.273355261916347,-1.279266385108381,-0.4230365906107276
1.620716186042609,1.2512058018136285,0.6771691358048508,1.0107428504332359
0.3408515368632974,0.6013178264346644,0.4863948048824066,0.646577646227266
0.9296768355095876,0.7176077466565066,0.31061794924135727,0.39816111431401174
0.1076151593280627,0.1280700106296226,0.04136049467475658,0.48232036422778723
0.0239238921559373,-0.05288180779692377,-0.18109159338973702,-0.07299176658322543
0.4817513101368142,0.14376757926510664,-0.1181563280154262,0.2782290412287518
0.3473092354000714,0.40048500175798313,0.28911652747284705,0.19171863113655038
-0.06498796275036559,0.08109344229991862,0.2031300420281008,0.0953257732558244
0.21958238133506175,0.20422202439426085,0.13156745571674544,0.1265099579891547
0.03791415376028544,0.027368763374332604,-0.026570929850379954,-0.06917455407560744
-0.03213184444937395,-0.030462991111741153,-0.036318492737686746,-0.0028888939765689026
-0.06806879031177757,-0.09424423166708779,-0.18503830556130593,-0.16901700472185477
-0.32362037124912896,-0.2578104480150341,-0.10130740991519416,-0.05342351784545216
-0.10421448652045659,-0.2261804433078755,-0.15557886359512083,-0.12161917847000635
-0.5776959491640579,-0.5555398946815425,-0.405108471323484,-0.23672506257830372
-0.020736863305155128,-0.09665846206148437,0.01234829201986009,0.1329194832318896
-0.6393196488995587,-0.5136772539523353,-0.33365841346684677,-0.25584812684684277
-0.6203059531744157,-0.6215585495619923,-0.32508930578464523,-0.14191410437585741
-0.09134670929572446,-0.1241838596416918,-0.5791734954101524,-0.709520902038254
-0.2712018218008463,-0.32401078942855754,-0.04204008098981577,-0.5433651079121044
-0.8196840976123628,-0.6706984540454225,-0.4088091681894467,-0.3511779377843285
-0.6432746110891436,-0.4185930507142755,-1.0085926805861927,-0.7720941193289856
-1.043754491101968,-0.29519683192318436,-0.13681265119449543,-0.1379348578520215
1.3746379396936046,0.6568790412193248,0.9155166972697854,0.8844183397346621
-0.35325438192709624,0.21198849385489685,-0.047222342380961554,-0.02648548670413121
-0.765654784961527,0.07933785420807488,0.3777433605972446,0.3600963115727975
-2.1379592394966322,-2.045494522525289,-1.2375356454875162,-0.5977414273475768
-0.7003024378174666,-0.8773178080559304,-1.9142340783339655,-1.4274958415517254
0.08568291065045629,-0.09288894409217524,0.18425816708642434,-0.06495849968757399
-0.6398694053538385,-0.6172486605479157,0.42524634519012516,0.49354220516456476
0.2416928757050456,-0.22581973291337895,0.5977130543322415,0.15088142980688746
-2.3026429858725375,-0.9770834640961465,-1.0531165252329293,-0.4640321002464072
1.1801170581488443,1.0011578614649776,0.2706538444345021,-1.9073285685992527
-0.9262733205054456,0.7151297230804373,-0.6109882890664738,-0.34729158006446276
-0.5555907335292101,-0.2828777765974628,0.10824367283416442,0.24832120142183017
-0.22351226293852108,-1.084962396817081,0.7110792403820888,-0.666756295397539
0.5076357167254901,0.7901954082043509,0.12507700071506214,-0.44395047858877557
0.40872051594445036,1.486761605333931,-0.3232888612676124,-1.098551206408661
-1.120953876561646,-0.6615395019407756,-1.0533878139226767,-0.8485944735252081
-1.643268526274285,-1.7875494030946473,-1.1288062254129707,-0.4002900713706436
-0.6885501618765278,-0.8554124217621809,-0.804192180030834,-0.8723025266719872
-2.6658786453530494,-2.6294332662069415,-2.2578451511275337,-1.4893144484686425
0.5488162818753795,-0.5104179705244205,-1.1215491491295169,-2.021191450164461
-0.6335562818881506,-0.6828132117876469,-0.576282452670553,-0.5013291454666087
0.13651337460587273,-0.5687053846526725,-0.11562018391817482,0.03684317364413224
-0.7887487709834958,-1.0573667864508771,1.1231133394302666,1.238747110067446
-1.4032090752955986,-1.0906829216875134,-1.1195024798637425,-0.38719042224003625
-0.7252706803306594,-1.1404842925798668,0.12778558215258917,-0.0037632875637767437
-1.9903010568129733,-1.7842795992477116,-1.0289946199866478,0.08593146210339704
-0.6776383516041569,-0.5851554554982485,-0.6554507256913407,-0.6453123901538833
-0.6735675334064286,-0.08718447681705574,0.5534724339768563,1.017982928395607
-0.9260826231538685,-0.42564220862596763,-0.4233053417811805,-0.6221134945554831
0.3008582731613843,0.29531587638634443,0.772439363501581,0.470007145416237
-0.41881689088578644,-0.7890291113385121,-0.613768083406505,-0.8804829636964173
0.03535145069764717,-0.005438798137396946,-0.7224291906506858,-0.5924271849812014
-0.6100100869329719,-0.6863228778711835,-0.6970982216347986,-0.5003175616855583
0.15484314994852746,0.2910023398916644,0.13179734746684593,0.0842280498462254
-0.41078050373764097,-0.41142592752428303,-0.2880255676410532,-0.1306083832633715
-0.0421642867315834,-0.01911489296459592,-0.006588934671720783,-0.08213608550639433
-0.027426671343649067,-0.013783390422826287,0.022178401334863002,0.060258519168597716
0.024685782242390566,0.015751983538906014,-0.0008918397791013044,0.013980056930410259
0.14147492071271128,0.19525499592927856,0.21111929034242477,0.08398228760252836
0.278840668421673,0.23755074647476568,0.16732830417672814,0.2076278380499606
-0.034010861501324915,0.10856890674893885,0.07586992702522734,-0.32336678144788217
0.41629815750146515,0.13885814732140206,0.05903502326790601,-0.032305546829823756
0.1379766464620436,0.041553878796328075,-0.3234415724703847,-0.3643349765173739
0.2155919071370635,0.046320229178924206,-0.5214400289085738,-0.2211038751572805
0.5410010630439308,0.8006840892739321,0.3027219825270152,-0.21647019590489425
0.7704699658584315,0.6500760152162115,1.1588419303126498,0.6770862468307964
1.1586068476754696,1.6234857644541454,0.770509709262343,0.7516615373556794
0.27495536409257537,0.6832199487832388,0.014815470836060787,0.13279937087636273
0.4123629324952602,0.20925553333639446,0.08246987856542094,0.4232902072003775
1.8174121595655555,1.4043034546446516,0.293840160808069,0.7164447225031809
0.4418000367919047,0.4583257504447423,-0.2728056866303986,-0.016605446222127937
1.1749809474721222,1.347134731438448,1.246626875124577,0.6709215271245814
1.5954668046631244,1.7068543728392143,0.62885610627166,0.0964902248144408
0.11487315785770663,-0.05539091006662909,-0.5690111370327353,-1.49321869871622
0.4800052078222159,0.2598993212656871,-0.5709433413229129,0.06677309086217552
1.2045199701049636,0.49844845794773285,0.18321552178380088,-0.10643890087948726
-0.29945503675285445,-0.3177983398479796,0.982939716054054,0.2769395993203543
1.339575000275886,0.3159712330257922,0.5237299203216016,-0.30870490667620404
0.757517677147164,-0.04570966360369126,-0.382613544706887,-0.18604546348895046
-0.0192342261910974,1.0735297936060357,1.833454032102517,0.9194427231056078
0.3372213916641712,0.5695574750660224,0.14804363669534862,0.28285464302920976
-0.9890999650439338,-0.43045229882759095,-1.2766293053145632,-0.14248865760523502
2.3931125117503687,1.478574902035716,2.4932407098204994,2.371084490183856
0.2564025253722819,0.5639432418588938,-0.9551918610958499,-0.7385221201895501
-0.7824582835126195,0.2315099144077685,-0.9502475319178639,-0.40158100475582276
0.2818553230819617,0.348498511826911,0.3889823389321468,-0.6804610395200785
1.7919941177979255,0.5916974536150791,1.5065420917572467,0.35647217180758833
1.481379706636374,1.94656172811009,0.07048290259974627,-0.0780647031507101
-0.020538725280829565,-0.5027285819098245,-0.726621619703331,-0.36797774774870334
-0.04508234412610912,-0.9201012560659076,-1.9694553406216864,-2.433843554618847
1.0071973728605215,0.7081852200594602,-0.05692050339042894,0.474501566371925
-1.21375405521567,-0.47321421211613063,0.21716869244728,0.27598170657081256
1.8050922972969239,1.6319845239862827,0.17932239157444316,-0.02965636001656221
0.7372704105100599,0.8923222485914651,0.504778847920209,0.7603001734661095
0.2461685777899137,0.1248591451465296,-0.47178509637423616,0.1824875837221661
0.49167706261847904,-0.11093595317177803,0.7657163812536778,-0.2401943064499461
1.6138063795850222,1.3031323384888702,1.9112507215517045,1.3651236248286764
1.1928104224054437,1.2013455115162441,0.7238486358186704,0.2093092293643545
-0.010324164445443934,0.11726879208889769,-0.07315899245229203,0.11823305659040645
0.3663242932347779,0.6814932224564776,1.0138705295562653,1.302334880745268
0.5615864238514326,0.4035999850897702,-0.281579590735018,0.1240702037113975
-0.09993371446364635,-0.10532115431886051,0.2813838114329357,0.17343775801853545
-0.7493216647365218,-0.79559857955075,-0.2171049557540219,-0.24649542002830588
0.3813514239036286,0.5222938183362823,0.48565694831580214,0.40274167406885486
0.022914129661423564,0.03150941914149638,-0.2899083194248297,-0.22659790906550617
0.05655505389094592,-0.0011276297446392559,0.04444925492111137,0.05760036057947807
0.02134717236939721,0.02346777344341131,0.013220543181164904,0.04090003365230826
-0.008008379535830043,-0.0024845550412140164,-0.01828792814558034,0.009841461520055208
-0.14158390426786935,-0.12021408746262237,-0.05279428608623645,-0.022210227041215124
-0.5509594365301984,-0.39845003799048795,-0.32808742733005175,-0.419258605598268
-0.37588639122995315,-0.3050770981454655,-0.41022225503821474,-0.465526063183698
-0.21972868769943285,-0.09378638992500603,0.21536732456817947,-0.1030871072231179
-0.17827663441934913,-0.15549504764454627,-0.13244938761580224,-0.13319577367077626
0.3140640161019037,-0.018634667868898544,-0.09607270693755512,-0.3642105881228392
0.1072518746946499,-0.18676797109458984,0.3693374368723041,0.5840797906593447
0.20905391424570532,0.5058651415183615,0.6863781983990699,0.3017805720150772
1.0298290738351077,1.638150950502412,0.9030141594639927,0.3961779575416824
-0.5136205348824651,0.23492062156196095,-0.609328097992808,-0.6558056190352995
-0.7944732837845461,-0.4408341590881944,0.3078947786718304,0.4531382606230936
-0.7159493356998473,-0.8867995754299138,-0.42638286701241507,-0.2984229562161755
0.4602023710546743,0.20785996148923824,0.28698731394480675,-0.09637853131402163
-0.7751818704635234,-1.161077906958025,-1.9801301354942047,-2.0358492190100312
-1.3421638059208594,-0.773986434081348,-0.978009605164017,-1.2422369559581168
-0.1089044468368955,0.4563729397844275,-0.30912377352664033,-0.6122039755769765
-2.338499628456907,-2.1802022825349763,-1.2006348597691605,-0.9453978423957501
-0.9444190409640806,-2.4544027695453705,-2.0376337350821956,-1.5905970358323114
-2.451966075102214,-2.108793651431568,-2.4159964024884846,-1.6993051289144014
8.861572849085604e-05,0.4120131424438708,-0.24410658124754708,-0.26767459373198016
0.5281691763895122,0.1959937567405481,0.4262996315471038,-0.06469693290556443
-2.3684742515599773,-1.3589108791698299,-0.8337272940963033,-1.6267429156823006
-0.1240276376086482,-0.26515808218851433,-0.34498228530108366,-0.9137283243324781
-1.7347710977469974,-1.7466412921507597,-0.8763730851639523,-0.23898716434390876
0.2893188535124686,-0.12471351158960342,0.04998207645704139,1.156752587788902
-2.142780899818658,-1.5949591649154908,-0.75669485468451,0.11719474302613994
-0.7679706051257676,-1.5391436534957808,-0.027182123468723614,0.6095887980095763
-0.5565398305376837,0.006662384921489778,0.8652442697046454,0.3805090280263757
-1.120673858580573,-1.0050020319328075,-0.5217913414988706,0.27117778611280974
-0.858126867835772,-1.4292828964963944,0.1929918753222554,-0.13841958605114743
-2.86637299331151,-3.167025799041214,-1.6414332967049081,-0.903959467914932
-0.5239734044525134,-0.7772844472445175,-0.2888616881166782,0.21476578546165537
-1.665352846872247,-1.269288872025415,-0.10903431883972166,-0.2810150673332415
-0.7279393630908707,-0.25462093943055525,0.19468905361184505,0.8021473072856854
0.21001604458049936,0.20969543796695175,-0.5788944887966172,0.29213456252623604
-1.1996099559856175,-1.3149332186118425,-1.7455735545548392,-1.6842045712267726
0.5878064438239229,1.1660448020434648,0.4635261390292242,0.274569602291184
-1.484106168736634,-1.3588459883838029,0.0081774358492591,-0.03979983890536562
-0.5687903678810263,-0.042038747457735656,-0.34665466831415204,0.02413636598834785
0.020808532867612837,-0.48260071221570744,0.9197137494918952,1.1190148326689673
-0.7513074569236237,-0.5826976921852881,-0.7174055998559115,0.006214522550010649
-0.5394363516087144,-0.5611876892789908,-1.4410463037376657,-0.8017910978509133
-0.27241320470441605,-0.11731029398907669,-0.6215064064424991,-0.37108168695408383
-0.5937592155574856,-0.44017152011750044,-0.18077726966805036,-0.3057481781117272
-0.002540314938788098,0.055025021809740046,0.2010985241888596,0.25751024056502014
-0.5259330557433501,-0.4317537329783489,0.010759076678758814,0.06952677142136837
-0.20567970606584424,-0.16884640422666367,-0.09594320363929702,0.10481437298174764
-0.1627453205084262,-0.01594917724927441,0.04959354605919059,-0.0660250720895593
-0.040537343039642806,-0.048245552868750964,-0.027499428230731263,-0.055009042893114556
0.029414489525249513,0.019676096824169695,0.005189732088822902,0.025469285619970094
0.26770474366546526,0.2807110744039303,0.26341446254572365,0.21398206576435122
0.4176102698799575,0.30336795467756916,0.23417991585129386,0.25898170372853685
0.3556983837503836,0.13918847191955647,-0.12673248932801986,-0.2994773144349646
0.13399218214221495,0.5151716896869517,0.041871285778517925,-0.13398185263724458
0.3671978356679356,0.6674501373106313,0.5400325024941953,0.09734284849127164
0.6235220428343283,1.3505779853459583,1.0311133370353174,0.5391251592571045
-0.10617684533506505,0.3514199437444749,-0.20268123097825416,0.20725895676317418
-0.03872359290747912,-0.022504523904040306,0.07505022572980227,0.23923941704194016
0.35823609892633906,-0.3014527509101343,0.1798548803510634,0.4167296554711754
-0.2831778222966907,0.1397933398282524,-0.07005068833596433,-0.16015027199669768
0.4760881728421722,0.38618414583635163,0.34098175024167987,0.16688293706118018
-0.04723808884814863,0.1219225990896608,-0.6096967702782553,-0.35819630065809976
-0.7241559150158238,-0.4888107303137469,0.4056281030704907,-0.08828675456367721
0.8594772594447934,0.9748418443673839,-0.2104152162302793,-0.1940813037255149
0.4373737434210596,0.640229784581008,0.805601701800237,1.5722994003061843
1.7664348306569104,2.2701063266569483,1.0633011690403749,-0.24253803654353354
0.8086460586642741,0.9934357630524383,-0.1163883733305699,0.4707944053243703
0.8519326555866336,0.43157694596206725,0.7212125896596738,-0.692451469438455
1.3526130995217869,0.9153534085315127,0.2403902223512783,0.5398033914745927
0.6572550124236328,-0.23822911294075047,0.8706947756069203,-0.16403973494009153
0.7378502895742041,-0.22687448727728923,-0.7085728412359248,-0.6346435626625202
2.1290673013579227,2.265920522160012,3.0160706568053133,2.0364583054670753
-0.14495789287844402,-0.6752898090784432,0.1326153759543835,-0.2718863670101918
2.2347970886400494,1.10236495665221,1.330091834025594,1.3490229560901803
0.7787908022352007,1.295371520038696,1.1358248224719585,0.08061282412533334
0.6730790081366407,-0.3981109519438631,-0.4559118506683231,-1.0355438265361376
0.7943501550112358,1.0912292127720897,0.7740696527653892,-0.5185983649228421
-0.5855151032698481,-0.5062208621091444,-0.2813013996293641,0.25423250706100115
-0.1818902761430955,-0.038887415552313204,-0.41940660639516225,-0.2973926866841925
3.1694865831067576,1.6505270442829294,0.8055684204265965,0.4305522239172258
1.441792144563748,1.523127180371708,0.18577763792711774,-0.7737200317431904
1.5278869096538636,-0.017050829763392512,0.17707899619174444,0.8225986864016608
1.112210685001095,1.1323665442473396,0.07340784823319078,-0.569755525874832
0.10754489655499978,-0.6006061224335174,-0.7049998116979981,-0.7552992700232701
0.06263074752048506,-0.9063235093159464,-1.252019830219791,-0.8700226936981666
-0.01165390517361772,-1.1895250904024057,0.5993999014922174,-0.34070863701933024
0.09321001435901127,-0.2255841716167295,-0.5121752219905161,-0.6830101775816885
0.28038106512493793,-0.7579355431047543,-0.9741245812270015,-0.7532374044681143
0.6573872640243582,0.3913573529700096,-0.08216094027919052,0.4580202368298971
0.5439389413011023,1.0086614670395122,0.7069137352453274,0.33658015344516384
-0.08375031589988403,-0.12212440465626208,0.09849240819017667,0.04352679280866125
0.9270661669638439,0.9631080045994544,1.0638394533654394,0.24300311068986633
0.8889431606935929,0.9959760108803986,0.5697701688687878,0.7642381779634992
0.2021911214680863,0.0727537953357527,0.032219225490537746,0.0789513334794653
0.13204476340205532,0.2505329435378176,0.06211874175170443,0.37199136225211776
0.28134586404569567,0.28808217087575577,0.21285899616018286,0.10786351105898775
0.1704432809414059,0.213951793202577,0.30345850747786507,0.39554126963149355
0.16020819723228558,0.06739069713239802,0.2251872736715549,0.04545703934586802
0.09656440021009323,0.06713772773234856,0.023263670192750417,-0.008225036784061989
-0.002141999504547196,0.0037230644418640812,0.015985310944478696,0.010140520757838913
-0.11875253062064685,-0.06080201030094662,-0.13917139690679514,-0.1389339834497732
-0.11472988309938341,-0.19641995402731222,-0.10927480712567957,0.01254377697936325
-0.3063418063518952,-0.3095230949121718,-0.20383742297351512,-0.049362355138050006
-0.35083025638147375,-0.07747443542209963,-0.46246051945069155,-0.33442100002994607
-0.11348068334711718,0.06168458675639061,-0.40933337694225563,-0.8695208516089629
-0.13139579883298974,-0.13330230691197348,0.3305048528919733,0.2510045292508032
-0.19764355653926619,0.04157365742769731,0.28280822556051954,-0.13109695965180648
-0.16745982553641367,-0.2637431845354958,-0.6106204835351087,-0.5712337920260233
-0.4123211248015242,-0.2530344027047526,-0.2360210375712839,0.17962658058828793
-0.2089221957866258,-0.559570355031785,-0.13732629941428323,-0.4260021286000469
-2.226561770643471,-1.75357172366448,-1.2447160320084905,-0.9900554708474748
-0.26392683480731866,0.17443761748512066,-0.4337471486643313,-0.977262910168555
-0.05220152931982053,-0.9522742096685488,-1.1424477698515665,-0.43573529760231405
-2.0858983554973554,-2.311785636338819,-1.9283736093790147,-0.9846414729538401
-1.3368104210334424,-0.949658313029921,-0.8171079492538852,-1.033080914286282
-1.8619166412811627,-1.5075799336003808,-0.956665533998853,-1.5487468046943003
-1.8855702163692158,-1.8341545829742028,-1.1741324470354144,-1.2271246124667088
-1.3632006673007515,-0.1694493644916787,1.6104423630364926,0.5433080714254945
-1.8430303970693749,-0.8671431846743652,-0.14256222051475584,-0.7813894690780272
-0.7355589459645482,-0.8250661055348691,-0.5473454760635132,-0.13523491326517129
-0.618539212941538,-0.7727555378849152,-0.20907758187406886,-0.025053690668326918
-4.1170508252232665,-2.9411696097210798,-1.2385667053838942,-1.6918396604160273
-1.9084254805299035,-1.2465130987244195,0.5748463855697803,-1.0654033078091196
-1.036018976493231,-0.3812137158321628,0.6505784440078671,0.5756449744271473
-1.676169027605331,-0.9081715907550136,-0.9303709003927619,-1.3972175245173368
-0.5911633808298677,-0.5347465989399218,-0.35477721678962854,0.14321730060789412
-1.320412387354988,-0.23816518386869634,0.8852909886381747,0.12073110116494519
-0.9866633092989635,-1.2636693566600328,-0.4642697695428347,-0.778186003427768
0.7197041464364485,0.5575560789090608,1.1504828794272794,1.1088073401898064
-2.4220261219850605,-2.091964281064589,-2.470056447998071,-1.3285001071227531
-1.979795312430398,-1.3827449265078808,-1.6206265711168464,-1.2914498372870569
0.6776181170463543,1.094101777167106,1.3222313002899764,0.3995260603173327
-0.3913052986098001,0.2336006086379604,-0.06107536271547073,0.3630834867198004
0.12618208768209713,0.1461040624440686,0.40367357309417773,1.1093855482237442
0.32896146549035515,-0.15970578510190359,0.0947079480557049,-0.41134894459023247
0.5661447921671918,0.8441148849620386,0.17621046721714878,0.06317399162747472
-1.0179206858812608,-1.1722991444664004,-1.07085771577538,-0.26457280516014775
-0.9631978068373958,-0.9317563409262208,-0.35479216407569514,-0.2809773598595664
0.5272013771968695,1.0375083526670466,-0.3135214221301925,-0.2664975052213854
0.19665050678913035,0.15303226657885988,0.4357224443961024,-0.17008427719738772
-0.21180239060980913,-0.03139009214516956,-0.074660060787645,-0.5880619107386195
-0.7702087113884286,-0.5223158427411615,-0.9607269908597759,-0.8591001570398132
-0.5573240252828192,-0.4079222600659646,0.12862402174702045,0.31557447603487543
0.5735924808958147,0.359687703876375,0.12685952004700826,0.22692016945503157
-0.3070430496702152,-0.09574445222068889,0.11337923558474844,0.31355898670995874
-0.11835663383790788,-0.0600523764547123,0.06380116400145719,0.31727008280219327
-0.20276999069267213,-0.2907794278332275,-0.2288733079852023,-0.08174906181683243
-0.13649971525804536,-0.15736923180142198,-0.02753618442900312,-0.09010580276553062
-0.06542611133296763,-0.07302415339871007,-0.01696774012638818,-0.028951455323049734
0.0118310052206483,0.0010247709364402122,0.02523513435244575,0.0123528938872434
0.06817430936037173,-0.024015925546576857,-0.04909935114146694,0.05069110707343903
0.22629923084312742,0.33762543739356143,0.11355209294160887,-0.06264392628480565
-0.10054366585004185,-0.20862294293258166,-0.147492225336652,-0.08552081702734042
0.2667355837840707,0.0798332337754516,0.5177215807334932,0.5583070296128485
0.7086295314445065,0.5621697782837886,-0.09220384312974926,-0.24735771931497083
0.18622923539104672,-0.002485621512182288,-0.05088195853376829,-0.20477515236471597
0.4838581101284681,0.03482651078021743,0.7119657848433465,0.3998069529290615
-0.2636409203329618,-0.34567331002789736,0.3160268392545932,0.14087991920895593
1.280341694882239,1.0844843343490451,1.041664058716656,0.35221803075183894
-0.5639238876129602,-0.14636735942923784,0.07116935181144123,1.0573220221575659
0.38416443699089187,0.00876043634026654,0.7943174062792774,1.2720552902899347
0.6643328515227326,0.5530983088106937,0.6614820750966202,0.4894540067445798
-0.19659432483101352,0.11111754331639766,-0.46625000571457276,-0.7257878074937462
0.3800012161648391,0.5613249730058617,1.4198847409361377,0.8623202457787876
0.34106214187971906,0.5982896031185516,0.3155781365197982,0.738754289429166
0.29452253689841934,0.35345990515646036,-0.20783801071637364,-0.889595332934213
0.6689897375918485,0.43812637294190787,0.925785281114515,0.032404470629041046
0.4076256769270628,0.09978656272236665,0.2839249336440858,0.7685945411135889
2.066823003299956,1.723237968321615,0.4719526959902194,0.8430898775439833
-0.03531843918109996,0.10019476605849059,0.852146907070456,1.510813142725654
0.4812173550709901,0.30432293420972456,0.5540665491963144,0.009074702416874553
1.1678812469100242,0.6470591712773163,0.90528919318557,-0.060105332191051845
0.7007605025575457,1.437503096762631,0.9908933157449893,1.27778634312613
-0.05981426741251751,0.0099290127870433,0.2167327163090375,0.8847186200227973
1.3595837628875398,1.1151884918107544,2.182403654298198,1.079523204115766
1.199713165031927,0.14377925149500456,-0.8392774180608429,-0.8463239526777979
0.7046228314755653,0.5657846135204707,1.2414514710806255,1.2233915089025145
1.1479638118397608,1.127271026360793,0.10692358309244235,-0.9561124838333346
3.2857901131688587,1.6201298054257287,2.928912284075651,0.9313988367117205
0.23715066960739808,0.3828944090096416,-0.3121403898595275,0.2604201682901572
0.29448126382140877,-0.6517796389945026,-1.093977422775113,-1.1066742742364508
1.2984391354524294,0.8055339719241218,0.05711510571112373,-0.11760442411933068
-0.4116827448245727,-1.5031894847034277,-1.394930998381373,-2.300306849112222
1.0744187063124235,1.6327155878675708,0.5552198621936135,0.9834139752741439
-0.5045732132340781,-0.5036919161892348,0.19871016916857995,-0.6580659383816403
-1.1105961735189747,-0.7142008888724403,-1.173998142661082,-1.2871536055036414
0.07361659039325832,0.03057972589302132,-0.5389493680694472,-0.5574628553382717
1.5722917008809632,0.6589897218281989,0.6405260727852828,0.8069137017029027
0.9235029672658208,0.7310880878034314,0.31200131673632403,-0.4379376059543712
0.08532713763058437,-0.9205029359753858,-0.7228173431304398,0.042349089034809356
1.187392334215995,1.1677033519520221,0.5454317760560022,0.48003545098727923
-0.5001906260737179,-0.3952433504473259,-0.1428481406555824,-0.10799352049197022
1.0085632117712586,0.7693269534478058,0.3262575861076027,0.10276980355284544
-0.3183916468138278,-0.1403636470085747,-0.38791803030396343,-0.5850839856254199
0.6683463583676593,0.465327183393145,0.1689904394701001,0.06655268558805323
0.16017113821043008,0.1967498451474376,0.29445740028204115,0.16156412574375184
0.296777854502262,0.2182625488048514,0.1148746191834901,0.06578668222547367
0.12068772304416829,0.0782788951516964,0.05677614465228679,-0.004717795857793259
0.023729352546853013,-0.016914105304212543,-0.006532729630527162,0.004098412359079471
0.002936171318513987,-0.008218822642105553,0.0071632437419608085,0.01050867320179248
-0.05440923317740102,-0.07398465565360364,-0.13349728447234674,-0.1444224990273889
-0.3026766880128874,-0.299553361975961,0.10812527459501234,-0.06914020939790252
-0.14412218993240683,-0.1541324583843972,0.3483323831307507,-0.12795437737115556
-0.40924860054405304,-0.45341039816322837,-0.42819796831282286,-0.41718156997998623
-0.25569669908035847,-0.21817904749449613,-0.017808770233263875,0.291122634808933
0.01482233965899855,-0.13115549572074056,-0.09421874894531732,-0.4042080084750901
-0.22844203168399915,-0.28727367277291,0.2829662143028984,0.21838796440310698
-1.0394868069255554,-1.39709658105527,-0.5121067409572846,-0.3332444548392984
-1.8313077113189322,-1.484658863389608,-0.6835570616867409,-0.2789206351748163
-0.42916250062573813,-0.0819479949231181,-0.4222515446723306,-0.4339256381711173
-1.4109419120928608,-0.8864308394906617,-0.49875856820006736,-0.5738055019773238
-1.3517163530953096,-1.0772575557938784,-1.774945589348744,-0.9054891656207252
-0.8397030471371036,-1.6733171898123058,-0.6323419541075105,-0.7039321467838463
-0.7286592357763565,-1.0728004859798335,-0.7256139830793173,-0.018986684345783916
-0.40993676317219296,-0.4075952066662263,-1.0240393568809965,0.24339522242491504
-0.8816399692725209,-1.0522167772888524,-0.3950936433240362,-1.4292546478255204
-2.047353634662333,-3.1797450487326864,-2.1017080874482907,-1.9335631089361918
-1.919754264192062,-1.8338502701332058,-2.2289899499650456,-2.123126314454874
-1.378503923261977,-1.289866616717105,-0.5495747955297978,-1.164098933453862
-2.55022790906761,-3.0195908834359004,-2.1979445396296153,-2.184741587354604
0.6597056121428791,0.9376931013543005,0.23260688216650602,1.059237325187188
-2.5616845578145155,-2.2530224975584354,-1.0458107761903253,0.15650677619211173
-0.9542825833531272,0.12863106227961177,0.001286740206035554,0.2545393278002826
-1.3000335171596946,-1.5584213619334952,-0.5091875851997315,-0.2518066122183217
-0.4593678235660531,-0.09907129736647566,-0.061600507709411396,-1.079848890997702
-1.8477812046337323,-1.1789861966113933,-0.7094671283344502,-0.7790135050751484
-0.3072247685883648,0.05246796331924956,0.6180358399102016,0.22696608132482676
-0.162784420970648,0.5285938415329013,0.3831455298448142,0.9407446582992288
-1.7034787465600039,-0.36323038524262496,1.2024666554315544,1.4893471477515363
-1.5101150478128862,-0.5901324258115239,-0.1989979452155905,0.23982889407561425
-1.1718091343137913,-1.2077756691782566,-0.26871138309994475,-0.21744574850404447
0.038754150340128406,-0.12848774387551212,0.495981560506849,0.5069170044242458
-1.1877700043142048,-0.8930799055910138,-1.365637641382921,-1.4547971443970988
-1.9817539820980319,-1.6948149317528591,-1.2898592561260123,0.6986744638587404
-0.2597727036611058,-0.8471387600628331,-0.7171407707345153,-0.09611613924136272
-1.7736040541983593,-2.33287862644734,-0.998142278172793,-1.3530622372934809
-0.2402462261555551,-0.014897894664540697,-0.2985013670892326,-0.4751451669895174
-0.49389148181885073,-0.8827019062692835,0.5178353010230455,0.16769010198603276
0.7501116324829462,0.22376105784094524,0.36963728346366453,0.12934606854545386
0.618794617990122,-0.32362152133268357,0.1542755817287819,0.2799517966045791
-0.2580743245552754,-0.2837808893764682,-0.3903218702151302,-0.34181908501040015
-0.9089370348198226,-0.5519118999427602,-0.21697412944932706,-0.40262839078454277
0.02467459368968637,0.46578553339441153,-0.4117692129097606,-0.2604286344836019
-0.5943902604643623,-0.871424384316827,-0.7695478163997176,-0.6404133551470178
-0.27975791181938253,-0.10478501291534907,-0.25998687744957394,-0.09127178890795741
-0.0674415811878372,-0.04296704833968446,-0.2018075336266221,-0.22546025743056602
-0.22061012247074818,-0.3088199441017696,-0.1914557182021699,-0.13291242826324773
-0.20441191531223157,-0.23749891169078888,-0.15865794703405584,-0.17807468401419577
-0.016801984203137988,-0.02111287319808424,0.018847433360201105,0.007827299750401341
0.04423747219086172,0.04309064477830832,0.057601882294984925,0.08599670177888183
-0.11521325046021595,-0.07761417135050756,0.13677464329911496,0.12507832121883553
0.30949228944153967,0.36825707860419676,0.3521790328054564,0.17376852136631918
-0.058239796525302756,-0.20676280520904589,0.003583275574316139,0.1259527089427821
-0.08326514016489905,-0.17403474651925224,0.013803148044713517,-0.5857223650587406
0.48296598165704413,0.42110401953191345,0.6155322267935399,0.19445562014222664
0.44354990629533664,0.20317163360169366,0.20871528139395504,0.09147283604556353
0.343601076499814,0.524356566790814,0.31577306616378786,0.2813115451018264
-0.2880051332822632,-0.6636007300324007,-0.36659656503225,-0.11383046437594517
0.1351988675301032,0.4463983585842815,0.3472639938560944,0.301679042139362
1.967160395674573,2.036646986220308,1.463346230070816,1.2532865774743998
1.3547600365185817,1.4513213325687622,0.847908078183784,0.012323568452941797
-0.10224195431285363,0.058789717665228815,-0.09610386407964537,0.35002929115756176
1.6874799859292826,1.6209257616806774,0.4655987064498787,0.11472550243728744
-1.06550585335714,-0.7455938894727842,-0.8121588967529748,-0.532447295630963
0.16295124168081052,-0.1834529953712711,-0.24001992562530874,0.06632776191288652
-0.17372968519508827,-0.6044026086742019,-0.41990201876013716,-0.4232243491169843
0.8061187410791899,-0.05981510689611872,-0.3264236446432826,0.08741420387301788
1.5814103825854842,2.440307802175067,2.557669987663443,1.9429761795910165
0.4983021887104258,0.6202771460244987,-0.26395493086480043,-0.3674498667642594
1.2710099825787908,1.5853210055456461,-0.3655481234448804,-0.8520046988197046
0.6535639974827622,0.6075295874258466,-1.2102751707696169,-0.05204361214077157
1.0575453273813065,0.7447374364334653,0.2799695769461141,1.2124182277830615
0.3677939301347818,0.4561860675115741,0.3889730762480539,1.6430644485017638
0.26797174306666477,0.0760590148148187,0.23921760098254255,-0.7008921419375542
0.26972349444242105,1.1222788059065432,0.1976886377477011,1.512814999041087
-0.6075621733927432,-0.7278424716890759,0.15094781540449773,0.40716541943284745
0.7305743334713679,1.1387527412877585,1.0385534373382284,0.7329914501117069
0.3674212695485791,0.6943269152000552,0.1548958445599223,0.239019958248344
0.549860475873438,0.5147462074671241,0.1314379036284934,0.03544659531320162
1.9265659111389957,1.3014804175338985,0.33110467223151596,0.5199728082969666
0.1094326454739953,-0.10982512607986276,-0.15232481766299852,1.0629898350040212
1.490390678248454,1.5425216418124839,2.489044932154727,1.9542979706958794
-0.6422273390512593,-0.5448407065973042,-0.15363986372370667,0.2271304330459901
2.3562937827826747,1.3851403280222672,1.3195119052656235,0.348626667848961
1.3534485917053467,0.39281136346891415,0.31374852993445185,0.2803261198773005
1.1360689048948134,1.4158243092742924,-0.4783988643538887,-0.7850951627104756
1.147392083638173,1.0825515150499296,1.0445560325714636,0.4009322276192634
0.8491987110165938,0.9372638602744171,0.8774906298113424,-0.2803842772886841
0.5889948060417932,0.7435094251330537,1.269961993972172,0.06707062136172505
0.5840478819112503,0.5782194391778107,0.42436156857341345,1.1902014224076538
0.30431651500831863,-0.15182531127099724,0.13011332878722104,0.08747274947771813
0.337149742475075,0.6450848876932186,-0.005652307118311891,0.0851846783952955
0.6909715876686123,0.6401167158540911,0.6225956996318838,0.22341056210748705
0.1025269712257141,0.12809607090920322,0.6019430394636383,0.3425115809620648
0.29300557942096384,0.14576707816647583,-0.0866466959674087,-0.059763978488214395
-0.15674551273070542,-0.22640661077937746,0.1538802223224089,-0.11592796016158556
0.35860792780044504,0.19692688131988095,0.408176191319525,0.0729339044865146
0.11991847047983682,0.11770007702856433,0.05277275203929964,0.01898944801328969
0.05400301101527326,0.02816163676390136,0.04859180053066421,0.044500863127829575
-0.02371254613364857,-0.023459033205542223,-0.01632800112203229,-0.024061430649585477
-0.216385866356418,-0.17788283415339526,-0.29589213709043793,-0.10292374058076757
-0.06666000351822025,0.11204695924549664,0.10023517108358009,0.05897328285653532
-0.36620127048397216,-0.2567582599234012,0.03003230419613157,0.10535588837668405
-0.1474975298871578,-0.023886985943315626,0.27509865731138816,0.013601962819409629
-0.002541809533516437,0.1309975123745562,0.5975619340534797,-0.06466755623524892
-0.07209785952031543,-0.24783396922257514,-0.2544838340899103,-0.8749963127842024
-0.5940465583285611,-0.4044579871490662,-0.7068295739218744,-0.6764332289082191
-0.5642149957868788,-0.24273090700367364,-0.08035158050914865,-0.4166729223516947
-0.07864569579633432,-0.5945119218183631,-0.011373316632025723,-0.05665803448875212
-0.49025334413509924,-0.3357451244121528,0.23738018715302997,0.36840206052485036
-1.117753506180436,-1.012305666363784,-0.4326280888526668,-0.17160943240235768
-0.4698557700467473,-0.2962937102830977,-1.1667717358534662,0.4381028230557576
-1.5376018904529722,-1.162196864479001,-0.5594413262542515,-0.4737033951051114
-1.6939549700827392,-1.4370088602186353,-1.2558648551404534,-0.5622433991524862
0.3130600340764655,0.460279398866652,-0.2764637097149168,-1.0445828762454479
-0.7819648279953753,-1.2085051464797212,-1.7238947733761636,-2.09298536423138
0.5177652567800868,0.2802563409800041,0.08047761400532806,0.3546683039645232
-0.04770254104158701,0.32763611200222553,0.9455719575431604,-0.2776446166212144
-1.4895842958519918,-1.2300725599549387,-1.521641330702486,-1.568735915772841
-1.1323818130189853,-1.023211522630722,-0.07212981648679917,0.0216716958504171
-1.4705133729924327,-1.0793082032243086,-0.2095628752498951,0.133640645480121
-1.5446877437722204,-0.7735667067875938,-0.7334881953510335,-0.991009471349655
0.411008804480743,-0.05806748196686421,-0.08373259450993135,-0.6260982640942685
-2.0688757216644866,-1.0724117330261915,-0.4873773576302449,-0.30797625889932984
-2.8907735851501557,-2.9202867766475613,-1.0426326587238954,-1.0832918743221733
-2.642563252503083,-1.587167025898302,-2.004340300438319,0.4043442811383311
-1.9624465477106803,-2.2519309747598526,-1.3980547986064027,-0.5374275838173183
-2.7230713067146404,-1.5950954468339078,-0.5711960691295213,0.46684130742856667
-0.5496762158637105,-0.3401506997337809,-1.803488093689162,-0.8007195828904164
-0.9136909622744585,0.39602012403110043,-0.23116435923180298,-0.48234896811239253
-1.5788133158043758,-0.23762239928614132,0.5227652229849671,0.5250640482142993
0.3472481899244947,0.7192331506837637,-0.8833275526091762,-0.4145726190975348
-2.0208081932486532,-1.4029002900978444,-0.9674150332042472,-1.1638755339053535
0.6118333289938942,0.3284336302849856,-1.4246077031116935,-0.9558961746084047
-0.9774139613406935,-1.3788155229914678,-1.8818963719210782,-1.314391746938351
0.4662656694526771,0.3920750347941332,0.21614772138506327,0.19219437974826184
-0.8029502819695276,-0.40792076676420375,0.4488168803874084,0.4117681880195097
-1.2139935054928908,-0.5101079582666238,-1.0220923800336381,-0.42245547165781866
0.4762077797796417,0.10965912278718852,0.12154846491323405,-0.2601553297233898
-0.7594298116112465,-0.17237109475116688,0.09298991578188953,-0.173738555516489
0.13259741909112668,-0.040915473658981995,0.14470764492947627,-0.13067345023900692
-0.9017430731752303,-0.8259388717591222,-0.6519770147396566,-0.44269035027704456
-0.4511922555561808,-0.4793168883324751,-0.3115572507775797,-0.5874811310006546
-0.8003392540824804,-0.47500444868851394,-0.29106745357185343,-0.1135044708811961
-0.26834919828128084,-0.20507950434906572,-0.3810932630733427,-0.14340691258478602
-0.31091234383360866,-0.4616113589072549,-0.09664751412164363,0.09328851621002865
0.1604057343543074,0.020868228844700448,-0.010904758728721957,0.03806172057405494
-0.021268441883188185,0.026472787727944393,0.06172999028647825,0.15539246959892108
-0.044691741667624935,-0.06148237088683548,-0.02284652908198394,-0.058257846945067436
0.05145461231312051,0.055545834487506766,-0.0041289232444439855,0.005591931943373457
0.021611501915920178,0.10240650884686685,0.18305048258107207,0.0981056182799252
0.11375940829467734,0.1064969949679862,0.08670736307299616,0.014332164361881007
0.09545590286283413,0.4754127811100569,0.42374171055201604,0.1394260854197786
0.06777014622511958,-0.17833052902148475,-0.26769516020886513,-0.2556903108429336
0.1804700091901605,0.6101304899541778,0.7062523937290692,0.2096108659417253
-0.054489163357266356,-0.11309288262381438,0.25163501364312485,0.07335441302073363
1.4539596753950375,1.141084932874324,0.9478896214418577,0.9125520536231778
0.4958175989884556,0.41016110607100315,0.49299001120250147,0.45694324680010295
2.0587326155525876,1.507024615855677,0.7908984874836986,0.6116452975523793
0.5795677851198571,0.6884564461409615,0.8919453739897504,0.15521906199451646
0.3738683016637702,0.3346530998693712,0.058165522367118264,-0.162474985943393
0.8445546695007347,2.5895041054181442,1.7481955284579918,1.1442608422476086
1.269549881137617,2.0029956673873435,0.8337898888032143,0.8963247356418995
2.1132087252703533,1.6674051418776468,0.8218011001941867,1.115258544553819
1.2598074798442311,1.1939028153753164,-0.1556331694677815,0.08028995964526195
1.1632004179617086,0.39636893629513104,0.8306159454945257,-0.08042163247003421
-0.15637966281050067,-0.011101297728668436,0.432230413635628,-0.14445968082115848
0.3821333017437334,1.0743308061323442,1.0914112228356845,0.6200171597200519
1.0968312555558763,0.3497558672058069,1.7030116291971218,1.184588576074063
1.8599682522875216,1.0688298885286642,1.934292193024463,2.0298968577825582
2.2025533931956973,1.6131827263958494,2.9127730332458217,2.2313055834371376
2.144238712072139,1.8998304435967757,0.206715724419928,-0.5457100387306605
2.9771784683894227,2.3375598862230618,0.5121615294838436,-0.10636551670812476
-0.08335068481563696,-0.5057615829775327,-0.43096570211260016,-0.44833762794092913
1.5146032796897855,0.9626697967511781,0.9787739594263147,0.18791927480706994
1.9210136867250636,0.7301548584541883,1.0392285528543843,1.7403936403578968
1.7579742368599134,0.10455568349101152,0.5560375434827398,-0.6844073120520798
0.7192813646671413,0.4601701778674104,1.2298051297566173,1.1862262113326023
0.983668420892948,-0.025846217762938602,-0.5344210269478095,0.5431609687891664
1.5494985113038011,0.316032930626586,0.1373038085776255,0.7153020217375612
0.5348332976892922,0.09114994064094997,0.3701259241194844,1.6059079572529675
0.9244923846196538,0.8123085942060638,0.9226155581612646,1.352642393194278
1.3956432606596951,1.3010169609187323,0.892252918849725,0.8545414123995406
0.26385491561340363,0.5045477270093628,0.0007762319458086574,-0.9476005366436372
0.6963670515849794,0.11802908326805306,0.3616794559047953,0.48333191721483243
1.0915847170623958,0.7845929154971645,0.06851790545654167,0.13961404520269816
1.365082362859247,0.870670462802196,0.6802706226469013,0.6500741259914254
1.2813843524170847,0.9530135498108242,0.6733359116047424,0.3968853138559364
0.43143076307706363,0.05925323169383951,0.6281384438179107,0.06913007382262737
0.5340594207971566,-0.055589511391183906,0.6873690744762956,0.8461276931957673
0.34527185893070766,0.2229567177612548,0.004125193932083458,-0.4371151240758397
0.32422223434631137,0.7883539805486752,0.953412973022766,0.48766734573689474
0.26112698304089976,0.10756549285344773,0.4967590117820582,0.08092821140656094
0.46910337588995815,0.466987569333691,-0.1453440219472302,-0.115916958350948
0.24904491063894635,0.02853358215495738,-0.04478649039408102,0.09873970649890206
-0.026329537896274225,0.04392082370009656,0.18109809373460437,0.22978878316317541
-0.18010414496524899,-0.00438222520697837,0.0922110262895175,0.02775359467080731
0.019058273483687323,0.004531519688109355,0.044443771738574674,0.08182135761673218
0.025780032634281795,0.017856704229616115,0.015702010890909807,0.003440794744795253
-0.022545466540765422,-0.006388603459248902,-0.013080979405472178,-0.017799914203289892
0.022542501336730525,-0.008950218922375889,0.1311779912114389,0.18950052812204884
-0.11057460728240924,-0.014595317167343603,0.1091714283928931,-0.027600613082877184
-0.16311198945625188,-0.1828212055492213,-0.14003487694400965,-0.3927579159975465
0.021229020590570333,-0.13052278160611283,-0.08970296617836826,-0.31603839885712837
-0.5665318676689899,-0.604852819678773,-0.39960962581240145,-0.33276589720485966
-0.6534784530148277,-0.6541009409559566,-0.5353484433927859,-0.35919554193529496
-0.055076196075182916,-0.7602169554857273,-0.48006124547051415,0.23779098209570618
-0.10898343355362529,-0.2851564184157125,-1.0775325879424027,-1.0779000180781668
0.017344947715154126,-0.19505181735930754,0.26466119802773685,0.30595392211032213
0.36158522682281474,0.5168113787048176,0.2097319210503846,-0.3718173950517686
-0.3139710342042346,-0.6291996659949701,-0.447302750019824,-0.2283692409122074
-0.03758820007694866,0.3748424962624781,0.9787414155205753,0.6594818117294791
-0.5287977683678287,-1.2887459949451632,-0.36183673754797263,-0.0246980174369719
-1.1244255860625032,-0.8995470041195136,-1.440265222201012,0.19315634338595175
-0.5033890180046793,-0.0591674482053232,-0.725495249651581,-0.7044383003760767
-0.10207105868403298,-0.19030607465715893,0.6664255331656218,0.12412441871625633
-1.231810985821678,-0.9975338595910156,0.30072194680653136,-0.031717518984994815
-0.30776194087499736,0.032839052725799296,0.37412700640243024,-0.45811303223907146
-0.9287224708840632,0.25493846324428415,0.8336963201270022,1.0001992004548075
-1.038863400913852,-0.927848890684776,-1.251815900896125,-0.8276751042813579
-1.979033840785258,-1.9543106531042478,-0.8833456486027343,-0.2064154918601308
-1.4647782717108555,-1.2468378424331188,-2.3294559512183817,-3.54594546139471
0.8987338255924728,0.5143544879704274,-1.4647519796268254,-0.9527639600013126
0.6342682181374925,0.6853890304133521,0.09133225146713565,0.17745451533879433
0.1430482637058279,-0.3578542365940517,-0.06874750781297914,0.17588696727590464
-1.690684712205761,-1.6882921884455557,-0.29532942300884746,-1.3020361709133406
1.4207322219542309,1.0600401487289284,0.7680319860051615,0.18529171649070042
-1.1974953299374933,-0.6795709397130487,-0.39275083435210384,-0.38196773414595353
-1.2120675667533243,-0.8415127153598347,-0.20238980985143207,-0.7700409379351404
0.26035983574647964,0.7180334534846013,1.012276373906193,0.07642707145591131
-0.989343384531553,-0.6412215799308049,-1.6178972877172766,-1.5590000602955552
-2.0148330844901334,-0.750833705943415,-0.5652560952899714,-1.0786939011627505
-0.08937862974929285,0.9259970008549163,-0.36339231584969056,-1.2137574824619588
-0.7740639625147652,-1.7873384137730837,-0.6049600108272913,-0.38945859501930313
0.7436034459743819,-0.31548079631161313,0.5582911783664621,-0.47452883460769935
-0.2670758194984113,-0.13503958783353684,0.37441343081669803,0.5634784286441055
-1.781183847186805,-1.3126654266678217,-1.3603359359824292,-0.9442260286884475
-1.0904676651190954,-1.6566563520779143,-0.2345269437651433,0.06641518962399713
-1.6414811362293902,-1.0677149381861837,-1.0842047187280037,-1.4989237208679922
-1.115522740730242,-0.7967082650858898,-0.7688666956582887,-0.39846829984551907
-1.9846852272175037,-1.4907324130871509,-1.0250070772045512,-0.587862714641496
-0.40155978442539303,-0.31217512356633087,-0.0731571626237052,-0.08042347149126762
-1.0405522630431563,-0.7544257240101729,-0.40136407794697265,-0.4208922228630457
-0.20055492925237914,-0.34419608458068623,-0.059872937038200964,0.441136561692947
0.02168637424138572,-0.2673478191356649,-0.5086528389817757,-0.32864186182416666
-0.3592350160654328,-0.48589693477718854,-0.13790213698201917,-0.09317014188389536
-0.28695910504063654,-0.40321021288646836,-0.08755167617839224,0.10907364756598524
-0.1403475230939948,-0.1557529476374512,-0.040553288303641424,-0.07519583989496975
-0.04003848083774052,-0.036963030882949194,0.027058302481453796,0.06152486721101877
0.050393311054178984,0.043699976771456726,0.02025853019606892,0.015636550606050532
0.07208587687744857,0.03676454422072432,0.05752293856678097,0.04379130841811654
0.26896821299936363,0.25434116817070007,0.09530844402378377,-0.007877746694622255
0.5275401625140412,0.4539277351666266,0.4229448634015649,0.2195954001113756
-0.5941739256101806,-0.4529068006947186,-0.05466013048309538,0.027278686268412643
0.11535361078358322,0.22707903022931689,0.07438107940265846,-0.08787219171958376
0.8167749671246445,0.4701667962542474,0.45228472887869337,0.3087344521473367
0.21627356418908358,-0.09029792453444005,-0.16579241907827938,0.31559399005550576
0.896271867747207,1.1802650179902,0.45673082977382334,0.15094002626301262
0.8504843294205865,1.0111375601184174,1.0958219216755614,-0.30528643892962554
0.41461497665898916,0.30793601618918165,-0.5886335434748936,-0.1250299013748466
0.3592565382811856,0.44146637383893594,0.01699431406918317,0.41162538123789266
2.250838613917988,1.4356070585435903,0.6206213645140396,-0.19943566520889025
0.9042282355098439,0.6323688857037661,1.59819644355665,0.13928093155133378
0.7113708438260614,0.4189833032226294,0.8760584402192741,0.5203851190094174
1.67131837348253,1.2637730850901427,1.3009128276866018,1.1780885127290663
2.0542357305623695,1.1504429961836389,0.5524609646152379,0.11567524589835042
1.0014264782738387,1.5667340126278257,0.29818832026986036,1.0042322915154178
1.4219228511692636,-0.10430701557489334,-0.27112570195661656,-1.1533909243714984
-0.5814390559346307,-0.7520470953455581,-0.705833332627505,0.07726050747117473
0.37413167957471694,-0.11499968826169321,-0.5322675549203105,-1.4685167003950297
1.1815901634167598,1.4663072669645871,0.6316955218287719,0.4567422238981009
0.9084064018597815,0.3458198261351663,-1.2743767486511928,0.21681004641966264
1.6279826752259592,0.5270640979173963,0.4510409233426087,0.5909411520807748
0.556459178995634,0.043868091104157826,0.5932208793942549,0.10551495832512427
0.3841818534428483,-0.136259783624277,-0.8121414545499827,-1.3337174346270875
0.19159069760930655,0.5377443066286213,-0.2505745761746899,-0.5175229666684347
-0.4291028945713952,-1.1373235971425149,-0.5519647886784236,0.47086304234142534
2.0589389855404137,2.0257861959658663,2.093179752079663,1.2985865495069735
1.8139478165227394,1.7198087405414602,0.6890383752865067,0.038061146947524924
-0.1282139542288244,-0.3840836642785284,0.4503562564243399,-0.9351523798934575
-0.9138332740950346,-1.3872299603392417,-0.5022918173938062,-0.5425087299829627
-0.003303083280130707,-0.5032468634329008,-0.03704547131018002,-0.17905228651476982
-0.02652682000398214,-0.5092138939494851,0.6351300546407115,-0.3395250951713357
2.1898286123827715,1.922643723707326,1.0075088294090384,0.7896501249841815
0.20330205251131825,0.7989370220617799,0.9299446361009375,1.1759166211315464
0.342593457665886,-0.2550878363259174,0.1316586306319139,-0.6150684618761555
1.0955803944771692,0.8135760824865079,0.5092683345110064,0.300265352422577
0.4920649488324205,0.7647440101135555,1.7268605261111805,1.5289227891201695
0.08650962662853875,-0.08613051506157443,-0.1885164207389721,0.15165533371740614
0.2068650712862219,-0.20338573191509937,0.18628589855330144,-0.1837890384441085
0.44838032023443897,0.49744896035148173,0.620995819650719,0.09260457555211504
-0.526427183276661,-0.5271112795205078,-0.1926003969780736,-0.022342382234376103
-0.05290080755426917,-0.017687039371272736,0.3907351915704488,-0.0233470337889073
0.3879930014085557,0.899747736239064,0.40662636261547835,0.4464238926255357
-0.019585086279897745,0.059904879348686164,-0.12233226272379129,-0.09508145374885464
-0.30015746473083377,-0.2487050182484245,0.20591971379498714,0.28535511208919434
0.32424303966662965,0.38313880728720817,0.35569522781433827,0.015771697691864782
0.1562749779638113,-0.009058536503762128,-0.10531431112325901,-0.12135518247618612
0.017583268793963498,0.003851168802375474,-0.013163417061868821,0.016455945981074527
-0.015253917238771363,-0.0013139217611831046,0.007979187386877676,-0.006487006758992414
-0.03991953618463973,0.03070061868734214,-0.12110829538089864,-0.15368336440643082
0.05281620417403466,0.07573379033876708,-0.15044339636731777,-0.09084298213540778
-0.35238945750562806,-0.3208372597059117,-0.13342239230067804,-0.1904449784177963
-0.43683684662235894,-0.23917170034506924,-0.4610718812633111,-0.31580721323135724
-0.710547452277327,-0.6918695998745933,-0.5342724048631807,-0.39249801562797276
-0.2612939227041171,-0.22353629884157455,-0.20862848630505407,0.023063472834499527
-0.6737926920227629,-0.8587775891394991,-1.6493702102303014,-1.0573609304386593
-0.09690795741380712,0.15356294821679034,0.0455430262387015,0.02648001441789584
0.18953883632195073,1.0045854083250667,0.9409581087152026,0.7730139399139638
0.616804843561189,0.4314339949037162,0.5041100601480023,0.6950809084239794
-1.3641120047809754,-0.7474163282643298,-0.4119291524222316,-0.3232933374574292
0.14129359364209199,0.10002688544601535,0.12819747899244785,0.34813658334252495
0.10305565676845467,0.32261991992552824,-0.2707993196823474,-0.8188193099760193
-1.0771718615663912,-1.6687870861127312,-1.2038605884592808,-0.29537529057418055
-0.9859112023423379,-1.1594105105013928,-0.7590766930371352,-0.272018515530821
-1.93377337518765,-2.1846597115938096,-0.8949861571478644,0.33077313255757473
-0.41849918723457286,0.08136567530623687,0.8849252723525075,0.4270241910908156
-2.3628261413085623,-2.182130598323195,-1.6703231485540864,-1.26308583578091
0.16596602987433223,0.38397935607829387,0.3610245957507699,0.09375805089763901
-2.719328566653104,-2.0431698491480694,-1.3019654582090299,-2.5440071662582833
-0.5870491854157637,-0.23044341495901685,0.5010908507123626,0.3002532216654557
-0.9672748817889305,-2.2912498756353754,-2.4759648113259227,-0.27924935763759356
-1.379730323065795,-0.5549535358477918,-0.18769442715391535,-0.5552761276074676
0.10722603978592868,-0.797126683296384,-0.6839267013947267,-0.20342352597229335
-0.7934142004209367,-0.8001427601422415,0.42618607839627054,-0.6259554851744624
-1.2980906920147481,-1.9637953678291022,-1.99855103617199,-1.1887782230956874
-1.5706408608401161,-0.6617033370056117,-0.9484967679261863,-1.1799347157632951
-0.4872189924104282,-0.8632339715985817,-1.8594216696426036,-1.6149689406783565
-0.1960639557091515,0.014495548227272446,0.032938472241861604,-0.9266337469726411
-0.41359430593039337,-1.1751650254153223,-0.3251635828635683,-0.5202376442533956
-0.9364859309215988,-1.5616661216255832,0.052229894123561674,1.3880212109253502
-2.3901795594145496,-1.2611084635066816,-1.154160695053533,-0.8176028986280517
0.09087184269840544,0.637370016640036,0.8291949712602893,0.14343177621960818
-0.6975726866949717,-1.4921809960459516,-1.0657546575828596,-1.2329299653501509
-1.7065710136069738,-1.671972832178825,-0.7316009550425053,0.3297962163908327
-0.06073790275572081,-0.24828034693244022,-0.3028483532900271,0.40364318426044565
-1.7491192324733837,-1.5995138109553848,-1.5980696615259768,-0.822861952907629
-0.7896671497049743,0.021468094748203045,-0.18810390058287463,-0.7302921650360865
-1.8919197276591464,-1.3384494542101404,-0.4875088152685453,-1.1345322895332137
-0.9021006968462962,-0.8468295188370232,-0.3389148875681694,-0.9589909131009672
-1.3796001178361839,-1.1709978449282437,-0.5561514846544007,-0.40650613528927443
-0.5607459261401305,-0.33969377335680156,-0.2568845073637891,-0.10413628282255276
-0.37397325977650986,-0.3244596174147444,0.07002376185315536,-0.04150543020137283
-0.07728559870716627,-0.024530816654172186,0.10485854540908941,0.4012534521090563
-0.2921059628394166,-0.4537940285219819,-0.48024086170782015,-0.4158039817552092
0.08510382867859188,0.3301148292316045,0.5479883186995365,0.4059578006086472
0.1081731082308565,0.24762523260884883,0.1873394463156924,0.17659026723493157
-0.03448581893506952,0.06618357395642253,0.10685659465544924,0.07622326282014236
-0.016543205198152545,-0.023137603557478084,-0.019189743907272194,0.003211794848086695
0.03419461143350583,0.020072259858997667,0.030392683833170536,0.02996040681322887
0.098668908412472,0.10563042699691898,0.029001095946902564,0.07176658534295327
0.13269259460359878,0.13930027204056816,0.16188080330661936,0.20297769242412367
0.1459616407750198,0.2834171686432597,0.13773840891041933,-0.040981179753129454
0.15036311391762872,-0.04661322105047649,0.18950559354528487,0.26066875024825703
0.10674730006750772,0.11114259517149983,-0.4482452159480163,-0.761023296950433
0.47957353485889376,0.2779808024727663,-0.13692641512168274,0.1926606560812935
0.6006140452115506,1.045354132415304,0.4930250454256992,0.4054534588322776
-0.011899253434662806,0.33228956212080435,-0.26276834199754395,-0.17057181562336785
0.7289577078906914,0.458402678219331,0.31768018943355725,0.11079746114003626
0.049645444427833564,0.10365587866212138,0.3589121902690814,1.274978157745015
0.26522766551264826,-0.5972500063873046,-0.6768564377316572,-0.4844853448347836
-0.07817372244123116,0.02219590355080404,0.2321557913214785,-0.002721078087013203
0.46067104067694065,0.265929131026375,0.25152512290827933,-0.06298313217248398
1.0921796423698344,0.7530701612102568,0.4391404655877765,1.733063394545424
0.2614332997687728,-0.4094695885834207,-0.6597787618052038,-1.0112673165658548
0.1738292839592253,-0.3793580013301495,0.4021045678630795,-0.635420265882806
1.448458207563648,0.7526030954778338,0.9127122724324502,1.7072275569443072
0.6952254585912123,0.7520063345094757,-0.7594328525151266,1.8133160921829086
1.9468264158871604,2.9847368263851797,1.5971202509974676,1.1770246881604438
-0.36832956159651664,0.22973820230301126,-0.4623538239316625,0.2234494121765547
2.3411691773073877,1.9952625095503143,1.7391325737299976,1.3429971063916846
0.7044582590646151,0.5969798302710327,0.39460413134622835,-0.11077250960839563
0.7905721870576098,0.47337417490156936,-0.043696095810631067,0.24547647662205216
1.2573118927045783,1.0977413122458985,1.3482415938071735,1.5016283848055056
1.4446160987468453,1.172617218300312,0.06214807781891911,-0.040911503258990796
0.30946339450831784,0.7959500440726615,0.6435579904156852,0.6795102646569938
0.5060822238552664,1.3491660202363267,-0.062000744962880924,0.3585999431961377
0.5856199191727233,0.6922527128156557,1.994273432584855,1.5991125772239436
0.6043671596136986,0.9299993849986217,1.6635652301646657,0.36637268901065323
0.2053298820125692,0.7855946306663096,0.0634365021680871,-0.15565166879357806
0.19854881119582957,0.5871272151477509,1.4569575400749146,1.1248539853788804
1.063368491869545,0.7912644730588424,0.185977654270534,0.12812540278978138
0.897891664707959,0.19863534459851312,1.271898787114913,0.4142150561495857
-0.1407933506016223,-0.8247092701210229,-1.9713383212253976,-1.0688174043624414
1.148564823582211,0.8748857299691212,0.18390728427766287,0.4608696001754667
0.4384615743281399,0.704104797244524,0.4009417195324121,0.9216015387512246
1.8168302667021818,1.6820945256153663,1.5746667703519766,0.7561141353342568
1.1930488838386617,0.655165075520346,-0.03272602651335603,-0.10025528624216973
1.3537378888458917,0.7348462271856466,0.7687262181254814,-0.23706595845957656
0.16629601103805774,0.19196833240730887,0.020196776938162114,-0.7368968703580945
0.46155889212534096,1.011949464532225,0.18049011976802745,-0.2431308848469342
0.27967956522552934,-0.07323319496653861,-0.3090597776438388,-0.01149532252865008
0.767752569283509,0.78116493973188,0.898797408138603,0.507542545639996
0.1268422603741261,0.022021823473959687,-0.1866749510825461,-0.14159056051686336
0.2463662819724472,0.05271472395255076,0.07488559063098464,-0.022291947326398748
0.5986220068773842,0.33226576660013574,0.1800044710835513,-0.2391959023925084
0.4666524174513383,0.42567751802186304,0.46939208807742805,0.2770903290430524
0.0017241367244393397,0.016915249546346444,-0.03968032083928234,-0.029436706486557725
0.03827533958886968,0.036293159805226245,0.04478593992813191,0.023872103142116442
0.007988068520406356,0.01950403848482504,0.03173701461740409,0.04967134369653322
-0.03254777742631338,0.03569437527467323,-0.012730552302605619,0.011490047057714437
0.09479422312589744,-0.12011887163907237,-0.029037114807122986,0.17442525866772868
-0.06344676153941621,-0.10024974889991346,0.11214958465663796,-0.024429724754234036
-0.3084420788771463,-0.14954780884576385,-0.27194027716950053,0.17584070776423344
-0.46283013808496776,-0.5734595409506985,-0.590255162169436,-0.3254303788403248
-0.9889097913030119,-0.6319966585119472,-0.28797941322914183,-0.370604302868198
-0.2810460622574762,-0.3563424110794354,-0.5447223758492622,-0.25202841015883315
0.44158577363308715,0.22082468166777586,0.49828335072994856,0.33668271400216926
-1.3531038841132164,-0.37053842893406974,-0.3286576021079831,0.37005285628618473
-0.5609924001245266,0.31716515046477567,0.11738708198175203,0.8137137372362594
-0.5721872842619224,-1.1456763940575312,-0.5946437551411228,-1.0055495075710386
-0.5392767242975325,-0.6921533974879592,-0.5581985378993988,-0.18798557181041364
-2.5770375088797026,-2.703924717793275,-2.3249198372515214,-2.727249163337395
-1.2596973248983954,-0.7647734988533672,-0.0525841118627132,-0.9784178807731079
-0.9002777444385647,0.07600145066179176,0.36038473955770817,1.2533381557882532
-0.7946704848530197,0.5933870407525415,0.518947709609856,0.8081097143397594
0.11826332324523847,0.20317435807699408,-0.09128392354528889,0.01840285513243888
0.677452830939087,0.0660987351044978,0.7451336533443103,0.5546068162789635
-2.1123877968796143,-1.267720664690018,-0.8488547344245433,-0.3905441945778683
-0.737343989347406,-1.465267578650742,-0.7464203640812254,0.41997618197999326
-1.0785203321381855,-0.30329253348257007,-1.1195715539875721,-1.2829291977466184
-1.4981184061834754,-0.13963269539435388,-1.337623633417381,-0.51526879738869
-1.3726993662952987,-0.7993217305695068,-2.00478171700685,-0.9955418626874328
-0.4531890173700253,-0.7432501549191208,-0.8014921317394512,-0.00023654255959271078
-0.7919633285419041,-0.5809651050490003,0.0563837771204133,-1.2351560677395574
0.13481857136838174,0.15146061665233598,-0.16305735455779521,-1.3814447737540199
-0.7954788635312189,0.4488673365006406,-0.5505559272630821,-0.9233028315351004
0.8096184084646276,0.8706230028608671,-0.05249538977235848,-0.05424447424583723
-0.017945999122068148,1.1216578277538303,0.08653709018803996,0.06343112734871154
-2.9727744886536884,-2.487351627030427,-1.3176655610427015,-1.8522295255606684
-0.996126580865486,0.2935306211822531,0.5901156224786755,0.5518292042187296
-1.403334094941243,-0.5274428236705927,0.41719424625773044,0.5400956998812905
-1.6321479952248894,-0.9097819359145543,-1.2361812564609735,-0.022787308722681632
-2.7679140934243494,-2.5218436704803153,-0.8546713930246902,-0.05868787613737035
-1.2642007076786015,-1.3236963528889019,-1.0908280318575134,-0.23373107377078522
0.45021423439522595,0.5699075201822837,0.681488685476669,0.4204788548735421
-0.5796303974777988,-0.41564510541529887,0.2786112908024493,-0.23010991613382809
-0.839192665900745,-0.3961748249015725,-0.7939491520667992,-0.6688533630232668
-0.131312643636761,-0.611964501405305,-1.8758609186490998,-1.416622087434269
-0.746799009379547,-0.2446635443459474,0.07429525010852912,-1.0029160800941015
-0.39326234162290363,-0.2906292267002944,0.044907101234433734,0.45763478534905017
0.11464403753292134,0.266902395048768,-0.016429865684244267,0.30416504960051677
-0.4598844441236658,-0.5633076688513786,-0.4858544929604381,-0.7928221585797213
-0.30292965633528723,-0.39632462441029515,-0.6182832359007555,-0.46059955397548696
-0.15589170995926183,-0.04995140957441567,0.1928064843629047,0.1049437997622789
-0.16669724009154752,-0.030007040089812913,-0.09195032354242284,-0.266065856803927
0.1380370899707973,0.20107611490506885,0.07855942292490925,0.18607062553437106
-0.04795531911154291,-0.04504388953033335,0.011525626776856934,0.10278017497542688
-0.009593022545194445,0.02505804586784776,-0.002583477608876821,0.04306745517608553
0.025863962590086255,0.02496681310915069,-0.006250955577996249,0.008461753606657942
0.1599772817527386,0.22362994036846778,0.11290544229893325,0.23641023768889974
0.32169301534292655,0.30349980605360355,0.056948914326666544,-0.161309252783134
0.19545147509780963,0.19627221461111347,0.3606687592697874,0.2859751595057762
0.26087571734227144,0.5600092084246943,0.4833823820340788,0.7317367856496201
-0.20630113635115965,-0.39393508241776576,-0.43510429693157016,-0.46225140944799437
0.9749294106814536,0.7221937192140825,0.6935845025974106,-0.15010253185420072
0.25720966748286145,0.49726585675824825,0.2551882931364556,0.4006002595935478
1.1403933447279535,1.0507329876886202,0.9502429614974759,0.4186983387759626
0.3466057293421221,-0.23950493171165887,0.21060460175522297,-0.40748600807642377
1.158047286275412,0.4528305979895066,-0.012640852268413392,0.9268235059681765
1.622416717587011,1.054846092182807,0.5167701788403124,0.39831467681453786
-0.07885496771101531,-0.4336015517196128,-0.24238195945503827,1.0339031333306448
0.854868891499913,1.3688021160625286,1.8426205377909606,1.6122594094029064
1.0676513300485488,-0.14179994373929686,0.16376357902249947,-0.9985900027525301
0.2567821645577778,0.3305046820091091,0.04434582553366809,0.5333875680972926
1.1139741214468957,1.5653783852356304,2.465993640575621,2.188540904500739
0.1433659638660123,0.5120716897872012,0.8937387954799957,0.5592342565364059
0.14621432373566684,0.5212648269196609,0.6252947599304691,1.1141821336154234
-0.15011144292442669,-0.4962184313808313,-0.48625504230707467,-0.25597834968178773
0.5077230024850277,0.7216471606171666,-0.6305266901633486,1.4158521898758358
-0.5688291485032838,-1.0024209067958423,-1.114331674288087,-0.17119497842148595
1.843587638325823,1.057851196660166,0.5131323822170625,-0.11052906892232503
2.1228653254101086,2.597142404354918,1.5892264672955352,0.6270005293174554
2.739627517510268,2.5589393169804295,0.10177820603930841,0.4936413025108951
1.7097480342175908,2.433461416795324,3.0332187836530613,1.7863857739553122
1.0190041427743928,1.2462647020793578,1.2313892453132418,1.0846800266221448
-0.07531606895810639,-0.3929143255004519,-0.9479612119316014,0.28481552526690607
0.71373774161061,0.6334542574926104,1.5127378742876854,1.410740759220668
0.5764765840469364,-0.21843244945670873,0.884945795953835,0.5517925638486081
1.038668309436484,1.5781825449842615,1.881275752617103,0.5770117556689409
0.34085155821464563,0.3452080055225988,0.5474317568426972,-2.177637134622119
-0.2241066370755299,0.45192241411190526,-0.631336416702622,-1.3733897254643095
0.9425457451026493,0.7922879045495349,1.0853931768653196,0.7841114740205435
1.3887984972244245,0.827539956744682,-0.28523505698319035,-0.5448720714456459
0.9090442730836118,0.3049715344796351,-0.13174367989963928,0.7938155433532709
1.2308581877559246,0.26914555301613347,-0.6102374447050938,-0.48309321278269424
0.3261381267510787,-0.3904832816797207,0.8620946871026611,1.2686906763615624
-0.6706458143766488,-0.21295500893081096,0.14815115660961725,-0.39825352275601483
0.6329314634534676,0.5733740566479699,0.8820743352289709,0.9751780439378879
0.08892528137831003,0.1658357304992533,0.4625706492495986,0.2292285129063465
0.5919943418275133,0.28987989588060264,0.5693829178197428,0.5788913019600779
0.21570627585256316,0.6144483290034871,0.21884916134145602,0.10950269961504244
0.6553888851944839,0.4786269521959506,0.1955153731160599,-0.08164855381667588
0.4382481118079085,0.19233322452059692,0.3065661135082676,0.1441528309890994
0.6110115631672322,0.7120485825860032,0.5384238987382891,0.21500326216643692
0.20783090918406158,0.2613428813702193,0.09330574137141491,-0.08785734497019602
0.18635881163821724,0.17828678661629002,0.24183986168267155,0.28438847971758235
0.009290679174611106,0.020801223753940185,0.1976655648210495,0.11339772429239199
0.060146431266189605,0.02966103938374037,-0.02546289578211035,0.006862934995324156
-0.024293275885867646,-0.04713805851106816,-0.027307087555477245,-0.030324269354470475
-0.12473994735175543,-0.01036554327606735,0.01534954818691712,0.06700653742193735
-0.2899010111332888,-0.3225263498322498,-0.4739096168991974,-0.4287196316035456
-0.20764017944550345,-0.12416228362067255,-0.38058281664842986,-0.03260359569826067
0.017969731370407725,-0.10502083680719027,0.08792046543989741,0.06587272845467763
0.17121460825866322,0.15190652915293662,0.10137208065894761,0.2519736416070605
-0.5049916111775364,-0.3071738916686633,-0.1136443176858024,-0.18970296883225596
-1.042528178968555,-0.5520852217872398,-0.39545734741306504,-0.12272687578111584
-0.009375432681299936,-0.13687834889177097,-1.0566271423711884,-1.5635324170311218
-1.0637274842871083,-1.0214355566802562,-0.13984659909722644,0.5125744950879724
-1.4846759253274269,-1.130787295427884,-1.2300529183215827,-1.1950610662910068
-0.4328474046836064,-0.7433740553010607,-0.8715556105948711,-1.6582474601857886
-0.3805460901674946,-0.7911449042654954,-0.5613347036480123,-0.588521723407726
-1.162936284617961,-0.5990630327788417,-0.10689106751939893,-0.23694152983610536
-1.0487750460875902,-1.082387343857117,-0.14353358692987697,1.1639327310774796
-1.751036160765533,-0.35741734726826424,-0.41388468633416486,0.7052249094479108
-2.1520948185575532,-1.3431868744091784,-0.6692669317081488,-1.282247273802994
-1.3830905552249526,-1.0897984023176148,-1.0669469398772424,-1.0229976062719637
-0.5703141542499983,0.41633278553592107,0.05808799787700953,-0.07296361230424078
0.07995924111695445,0.24816193776905773,0.4670767514422363,-0.398678497042245
-1.353683201504987,-1.1206980083093914,-1.4949138537385536,-1.1476310630340563
0.4370968560293424,1.8317155989114187,0.9456875367762048,1.387555959013662
-1.1390472474925872,-1.2748303101763407,-1.2781702643833641,-1.9711194763548827
-0.5394217430617582,0.17865236865524595,0.43768459059390075,0.49160511419572794
-0.872546632917808,-0.8963273266234268,1.0563616085623904,1.7232013020934924
-1.3892882639767727,-0.6259864992412117,0.35205586707966774,-0.03806756342807129
-1.9516804603657127,-0.24282201089015204,0.2888004881171637,0.4055231777913924
-2.411805102023167,-1.2158678462745043,-0.17840541533242477,-0.5981581669080637
-1.051462280651955,-0.2128559478585787,-0.8107278061741595,-0.1601490200700195
-1.5494840842706665,-1.930045960250232,0.08547828521878303,-0.2604524025253602
-2.497572711487185,-1.572312189715784,-1.1160985801376981,-0.6954020426293833
-1.2563991583649647,-1.6492305703319816,-0.6946566271812279,-0.3940025419832465
0.2098040934707738,1.1610719434108305,0.5585272612480463,-0.4322793528515351
-2.0327733223941062,-1.5563323885991542,-1.093361762501769,-0.15172464562942525
-1.159047748796871,-1.1573653929748784,-0.7152096038996494,0.8741946957864154
-2.459552048618086,-2.6013655346589406,-2.4720376928378243,-1.4484074578924044
-0.7482243791093369,-0.012609993981542101,0.4096919227953099,-0.02237281363419808
-1.2518922117275229,-1.1478875171196423,-0.13845652303398426,-0.14630060156371824
-1.352634351359268,-0.36192321689551066,0.03723103547641204,0.5370728061675626
-1.0320365520778723,-0.4668824148468746,0.19469749852378812,0.9966102250334287
-0.6867066200308473,-0.7156089808762431,-1.4823828552701543,-0.6440197650342979
-0.5407473158988424,-0.9312221654539733,-0.49548722581363586,-0.5532584929912552
-0.9376124806407978,-1.1382811482825124,-0.4700021638333824,-0.16533141740992477
0.08404957802395975,0.2078411246643822,0.3625414047164617,0.27344461219418853
0.010148325332852816,-0.11652968468547976,-0.6095167825853361,-0.34623129795485724
-0.27294961578636256,-0.3666005712784721,-0.36668630760632015,-0.9058634817323633
-0.2933986704226883,-0.2177952641698771,-0.3284546174559747,-0.21133161601098255
-0.16386592969472205,0.023786540743930194,-0.029906267163973398,0.0063905969850293915
-0.1610058722115182,-0.1993146469137926,-0.0699703633719331,-0.07806567905018302
0.0293323947345428,0.02389437102727379,0.03424560518156144,0.06611544334968174
0.045404485942290365,0.037079780466647186,0.058035777124732256,0.0009314540471410096
0.1487061396780217,0.09121088111661331,0.17620711816455883,0.18102419853928647
-0.0446943807903086,-0.10700944337836855,-0.08020367659835918,-0.1946870398257935
0.27980744073343233,0.3128331782281876,0.35666026858262667,0.5075282880670647
0.3013853210691995,0.16138849426748492,-0.1727439005765126,0.031293284544341604
0.7780050871669254,0.49446052579337446,0.5524963729203102,0.24601444552207533
0.5327666255354871,0.3019598658778149,-0.2632991933824438,-0.8013057171738679
0.5356193504329702,0.4933647079650441,0.2850392544753702,0.452651907389523
0.4731355961741476,0.5618412805050987,1.1615353837764542,1.186527521496838
0.58937461915739,0.28234425344049635,0.9569036239834904,0.8499742953621695
1.4101233131103705,0.6874430877780848,0.3078889530074766,-0.5016197124298123
1.8762787270531638,0.8750901374918792,0.8435531895360019,1.0757979905742971
0.42605211486294886,0.38027934814195835,0.1347523042006643,-0.22578290143023602
0.17209572636680254,0.8321221954401925,0.7130926818397554,0.5371187927241178
1.006744011703789,0.4628043694967459,0.787315716404398,1.3753973619752715
-0.3974835746554121,0.03635632595380444,1.0293513743291687,1.2088348422541062
1.7092393274141617,1.6869116390778733,2.1589710705318534,1.9585789265692368
0.3873609755068062,0.16384163422819362,0.635364871334613,-0.24921164303675555
1.05775980197939,1.1666068349471859,1.903632541611221,1.4148869474685513
1.2928435099481252,0.10686864016012886,-0.7839396769569111,0.16684840045084368
1.1425506791241575,1.6488127067450011,1.4429728773518815,1.7111699513152414
0.10880396242438324,-0.5660575949243304,-0.365647259671295,-0.2007842278326843
0.6977238271055171,1.0394176369005252,0.6959447828449635,-0.031894850665805705
2.711029883834827,2.5874190217417463,3.182109722806283,1.7052244878985576
0.2162739565471739,-0.675866788798049,-0.12062382739355093,-0.29099714952972994
2.132078600460692,2.026898450814792,1.644033814243087,0.4620775727674909
1.3639577757648165,2.4347534159262123,1.9773710041509387,0.8767332677170389
0.3785786167196705,0.3663205123111229,1.7390382648162057,1.3827787824653937
0.46745493765234536,0.10326502356827048,-0.631602356390797,-0.17304990239918838
0.42254188121497055,-0.8697759473639,-0.7179581225917919,-0.13466286154534
1.5226847790255151,0.895670851385806,1.6956665932442263,0.8883388822097954
-1.5660842214871633,-0.4553311193659092,0.4257888012947371,-0.5362243079499982
0.14795404729676484,-0.048546213720409154,0.9147602544888731,1.194092592980679
2.132721311425294,1.5389421351030048,1.1518784113378906,1.1873197239546598
0.6224663811113047,0.47938092733821835,1.4934495994135948,0.21134933268812162
0.4374765436938571,0.4794821250668692,0.21754005712488697,-0.08842998348558753
0.2836241468815069,0.11097012904872988,-0.12165495651063371,-0.3503463306973828
0.4180128890101664,0.46923818687339003,0.6885039363476337,0.7699068391827621
0.5367552639906358,0.329476103664901,0.07284326690017617,0.046702806603039305
0.9697833048418821,0.8922799139943013,0.5348243921134919,0.4112641197530979
-0.1418907992466266,-0.18251015949070862,0.11205219440982553,-0.03330066963687259
-0.42418104422813135,-0.5280947699814235,-0.4060773996220518,-0.5740912433289048
0.8441309868610616,0.757735568225783,1.0590403443902603,0.6541352641395859
1.1416117115056035,1.0983786491727658,0.8267925400999454,0.9319069013981489
0.03178259770892046,-0.15529561361929695,-0.11735382385912442,-0.5657362243547336
0.25887490062370244,0.0674898618312672,0.24325133520010214,0.3775042259133425
0.573065905431226,0.6296442586883639,0.07831521145946507,0.24899967661364963
0.12865319949615545,-0.09494730348155479,-0.1458509261268605,-0.07402406863945035
0.1906613801261352,0.10881218957705646,0.08859464208966802,0.03648769036113865
0.028179082061869316,0.013898635157159575,-0.031491625635126856,-0.042768884709458374
-0.05967517672807818,-0.06712535146874504,-0.07119549588536256,-0.0513163955216472
-0.13359203808524522,-0.10011226338250406,-0.09273678552536634,-0.10180618160948128
0.06673675589144115,0.027982364818231412,-0.12960590276973818,-0.21268193822487405
-0.3084775450522265,-0.21189810938327389,-0.24348511147739949,-0.2723377451630464
-0.32234289473553657,-0.2985813266170525,0.08645966390961578,-0.2722588419095071
-0.884800268508801,-0.505297970210922,0.05895179834167782,0.08091870700674754
-0.7376267750355509,-0.34616793092678244,0.018676478675179936,-0.3517479728713759
0.0039134712358930394,0.0996967998190498,-0.4395600132130724,-0.06316638682487706
-0.8731575505814073,-0.9863380928311246,-0.8972422490729847,-0.08666035330826116
-0.38920497580550995,-0.3542687645856648,0.8225662661515069,0.7067214006384713
-1.295554763830001,-1.6498669275651054,-1.0086443358078296,-0.7742800436450639
-0.10832405585830814,-0.10082758623256294,0.34352406796722257,0.5850412091906627
-0.21390942265359544,-0.8667365582887451,-0.7069679619909984,0.02650569846810099
-1.252583068870173,-0.3645396847968452,-0.6033180551218859,-0.2341003130509903
-1.261124458971158,-1.8773376939829385,0.07226597041061902,0.08223342686550188
-0.3622786808840618,0.31047988948202626,0.20626457615210764,0.7234321278064223
-1.4901398987706211,-1.645048071103136,-0.03023746360649014,0.09358323604325826
-1.1259434447719499,-1.3767889073550519,-2.59320322009553,-1.3783538808824458
-1.5696931527615483,-1.8941959897745115,-0.9401203093567821,0.40531845011002
-1.0194648992201585,-1.332099524883418,-1.1750301893420956,-0.8453715020227829
-1.0638762562980157,-1.6552745146002892,-0.943079582050588,-0.5648540796231392
0.08563251295036663,0.6954949615265865,-0.4258094633331262,-0.8361844375861267
-1.056484732117944,-0.5500008763418559,0.12799130724996752,0.610308329891282
-1.462086013174964,-0.4215030532225692,-0.32098021667648263,-0.40436490112548573
-3.1303268652024565,-3.1655488662747895,-2.1083433276851333,-0.9283360396387319
0.5380572500145565,0.6285601784990124,0.7754619625578472,-0.8177792811377483
0.048564069978194034,0.22340648063885296,-1.0798602534335155,-1.1499115340980333
-1.9361811359960788,-1.1865171734615658,-0.5019529044476749,-1.9132750505479466
-1.6533528408994171,-1.7827872977534835,-0.8888834850058593,-0.5977226742276629
-2.54048627689115,-2.5041401478522207,-3.1714919996303705,-2.473485070249659
0.4830268722303144,0.7639047886392021,-0.7492046348418804,-0.6465433411811391
-1.5231449799430945,-1.9594432551995087,-1.1685716447032366,0.03714489467270252
-0.052831942854624864,0.40904658280579936,1.6774118118336345,1.4290208155201447
-1.9155247007862826,-1.5415779516560753,-0.5906090067003488,0.8194760556475599
0.08737590211011359,0.5988360046802098,-0.34700233269822967,-0.374237259695816
-1.9866024557068394,-2.133955696141911,-1.6641070995383245,-0.6663276645750048
-0.6923259883589702,-0.13832796779485051,-0.6000793996574402,-1.252836665440154
-1.4484328473589891,-0.6049642884184518,-0.6981866077992387,0.3173637528573701
-0.901875490875954,-0.8833325573831027,-0.2709418164412124,-1.4111545026620527
-0.5773436668084252,-0.6083129312797766,-0.8324437625775146,-0.1413667379991936
-0.7960500064539895,-0.8282618566481887,-0.6550864242892602,-0.01491251619006595
-0.1775695964374088,-0.09317380895833251,-0.007611803554566165,-0.011782507517663778
-0.26677677218048285,-0.8574553744443714,-0.8172122947741768,-0.40209336164101045
0.17548150444594257,0.5755255184979131,0.31195061306805416,-0.2029549632888745
0.2841278858630899,-0.037661523208813455,-0.3593552009391244,-0.7607948232876408
0.04193283640238809,0.015512018502014726,0.0804663366948656,-0.04259495720929167
-0.035080501711086565,0.08540796435230986,0.01615146533881115,-0.02802156112380967
-0.36458094327205615,-0.22816441763414191,-0.27965689240763436,-0.24381815943212404
-0.07848491319277288,-0.014949348951620292,-0.020067642473092867,0.05462869151451851
-0.09555527427027406,-0.07278128717727667,-0.0592918081589017,-0.052095179090845115
0.059165947179683195,0.052935388376415184,0.07900365184740911,0.03199868164065236
0.26430084018239797,0.12378684768521786,0.1485955777305042,0.06672950585776716
0.349862683284524,0.0974467896788697,-0.24749659444696961,-0.09623851751791468
0.6809684497817928,0.7201126247106764,0.7558536984916818,0.47908539082480217
-0.06797757577756233,0.07318289591562561,-0.0850936845958604,-0.457450004302164
0.521696580383895,0.37574314879558895,0.206632005210383,0.31075887185007406
0.3286232919594924,0.23896304555869607,0.44546879807958034,-0.004193864335386071
0.734843305783852,0.3784945823375045,0.9327490602633403,0.6345845579564977
0.9269297229136253,0.7333510369455327,0.23331071267092082,-0.19177300402195385
0.37867969489466446,0.22185019820730423,0.3676068395262699,0.7502202606251721
0.537800522492854,0.8302584003711673,-0.009256068516054865,-0.2465594375445227
0.14705707826026163,-0.42070389685713666,-0.32335316890829946,-1.0841597416564315
1.7295075824202315,1.3484418933398112,0.654189852293935,0.9299014036603344
0.9798820812063282,0.32877401737028905,-0.4289704112075072,-0.7232613109750793
0.17616315366742197,0.09844443469336918,0.4822591544352419,0.7071637675227557
1.138656363891603,0.5173007317345215,0.27417918105388583,0.5100495025640868
0.42419278890487183,0.9858409920695783,1.5785404470270392,1.593789007701352
0.11052617913414033,0.2289172631344886,-0.3299537229174035,0.22435199135552475
0.3458522093563556,0.2801243337082612,0.601000351219697,-0.6745913346842921
0.9640026840622469,1.0362502133587923,0.27978341528173434,1.2463967592238006
1.1655458457629013,0.9048198865090139,1.215158131576665,-0.40091548806453925
3.231953813167232,2.7080311692579038,2.5126009411560313,1.6762600885382304
1.266853511479809,0.6423489174447974,-0.33528086745790664,-0.0842852436972505
0.15728129553013082,-1.599662170668364,-0.1974487101831529,-0.2541851575874747
2.4915461881446688,1.6975601666437496,2.4021198882542074,0.9696588409882028
0.9619528753706889,0.19492521570858143,1.1224544516234016,0.2734548135605685
0.2731051462674252,0.20525537351038636,0.5224419769845697,0.4293209450341516
1.4574493836517535,1.1370925517488442,0.6787766265984664,0.26403458394201385
1.5326221600184653,0.7957773837425384,1.0195555276774722,0.5155385998957834
0.879778180443141,0.5027379896845163,1.2259090168650582,1.2629821277215727
0.7880836644212174,0.35772643587584124,-0.5997517094501987,-0.2696770741324777
0.7255728723067085,-0.15799362501589517,-0.07803320627183963,0.24426097777398434
0.5190444294729343,0.5684508793137644,-0.5077394204276395,-0.6268113514698878
3.479495734365382,3.369511537970295,2.2716105434167515,1.502787092780803
1.4007250608942892,1.7173260884666286,-0.0886647180212713,0.08419631358591258
1.103678544051129,0.2049489455733757,0.026028658371106923,-0.14517738261360827
0.21302756538485537,0.024925872827777616,0.1790448701401691,-0.6633246814379129
1.2648739059623157,1.177653918351865,0.8771707939708379,-0.5353839626234844
1.2445876448227897,1.2875541510424493,0.5519205687171045,0.3422723346968654
1.1979997039629073,1.0774470902837447,0.002014478550067899,-0.10335142523068659
0.6177552900418305,0.7655193853095139,0.5015949904579409,0.595168755601428
0.2621704395628364,0.127645592042711,-0.2153782536246102,-0.2903416323487506
0.5286201896583241,0.12954120788559934,-0.6747152539317625,0.003166240211334187
0.5263306550473933,0.584111148722973,0.19424127716560347,0.0676210640421955
0.7732184069137203,0.4553739122820274,0.6428300041659726,0.24198083308813176
-0.054892220658108545,-0.3389313266442325,-0.5224623561709064,-0.5979082539264972
0.1544897158217617,0.3183356035449348,0.16757885710926484,0.076187036406557
0.30200992277592587,0.2004681264126917,0.05570561531260686,0.12181354677839652
0.11703011391569455,0.05430562440292652,-0.018980765570862583,-0.006727765338783752
0.02981150787055462,-0.023110564654603455,-0.023179259195586884,-0.043560017930288256
0.028113342578121973,0.05155354789111858,0.05375715981220529,0.042764309011944474
-0.09802814058381747,-0.029419015183129046,-0.05647837661957812,0.039710166237116526
-0.36312733852392665,-0.27831125862243555,-0.048117839514864064,0.11295565184483622
-0.3606996268159905,-0.4581219366725242,-0.34522555760036955,-0.09855814949083906
-0.24707752542911396,-0.42011543512349814,-0.35442447111868314,0.041297963546012235
-0.029298550067483706,-0.2739585433731916,-0.7340625124919371,-0.8396521345821248
-0.7493657625739623,-0.7099418031448025,-0.5695188732972082,-0.50595922397056
-1.0547063269536934,-0.6658269050052229,-0.3519282602540777,0.031755914236791534
0.4180771310884241,0.07581296933411891,-0.3275413406391854,-0.07313312726955265
0.0906174487059138,0.24713182733777822,0.41701564088807436,0.19335381594734524
-0.5590954103741644,-0.3177425690036836,-0.4310305264978427,-0.6362632619836491
-1.5762266909956397,-1.3040967385546114,-0.9194475178840162,-0.5491244179504721
-0.8726617339630017,-0.7970887701142075,-1.933317536048913,-0.9310013377989607
-0.34064961060935156,-0.6964976103996006,0.8939363324987061,-0.5547727988118266
-0.3005990937188022,0.35775607986101154,-0.2720339834221884,-0.3054212905740513
0.5502147538650322,1.1253732278237487,0.6753840679753301,0.15570428927424285
-1.2989901286015724,-0.9425409715420705,-0.6928824613147568,0.9232369899370688
-0.17386071636687667,-1.1547777602437792,0.28781969647891165,-0.3620698667346013
0.4981055641262026,-0.06274995737927232,0.10948601582881959,1.07753646009824
-1.0964396694672927,-0.5008723594104483,-1.0178641084196844,0.32027212183406717
0.634016432043708,0.7214257602421085,0.169196045560546,1.0876292281185167
-0.8330121674067356,-0.3986750453963139,-0.1343702311401444,-0.3333370787502809
0.9130023078282488,1.4636860600518373,0.24475839000758615,-1.2176380420862558
-2.298976283842297,-2.4696666454214595,-1.4639415775474527,0.152573462759283
-1.8038697308177234,-2.5516990757851796,0.07122326277161979,-0.5371279723800809
-1.7701867148319417,-0.9524601427816397,-1.193045868219122,-1.1761521547265743
-0.025958110386008655,0.9874462745285686,0.742692382925249,1.8531678349278191
-1.3849315342326043,-0.4489267799830099,-0.46481687168046054,0.14861699049680702
-0.8079399361750121,0.6739484977239943,0.5700670337010434,0.16556086525973435
-1.7606062040406272,-1.1842412523373518,1.0823578704114492,1.1983425567683272
0.22530486045579182,0.8571300012154554,0.05204868250277686,-0.504443425234743
-0.9973730451578469,-0.14192354422321354,0.5055910596967582,1.0924497266095925
-1.0615848974370368,-0.8244048643936966,-0.7282242092397676,-1.2577661108631821
-0.6616430521383245,-0.4283694982043598,0.05324247991964873,0.27094937829146226
-0.4540522733805053,-0.16776716496356575,-0.9933762961674014,-1.001916774921411
-1.8077796528944197,-1.7260589331112843,-1.090743182796668,-1.046674828966805
-0.24138684532753263,0.6573722679265891,-0.27115478404189997,-0.25372911262923253
0.8660927307546452,0.42067963817477144,0.40719988476918934,-0.22760721449930313
-0.19865173423247526,-0.5179411284032415,-0.9326070160983179,-0.7270347288720481
-0.8307631291732549,-0.668664161562246,-0.7119376029408168,-0.8038193951287543
-1.3749427126852427,-1.1662365083247088,-1.7066776128888725,-0.733730287777878
-0.23409375678690486,-0.6400883138731353,-0.8265506422649397,-0.7001308850195813
0.47216773471639334,0.10087490361771845,-0.03297059845803417,-0.08697123869590642
-0.328595454763348,-0.23976042162677455,0.07658490382362082,0.045785170570974205
-0.1533641669149823,0.10032562377752323,0.3418600046280711,0.10418924170841615
-0.09030326534484061,0.08731593634549824,0.12618407411538393,0.19744640443897932
-0.06950088885805435,-0.18141520451599397,0.1282145657897406,0.40389701492058044
-0.1616890421519511,-0.14561573560286672,-0.1558936688852908,-0.1574151291654193
-0.07011627088580946,0.04490112769372642,0.06359415816258945,0.14159988103927973
-0.07064492300611463,-0.06874319926086137,-0.06842600879650759,-0.03504326047334642
-0.025109928870139717,-0.049132827605798124,-0.036761997850398305,0.0023463560786929497
0.2221505926639404,0.10594309476743101,0.0951969038554307,0.06625628247303181
-0.0038834374555727718,-0.18144927827263782,0.019917157483678668,0.18603600773872375
0.09411930699298884,0.2144641498134738,0.22601177124583285,-0.09885707404430538
0.020584458140277817,-0.08493219086416255,-0.3144496852012951,-0.14319782869984937
0.273873594750568,0.23993866969364439,-0.12264652484292014,-0.10655925610543805
0.5434203260849414,0.4959867735118318,0.5228882751496479,0.8242798607839488
0.8671533461734546,0.6059226764208713,0.9937757832167139,0.5558146136425411
0.7911078613515587,0.5626315133763272,0.5846065085214769,0.32450617468313564
0.3039333822688366,0.168418272248167,0.09962257307707384,-0.4998974937119421
0.6960527096675558,0.535274213656603,0.8677274446824499,0.6728031135215835
0.8389751105180576,0.7950424950861207,0.6337828021498634,0.8628146496856436
1.67643067995346,1.3808063227046468,1.4321706766978197,0.7143542012286093
-0.19782216305570602,-0.7142500223865742,-1.2297058474545421,-0.3818740242240017
1.1781052639557652,0.46103950623853446,0.3011100988068436,0.11430156289382915
1.6048886100613866,0.9499433428943284,1.349737272007543,1.4532014888530875
1.296213472288288,1.6524710906024938,1.3695192170700656,0.009092408096481819
0.3787680682930021,-0.08376438804911049,-0.43928486598083405,-1.2540414629802439
0.627293325535962,0.5015359927129427,0.4837536179796811,0.5787988118047516
0.6062678657929992,0.33246866120427754,-0.2055503346418611,-0.30622953225148103
1.4229071440790644,0.3128050079773136,-0.47139470483230306,0.1272439800533285
0.19811561007494444,-0.26393695732323164,-0.46271575582718494,-0.221847891856765
1.611692556786534,1.234153668772451,0.2123750708204877,0.577327364075657
0.8273786106140104,0.8942552944974798,0.30253507303642785,-0.08738834881009466
0.7513635167544293,0.8403106481758447,2.370148025333027,0.6340182934170233
1.4352463413662704,1.0231170636061706,1.194622208550682,-0.3906863470633723
1.2523642434132944,0.8623007606182501,2.5492030516393434,1.3812277732954739
0.7851409453496255,0.3727700722832981,0.403127941103034,1.4570776379960557
1.0056090989054334,1.4530979398869457,2.313260685404901,0.865106324626741
0.7675688424819063,0.14326706970698558,-0.4548268917719855,-0.7254260662921288
0.866772113796176,0.649259438715894,0.09537739754491638,0.276302347295389
1.720462733383982,0.8627570092346087,1.1319787483119765,1.0129360000808212
2.024801479216352,2.1287690397802286,3.246183338726182,1.8780445180245031
-0.16998074902258198,-0.9391954459525278,0.29856342856626283,1.2626504821472102
1.537790355914784,1.9956576417244123,0.019947078783502575,-0.9023839385890768
1.3084387471456633,1.1645993004620185,0.9308722452182954,-0.7203360376341664
0.5882472922938032,0.6090998305946774,1.0247736860448935,1.2772706791986164
-0.5657874413266933,-1.436852382046353,-0.39089091019116184,-0.2007144566637058
0.8401251306894525,0.9731843312984522,0.6699665590718172,0.23661893350424892
0.7676654435790781,0.1991533360783915,0.10369900589206049,-0.16622655706468403
1.0586588245728965,1.4685208061685624,1.2427922580957942,1.1896869194372768
0.5104505015041956,0.3678519220880203,0.46702815125494984,0.23974869439852817
0.46926055666339334,0.38026419284056456,0.04203181811886294,-0.9469672330753267
0.5370839896736224,0.5173208323262438,-0.12554446054807541,-0.30585113730125046
0.6086419311895946,0.48288099498602227,0.7338966013946875,0.3510463919128865
-0.08312498091698206,0.2028840075377971,0.5254923191733865,0.23972489757916782
0.14522745783217,0.2746244087959037,0.06803305364456125,-0.03467991129357394
0.20290183369388132,0.29480223763966396,0.17354312910134562,-0.0010549399244067252
0.2399694804383038,0.23920280172514236,0.21440594584732597,0.2492599746125704
0.033353860550092776,0.058221111120193826,0.11068553855613114,0.07176567729902229
-0.026638555169393764,-0.03872951603020283,-0.011905289261171159,-0.0017081674169081048
-0.1795254414645925,-0.1037589932515453,-0.1206912618577478,-0.06318246006368711
0.06646771305053013,0.07050460987303375,-0.005039905817383318,0.08748244303623251
0.10038985649862081,0.2852363556604368,0.17821762636851088,-0.045348512566052816
-0.5914137800566733,-0.13766083795635659,-0.219001026032623,0.3302223455977357
0.4220048770037737,0.08158265177619874,-0.5637641906311571,-0.678821358517982
-0.5116705049054352,-0.24355592643479662,-0.27858537667688593,-0.13803134851432208
-0.20328320031022012,-0.13527531849598193,-0.30663382491339347,0.024838655961226773
-0.4069314287636875,-0.7271313955103166,-0.5207954605762173,-1.3116461898019338
-0.8266748922261955,-0.637277089989324,-0.9106041535544459,0.02327942492305797
-0.5626675534411034,-1.1755423604322817,-0.6414893507299694,-0.5791582065209465
0.05792996545651143,0.2663597329986382,0.2489129261869651,1.0351317402762135
-0.3122495944801615,-0.5866405819079779,0.10737882312622729,-0.556751986254394
-0.7483130324460667,0.11041943686587753,-0.1924847914733973,0.005131793975274397
-1.6521684049048118,-1.3512787163280828,-0.9048673583512461,-0.8333513860095736
-1.083923905421059,-0.09992288486008467,-0.5535394225066607,-0.9815304237542193
-1.4221131478197195,-0.9967792576002977,0.09322343450085306,-0.5412003435287768
-0.1741528196495959,-0.05143910979220202,-1.124919654476666,-0.331567389784062
-0.8731785439220379,-1.072337113276618,0.0211773887598991,-1.039981618937402
-1.1032582749373887,-1.8999618724652565,-1.5184463334704523,-1.0002599794889837
-1.287111972455946,-1.6525682072898207,-2.085115027986613,-0.9891784921122487
-0.021141346031298244,0.21840248202482443,-0.2288650845412356,-0.6744932704577897
-0.5310933710826533,-1.3588783828478248,-1.5614669865921635,-2.205618554749592
-1.827622425940984,-0.9995860343124282,-0.2284502552522369,0.5611305397756509
-0.2466752831316707,0.5877830192225639,0.11132425825424574,0.956963250147187
-0.8871152088250365,-0.02387386847446297,0.4659424960372663,1.1093526314619355
-1.145112366090863,-1.2533930723963937,-0.479951288024407,0.015236600704107296
-0.014150641339180295,0.321788087296559,0.49345620586855793,-0.43098884461117865
-1.4836594141726285,-1.6722720479129418,-0.12768282433929967,-0.47694447035318616
-0.10700031409846553,0.6038053857812131,0.4592524499814799,0.5731642352995833
-1.0011510370195051,-1.025660615294026,-1.6561390151448132,-0.560485211054919
-1.9222133922389657,-1.8635595657001507,-1.8087631676171982,-0.8547828083336698
-0.44058735446135544,0.3270653774921796,1.1365415423187926,0.7291240854590585
-0.358042434366184,0.5030023829204631,-1.0489397188745657,-0.993723508593282
-0.6228752963803801,-0.015910978131346756,0.27059816091397526,0.8780831029839322
-0.6539983307499706,-0.2826883630589197,-0.1981759678745947,-0.7212125313131028
-0.04518435094041421,-0.33615855920153814,-0.3623638165660581,0.426561018624396
0.010932560770231357,0.5010786224212578,-0.377455794966534,-0.7123321446299211
-0.364730919297949,-0.6938406703265392,-0.4972973266228218,-0.7199136175470771
-0.8044016299577107,-0.4791316116271566,0.46395904529626775,0.04457484797929631
-0.7161147421681094,-0.22742371846821152,0.7236200654044198,0.4241710511818082
-0.31064849838425845,0.34022614746051894,0.22981042316812142,-0.02283801581526965
-0.29655593536004565,-0.5858977933384008,-0.8668906998809223,-0.9602732232849387
-0.8054551853225711,-0.78483115159029,-0.7601657396741328,-0.3480196254065621
-0.8563219143303737,-0.771833585520231,-0.6219493627253998,-0.44714597831059616
-0.21032878915121556,-0.576384303248841,-0.28984491739170926,-0.16702937942536858
-0.357061230570172,-0.26390673479073856,-0.03343497860330515,0.15871819257026365
-0.11880479843707281,0.06605109849171535,-0.1768009653449829,-0.14496315052471662
-0.11024439419416299,-0.18789808337840608,-0.1513223484853825,-0.05445043424579085
-0.043618642169136114,-0.018060645126000297,-0.03576375106296672,-0.004453775939968297
0.013677168911254731,-0.00018627507277837929,0.016737383292002146,0.022909597593196454
0.06919442346934618,0.07068009289230211,0.03495481875879457,-0.05104827527798506
0.24298108893578002,0.30084029573848875,-0.13928255466380107,-0.06218434750280961
0.38794770803553125,0.22843828117478887,0.1307291223841026,0.0761771135638068
0.3446629856492393,0.16378193573758792,0.01920279796321844,-0.21108445506953877
-0.4540895498724122,-0.690822087216803,-0.8551516909118737,-1.1020260770941497
0.5978402010774905,0.36475350933039186,0.6888208661983767,0.27085183048713946
1.0522862366947696,0.7648272762944472,0.6960420614105353,0.3296573036124978
1.5020880413129258,0.9372573540650563,0.6713398563319084,0.08206292962309926
0.9041428590282437,1.1191163050344546,1.1649928631652988,0.751612004961278
-0.669928461053836,-0.16649923467375652,0.05423667348214334,0.28524483984415766
-0.24202713774105408,-0.028994461974114493,0.1288321985340084,-0.995659010377204
0.37076995251080846,-0.2641079483436685,-0.38413775855640075,-0.10081452782612937
0.9453303883608316,0.18038346765972507,-0.06544509438267569,0.7063836771410592
1.3039417375717584,1.0462242723543689,0.5028990973568882,0.1413520158801755
1.3216317286099286,1.4180055192169632,1.6044075593823715,0.5684027463609681
1.3526369702080265,1.3589647380677705,2.1975477148633185,1.7909064496532812
0.6853393509370155,0.48075598937892716,0.9657889227289482,0.6040269634632398
0.6081761826092658,0.5258923042979791,1.2970139515500796,0.7142958329253795
-0.6313613354279839,0.22395848652112327,0.9747586415928012,0.17404303801274928
2.342692558960825,1.6685854684330186,2.683287433352534,2.026671213215217
1.1692157879446814,1.2186524344237004,0.44864871158957104,0.28380648184042734
0.027908830288791712,0.8803147109459284,2.2042166653929716,1.979781793301226
-1.684430951089003,-2.8257547362955204,-0.3813592687284671,-0.268473586157797
-0.26286257633113563,-0.2910978631652257,-1.496980651041896,-0.8609378285943464
1.09029755545186,1.957820350735131,0.9170550173060293,0.5623020027492632
-0.9965706394327772,-0.8867245490654173,-0.38238367932404993,-0.848810927852904
1.3700619263230218,1.8540201204291045,2.876390370350056,1.112966511806489
0.1443375746125513,-0.13355279307492818,-0.3900024245161305,-0.01651280092683298
0.37753109965587744,0.6897082246095076,0.838670208159888,1.7665053080033575
1.1313625307980721,1.1671200378811843,0.9252216969588101,0.5520035141378391
-0.6994238426211027,-0.3300911581144728,0.12297269064503814,0.08673731085986428
-0.9044824756070452,-0.01864344096039853,0.15750810143549407,0.4567925075075269
1.2947577589672223,0.6237725719425891,0.7814548970428599,-0.07117940669317727
0.13535150969067924,-0.9557710054368708,-0.6657732835906018,-1.1593504047819674
0.38736505791343273,0.14483359500916337,0.31742645372926237,-0.7823564408165835
1.3659784350871318,0.7841734539704259,1.1718090241924353,1.2566793694644358
0.5388523095044856,0.02654553499225089,-0.6959607310662296,-0.9147574945357327
1.8324747694261272,1.595740031364416,1.7272676307401609,0.4935080999383132
0.6329845161289023,0.6820663489284348,0.7372141074162522,-0.1952493970700624
0.848490499433043,0.1302105981139432,-0.034066542529592465,0.32188240883663094
1.1925981214029617,0.8641976956888485,0.44365490630803983,0.22578350254917484
0.5391126006555673,0.5270202988217887,0.8051655332406482,0.1577460469227009
0.6153737494251498,0.5211092032482202,0.7827813732291683,0.15752173757833185
0.5018977493713628,0.6278043987410868,0.5960618310202075,0.5130963035784102
-0.035903205502371124,-0.15514745444513262,-0.07288672742973012,0.17192816905181066
0.011153305049464594,-0.0967518815198401,0.051076385330238505,0.18913824722883832
0.0033240061886204327,0.09292620447587112,-0.021501663080316844,-0.1339418914171678
0.11914312196591674,0.0034431113306401095,0.08599746460049063,0.15594416912253534
0.030575778620359692,0.030286089815803573,0.04065311411248212,0.020724985872900167
-0.04069004444330194,-0.052186699076799216,-0.019762217987801412,-0.039587785811300284
-0.07692964922313092,-0.12094876675309177,-0.18588851486237123,-0.13837172489105795
-0.4813141733584995,-0.3978130254191649,-0.24603456439109592,-0.21150916304658124
-0.24349403302367476,-0.18427165316334596,-0.09347704354462616,0.05276943685091241
-0.3011322678410648,-0.538099625429823,-0.18053660321970808,-0.14139369507463573
-0.03681376744342877,0.010921888028572083,-0.07181348358837798,-0.24052735420528876
-0.38931895895470503,0.04587474675893107,0.42233870766996756,0.5194260716490204
-0.702427528732944,-0.9040038843490577,-1.0384616354614509,-0.13473120386904444
-1.1386879090049074,-0.8477162610803701,-1.039245658320583,-1.1157479853935044
-0.6271221510438132,-0.9174751332023288,-0.5579806522154288,-0.139495751891806
0.14264675217788556,0.2588433055906361,-0.24230939379349553,-0.9659225121519399
-0.8608535879620063,-0.6666329492150632,-0.13555173389144037,0.1700236694723768
-0.25349819574863486,-0.6135499895183345,-0.30005387130694744,-0.264539741437983
-0.5256644601000708,-0.9661616793720396,-0.4255382469039696,-0.3778301437484066
-2.4747852302846858,-1.7515831880825583,-0.4510728272874417,-0.35148639869075915
-1.1623893433204462,-0.15102303007689855,0.6886662118530952,0.2927697343773481
-1.612089943744229,-1.148772738231775,-0.08151884640991243,1.4239485916378418
-2.723767685761479,-2.507972224644538,-2.517895484227985,-1.7557265650134117
-1.2611896807322491,-2.034955087477547,-0.7045510536993455,-1.122294746196362
-0.263029350618491,0.4659322539874536,0.7828922662091172,1.066860414581809
-1.6127968599896194,-1.4247336017236336,-0.3847126456995227,0.8415679910963456
-0.20405270395721037,-0.5008430410042671,0.2905035211036475,0.6993458480458232
-1.053771373547247,-0.5748111529822856,0.04211040720044655,0.5526381632888797
-1.5567161904085787,-0.7410473962061405,-0.7398661800265363,-1.690832192984819
-1.3439223102019149,-1.3723625414408804,-2.188120185226474,-0.905359237599822
-0.896511813038995,-0.49332093052179093,-0.9600631469609723,0.4413960248719904
-0.6057920917109807,-1.3795131878465003,-1.151699003434948,-0.28578266087476206
-1.2493376347608625,-0.7727813609002274,0.12717001592031088,0.7569661132918422
-0.11253223350880563,-0.2745011072054317,0.9118624973743404,0.4990714782316329
-0.8732322097199361,-0.792534976335093,-1.1884074024788074,-0.45904129909342
-0.9548520933966909,-0.78412204958223,0.2660697363671842,0.042952613845960226
0.3688475825208644,0.9163412099229367,0.006510302451641138,0.10834305297092246
-0.11056500823277735,-0.8930652586606511,0.8191341035457138,0.7403756746127793
-0.0940235282431816,-0.35463912009686915,0.35174528709760966,0.8820315338037875
-1.6200824492418704,-1.32585414646915,-1.2968452362295795,-0.7178131737448759
-1.038607362163761,-0.6564059152773005,0.2841557506736368,0.4509574299240582
-0.4971866216272878,-0.6320658155667537,-1.639682417727779,-1.3932289560742501
-0.1296428143680744,-0.5313753223054333,-0.5098258946125418,-0.7404408023966697
-0.8752784055398813,-0.26774170704762285,-0.5061440447306249,-0.20068545381180494
-0.16543924701799997,0.3310441184184131,-0.11899615492242291,-0.6203458407715665
-0.6785946915933163,-0.29558609483272746,-0.5244647216770543,-0.41237846794167377
-0.38730753424744974,-0.0385203668150058,0.2864238579938262,0.40135081448479476
-0.7922841710893699,-0.3997847164010618,-0.3319748272111854,-0.646757483766097
-0.130200009997916,-0.021767974660246443,-0.16406822567975476,0.36060105558734395
-0.4394007655129077,-0.25246515051009644,-0.32689574010479,-0.33788270438481494
-0.14266317010242463,-0.2718305776932513,-0.01701196208194462,-0.09881550627371076
0.04782257573333237,0.03831472102747652,0.2702491033666223,0.398690660045563
0.022405937543893223,0.062325946071873056,0.2300729158506437,0.18716604746890267
0.025052646957932464,-0.02262149051219616,-0.017292580176244916,-0.06107585784375318
-0.04987867319440314,-0.057810257208912835,-0.07010398409996181,-0.0719940032592239
0.06439926751351788,0.06744392433303902,0.07764777171217112,0.03786513905392835
-0.018187018209294872,0.004395906813884554,-0.03819718509631744,0.03459297888252874
-0.03604917596205122,0.08875881820720355,0.03789150077094491,0.18175695901772823
0.5047354528672287,0.43152046862662935,0.20012179970469163,0.13888411491937114
-0.038341783390362504,-0.054400910514765886,0.13071061024570532,0.5512312982987776
0.7313616003671111,0.6801753935263193,0.07934798305429992,0.27355320374069536
0.6182427183106908,0.9980392443665442,0.5344756461002502,0.7823082926764869
0.8227833545201577,1.12031876597306,0.455857742410643,0.9080525557344653
0.2633705925198551,0.2766623645669755,0.3925662257979328,-0.2193482925463052
0.5378991027778989,0.27879720283441933,0.35278284963344464,-0.010867261096924133
0.9715827036500245,0.7667648873107212,0.3908222959668564,-0.02420013251807547
1.7930204343675755,1.922097308643237,0.6502531597008077,0.453870737410323
-0.019914071666691957,0.17531976819374814,0.9467434487805778,0.49372754813538083
0.1693224524300936,-0.7583037947929964,-0.057188112348993764,-0.5110677053247951
0.5369316333173244,0.731395571718382,1.00139392551192,1.3262224338942807
1.4849707052148036,1.605830126147838,0.36159985824543706,0.4712190917062075
0.9367160544283138,-0.5677097813748466,-0.7075664513914772,-0.9369797131454101
0.6661320259297007,0.0635458085641971,-0.1714539851967701,0.31981077650769674
-0.7845372523291546,-0.7346262358393071,-0.08923946228002937,-0.05645935296072044
1.3993818180070023,1.1706990521589509,1.2706698917095676,-0.2400443851665414
1.372368888805678,1.1475281828465327,0.9319356198621368,-0.09590555643328953
0.526172417364277,-0.11338470627907979,1.346225073416692,2.1809116999283558
0.3587905595162469,0.11127494876138308,-0.016569629234694704,0.14720892053864038
1.8668989072016378,2.6377819717332835,1.2062729229667952,-0.3304296861379012
0.4127821416491797,-0.03688289898263552,0.6988192750338343,-0.5785403682115788
1.5404403383562688,1.0859478236372568,1.8062893559812196,1.2298399182843387
0.6678196493381658,-0.1496603348451051,1.556105999140488,1.3407968308119242
2.085595631061912,2.1468965408896654,1.409585869706197,-0.05276824867566552
0.6908615385891845,0.24478701589212495,0.2610733369063543,0.7505787239065081
2.4946672369177154,1.829594823261329,1.8331997368821156,1.2503214293560907
0.08101623612405297,-0.47530235181664476,-0.6021630707027621,-1.2432308794395137
0.7855587815275951,1.4228310590794322,0.3000923079399133,-0.02019412362867182
1.046000502343717,0.3350166811040256,1.1431282837208898,0.5798987098570952
-0.2643948456633455,-0.5996631419728659,0.45451780875908226,0.296298263272402
1.1432344075072371,0.26988703023458405,0.039830188683063754,-0.4684690870851462
1.0155963404883852,1.3325884238649783,0.6215339070462278,1.6521208831808631
0.2558461448000723,0.03741361970750615,1.1171360692181003,0.4277053727932024
0.7165015290838512,-0.10902200496152689,-0.010457816571385798,0.9494335765778171
1.1417361422400283,1.0307738648724076,0.5361695287834909,0.03610831399985207
1.9947667936001299,1.817091535166668,1.2247829200883353,0.5967158092970029
0.3559717803772325,0.10370075141248052,-0.176863050132911,-0.8674414149303763
0.9866783351918534,1.3560753613679353,0.23159405820527856,0.4780643650280053
0.4291839638301473,-0.010642943577017026,0.2478805909869076,0.6363588658430412
0.44964951380639306,0.22310557926498026,0.01316645472925882,0.2690043334344929
0.8433309827398099,0.6996651805414289,0.5339696426086034,0.3442736643175532
0.5110298391625204,0.5286255766245096,0.44654517104604563,0.4528871939992549
0.3955155555389379,0.07361541782349626,0.03405063172431849,-0.017761485874372696
-0.018179484321589747,-0.06356107127529084,-0.05640007254781624,0.09430885854715938
0.06027695771361567,0.019695013067248315,0.030593305183562243,0.061448053993818925
0.006832449118722654,-0.02072632707618543,-0.025529158494034757,-0.009050359432898388
-0.04275391274939336,-0.03987920083106329,-0.03188431167236166,-0.00985652248437128
-0.1644999288783926,-0.09757124182236136,-0.17911321815565895,-0.10043206907957976
-0.2587311282113721,-0.21704247298626064,-0.18503130019469727,-0.01404159358144253
-0.051280274015033135,-0.2433499791840926,-0.32865709656535397,-0.3036285478025334
0.17349234832302463,0.44933186599470076,0.47338104031274675,0.47263189990663923
-0.6677183906553584,-0.992636745774657,-1.012807170927157,-0.31506665778128246
-0.3382875251912205,0.34969717954909774,0.043364411789128726,0.27607770697139583
-0.1239336476886685,0.08161603953491481,0.05045465331580662,-0.1961579440316993
-0.5515410871268834,-0.340632080979743,-0.6099588991936559,-0.5602557548894064
-0.2804364239664281,0.10735904659068175,-0.5677733707013317,-0.7411890189830657
-1.2460872584248837,-0.7096801424126091,-0.3393923380263515,-0.7752722010033498
0.4884468872611433,-0.11084839691713277,-0.772210142782787,-0.22271492528373185
-0.9748186077811772,-0.3326957660684633,-1.046864009968553,-0.8295274276056636
-1.7867927144014841,-1.8108068134187398,-1.8142622677151383,-1.6289434550028328
-2.097632771071332,-1.1422758328815292,-0.1787104451772717,-0.39407476685457304
-0.11633326939662372,0.0034534464000295743,-0.07412411071359776,-0.9529584413786688
-1.820606608432136,-1.2007435486367524,-1.1621579380501958,-1.2478829505498628
-2.6551408789972966,-2.3518173722264444,-1.6897975795953635,-1.9682906881533035
-1.171684540496647,-1.1342667909371114,-0.9508033752708702,-0.8680941685960052
-2.371190693314124,-1.7216153596888255,-0.11738483424051999,-0.6747012717681348
-0.8795494036467774,0.010371921845356744,0.5632206029215994,0.1954161404421679
-2.0909671519446733,-1.9382778473513302,-0.9409714616271206,-0.9568020953869096
-2.142840046837289,-1.1610195383436934,0.21401437168914483,1.3571197055537307
-2.6526933003748785,-1.2461390567046988,-2.0660063696427646,-1.6272890665584483
-1.5276285152413773,-1.8488016149770896,-0.8334714459907226,-0.9005141283733936
-2.217202810319526,-2.7109727582324528,-1.992411374684593,-0.8207203745564897
-2.8829380276435113,-1.816767965934951,-1.6882376832867947,-1.5122930292497225
-0.607910393913207,-0.9768661061453051,-1.5455584791602868,-0.9689193574967179
-1.5920554921822323,-1.4783544147961147,-1.6440383931271427,-1.7510313021763215
-0.5780401882179216,-0.08849800688125996,0.43169804769385556,0.7399785530371031
-2.5501463027296567,-3.1276327504688863,-1.3201215429187023,-0.9575470272818809
-2.0003695062835956,-0.8285686766901691,-0.10683565166295374,1.106136260132325
-1.4469132845566202,-1.0272843999812584,-0.7793542423517753,-1.0788781950236386
-2.020278226685251,-1.429591404023259,-1.669500289705584,-1.1104998601752836
-0.017233798225584518,1.1490069451340383,1.0502099476161715,0.6551550920725097
-0.5974718682435805,-0.47347152557558314,-0.7461031501524298,-0.21712857874882588
-2.110387522889068,-1.7712084678746407,-0.9474117162696817,-0.05637757134477474
-0.8791148869284927,-0.6271766590356321,0.18305842828095512,-0.3031530751307604
-1.2394690917664417,-0.7809391935878667,-0.38426176343283613,-0.41444955468709255
-0.23614183956964582,-0.12156340451624725,1.582028195256461,0.3221286480512001
-0.6108259972824376,-0.16789274710905686,-0.3254231130474678,-0.6694212828102336
-0.7283953669819889,-0.32708222683191707,-0.5631923245080359,-1.0119442377355632
-0.3203982791352556,-0.23074516868245984,-0.23675105062767318,0.016248458771736054
-0.8882735692441999,-0.9198014996216027,-0.44181681138694956,-0.5299640038267179
-0.48733573078077874,-0.5981630745840625,-0.5476221156637975,-0.5980073026739527
-0.31153530299515036,-0.012492748778492753,-0.3621978991140161,0.09399997104738307
-0.368423231556804,-0.23218559410134754,-0.2617574715675349,-0.5063927541444937
-0.10131897327516945,0.08791680160378626,-0.032262143779220154,-0.05531134138569305
-0.1615761098418072,-0.07003860388800938,-0.1641117357767431,-0.09430182547301408
-0.07071090225498523,-0.025147173155112775,-0.017472125374157276,-0.0045482685412541165
0.024911956874206175,-0.02169468255353747,-0.009343782053372766,-0.04442908838497092
-0.034491837706881495,-0.10058681227151331,-0.0574433462791748,-0.004983227335620398
0.009887429943118519,-0.011040573465270353,0.003997005294710622,-0.05049520027779908
0.17021083093267855,0.010647418895992718,0.40070298621415107,0.10717146438140189
0.09221976077447182,0.28967999538298583,0.12923393460662427,-0.1341247896424623
0.4003489885816759,0.37093586336579254,0.42106219835600656,-0.13011716984072239
0.6938829040043754,0.6874661506110324,0.4445037659588504,0.7262296126980218
0.003281376482314844,0.07776803604128554,-0.44868472703510065,0.1028107317406352
0.8222211708240591,0.9538235270167613,1.3028452201360943,1.3815395254055556
0.21520281253695497,0.23697724067191794,0.5269004983498025,-0.22959093384081747
0.4784467590847428,0.0862973308486583,-0.6351563799262245,-0.26749393609846434
-0.6168942432864183,-0.7808628954694256,-0.8852397337947556,-0.396459100114496
0.4571706672458943,0.983258254380789,0.6828496933075305,0.9905703598130523
0.018741666173303282,0.8713095268933116,0.29624999307826205,1.3679896921090524
1.1183738707567101,1.001085528400115,0.25902759255956465,0.4208702441011749
-0.14877462965586385,-0.971289464862539,-0.12590592012186652,-0.32783744815921717
-0.31167171517855885,-0.8264295385210833,-1.1742834208316515,-0.9431095555923595
1.3589470511344044,0.9439366751625414,0.22552891679551057,1.6155322662169005
1.5078302729668682,0.7845315836663566,0.3860659495514687,0.3214002494777697
0.6455630139347752,-0.37042989526551523,1.260100928567087,1.2711248956175742
0.36429535328542073,0.28436460635093,-0.957852560174363,-0.5165170961038371
0.5598640039242027,0.43581745327153587,0.02863713979428359,1.5431988952527727
2.358196053902708,1.6471278828258296,0.9736935168281116,0.271390657477808
0.4445982093483114,-0.6891211577005653,-2.4932090950724195,-0.12083272288479877
1.632757896232699,1.8269051883574579,1.9660349898670917,1.9394107973687829
1.0932179717977608,1.151555058239556,0.22243358528684976,-0.6514181184138895
1.6016042361453326,1.0000841597186492,-0.0924271534748909,-0.450544038153863
2.244066249344187,3.75464971286205,1.6076701693835072,1.14517390333134
1.5653106900709242,0.8034068960000372,1.187311077750744,0.4437759496131214
0.42596460158942845,0.8478597072503442,0.06746601531811211,0.21782035832566346
1.7621758287465665,1.3623901701992416,1.7883273009524623,0.3932978013576769
2.2947229234160793,1.6065543418973003,0.2849201178239848,-0.9192264645051099
-0.09927530181710933,0.3090689832494063,-0.5478051876142238,0.602656572715154
2.237643879224494,2.8850195453697003,0.33269590548170513,-0.14315093177902125
1.920253877998245,2.17694648681797,1.2920396035491042,0.49054278605365087
0.11800184505853044,-0.18548839126687328,-0.4484472175668224,0.3321464159180122
0.33977137369402666,0.40212952061375756,0.481008788065445,0.33780988273626866
1.5224394571881592,1.0644999582071628,0.8488278542359211,0.6209852715330272
0.006878632685243435,-0.09581185072335285,-0.002663886090627741,0.304601189878881
0.00141858504738192,-0.25978905896843246,-0.2539183063177422,-0.5319614449660296
0.6047707793822708,0.4203946401771767,0.45818305882443844,0.21956289983235336
-0.40755622612133713,0.20131680678113056,-0.6599252308869391,0.11554461034789212
0.6696631339327102,0.8413013855891088,0.4134872555193042,-0.27514043497982854
0.36221965182002663,0.6818408689042584,0.010554988011093927,0.3060220135487141
0.5277782623482519,0.47326955643046037,0.48951032098885977,0.38099145242190857
0.5568677418846315,0.5459075867787669,0.2885551006479139,-0.07996953629362752
0.31869085007809006,0.4397735944054889,0.06237442679835428,0.038913933845086526
0.232810748465347,0.17973799406870405,0.008018024731954662,-0.06272072015601007
0.06105967344748937,0.07350123257054723,-0.05751378571444105,-0.20919160944705958
0.01316075077523158,-0.005429610900389392,0.01218868931660282,0.005284189506216942
-0.041235804693094444,-0.023359411751731483,0.0222112229124479,-0.016462539480848967
-0.09293225385159773,0.003047230441935517,-0.050628037033041785,-0.002986813774026811
-0.32996334656415677,-0.3156781493811563,-0.14462928420193652,-0.05030184542044223
-0.3364874251803461,-0.3491227136110071,-0.02410409290188772,-0.3335450303376619
0.2824295323320661,0.28792226023948003,0.28360952425452224,-0.01819129718344189
-0.008762920092237064,0.18694140909910073,0.3846971145623611,0.09480131166157538
-0.7169348690152265,-0.46118225546420766,-0.6656652440139684,-0.6579178098541175
-0.929220499003805,-0.47603983766476443,-0.6590562803997315,-0.3800441739623447
-0.09162612539901903,-0.28930418236129773,-0.3075565752263623,-0.0711728992225165
-0.8444538978262746,-1.0947465079745369,-0.24828770309127254,-0.38432688175855173
-1.311216572417025,-0.7984143257767919,-0.7269005970137344,-0.49341172481022955
-0.6484979909542401,0.7570823420350858,0.26531798188375905,-0.4221488462075725
-1.7312667576085607,-1.297351607652765,-1.0250561417502273,0.16219283673535853
-1.129714477963052,-0.4921676685391399,-0.47821771704730076,-1.0257149755225727
-0.6309881091483723,0.24225035754595764,0.155633613023055,0.5676300682335713
0.35420995087786794,0.04596938723883407,-1.3033837281209546,-1.2503672685809115
-2.579207208006066,-2.3719258824209892,-0.42487961391196444,-0.7915123688904286
-0.34001841727042936,0.6001991542758591,-0.5751167379838852,-0.6886087304157904
-2.444467349634652,-2.8500716445506105,-2.855485658752652,-3.038795152648825
-1.196647831619561,-0.5736592123944965,-0.15320296611675263,-0.5675327757964053
-1.1409593618071587,-1.141393120233173,-1.5045286183466222,-1.9385395449280514
-1.3156317896270968,-0.9894273679490196,-1.4705890789363478,-0.7738824115435652
-2.2106890553133267,-2.248151072681259,-1.6189699301050409,-0.9148670085757437
-0.06274481434829438,-1.196428131651349,0.2650155785456877,0.3175318799247811
-1.5755936686884124,-1.743998750882609,-2.256482334977227,-1.3886557925748053
-0.5743386182526361,0.13342461945541517,-0.5027802372458076,0.6848305062609227
-0.4890195065091304,-0.27205394033715347,1.4460183486772797,0.9079092910765352
-1.233890873932703,-0.29203913425928324,-0.18529321934281473,-1.3666504661956114
-0.6262218564961601,-0.7309051114395144,0.41021830813970594,0.5287943035721613
-0.27525059890194276,-0.1737398933953864,0.5526142442182647,0.14012902410885308
-1.138469751863572,-0.16464727352701805,-0.3786436268857469,0.6122163107954393
-0.37829955756375727,-0.43300724828378334,-1.799101140421236,-1.5731799535555118
-0.04811661315311997,0.45753382934820946,-1.198087071734806,-0.5034797084490271
-0.458036799853863,-0.07021612930632853,0.13356509222477345,0.14855575537020424
-2.07697349249723,-1.1699580418094204,-0.6846788392857908,-0.02666495371376769
-1.122720308472284,-0.7715587397054251,-1.0096169145184681,-0.2448855322014559
-1.2781876536360466,-0.6175899981320508,-1.1207690707422986,-0.36365932341978463
0.10743933072073453,-0.5933024291090507,-0.023550965853469653,-0.3153347523814486
-1.166741252066851,-0.5661993758012398,-0.5875567843263964,0.10846773636570145
-2.1351883812258214,-1.324715106879858,-0.9943451895381452,-0.9323715652038628
0.4404378522932802,-0.09968230574929197,0.22500499595696177,-0.31260228457284656
-0.9243493841568553,-0.8630916988360574,-1.151443814118275,-1.2705313839127061
-0.3905517501841507,-0.5534569445713475,-1.0388561831551228,-0.5846694102623732
-0.06438939851015044,-0.21307082841988229,-0.07059805883069784,0.005614754177280119
-0.4759706638182423,-0.7577032600753522,-0.5068958316420689,-0.25057894328110286
-0.014439092851932511,0.4800109990552717,0.12231154193210281,0.3901590218620789
0.15196591405516874,0.14416227211368143,0.13348709298479314,0.03866133067467182
-0.17101441677100457,-0.13261998798719035,-0.19927678643726957,0.01648963935621221
-0.19714700762056958,-0.27249409026814897,-0.08891379754575417,0.008683688151393835
0.004828999579573031,0.020613398556155127,-0.016697081943079402,-0.010732405907797447
0.049721322131506956,0.0182661977381557,0.002127926402380734,0.03348412760078095
-0.11190870848589395,-0.04352537381284145,-0.1560475778317474,-0.1238579743013887
0.20198229612943167,0.15685258783339964,0.22255557942296092,0.06917028660775693
0.18768067903175206,0.07089782397143088,0.37657038821338273,0.5835028718659689
0.16322668300731438,0.022927597068665997,0.4473551745782794,-0.0033511528599411483
-0.11279174371810724,-0.03457626701842196,-0.14522570087378592,-0.33743050280592085
1.256025226331278,0.9470797605858261,1.0024398583016005,0.8296000593845569
0.9112474935419567,0.3992364724520973,-0.6156091027460557,-0.08165620549297772
1.1543055535801334,0.8801489598515445,0.8049003681976727,0.688932795624674
0.6404538016030595,0.30853553574943016,0.3151924488383165,-1.102038327846775
1.4303450626684693,1.7553605958116452,1.5642148922555248,0.5336199791555912
-0.2417093258827765,-0.4261302199106459,-0.631715160263833,-0.27983141246862453
0.8439697422166141,1.1844368236850682,0.6801353154938332,-0.04755295572223145
0.8667745184359616,-0.14908208436247689,0.40908881144569187,-0.2902038429391306
0.6765658110306001,0.4806205029829385,0.3893402901806847,0.11842029055495105
0.07003378599395747,0.29901742340235105,0.6758759951575734,0.08612508867989163
0.31351999802078223,0.4099162056599058,0.8600658760785499,0.41153155894353205
1.2036550025916697,1.440749760669927,1.3094092483660043,0.7034321680594038
0.16570129540826628,0.7421663130443928,0.41228612623485533,-0.2873079002113866
0.371457218953592,-0.21623562808729485,-0.19404154874798235,0.5281748858483333
-0.649373420962346,-0.8165347177879401,-0.32817849581404773,-1.766165181330354
1.3643066354048812,0.7295633293903254,0.8523916162644655,0.6375596179809766
1.3547891091410007,2.7430271158203654,1.6162747781904998,0.6013081919278613
0.9568705452388258,1.4132618447154703,0.6983563025423111,1.1766227980316157
-0.24756613559391183,0.0828003035298549,-0.23673320903774822,0.6519217326816206
1.7049414237894711,0.13854967176865843,-0.16818861222673864,-0.09341226440339505
1.890911463129051,1.655277897843574,1.965003397540633,-0.06009651725184158
-0.2922272360653225,-0.789322758809821,-2.1522440555142492,-1.2990030744001806
-1.2976195675846363,-0.45453902048835937,0.7861136168632259,1.078982707958451
0.7029015000108957,0.34094321547209333,0.21984862219950183,0.1954414607241755
1.525097795622655,1.5130543162671848,1.564514057455545,1.693267703267914
0.7413353540003856,0.9908723597882969,1.4893636959425482,1.016800465259089
1.5399771665301236,1.3146393040977244,0.6381925137998835,0.5436775438983066
0.08487389461602969,-0.2678297899535147,-0.4125304242332136,0.37733647661622977
2.205789494167271,0.8945603175500494,1.6075817579841882,1.3300419469745923
0.21053786484780165,0.2630983845708243,0.5057294670421217,-0.18146942020038712
0.7662610210567006,0.4462265650596796,-0.35257443901854457,-0.6197408794027941
2.2474343924962645,1.618641501005042,1.105126945234225,0.5557005113218242
-0.5887479636714066,-0.22875155349737483,0.289337297501197,0.9028684560977647
0.9734118900140555,0.16154621794547444,0.7373310131678824,0.7742749943037015
0.26214554305086873,0.02547693892759878,-0.032431587640355856,0.025334469945754442
0.8592393391955488,0.2954173416871707,0.23349276112928216,-0.007835706402852183
0.20911407987551284,0.3738016577465929,-0.028690553623870126,-0.16952039127454172
0.46976205899567636,0.5358337451111354,0.27755796559200274,-0.29299710735834883
0.5986123073935363,0.3038487669668906,0.6292019048745182,0.20698981154252014
0.278268257133201,0.35803121179641184,0.17732111798062483,0.32169392706608274
0.06442052767561397,0.033172781948993896,0.16121404860977345,0.0821183220048842
0.15825243598517957,0.24538199035042899,0.25674677579638305,0.2060831181366811
0.16197585097888842,0.08991233103114568,0.1386008373491813,-0.008366033375080066
0.021474096724694428,0.03202685361942115,-0.003001567557063313,-0.00885850367777282
0.03034436092795525,0.02418931018640607,0.05668184908233655,0.047281543577196265
0.08349253952530485,0.09764154323735424,-0.07221206419822918,-0.13493284284296628
-0.13384652509354109,-0.01653663807433601,-0.05772738248544183,-0.040953535541763106
-0.38742247911698374,-0.07098182049655513,0.17556431622401025,0.20298891491390017
-0.3281008626028708,-0.10356331376830046,-0.3236010963639007,-0.00806447299856364
-0.03463883666709208,-0.18968815623294763,-0.7807209180741653,-0.5844715688474349
-0.3009177878949769,-0.3449813233273256,-0.3707566771463719,-0.7802044454008608
-0.8150073515256889,-0.7690203067606192,-1.0688301396225501,-0.22574767314767707
-0.8483184041399755,-1.2032265732254797,-0.35497295660154327,-0.6403550407012609
-0.009790452224894665,0.34901187819675417,0.4891633579753699,0.1302936697241824
-0.9770127756433047,-0.5274254642346533,-0.7472295494743326,-0.024698407570040937
-0.5730139892837038,0.13591177696096135,0.3855648368241132,0.3750051752134612
-0.38920422081665507,0.04444477781166738,-0.9454522061154705,-0.46162240499781115
-0.4654235478509873,-0.19806024382840354,0.03925131659661815,-0.17346625121189196
0.170087061002037,0.6516080188050021,0.029296452153807356,-0.3887089820642315
-0.998804628391691,-0.2059528359198749,-0.2152998353991922,-1.1553995997868303
0.12634415112466466,0.542983714548751,0.6762173391052325,0.8605899802125766
-0.6505980304739009,-0.640226314194961,-0.8753725689872055,-0.48507626342222093
-2.0938559424211802,-1.8963927506823117,-0.4989666853958746,-1.6990108361258298
-2.1132408350611156,-1.8849267644306107,-1.3020644909073045,-1.7348911792137476
-1.1767399575381372,-1.1300790189171748,1.0194483111888208,0.4476526728800835
-0.618535049352498,-0.42885279891786904,-0.9246091258702217,-0.34145466231266797
0.2566357986123658,-0.11950056752707497,0.010757403787815603,-0.7023228230780458
-0.19718885767734384,0.5537271490686403,1.7164157107693971,-0.2175594626291527
-0.9437958158247656,-0.5288045852051733,-0.8155659854165734,-0.4129397954546019
0.8537079155428237,-0.13797144043586398,-0.614105075067179,-0.1590228588637403
-1.5412909688060819,-0.8662288187083463,-1.9264735739599077,-1.4786383578789
-1.2971650150006537,-2.24536556218268,-0.7791225350957541,0.14195334700887144
-0.5731902672260581,-0.36780530262699296,-0.6675846286624335,-0.6253590599576135
-1.0937123958982833,-0.9659188065685969,-0.3293766987351822,-0.7712636598927871
-2.265728339951061,-0.9658468919701624,-2.0460671009238487,-1.7580324716372764
0.35670148624856707,0.9611439940815049,-0.8900214482134223,-0.8333516005190504
-1.13207997128056,-1.2169059250316094,-1.4363677256735967,0.2787865087245625
-2.6547318464073655,-2.4903335027504814,-1.627521250973851,-1.1146599312893026
0.38261805676751914,0.5256462648413381,-0.728495671120027,-1.1401387105895857
-0.19180851194620993,-0.33320828177821255,1.1138598473644998,0.32530665885702836
0.3272456093488904,-0.13152900357779204,-0.4922765229672266,-0.7742264800671051
-2.1742093141982766,-1.4880433624678837,-0.4729536908389815,-0.6130340343977098
-1.8685927324976175,-1.1519276793822408,-0.5673589678371385,-0.23474535576305364
-0.5870207981733243,-0.3430045015705113,-0.17059093861575417,0.3297966657083911
0.03680144130084009,-0.39189690144331085,-0.6409184008616629,-0.06468335690663782
-0.4057405085749916,0.13092059083859242,0.146819974400454,0.5278559415049583
-0.07243801159063785,-0.24554675413240531,-0.19841047620824143,0.2287390062999654
0.051475431304259925,0.18839072852855407,-0.27014055203876786,-0.4235039206056076
-0.16538610462310419,-0.19319941505349175,-0.1256825093658726,-0.1899196064755382
-0.5033491446436502,-0.26283543698907996,-0.11295262138045727,-0.3006246929656892
0.1239620625739076,-0.018441741166805598,-0.17946211750798563,-0.06852891579744622
-0.42948051770834644,-0.27574421830327533,-0.06122571271106025,0.2536476958524951
-0.0736331526034254,0.015127220450402205,0.024678867638130958,-0.004795337064464777
-0.004263751312644229,0.015458706488298505,0.0006644676015345078,-0.002171101295659258
0.08027481346154283,0.02040712145631339,0.05974717571805963,0.03168448109281859
-0.038002314111182364,0.14483801561465753,0.1126176562946399,0.04446240853145765
0.07425719392577018,0.06651846048926817,0.24751308783287224,0.27351914521843024
0.067466474081554,-0.11157293986865477,-0.28074276196498904,-0.5192989736164243
0.27974207089988884,-0.057233642424495856,0.041991973494322835,-0.09701220354232377
0.12919099054475128,-0.09620733577742543,-0.11631776003174073,-0.13856958592463617
0.7268581380180388,0.7532838491236749,0.17718746052836698,0.5307158811572982
0.3716187239392977,0.30791066747362694,1.3523853992485715,0.8564730868225074
1.2015108809304509,0.6862711012971625,0.8656163652968708,-0.19529707318020195
0.4261482727769544,1.0401290807982706,1.0987197800689006,0.7720721584884216
1.5956664013526425,1.4649486849857425,0.4720920557370031,0.3173591267612599
1.373910387703698,1.1710698298543951,1.1403189517049361,0.9438719008038072
0.12298712224810153,0.1719076431677643,0.15863594259797736,0.7326295872545323
-0.2777244332926572,-0.10047949073458429,-0.31014343082996093,-0.5248268093903202
0.10927336413549883,-0.3921890757446565,-0.03668877673198663,0.502649113562747
-0.3818352542920583,-0.4783888200419092,-0.8910949771737381,-1.1951855292137044
2.4048266910303786,2.5002223549862763,1.0601239297686698,-0.003614366148623827
2.885422589108502,1.9616029529534753,1.6344352149161274,1.1402163536598622
1.175811954739504,1.096875008177016,1.2272137971368278,2.089128810115887
1.2260072593676683,1.1388503505094105,1.3944533401363985,-0.04885642439019614
2.461041724259392,2.531026963585715,2.9569325913966447,1.7215712058521035
0.19728320720298287,-0.31225203098040744,-1.54308870636425,-0.3992892225768855
0.8125047280068737,1.2098484147610213,0.6135643808796248,-1.0301619782825726
1.4060428484783465,0.18883863156112826,0.051718757946847785,-0.29936061725677204
0.9405914285320708,1.3364157048300547,-0.1245562422514951,0.5282331272695107
-0.5963444474003252,-0.6877685666566935,0.735480749526139,0.1091027948559023
1.6492210495740864,2.4813346024161156,0.7414162696265186,0.31765299961711785
0.6223994415708968,1.149378321857415,1.7056226813242321,2.158666940585114
1.412609999415243,0.6244463300671773,1.9848527971423147,1.763947046306594
0.8608663257918853,-0.043867533048040044,0.7177424341881624,0.21639889166474643
-0.4727536309092354,-0.08433579446565817,-0.22293009366989908,-0.6043579975612922
2.6939940996066096,1.551573803014445,0.7923920706247841,1.0136489561843725
-0.16696135877256485,-0.5634194505289755,-0.5529099296689178,-2.087030451194011
1.1939553775094962,0.5678864712785806,0.33817593696882403,-0.005450202156143032
1.871471077838026,1.0784918476535306,0.8040722928305738,1.0125468230634724
0.49611561496788975,0.2192265972302683,0.5414537710144864,-0.09241855903440353
1.4705635123148826,0.9350054662551475,0.5227248425257583,0.5953500660525897
1.0859342372668284,0.5650767668025344,1.4015606703324717,0.28938036799971073
-0.4858433495994372,0.6280331741456374,-0.26271830447309447,-0.9490154093780995
0.4927751663867933,-0.2954589244126203,-0.8182665404493992,-0.49275592286546854
0.2003466719611028,-0.4666654103657152,0.6988024670306904,0.552013053700352
0.04908715179137834,-0.28570537746984315,-0.08897602492596225,-0.13725524528988395
1.3844254991734952,1.2515748041095054,1.064762904901286,0.2574858496280657
0.008434842857549299,0.1275887156908523,0.08239662427267691,0.03436434701903444
0.3857639135213663,0.2722787602039136,-0.03929654118412536,-0.33229663077562493
0.46064320526518215,0.21739281010751313,0.5045872661082107,0.2680477333866357
0.07960543644009993,-0.13197832273920915,-0.10354793501485307,0.005380843981018517
0.089431029729167,-0.03219241406316192,0.11160856263862445,-0.08757681850210952
0.13455244207436298,0.11329836675180177,0.07428579068949323,0.09813738524664219
0.030046835802277242,0.006962118958315599,0.02219647807010932,-0.01593894698054185
-0.008293715026641165,-0.014918892706341443,-0.02399612065117077,-0.015905091601208943
-0.12608493106712737,-0.13254894259343875,-0.19270539563521935,-0.15033878981746257
-0.25257868425591906,-0.17089488674003872,-0.14516511389928385,0.013798097572284859
-0.32101600512605344,-0.13727803991801613,-0.4178981716331451,-0.39630422773001106
-0.49125866640051125,-0.2808022536988896,-0.00651028579578545,0.09285828005785562
-0.07285194084810587,0.11535004259484967,0.6587086065302519,0.5970738182741512
-0.23305784786681522,-0.24399861478467827,-0.37940255592513805,0.21078177383144003
-0.3418890161905088,-0.5253053873546232,-0.25468237775210933,0.25662888921112303
0.1982241179217996,-0.014213514788536982,-0.20253364153527806,-0.589035210142313
-0.7347715369935963,-0.2786743981386629,-0.5301020218974299,0.5052435364431818
0.12023353480842014,0.20447963167118874,-0.05820405570557532,0.3085330060605059
0.45501705506844337,0.5752670213442993,1.0314345102156215,0.6678248528627867
-0.4082958270141985,-1.2368191598011264,0.053069927317038586,0.466989519831419
-0.8243786663140102,-0.6720495056634507,-0.3683260955512467,-0.550226301832073
-0.8849368561233162,-0.3992807032719702,-0.3046041793332093,-0.02527012953051177
-0.8304345899355579,-1.5485195260550109,-1.5044779084131668,-0.7689184875446149
-0.016838969739649292,-1.0381954960068887,-0.6705461699064884,-0.9404189491021205
0.06829133726331268,-0.5616327378399462,0.1695492019658361,0.842552134771515
-1.5071659710891814,-1.7056659080433625,-1.350607192045392,-1.50965795810806
-0.8867738337812954,-1.3086835090784148,0.0843005939188045,0.015263578406571804
-0.9096305229694516,-1.4159631964006576,-0.7737943187900387,0.33002929246662605
-0.7397607395664053,-0.9228435740014234,-0.6375878718607053,0.8840415014127145
-2.5069092819251595,-0.8754890992723967,-1.1945670923279574,-0.5409901453640169
-0.7408401611288531,-0.1890156947077535,-0.6677056685514605,0.3684566642165383
-2.2248532643869865,-2.2012608301190357,-1.9768278874090934,-1.257066312516771
-0.5560956960264519,-0.2761109226316719,-0.905336270618722,-1.0911683580325566
0.11259147627683207,-0.5651441822791016,0.6864491529173978,0.5001151358634968
-1.056990552537608,-1.7480279774111267,-0.4485424654106337,-0.3085002130078439
-0.928573023005334,-0.8108682492467371,-0.4071858595421778,-0.30249242047699837
0.012192008276073252,-0.5944021759297899,0.7973483587882977,0.9394315208148288
-0.3439002638305263,0.2337592398400084,0.4749094207890931,-0.44239764853386576
-1.002514605722887,-0.2705953395810375,-0.604691487288352,0.6420604978840609
-0.9811641783474794,-0.4909287473306266,-0.7963748730474814,-1.6513560352146404
-1.2353100249835942,-0.43420835154301013,0.23037300844990316,0.0503559280061738
-1.7968864043155772,-2.451009537616452,-1.3549879141908443,-1.471455102058627
-0.8475349279277354,0.08110642546397773,-0.1382300932495542,-0.31224505324036356
-1.6083312637162877,-1.075797369456791,-1.3351081676169425,-1.4747572213020743
-0.33862092101164015,-0.9093900586475647,0.1566868096271459,0.021087744872203447
-1.7210637318358086,-1.4225123717017256,-1.3412603089585196,-1.1028905827538393
-1.0323784514611791,-0.7781286489911191,-0.6972387327235602,-0.5905672415862011
-0.767833455384059,-0.672793569267361,-1.2073215354827787,-1.3528064546806142
-0.6201907723070933,-0.4363700168567873,-0.3127527502505991,-0.387673054398167
-1.1967330441074995,-0.8923793569411612,-0.2496290190246786,-0.13681243249874867
-0.48386689968937474,-0.4408698773227969,-0.5808097122702173,-0.5380714813790674
-0.403293621115536,-0.4104049233306197,-0.25943458778862466,-0.3779508593284863
0.3185911373046576,0.35550641692145,0.200039176227879,0.17758787787645228
-0.16957138427487983,-0.09775201505644845,0.025519667339647185,0.12301022116266654
-0.20067253394230933,-0.07232395009065665,-0.1943502677947599,-0.1819760353876295
-0.1575525829498826,-0.17824606127127687,-0.06327885412002764,-0.010018068137015597
0.005646008571462664,0.016607331876679673,0.012900157162683603,0.015727844952896582
0.03733654038552878,0.04524276987561722,0.07110314905036547,0.048869307674177964
-0.013539732787866644,-0.01728824774360805,-0.16489049423027535,-0.1292683183094151
0.35887593793793626,0.1901058492051084,0.05837090474744332,-0.00012301526009228408
0.34260275633753845,0.2320841599246841,0.2793449798059279,0.37804394749331766
0.29602644178356335,0.3222993124877101,-0.3802241508084645,-0.25905836556414935
0.5610322899047108,0.5243590976002679,0.07476991286054703,0.35892647493255647
1.0829237094909885,1.0956199082554028,0.9270925881490125,0.6293463800722802
0.8623930694947007,0.7214957275456356,0.5596272807962046,0.21145305425685654
0.1931911942810149,0.06973300034856936,0.13769572504470182,-0.09619018788320802
0.8544030904174184,0.23979363690382144,0.09665802298427618,-0.0018270248764510715
0.7734602215848083,0.6784212265298816,0.03937505211197188,-0.3889749018771538
1.0364407036147223,0.6401573134935686,0.23886238305768917,0.014568547682746017
-0.4125503377168841,-0.0019505576870940304,0.05612281771204913,-0.23174798931745316
-0.028181591764469712,-0.16512182628242797,0.41329161167663203,0.5752421910533576
1.1902568737988857,0.8975701168898986,1.0416012334374336,0.33620290990884266
0.7780368708014724,0.6396717373987162,1.075390677678473,0.25754516934053895
1.1771243874379957,0.9041865240904097,2.0516153868923594,1.8546305675000487
0.1993191414177726,-0.6275269500199638,0.32079815134177386,0.8089402733637726
1.1346390509912,0.28019242806524625,0.21274823171567106,-0.3979015156853437
1.8900255264206922,1.3828323827367885,0.5021723459019573,1.2341540945478373
0.04255418393348253,-0.7473093735172783,-1.1252662500152162,-0.1156037232073345
2.125917235381694,2.311070187793198,1.0022672842665048,-0.9700856943211537
1.7140416003622683,1.8755535154282017,-0.020285034337196077,0.255468101893903
0.150236737856552,-0.21511648663789842,0.3256836725549639,-0.5262949912666692
2.360152847615291,2.4571893727888203,1.2858242721372148,0.7287697189880972
-1.2483476797284068,-0.5394148544735238,-0.9075225332433243,-0.39435746750834233
0.3731320375454509,-0.20539276756991182,-0.0714083817663043,0.6447545871072978
1.6073607536055874,1.5994954403386554,1.1493567870494625,0.7497274765085244
1.8205722937953002,1.5253568299828137,0.5278218339271762,1.6427628977153697
-0.5401802787005716,-0.9101768016510577,0.279105624659588,0.2787010532589854
0.34038697288454295,0.1672727377717242,0.00893392488350287,-0.3748203499905808
0.15340138199390566,-0.17685834097319122,-0.8555548285589929,-0.5032872805911159
1.4396458851314047,0.8554706585210684,0.671384950288712,0.6097651798954385
0.7243956638866857,0.43390588504534483,0.7322349895191252,-0.0956657765692197
2.067440730990538,2.0891269045536376,1.4504890822036898,2.1052349181523855
1.157690682841018,1.8871795151879447,1.6509134335596112,1.844428732186781
1.035871118388357,1.6558874355259672,1.2112893494826227,0.7437389460324126
0.8067103123539736,0.0887251167808874,0.002287793387636138,-0.7876508701447607
0.9343271108583322,0.4042062637464392,-0.20313745932114377,-0.06381741682279095
1.299517205731933,1.0216172809395543,0.6301889759140759,0.31131482291579504
1.1179355769818027,1.099899159886712,0.8274245372128292,0.8577229608005275
1.216250098283593,0.7340802248035373,0.7326582103844302,0.6208579146539135
0.6590850128689458,0.7017143486637566,0.9136219296605171,0.965474425679967
0.29140291974219895,0.40224975427815174,-0.04267839687234284,0.10189399094017405
0.5004873914026596,0.4910449442025913,0.24637305260301323,0.16347121537873088
0.3139298055730015,0.38162904781419227,0.16063953607293988,0.0870027566556184
0.12655725269760004,0.25815234141546467,0.30196344988511475,0.510506161430418
0.19408794903175455,0.1499076094454731,0.043855461791354786,0.11750165897158876
0.11564028343546066,0.13367493870132843,0.1388422354190043,0.15953170991721247
0.026830119261847325,0.01371483984282114,-0.017180655115572277,0.0034304861435496075
-0.016839303195620357,-0.012199160413762235,-0.048456710959075444,-0.055702839842037444
-0.044420796028290736,-0.06892284253251621,0.015147943905673814,-0.016205212986503403
-0.5258402285827094,-0.3935249343320842,-0.31204619557991076,-0.41723210563884217
0.12123897148416501,-0.1473503312718893,0.03858276867382374,-0.28762521804213514
-0.8824493109295127,-0.6893760235017417,-0.3426123353072406,-0.11172384914747195
-0.5191330075041647,-0.2197410811127232,0.24980582246336763,0.16903235481796247
-0.0717128296255666,-0.13279258575101902,-0.06525091508783085,0.291247356818274
0.2233545293567393,0.2783020432133242,0.4372788837118717,0.4931392219744261
-0.6665597003278853,-0.766843974755743,-0.2435874741264975,0.047746821572698994
-0.37899785623714155,0.11167190706191595,0.04415245351623083,0.4027747411855875
-1.3725670161097403,-0.5866164703564452,-0.9264894184221873,0.1188439665768046
-1.2054448001826037,-0.6927505012233586,-0.5370473874252505,-0.7035548558683883
-1.2278584449654235,-0.6570926003224865,0.7789361430232584,0.21335720349688367
-0.3726381981571233,-0.946472325177547,0.05297401318999646,0.37746239570293616
-1.355870658356828,-1.0159531399026047,0.08556039693319491,0.18968419768493547
-1.9528176208238954,-1.9140703645971333,-1.0566145496773358,-0.6212438559583641
-1.5311781152361137,-0.8314371032250967,-0.7857901959219556,-0.10841229024948414
-1.0218164988634322,-1.9739695365963865,-1.3585221007459296,-0.8073176152472596
-0.8451070038797622,-1.4455941772324823,0.710029172089383,-0.06773765145477259
-0.7661967668438878,0.09939620324946934,-0.11353725009160143,-0.03453688971245187
-2.919663368040909,-1.8230770986372324,-0.36513365999737035,-0.0890635615184058
-0.6432717712523637,-1.2953562717340141,-1.4800739320198382,-1.6199386922622985
-0.7666775276778311,-0.7977910068716142,-1.6714289028484668,-1.585871178593492
-0.03542814196994745,0.2866716368122277,0.200397060980998,-0.04369729487719344
-1.3107871646262894,0.021263387882867545,-0.5850642809493054,-0.734376596730713
-1.8370843386578777,-1.3963435898976313,-1.2161243363544583,-0.09067167749216275
-0.5620356682173951,0.8686132717265446,0.8868791295904201,0.1152693156075781
-0.5994799176089106,1.1121812965422022,0.6048445953759803,-0.111413453823422
-1.8560829162492503,-0.930203697068832,-0.6065195285401103,-0.6205107459228989
-2.328391072511034,-1.4709492999699183,-0.17192598833412687,-0.42464826320643284
-0.40234573817839625,0.2675984270782268,0.45176653032569214,0.7873147590670663
-1.017675179249498,-0.20941246202704195,-0.46159194011428784,-0.8872562281568107
-0.22582006121570644,-0.12650048479264187,-0.04912741772981703,0.19580380896267288
-0.6879269451842186,-0.051032740639383393,-0.1575101657337928,-0.3292708360487933
-1.6986027427317243,-0.9052258189052894,-1.7858497683511425,-1.8214061483389086
-2.1534265741816987,-1.7605344361698165,-1.2337614014124518,-0.5241559033467329
1.3147557950560236,1.362573689427331,0.31886656775872163,0.37540547931962215
-0.44748420879333595,-0.13900520530482033,0.5898454913165999,-0.2460462525919779
0.47053277744078886,0.13650626877665117,-1.1513535022127357,-0.6097455843656455
0.3170902176673988,-0.08326539039552179,-0.35478720586928125,-0.2691512979478314
-0.5377167086648705,-0.2841919276035745,-0.032272695663759496,-0.27776584245590097
-0.834400179833964,-0.8285109790820286,-0.2419029858535687,-0.3420074718177593
-0.743885316637432,-0.5388789979310311,-0.7623365061407006,-0.43383027357294496
-0.18376159216015728,-0.3195868913827286,0.13174455718763228,0.12373389305995502
-0.4427334173817181,-0.34915135832321315,-0.2939532564082156,0.30024545015239423
-0.0939092977519962,0.014767570200611344,0.03497540531529872,-0.1784285570850074
-0.35844016246498095,-0.3120104310982547,-0.49745128553664325,-0.3761361225402388
-0.02925390889929211,-0.06784428354581569,-0.08466726655193127,0.12991730310181163
0.005019497187453791,-0.03116777751954233,0.04052684937363491,0.064548534697343
-0.009842830739316005,-0.01178188509432051,0.0001709845639199992,0.006761625883844886
0.018196675170087204,0.0648864350698186,0.06828351671674246,0.03407536847201743
0.1120790898727408,0.15361067390179559,0.2022350343782649,0.11392381755746554
0.137909810435591,0.10560877363209328,-0.06399627218530997,-0.09220495758368816
-0.004440953885070551,0.14935237178051364,0.15413934300396237,0.1502455814940991
0.3986859947364798,0.3002412518651585,0.2677917863601411,0.1360939358490579
-0.08098862538224923,0.054025698459504036,0.24294443351359654,-0.023253578006052152
1.1253554445549807,0.8075147701561121,0.3915109898799591,-0.019209291173084092
0.3366355365993055,-0.06501666217496509,-0.5294946183346979,-0.07218089122455561
-0.19166038405639468,-0.09583379041850378,0.5591850726469698,0.7837180341727942
1.3726429398510915,0.8750715347118827,0.9223534771242403,0.6044363292164224
0.4782436346099695,0.1508194918900773,-0.34602040186005606,-0.4292268960283834
0.2845559536264978,0.17514805776641185,-0.4937865618579272,0.4047514439554102
0.9307001092689166,0.9344960689028794,1.422358004761386,0.5503839457409567
1.0897529953705154,0.5157808742435852,0.5277628647447563,-0.0642635143780504
0.756032981129923,0.7610667067231209,0.5731783022881353,0.26939644511145605
-1.7741372163435944,-1.2512556412253417,-0.7928922758428254,-0.8415061214732881
0.5726115665886976,-0.5109716556075707,1.0413811848677235,-0.07350057025808826
1.5660388339956903,2.0987722618251126,0.4774606356011028,0.2584201531080883
1.482448012093404,1.6995633475849623,1.8630818283933432,2.160082710870709
0.3117168043110056,1.2239539698569875,1.299848664943091,0.4152843743716104
0.6557858930854588,0.5986099435674682,0.6393815725797406,2.343025831816553
0.7167921326420018,-0.009549238376673156,0.051288535178661304,-0.09357546646733635
1.6095210668871287,0.8243227543356937,-1.3446608493163923,-0.42631914816969035
1.0659120452535267,1.2223623562572468,1.4498154808421375,2.371018858408095
1.8950852656589257,0.41157671515892874,-0.08239683063052945,-0.8220685262767863
0.48598997864077587,0.6929446949914192,0.7462305604817072,1.8147172954715405
0.9638808508370954,1.1007192557376768,0.04011504925992238,0.012559356859578668
1.8857829133907118,1.4813654587676641,0.7293243952762367,-0.10810732163417544
0.5322732427747268,0.6623277301747804,0.9933793383079796,-0.22708508661471005
0.5527289989020396,0.9004677585698069,0.9087729389941285,0.28357381524527975
0.7541023520496141,0.5243934263749874,0.8262501398425979,1.4975987430759892
0.3174010569044785,-0.9489796446324045,-0.518064559422348,-0.22381761286775761
-0.2676301001880177,-0.00039947500871783553,-0.5826027274762431,-1.1345116140658067
0.800987938871434,0.8786243183408419,1.0918391415646036,0.00502390314961757
0.7564960358057993,0.46360157696905135,0.05640894389838901,-0.6301178765421392
0.7850961763100338,1.1725515910944755,0.45674615136527846,-0.22794133108650802
0.8016591560147145,0.2629843969684862,-0.1450008235055043,-0.17538074620595748
-0.2093697795149061,0.2515050688417154,-0.0003112296057835718,0.1537863616137459
0.15745911722959113,-0.1251874415306234,-0.4277631279260819,-0.37617044686532203
0.011033898027952791,0.2611986479468652,-0.2706509252715151,-0.008643006127614901
0.12903819666134025,0.41365621525385643,0.41205463852701585,0.27358545847906457
0.8149685390643464,0.8822895196886601,0.7048715987014295,0.668835104077853
0.053344760790279465,0.17523131859051497,-0.18823480112954333,0.3423610101574665
0.7874464997112173,0.7544268980869993,0.5513496460292623,0.4209509142695392
0.3805366823146505,0.26885580223212824,-0.8381552608936359,-0.719924770650863
0.3119895777367868,0.4840230990925874,0.1768023713655613,-0.11579161728938167
0.03550095335506141,0.05460054031132507,0.21053240053929015,0.0984022444022579
0.056357432402441426,0.2016560023791895,0.1824842436977746,0.08533947663492193
0.23917424808468574,0.13957189383220048,0.12226805372565815,0.08488114263239863
0.021797839791885102,0.0029600930064943584,0.004953516668654052,0.032146564607039546
-0.06773835500504266,-0.050786289072126165,-0.04617304623048787,-0.0740225269871466
-0.16284559285542713,-0.16520091479482693,-0.13068934253559525,-0.049901890614765104
-0.22641253540993442,-0.10569040109774207,-0.10267914823391233,-0.16033889161965498
0.08055293941331275,0.126865008816291,-0.1270668595841314,-0.2281564199793024
0.0858198400936867,0.03831604545819444,-0.15093803071787537,-0.24528177808347162
-0.6429124350290787,-0.7699688825675357,-0.8664125967968597,-0.8520952881101987
-0.6909614732914279,-0.13543087592780803,0.012052592384956925,-0.09589332554616747
-0.07559174069405462,-0.26799718042751797,-0.24000149291050027,-0.6366539095981141
-0.24645628832151464,-0.3255557644212225,-0.15697295122706467,-0.43321384857665757
0.030152056778472297,-0.4497319030072522,0.048395602027314376,-0.9243563475168608
-1.2474519265615374,-1.2971993980367238,-1.2661406177378465,-0.2970347965211458
-0.5629697688170913,-0.6192151452259012,-0.6644877086643726,-1.4463841883272026
0.3499869973769681,0.26983208563788674,0.5601016790520446,0.1525856252521
-1.3580990843423604,-1.0298125771816204,-0.8663235797225924,-0.5307610408306033
-1.2116332516420611,-1.440928133065636,-0.14516855425380829,0.6877919787357308
-2.18253056743363,-1.2556899981980096,-1.1600983447004356,-0.1342277630656328
-0.40467774474019697,-0.16589810063065236,0.26100318510588333,-0.7031018091207691
-0.6677565726450361,-0.24960251553542173,-0.06393965118479299,0.04528482834952188
1.570103409570249,1.641301134551564,0.733540110680765,0.8289992245312
-1.8947352076463706,-1.2641690152788698,-0.8113892237160611,-1.385043091737313
-0.4362005712915575,0.04439661523695942,-1.3658054277486475,-1.1887056110156278
-1.8467071831990318,-0.988088531235125,-3.1243056347474982,-1.38926774242715
-0.144725837631391,-0.3384621284622775,-0.28495793089342664,-0.6634812073014786
-0.2106609851853966,-0.2755328317023713,0.22599809593678474,-0.8508036557499147
-0.4757589130835117,-0.06640235767229669,-0.4243386432764209,-0.040421278453541765
-1.516131241774315,-1.618455864641195,-1.4836346740924846,-0.8322086144196446
-0.09404612456798156,0.04330550739713237,-1.0430291749141034,-0.016082048393946335
-0.3028885145329088,-0.5851209944230722,-1.0028575076961128,-1.3554844596346152
-1.0051307176198587,-0.7770297826530047,0.37757809630425804,1.2475352754587943
-0.6114068619377847,-1.1976375252212104,-1.4359248373170483,-0.8069644291965132
-2.3071945327324923,-1.5371047646011389,-1.5279788171161215,-0.47695598284919405
-0.3571447336494955,0.08714653857464728,0.40692798101898153,-1.298265045489344
-0.2302863897097424,-0.5686278252966644,-1.3240749026926006,0.5306201049707326
-0.7709506874449564,-0.9729156528227925,-0.07633582669620508,-0.14773758707201376
-1.1359912377399124,-0.07868837159784532,-0.05807163046298378,-0.10054166592735833
-1.1982697263682454,-1.130315963063373,-0.5844985345280681,-0.5688551149996004
-1.1021523291875248,-0.9163224676842384,-0.19899033228547947,-0.4491386811576801
-0.2364231531355192,-0.9085796091328163,-1.0309454064508086,-1.3247865901528475
-0.9846158970002271,-1.8758692163128714,-1.2720591298387944,-0.7527460971396026
-0.5553119566741828,-0.8352029206606076,-0.4190482325525645,-0.9239284255582207
-0.8386979031123911,-0.9556002716111357,-0.3802604009986531,-1.0210359987663142
-0.2681373033369916,-0.15536080433428484,0.6736031552816119,0.22894734618363596
-1.0154425568308574,-1.0650951575154837,-0.9281624001559522,-0.6730023222025808
-0.26190631146556254,-0.20189469715532796,0.2562730623874063,-0.2482059578471801
-0.08054396713159696,-0.2968034442874798,-0.027907633879598343,-0.46356399878103943
-0.3117758103743343,0.22571315300852593,0.20410418994226287,0.2013474946572291
-0.06483413286867498,-0.13469327469852518,0.08683744847273472,0.05283055856044247
-0.05777784377548762,-0.021321568880020677,0.02643304874990268,0.04912566097014185
-0.018860474425568437,0.035740774438480775,-0.046560580971216035,-0.026744028001015052
-0.006302166492867477,0.0033922422330765457,0.024358107711589493,0.016577635533173304
0.07851450896257917,0.08869209994572268,0.054099857173434,-0.016198639515576964
-0.06217483682671998,-0.010665646688605866,-0.05959326090197728,-0.1045603165638069
0.12113721057053374,0.16922064268574505,0.14534342338023606,0.01255536229399834
0.24826402294997432,-0.0062730388741300954,0.46407312822127966,0.5263557775698836
0.3440859195405666,0.4604813483894208,0.4150374844761586,0.5258260998481511
0.05437792726919319,0.1012668875213187,-0.09192558501390584,-0.29385092749551195
1.2555936714865448,1.2728819089929548,0.8105694329081203,1.107938570870547
1.304790078773459,1.0077187266376029,1.2688389938151616,0.843321183531815
0.12291291983598197,0.19248330239285072,-0.1548369905084866,-0.3692169374037729
0.7773236490377797,0.661303637868749,0.49048077637118065,0.31769232533964853
0.6586866629045315,0.49641195433783225,0.918400876356283,1.0871810410889178
1.4825276239419496,1.136954492985961,0.3439246612715057,0.5051187390997368
0.3735990114203934,-0.05753371728606124,-0.13071636441519682,-0.9873438019859495
-0.06424360388104078,-0.2503185748448582,0.13737725978205806,0.4414380618104957
1.283896086025792,0.6763972122399367,0.8746514463217677,0.9388794310556481
0.12081243630019055,0.03251588397171663,-0.009512127555468439,-0.13375682348327014
0.5628006921365228,1.080369831614868,0.25248355588734817,0.3557743326255262
0.43437650228679603,0.0965053354745449,-0.19892254808279447,-0.017551446889918613
1.3045676518214921,1.1141180982781758,-0.7651161922654647,-0.37172604746542803
-0.32519065723827595,-1.0127899945376466,0.12558497350597192,0.5336200901567306
0.5786194357495898,0.1540528749738374,0.3174031529325663,0.33795910249753186
0.45022342559310324,0.3009792568326396,-0.016983021131249717,-0.32188514271120816
0.5204900681977275,-0.2042596546374949,0.9370009739219113,-0.38194517734962685
1.5544655811651449,1.8619959421267178,1.8123359236221979,3.4048156626008352
1.096657464551965,1.0122026445370276,-0.7351320708948943,-0.41438573172383864
1.1653498644295461,0.5615927437591884,0.797390142851371,0.0538044515021214
-0.04453863259498104,-1.3092817318116534,-2.165505259977084,-2.1218664745125144
1.329759169350261,0.5495916268611897,1.104539104096261,0.007281517907936925
-0.029963843775702707,-0.047135892499634256,1.005184330017115,0.9875673544188412
-1.008481046165091,-1.9337312888679896,0.10128236354724064,-0.44583119281223177
1.420583674009193,0.8969641815023837,2.3260873780845888,2.1672200432921622
1.9409620588520722,1.884227282123122,1.7044981191656141,1.0069816917028016
1.6116533394390058,1.6648547038728136,0.11830708778705566,-0.5882198067543252
0.37623869202552596,0.047295667279442906,0.9431924812751274,0.690799141109665
1.5820319634229243,0.39371836055606163,-0.034697061988851204,0.7078563288818882
-0.02844263741544811,-0.14034995557665939,-0.16895666263790013,0.27885604790187263
1.098971922594589,1.009565411211967,0.565915840077035,0.32324459309971587
1.1782461025436644,0.9066734283025084,1.1308223007210427,0.3049016229202889
0.06884224342213692,0.014147469550056494,0.06781893181265124,-0.29544624106798345
0.5964662918591899,0.6241067367321858,0.5849796378402866,-0.1020465486261282
0.026779138527765544,0.24880516370179903,0.48054163057273924,-0.10756979082679322
0.4607034540829184,0.24355782753541755,0.5021109247285787,0.056211615120544976
0.8429113536866891,1.2939926612614008,1.0922011497321937,0.5730759180810332
0.4352582860484504,0.3204423009028765,0.3511786027242602,0.11173537398459951
0.06978878278164284,0.18208965814323352,0.17151490579483988,-0.07406531807357994
-0.03799712219151388,0.045036743632402995,0.1836541014595285,-0.1754046554942157
0.08367688111563464,0.0723174036255288,0.12454205162112347,0.15388720967361574
0.22302887608596905,0.2086960979951945,0.19469360185403123,0.17905404179404058
0.20935475645996296,0.19826471583289926,0.17512998301380947,0.16211585153991392
0.03521649978333095,0.00597998812742757,-0.01454197377274124,-0.044659551191724114
-0.048131655763881065,-0.06331603631958246,-0.03127963487363522,-0.005244321666714712
-0.0660909087360698,-0.07703794497644853,-0.14926991609556622,-0.015635317592305884
-0.60909705875411,-0.17967756425091966,-0.11320770168161605,-0.10415365917947292
-0.2579904841670735,-0.008627322670329328,0.021564582228469284,0.19402684518678645
-0.16779280313338743,-0.3465075231107643,-0.12072567603831358,-0.22775056872107
-0.6031560071730285,-0.6722717215438575,-0.6309117358906605,-0.2028430288193816
-0.05132064454144699,-0.01746687286569539,0.20768624974218924,0.39218693153753026
-0.09890273059973316,-0.20343956225141982,0.17433014697889213,-0.28260769591975243
-0.35561414714017114,0.3212385451900443,0.29270941278045437,0.2246606800537863
-0.25336408044695063,-0.1311170264873884,-0.22451837840959554,-0.9326824272368717
-1.2242585785591458,-0.863409375585966,-0.6990985525999184,-0.479685865967125
-1.5918797982400907,-1.0515214581073289,-1.4178972964848386,-1.5972971736945736
-0.4557568874571859,-0.5298716602324098,-0.8374220234052007,-1.0009306865784493
-1.784838091658073,-0.9976791152490413,-0.5543118767264951,-0.8587401682571899
-0.7013320270242627,-1.328131722863415,-0.5393110304334822,0.15922477394713994
-1.4281899309105668,-0.5641103501850564,-0.5542608963085446,-0.8786088137199718
-0.5766699846918709,0.14476587202232324,-1.079483436876233,-0.2800837021821196
-0.049911191025806344,-0.16693102687814046,-0.13596185881654785,-0.8395364153495204
-0.8259567256328213,-1.6431894007914716,-0.8234197906345756,-1.3589937162361616
-1.405045552522596,-1.3490240350152831,-0.9605054722378583,-0.8257625583453536
-1.5219960435699311,-0.9415484043199912,-1.3610015876622574,-0.8039853541449397
-0.6092035599778781,-0.29953781282939174,0.4842552330124573,1.278957619628742
-3.7046946840731114,-3.444027764737213,-2.8667786692214263,-2.3714658261158026
-2.924187774569713,-2.670774939816564,-1.4951299681986643,-1.895206756592812
-0.08144235757767777,0.41049951737247736,-0.5043262319311603,0.3398424722908283
0.5189413413615249,-0.07658781120795619,-0.8381801430204765,-0.47294143424880697
-0.7079136548537519,-0.12741013793100342,0.1821688043132346,-0.7363791607146829
-0.6709579817000657,0.4704299506432404,0.8934210754615843,0.0072067559122628595
-0.8588845743436393,0.6626978941497155,0.9465099040544666,0.42718166850298767
0.08445217905944076,-1.4016433743873198,-1.4254253736466094,-1.9899622575732145
-1.706752887077819,-2.2137223681248472,-2.3261418632487416,-1.1843806472485168
-1.1607697565598436,-0.7273109602756856,-0.3214128874345157,-0.8722451634309824
-1.3270436464654791,-0.830792028841326,0.1727429681225863,0.24339110139307688
-1.3756885842523925,-1.636997405464257,-1.365823139806341,-0.6027629129173481
-1.503681945499884,-1.815500752518061,-1.0004604335636003,-1.125165657133181
-0.2068118241100982,-0.4181266962887504,-0.8754841778585891,-1.207403353203373
-0.6645727716038826,-0.06035646733478532,-0.30602426094924795,-0.5335521091168094
-0.7080348631705613,-0.37220219211433325,-1.168257385471227,-0.6370027285881249
-0.332083761705581,-0.6969102930321297,-0.4951194613514174,0.002432023211582079
-0.6354346072481836,0.011292008298367408,0.262595216994864,0.0031156585440710385
-1.008393545956949,-1.1648853278343798,-0.5779985014597351,-0.2906909546028026
0.08905410910640771,0.17331670278270447,0.0053560779859857105,-0.062365185853241155
-0.369793607759983,-0.40218353782874894,-0.6750364576496518,-0.26943579359327935
-0.3017276520528679,-0.06333816141772622,-0.4649865030426703,-0.2624380798120682
-0.27944068993199883,-0.2277953317998706,0.04405573688659852,0.03192129124134977
-0.2205513030718852,-0.17497667719180607,-0.12323152930293334,-0.07828231531383405
-0.23399129730767265,-0.14031083004874514,-0.011650110926870268,-0.12853526448624658
-0.0806687958191913,-0.11943016216547842,-0.09817608566641556,0.020865181195398944
-0.14372636290242807,-0.129671598715163,-0.11108509177369377,-0.10605740379809613
-0.022675787483941303,-0.03407491379777026,-0.008907020916443123,0.0005318310106885895
0.010868869683389466,0.01884620565609128,0.017002269963889583,0.03492038359999813
0.13801644089160467,0.205345009330484,0.2393744807731379,0.2442836126946943
-0.05268688438300807,-0.0656780082227619,-0.007980157111014923,-0.1195824231056614
0.46423450432559965,0.5487774500421626,0.3623444082598245,0.38429952208370205
0.16412439881408314,0.10133568162491596,0.13271659021706048,0.4810980212411409
1.0211745468675983,0.8204119569500161,1.0451193183781964,0.8220050400521558
0.409675077228441,0.1134685762731513,-0.40885030006193684,-0.300736361038786
0.19166936305849422,-0.04873098166129278,-0.35950492610574336,0.054472256688415
1.1638449948314293,0.9511631637366492,0.6335120853110552,0.06643354510421166
-0.06115600448208973,0.4007630136114739,0.2794745165032072,0.7751294842314246
0.6406750779081073,0.9419902784147806,0.14527373009790498,-0.1719114157914476
1.3620825339586833,1.8502681307568447,1.9588658544941755,0.9676043607311099
0.1990787398955681,-0.4904645340653292,-0.4715279701081851,-0.27784330915980127
1.6958618200223738,1.531185106585759,1.1187380603746784,0.3949444492375224
0.21870913757525323,0.56792064666688,0.32744909733726146,-0.2717808298028283
1.8101029148219094,1.5643602628125817,0.6420530252834992,1.2568922764879917
-0.08762350820756193,-0.17640839462297836,0.3019841138185438,0.7919588698169883
0.7481023210262793,0.4318217922619648,0.03807967506565591,0.6877446869363834
2.1266652221856166,1.9450242917637706,1.7827011838382316,1.7175842770212866
0.45205161546118716,0.9792220591369373,1.2816611780426406,1.7596388640688907
1.2780760380960579,0.19152544708799835,-0.5143300135822602,-2.467135810905253
1.280571721985814,1.144246749477142,0.8991997750155614,0.7178216147460035
-1.8310354087035723,-1.1429208166810136,-1.5032522822197043,-0.40869490105117257
1.4233192787467175,1.6277768858870507,1.3555232021909804,0.2791985164075159
1.5717993730571813,0.8212630341479592,-0.17653185068357183,-0.05170390663499373
-0.7452644165232778,-0.336438087799767,1.33769137197902,0.8713031520718683
0.3256210881311611,-0.05516806046260895,0.5348238667248573,1.6940206769695203
-0.6953187105876673,-0.7778934355844989,0.9057000386012626,0.8578048851123473
1.432361359067075,0.8323466514884141,0.8470206994486759,0.3032849592216122
-0.634475863738695,-0.5218501426559169,0.6093497365422954,1.4764490275813718
0.5632375386957701,0.016833547105431258,1.7689593965711838,1.4453646076702171
0.7382067646092592,1.1850332617350494,0.4780407561235258,0.327826570448759
0.9740019414680855,1.0680407585207514,0.38662415396301464,0.17286322828661946
-0.4772951678944143,0.0910402793500401,-0.39109686145612893,-0.7820316091755859
-0.40522404073267804,-0.36910806709261695,-0.04952323119172909,-0.5358009103734254
0.1813291749867665,0.13798868163931516,-0.3723253947875231,-0.6574927404798431
0.7694115775324528,0.45057179576148343,0.18119141907750325,0.059544470857152684
-0.02165829674054522,-0.4541607713272144,-0.8909594559760178,-0.6928321933732483
0.2323809034383333,-0.5512827183968959,-0.3447367519868882,0.3587583933812332
0.9153201495024178,1.3870370994606465,1.1800485964573322,1.7172595814153322
0.5995881735646401,0.37122131545663445,0.11860868317248564,0.6143527184326855
0.8869850853337297,1.1965228094139508,1.4850617140968587,0.6245292524483225
0.8093709193581271,0.4388291256120176,0.18528306694061203,0.1198881569696464
-0.3868361267269793,-0.39105484323025874,-0.253955684584951,0.0015482870544278838
0.6432928721012724,0.6868101711592097,0.33817683560087314,0.2540894564766644
0.09958544469975557,-0.007057509937670421,0.24116800946740005,-0.10998888021078099
0.04830385468962356,0.02186543311509774,-0.057752322328970214,-0.3889207082789567
0.43933436134290127,0.29552569573345133,0.07936827913667184,-0.03501763453713746
0.06519691432956119,0.034877574239653916,0.11521643099411731,0.08455754105992422
0.03857005185393828,0.03317244614560257,0.018133204519960443,-0.004503615646290733
-0.036304137573978684,-0.02580642448004953,-0.011119074133114101,-0.015838767741480134
-0.07303940068933329,-0.0052277273868195275,-0.04565749144821871,0.0011846586388965783
-0.13692074117760952,-0.24273677599515972,-0.17058067109009925,-0.24292624013152406
0.01798454249046939,0.08085667014472593,-0.1192857002926704,-0.0930966040875202
-0.3007408494877096,-0.11419821281638476,-0.6176180610657381,-0.43041649247887004
-0.1921735250946923,-0.1329458860186004,-0.4430202507198541,-0.2714850326883457
-0.41041602115400566,-0.3569160192547685,-0.3494148939627474,-0.18831303549420073
-0.5920094568936586,-0.1344664263429454,-0.13307292039880347,-0.5677020689477352
-0.38100201302020015,0.20235321572869827,0.03168474198476914,-0.13794990790412273
-1.1775906259497755,-1.0536116148462273,-1.5318516196936076,-1.0185724097126654
-0.23910665242683715,-0.06890368239884574,-0.4503934558618512,-0.17822277823369376
-0.7526623389189581,-1.5657794063370416,-1.541974093494351,-0.6010780164455634
-0.2932291058852797,-0.3045148405217405,-0.2272095958700848,-0.03257328986144903
-0.9936885485000541,-0.6743967487328156,-0.44974063941353437,-0.06468921771652195
-1.3016903436869816,-1.3175001935712238,-1.660005447907599,-1.0304907364090452
-0.6793056152404232,-0.30150767250438393,-0.03751270360046531,-0.5715055626360626
-1.0686371529984546,-0.9924247374423866,-2.016545139502186,-1.2396765678816313
-2.1598896023534513,-1.7134211333515095,-0.9406310695692206,0.29937404275542706
-0.454987604376068,-0.4597480031212625,-0.004591784223297094,-0.4235567755752644
-0.8651892230238607,-1.3221288352833276,-1.1088540000763283,-0.26234983990751837
-1.647034718471135,-1.5504339576197284,-0.42641093144708053,-0.8132880823575415
-0.5237719181385883,-1.456924929211571,-0.06658440936528562,-0.16612661684739058
-2.1885142115224854,-2.0889033671784025,-0.6118516950472942,-0.7559695930907834
-0.5859444962652377,-0.3660360783289095,0.11438586518978762,-0.1073013740059724
-1.9555010731357536,-1.0492122513377569,0.5068424858138076,0.6439921617001284
-0.3581929359049512,-0.8062695210656255,-0.3152335635886743,-0.39707652232277635
-3.5095201371691718,-2.643219226661036,-2.628146544921465,-3.306097954223859
0.7284675012728566,1.0910926687533773,1.2707860661131363,1.9661891429031324
0.4034338558611319,0.7629857360501625,-0.9658235303575584,-0.6126457270212399
-1.5522285954762867,-1.412446775517094,-0.964224251135743,-0.3529406481122428
-2.038963379724217,-1.731093417557535,-2.017924507557059,-0.9495021190081996
0.8476759690647953,0.15218749898048922,0.33265974718911306,-0.013969484914418082
-1.5806030848667372,-1.6200202218276625,-1.409259447932843,0.336776978190947
-0.4403248527553888,-1.184944908686765,-1.4621819459168235,-0.7442573738515986
0.2522600399830843,0.4081401069646519,0.18954355671053752,0.773796820606519
-1.8467929730181394,-1.2885649637547534,-1.3362790316939126,0.14533023534301942
-1.525459085903857,-1.0020985544636902,-1.4437717507291306,-0.6052956979363943
-0.4541847447166646,-0.0851616324276791,-0.6534562997121144,-0.26700260813352533
-0.2623593226550507,-0.06259029877968737,0.24742809921425593,-0.15487302909706283
-1.6532904892705282,-1.0332650259704832,-1.6488800644745554,-1.2229079325660985
-0.9669921227216962,-1.1923103329486535,-2.272430489675074,-1.8282865622141087
-0.9469193292619394,-0.8539879091352244,-0.28667672125726706,-0.16052570362131593
-0.2187950879798728,-0.3817381401612846,-0.3501789271839965,-0.2645430997365533
-0.6210903588202619,-0.017694796138290114,-0.3741533483373164,-0.35197856292836693
-0.03424115869690895,-0.02511281099202451,-0.33182506316278043,-0.25024306471378066
-0.3490637126424529,-0.2959433382244955,0.02871983571724573,-0.048318237266939526
-0.13581609679407214,-0.14669883252688698,-0.005339822463834533,-0.12968714182365024
-0.11473423944316419,-0.009389557856104158,0.061154614753703145,-0.022409879656157164
-0.1510531972933814,-0.0800506551956484,0.011948607207366796,-0.04285737153791399
-0.03512131316951159,-0.024563877320154973,-0.01136414559684913,-0.026542950849775357
0.0352222708156873,0.02031725213348733,0.04763974034471329,0.051511735987370105
0.037149402051405316,-0.02259214268208536,0.05753811465829427,0.05740488805598589
0.28282088823586354,0.2129848949564621,0.18781523147005633,0.09336997809863859
0.02518824877941595,0.1619379885294832,0.40545839020544383,0.24261056683622262
-0.04698253453513844,-0.13182999905548562,0.10301910965391813,0.3183568906147455
0.7804525932192388,1.2030460733503803,0.8191370457432139,0.2768741529726625
0.7294917834648935,0.6734396985704708,0.8053894737397794,0.2688154402739488
0.17185279947318982,0.27450850173181823,0.9851641189563572,0.7474662678625178
0.8598838843850932,0.8224613931914151,0.6086585807812256,0.36128686596543047
0.8913951564290868,1.2024168723915618,0.04297979394764869,-0.22729622904565364
0.2902119514647209,0.4679639134278956,-0.07470584412916445,-0.11080494431298496
0.2971832841497265,0.33492354128935536,0.26837155769927645,0.8038276362755165
1.0555456411196442,1.1838260232055882,1.2713113538436345,0.5453423951730829
1.4695192073563168,1.7194928118407202,0.6720181089925293,-0.09220038725264124
1.924382340101184,2.7400109964079484,2.0908168891722707,1.2527741164840827
2.607908336612436,1.540746538911926,1.8774014669061534,0.13886398634125682
0.9545125486318129,0.39137002104559254,-0.08674277392866463,-0.20094210179926314
-0.041260429967447526,0.23072676227976943,0.0707462781397423,0.340436871546559
-0.016775102632085148,-0.6437133180862968,-0.9121692780087094,-1.142153644957453
1.962444252152511,2.3250173856194865,0.9008412638556491,0.4633250384126754
0.8703851143852045,0.7902940349277466,1.2165124610118176,0.8764248980321865
2.6570607662340886,2.7609178953703157,0.7095764142622628,0.3259486353255896
-0.10311150225881939,-0.4835945926524833,-0.07288157867865491,0.8803741820633545
2.3440662517744317,2.470560576328191,0.6287125150187937,0.013755182991147728
0.3727155458667493,0.8520477566977274,-0.010448022200831176,-0.13321608756836378
2.488077265817805,2.4132774823992227,0.18566153950867267,0.3202906840136123
2.0853845538172053,1.7396879749585927,1.9746964884214646,1.5626172075104634
0.4288938777874189,0.6075774964228751,0.7787377775794566,1.6837844818608632
0.7715561617348231,0.11260088563443361,1.3713447156144352,0.3772458044216005
0.9036370514577803,0.9016606985239086,1.2542285418263126,0.7518457063268359
0.09619561707785337,0.13158948395200357,1.5448826932592932,1.274467919006416
0.2116072025749386,0.8387208120271862,0.25340046476225675,0.987599921012905
1.3573642774555086,1.9138706270720964,2.6508957301978553,1.665483179397335
1.51732816166821,1.3832910925539283,0.5357843554362373,-0.24066831191135982
0.3147437431582422,1.222647516810789,0.22563380243837539,-0.15370894027487667
0.9797875756656829,0.7060646075091954,0.2735068542315675,0.8045249753660775
0.04213884591760802,-0.3334177556780499,-1.1424351345251058,-1.0286580163031216
1.1729524754776774,0.9893487456493771,1.4918273439423921,1.3205025782831008
1.6594907223550062,0.9039253923748894,0.9366964282110124,0.5587160657600252
1.88322502362317,1.0901995020518318,1.2764782523287108,1.6472975355850137
0.0697335420503352,-0.15497142586554677,-0.23608172261792,-0.14885008413246484
1.1801059804124014,0.851173340995165,0.729031235050484,0.4978672803952391
0.44098797557964686,0.35812987171736976,0.6187879575617556,0.7703498002551834
0.5152695784557366,0.4954550504271292,0.3522883053568909,0.2734136521373237
0.2148423424406479,-0.028045543842056615,0.01030640157580961,-0.31447528373809297
0.49883293069568346,0.3409206558759967,0.30768644871201667,0.038412968908429886
-0.0054191817881980055,-0.019085410888176103,0.1197880342107394,0.08420169605715495
0.231011587105124,0.28134000263142506,0.4081410704049474,0.1465165087813133
-0.08441579349621112,-0.21966985704867106,-0.03539332182413909,-0.05191856858798687
0.032837571822906565,0.017599054689591713,0.017894350309316482,-0.005997434776143861
-0.001275805655543586,0.01761348240685353,0.00586085721785769,-0.001381782166584189
-0.24670218370107916,-0.27904904614232146,-0.10203439014053317,-0.023677154058429302
0.10360596439446297,0.05090148618081208,-0.07381955782519557,0.01921927018256129
-0.3976831472966394,-0.5435654850944737,-0.18689468142224233,-0.2715377245937342
-0.16660376223639772,0.13128629839182795,-0.15433607792436976,0.15702131388124985
-0.514455826381514,-0.34633067623227703,-0.7882303221702545,-0.13573496545369348
-0.685947914679266,-0.6307058681814607,-1.1888793572690421,-0.9067775735001214
-0.6824397027535315,-0.5937883641677382,-0.1892323984312634,-0.041016743330810804
-0.15743629247334806,-0.13174873048440486,-0.10209705963107638,-0.17507574971664858
-0.05734245859138712,0.005357687317016262,0.6289305658776531,-0.691420138095408
-0.2933832082193561,0.07421678897009144,0.0707399758449795,0.29672298506654377
-0.22298609769338507,-0.9941424351680128,0.19034912185881359,0.3230875600697713
-1.6069848026573823,-1.7935907245185285,-0.9752016249175032,-1.2780814376465055
-1.216560845756145,-1.3430650366242474,-1.6095941806746068,-1.9389473874107772
-1.0136726431583092,-0.8156967961056697,-0.9963050999533316,-0.9911186568041832
0.3240857787670811,-0.36702261335917113,0.9933375546387065,0.8096093182660818
0.05866788881130773,-0.16294426116062194,-0.4765512090376107,-0.500233415626183
-0.9937702744463491,-0.8001501288223751,-1.4291207891735633,-1.3599773567899287
-0.1350068967298501,0.0677749404012337,1.0998864768942627,0.8478981277728757
0.559520466755791,0.7683899922434768,0.40209011784312504,-0.6402095429362995
-1.0347062754512735,-0.6212698198052784,-0.47421808935024384,-0.48142011007274876
-0.6389654748943637,-1.6415820926639066,0.4696256355920788,0.40092150400887505
0.5376364130187408,-0.22872376047414272,1.4231346158093112,1.9864526877394422
-1.1529438127612062,-0.4213673692534068,-0.9949250275694526,-1.2760697389174829
-1.0306665149209373,-0.798780595045025,-0.47556484125531173,-0.06310962428617785
-1.4356639749805356,-1.6181084986837047,-0.08323924329113007,0.9615842059564007
0.3100024595933872,-0.724200145482224,-0.0992368837027344,-1.8448479231751864
-0.9208940021561077,-1.197649055330562,-1.291640459148319,-1.08074239998684
-1.3456248885029376,-0.5751122633164081,-0.07892974665975395,1.6228742950282558
-0.32870815157759525,0.5177076326353013,0.06958309313429895,0.022190188759869205
-2.0802376077050724,-2.410982401871856,-1.5218406908129483,-1.8187843778095325
-1.477489436865507,-0.6098492518049768,-1.2669759197030834,0.027141340433150172
-1.181332591266915,-1.6456594703404228,-1.0609776826648167,-0.6394169324338617
-0.18736186479872688,-0.1596223018724427,0.07368949112498822,0.3193937236889138
-1.6019888113887277,-1.7845833780591664,-1.6222282438130884,-1.2160257120463926
-0.46448762669798166,-1.3973148279874896,-1.2261220163442623,-1.528181305625359
-1.5170671952112516,-1.4523337534966323,-1.136647693191291,0.1756764407796878
-1.4157338423600105,-0.9111451445617041,-0.8129092943884044,-0.3492803794949769
-1.1325416840877025,-0.9364868445478992,-0.9186699597198605,-0.19430523428278862
-0.9083121333710563,-0.6118001535670154,-0.24116924896686115,-0.050052086409063244
-0.5150892576468562,-0.607532318113932,-1.4126580918664324,-0.33016903265032027
-0.3372942105173985,-0.1761266485394898,0.6136600609458116,0.787120207175318
-0.1286244562153983,-0.06357624613232596,-0.19506211345293947,-0.8095275908814991
-0.6975565871123981,-0.9736205358410555,-0.03890551197445422,0.1491858341890519
-0.7043948905964081,-0.6935789400395699,-0.17654320593085476,0.19943483846904841
-0.41300294475092236,-0.3791311442351705,-0.40988998264199644,0.03223663188431281
-0.1475831902030152,-0.26706208443442736,-0.3203966737324792,-0.06370383889858001
0.019442102686728996,0.030711808295491624,0.11301225448799895,0.12437776335953146
0.022716315232774138,0.009523941771662398,-0.022189285069151285,0.054073059894373776
-0.07501404418938971,-0.07934450599315997,-0.04115697316711585,-0.0447115330336272
0.002665066009077297,0.01973278463544746,-0.006441096382465753,-0.02451933475862899
0.11996944166563867,0.21500933707705092,0.11055198906282605,-0.008509124810185707
0.4128205579246965,0.2628768366452616,0.18586341119597924,0.20240930525991893
0.15807419344978824,0.08993109370480623,0.16668134565860585,-0.05986748926329513
0.4385807001478023,0.21959578081667788,0.1067165843397375,0.1793400804614132
-0.17299434681119513,-0.063478753211818,0.07921197249318486,-0.1450250409210616
0.9455503309747861,1.0041096617658891,0.7796060412095832,0.4137001476748029
0.22775764749324742,0.24814620351745906,0.7188348183212393,0.30965862933808214
1.1892538025531811,0.7402639592786417,0.5158282568078386,0.500368062324934
0.49064266080606145,0.6548242974589148,0.41250416504047505,0.7831093028237524
1.43319677984833,0.49710174408863195,0.05957085071453201,-0.03265239741503421
0.5771977865412471,1.600965986681621,-0.12415071656212487,-0.6664242808072983
0.7214201112091393,0.5341514173724105,-0.4474203261200536,0.4900506774463396
0.5247397028964278,0.36426079922206495,0.40901454357632333,0.43475714152555706
1.7532746640834953,1.418005156998755,-0.06795522746047727,-0.52426382323259
1.4783377559253363,1.121412529894199,0.649927964940878,0.11894309738045815
2.365675319622485,2.205528845272181,1.7828526037746228,1.4920327173968944
1.9462865019124067,2.522226282034611,1.2203849153683548,0.09122104325365409
0.012201592685120279,0.5761053827701466,-1.0742105665838986,-0.38678485953363856
1.2393442560802927,1.6533612247305178,1.601830176496729,0.9639196603089166
-0.27417958491178407,0.9463924232887079,-0.18883238546071665,0.43610451748840595
0.952871253752985,0.8393838684465494,0.38348196809090457,0.7360346448570767
0.29330340621907125,1.1805528799871396,0.43728447812740817,0.16565859704255423
1.4989001226609084,1.4285329751600044,0.8209666849284518,0.9998145462220586
1.3538977047565273,1.1416727607143453,0.6896919840988422,1.588459272249307
1.6566217906227236,0.9599610051094472,-0.16094308096062546,-1.218626896859528
1.1227368337868886,2.1425435380517794,1.510789115396199,2.5440074573606437
0.8211401628620882,0.060705184317268374,0.23816640808610548,0.8347829000113178
2.493884359613064,1.3085715045751078,0.7756555356187602,0.009706970544046062
-1.6535680927086094,-1.151111004633521,-1.2871226809996783,-0.3339929152042662
0.7995101523856832,-0.03965414384354768,-0.0007115155278221364,0.719822383750584
1.6010940401261617,1.4102668643447296,1.3364379723091449,0.9003579645432349
0.09679103434844766,0.7654548437575208,0.8767647672297044,0.8922526985540876
0.6165463404935844,1.0602192848185557,0.6357398712080877,0.5273633369375386
1.9677916540386733,1.7424677632649648,0.866507875957245,0.004575681735479508
-0.5988365142442874,-0.43488215858569634,0.08739245695693565,0.0867443972258443
1.4887863514136952,1.2831688942381168,1.0241958717367927,0.5161274062415493
0.011061105057576423,-0.14447720577164577,0.11241972910445204,0.03727115690318682
1.429065486687858,0.6819270969462723,0.65491270353565,0.3772918584291103
1.7767730290264638,1.669875717525289,0.845896970160442,0.9569585049053103
0.2590951908684545,0.3683280567119625,0.7837890792866181,-0.0076584433380793675
0.28541171029750106,0.12110589806278022,-0.11532185893067448,-0.12434248955127097
0.026999353505678614,-0.004058084455265824,-0.12224534161335167,-0.8595719858273042
0.5546710725004983,0.64474740196055,0.3805024242687063,0.653007523120863
-0.0771708859228383,-0.004206002424677905,1.0228803501272918,0.6466443242324371
0.582058352042772,0.6199110708212282,-0.0020462234169252545,0.04205259101457267
0.06899208728832648,0.23352062717022354,0.4440258644419676,0.2361269472195687
0.10408867858763964,-0.039916533068263586,0.0026908067164992475,-0.10131716582583168
0.0430203663541957,0.042762706937966674,0.020396825664613233,0.11346977720264853
0.004739154520412911,-0.016041845926184357,-0.00581778139419917,-0.003051248190804345
-0.045639733520510276,-0.05049918519168453,-0.024593105276611193,0.01294565096944494
-0.08705205199144021,-0.14028527490738474,-0.16365396019872888,-0.1043171486598484
-0.14423260806699084,-0.11074169372423344,-0.2259516629183367,-0.0701663862917227
-0.004409849120425649,-0.14321666114050377,0.11989607067934632,-0.06613119383762715
-0.3103535031126076,-0.0062774226506406,-0.08511055998975951,-0.33830590222820306
-0.6778044260249968,-0.8013974339970796,0.017302320841537072,0.11768409690103128
-0.37392283296840284,-0.026406423100038788,-0.41288673808321646,-0.5535361095405503
-0.495022674200282,-0.7963056541168503,-0.3562869444201801,-1.003636332633641
-0.35364624151046303,-0.04680775552871264,-0.4109989219526206,-0.31017994988169245
-2.7284152263111126,-2.290559162307487,-1.1663424557950104,-0.23057854447473067
-0.7300047360796179,-1.4975448592902947,-2.026955550741564,-1.377846548751979
0.32801881430673546,0.08561381649157311,-0.5772797053292125,-0.06192695043661195
-0.8719572692708245,-0.00849514366585169,0.42405238188580063,-0.07621852560146773
-1.4850169511911269,-1.0826277165038856,-0.23410855003752987,-0.5973682174954481
-1.3807437357692247,-0.726238464079341,-0.6627107871747114,0.14913801890379275
0.6203294206181545,0.8930848232434299,-0.16845663324444482,0.21226669742842694
-0.6668759204144828,-0.8297657769767862,-0.35293758307841244,-0.07516775319400236
-1.2256961263197155,-0.29797122326823927,-0.25688970050058,0.4713224943240455
-0.6633531672163132,-0.2482930594400394,-0.1364597011992982,-0.8286641930805307
-0.45481591967943036,-1.0874135182980782,-0.6268439411980004,0.19011351596527296
-0.7379725328973199,-0.9113335129184454,-0.11331256986476616,0.17890835015089382
-0.4423435923138144,-0.1622163321880282,-1.0487089809025087,0.5744419663359455
1.3452577566425097,0.49623980873841983,0.007036360472291588,0.034780215450592546
-2.4389106415232966,-2.5810643941262987,-2.439977605880843,-1.4563798589669836
-0.25202794555976876,-1.2975573466958878,0.37942456768714583,-0.4064333813534222
-2.334998350369331,-0.6602985667512297,-0.8214875197288373,-0.6671295577892445
-1.034520508913609,-0.8646110309402848,-2.324311474284202,-1.6136705170413324
-1.047055629506087,-0.6140128885560447,-1.4625548440613667,-1.377496136437766
-0.18634274823725955,-0.31817471941554304,0.622651656921198,0.3062159624876405
-1.1614194406246312,-0.7527493221854887,-0.026793791930491386,-0.7980878613518265
-0.8291679395079816,-1.6468431635355247,0.5470744119560054,0.3819658197959036
0.457876688492655,-0.20440381062452007,-0.1643640072201957,-1.1199979490317915
-0.2727114409883332,0.5819706046456158,0.2869632010532195,0.49731679110178
0.8970388136438591,0.23861194989217555,-0.005121024231028208,0.15329931807425626
-0.9356259748457305,-0.978581847281317,-0.7667710873745481,0.6643595450344499
-1.109582278463836,-0.535740387036195,-0.4290117407113318,-0.6196721934953225
-0.6907044570285029,0.09865072391001888,-0.38554685429762015,-0.05113208736091312
-1.215868467158864,-0.890377700844265,0.06306638519404549,-0.11920470335589414
-1.1889521348259864,-1.1974263128991063,-1.9342001961876436,-1.4992380800014538
0.014137463922496115,0.5943292006118812,0.49450634920591996,0.8183982741424787
-0.495837805159145,-0.6031861810097018,-0.39190783812100277,-0.8149963926592154
-0.2604079500563765,-0.15328443255012494,0.30994686961491497,0.10473089586469275
-1.6440628094778642,-1.1563607938390958,-0.623459852744901,-0.5955863408602959
-0.5150539021567039,-0.16068786165587012,-0.19207585615735911,-0.07821514757451453
0.1804151076285388,0.2750261852563217,0.12715399135652442,-0.3623466852090924
-0.6375532633933992,-0.7732509882322268,-0.19118657331281652,-0.24940215652615635
-0.1094316949605986,-0.07697964858849009,-0.005786777437097953,0.3546355320885358
-0.2992705432161644,-0.20844827492496548,-0.19743852868125264,-0.19997549807486453
-0.07500543637307489,-0.040524954264002766,-0.025580693678641266,-0.060755211380993455
-0.029277362536970043,-0.012837817699850524,0.017115746802901798,0.0021351723595805887
0.020022616623508613,0.021933009361330243,0.04288894015612657,0.052191704992879534
0.01855684388740673,0.10727521693570928,-0.038348746216774615,0.028242809828600727
0.06853375919496384,0.058851821325457264,0.012394841795007992,-0.1406378234481328
-0.04198367109619342,-0.021074489431728686,-0.13039023237523722,-0.12550501651544957
0.07893379188572747,0.042581791412347685,-0.3057511576736045,-0.5337142610105658
0.29014919703113956,0.16402450971030488,0.06919630095333247,-0.3890562892624976
-0.14411694099008657,0.09104809030601427,-0.20433382131101932,-0.38435391578743733
0.23017691650815028,0.45137951528740494,-0.28238509508816184,-0.2644450290631414
-0.18263194887733333,0.5569111293548681,0.09298488784923446,-0.254882555183214
0.6112727707959587,0.9383681204390151,1.6346914218797481,0.5198398119338917
-0.05472313444751165,0.8901105747609931,0.4541148673102916,-0.008160636076219599
0.8896642141693534,1.0590079853475562,0.6748901522019368,0.704131202143681
0.02871724766663833,0.8189431454577044,-0.6318113464782353,-1.2140420687134803
0.6188069180946004,0.775673476101074,1.4548024462151663,0.6649000680444511
1.668061273487078,1.329586251872223,1.6200890164013535,1.1925311271372425
1.3951405358021034,1.5151535406609078,0.8979689791373854,1.326316274858433
2.2265631302861,2.158702522377438,2.1187313918736734,1.3636453139868936
-0.35305984672787843,-0.6802246151862691,-0.12076954310718797,0.613888377785803
0.4432278116301032,-0.013672006836675916,0.7431924793395922,-0.8474565479144021
2.8580812830301685,2.7410355404077666,0.5733776551043664,0.6925024906232172
0.5229668898508479,1.1425105263085864,1.8311853247010341,2.42532649256878
2.4739253791677824,1.621187123635222,1.815447478819801,0.6526090132535758
1.9485822553459788,1.4733581589573477,0.5453826039781441,-0.6186548018634815
-0.13202461150280884,0.5405737452849934,0.8052800150610595,0.19537090333468488
1.520395296169957,0.3447999841528542,0.14309819568421797,0.46512631525932907
0.8675847399529241,1.3891318774541024,1.28734309564872,0.4042317503020392
1.2710929751303572,1.4251431977776525,-0.39544085919610555,-0.17173888077600918
2.778765415403231,1.2758598582197045,1.0130346055186776,0.17453791805330987
0.9558869688063947,0.3343544947628739,-0.4270892667324296,-0.4783075999636357
0.09658843989872229,0.6397533419714547,0.33684393508350136,2.3575236848562384
1.8704518154623788,2.5339456674644842,1.0357964067108048,-0.540321117342719
0.8903637010963797,0.5809699021599831,1.189275785528594,2.0130406214240257
2.710835137197547,2.0143702769720986,2.4998058365490636,2.1704315138972388
1.6497229045265065,1.1408998026885926,1.5183737967613289,0.9965641728864878
0.827444764368459,0.31483985238127776,0.307341942337501,0.06898671987491684
2.0200505665209523,2.2814162021169744,1.0615049070847975,0.08763916982249584
1.0612349711572344,0.15795787262551386,0.7886880384367764,0.29152049996156965
1.2583647448666482,0.8358508593190587,1.1997121469624068,1.2809845055667193
-0.05824133403093976,0.8749151012002963,0.4105293275128984,-0.19380926359054496
1.2581883623084098,1.1794422451847928,1.025252230686379,0.7071077917611053
0.9091893701553191,0.6086264030129772,1.1080170830477105,0.9233390517918371
0.4964450817100407,0.12999209184251903,0.3374667227286021,0.19322078702079484
0.01655135049549842,0.34473401289698313,0.31545079023616907,0.35656132476736524
0.47897612576215576,0.08907799694932765,0.27063397822237734,-0.09912374626818994
-0.40894672535743737,-0.27921582715533716,-0.08297154045497997,-0.14456953317200139
0.4458227697228292,0.6928508759140644,0.2930267409749125,0.07595989344196867
0.2787633297382893,0.005608215775064559,0.08545025660277507,0.09830967301805793
0.216670763413209,0.07501167602307805,0.17292826144991827,0.10350957478640974
0.16123992024783582,0.051557065609480576,0.08653516481674221,-0.001373585529332898
0.021262572716761224,-0.014629054882051124,0.004128227942123087,0.0017579876076835395
0.0008953621669768159,0.012558990439320426,0.05600827040083267,0.012469728048591379
-0.14297281801706146,-0.09915301349153302,0.022442777780896057,0.05337443820042138
-0.36012320931018926,-0.21478869277593834,-0.12049851898180867,-0.11980740324695466
0.06911678407052284,-0.23376856525101597,-0.3468652102582508,-0.16773073969661276
-0.2173981216455227,-0.15177853014520212,-0.46464259298776195,-0.42728128803174426
0.15586435018038775,0.1665104371230656,-0.017095764025122206,0.04121474698643603
-0.6213196930473492,-0.6094376765252366,-0.5824427348642331,-0.18831066165999705
-0.020482124476228117,-0.3368470980184688,-0.5366949115765326,-0.24570068965779104
-0.7236459988485504,-0.3802706315826459,-0.8427401610096111,-0.16685010931796362
0.009828635094953048,-0.04499845513136162,-0.538203589377839,0.1339107680813343
0.10969492066032321,0.4016054160459289,0.4322228220934631,-0.22098351369618302
-0.327377556473596,-0.20779551445175312,-0.5686100329631457,-0.19619973868036292
-2.265622555094245,-1.9303554412874455,-1.3537072791230587,-1.297506978046377
-0.42260904592640725,-0.2197118841456597,1.1969033153964106,1.237995831207812
-1.4761058934362181,-0.4916206417905776,-0.8533700562717712,-0.9120262076260056
-0.7125010378831025,-0.983361356165095,-0.0657170377251084,-0.30865673750681444
-1.2006221469105265,-0.38115104966567537,-1.3060881116442389,-0.8067857283800779
0.3742687974351821,-0.24734949726026825,-0.20734328227692247,0.26209944000832164
-0.5799172470331043,0.47567588254712884,0.04840265823755124,-0.7567718098273246
-0.14674550033993017,0.23596041155035227,0.49467347977138615,0.11549932773748217
-0.2788060629891438,-0.3373689782903976,0.44759513812034823,0.9538586031712613
-0.9574524458911429,-0.7363517176709681,-0.4221068150037475,-0.01341434764474643
-0.536767346490839,-0.4488544407042695,0.5410471262092502,0.08662142907443422
-0.8963051209752827,-1.0705374525237539,-0.08258446745608537,0.11816256887426894
-1.5811332722953515,-0.9959110939136467,-0.2707290507674829,-0.12965418747939247
0.09441903269690903,-0.3253913646707039,-0.9957003962769486,0.5019438986340442
-1.1958028005375225,-1.3755235689353587,-0.05143116332825365,-0.02828238301254354
-1.2876039515489723,-0.084310288057764,0.6428052249872871,0.8876137526154061
-0.5157577452380816,-1.8824515600415974,-1.6401966767317293,-0.5050463424656367
-0.5212382223902267,-0.7408175586675152,-0.09610742122038439,-0.2524534167967287
0.2991512301785495,0.0846343719389294,1.420320738756973,2.461396674916422
-0.3701925631652863,-0.05023232410786836,0.3489221781907065,-0.05549751078975447
-0.1516128214561135,0.3284184013875915,-0.6376835995781903,-0.9252708959601714
-0.046438012540453544,0.4406653278114119,-0.07785151563984903,0.07913223878078934
0.7058439594170608,1.3435794754950405,-0.05643814087522809,-0.1281028960621133
-1.1126918379086368,-1.0918862044473188,-0.8234744181976178,-0.43877925200917917
-0.4202146934513139,-0.3293737529131116,-0.45637231301038533,-0.5524349480270428
-0.48247187922944473,-0.44241246817752655,-0.5092401631438433,-0.053055681195708984
-0.4819855827357374,-0.35302736262024514,-0.08778184173794493,-0.5375273643095736
-0.0792548426476453,-0.10970418531459211,0.5822561657775207,0.2912646382280059
-0.8762346208038012,-0.8150687167147136,-0.267966471679043,-0.1727500427032777
-0.6154325643901765,-0.6234249363649953,-0.2813572149303465,-0.7856522085407724
-0.4858450650290885,-0.1711858714968764,-0.13761956424180596,0.09995214612145033
-0.2629583550489899,-0.194511820836263,0.3494268017295014,0.25713345113716063
0.017477879689826656,-0.01334959814146569,0.05088323260309247,-0.05372186905185226
-0.6170810357901172,-0.305967121926223,-0.5427090437877373,-0.6602423302365954
0.2395165532956994,0.1278706903368295,-0.08041787528277948,-0.15938926315463497
-0.12720133934601102,-0.11856548096407234,-0.1700236238127113,-0.14001427142117603
0.09892339456391816,0.07171338344291042,-0.01672890711088256,-0.13554951130933487
-0.028694435656766378,-0.02109119679101508,-0.009023333543000835,0.004020548688696757
0.08648076425217716,0.08586773335817563,0.02700964222240848,-0.05412430950329103
0.1027517657750005,0.11050305425265873,0.06684563333050518,-0.025429105060246166
0.3198335735081616,0.46003032750752315,0.09925441676828707,-0.03850576393497945
0.10556028464984726,0.14520743649357015,0.23462004873886283,-0.0015269681943695453
0.09691644585832286,0.022532008317292986,0.3382365221281876,0.2436888596873031
0.5152842579629037,0.17664000277167735,0.5001989788859033,0.305015553123514
0.7230695476706765,0.5719539545080972,-0.013593702601574519,0.13285026193850977
0.716100204614141,0.3031774484956429,0.9461885614416958,0.266396301328381
0.2665135581723012,-0.20792753188430313,-0.008522143955095311,0.1562276535884563
0.1742213353955359,0.0630162951625758,-0.06631911669397349,0.0447462019437394
-0.03630228955193748,0.3147417372795072,0.7080152707892994,1.199622631944857
1.2838920682034203,0.9883702016815723,1.4341053744803347,1.5288685800725905
0.38045141510601654,0.2920382849090056,0.5969738807793701,0.8728632235532768
0.4687419386440497,0.9904006687841888,-0.46589457143019825,-0.5619187308316345
1.01949246236737,1.034860699400925,0.9717997075455723,-0.46400899094125314
1.9228501641453044,1.6187754399882741,1.2793633061776541,1.261522422423785
-0.8809960925546101,-1.4426471329165051,-0.4500227907283194,-0.3132885194910539
1.4742747258631155,1.134540358789157,0.681713533123698,0.049049312814052844
1.5785085439773565,1.0869158530983152,1.645134177566839,0.12025744011950032
-0.1865207369078119,-0.3128482685619614,-0.8794759318276618,-2.0215070965839033
-0.5591245474029655,-0.32551409750865196,-0.37997106871148933,0.3897712619858276
1.1043506533680156,0.35207264652519077,-0.5239791952812861,1.0285401466596862
2.3693225569257397,1.7812467828596086,1.4081369659744734,0.9760608587530665
-1.3461722320117309,-0.4077576139035088,-1.7719514391567996,-2.439705573086804
-0.18891968939697978,0.13687028012222127,-0.2559076911944425,0.5907284645745897
2.872988129899781,2.60727743842766,1.5485357012864955,2.5966607429714874
-0.20943260897456067,0.7889920761064564,-0.019622034218214263,-0.6542841976002907
2.21604748197287,2.2337035551194844,-0.18595327650044174,-1.2880462749444608
1.7257507721260539,2.3377024297033064,0.8566510985370996,-0.46815818373942875
0.6981283967575675,-0.25300024818035716,1.221846488703691,0.9430714336531049
0.9125059532485592,1.1749927111908214,1.6097943712349434,-0.1983757711725224
0.9181881792468802,0.6310810730501272,-0.021411128595399093,0.6907108829232831
0.6316821219305199,0.1808453695112698,0.36274095906949566,1.146721412252346
0.6603410727295942,0.5776644183918153,0.2273811884075505,0.8277512635561577
0.4394897113306877,0.4698121758603508,-0.13710003105172383,0.09713327116225325
0.25155455701677887,0.500085184843888,1.1945398396093025,0.7535711775150518
-0.11823855068628855,0.7340693748641813,0.5714170900651395,1.2764296396538908
1.4022892372721725,1.4876592443305243,1.3619970826903585,1.1523675784957252
1.6254424765709345,1.4439113481393733,0.7656763399671689,1.2340476523771837
0.6323225002122068,0.5856736571758865,1.079003965853736,0.6938294267930958
0.5775550394244149,0.09588269992643494,0.3392242338725979,-0.3662451385276835
0.3162172895022717,-0.18332032402694456,-0.12469276039066057,-0.08181069540073264
-0.2466118308864065,0.24787859846180246,0.1898632750216451,0.17773978339864038
0.3084481245060949,0.27539796932076405,-0.40116753089856966,-0.36475396913336644
0.5751528164655889,0.49453055857204287,0.7826652543575756,0.26997477006863696
0.2226770444421466,-0.057341632137279386,-0.04627419395362018,-0.37037772363387583
0.1690748879625776,-0.05409594462247179,0.1562733810077211,-0.04839836965497269
0.1927781107037586,0.041773474820253606,-0.07116836905633392,0.08812176364460401
0.16630271293730284,0.18329959183341046,0.21836610266788306,0.16737432564631807
0.004163512672030548,0.005424430575392713,0.02584826899612956,0.012214483618643489
-0.06322853878561348,-0.04998056584309954,0.005718581620641168,-0.004102352229876122
-0.017386979492551767,-0.0399176467740831,-0.06560648675047265,-0.02502123588921533
-0.12165617448585354,-0.18223917751201868,-0.1448939821307752,-0.06679121893804318
-0.43922851936977725,-0.13036830926582407,-0.13138578748693808,0.12928306967486577
-0.785566224898002,-0.7262452192003219,-0.37913341506883586,-0.21597106378522413
-0.10873127789765832,0.166519729432937,0.10220082543482142,0.1509554410305014
-0.5396316881256397,-0.1612121751498345,0.024069211141994663,0.025059237320655178
0.5897643334360164,0.5966132342778903,0.9013006513368823,0.5587892216636452
-0.34417722488123315,-0.0852059994166739,-0.6489515417426418,-0.4952216296165716
0.009393589794771286,0.202121358075945,0.5886792841249961,0.5434087506233537
0.137773364693697,-0.27300482365012124,-0.30488922748235464,0.6273112504035927
-0.012909319829641953,-0.12543328821444377,-0.262889569258247,-0.458755046904547
-1.8718143171978727,-1.27912321754879,-0.39936291277515484,-0.34152229777804055
-1.839657568445108,-0.7431579313080094,-0.5091299871026271,-0.431661512610386
-0.19355898135421049,0.4388456850540191,0.4311283989279531,-0.17586482012341867
0.4821237223020638,0.9010719720483925,0.5597160332244728,0.3223747466517181
-1.319239867987955,-1.6620064166262112,-1.1469682515035566,-1.8708332282960398
-2.242041610038716,-1.2086684714889946,0.4512402510054544,0.9057362268676836
-0.5115706085689077,0.4717343880287488,0.7622882400708445,1.3741487862756356
0.6651217416092461,0.3512418117492024,1.0694685086273563,0.6245651979238506
-0.6148480939369242,-0.13112308721532948,-1.0384083976077882,-1.0820330219760765
-3.295574032752142,-2.664227439190838,-3.288784326823247,-3.1890110460857963
-0.41612995995013025,0.38701525995822766,-0.6356972990816676,-0.3089611373860139
0.4172145938762939,0.04524082796221822,0.7618726347914513,-1.2783562853098909
-2.2885556253121537,-2.445212044975371,-0.9152077370552725,0.25011506710178344
0.15583040218223512,-0.34698800602951857,0.38874661262216426,0.44522762610230177
-1.043037011202108,0.25485603601351553,-1.1301331410328332,-0.5689804193406326
-0.13707902714927178,-0.5072213308360446,0.5940190518748537,1.7182409198242197
-0.6724280206385599,-1.3728660209288606,-0.09174509730147833,-0.9009738184265027
-1.8190224056907611,-0.8707454590910065,-1.0625997965638183,-0.4245332294191203
-2.337545177128597,-2.151153654431798,-1.8081879156711662,-1.6750729054823097
-0.030476628097493415,-0.0871869676559923,0.12049645944129667,0.6713865018980487
-0.6124163279137314,-0.6495433200762581,-1.147436769075351,-1.0377440317255762
-0.24522456809558504,0.10751079406195856,0.19949012862739152,0.06172030177478349
-2.184886766753552,-1.421273974741715,-1.1919951193400304,0.17224506671100556
0.4055622442972098,0.6355034866550134,-0.7428832744162186,-0.5196248931054498
0.17934673971482182,0.047330114053184005,-0.314041330001852,-1.280015828114606
-0.24556185295439012,-1.2688344618864453,-1.286667123432768,-0.711154535108339
0.0690998904183337,0.611492112307866,-0.6246409190585794,0.09947481688452871
-0.46763946166899595,-0.8292103016260534,-0.914462245560871,0.0017560147430930434
-0.5056038784595314,-0.3746698270146016,-0.9606136893430389,-0.5569185252875326
0.038091524084592696,-0.13168557657002158,-0.5210855740312134,-0.463990817956878
-0.9994155548975614,-1.1106517107789153,-0.6597314023838823,-0.21413935362113884
-0.5534713648351998,-0.4443221869573144,-0.3497856559665791,-0.20866538820779457
-0.5539591717330445,-0.23754171325896486,-0.18106538675803793,0.2799016685154764
-0.18457524930845096,-0.14675544561683906,0.1975036114238619,0.2682800537861464
-0.002809516202709173,-0.06309774775760492,-0.05124701988600159,-0.14587999755553532
-0.2057206064012401,-0.2853149751856627,-0.1632494700713507,0.035945531592400826
0.06302139049405373,0.0713277828079141,0.08584710504782041,0.084701021054117
-0.030840853341934878,-0.023395019218980958,0.004175929712721808,-0.01321023140972108
0.06670645642180412,0.0663702910478225,0.10087122815332683,0.07405841541803761
0.026024487889925348,0.0028404781452603064,0.05430039921389178,-0.03222023476181714
0.5631048710934643,0.35483123396775,0.2480178609610338,0.3871778793885115
0.3566404452682669,0.1970973506602509,0.3567927065538378,0.4161666499054016
1.046345667558359,0.5406484176549353,0.3527408351463128,0.1832133120088929
0.22340657884970233,0.3268386852652183,0.30707571729599653,0.5728258452976893
0.16435892211560796,0.463314185620566,0.5871097365361541,0.5348077979628405
-0.2521684776237587,-0.25409638417813674,0.23536702849123814,0.877330457747158
0.801136787204825,0.22817919019387722,0.33678644667280755,0.5545014284614687
-0.394632929363517,-0.5369467375689164,-0.5062800699166509,-0.7168018604878601
0.9278490308716174,0.15530219635512313,0.16714058457857758,0.458297443378478
0.30761002452925473,0.5132754777514764,0.3413432912841152,-0.18579806517107125
1.3839293520426021,1.5304014085116302,0.8319526212833231,0.030393482828201184
-0.01957820956065126,-0.17225495688165118,-1.3478131943126186,-2.0421457908768716
-0.22352185085289922,-0.10711771713920365,-0.32780287299486827,0.13724448505025288
1.8385978651323789,1.2366002425069644,1.0583874822891342,0.48895015501498457
1.3902400384735665,1.1131301735393115,0.15222168265392,-0.3966775962335526
0.8178901872987846,0.7150633514153276,0.010550518619358577,-0.014828090458778403
1.2902196183032526,1.4536731296928251,1.3521874276780748,1.7183452122550964
0.5753173080352653,0.6899603163619016,0.7012348279819265,0.14992636130381645
1.1754748232225467,0.19158331534784306,0.9520741017213238,1.4386553490289171
0.5374191251032076,0.31474801179746587,0.5678153000855978,0.9680808087594432
0.2825635906985575,0.6376477035545779,-0.7147194927001067,-0.8892266399499487
3.444226702051801,3.2613725971139487,1.9666848690084628,0.45586204783833717
1.2445618528980813,1.6173852743117316,1.6933623628385104,1.1298970786191
0.15796561063139455,0.018658939044489467,-0.10978610223963627,0.6650033380508856
0.17904643363833267,0.1323510078209617,0.5032236192170851,-0.6093326645802661
1.532677787120453,0.5925917603884773,0.9450346132288134,-0.4036297996360086
1.3709586113561687,1.5145833377809372,2.824557139329238,0.4047888842954057
1.1853338586469715,1.1326375494343321,0.8284073850587039,-0.1911688961933063
-0.717355129533301,-0.2534555139837822,-0.3724927928354135,0.524332273300312
0.681882756198004,0.06356307106935107,0.5098676615006767,1.4449450845115144
1.037606839184399,0.9721456962451637,0.25502284969494177,0.18827913894751336
1.4974042817624178,1.2730119774598936,1.359708529734792,-0.7228624582269485
0.5059167436713998,0.6077866567360636,0.04833996484920029,-0.18823450475385525
0.11732940551185092,0.20995578129112782,0.6535302139670681,-0.043225280850836274
1.85084041620202,1.5728135309370834,0.0492621907071228,-0.6023061832377731
0.6767923526573358,0.225026965716235,0.5118490633441294,0.14534266694516176
-0.46174158989267927,0.15381604959617137,0.011201188533275801,0.9733788979881708
0.42368719695843093,1.0555583979668264,1.0316123945490459,1.7663432789802176
1.2310718427556409,1.0663195097390081,1.0572132532954477,1.510049997876524
0.5993662786879904,0.3008502598567179,0.9705518257605188,0.212658875205709
0.5535368172329885,0.5230306726934547,0.07129170146724048,0.25340679524947646
0.8094767452379983,0.23953303451136168,0.3647864950052427,0.1803602168262648
0.4150866720891014,0.043445368656450996,-0.3928077395101838,-0.5856469469580398
0.22098231394541337,0.03035255986455124,-0.36505162511887923,-0.48585653178903493
-0.04523091663816136,0.16881050894259153,0.20075267141277198,0.33395943623068025
0.10623328183798283,0.05014707516477421,0.19356832306860683,0.1469880989423286
0.02843910677791889,0.05299948384618099,0.05105486172880933,0.1304316195685986
0.01359542426016043,0.004397432829675809,0.017330557265917337,0.015485209923865593
-0.09016560177876567,-0.08054152846817449,-0.05071591456368548,0.00031806684558464716
-0.10893023725798051,-0.04287881221571591,-0.07669774948855093,-0.015008104731032014
-0.10895415981099615,-0.0035768328322304537,0.05341463993165917,0.06065506604526158
-0.10098694127517008,0.025019189890492625,0.0714662074037854,-0.023696334489638742
0.19835457213984425,0.03233762572874232,-0.07061868658126112,-0.28224594260131614
-0.30985566432365585,-0.4647552213288406,-0.35023529039304124,-0.00784950482499891
-0.3720009434146187,-0.5848952727803103,-0.5273094958254492,-0.21421320737680372
-0.2934008994001445,-0.6032116975409938,-0.318946184679119,-0.19817742824597845
-0.3651562708252566,-0.021582788773182978,0.48634034097356454,0.24209125528601716
-0.9038695993385822,-1.0993760652612545,-0.07724478013415756,0.13686949981343297
-0.44616553516805524,-1.009805864648894,-0.815423749236032,-0.6105274556487885
0.004156339481444185,-0.09899706335788415,-0.6652926614742094,-1.7672870202997475
-1.7342559393807773,-0.6925432880455212,-1.6797489979613394,-1.4080155059330741
-0.8570791675085129,-0.34054572568539265,-0.600705543221623,-1.4056956380475596
-1.6308980310364611,-1.4173823268201524,-1.4784226906034117,-0.39780053737701787
-1.4746820752730527,-0.6278857558651314,-0.7690246871839517,-1.180337710345092
-1.4165168630955458,-1.3086233471069224,-2.71391172365649,-1.6437634020314198
-2.926081762777903,-2.8445140019634936,-2.420462682759152,-3.0187388245837754
-1.0837629878177963,-0.6837827502081426,-0.5875624339924754,-0.3768438849444304
-1.4222967621949512,-2.480060121417565,-2.0061081095879425,-1.1268586852274625
-0.6264200792358355,-1.3901431548714394,-0.8872815526906971,-0.49268590076994234
-1.7199905652817224,-1.5557670050739234,-0.4380789954960099,-0.5620489905250579
0.6252470921638561,0.20410985810482601,0.08898725681901616,-0.6749258191969514
-1.0080152268100266,-0.5265966978666721,-0.08565366295389933,0.9515541499499556
0.23342969473329073,1.1398509766323732,2.4891056739302244,0.3183246212399411
-1.5348922182690157,-1.8597748094472706,-0.48120432997151363,-0.3903786667175857
-0.27392181220500844,0.30392633165591076,-0.4526904381794172,-0.6562495715245089
-0.513563162424336,-0.25890320531508965,-0.7366984941875657,-0.7193125351626302
-2.6675944992756024,-1.030782421404751,-0.07273067756582581,0.6608396972849964
-1.089928248405265,-0.06573204223002443,1.2533898360426379,0.3364083153548319
-0.8519785405353835,-0.5800042920543873,-0.0476724457426012,0.22311646426310972
-0.4984144174744861,-0.372784685430315,-2.7931234234855435,-1.7593723303278779
-0.5578710410580346,-0.5494408863393938,-0.741506304105543,-0.08482813115566322
0.4741630586427829,0.047225973018300664,-0.811774244657589,-1.8811551235356903
-0.13033899788126818,0.057569950552938516,0.2211866588358902,-0.8329609783524728
-1.6754575733845898,-2.6396511800360316,-3.1616019539702216,-2.0915718422720877
-0.9045941868945754,-0.19186058643447515,0.4545019710787968,-0.3383549009109294
-0.39234322232531654,-0.851217878743322,-0.594678868505507,-0.8265608058867895
-1.018866194579621,-0.44409656543664944,-1.02818523744915,-0.4948654394700989
-0.8411740706441695,-0.6933416778028065,-0.9736254603368298,-0.871151412070575
-0.4901057952638031,-0.5708657319119417,-0.34572118091291654,-0.7614753926215676
-0.9550301136970798,-0.5549885997814695,-0.15583707243941464,-0.29637444890781356
-0.5039266928023473,-0.35569194995991504,-0.513564856479628,-0.17773806630374364
-0.3338367036470925,0.008402348406232732,0.05018341782150582,0.13379616622409674
0.02032460173235343,0.07131651084458389,-0.08165270613612098,-0.14490904550948738
-0.40809613921898524,-0.08455663524997002,-0.19223551735305244,-0.2762102814831385
0.06797567473609864,0.13391710406236837,0.10022057481792565,0.054108439045527874
-0.1622183306646531,-0.07329401117321384,0.13067284298285783,0.23876000061173364
-0.13458993344233564,-0.08273064256667947,-0.11738645958513202,-0.2194316644528334
-0.06530868816388383,-0.058986396622213486,-0.04476763913494273,-0.021958841342060255
0.008610726030013996,-0.050631653624871736,-0.0070502463328594505,0.021699410242949618
-0.03302255673047931,0.016213984816124013,0.013293557138749636,0.03749237949854862
0.01316202179916716,-0.11753701243779695,-0.05836398507260507,-0.11613008867083487
-0.07811091522761082,-0.19717654212614236,-0.1669796706717208,-0.16782700512401724
-0.018144127741291816,-0.01745534958771883,-0.06678339208565023,-0.23674575051500404
0.6528612869932638,0.3560088833373347,0.242766307711001,-0.04850407005813064
0.5316774041136073,0.9149701227588612,0.66047368340876,0.3063103012992411
1.0685830916850996,1.1374662176910268,1.059813474670893,0.7005553623466957
0.4793863156383144,-0.08457467979396803,-0.4050595136886218,-0.22710727705848802
0.9517789100346257,0.21571272997294536,0.10759901650327108,-0.2872257726340107
1.3727369352400989,1.2479330074037314,0.7024880370611856,0.5151225906741762
-0.1812289897037797,-0.49434839805655956,-0.02690686473218128,0.3414080104488528
0.9273381243546728,0.5585911641507914,-0.3778168035674453,0.08671372380929109
-0.22473360934771205,-0.7839520318400154,0.4028212525097074,0.7139501535059388
0.13439889041858963,0.25029980927650614,2.0212458904023705,1.5852666818136334
1.8881840912982373,1.049598419624579,0.7290190282149639,0.9046520387901392
0.4145666718167146,0.43356840172325545,-1.3883639345422158,-1.4019776020941193
-0.27835329711644946,0.43033553130669827,0.24689414505025642,1.1922544368717503
2.7146777638106445,3.135140744315411,0.6766482413553825,0.17697281590925168
1.0280053471542527,1.705237679322019,0.9712478513522711,-0.28211322488138024
1.355301371627744,0.5498633844269545,1.4013811243381085,1.3164575014979032
0.40020208077821756,0.09594488405759946,1.1012585948560267,0.3910251390118304
3.050617133065651,2.8111314463950965,1.688843794144972,0.7105596202383626
0.7774237905479241,0.024955729474746155,-0.880213518503735,-0.6948945665234523
0.9742117432676749,1.3551128692689698,2.2266143386714847,1.9365430657165512
0.6958838740173343,0.8845550470730318,-0.24274893431369568,-1.175902529285453
2.70408139183263,2.0995569596676167,2.9338560882268174,1.7611887502808068
1.0154656150834995,1.0141914152663711,0.4857281241590213,-0.12181139138771083
0.6395808882112397,0.5042313676247295,-0.5624922461070333,0.30765126132980447
-0.27616205613556316,0.17701023134584545,1.2623369905703037,0.6495515207297347
1.8072646871906741,1.425158214842226,1.7620440655951128,1.9385687267185683
-0.15011965671063013,0.47474526222021873,0.9307896197728318,0.42031462234688544
0.42311073812708183,0.1609475457212113,0.3868561109037078,-0.3232203752629765
1.9955860356765105,1.4054848253319048,0.8632905274242927,0.06093007548930345
0.5764109645004343,0.7246118741962073,1.623837214795843,0.4371499255518782
0.8551641294050178,1.0113893669198897,-0.2561633502634522,0.17552652404494162
1.611692995712799,1.738783981387916,0.23799831264455418,-0.14801645688241852
2.109346178176712,1.3161031557145926,2.22088773178989,2.0929165780046
0.5257723084618602,0.2558416275780233,-0.26057065973653437,0.05260782639997893
-0.276714221354302,-0.4695846654308586,0.07897640461985711,0.9212288107629863
0.3894456972594302,0.5017553945925819,0.4992539952053313,0.08221035546593033
-0.09956470590204425,-0.2089579125859876,0.2676908698104442,0.35943002951833286
-0.10665322295165744,-0.05682323246034734,-0.4608664666080265,-0.24019318357635344
0.10280454189381881,-0.038167272054396115,0.10699355047654234,0.23718135732070764
0.050631880941665736,-0.11772450346428459,-0.06609847631609306,-0.2744259396823459
0.3760832127782431,0.2751125451936392,-0.07025976583361175,-0.14482340095804597
0.4236330778360483,0.2817617689250709,0.40887035491062335,0.40296029422155244
-0.09334380520918202,-0.08744302302685117,0.003890469879872679,-0.0386555974544863
0.1710897224430816,0.10469108208172871,-0.06342828463659163,0.012261937004964982
0.020362755796216967,0.020428147491956608,0.03380323543670469,0.0548168037047041
-0.09278267302114586,-0.07130127634645754,-0.0375764874245264,-0.018217778239001357
-0.15824211811287886,-0.0811584915847584,-0.0859995029538766,-0.08584746518923841
0.030730396747042907,0.0250472007357293,0.038228055797663245,-0.034165684755059
-0.01033771934024441,-0.08368822584556099,-0.19890461073238858,-0.11489935356152947
-0.21652642405100325,-0.12272134075596858,-0.1298317459965009,-0.193150210722434
-0.5656392966895287,-0.7479426207786359,-0.6802585594462608,-0.36371866048792056
-0.6880357069405809,-0.5747918966378062,-0.5460599759820658,0.2385477621623275
0.2627706921225808,0.2775575466189462,-0.11788648097100922,-0.7929242778462674
-1.2981265603725713,-1.4211372730346616,-0.4939020117211547,0.1696243644318205
-0.29305831471575045,-0.3099300356256965,-0.41899685846238544,-0.6920013611530855
-1.095705093828947,-0.9954320922956842,-0.7479715485780251,-0.13562251106627032
-1.7565706527678062,-2.6159294929726324,-0.8778377545347654,-0.49014004758361485
-0.619512469987678,0.3616693976502043,-0.31563433091778925,0.06850615440227675
-1.378850696255207,-0.5821606151765267,1.4426830971002838,0.9804744523247534
-0.9173727244594927,-1.0575748051095248,-0.9452358515133472,0.5737078814983361
0.6593841967562734,0.749073774194902,0.9568848360615095,1.1493393787498938
-0.03051651413154218,0.7137545599061454,-0.08931250988620723,0.41357094014732654
-0.8812128934409673,-0.6365875504957768,-0.9964278483627842,-0.8703720774624273
-0.22068255003871082,0.8683960835885594,0.5946351294979316,-0.6084234546623719
0.24847661939488308,0.49196628652724606,-0.22660802264260285,-0.15703521310526974
0.6377344649375589,-0.5778585655100463,-0.8498780613679991,0.8522308350880742
-0.8990681277564416,-0.5278407500352805,-2.2620237940032437,0.07148011508819994
-1.5192180173126146,-0.28700458303485676,-0.7690665387362611,-0.40447164101468625
-0.3232347590629043,0.4698948611311232,-1.1561333981744535,-0.18955436350118732
-0.33991329581585783,0.3278931004748832,-0.5099923943101734,-2.3995574561893562
-1.9522704490208307,-2.3659925711139125,-0.6014249637560418,-0.011088026089490314
-1.914715519368882,-1.0932126390782262,-0.5085739734040582,-0.5079334490404804
-2.3572654250356666,-2.7218668630221825,-2.0639358528479823,-1.4023419534340407
-1.5141069708742267,-1.6349411980825095,0.25152701329135635,1.0352476362989902
-0.702251374766969,-0.6844005844182307,-1.3965142061625793,-0.9342362792333385
-0.2934411899780113,-0.5239431850754763,0.5821128403571528,0.15034732164468612
-1.7896356123794135,-1.5122816857359531,-1.5233448773942275,-0.2130354749530713
-0.344515995230424,0.29926880613470774,0.11358905150227522,0.8408236064330833
-0.3837331428939356,0.4869862587990023,-1.449744001574478,-0.49143791619799143
-0.16194002247921988,-1.1395425367552623,-1.080156056612481,-0.8582774189229895
-1.9620919483020076,-0.706522814239312,1.0639155632626744,1.1776773536165932
-1.5748683487081019,-1.026886360706766,-0.7359296981984238,-0.9466149906673073
-0.08962986133566316,0.22327301741555444,-0.04691000407498396,-0.7516536448905383
-1.3513974307239696,-0.7874736433672458,-0.1573794139002961,-0.169362144859998
-0.3756228298972263,-0.4422186773440812,-0.21217359020516152,0.5765606931833597
-0.7156834442320483,-0.44726030546259454,-0.12074857742699611,-0.01526381511165769
-1.3179388907534455,-1.4592634468016845,-0.9235587972235331,-0.5270071005212874
-1.305771066544313,-1.6533151641595007,-1.146192594474833,-1.2097876691920604
-0.21976788980628845,-0.18648532012071534,0.07816161794566577,0.018863769488722072
-0.37611770157468505,-0.7575529640352494,-0.33632364285940136,-0.43548538830800526
-0.08177121812446951,-0.05356803711897271,0.4424424738531536,0.2266688366796681
-0.2948549893397356,-0.22352087055245243,-0.0337361717433877,0.1235531218924613
0.015369126130192033,-0.008424656563471964,-0.0960888487301764,-0.2315982751593211
-0.020436860275531293,0.07531467941982278,0.007173312234610311,0.006305085201390105
-0.003692412159530058,-0.001309453780774396,0.015563499807389605,0.029990733058881256
-0.03619882297003885,-0.021569234623029905,-0.039308852277900756,0.0035924297956998834
-0.08516504282601414,0.005085636664948885,-0.021510694525990904,0.06504612084084398
0.17404973028908377,0.16001645681462603,-0.08582420955220788,-0.0035171119942332377
0.1504259212162025,0.4070817413080469,0.6051368954981404,0.5614020270675331
0.2211084907652748,0.21699898187532315,0.485597211082899,0.11360834540999672
0.7476104992034389,0.4442014622918117,0.00632818068435037,-0.17756230958908528
0.14854315334729917,-0.2452077668356501,0.0740225562920875,0.11887189285838869
0.24329086690477522,0.43548580540720544,0.33614083062365596,-0.0310477503605339
0.3094190891993161,0.3445543104450786,-0.041277913185816875,-0.11051317812379331
0.21353645810550012,0.6395329103631066,1.55477892965722,1.3216750333041396
1.2042977976539664,0.6722212831495166,0.08196446038448725,0.02477842249244939
1.5980251190504686,1.0075222264386317,0.3956680650412106,0.759910191657584
0.6094804614592746,-0.4376001302273964,0.47676100922408615,0.8060669831995106
0.5017118819978645,-0.3002731124537877,-0.012320016897207053,0.5478047934754267
0.7534328709399701,-0.16279487042019486,1.9255176964384104,0.8458524157186873
1.2167587134972098,1.0882880676187998,0.5306244790970773,0.7493601576871973
2.7842747750220815,1.1267126500365747,0.46985867331468373,0.29583694215104794
1.8388738981089787,2.07854713058099,1.3301672997720428,1.0163964591247718
0.4081386940623397,0.005767577671353587,0.2021894888699049,0.5397827262308312
-0.6113705535780851,-0.30629377528079876,-0.5503855090052499,-1.8521565301114578
0.5071283437119534,0.4428588278530823,1.0316147401082039,0.9818262401385118
0.8678914489423881,1.2003090462177128,-0.13950538777487134,1.2194323641543885
0.49364335151923516,0.04208292996764614,1.3454504310205968,1.1490710220762417
0.9022155331912199,0.5745057162998449,0.23370757510004825,-0.8680978641079025
1.1151698096314002,0.9286569150586788,0.8827780199904695,1.3106840086281142
0.9280067517148363,0.6492405302378368,0.6169718519461125,1.4173134103796983
0.1761788797534839,1.3233330929977167,1.517047731324726,1.1775604259476946
-0.5514669914077582,0.19572535352342638,-0.13131859555342568,0.18764168476436505
2.0104250415025438,2.59511068431354,0.6425574031004041,1.1858927141381912
2.1831151786156897,1.8660022901959339,0.8756400402362129,-1.1669002121825154
1.6983292583456124,1.2818940316205794,1.046124190545031,0.7925002084737309
1.8887043022869103,2.045663807092587,1.5709542220199557,2.0628666377907274
0.6781673932159181,-0.06245207410653592,-0.2602676315752513,-0.7859563426971349
1.0922233518701452,0.8157253533347736,-0.06086610161883239,-0.050726930417764354
1.3785420633656649,1.4202159931047527,0.37811559965244607,-0.6489878939102407
1.986354197428615,1.8051354785915579,1.5430239613068129,1.2283049000535122
1.0483689248321524,1.5767928486765734,1.6206682593880692,1.6564130783797002
0.7866192105824096,0.7408344671181268,1.3608034306376828,0.3619828678190989
0.6922836963280348,0.693547258513875,0.12013213011412485,0.6435942208844592
0.5542603846001696,1.1990138187099701,0.7163936687195808,0.463670733400273
1.4157927915088433,1.1333042459557847,1.0127219126518632,0.29217005631071785
0.6878811560176613,0.4810755826418686,-0.38220912955425174,-0.4069859698520492
0.3538048955081385,0.3073526370934094,0.15987155770171116,-0.20401562321216
0.09052868510664341,-0.05341680554411199,0.21539415340618587,0.21043486415568205
0.5169956047422307,0.5969759000753797,0.6192037900994664,0.4975522181011547
0.3515800528334864,0.46003336560301067,0.5973739520337019,0.4477370122187709
0.2105548923743363,0.08086765876291978,-0.07613300239202715,-0.25997122410485796
0.1822830037272393,0.2086600808210553,0.14248605085806038,-0.22668761703796353
0.050054533889011814,0.08020738008536435,-0.01481372920355291,-0.03545199337612361
0.015830739172370732,-0.008453672657912803,-0.00735227444656702,-0.008829270025465718
-0.040310291566734005,0.005390690819054279,0.012810391286004766,0.0017793480010856824
0.06540691859829527,0.009777041919143347,-0.0642089516595792,-0.08940186789530656
-0.0603133103741161,-0.06328069369339524,0.04599226055773036,-0.10830922638801566
0.1748971183323515,-0.012837351093913783,0.04012334654132934,0.05626640052160372
-0.1729344681777308,-0.03283394302003972,-0.26127578712616634,-0.021783811823900934
-0.9101479997795335,-0.745632144741442,-0.461720496865629,-0.3315038094907163
-0.25622191337303113,-0.6966067544555951,-0.6950781916270454,-0.2967481401875693
-0.203491345842083,0.38663457925067707,0.4672770201299512,0.8026423027356615
-0.9775948373436698,-1.1700713858631908,0.12091073244876675,0.34390586802234796
0.47568768769924463,-0.10068635708249159,-0.9012545576335625,-1.0567232078206104
-1.4074549561512548,-0.531876916185036,0.18305351560741512,-0.10476363096315065
-0.4860704568280672,-0.6687921162198749,-0.496220560038292,0.3075655691204127
-1.796802444681387,-0.9336740269718365,-1.385986878214972,-0.6570814525781667
-0.6159481137399476,-0.6677394753549079,-0.3451642806047933,-0.6434453268520054
-1.410122176555871,-1.8381884685655032,-1.2609852140071156,-0.6393965126047789
-0.9906752944409166,-0.9425989561572041,-1.8245381398175204,-1.7145936114020204
0.9280023443811793,1.4013225948308,1.7404634367723502,1.7229286072894128
-2.0622030003773397,-1.8319136515418057,-1.2889888808151604,-0.8473412153629922
-0.9496797368149258,-0.9976570966099261,0.2680108994485583,-0.6840661597322212
-0.904177601358326,-1.9455081776943295,-1.6316089327000838,-0.6732755543037315
-2.6675060345792456,-1.7345648341516504,-2.1934028220489523,-1.4462901081611208
-0.6253020528431551,0.1528409380329063,-0.01980830462908574,0.3105973338716828
-1.2034855275141283,-0.5744717117218001,-0.06038025835629418,0.4590901410602842
-1.2036637504839753,-1.5500190590833287,-0.8465710496288611,-0.5671093987344359
-0.8562014778417393,-0.6126910304719778,-1.5873615683014557,-1.3886125813248384
-0.56595832656752,0.2135823184790439,-0.25707264275892305,0.37930967252669506
-0.9200306380753384,-0.14359692784991893,-0.3018560942125728,-1.0969869914712589
-2.4577060711817196,-1.3022128526989694,-0.5338522217235695,-0.17500449683576802
-0.9892713729659877,-0.6290955931484131,-0.29256197967933084,-0.4265801775858701
-0.7677679499046604,0.18407006270102305,0.1327718665083399,0.8721459458208353
0.5088828809302343,1.6013459380108255,1.8093908211249867,2.3395215404147165
-0.42898476490842063,0.6900134930424775,-0.00771661201254203,-0.06998982444751586
-1.6866342116511295,-2.0007666846599634,-1.6435757634354675,-0.6298574099111214
-0.3543939579866287,-0.2611098305189989,0.10054501729651703,-0.08771967126811508
-0.19901735457787045,-0.007787350642390981,-0.3086126442075725,0.46672113028886597
-1.404351609995672,-1.2697223067189896,-1.1681417129567775,-0.8416885879010738
-0.1005639675005018,-0.36216399962455786,1.0661445415413915,0.41711983309009
-3.065321649263234,-2.7361736304408932,-1.5052824405041172,-0.7749977558637631
-0.8345211640573267,-0.6196151684663428,-0.34944985693226865,-0.13122500404061196
-0.09006128470593562,-0.06897271127117614,0.6862005454442454,0.3540435818639216
-0.13370568860561427,-0.0481213034765325,-0.35638408028421215,-0.06487109715231833
-0.7530328176147996,-0.3705114662206557,0.011088471277146529,-0.7281303759152036
-0.1385871300063264,-0.21778387309537703,0.2557049162590664,-0.13747931692778392
-0.2423952756530778,-0.09857321147519732,-0.8445992023862492,-0.26325046431091625
-0.04319595176071334,0.17767835967696033,-0.07197227802212253,-0.06490705302847273
-0.5062435132437814,-0.6518270647498707,-0.41617165827948555,-0.22648523882246444
-0.40361128569408516,-0.3766564531934929,0.007903334878390154,0.2139087392634713
-0.25085493929100805,-0.24874733899742107,-0.31324688236772086,-0.2297997933598991
-0.03157594128688315,-0.030533453408300996,-0.0606628702012091,-0.06026528616357329
-0.04611421249398102,-0.04022671316334878,-0.013835219111503592,-0.0258982455412735
0.0035122782499264,-0.034458917088301864,-0.03553806682657681,-0.06634448636267802
0.05423337836651833,-0.0410015015346251,-0.17673802425038812,-0.15687560725522243
0.22561447584499314,0.008085573127218667,-0.2487426531749221,-0.2092284772802811
-0.07186468283610038,0.11816888671107614,0.31031835777943056,0.42959373794297434
0.5379754799080363,0.7675654697342482,0.41905578103218927,0.45082041953823965
0.7337201606978601,0.7394642773073931,0.10552603632372481,0.018613915418827322
0.3022744081974937,0.2612837941993126,0.04019822300692427,0.226349162789766
0.30961048928757623,0.5117681604239757,0.8039858417663048,0.323611736651048
0.1949124918504427,0.00803766096332761,0.06405158118145596,0.1237785018189608
0.7299232434640496,0.2772728630886088,0.08683721676845292,-0.13799136911002935
0.7334874732175946,-0.33472012768577347,-0.28027849118553466,0.16124196977832164
0.3340796206338976,-0.013052971210282342,0.5655912350903421,0.37756779928287343
0.15252641269709866,0.6046274081027361,0.8657349148674953,0.005299336742227952
-0.15662462161173843,-0.25746947307648055,-0.19387524857871608,-0.6332587068213689
0.40574840862139755,-0.9172956104720852,-0.8127098636146168,-0.15592067953905478
-0.48809355751288896,0.003975913260559406,-0.7494071389816489,-1.0415987672532478
1.7146325546385557,2.037641850896212,1.722384981146329,1.6378241302241638
0.7087092068009542,1.2038811499232371,0.9236766867279547,1.8231356049128935
1.3201813837916112,0.9343987664402501,1.5858282592427306,0.9905006849416591
1.3664568811812843,1.763294571461323,2.3823296118743875,2.488023434511114
1.9420915377538444,0.6171137404788574,0.12922402509934278,0.7330193629815658
-0.11013930774693452,-0.9092069974440464,-1.3610279795744011,-2.1829327479960243
0.9011455598487894,1.1187274803619627,1.2663452885952338,0.16673005129096616
0.30410771659735625,0.37300890063544073,0.48293471423876994,-0.11463898826731302
0.900569314596071,0.13751325253552504,0.8471500484984027,0.8565851029825322
1.4496921554571138,0.8053348472220314,-0.30289060286880365,1.1149268696775447
2.223838698335392,1.8545627143495305,1.716742163450763,0.7259945190268297
0.4560082283094685,1.0250232010368416,-0.2715864680726895,-0.2721814997780754
2.5214150706047187,1.6535184044292908,0.7024055465670986,0.06099952175895987
1.0217567359477668,0.16806590694163784,1.6181894236217371,1.0325180980730355
-0.6645681016930486,-0.7036315622411847,0.030800827225150977,-0.2539221949477721
0.3651783496810212,0.35510210012019694,0.6257040524403652,0.42546535780200606
1.7414886534194502,1.303960210410171,1.7869769511858098,1.9528924924048487
0.19495672053367002,-0.37935249750299677,-0.6318704322565547,-0.2274907126527159
1.3317987169027323,0.716930187912539,0.6376668817649676,1.0383955513441385
0.3864598269433053,0.15810014421909557,-0.13936907060478582,-0.17066312461380168
0.5503026288853053,0.6705307419269821,0.6464074021971985,0.30214760245964534
1.5502188098974359,1.630576552967878,0.9509256438497544,1.4532876554821144
0.43566474722137083,-0.5083633573679214,0.17147228222921532,0.16025708776407593
0.009540299675059165,0.416610073801401,-0.08602746496264423,-0.652195774782008
1.4659476994174432,0.9362721811545908,1.1305617102501457,0.13787345503008494
0.7488738344048943,0.01555171144594552,0.6901958915921552,0.22937676388236677
-0.2761642563700931,-0.3752173505598002,-0.25018977925703495,-0.4939890415339789
-0.2912626289416485,-0.07865271400295963,0.27775112101475097,0.6258187826095114
0.051121572550989494,-0.10462974060983546,0.31883243989619925,0.38790369566056454
0.15319269293879692,0.37018477871732197,0.5399992537062345,0.48472659606060015
-0.3670775440955243,-0.27173070775042396,-0.10478108612962139,-0.08828010046389298
0.18534059949343484,0.11534523756006954,0.14691398191132202,0.24722160890559358
0.1485446513994074,0.04807845392751256,0.04353086696275494,-0.07746850156806019
0.04456595982688877,0.03615656537782994,0.010663469179985511,0.007048100444806163
-0.1620592761117806,-0.09677422793597833,-0.04787996207015346,-0.06550715503309036
-0.1255333240639547,-0.06171258165049868,0.11112088011651709,0.15640048644117646
-0.10072279734793722,0.006884261904214999,0.06432704700664213,0.05433179861634265
-0.5802322759444812,-0.4864377636654848,-0.43126673319655945,-0.3234979037068263
-0.30010184876120033,-0.47349610927835795,-0.5604492932005186,-0.4363918108728793
-0.31473236546660127,-0.4335653725659355,-0.21716807630484022,-0.4134632131939468
-0.4906569490693498,-0.32967045324654254,-0.25179403692104246,-0.013883507767307882
-0.694010024049009,-0.561444151428056,-1.126210057848469,-0.6985618263343104
-0.5857235807829864,-0.2583322880321039,-0.47644259130784133,-0.9214408525098421
0.14902803951607088,0.041907410591540496,0.7760329263001402,0.5998955474876206
-0.7722670325074963,-1.0923179947542914,-0.6596360423995016,0.6301462431458951
-1.1955126071738882,-0.2528888986651927,-0.29643000793824414,0.0854813591368779
-0.4581078176519889,-1.1517445518062164,-0.7664798387732679,-1.211188951115176
-0.5570510188470245,0.48245033590457564,0.0339144123990472,0.7210653359808029
-0.7707359333028267,-0.6168396921063842,1.0032779771047518,0.0056672818325049605
-1.0503512796309262,-0.818198172139351,-2.5523047890026493,-1.86046455232682
-1.8799088142724405,-1.500890736086665,-0.6834395819549912,-0.336794886812291
-1.1988076038096631,-1.024426355595866,-0.505444402495775,-0.35798858692743674
-0.9419495343775264,-1.8310998283245747,-0.8191342942138099,-0.4274251577984733
-0.8675139068641635,-1.301601062686608,-0.9482019574932777,-0.6843186617287599
-2.247455657328554,-1.652546827000965,-0.5385778228560413,-1.8239622240449394
0.10782004323209725,0.5623694555511867,-0.02559419338147954,-0.02354350966792984
-2.2160447957972687,-1.98627532789043,-0.5881631353427884,-0.7289070564228021
-0.5559557523341364,0.08682633782350667,-0.7456043448516854,-0.6509337851622475
-0.027015993973520787,0.21841049863851572,-0.47096245277513477,-0.9493076335278684
0.10336248544715296,-0.05726481125686675,0.07784896914134344,0.7750623739286517
-0.3539675123468548,-0.0782014757964012,-0.6555896089229983,0.10521274398892663
-2.6331887247736616,-1.6775411966252853,-2.423415246338166,-1.594514263433597
-0.5146544222643503,-1.6139281660658922,-1.8809901401806872,-1.533292633245136
-0.9035899278684082,-1.608189029486445,-0.6481912464907217,-0.07406727147168103
-1.3470285208484478,-1.230391994446442,-1.0255069682254245,-1.0407940234881587
0.5264474005517196,1.588795629425118,1.6417977527844918,1.0599778637890225
0.3043968580297182,0.7364104899854843,-0.10154838595428387,0.15414586118130624
-1.9578877451502303,-1.9368397947691967,-1.0361654965341967,-0.965142192862017
-0.5892452787393286,-0.6482602861143549,0.13569455129482758,0.1713803985816807
-0.28614533291149113,-0.5874126576777787,-1.9196883963716138,-1.858323442646003
-0.7387275792551649,-0.6069495348110103,-0.6051000343973417,-1.7699899429580228
0.24241072446937065,0.4835811364864653,0.6339417836933479,0.40751901041094907
0.17297051423838442,0.5259004716064818,1.2248206705344238,0.8744796898099237
-0.1956311926509442,0.08949506628745066,-0.6130790242385832,-0.3480528681216848
-1.2504927847374472,-1.181837585868647,-1.0150267048786623,-0.805439733738768
-0.5144062489808129,-0.6835592393191465,-0.9263566222048698,-0.4943488960330885
-0.3801774197354966,-0.43002626233140906,-0.7496160297251158,-1.1448347587415246
-0.48013000045038673,-0.4116518598315255,-0.4442247559940196,-0.5690813404923711
-0.13724047854206584,-0.01397754316263116,0.010506501072180088,0.05997477134026416
-0.3184848954938071,-0.592726551741147,-0.22905448701461656,0.0026089148427566925
-0.022385253423988286,-0.08215605600561622,0.038178768107510704,-0.11560544215468017
-0.2967360432606198,-0.27613681935925405,-0.10247588288424599,-0.10293704706952254
-0.18897359712301082,-0.17050067570489746,-0.06138346044832204,-0.08566804318437599
-0.025106834277707556,-0.015952816914831483,-0.011250693163630626,-0.010874018456913062
0.02662157683088187,0.008276231170834198,0.019390859775481505,0.05456387347684327
0.0841890337332937,0.07104294683772465,0.17730124645844722,0.10970824289799867
-0.07205685432836915,0.21826622186900202,0.3109092967653152,0.13111230120063627
0.42044750300619643,0.5667789545735369,0.163215016103362,0.055127081820590715
0.39193736023043796,0.07925208980407203,-0.17939436479085957,0.2514865771617185
0.5062300001272483,0.21936351903875134,0.0375829717327285,0.22136564952598378
-0.20671947981415442,0.0866059421549885,0.21695875910780316,0.3428086206676119
0.6268483383210532,0.15430019222256927,-0.2581621757570475,0.24772698586971223
-0.49736679014175855,-0.7366854204300398,-0.2252327567720652,-0.57077536593561
0.7832500614250836,0.7765536057280221,0.38878341918422454,0.14321771530711058
0.8393490131738922,0.5776154584767144,0.8574645507037629,1.2250674968833872
1.0504675607826315,1.0326142267207126,0.3039313153523302,-0.07073146910214731
0.2027652347429233,0.22135736727267982,0.6014309604381247,0.7098274701640499
0.04602447466711163,-0.1411883591067378,-0.38234760084254454,0.8773594069180499
0.3015563895757178,0.5681723103984289,0.2359712216250535,0.2062366748578712
1.2979189509309255,0.5837667941178817,1.012022580794339,0.7228686593668072
0.8338770841577999,0.6962357538206825,1.2197011273787624,0.03338870829228375
0.9258436892077254,1.270301250202706,-0.27315836814652483,-0.039156654272988346
-0.7541558647789258,-0.1977214072922255,-1.1474372459409818,-0.6122156885463147
-0.1407448273607145,0.5286565448229839,0.31634625280668427,-0.6149938540098274
1.267461657200345,1.147540324780071,0.9905103938824491,0.29630756556392285
1.6511943953441919,1.7955928973472195,1.5063386996405717,2.35763287116447
1.4085469542760152,2.332712755971011,2.125063229927133,0.5698232427251436
2.2509069991743953,1.5488951012738703,2.3826223496404886,2.735728933955904
1.9749023446065495,2.5428451173559035,2.2199569729761284,1.3834569161410664
1.2281221604933166,1.0749136388767029,1.241060439715165,0.7978750649162832
1.1174688733189484,-0.34822208850207725,-0.23327797412995638,-0.34984217648377913
-0.07361465296946208,-1.3640192070134975,-0.17069843261905804,-0.37104558519694114
0.2041585403944626,1.7777073606032936,0.38391630298157814,0.32068066033967335
1.9552087695077405,1.3654782632864226,1.0802448208583624,0.16383621439085955
-0.36221864093301437,0.6286037999931617,0.13395870155989056,-0.30587890869995776
0.19647236550510047,0.9252547502131235,0.781635969973659,0.14188387539387765
1.26787444884691,1.1998703643100113,1.573117652401096,0.9782030389127653
1.749800062215304,1.4664370046777473,1.3050472522356433,0.4570923388391674
0.7679015428810231,0.31043610629218366,0.28945473987496395,0.860729943485112
0.17546324004789438,0.17525099101112845,0.6634657410491887,1.0947108364641587
0.07132347264249289,-0.3089529685678413,-0.5838173270627349,0.0907762545235155
1.763047904796086,0.4296011625924009,0.6915206854809909,0.37606833630637937
-0.9727274166779281,-1.8660197203967588,-1.6026486538123843,-1.54912004530826
1.1433334852873775,1.3662355830120907,1.1816215978010844,0.8493935620364277
0.30797343153832574,0.07628336462146786,-0.09558617725318147,0.961409305345877
0.5568998575449013,0.14086075121521172,0.9531496031275775,0.6460257177733906
-0.21489514947614902,0.020950191850571467,0.22480628360948118,0.3561004247588889
0.6983281599904457,0.685729600349445,0.4070591240214307,-0.3865146267621598
0.29636936062395586,0.27966602048287686,-0.012056775010949207,-0.2656188981730107
0.024392471716890303,0.3776156735455484,0.233281640661749,0.6075166449327677
0.1350830527913994,0.036416839881607876,0.19469404583287564,-0.01573558924733756
0.08612167209687425,0.02981419499353218,0.039760999699343984,-0.03036513408289589
0.11809467904149346,0.10817446840007913,0.11260194580397345,0.14908236439160552
0.029411298892858945,0.02962739874506618,0.043110504212145996,0.04031621790953316
-0.020829338336597964,-0.028965103744356745,-0.06342944130633747,0.021896354123476076
-0.13328660221153577,-0.12321050417987449,-0.13871996817502788,-0.03142325448913943
-0.1111548624065877,-0.06569281150757696,0.040505532046043735,0.041958159882826
-0.011081975671872192,0.13922990207323233,0.27941430182567734,0.1378537157858018
-0.868986514151908,-0.6563468516804448,-0.8711853845556982,-0.41175072949172464
-0.3107534803798496,-0.5069830223834516,-0.16443692425939122,0.22769060896537116
-1.3239507448262038,-0.9404786581210984,-0.630243421537114,-0.7703214228468191
-0.27017010851689166,0.07629485172798438,-0.09167606617575004,0.24316965678220936
-0.17812056668335846,0.3057118724077781,0.24079644716308865,0.7147260393799376
0.11402990954329156,0.07425527665705178,0.3372402235901686,0.02689826118974773
0.41446232476561823,-0.349108538223035,-0.6387817135371292,0.06767614911590002
-0.7481585348468074,0.05054605759669853,-0.12741802885832437,0.28214903153997073
-0.8018782933776066,-0.4592593655274257,-0.1956997534566267,-0.30984650811896675
-1.343768522647467,-2.2993032045345414,-2.445944385286936,-1.9159383364332299
-1.4815220366011495,-1.2083538829041847,-1.4494682674168295,-0.4924282859880362
-0.5317681305006788,0.18838886320222867,-0.4932076538025872,0.3718145976154137
-1.766416826484991,-1.601624318990633,-1.3005910195295323,-0.856434069471923
-0.3399268802316729,0.17850123683917904,0.07034427888540247,-0.8858253790311911
-0.7326112941893715,-1.1793435644512567,-1.3424718803812659,-0.43388607534830825
-0.920286303460186,-0.13381112265649117,0.02856572784204684,-0.0047722194248070405
-1.868897942731616,-1.1679622823556064,-1.8614613301696588,-1.6327813414557366
-0.485336247222711,-0.9408898740512756,-0.26669496159584327,-0.5232194974806016
-2.998269635282013,-2.86335632528858,-1.8940404948291185,-3.1030225586874614
-0.32614456834096894,0.903918915006496,-0.05055134402299988,-1.055522598906415
-0.9134473878037562,-0.5009158177103215,-0.578547873100661,-0.6496786335040754
-2.64723073830172,-1.6753091191963365,-1.2640618687406602,-0.29495744118151207
-0.7422912208202415,-1.3055952390423733,-1.9610563746717173,-1.0123074477147465
-1.8154214553495134,-1.4335575314193123,-0.7176986947284397,1.012393700605372
-0.7713398100435033,-1.5509966091670837,-0.5507593782765595,-1.19966669065246
-2.1485492207936794,-1.8102416065553164,-1.4068575755958346,-0.3467339178684312
1.0340616377142628,1.4124145635585283,0.40898115414038017,-0.08918029186302981
-0.2598179643691962,-0.46208049360596704,1.0082809210705745,-0.03473987034538797
-0.43148181071391495,0.3759339459315019,-0.43368283051869383,-0.7021914475510955
-1.1790931772034443,-0.7334878604887145,-0.5160274585368226,-0.4507131341007669
-2.2218301312118256,-1.9250655559990382,-0.9265322429134568,-1.5914390405996204
-1.8503040780770033,-1.967519246924188,-1.637378922855129,-1.3010533776926496
-0.7838995399369634,-0.31430696306283873,0.8146785102000597,0.2771222557005292
0.30222519448199764,0.6479017371133039,1.0325386499812907,0.5993356583038344
-0.28713411359169494,-0.5773669591561384,-1.0434577553480961,-0.7460426246563787
-1.5316826354379471,-0.8486737055389872,-1.014921524353656,-0.9478958618359262
-0.900314200042484,-0.7808538273645074,-1.2353694943291826,-1.2215211562034964
-0.6865634173790861,-0.7970911936628107,-0.9008414340399397,-0.5490265869000471
0.10016648189837642,0.023085932442294267,-0.1784563411067121,0.2954435124922308
-0.6486008699803134,-0.4487978575655878,-0.2048646123446663,-0.4137569031917788
-0.08525533563699929,-0.5025594749959694,0.11235902384435491,0.044217573451631076
0.009089792266948631,-0.13915744789778592,-0.4560753836941329,-0.3192403155173002
-0.016511696634597135,-0.1948671196721357,-0.11786930692920153,-0.08563204649194316
-0.06181679797990572,-0.03260396667552278,0.06484213368123601,-0.32083335270531116
-0.16812018212571428,-0.1076488329165376,-0.09945085207702437,-0.11337454084948881
-0.017907322155805143,-0.0246464017981642,-0.03046958066561763,-0.01997371846889331
0.0494575678797352,0.08135136113004443,0.09275589145040615,0.08269076448360282
0.0018940213005921068,-0.11392274969337116,0.06036697980687264,-0.004515527366738724
0.18733728061380756,0.3144769382070531,-0.05999719277211572,0.15418083167966673
0.09264829814061998,-0.031148056190725363,-0.2589712164684755,-0.1521567923052098
-0.1267465997304126,-0.0011366577142851145,0.04273791675849567,0.17510588725156256
1.0063412053223908,0.6776746568281655,0.41291115249392474,0.6325899215387603
0.7060992282853609,0.6037575752615181,0.23991247477688898,0.2703261479279449
0.6723505010521812,0.3832877579053382,0.9034836336328579,0.38470869298794597
0.4150316850795575,-0.13276735708357448,-0.09216564184762015,0.011712037031710046
0.8053700618729186,0.9888251462694692,0.9867545271020418,0.9953643559088238
0.6260961782474797,0.705819100189901,0.5389693938488691,0.4938995146258688
-0.35207558035290426,0.08701658070599977,0.19708190240122175,0.606653018112516
1.633045834222296,1.2833220361239392,1.2083435477227649,0.9638943975818703
-0.35053599808680846,-0.4393958987869892,-0.14929917529264725,-0.9352477301909302
0.23691680051820455,0.25818237531774785,0.11391450773747093,0.4870159627138429
1.066280174296254,0.17539129166438752,0.24076320840012727,-0.3423393154097208
1.954910602472826,1.6670935157115705,0.20523945846312805,0.9175069769869655
1.4799927228168865,0.8894730451914236,0.566696431554021,-0.16679473246730384
1.7243405408742818,0.43646866204225104,1.6498153739013073,0.952978078129469
0.2898690883414343,0.42482212367422467,0.7562417481000403,0.7400917180846438
2.104080882727322,2.1135916645472577,2.077927816075232,1.6257148428760904
0.9775120712624559,0.01446300765804165,0.7850269844026415,1.5340359085320587
0.9613078636227868,-0.2772646799926032,0.27461970985454914,0.07310587398012253
1.7273927437189491,0.8953614214768341,-0.24504117815552823,0.5919485000291654
2.0655827666946123,2.142049237068983,1.7087325078103415,2.0710516290496197
1.4291165558035321,1.2367426276956237,-0.015606175582039783,-0.5069684558149872
0.4389055039362447,1.2728120875695261,1.653176060597046,1.2350451382817167
0.303364098842159,0.6018528873576522,-0.5078995386632341,0.12349936461600969
1.4280830710777284,1.2909935381369237,-1.0445734770150144,-0.8884571214935151
0.0926699270645615,0.30534298683713357,0.7018051124002476,-0.19008098867269574
1.8232268390753577,1.334162582483858,1.0437694818140588,1.3432089952481139
1.0131645437457961,0.2784130792867633,-0.167248762588582,-0.7281382598928658
1.1325751918277098,0.6922306387767987,-0.6492188837130346,0.25384974878924976
1.2399739540716197,1.2562999965302497,0.4793259103113561,-0.14824419853669735
1.053282872931926,0.9779869733301739,1.1323404117137776,0.36980082508667855
0.5043162267046957,-0.4467576236082829,0.848603040869872,0.96492995509401
1.203841119997907,0.6987562313752136,1.0353837735954785,0.3576231580020374
1.3597923090754735,0.35855900117617634,-0.22683754111261564,-0.4194092435993522
0.00913825491551576,0.26967254042838695,0.22891251807517324,0.7803986927207752
-0.48419907522137773,-0.807485917779414,-0.5622687828546731,-0.05836471403128394
1.4286374148746719,1.026357560065772,0.1455906999113343,-0.13959059698338555
0.05470021142855912,-0.3459533130519302,-0.2608743003932468,-0.7122215820883958
0.2033108122438971,0.5623061505533264,0.7093382184120085,0.5266801660923834
0.67906876484909,0.2637338944743777,0.47402367642181265,0.4384507470172441
0.6581548418940169,0.55534037596451,0.18910814437019355,0.21888420195831973
0.6349297219868403,0.3959356397368525,0.4381501967988512,0.42204331843219106
0.19928030625964333,0.07313469377844994,-0.14560205284991895,-0.08113194082927244
-0.018294664567139903,0.07418531077555549,0.07333561357176449,0.27737832591707823
0.19913801092965625,0.19307901818783238,0.042616468752647074,0.06416456385301283
0.021964764326760852,0.010188143250869442,0.03003969383157682,0.0024575497528798976
-0.03024885650152665,-0.005279747350965938,-0.05859906799476874,0.064770733662469
-0.2241077196240149,-0.16180463797118966,-0.0898474834751411,-0.04293838507099002
-0.0012314583178740525,-0.018639424383143973,0.09149462354148827,-0.02785103475734714
-0.1942581121065632,-0.014422575943610488,-0.07277552956838929,-0.09943384479921946
-0.20079759995111357,0.11067525987014128,0.02916974910426369,-0.0967149965743827
-0.3582197080534993,0.038417150991949506,0.08826617169830729,-0.3689063982670847
-0.5009452697436979,-0.3299951451215063,-0.3299297861897574,-0.314747079997282
-0.6112921261367751,-0.9773644371312443,-1.1795000858210611,-0.7688323152902202
-0.5074036006302095,-0.05554724122906072,-0.19869500639762555,0.31874561469260126
-0.2566962732188674,-0.2785001120986076,-0.27756123082160494,-0.8154328930480201
0.08317914788726025,0.022606273713915565,-0.29260416486774293,0.41604595401453504
-0.6115890712244876,-0.7479162936685784,-1.347229740770885,-0.8877481801343046
0.5600642778968093,0.6699583089896557,-0.7340532215995172,-1.0710937917891497
-1.0081399971768004,-2.0677822684051588,-1.5633920300445243,-0.852756141633923
-0.22326274932216172,-0.5161918192433786,-0.20028583274875814,-0.7326114048758254
-1.6959655424431048,-1.6325751093378087,-1.128481006741665,-0.5319393879341269
-2.113522785476493,-1.6067290196039004,-1.3440667286247385,-1.9034732180097593
-0.9085035054091413,-0.2395233893322112,0.4153166383285702,0.9854755583004374
0.5747165030777999,0.5214715684476378,0.9848328014243958,0.01435058050201348
-0.20918626689482267,-0.3264085517613346,-0.3666343068889636,-0.3630023157192936
-0.9526244525264809,-0.9309397169319212,-0.03674414248591141,-0.12476276575457987
-0.7888256480643088,-0.5684740925865311,-0.6385086709273405,-0.7412153672872299
-2.185912844812765,-1.3705339366339597,-2.16021977925445,-1.7819166131374211
-2.949001961743517,-2.0915232951296487,0.05209279069285727,0.29719454683716373
-1.7856376691136966,-1.408387978224756,-1.0595359900212293,-1.3206486066796073
-2.377281410335164,-1.4853027191264603,-0.9823483679472511,-0.22096221713682507
-0.038954586799426316,0.2753576050361504,0.4091389715267185,-0.8747776807350761
1.4778123264049199,1.2621538783485395,0.9987539084845064,-0.584653563812702
-1.8451426443956809,-1.5907772094237174,-0.6006655843095694,-0.7192586784551928
1.2734593469555673,0.9019053341488963,0.1600048680209615,0.39730110207849695
-2.2931953653499195,-2.182571099919962,-1.6073961695249,-1.0269793175103812
-0.43365983693174637,-0.41609768507026335,-0.3951808044836142,-0.3266014291840645
0.19713696835250366,0.7029461685494655,-0.9269145333761503,-0.3598744466751859
-0.3799335208705709,-0.29435219669215407,0.5258046500717347,-0.17624404375144634
-2.2992589159952805,-1.2560062716216591,-0.7431235793614593,-0.5044238991357007
0.018175948888829882,0.5871082119740674,0.293041858588397,0.8517754468806272
-2.3991764378268017,-2.3874004153624497,-1.211333320836106,-0.5313977440546954
0.11722804125704815,-0.4337837245306502,-0.0739408705938753,-0.05882695514490894
-0.9431582345869168,-1.0093420380455096,0.3494482212197508,-0.3013813337096029
-1.6330858963273773,-1.481740876474285,-1.0439177429792776,-0.4445955306502497
-0.6134684430742013,-0.4023248677263944,-0.2575954252072084,-0.48488443881972876
0.041928544668943656,0.27432023985123133,1.0329266250433613,0.8559981403786606
-0.3780243302727699,-0.35944758423365863,-0.06267555911456116,-0.32429488539827495
0.29814374277031785,-0.09251863959592692,-0.2989392932325449,0.1062499041214352
0.0634587054119339,0.013280885242239394,-0.21598658762536116,-0.21275098471904527
-0.2250273673030067,-0.42567216286989257,0.15688317604712954,0.23485435750266612
0.0027313087517650816,-0.12158372366725814,-0.24580813306868848,0.0908575775034961
-0.19464970193532022,-0.16695004816948994,-0.1734322771701935,-0.06754713410912198
-0.05313312352502547,-0.034035486495007594,-0.007509918407404128,-0.10661577795379837
-0.027104476606626654,-0.007441013748355476,-0.00325292640897852,-0.002301300898902921
0.11560648767721206,0.08661310101076217,0.03953647554381323,0.029131263188241892
0.13761195854069877,0.061261476178473086,0.0947180059092018,0.1320078242580862
-0.05920033622271143,0.050354634555450396,-0.07852730350571686,-0.2391720330718347
0.6591080610594257,0.7757206642347015,0.5090181507194063,0.47920194763074025
0.39052231201310283,0.28340710030391425,0.3084190690816113,0.5948372941340236
-0.01658179026845026,0.2835882568802461,-0.3187130890512129,-0.00768537364409638
0.4742518566261653,-0.008686657371348237,0.16967284228860285,-0.39630813234330287
1.0889210341169402,0.8457385580480733,0.3842962497815116,0.3679768391167235
0.10992680193913502,0.363868660565773,0.45516924757408783,0.7165902207304354
0.42036845204615453,0.40204441178558853,-0.019371673130930307,-0.6467853528142024
0.7675211671223848,0.17278347329298382,0.04785047516327198,0.11961775518323789
0.9155066444513884,0.9538986653444776,0.6811323305816384,0.8773769062713622
0.44374168235902567,0.8071373403006402,0.2623680449454223,-0.024966663101819542
0.8653069106319636,1.172279293273891,0.29386056862548693,-0.28269700938117676
-0.041140789323086666,-0.29024889204576876,-0.7538578185632324,-0.9179822128624263
1.0638482614638458,0.5891809700080226,1.3304958702641316,0.6367963017402644
-0.48448990188400715,-0.784766770055045,0.3652260664449618,-1.3514710656970457
0.38512588452403296,0.7211680360892015,0.09860161962003469,0.6252470045563276
1.1719478948915456,1.619409481107885,1.7893943624852533,1.3302882723337188
2.5099422908723574,1.8221722344636677,1.6343566655090962,0.9322750335321819
0.1024062241727291,1.0225166608689282,2.4340098365278235,1.6519065209507164
2.2188948359700023,2.4648836074204885,1.1279841694723318,0.9913533820644956
1.4203716791330743,0.8770869014196795,1.075144345839981,1.054521901838021
0.028665250812929498,0.24378979705225848,-0.932164331210298,-1.1843384968083064
1.4272959708300406,2.002081390984422,2.5237877141835976,2.1936008364601167
-0.15577508112719246,0.005894895576165795,0.532617342387826,1.7065318446153237
-0.6353507281456693,-0.7594136026593457,-1.2942949818716534,-2.5702431746762566
0.10452976795059685,0.09970031396360632,1.010072914749588,0.5036192290690171
0.43246690946644917,0.17288539179503742,0.10639946228317022,-0.19767262776449102
1.8163199587864287,0.4714357417211592,-0.27682717864277084,-0.007641148616103276
1.4078574161812256,0.5152932367557477,0.4798569299137572,-1.2553517708930222
0.30831699099102877,0.8896508780815062,1.0289795842720972,1.6359994329057708
0.8577984485658443,0.364155830525575,0.8901850764750592,0.4118933156055499
-0.3343236706949146,-0.33406806368299014,-0.8297021301735026,-0.5259164071558281
0.6363455795461552,0.7561255560864599,-0.73384603117198,-0.9775412174031806
0.7901326486303513,0.1048085687081009,0.3911659453425142,0.7333022957904695
1.787235452584499,1.0721500483742488,0.9204709517956735,0.0028948118090433104
1.414460367379738,1.2663463938472383,1.5248790048786471,1.8003203169698483
0.01475794274314726,-0.6369038197362609,0.3595203463636338,-0.4139015101979778
0.9992970168847248,0.768659395801933,0.5987143413548118,-0.0639068854478619
0.3319546737453942,0.1827999836937754,-0.4477408999480121,-0.335879124102418
0.06696475451819343,-0.15826509890856727,0.45402284637242335,-0.1274090432935779
0.23458700627491685,-0.05867840997544859,0.4451047950974436,0.45590896181748214
0.0894275005091877,0.2241314866897503,0.6335677513011102,0.520588492198188
-0.06843948733949226,-0.08726631586072436,0.06935844889066071,-0.16681065926792565
0.45084577073096216,0.49815559460146175,-0.12530183145650994,-0.2220385734252799
0.15850961566759258,-0.032015289480188565,-0.010200584938055144,0.16510763851807372
0.12960120137563044,0.07081694290627531,-0.129779505629473,-0.21566787001206034
0.014943529059821182,0.019011700680111224,0.024591302374909592,-0.042906432606447324
0.02547100107864123,-0.009965931673697883,0.009974946764929535,0.01666188745271687
-0.023987294389344275,0.044421356146146604,0.018997528662664052,0.013335453329209794
-0.12370380534190074,-0.12911467580006455,-0.1163735955742658,-0.173041813368101
-0.1262546369595449,0.03813408389643113,-0.09291494012562941,-0.2653056981286003
-0.22070105537828122,0.20161452722747825,0.37560440677883733,0.3687798302700891
-0.19793051268225978,-0.27714605228206063,-0.15768481804702364,-0.05514422558722528
0.0715092401827753,-0.09604305925523067,-0.2195468457448656,-0.24349769296343962
-0.5162768325368717,-0.901063172565773,-0.30888044682938176,-0.379117684671658
-1.1103753049396123,-1.3892670001019036,-0.26867573859571675,-0.544388879514303
-1.3563231047504913,-0.7479962149642212,-0.5206877395539642,-0.8303185695472424
-0.3219196272536618,-0.3652782570458325,0.2723506927013883,0.5469219221680435
0.0032408813071865125,0.2238170961556949,0.3822631778789475,-0.3192998876594722
-1.1966053728868065,-0.820734192708247,-0.8298432211892431,-0.265343927386871
-0.561004148531817,-0.20836944731218515,-0.06626906048420353,0.5320081445673748
-0.06729771171192628,-0.6493523957596327,0.0963121383667908,0.5056482531803906
-0.20831258565072353,-0.5312725299309958,0.0006261122033014599,-0.7186563774998895
-1.3093794677533417,-1.178467083231578,0.9255711419830351,0.2178802865564614
-0.7662349991349187,-1.037217055069622,-0.49805354212312236,-0.9150290266679578
0.25955214845666297,-0.06686581109943099,-0.4075630980762935,-0.5648192487283904
-1.9171542558071673,-0.2954627211473004,-0.14047390469736712,0.32503049423687247
-0.5631286136903313,-1.0049118025749846,-0.39010562119765096,-0.06431413203627681
-2.803448278898909,-1.9526212579069038,-2.02104631960962,-2.143433855036507
-1.5314313928681078,-0.8767543539972457,-0.5905745571074891,0.08461551681494427
-1.6355213290222168,-1.0739037601443029,-0.7207291975692576,0.2904554200892833
-1.1600559921823517,-0.14344508712304022,-1.6592206077452682,-2.023677000485988
1.7449593321633186,0.7290926133393912,0.6130982474738829,0.8736500323867795
-1.0834608627668885,-0.41755398736257193,0.022632644336430856,-0.7113398539767648
0.4792399523085053,0.040649650997441576,0.9804071983472574,0.9593127315506762
-0.5390100024525465,0.1105220587339808,-0.19173083880221115,0.08043381577011172
-1.575863475666863,-0.7815037336497144,-1.423367030009867,-0.7253999395090562
-0.9210533591852932,-0.44940370280290987,-0.33011787312397545,-0.8260268580738792
-2.534959162249562,-2.300428010107798,-2.283684079801492,-2.6905169250726577
-2.599715337917701,-2.5643842145038067,-2.6038864518952045,-1.4884292428377037
-0.47575318471350764,-0.16465505351189713,0.2300553380822234,-0.7463294967815653
0.07770554410200868,0.30496518531362,-0.24653358370319284,-0.7511967836591397
0.285525036196585,1.876064386061009,2.0350892682896817,0.9946445784830698
-1.4041102896203526,-0.755974401452804,0.7197258776753305,1.2427991063638602
-0.2151391039688874,-0.3576240961233633,0.42344722790383055,-1.0273980292473346
-1.4560984399459345,-1.228608082961895,-0.3344605131351011,-0.29326444380848926
-0.5012314677758718,-0.3297686679384421,0.2660244564390968,0.6184712527798872
-0.7524327434146784,-0.014377086102404093,0.2889657896355953,-0.03198485869256929
-1.602013365734576,-1.7522434604838235,-1.0681053443380264,-0.8598834687133513
-0.15270964432826273,0.03357696959039537,-0.2831895211723792,-0.3814802588688566
-0.5829125245685314,-0.888411953114582,-0.7502889611721643,0.2208747717815722
-0.6983487336930068,-0.31571608469206913,-0.3764564642940285,0.3494324205087237
-0.007615630381413792,-0.0890158899328991,0.10084374533489833,0.4280036734562841
-0.605281774013818,-0.42389003317981067,-0.07832089094474837,0.21567403792163592
-0.19591431391073055,-0.1717535104409128,0.030005754991584605,0.12109751829905085
-0.15391359910371205,-0.0039825246914009646,-0.07568440117009023,-0.14002809545159006
0.0004156442679377481,0.03607637904856043,0.15691053830735222,-0.040891117531451165
-0.0016527587005186089,0.008077298046051859,-0.010398539987501666,-0.025240359022998128
0.10922225900103594,0.0815433035161422,0.038002743157712904,0.010085264852455209
0.0806888228522928,-0.020354844190814524,-0.12531310449344932,-0.019725073999967944
-0.004344076839317592,0.03452783173333794,0.2402465704897603,0.02131855372473864
0.25584553812518646,0.1926087257041938,0.47121442458294166,0.31374651053863883
0.08127749182048237,-0.047487915872314546,0.21361369585349874,0.2401621229667638
0.30162361890089545,0.2175037558429515,0.5526143522683759,0.2825358276755812
0.2524162048461791,0.48119019290533094,0.5363654477904586,0.029425905334255938
-0.3176238146284865,-0.036577372103171225,0.04175805633409429,0.48302186202376624
1.2480940782515957,0.8052612027772115,0.6496701346119683,0.7869719098701119
-0.1927041560707242,-0.08610542580981463,-0.4381445207927407,-0.8911252084503734
0.5418412514642359,0.37913239776664975,0.5036851793691292,0.6587356334325721
-0.5290803826327825,-1.0309725467581208,-0.42356295563859414,0.08275401852696723
0.6730023281721644,0.4930190675998963,-0.5930126995905054,-1.1532158750196797
0.7072888279475815,0.7719024617324882,0.4884388752825476,-0.13217659613792218
0.9741521024619842,0.528570304128156,-0.6137980557435645,0.08732987947272647
0.7870481509419561,0.6186783077728528,0.10277569310471066,-0.020127769723253898
0.7544348010630675,0.3469650040215777,1.9696645786723948,1.4834070598558542
0.5096214414454006,0.5651399759366635,1.4373730820965258,0.4400990653297885
1.1443657063082078,1.353615865555429,1.312655691931089,-0.4696090836628849
1.7472833051549541,1.3326417652139169,0.0817755048374227,0.6843796885783329
-0.5294421449035851,-0.8416671651258336,-1.0847241604148432,-1.1201026455366536
1.4390693967995338,1.1237811014081969,1.1378579839937042,0.23861318542523668
3.0433770881541915,2.97613452240007,3.4051768440973476,1.2182141175175563
2.1524014923331847,2.4853827045366406,2.265346442284047,0.4953925943543828
0.06130592898371977,-0.5829935368340731,-0.8275679615912951,-1.556158016309007
0.8320561399503436,0.45775730388219743,0.35966491698898645,0.23070918941938665
0.29742313814922616,-0.16258268350557803,1.2056465261561622,0.7825257008239469
2.0009131928732242,0.49698105273413345,0.4982801713808088,0.6312523713436202
0.7887620135925233,0.22155631151412244,1.7149610549528629,1.299074294842389
0.32203545184036464,-1.090718660013095,-0.471986965086827,-0.6686094312337152
0.9225590126032378,0.6362266032884948,-0.0055565920397243245,0.7013055226498521
1.2197620808281997,0.8324905115158249,0.9664884774959794,0.7364958249937483
0.7443451065114793,0.3347648244234656,0.5664907852055641,0.11097547230307242
0.8964107505863637,1.5096613363919913,1.8992172271076517,0.9967205905089018
0.5306685066737757,0.25672799485451375,-0.8718272771433959,-0.919364406468318
1.0025550969159611,0.7872100052614445,0.15632420432470528,0.01905041721823754
0.8143188093954727,0.7100085935902393,0.45068695626106564,-0.13787908382423422
0.890250881224796,0.1410141839132597,0.8297497183528969,-0.24883076285676425
1.3100156512964174,1.2841542226974634,0.8419368917977695,0.3857894843743272
0.2813742602283316,0.30345141554294786,-0.1856478995590169,-0.019604712300203848
0.2681403530888382,0.45338531650174624,0.5179270437343573,0.251069492594248
0.6188158022747778,0.7749666626421648,0.14160105155627298,-0.6083613239149395
-0.5822404390996744,-0.5311980661123245,-0.7944386274345624,-0.5266117612459603
0.4480736846965888,0.4701427845809203,0.14740339944390127,0.3390620924625678
0.7329736846447676,0.6173535044914924,0.6238678742321396,0.49135468574418023
0.38913807837589376,0.4917903231083523,0.6225638151991477,0.7921399269626748
0.1581437089656031,0.1337137120663409,-0.0022255701215426016,0.09761519946907146
0.20069775198361087,0.18491283547111634,0.40662319127977087,0.4598311577608452
0.015790376563633496,-0.016714958050128532,0.028187771971630818,-0.07421697531229542
0.005728098476596679,0.003349659453603109,0.013029618512769934,-0.0035524326646479932
0.0073978989093810114,0.01710621945405321,-0.0030462715953049773,-0.02751314451583558
0.10806185884663619,0.13415662458406047,-0.014687757038235718,-0.10562217910586727
-0.5634288457248813,-0.28976692017013067,-0.365164823427668,-0.45192701594804846
-0.23869773557011692,-0.2339301526624551,-0.18832610125779684,-0.1985143712703332
-0.6655451015334273,-0.776605407701306,-0.1922952434456011,0.01888377479024831
-0.6737136800279869,-0.6636148444488611,-0.9179302596944876,-0.6748622656025828
-0.2720543621411313,-0.5209694766499369,-0.9682285668236961,-0.8622996181769496
-0.33248970046277415,-0.1845895912280979,-0.06001158004843104,-0.41133012576893746
-1.0595580224558818,-0.5534198641438491,-1.3627260995329225,-0.7327778347883164
-0.5714609291015557,-0.5083416439256521,0.10797744680261936,0.7285983497294852
-0.8295284246950689,-0.6193760901547049,-0.21250821555354094,-1.1454552628374166
-0.6437740439507406,-0.6150431518111816,-0.7813014382074553,-0.7610084603568211
-1.42716930777067,-1.6042999105977727,-0.5950003727968134,0.26473815472135026
-0.968525253093546,-0.9882809094519337,-0.09371673609059361,-0.33383438959375983
-0.5846962494368316,-0.4055879738333716,-0.8989787158509175,-0.9504420360314005
0.9779038745688916,0.5882372895895828,0.851730865821976,1.6845128903271775
-1.0505763213973527,-0.28668659512914013,-0.09649779110295713,-1.0252319935249967
-0.7394325687281941,0.4952720571073688,-0.39126103566542897,0.020966999502881736
-1.2152578726366292,-0.8675395953734009,0.7966511195212912,0.0515310450276674
-0.5825620797236515,-0.4770725407082051,1.286523763305239,1.370251032403069
0.10291403629745,0.3054522453583055,0.2521485544969512,1.2291119728189386
-0.2633055650103891,-0.3623908475709322,-0.3590129994035481,-0.5489968648763254
-0.7771905273362378,-1.9687495504219727,-1.387716938988793,-0.8156137944020764
-3.411066632120403,-3.616401567112712,-1.5324918621115973,-0.7234863066448426
-1.010497817439876,-0.2946232047054972,1.1718408348057223,1.185802166119955
-0.7126414489452202,-0.6820956374077227,-1.2760244225999056,-0.25190901991650316
-2.238939701748426,-1.9000362359087442,-1.597615157582092,-2.427827125634887
-0.25002931960013064,0.11201000170158623,-0.10124538163188794,-0.4418066965782889
-0.4099653715872295,-1.5529951481500488,-0.42992944493994584,0.24376557280009079
-1.512129539948288,-0.8109476869440322,0.31409938406150767,-0.325184362104841
-0.7504945856318005,-0.5888496452525084,-0.9046411884649327,-1.3040761497758269
-1.919598481163074,-2.593096936004666,-0.20129793425084153,0.9125176363973012
0.36507040402354224,0.7751352784411967,0.3749192182977316,0.25383155063682294
-0.5068116697139805,-0.5981051481480598,-0.7330122782673143,-1.0795280050370333
-0.5152966624355755,-0.7229769843403018,-0.114125898835996,-0.02457498079188314
-1.5366827875261755,-1.373508576209733,0.31125811421042865,-0.2299453006454676
-0.13478993568692899,-0.20702145070205674,-0.16806140416842566,-0.43320686241981227
0.4031909545537668,0.5523741337968827,-0.46208229203062245,-0.4427609141597678
0.5910651600030703,0.7526123324280752,-0.8105572537895068,0.01634571687517519
0.09397773065578001,0.22824076011658798,0.5659619537319659,0.195653981120928
0.3862074562447998,0.3707774382326779,-0.27189585150684875,-0.22726677417864732
-0.4561145220060647,0.028657983670605208,0.015502859832706436,-0.07207046518374323
-0.2602352175976568,-0.2617815125891915,-0.01106337470815111,0.3079066256467757
-0.7029630518502019,0.09867702939761976,0.4625924614001461,0.2285577706448923
0.27392939657231696,0.41372169369059253,0.26988193850994313,-0.10984068592664789
-0.6144567199321181,-0.5356364673809277,-0.4747140220832223,-0.5583113772195312
-0.11763590233873249,-0.1046744884989648,-0.06075110645466034,-0.10920909572422707
-0.06953243727338694,-0.1515173177420699,0.14808003834060815,0.17805530279304013
0.0007122465225953617,0.04689204023002189,0.014944992681300309,-0.07262248623649667
0.0017641328629177538,0.011100195114839343,0.01866765441764268,-0.0041034961151945205
0.09888817936306296,0.10313822155290482,0.11346500945368224,0.12541751870464765
0.08552750144694447,0.005347371712570997,-0.1022816714979638,-0.044558049073315543
0.22617061903907357,0.013347385685462773,0.112334057127879,0.09889437243066791
0.4549993178775064,0.43934843776517424,0.11179020222864831,0.5703526571341089
0.7433961500684046,0.6080922362040421,0.5377670806422292,0.22480587513217082
0.2561936658394803,0.023390537094569303,-0.2079568311742211,-0.2438833127425741
0.31101455814144047,-0.3515239753699504,0.0716496523563128,-0.36183406637690546
-0.033284076648662314,0.1716200161081647,0.45144944728067077,0.6220662638758351
-0.40973318149179916,-0.5685440022893576,-0.4087816687690642,-0.051944570060530985
1.297936894535114,1.1781781760165324,0.6213001688089057,0.2937422295176668
0.366460437112114,0.13599267033041695,-0.13723906654616663,0.15805271359189071
1.306362806894569,0.8058785157975288,1.1966806146741196,0.42124268878916593
1.6890985344057903,1.5566719574240877,1.1504390440562833,1.2253962057561953
-0.08353247146040664,-0.49588741273030473,1.0531503805327782,0.9757530455270486
0.2308040988317319,0.9050244001096457,0.38983340359896607,0.8122438530691503
0.8439844387077006,0.8823467062434307,0.0323216538442672,-0.3630071370633884
0.5263615652191562,0.4992958315919722,0.49735059991145497,-0.3471449871611932
-0.14591315306954566,-0.7978271469818865,-1.8883374843370249,-1.3353301955674477
0.3637653934619631,0.6709133033378397,0.4118132040059494,-0.10843170114224716
2.8136368959633207,2.1421262213291574,1.1399348101440057,0.684134492668222
2.035333478967967,1.3549022886375113,0.7716952154438574,0.3867259992383231
0.8660560675149986,0.10814499842718041,1.2977122357814113,2.0299523945779994
1.1240891452547397,1.66803028934656,0.7203313553676878,0.019106732948822994
-0.09512383014250105,-0.30479100176659685,-0.10512935920001028,-0.017583324325306602
2.1890194233671734,2.1704359406953846,2.795107104332269,2.752094770571382
0.905607071354276,0.7022175988976841,-0.7148097480546634,0.2966966654342422
1.0665528921929266,0.8162005154589459,0.6612457417140841,-0.4465001104708177
-0.44473379960255005,-0.4601487746427595,-0.5692004212963688,0.3540724505435131
1.0349366964303506,1.297464386669714,1.5248092305423326,-0.10939461870968685
0.6004550717918903,0.2689943195271605,0.05018802442878929,1.2582588550011469
-0.43913050902942025,0.2003375020223595,-0.15862126025129253,-0.2558368491526585
0.43982445383971713,-0.6912669133897958,-0.5085431979356696,-0.8571372467336723
1.244202981630907,1.1764819125138573,0.7819927255876395,1.1432293854293598
-0.017999564499959524,-0.04654790286575311,-1.2845599301910327,-1.6931531189140152
1.864047798587706,1.8642767430152638,0.059183383458649944,0.41025453401459566
0.4347779375867223,-0.21675045880739727,0.3364419499166072,0.4446666597519726
0.4766611690837582,1.149125581133292,1.669984759464136,1.442180329367118
2.502237107914329,2.4027312464815735,1.2719799015341264,0.5629101580701138
1.6340975776843913,1.9074906496880273,0.9216711563206075,0.37691894911998775
0.49887271227551677,0.09804814106548324,-0.6715756947360064,-0.6662266603152166
0.882978188067552,1.1021332830806547,0.48078251421783297,0.10282174573780996
-0.5984549553397711,-0.24878594037423832,0.32395116763217013,0.13441041129324688
0.5808829927645642,0.6382322841302686,0.31048586443777615,0.21582747918573886
0.6319787466292697,0.44305079886577736,0.3146299789130426,0.13084391329687423
0.7681538342488657,0.502330386673402,-0.2243112562516932,-0.3935782323667329
0.2508364100885879,0.36992472772832674,0.4259110993728584,0.25965925664687234
0.2969519905730742,0.22785314604726475,0.11908703583056231,-0.0980057608747092
0.36975341727865935,0.34412739376350354,0.24042876721477258,0.13068676894516465
0.13858561889880008,0.10947092041682012,0.07111761608412032,0.012422140489454702
0.036653569654992675,0.03602229616207143,0.023343763448341374,0.0065754176161854595
-0.1577625414433424,-0.13754258732593594,-0.13521168158134073,-0.11368846645372438
-0.045183304932292945,-0.0815958594569829,0.021564960554255556,0.07836921318421955
-0.302705936100028,-0.22749921969226589,-0.29368735680225716,-0.23889283807885467
-0.055662341030168254,0.0785215590877245,-0.16846306212717743,0.0483944198744335
-0.0007345359694854408,-0.01851251182408023,0.5955325408647185,0.6931749803029083
-0.782954236165747,-0.39054202051428805,-0.22887923761981158,-0.03403882616047259
-1.3641751717179615,-1.7338621804088028,-1.5340230188546051,-1.2469527350978067
-0.7630004830108316,-0.48211728377666074,-0.04321807336458003,0.05389165463245188
0.5171691575873633,0.6037144007897701,-0.28100922219340146,-0.6142406448405091
0.3946962156182921,0.16238215647882337,0.15548033562129615,0.22821688282342267
-1.206586083174443,-1.4759072053779498,-1.0548376983079366,-1.0637097601952745
-0.12531089959325942,-0.3165224941654232,0.26257423302561306,-0.2669265922017642
-0.22467279385400277,-0.29805523536955913,-0.4037538996974286,-1.3922890413373907
-2.3516879998658853,-1.9779281195519733,-0.5526641004962829,-0.33787647989030273
-0.5910408938889021,-0.37428025430846285,0.14134353934813987,-1.1496407295077073
-1.3460651623582842,-1.3254299266963208,-0.9538398069119681,-0.7590240342168711
0.014892233519641595,1.13042967299354,0.5312597791176027,0.21749509438518583
-1.1789016544799196,-1.1308824362786645,-0.3719737516845124,-0.39346296525421803
-0.46275425064042836,-0.3760645055574898,-1.2152286194074438,-1.1472501940486957
-0.6199780870321149,-0.5105024527959945,-0.3925271165003543,-0.8237595999209284
-1.7415311240573568,-1.7440434642048086,-0.48102848698751216,0.7265423276624673
-0.39240118105559024,-0.0032657268625726154,-1.1314657647505377,-1.9937466652728468
-1.0347376977432612,-1.1014953205287255,-1.0676564800741082,-0.4133089158964899
0.2206413060311066,0.21324839820806465,0.22139005667917233,0.3117690895374834
-1.71017516951091,-0.6231650004364374,-0.3842595469055271,0.8386182912552647
-0.8975153499448275,-0.7741441155142579,-1.5566287444943447,0.17904782108493306
-1.9589093655159815,-1.7792664419628763,-1.489002059918388,-0.6719887467357005
-1.834151356905268,-1.216069129273349,-0.17424071244099,-0.22322584077916566
-2.1697618596129367,-1.272393042105918,-0.8609125067905761,0.007407512604924391
-2.250165434905136,-2.481795594482082,-1.1147199171632127,0.3872234553379192
-1.578906761894943,-1.4921055138333834,0.3639765760580261,0.1880767645660022
-1.0731416606274116,-0.951086051774229,-1.2332355688751826,-0.5894556853505063
-1.0126344801312417,-1.1098700094201643,-0.27305586553193223,-1.4524435007807828
-2.0702881516120186,-2.3765469180061713,-0.547155884507322,-0.05438770770000249
-1.9163561924982553,-2.505589261666027,-1.7929762959329145,-0.7746745428478794
-1.3747595487836086,-1.4959827662206593,-1.8356094361940802,-1.3707974793096878
0.25005432138475187,-0.9260259136905213,-0.6329957579096406,0.02946898140970722
-0.5454737047760514,-0.8999589061902317,-0.1960972001239902,-0.026279653065781075
-0.09642492647063289,0.4150759572825688,-0.05229659725039575,-0.42250233656203445
0.35413683558787834,0.9181529868565119,1.2592761040208502,1.0506062466211155
-0.4511217479440822,-0.15816367831263656,0.02540319391850438,0.5451837860794746
-0.5867763465785246,-0.13757406491440355,-0.006785837647950829,-0.1941679275478965
-0.20980859482360897,-0.3374103931542308,-0.1459877539188653,0.07979226458746219
0.3403039963018203,0.2105362259318283,0.09589849517670036,0.14464510334420774
-0.24873460533139388,-0.5836110893402789,-0.17790689733780618,-0.21263897525922126
-0.34494773544400514,-0.1895717047646675,-0.07861827291245733,-0.0315804328004447
-0.5239144344205225,-0.4521450802710751,-0.33946905283038675,-0.0820565682026593
-0.27260233884022406,-0.22179103734113972,-0.16000018077594053,-0.15225700814894264
-0.13989532014988318,-0.18180162304596553,-0.12601320565014898,-0.08624866196194092
-0.0128215070590498,-0.01773234117816698,-0.0022769489380342536,-0.018242993270453832
0.0382061871203,-0.016954012362112466,-0.02827455993132424,0.0067592756775019846
0.2543121149402143,0.12622140186874614,0.10870688816307557,0.009361502791236305
0.008395809967629148,0.07914933235161338,0.04291234769325207,0.13901193798314856
0.1626562218538742,0.19260391418240996,-0.11571585952488671,-0.19084909650950396
0.40611965536232636,0.36109907394596763,0.31238926421658636,0.3189565877578236
0.7217534022265268,0.521937093982644,0.8587873681005398,0.35488089654689375
0.3995109561934652,0.6739026455745245,1.2939286184127152,0.5409543008640739
0.6558816840944699,0.3985904409463018,0.44440293920761625,0.22217679206082216
0.8058365367318037,0.5583111799708214,0.4436284862496322,0.5701081952761987
-0.1921732103409924,0.2051224064994815,0.9030954681690051,-0.018319643324752263
0.4200267235753768,0.7645860656619464,1.3656385821924648,1.9258628564536047
0.5892941366582003,0.02760893173198695,0.03699377187223188,0.1985794751975382
0.3572746572999222,0.8723975297235276,0.731163051894748,1.0474537420635395
1.6211583381403967,1.0200419892138186,1.0978386492290721,0.24674910021113447
1.8857271614819469,1.5315537296250956,0.49814688744193064,0.4990094005109593
-0.3288896271025127,-0.2871112376030315,-1.2602332524900854,-1.4152457556126496
1.6187280351498194,1.0334524009472759,-0.4021367853545417,0.3798083843764845
2.174680735073728,2.803781218825111,1.922836295326592,1.6907384878203766
0.0986831139450246,0.10418909533540807,-0.02431144957122871,0.32132970081326234
1.423655958214729,0.9553030865396666,1.5860151461581333,0.3922433961804043
0.6083782253082812,1.2129534201959473,2.17474929532961,-0.057424086447137125
0.23183914163763517,0.24082107402158703,-0.3324626344891616,-1.121768897089717
-0.04473056101827109,-0.0880457312388798,0.8983612323995199,0.9226168863163299
0.16585393420664662,0.5987829914248995,0.37289760883547934,-0.1734220088906859
3.304060883253883,3.264920763816787,2.508549225571987,3.336546186542093
2.0335211590584907,1.3996437723007698,0.5327102035699857,-0.29954216731767586
0.03703014872181796,-0.0035766990974740965,-0.32352158039107964,0.08338453843551673
-0.6908162908110782,0.5924052246641502,-1.0490949643138712,-1.4159892592918883
0.7512441391066379,1.6069406893241365,1.3724958011197446,1.328365716266377
2.7394667725056316,2.1347464428690164,0.27706531713561766,0.40568761080942406
0.25615676755719985,0.5491246478464662,0.4085552921671863,0.9604920481775163
-1.1164299834021492,-1.1581101488443308,0.1200254582130196,0.5735202307924135
0.43669579934944425,0.9711607917794558,-0.007705163267143427,0.8268629007474437
0.20688947206537148,-0.37818702256845377,-0.4276051166464482,-0.1884691491331579
2.556882587572656,2.6352237489752004,2.4492854785302582,1.4658448371627153
1.0801325584184402,0.5976899362271447,0.26622079197470694,0.49758542705320524
1.0140082952743235,0.8268060524217357,0.7869055580881343,-0.25511800803590906
1.297242429299506,0.9734348187531464,1.625223074358422,0.3435161262027834
0.7790126469014734,0.19042464463081418,-0.44190110845227865,-0.6258651064458177
0.03202227856547615,0.6599249986286525,0.05605085178143855,-0.25627282577884347
0.10237599694260677,0.16139423146991771,0.46766685133983193,0.5517307929927179
0.15264693017611836,-0.4057903395789422,-0.23396368806287407,-0.1349164070957451
0.9470171988287899,0.747756416201064,-0.4774579545250777,-0.8823501139914485
0.2787444579542306,0.31035780113523914,0.6319318667214903,0.5569080586518508
1.184287715323756,1.128022439902611,0.7356891028770894,0.3157100451598785
0.362073069221496,0.3799528040847396,0.2556385722633502,0.08249941954825787
0.15453363340157422,0.012581136831381286,0.019869378614477285,-0.3642452627012819
0.2682650402960956,0.17293753223887878,0.10124836664337926,0.11491201120071094
0.07448744221912802,0.0501952662898993,0.03133689313195806,-0.06980738409533423
0.014349086548070366,0.003249240064036609,0.0028701464453464273,-0.0014365060286996298
-0.12954339109751525,-0.06212364819531226,-0.04865238883190468,-0.04326677747997719
-0.2437290528763217,-0.14217763672277098,0.09996632799603004,-0.04176912673312222
0.021777953153276748,0.14322833875777732,-0.10800466114023348,-0.19170966569943357
-0.4890821770289411,-0.2678625417745213,-0.295294097358307,-0.4006486800487504
-0.5304748434405772,-0.5885708366493612,-0.03955983583307703,0.3458827886393352
0.12016882617555327,-0.0725532556960899,-0.06229371466179963,-0.06324011419724074
0.13037235542164136,-0.39139227988735564,0.07036293880210047,0.18637803025059987
-0.21716398286357533,0.18279304433332674,-0.017431050288279154,-0.0033932881724419235
0.36347918222079906,-0.028794048097376408,1.0897830850042936,1.1975209956096335
-0.02578059747306116,-0.12405648604947751,-0.2967574290669368,0.035333305684204404
0.4224179121505574,-0.035012323389677996,0.06427112844611307,-0.575884629020524
0.06453216739658049,-0.014241751708792782,0.34237844306649373,1.6030021040278475
-0.5403517650381311,0.446860282070615,-0.2856419580281059,-0.5509966106274198
0.021855515836907546,-0.33751530888518866,-1.4729678369031298,-1.2059909891269425
-1.85663487867374,-1.9552617322476669,-2.53801533638189,-1.088768694966354
-0.8205715764161751,-1.0013753003360133,-1.106051714686188,-2.325046949930343
-1.1009104579429667,-0.8740161937895644,-0.8109620342800512,-0.9230233954542704
-2.2841821112121696,-1.5696800050003152,-0.9546787723927712,-1.3619804291210122
0.2834804272846397,-0.6970942987610319,0.27554994230324864,0.6937934392816856
-1.1502398175889863,-0.6785476695734852,-0.5466498080650173,-0.4796922187458815
-1.6393333849461926,-1.7781511230698348,-1.4906036043638302,-0.9322752540663725
-1.4943780421071866,-0.9315227920746907,-0.2797559460085528,0.23268458199164785
-0.9591048263054173,-0.794184492659645,-2.4968492959391306,-1.5567605697633393
-1.1166197890214726,-1.9818723374148743,-1.29037883821486,-1.4227718333534887
-2.0218191773591627,-2.723325828440316,0.11847228371180256,1.007776446180513
0.05163387572197166,-0.5100822742442761,-0.23265241393535485,0.9429579713192859
-1.9867755725540042,-0.7734448108905092,0.8113737418570727,1.34910938331636
-2.353992659267274,-1.826266207392385,-1.1905358742771084,0.6538091265337334
-2.977592924925032,-2.5470849557705395,-2.273686699304718,-2.455457242468275
-0.9382813543793478,-0.853633329277101,-2.687381266723389,-1.5005820139934376
0.23052609075779756,0.3177470337696831,0.9515060148598068,0.11152183123175612
-1.2898995881217723,-0.728018631882421,-1.0240158967128568,-0.6892810674316975
-2.12554699153244,-1.673078450955016,-2.1663505628368966,-1.136487477232494
-1.3848929125946088,-1.0633742838864109,0.056397577866409296,0.529628842632969
-0.8265157793533688,-0.15077976169656726,-0.38544181816927076,-0.8863920891070477
-0.8474101705129964,-0.49138201829552236,-0.2933363792920754,0.4603184505355242
-0.8752784227374986,0.832681885017696,0.1086579107985148,0.466311759966037
-0.5441599354038797,-0.6812277170895653,-1.4137568561071807,-1.2110682492643583
-1.61523175458131,-0.9817617312838891,-0.6197824939613902,-0.913983215017053
-1.095519055728994,-0.8504130429316923,-0.9708502235024928,-0.0794747252763169
0.03077843372196254,0.19542046460786708,0.24965159538034967,0.3571211877954496
-0.7563944452658202,-0.4159150150796151,-0.4852764227144349,-0.014335650033645127
-0.8318610458403737,-0.733355828328817,-0.11502186000932059,0.24506322731766875
0.1589083711507169,0.05147587537529019,0.12091066850564988,0.040202989469599576
0.2667115406244527,0.4743970850973404,-0.033796625006910185,-0.3894026505193372
-0.13130134203882904,-0.16312509805423073,-0.3284875086554742,-0.2261093675976321
-0.1551289712068713,-0.052969897832137854,0.03773269994601081,0.21091289615446165
-0.08321144012499478,-0.11982281392416648,-0.008277310068142548,-0.14600509846408555
-0.023162121688575787,-0.018898251703451052,-0.10721436044816601,-0.09495294168528168
-0.02889841395454945,-0.031238642135658037,-0.036595552843902174,-0.04268862482225571
0.032751157011237104,0.018195997976662492,-0.004277727056530594,-0.03979392919113676
-0.024487494742632496,-0.02880852607994629,-0.11853768250342592,-0.14817656648334485
0.28892219030704647,0.17530698833460714,0.03285890144217207,0.236065484849368
-0.14886060895247444,-0.08304167290502897,-0.2343915168853676,-0.22944037808863438
0.1840011117420501,-0.050390678788378,0.1916976017364424,0.18181008333952628
0.15918553702259003,0.056986630574973274,0.3953668833093681,0.1768494273395538
0.7817213640863211,0.4464184635887807,0.652996624293351,0.38649130466582327
0.9373910803540694,0.2166518200493406,0.811693673482133,0.12577988025780462
0.29377020941321635,-0.05021178331890344,0.03165850264610716,0.18054636710545247
0.702720270389534,1.0878255480927694,0.21359264739295972,0.2628445661296688
0.18167818937741245,0.4494988737682042,-0.0997912203438602,-0.0673760809028691
-0.5056907502315995,-0.39107933863590966,-0.32952621531724663,0.2634605964308513
0.11950981623379289,-0.06945010418106194,-0.2868461052518774,0.10548251263346319
-0.029023576623372464,-0.326151978473634,-0.8967937537660204,-0.2220937676986884
-0.06726421432874302,0.2848077008710862,0.3016699265105629,-0.38356527486199476
0.8161815311380068,1.0657897278235369,-0.13990115806091655,0.8366515850233174
0.8767708785993105,0.9490503583760107,0.6655906545472859,0.9222526640216494
1.430970730213472,1.0941173127894228,1.7264240785709242,1.647855479001068
0.03143475605400428,0.469543706361601,0.9841979831125074,0.03752931640463048
-0.0425558818727262,-0.16276409727783706,1.1123451665987791,-0.43572679754303
2.0592567878098205,1.3644847629111245,1.0830099274418328,0.38784220201854647
-0.921646638874842,0.02728167320915419,-1.7581793452559047,-1.724720266099812
-0.13503131466900598,0.2883421415107079,0.7272188967825136,-0.8657000040440695
0.4135914676894251,-0.011943996737965673,0.24877015835349517,0.18008484026378146
-0.9105552253161927,-1.3390811438803607,0.4857822323847414,-0.05958221569274849
0.7733968925806798,0.9682619047490555,0.49040339886571094,0.7929652385983247
0.8331634087964912,0.32942468580853507,0.9317651645305439,0.7611410182471614
0.5891751437030298,0.8679450604674851,1.3186428480691763,1.8365820900691525
1.6323914267814323,1.2338267979331934,0.9899893351633943,-1.529962315646817
1.803568221158976,2.206223924240116,0.941275289161035,0.1907639134549081
0.4532694768864541,0.48906155532872125,0.1998827014996081,0.2787494351684718
1.4761914369527385,1.6712826541104815,-0.19682401254225465,0.18736887670484598
2.689925178743356,1.7602461425512619,1.902989660604828,1.5366761166243676
1.931431350065871,1.699029417192808,2.3803790202040465,2.165556481489337
2.040064585076515,1.9876823077294197,0.42742273592193314,0.5645619718210041
0.8233968112076355,1.0653521041468719,1.1294872727128633,1.5057725813430969
1.9141398751725451,1.3675541593218994,1.0163047032385715,1.1033837185441124
1.1781305593585993,1.0351451555330102,-0.6000541106882984,-0.6633589763611527
0.717329548575169,0.4001081867921745,0.9750590381969834,0.3761519710802596
1.0496755918952037,1.3241342249206711,1.1961049808952142,0.2718122359313685
0.6912062996436282,1.2645774341162408,1.2390227205549793,0.8245491781483477
0.1633407751941617,0.1750739623597713,0.6094739127414279,0.04289749965770318
0.20603735841460968,0.8648789996230012,0.3017428761719893,0.7529281354960521
-0.3238153080696168,-0.19639495990813843,0.08353763004341003,-0.28230617737150676
0.107099772052892,0.03614712924329407,0.07504122159440092,0.2151195450258658
0.5190846635239044,0.7240300917968971,0.6154199544162828,0.5575644416288471
0.3728769052005738,0.4080149632747582,-0.004637405930388163,0.19828801480241737
0.234426172307112,0.23667645297530415,0.2049726025245294,0.11712526986482265
0.022918237242751018,0.05889815551405787,0.051964375762000505,0.11821377151888268
0.019590424921834246,0.022200670283960434,0.00711959823116738,0.019280702578644164
-0.11614056877002138,-0.12766105739743608,-0.04593727785740165,-0.05421612977883108
-0.05805113054379021,-0.06169421314516441,-0.155430788407621,-0.027264117749748577
-0.45797355366195286,-0.11014932837962187,-0.042276701599534894,-0.09114143435652726
0.11326439001778175,0.11890710730654644,-0.04896226350971262,0.041279889467740305
-0.7674758076117218,-0.4991331090797209,-0.39277952356499213,-0.2872423003271213
-0.41798002440938387,-0.27393478866054677,-0.8163587116282403,-0.7459486294646466
-0.6101356839312831,-0.11267335881913201,-0.18476713062210406,-0.3365251322113874
0.763066003259935,0.49551974352570805,0.4461781288518395,0.9104685059396543
-0.4310245572355135,-0.9146642214431981,-0.3817359861405055,-0.256012061310677
0.1990065474429758,-0.023191996297980508,-0.128377021677432,-0.11990396755352015
-1.4167954164445127,-1.0768268676756045,-1.2749217996990019,-0.3187627428944342
-1.674884342807233,-1.035299128957499,-0.5258243487377483,-0.19636610022523224
-0.18532745147555255,-0.43822640533239404,0.2874876566121753,0.4393022891166618
0.5315634471888013,-0.177115521178727,-0.17901506923975505,0.7626462354656092
-1.9701934247730493,-1.6466202232044105,-1.4397462362828501,-2.531340593697476
-1.596904605457283,-0.8183973261142857,-2.0640772328458694,-1.1893260385842501
-0.8107337269124827,-0.6742808746905525,-0.3529392852275755,-0.22310319686208588
-2.267389130224336,-1.8410231836024817,-3.1210181813628246,-1.8118877430827682
0.5523839741562563,1.359402305194069,0.817832194309072,-0.5056070455386046
0.23894663508108774,0.34293391038065923,0.06065546989230869,0.16561033446498116
-1.83757003313947,-0.9066303921897562,-0.5966401024463152,0.5856197786455737
-2.428396761084522,-1.164107639143476,-0.4990951943696827,0.5925578718120246
-2.746540048189956,-2.0549222977692354,-1.8690540796789696,-0.6415319528241549
-0.5738830331327643,-1.247423255425954,0.13066340217112626,1.5656227791376145
-0.5184714102174696,-0.24737951592229254,-0.027116890233716474,-0.2371158070949618
-1.802105123925377,-0.8988013819922845,-2.087103724941845,-0.8402643423635581
-3.2194907101207675,-1.811010913213472,-1.6596357108081206,-1.0687740872867986
-0.8004430252726568,-0.9887942127666506,-0.4911963038282179,-0.7010245681105819
-2.0404352178923553,-1.9240446940410794,-1.6103308561321203,-1.373959486337743
-1.893101721146626,-2.190180962364698,-2.124254843783478,-1.8796182785645281
0.4602255151232351,0.09396678656269704,1.0967511334280144,1.4557644776409298
-1.8304652423197465,-1.3519996098263138,-0.7464008502101868,0.6406792065243363
0.6119267624653821,0.5518963279955867,0.3336182515169526,1.7085076791666574
-1.080400411703214,-0.7011266397191817,-1.0579236142933461,-1.1809872479811323
-0.08889753667526544,0.19586820156270876,0.9167285056296259,-0.007098360519664584
-0.4981510342955004,-0.3915959108928168,-0.5861293852503886,-0.4046134183950075
-0.8052186394573896,-0.025427103995256443,-0.08223303399295058,0.3983347561790597
0.8190497944663615,1.3708726453252211,0.4682389734331126,0.08272088053910262
-0.22910741250819686,-0.6485892314980235,-0.01847170523942676,-0.062778587461975
0.35651654587444853,-0.13124677367981055,0.035780912173476793,0.25404344948971336
-0.08646041939683194,0.051906173017968835,0.5149003023867638,-0.10475403720977614
-0.04490027549647472,0.04569001553392191,-0.14451471409681,-0.1942040109903179
-0.30245105467097005,-0.10452764516391366,0.3238005181422295,0.9280149223357345
0.06291118357930114,-0.27452132285112735,0.3022943953659958,0.29863574606553994
-0.6031349549220136,-0.5047067033032627,-0.44554976684166153,-0.09315671841803883
-0.22679437923606094,-0.2131033184774816,0.034833609135810614,0.17356789342494935
-0.28817080477514406,-0.18110418382659033,-0.03719060555303545,0.021232434506130063
-0.28623008945958156,-0.12946016692697704,0.05647300140508546,-0.02483813799921291
0.06617133797156169,0.06280390240265701,0.127538395884757,0.0972317368119686
-0.01002523399496234,-0.0065057780003365,-0.029820316311365825,-0.029837834063493968
0.07533629364609405,0.013500755926909289,0.029190448175927263,0.0029658318665710982
0.20127135965173856,0.05065103141404309,0.0014584354956969716,0.058288868805799546
0.39447559840642554,0.39751235660132006,0.07610043725749999,0.23077709457407544
0.2268055563479834,0.026533724206466977,-0.037653714850254115,0.17187524539248045
0.24354767967983787,0.28362792721797603,-0.2873463530396863,-0.1817350888901843
0.24815276200640576,0.005286866240218765,-0.0800133521608808,0.04806117499442571
-0.2558316015443754,-0.26905223886012913,-0.21946148996581408,-0.5902148640506553
0.7326705700011887,0.557600148365549,0.7894007487273944,-0.14797787314465533
0.498811324284973,-0.20814382909773158,-0.3612364706147615,0.031555732460264906
1.0726712807417322,0.46419738936203675,0.7715587485066381,0.12643866039672683
0.15709841947687156,0.23790348668792322,0.02034655362354006,0.006738704215729744
-0.01949737389246557,-0.44690463998595137,-1.016785732178518,-0.42023953330945646
0.5862712509068998,0.15354269900105114,-0.08949044021485761,-0.7014686742757776
1.8035074543895209,1.8590194141141514,0.8067167307622929,1.0632522783054685
0.13099883285228076,0.07163660374745826,0.07866589727487723,0.1855575732819434
0.6562668708488748,0.7103991970905988,1.3054519607461437,1.4363009430791873
-0.27456932854585353,-0.9153340342581859,0.1648655157036291,-0.37417501096966965
2.183299118023546,1.2795683015697297,1.4372529513976546,1.6449227849802028
-0.7597330030667181,-1.2912861034535588,0.04381451425517241,-1.3299236556697922
2.9232614630777864,2.6625503776637887,1.282149486372853,0.9898066822462622
2.1927732463322718,1.8823293754018868,1.2104625252489798,1.7565550016307088
1.324277442982827,1.3445316041986082,1.1303619618118461,0.39637158554349716
0.5024587110522644,0.5174678073317194,0.04256551162661423,0.28147900730038117
1.2826088628054493,0.5299163024935536,0.9523995413173054,0.39096071329653276
-0.283647892062777,-0.552096734354244,-0.49517755099893784,-0.508293140154563
0.251580234127589,0.8271549586760489,-0.20590759986766402,-0.2495373353356877
4.572569656354736,3.4227477799850794,3.424629637966121,1.6075131939484162
1.1255374511598086,-0.12902296158302567,-0.20098890369081604,-1.09975392051998
0.8853238638295793,0.7022708098733672,-0.5555222638522268,-0.5214835381848644
1.8467825499332862,1.1902540762483864,0.5149350654738637,0.18326903970207414
0.25319669608850803,0.42954105374553997,0.925758173206149,1.2266391241237455
0.2148108084282087,0.5300251407741732,-0.8090936600828224,0.07119936829965977
0.12491125613887855,-0.5106560654627403,-0.8106118221118835,-0.41701454679705086
1.346446239043294,0.6829031482607328,0.5403573206685645,0.3897725974193585
0.29413459518372026,0.08517555852152715,-0.6469136405735573,-0.13493471555207276
0.2451516855754004,0.33672076330335593,0.8926769267218813,0.28302722015953957
0.8084873640241717,0.6880082899178938,0.7310238146790984,0.34634677354490606
1.4807233037175798,0.5989556631073722,-0.08802326515605881,0.1522493672888506
0.6273491458741294,1.0453894687107974,-0.4328109216586059,-1.2427040683999877
0.42291850762867533,0.7496148165823937,0.7673936555168897,0.5851007143995253
1.1717434489791076,0.8991720092921858,1.0069491337236938,0.8072387114224083
0.7895587496259926,0.9166458067160052,0.456478857791724,0.06873900763790546
0.21643669027456225,-0.055595216180213715,0.3657475310802228,0.24659576621801965
0.29736110689206696,0.27538095473628027,0.3670294904055456,0.5560517996088993
0.2602295327298067,0.26664329321795205,0.5568430905146583,0.29793632675913956
0.30918117665825545,0.20942345222819395,0.18419985343757744,0.5319572316599852
0.40916233846062444,0.5557244213041594,0.2886610750904893,0.190652865634376
0.06555024549686693,0.08485491755903136,-0.01980858092846941,0.1781780623160056
0.11115844863656238,0.15033116434895805,0.18658287530118112,0.08188739109097717
0.008245494226115237,0.017797059556232654,0.0024334088471804436,-0.009920634529460504
-0.07018455518719094,-0.05820948755386858,-0.04376558929444516,-0.06668525405522222
0.010485646908651267,-0.08306264499515786,-0.10311009001421016,-0.20230691837271167
-0.296113415806654,-0.04119114315209432,-0.045223897524363225,0.0353872776467176
-0.3717742811743592,-0.3640079914382278,0.034561427834130486,-0.051071305028960824
-0.7106460603337549,-0.6471707485829459,-0.678283357641996,-0.4252523721205006
0.436166596516692,0.5209677386336325,0.5696279584288285,0.31421277647934215
-0.3360626348231667,-0.48822585932043816,-0.5114442964388433,-0.905216982621915
-0.9249744082028943,-0.9047324613853375,-0.036957629282842866,0.14101597706487531
-0.49700512102887096,0.19491202920682416,-0.057297198887919926,-0.3007352136298745
-0.8463545180886043,-0.37329116448882965,0.49067181179019664,0.14752451368702751
-0.9373198439048345,-1.2642290355565047,-0.4769852796439862,-0.40696185143200186
-0.5694043376777645,-0.3818990721295257,-0.7978040653555268,-1.0721992789324228
-0.39408296685994126,0.03991643207448467,-0.36179659015269927,-0.08037956956655529
-0.45588501324782665,-0.9049977210782824,-0.5197908328384702,-1.0487144297470858
-0.8488916668574795,-1.228381259770751,-1.3386770576818592,-0.6517510095839691
0.4770215391182536,-0.1851127174797386,1.1408456542995442,0.729605830523221
-0.34366659174069014,-0.25584027624439293,-0.13779530985052643,-0.05495778414371828
-0.261682315948679,-0.43524605168988284,-1.6922826048217412,-0.8311500331039116
-1.674671321333654,-1.4996021297674478,0.5113404471205275,0.7496871214959736
-1.4750761485529915,-1.7653512569040635,-1.1271960099064553,-0.6752512419299258
0.8311333933906229,-0.010541093619420653,-0.17320705849039603,0.5101891440423609
-1.3190605767121901,-0.8999893213867728,-0.6374277978783219,-0.7185861772114385
-2.7941638297850355,-1.9001935959540839,-0.6384307106475744,-1.392280694850228
-1.6425772298883756,-1.4563034247416575,0.029634425104621633,0.20453968389517516
-1.2661510138605678,-1.4861705198914315,-0.4391518233141373,0.240017979606721
-1.01712437901256,-0.7449729424771634,-1.5831173372293679,-1.3076445314107812
-0.7542181020026921,-1.132235054104014,-0.880776452719867,0.19551895934474003
-1.1680910581892971,-0.4404144592550334,-2.307747510743438,-1.0420928081528518
-1.489345723078419,-1.3221450477365062,-1.3843210843289053,0.1827281343468957
-0.7983628872499058,-0.07565061249544872,-0.9579453461661978,-0.8365982816848665
-1.6777033181787038,-1.9023938846647548,-0.7052857742392749,-0.5650629828616004
-0.585502238515469,0.004063240873876577,-1.57920534789109,-0.9008187919146765
-1.2356843469899008,-0.9476835130707418,-1.422736674371976,-0.5642319004092075
-1.6914032116030522,-1.2907300609795398,-1.1047673672245701,-0.8722898591340438
0.12349988039449082,-0.7145493158298698,0.021272129001395693,-1.266845795230851
-0.667889310048844,-0.8334157031648459,-0.06286081891697616,-0.3643983229286317
-0.12654104444620556,-0.11195498523281865,-1.3088353488959443,-1.9887382915410592
-0.9192020020504302,-0.4422755581743618,-0.4314700700859784,-0.582132166781679
-0.4101727778549684,-0.32208430770363816,-0.4091743406849899,-1.456083128267285
-1.0260135614966672,-0.38074995586205,-0.12576351244020242,0.09816059967675086
-0.9096238134707209,-1.4380692865378353,-1.4253199333142426,-1.2197653509011608
-0.3402727793867233,-0.017367139335040332,-0.33486353520208734,-0.6822677848767327
-0.7824883606582702,-0.6579031051866211,-0.46310190912409277,0.16715043880966463
-0.06705477222270419,-0.3572384631162977,0.03716527088361612,-0.4999700708822488
-0.5495747500554523,-0.689210870895828,-1.2499330878970092,-0.8537585498202885
-0.659376574068156,-0.41666250823404805,-0.4570344342654109,-0.13812675797505164
-0.38086054314122275,-0.3371411637553743,-0.08691147386630209,-0.09836479713223183
0.1922182284287632,0.17078455198625864,-0.0008571069938718698,-0.13570211620039685
-0.16997573660321194,-0.14668327642618798,-0.21052190400386842,-0.12798849797039077
-0.03604717493548722,-0.032775937168342026,-0.02219660360849323,-0.008180394756461751
0.06866369018076642,0.07306281305329476,0.02036337046952824,-0.012713380338931221
0.023008275602474117,0.11821321109609696,0.22161291147169623,0.214597911455392
0.2962890485664432,0.22577127964263305,0.06637079681182638,0.019144033777620976
-0.0002445670069864604,-0.33984616100804343,-0.18793876063954626,-0.13792353492346435
0.04499117320374185,-0.04907094434354378,0.09521010647805334,0.08881425032520177
0.349184628639906,0.5438171669407722,0.3246320513055709,0.2909381424518112
-0.12296332008190702,-0.005752434906274979,-0.20553093574619238,-0.6132093568394162
0.7968124503416275,0.32383072518380934,-0.35307030466649775,-0.21840844989940705
0.9071397034442081,0.5442545939875916,0.9218185562421771,0.5000786140180633
0.16545178622397438,0.12313193346968496,0.12139678559662893,0.2975080162336116
-0.25698762380184775,-0.8010213176081896,-0.34908041179319904,-0.2175146049422642
0.596365270390618,0.7870442030010074,1.1044917896684936,1.0291871700766202
-0.023426533293103985,-0.029954558135849428,0.3189903349945562,0.15953723351370672
0.26496168472538084,0.34535599410780865,0.8383583065988895,0.8922485817176194
1.0684005161157242,0.3982888408482492,0.5903510422907692,-0.11929974029879274
1.0097058446365494,1.249420021349743,0.36647154397683523,0.2730600941621403
-0.1200503888829829,-0.03501667271305727,1.300455711001186,1.1261352184231892
2.0290667344758817,2.2489000921721085,1.487338385986572,2.002465771422829
0.3056574509928629,0.5884979624041264,1.1182534742076298,0.6989634389615754
0.8570416133464254,0.2583709818512732,0.9028215871135027,1.5142857866550605
-0.3647741818540968,-0.5304766672511643,0.49247914152382666,0.8940550942556075
0.35058622159021263,-0.18662406821947458,-0.11531530750175563,-0.6455699713282121
1.5003263972863325,1.9813170393958157,1.9827835452083205,1.2407782065688076
1.0828265770906427,0.8176167966213786,0.8525572496877554,1.5676308220611637
1.4500052535187586,1.4218204421412097,-0.00046896484825696894,-0.649641617933024
1.6695651009995576,1.4468233965421196,1.3204023721864606,0.8876834800754985
0.6926912622149778,1.2355181621772313,0.6656952393525227,0.19822246971176152
3.473373159882726,3.242497780728874,1.475010924310972,1.833773290024782
-0.835984440701973,-1.3308370744334233,-1.2785940168358463,-1.2840597603650212
0.7291590175927528,0.30419005013494316,-0.32780375833935804,-0.0919172463415127
1.7371107023120915,1.6608420768634704,1.3337493950291361,1.3153117036288662
1.3123308251974306,1.2425394777248446,1.1626040691672057,0.9475794622936425
0.678972238910739,0.46610239833928435,0.09844188000902815,0.491227268411154
1.6110216891868565,0.7485409205478977,0.8266611956981516,-0.41003749681777335
0.7590900719912521,0.6200642843964681,-0.622692708836954,-0.10634916018312703
-0.17479943166896947,-0.20841537197103333,0.027251821993770735,0.33135663594842835
0.3317394832199919,-0.5368217142901267,0.7677247949890442,0.16913390505737333
0.03611521747632755,0.09315041438931253,-0.7117372718469365,-0.4797935862971872
1.1703440274531447,1.1849736829871544,0.9941659386139904,0.6525413763576194
0.9635118674540788,0.665012760784787,0.9513446735677625,0.7568962953123336
-0.04901055074699411,0.45974819139278467,0.4531782010372192,0.1610190486692569
0.9817877950115373,0.5392878826245355,0.2697625548544771,0.046938493928289436
0.6320698703611692,0.6194178425703417,0.08712416313732611,0.5300809385631639
0.5037671339523655,0.42900537426273916,0.1610492611487895,-0.17999836055007754
0.6011970723143159,0.49712568300810167,0.4083250996924249,-0.3120500864990791
-0.004306412290150931,-0.1280393465020781,-0.06792977045990724,0.07106094573401608
-0.11102187092232366,0.021010740420143458,0.17729689666483212,0.0218513965365412
0.1401468127061025,-0.11585240473978971,0.09384679093974321,-0.024459126031514362
0.06479629098684236,0.046725442099132763,-0.04467471171666566,0.04330069061965465
-0.010702948223563866,0.0036385234594553868,0.0009936202534226502,0.01960487999019538
-0.06941498811926715,-0.07205921493689996,-0.042145649305550204,0.02100577084137203
0.0012471233043572325,0.2098933276677144,-0.06452547731718167,-0.11596494811081412
-0.3856845880030097,-0.37346320865394056,-0.3527678593025227,-0.3843172653454542
-0.22913489644608076,-0.2302149859290969,-0.14524303598372673,-0.06626052853634058
-0.4207835549385423,-0.4042335425434231,-0.48922622545912936,-0.46040124868751575
-0.913150466381916,-0.6610694198116183,-0.5425817562270919,-0.09523448139867795
-0.8511176252409296,-0.7654723185668943,-0.06299027920675367,0.31098476364959565
-0.5207057147138263,-0.5851244996032074,-0.8464465041825776,-0.2657933568302053
-0.3788797814699517,-0.4531944448991443,-0.8590720883341859,0.17964119168383716
-0.9418971431976242,-0.4691429175527184,-1.1212693502403048,-0.6628924833334312
-0.48951584847714297,0.10501613632013553,0.11855726516046518,-0.6870695152900249
-1.1118981158570167,-0.8022966985536838,-0.33446353762928827,0.5243743316783189
-0.1571829764552801,0.11734325637186478,0.49366313860154803,-0.27383510133001776
-2.099685590935989,-1.6097610327224854,-1.5364077582094766,-0.5543740620028327
-0.9473648862689524,-0.25078705507686333,-0.6936602093459556,0.05767238269672816
0.4550005872898716,-0.11328250221406799,-0.6119882936558001,-0.4706312629520026
-1.789942401309587,-1.9127812607104462,-0.07159156703383464,-0.5374818941338624
0.04209311112374915,0.20053151103984754,0.7636375753021903,0.7047185035794833
-2.3382450805298087,-2.5190424172469004,0.06538647915497132,0.5649115763827551
-1.9321101254188233,-2.0335226804232085,-1.3821920495571807,0.6487701368637163
-0.32943800855945243,-0.2911200498838952,-0.22038916777680406,-1.0888173661690972
0.559342274168737,0.8649599160852376,-0.4175930161724508,0.9735225925774089
-1.494394727600939,-0.02039568773378135,-0.44607244269339597,-0.10072346721104855
-1.433525413030789,-1.615720917191676,-0.9761769262647267,-0.7532134256364941
0.03494957882024259,-0.56195945553805,0.46573280332101713,-0.3208618239154743
-1.6944216005839172,-2.007052999547231,-1.570269116220102,-2.0118648376041657
0.2967234327647676,0.2710011484665603,0.417492495242916,0.49962834774089426
1.529223462590535,1.2850186940302768,0.11099989213189568,0.012942418960894965
-1.1737768704031204,-1.3882297586326973,-1.0213094418240432,-0.23177008687928188
0.602518877397373,1.043198537893422,1.213983669205252,1.1816618185222463
-0.49604313380401555,-0.2917770200765231,-0.12996029918112517,-0.01830500052063799
-0.7511323155687006,-0.5445199782546223,-0.9998801078936888,-0.6772548207857642
-0.15817241052572673,-0.7216400036460078,0.20900943549079262,-0.023153479505736464
-1.7416179750441125,-0.39364224752410915,-0.3194562773922419,-0.23929406799368452
-0.0013889306386957606,-0.8061226324190736,-1.2884667627806294,-1.819773001310163
-0.4689899518335654,-0.5067581493297446,-2.088589327052293,-1.4747555238184988
-0.8387461871101712,-0.992046042126541,-0.3670658838976666,0.17365052726565644
0.5207157133774859,0.16451294631375296,0.16698233766367382,-0.8979315588134854
-1.0127865734436867,-0.7175165593484502,-0.6710704642515926,-1.143904107142508
-0.5115893631312866,-0.5197429002451107,-0.463703652518079,-0.935927887819158
-0.5971290188301813,-1.0512978795904169,-0.2706818564206617,-1.1226387558505282
-0.05052435113670272,0.09547415925266131,0.19450834307607875,-0.15387730269118877
-0.3679913597424981,-0.0822655677667157,-0.03944446163282128,-0.8714546716613132
-0.985143333155207,-0.7242760133535769,-0.7721938785031568,-0.5124097161559211
-0.7537180196181306,-0.5656752043587284,-0.2623346894253217,0.18039916354801486
0.34435475602991183,0.43512315252988726,0.3344355337964741,0.06403689260666795
-0.6662257228050675,-0.5060525334753914,-0.29222067232451077,-0.06300784466858976
-0.1495168409999447,-0.009903911692018442,-0.02014204523322688,-0.00965316976262913
-0.22389665712024406,-0.2573114728946446,-0.03481135373456755,-0.037722635887392504
-0.02309897095731432,-0.02564231599774071,-0.015003198275295782,-0.0047121256452708656
0.0029234419416827914,-0.043811959789598905,0.017402592374243814,0.05412341454070924
0.056282494590243856,0.009283376116120871,0.014162102669119448,0.19208672131342922
0.5789847822694245,0.4468266328222235,0.349249601020215,0.38574436171911225
0.9376768429777564,0.7764572000993428,0.35108894690435205,0.3440563949153969
0.5095122578450585,0.635864437078503,0.9103171427653036,0.49510457102267597
0.5933061056258198,0.49574429352741306,0.36504465084767224,0.39671478974283614
0.05741777038299009,0.04395815965020477,0.056044804706412175,0.003115735816552044
0.3605127169328641,0.4914930640750152,0.4062045209019347,0.5945602981703337
0.017892584503570508,-0.28551769803934723,0.1361661393685545,0.3270212390990526
-0.1317265465255319,-0.006610939405151247,0.5186931052001547,-0.32301196827243744
-0.40093868520719483,-0.2524231453763389,-0.08038032588898854,0.11827024888423789
1.2148676109828747,1.0772619717134293,1.291729547860459,0.5396516645488324
1.9506801950280614,1.6296314691457638,0.2001893269386791,0.17993829634472416
0.8071328877597015,0.7635440167781495,1.3855963758057388,0.9614086470955363
-0.26849726791928347,-0.49722019394197575,0.9941877966773673,1.0851906279331853
2.7889820067363376,2.6804954687575053,1.5170596763462683,0.3238325390090035
0.23340929547006453,-0.21735723419232386,-0.7382379272782594,-0.35221819557942835
1.5506287734766704,0.8077960062632703,0.8443753292262292,1.4200463106009338
0.7348951816298112,-0.17487892310459138,-0.36019676446657234,-0.2804848732800607
0.18766699678735355,0.7966095131359524,1.3948890373673581,1.6216161317683069
-1.342055770907126,-1.8369729412497195,-0.6448851239821318,-0.8645996329291011
1.5461776473607254,1.042554022278127,2.0254208897141033,1.823562948441416
1.57128354929104,0.8975810388212938,1.0348251417935013,1.3185575155485163
3.2064063613709917,2.6802890411710916,2.7401856014162735,2.0527571916737153
1.0461508374276762,1.4326620523030258,-0.26320847797657826,-0.7244433387339251
0.952449318874563,-0.5967884209301779,-2.5113751822799917,-2.425192163672045
1.0394756534052942,1.4206410211865093,1.4918497348001016,0.1519834927217014
2.045417013222383,1.120948393248565,1.9061021820416468,1.6173782858454802
0.8371678687641415,0.05049818944616016,0.4041572840812092,1.5877156768999208
0.5604112898990159,0.8716617875413205,0.06981215231215923,-0.15949176251356756
0.3217979976575596,0.13600801214887126,-0.19842237704397786,-0.3567631087934379
-0.21582657027059737,0.22943994236199294,1.6782715291083827,1.3790878864210139
2.478908922433934,2.075572041720383,0.8460665778163403,0.49623956377486667
0.1787805782569123,-0.11296102550482037,0.1628383229552785,-0.7561504344105444
-0.24809385574286016,-1.3908459522112273,0.07306569559126676,-0.6186694249800377
1.6429893644039906,1.4366212427856553,1.011273583378181,0.8765413977202168
0.3272098822203871,0.30056414426518735,0.37247827577514814,1.077796217963832
1.4167470463343275,1.4623076272407642,0.41792796959811196,0.07437476179910774
0.17286686323924288,0.3817201718808624,-0.2855276396492525,0.7006982892652187
0.9678243863692482,0.8896483299000694,0.9079008343477164,0.8369123293851607
-0.020607303672341797,0.16197274368899064,-0.19575125154866974,-0.13313472507540985
0.2551773285556284,-0.12581598814477618,-0.02567689342503793,0.38204734222495174
0.18921792655158862,0.1494511832462781,0.4784391303578549,0.5171652883292271
1.0655105864481431,0.9115248888943905,0.81948208377939,1.5149377251749887
-0.194882324150883,-0.2811285682172387,-0.064437111881554,0.3906781226229723
0.3606960159116342,0.3047113825115758,0.55020223863658,0.4317957519612361
0.10917661682469702,0.3354926793903565,0.6624369960352613,0.41806732533974533
0.1830367259893669,0.19175370322481755,0.10041968222152729,0.11349559006120502
0.07164318220590851,0.13617520449610912,0.11789645831600734,0.09190349888612422
0.015170366410147592,0.0049848709708255855,-0.0062673835578962046,-0.00994191571019206
-0.13321779000540587,-0.12211856861776885,-0.12194021930775951,-0.08213364105200037
-0.2051455026079938,-0.2668442657448216,-0.11314787163586497,0.00022223250009928454
-0.2225232408445629,-0.23637618232621044,-0.3714740266534617,-0.20211217186264072
-0.2205959073566231,-0.3407149366517032,-0.2766894091210043,-0.26841474656021336
-0.508919596624459,-0.2800943851596422,-0.21687225229618798,0.0392620507028878
-0.6406558072201151,-0.4424530206887592,-0.3667676522564653,-0.6137885484954583
0.2764121963729965,-0.040744170706046995,0.47180686151617274,0.16959461678343923
-0.43493677566557964,-0.6902163016308699,-1.0058826623950403,-0.6092437078144008
-0.9533137333428667,-0.4368322240384788,-0.34145600421554234,0.06889168315983181
-1.5175163379739902,-1.4644636184937625,-1.905656780186157,-1.2325638825150735
-0.6609961947191003,-0.21617175621154935,0.29900352991675766,-0.2986637627739219
-0.16947485486755548,-0.22128549844975637,-0.25556730988971593,-0.5069373291587436
-1.2142838541763588,-0.5824699170790908,-0.3019484942599189,0.3128027697873049
-1.03234293996152,-0.8098020915905182,-1.1876867261497694,-0.2366709427016263
-2.4639620268329145,-1.6492357684283225,-1.4073983685416926,-1.2737170495709724
-1.1847909949696078,-1.0943322813935465,-0.004111677774470546,0.03188224187074196
-1.0913510633472112,-0.11859167525474336,0.38123078418953754,0.3199452508315916
-2.134494658262075,-1.4692484134211847,-1.3679557125634783,-0.3561882510896821
1.678078170138298,0.8921443160705891,0.5696109310166445,0.695518372476699
-0.6542362329221663,-0.3222489855836509,-0.46418159203512915,-0.976550922369959
0.33023123566059687,0.438852030290655,0.6504476555473105,-0.9147235675216393
-1.7069962338529652,-0.9612305573461057,1.0441949125473196,0.802250497588804
0.0683836271053984,-0.08985799526091438,0.5703694191004379,0.4359140817561896
-2.4881593178318173,-1.1442448361042794,-0.4726777935589787,-0.6695968781697518
-0.3904317126175198,0.4688481269213781,-1.8437897941938912,-2.152699206644446
-0.7534068986384619,-0.763689143170552,-0.2355045307680016,-0.1069950593093615
-0.34008044472507587,-0.6281298741743974,-1.1872669564601317,0.12608854771337707
-0.26102313477866423,-1.171684297079379,0.31564157293889006,0.9941370391217957
-0.9879907400536331,-0.5567091814729604,-0.22309287709168532,-0.47023298643158684
-1.9382257556975058,-1.637428291239423,-0.6197370277571195,-0.7494113978693319
-0.5113431896313594,-0.5609379890711141,0.30903024433082066,-0.17704320485643468
0.5861015954767275,-0.25448815279915304,-1.021413138110699,-2.3414398491647685
-0.16028371978243625,0.4915301316015526,0.4261887108921058,1.0968195770889535
-1.499132199681594,-1.275767579504128,-0.49206136032363185,0.26884397894240963
-1.159735841554966,-1.3055334752279366,-0.6178797341604223,0.44101210188350787
-0.7628411747249827,-0.19329737988397874,-0.7894148483514697,-0.27191638633314963
-0.7570463411843229,-0.5926967462825815,-1.7519456532821414,-1.1480364957175853
-0.07955976604811232,-0.36713655722026445,-0.9537804220340087,0.4885322272419878
-2.0711174868855196,-1.8047446140290555,-1.0876496766843466,-0.7238139537305487
-1.073098944389371,-0.7447427717666303,-0.7381230387252349,-0.41648029097911876
-1.179719648171003,-0.4496281004857422,-0.11734160830117465,-0.7711689523803805
-0.17397046412029787,0.5332839710430418,0.496877602446692,0.4215535122009624
-0.29769266136251454,-0.7913749670597239,-0.5208775027362613,0.4250274752498162
-0.7155347326077225,-0.4264256957478021,-0.3882755835614416,-0.6799763470118075
-0.3471462079965452,-0.13154807131069876,-0.5765306175055518,-0.04230869590051092
-0.08314289180472749,0.09323181229974073,-0.40286973145937943,-0.41761400263544285
-0.14404604305211513,0.18801586724078057,0.12451685745935137,-0.040707059655818466
-0.27353382716650254,-0.21617266232090845,-0.21463024145418394,-0.11203467682307304
0.0016514512822925654,0.023582794179368264,0.07281321791910897,-0.101227613003156
-0.011153100064707596,0.00019124949089868116,0.01660853412104715,0.011209706705530698
0.014369840750775095,-0.01500629067449711,0.014289941837083542,0.011837736378232787
0.14736950095696733,0.16098044302089365,0.24927901006725384,0.1639667832805272
-0.03441272194092399,0.024745584598743216,-0.019095035880306147,-0.23300701414001546
-0.022074544235425726,0.027060993357972296,0.2698775911092432,-0.23726020733625613
0.7663849691444696,0.879365974858181,0.5203901707594467,0.5840965068608729
0.13978433446323782,0.05355534678513981,-0.11240163498403634,0.0984337245528898
0.4295124719121475,1.0794193879258884,0.36274377571482985,0.09338883322172027
0.5920742101819682,0.4905630582396534,0.48582698948358755,0.45030043871847564
-0.2017414519048635,-0.009309404516227138,0.27446712958364555,-0.4044430149286543
0.5057411043434961,0.5515328135142661,0.9589800647546878,0.5138578384302349
0.5490310749168318,0.2288834883356502,0.5120727861061896,0.48988530428689653
0.2288884833294415,-0.12378303711376888,-0.5790250339845502,-0.6567932671344088
1.1318584665998783,0.07505608393850922,0.21974190009808972,0.443198346874923
1.104730931693239,1.311044817987064,0.7459657747559632,0.9834053477899362
1.7376309153480558,1.3934916755679538,-0.034996492590457874,-0.34483052973847295
0.9640011902883951,1.1776399273236742,0.8938787936668663,0.007065317129097725
2.705376121678639,2.3135028058926213,1.5810221341470698,1.6141888871856283
-0.15712505568134083,-0.3002755662454188,0.7627613365222798,0.21870521181147518
-1.1728691254804762,-0.6341649269755162,-0.6712479144060549,-1.5878761486583883
0.9288509975109166,0.6283619226408166,1.5545218424659806,1.5250214765808336
0.022958887542396417,-1.0810829737297323,-0.6577845845419593,-0.48229342801905367
-0.1465040520661126,0.18566706835454105,0.7334198538011909,0.6871576277075063
2.506247918135918,1.3147365136073466,0.9332673073403577,0.4069452547733586
-0.8946962785603109,-0.7477165971113457,-0.2631507054396034,-0.2835840364646414
0.5329351053408925,1.1538085002587057,-0.3644263436779558,0.20629671252584028
0.9091621332464042,-0.16912944966670387,-0.81192271343151,-0.17876995848017743
-0.2197550703403131,-0.9386955334866095,0.920992007822879,1.054334462967182
0.6369308122554087,1.3775338752178647,1.785189100672709,1.8096088601208882
0.7197668091259366,0.8612442444332515,0.15709988971030917,-0.17542497968764664
-1.039210522351999,-0.3336192587686851,1.3102550276055434,1.419802639958927
0.1607451888082439,0.46200502026273516,1.5173957650108758,1.7003335999631979
0.591998601431639,1.8440734763773032,1.0370572407975904,0.2648762794521507
1.14198180841915,0.5610492921387952,0.07661131455772446,0.29670777438028595
0.9085414985701489,1.6800112156761788,0.4201165870858381,-0.40159744946582254
0.8086989431590308,1.6944208683838855,2.139920241943332,1.6055587873065167
-0.9980252791670187,-0.5893318152545309,1.3372647167979508,2.643268187766032
0.8706344146875539,1.5514171233711465,1.4227365155392455,0.26185549551506054
0.11747040313562346,0.22260974376959725,-0.22508071201435875,0.014606268835868548
0.9093632181780009,0.37223329640315017,0.011307998984655338,0.5287603335278224
-0.1862842308310742,-0.07582746311138099,0.2292473559572913,0.2807264212558255
0.5426282923912428,0.21238514693045946,0.16574353471988712,-0.2663630319323096
0.9737287923370391,0.6700829123585494,1.2414264828001715,0.8656085350247481
0.8136387878994272,0.41824298004347227,0.5304695254889424,1.029588887333354
0.07451765967184606,-0.18635292057568587,-0.24953391746972534,0.25273302923150803
-0.020534907416618627,-0.25365244539277537,0.39763677414272836,0.2775326140142424
0.3126980830407102,0.25382203961855293,0.2240938718613761,0.28901254888737177
0.06025513742038693,0.051518123973215896,-0.06468410885553283,0.011819770354614288
0.09524897230497784,0.017528436446030807,0.09814423732679221,0.08879081699008998
0.1366163978561411,0.15613542368861877,0.08862070668472498,0.028784980637810306
-0.00010054234140813743,-0.0021155907658797226,0.008767532485512503,0.0021534896975094323
-0.0026491795133259553,-0.0027950179376465554,0.003273474722307157,0.014424509538610172
0.05293888094892404,0.032077106787013046,0.025608786142580116,-0.15164463676020143
-0.11632721122730072,0.045067697604393886,-0.1407637336161784,-0.08829133654753202
0.2545038348453053,0.3656355060543801,0.5697469212665959,0.7007985545065134
-0.32421493044634747,-0.17218193239158586,-0.47216834226537746,-0.503053806275502
-0.3579064975742564,-0.30478887864782483,-0.6711250293393389,-0.6353312080729119
-0.015242945974678785,-0.5675345586000408,0.05489423807591664,0.13020579229365226
0.1635954341398981,0.18919120500069966,-0.22910232333056504,-0.2139337788113761
-0.5852197225583727,-0.8786481034547071,-1.22921758062729,-1.1130657234460553
-1.1387643012779574,-1.420461853139035,-0.6919052501982086,-0.2708113077606382
-0.08757589490193313,0.36612021499282443,-0.2737529005672038,0.5030476617387606
0.8188524479532853,1.2099359622116035,0.7703871729834078,0.5111957509113266
-1.8807680333997094,-1.7902761691051603,0.2009220349319488,0.7232548021358972
-1.269411426471068,-1.0957355601794858,-0.2027980125229247,-0.11849456574802586
0.33382190772786596,-0.15500097683638356,-1.0467781418069892,0.35926313957709743
-0.9662895130353112,-0.28829865230867674,-0.9673669978611876,-0.8018344369156115
0.4328838838117094,0.22012720889569687,1.035559089574815,0.9660309818764485
-0.8809614195295137,-0.9409517828313756,-1.3837156281428311,-1.5123257355190296
-0.6790421606202091,1.116563609204157,-0.6444270148694823,-0.973366186157145
-2.3752057610413724,-1.6255048938242633,-1.7461817726680686,-0.46620285557825786
-0.6897581844783204,-1.5296158369269797,-1.1245337545998926,-0.28777032531290775
-0.883091738246489,-0.6018544193981031,0.011146767924548306,-0.8833822478006513
0.12668712102321206,0.4310372851514862,1.5466924277055805,1.9261552747491437
-1.3107480678434715,-1.3129924931771597,-1.349526024686976,-1.0694655564141369
-0.8793369666036323,0.054870750257747944,0.30293859018975694,1.0965885915856326
-1.85240730938966,-0.6489833269572229,-1.9656979316367733,-1.5483997089106627
-1.717246571394798,-1.1976726942065912,-0.42673869964636263,0.6805700241341519
-1.9684094946875528,-1.5971800905298754,-1.0571049842748685,-0.295682685992767
-1.298596026187153,-1.552492926407753,-0.8760594190285487,-0.8513166554621203
0.8657526245276203,0.32272019218783404,0.5715386017375712,-0.722480490663636
-0.06771077434301889,-0.3223691771398131,-1.1016395609036493,-0.6409887165333293
0.5828814444225614,1.5314742548788103,0.6124563341621818,1.265242323463321
0.14288632630247267,-0.2502498810283039,0.3333399902182403,1.4782085794786106
-0.8933571419147777,0.09732379025945004,-0.8300807153162368,-1.1659566279179816
-1.6529432277113136,-1.3753907044819393,-1.0205812266649532,-0.6582603808013953
-0.47845556057023314,-0.7477978227948876,-1.4786100719334463,-1.5730032252622443
-0.7453321492931748,-1.3529475421372086,-1.568215422752258,-0.7203477848775067
-1.404387776674497,-1.3740159008283133,-1.7188734511670019,-0.7373139770689694
-0.8947810447664973,-1.1211388137087959,-0.5038310247430671,0.24931137666054703
-0.8164831693623714,-0.7446063835158939,-0.7094121762884353,0.17289490662006995
-0.6004894597159555,-1.2439928282615416,-0.6351248567496266,0.3770295347655671
-0.6213886743633906,-0.5259222749613021,-0.29760406903771935,-0.570194054797649
-0.6114853227333666,-0.7259867387793721,-0.8434179022986713,-0.5605614318586739
-1.3862662526146288,-1.0026196604691284,-0.49199531759536336,-0.3957805555284918
-0.6464304337347843,-0.43392914726479426,-0.5130455505227611,-0.6300857685736895
-0.6246795142439903,-0.9668911493647566,-0.6713640399395852,-0.5287598375831037
-0.10672841466866258,-0.0335737401898256,0.021950213959761003,-0.14537443140239809
0.020180011056035625,-0.11491369495310384,-0.034388924121143936,-0.05360620743470693
-0.011550762263508861,-0.039871893641310996,-0.13771005639650843,-0.11747920690505238
-0.02943801490212974,-0.029352837064596314,-0.017063079468530105,-0.018911848858770806
-0.022140098639204114,-0.06862792556666991,-0.02397129363691943,-0.06206497292367359
0.34597792106298597,0.35044044388205786,0.14989017760435056,0.016094941562387378
-0.08618947308302266,-0.03223573412750314,0.008365200943024939,-0.060897572339391914
0.7122383963459037,0.48948911654223437,0.43347638786638687,-0.008056687822370455
0.27659497167792957,0.02186995539641616,0.3467089125896507,-0.01578422454921381
-0.884520996607982,-0.6989330924042042,-0.8094604670026183,-0.8186224128018742
0.5855204007959651,0.2671873769551951,0.2836388102202787,0.3155110717614499
0.4257052828398482,0.1743372041114029,0.11805229038096558,0.20895348566214425
-0.04447182885360987,0.15724625226864786,0.10483542132399863,0.3001116827845084
0.08795142121015954,0.19739771975633824,0.39752246091645876,0.5148407863729515
0.05224401095631306,-0.3537806249363956,-0.10238131715902409,0.20643537681971805
0.9194349488307965,1.251222797333144,0.7897378888992186,0.29509323344232125
0.16749340122771056,0.29622308648420725,0.9977918265551183,0.8199497632094033
0.501133610482368,-0.08529248563078834,0.7539267777128851,0.9212918848290838
0.7095404283921339,-0.22105091986435862,0.19938730653072115,0.3758330402894024
0.1943101312266304,-0.3602032366137319,-0.08869819645171664,-0.17549466009900108
1.7680908840607445,1.8633197114563664,1.7638623653378116,1.77085667152933
0.9932710552643741,0.7823631057148561,0.5009717515589791,1.4124014777659164
1.977873745536249,2.000885004643797,0.8010805823098244,0.0978265317441435
1.6509595400709836,0.6747199887089232,0.47207697758071615,0.6793321864215165
1.6080066789823266,0.8160043079755155,-0.29935892038951295,0.6093637266371771
-0.2624346273429242,-0.8266575122824528,-0.48635649880396764,-1.6690059516184186
1.7874340054761855,1.5059193887744924,0.9163755247347022,-0.06868386254894153
2.7063257724483405,1.794331605814841,2.392274944632085,-0.20987830253617296
-0.40102471476291884,-0.5051337047110391,-0.6026285815589982,-0.20805990935996918
2.028028212077628,1.997779102938862,0.9875530350527134,1.7892112381590846
-1.0645773374081893,-1.4095190826573742,-1.1577402877969258,-0.7464015932816945
0.42318244225926477,-0.07885363794217547,0.014631444554264555,-0.8374208008207842
-0.7813376227377885,-1.1814225690784363,1.6349571820184672,1.9159957656011044
1.4691859498984516,1.6442270429631962,-0.039216132550884374,0.6265796072904367
2.2895581086193824,0.8006706707781251,0.025724630730593816,-0.14606541686854585
1.4069072374632168,0.6071999561243087,0.7109895557246213,-0.15006417361238822
1.7262310262139893,1.9827741086906914,1.9923861560630793,1.4145715340876541
-0.46729517835636697,-0.26081303373188736,-1.2198877971385023,0.07607344083094116
0.43867240544155506,0.9303862884163274,0.43647599028065814,-0.11513143257543745
1.3400140159028044,0.8056359987259915,0.3886637413007799,-0.3853786735567367
0.9923537428928707,1.121376050666469,0.18774937916781176,0.30248673928574127
0.5411057204269181,0.6306460768142259,0.5999165976288942,-0.273182273233233
0.5373042910648479,0.5231022971989706,0.31580437736853595,0.2875598718302564
-0.4030010869169645,-0.11350498515816693,-0.4405391831669075,0.0180368198037082
1.1478204828704048,0.4519474123659921,0.5021123324816424,0.45660933727802583
0.8947411099393695,0.2728875095616513,0.07802940035485259,-0.21322811998403512
0.3876870840895739,0.18098219665606918,-0.10883257167299479,0.6991830507581596
0.29210396770704705,0.3724041468867948,0.1496382599830397,-0.4707920770289535
-0.30736364545992345,-0.02618843576433726,0.2372454215639569,0.0136384348390157
0.30108513669747405,0.47873334925690497,0.2073555976799034,0.01875995637997689
0.11105309859290854,0.1886690052268578,0.14145614130347292,0.2249483297594573
0.11468419096270505,0.19819658562283404,0.48404020587587887,0.4596113958652645
0.05311382996443404,0.007878578155994853,0.029692663084216444,0.12726961612329904
0.006142528322487367,-0.0005073543045508024,0.009937419949598921,0.0023961095772281555
-0.09917127636933855,-0.07288148345338928,-0.036111175387660704,-0.023157642545935664
-0.10536845946055935,-0.13859605377656678,-0.1741671651833525,-0.1457823823416398
-0.016053945136452818,-0.15828014492709286,-0.07096388222107995,-0.1236451616794126
-0.7469803376404174,-0.6360923703240348,-0.29916328113942425,-0.04973375856727651
0.4495546267903423,0.057763294902671514,-0.25126607410711854,-0.17850104126539523
0.534784004473071,0.1392542100191542,-0.18493570757316352,-0.2548357238683164
0.6585696456979898,0.20070380734487073,0.0065528721342402625,0.05161358576125245
0.07379375228689047,-0.27319610850487336,-0.6069412211690602,-0.4908120327358409
-0.31335492242782137,-0.11983036345394259,-0.8154877005400027,-0.4903623408721489
-0.8287180493410404,-0.7709433405174317,0.5572946409370755,0.19370921549506107
-0.7683513310147132,-0.41478184908164506,-0.689446705553605,-0.3106054780923687
-0.6691125738640477,-0.7032640083831745,-1.8249694689055451,-1.3334855116504107
-0.19094051611715454,-0.2482494605243913,0.1664261252923619,-0.4766118259827809
-0.6423358143962431,-0.08611288765332034,-0.4493062136794322,-0.1600222523139298
-0.6441401339516618,-0.18140939061787495,0.3303873334342517,1.1286571184687741
-0.8644161534715893,-1.6494188183610923,-0.31120783866425933,0.8376068721989375
-0.9233242659733418,-1.125001431367306,-1.3715448589043109,-1.2763470918798179
-0.7013420429095097,-0.6697090301019724,-1.2111246650419036,-0.31657400062232727
-0.5226731351388215,-2.2498866546472915,-1.7220678174363704,-1.7693743391760863
-1.3755424947230628,-1.2917868399717245,-2.3756965884597228,-0.5177842454718831
-1.72850252617126,-0.9636216457303858,0.721587855944847,0.7784363444056803
-0.5702249313448168,-0.4551454802396543,-2.121292762029985,-1.178980497557289
-1.3189325660293407,-1.418065696741465,-1.8300627875483813,-1.0096098946909926
-1.7429099134386883,-1.6233320370399633,-1.4574591550836695,-0.45895745552442124
-1.2831937823481876,-1.9025791489011867,-0.27243593153099493,-0.005726051080053084
-1.396850822462256,-1.0985800336680633,-1.1753444518510703,-1.7061210732831267
-0.1578085049839772,-0.4906376969915053,-1.0170908265662713,-1.19355132069035
-2.112323632020172,-1.5029316877910674,-2.2981185038813825,-1.5644318847340393
-1.4109355558469605,-1.5622720848571483,-1.1387875964399465,0.5872158165072517
-0.43223957144334685,-1.075538647744011,-1.1169542463852622,-0.5377860396563231
-2.529626711884792,-1.7419286793915572,-1.0551070393054345,-0.7846213328195846
-1.3713390633374376,-1.2628150429670002,-0.45873349187214896,0.1836355893418543
-0.6987558674007625,-0.7680639831909436,-0.044067898959116315,0.09077577140448238
-1.3248118784548997,-1.5614287220696859,-1.044344492199894,-0.17685465616146284
-0.9000711306834479,0.3501418154663057,-0.35519108154727635,0.6645026188818227
-1.2383734907212391,-0.4254691050322787,0.7470666127156057,0.9795030933822776
0.3444969468944858,0.4433702962963307,0.34787608240166534,-0.19474986169932199
-1.4471204404723763,-1.3428439196752389,-0.46155299706014824,-0.46750468515891086
-1.0382341530171086,-0.6360590686051245,-0.1953909136136143,0.7806857965259667
-1.5634893392209575,-1.2548816453871536,-0.7080093339074759,-0.5860964323569139
-1.2488121717674727,-1.0706895814180315,-0.5677333170563292,-0.5099930133604763
-0.5354320706494302,-0.39374943851331556,-0.40816149372657506,-0.045160139058809126
-0.29935982385865373,-0.3093185339181846,-0.8261982025721459,-0.8966862503347321
-0.4491728623486098,-0.680188428853306,-0.541202268823172,-0.23299605392287026
-0.47633332901027925,-0.8039669968386037,-0.727900730364943,-0.4609795670892873
-0.5736916321216362,-0.6217554182181495,-0.06204843095866278,-0.14385914440757774
-0.42811576088638803,-0.3011387203688897,-0.03494617735345381,0.04609664319796778
-0.056636543954121175,-0.0716327355793662,-0.06761905101481266,-0.2727466474631649
-0.03960045742602423,-0.023931004743968604,0.07121488906732332,0.02164914904146012
-0.018781020706541203,-0.020571258844632775,-0.018418724151179167,-0.005433658757921252
-0.013120227763398334,-0.02664871492028637,-0.03656779907118456,-0.025626021254265344
0.2293222797341758,0.1985727758724532,0.20497191816944768,0.19610234106734126
-0.02297337089552627,0.07022312205858473,0.05698320335036568,0.26500362297104246
0.6997736233944051,0.6743725540886445,0.468627574578498,0.37465122652517124
-0.12572103200784912,-0.17628919032492607,-0.13725763989896006,-0.2476183615028399
0.38740920579884397,0.20324247961165995,0.39354404218443506,0.14308888549217175
1.0108977619539898,0.5070116758624492,0.7355153891018681,0.4524325954821844
0.3798297186951391,-0.1099852972164454,0.6591871829650857,0.45407617925350285
-0.2819223795404999,-0.5734468454804102,-0.660724470556424,-0.2655421615957478
0.8303235337347724,0.10193107483483045,-0.09298387308038858,-0.2804144706837278
1.0620027537166914,1.4595242282313605,1.1574810503877206,0.5006782704866705
0.5271561624824372,0.9381208717120313,0.5290446324842584,-0.612517940400336
-0.29125995263933274,-0.1118167622181877,0.29307256873844073,-0.036997558120105654
0.8363045472931423,0.5052735490815624,-0.17193960425745214,-0.7377253702131433
1.291931533999176,1.374363442911057,1.3454960868761074,1.034802229465248
1.0014463828256186,0.7676187986443622,0.3481336277224608,-0.5389261677839421
1.3062039693485716,1.5428293879366421,1.7796788131629306,0.06566377829337468
1.145080805754254,1.2980500475871932,0.7761442932847403,0.08906034068695297
-0.13616339617955758,-0.1725076069795294,-0.19733345339991612,-1.1423206551565546
0.05068807727255664,0.16878081739264952,-0.759667632613978,-1.625956892738592
-0.2616143561651879,-0.699331340700108,-2.005598749872498,-1.6003020368424703
1.5063101415571252,2.3960901649087147,0.46362702483246715,-1.0454179657634528
2.7599710314060277,1.343776903734202,0.4885595228753742,0.6579095755598093
2.2123635930662293,1.6974114037670454,0.06483838276899105,0.047731325141401715
0.1819877878993669,0.06439218946705219,0.15579605609418065,-1.6674225446671178
1.1527374806502444,0.42435439310106043,1.2815566843721065,1.5008810375164356
2.70452808296151,3.904275889546636,1.3052243268098207,0.4700109732116259
1.7095949972859772,1.1506162118810472,1.1941967609404183,1.4795996476731168
0.09570621375274675,0.6598409608642947,-0.10200682941033885,-0.8136116894919875
-0.3529671356727438,-0.47036734059530666,-0.2223732226697325,0.3808367516173136
-1.696358950697461,-1.8153334495438045,-2.6772471587090774,-2.5968081980267614
1.3678170041992042,1.279352392018389,1.275310745523718,0.3387223831858871
1.7507381250599823,0.8727210615115221,1.110571048052885,0.94876755802506
1.0458714775985336,0.357893384109214,0.9863696268764091,1.7432689873523575
0.6085768604620281,0.8479033607877944,-1.1607429588043872,-0.588182060165708
1.6152614028190606,1.7575363387269858,1.0667572113871917,0.5189584585421243
0.7431769191286156,0.9513553709872156,1.3624233850506784,1.9288161706289395
-0.609818001176299,-1.056571988153814,-0.5003467175808576,-0.23337934658958862
-0.10519818599538422,0.06741315026358417,1.1759398042149647,0.7446998253963828
-0.11535612266924287,0.1682553600448917,-0.07646688230544273,-0.09566648190599539
0.6689440940879936,0.31443617361740844,0.09172082403021786,0.24044920482835477
0.38478584078980116,0.9781382033387168,1.0062962824857196,0.5975495511862323
0.8104850157650566,1.0828922567750277,0.5695429539701209,0.5048264043889086
0.5310648842661175,0.069962598482291,0.12136915507122518,0.19773722104072197
0.21717486815063386,0.022234952212699523,0.007636595311134214,-0.15591546999456538
0.444030497332788,0.21440809078646295,0.24289233547803737,-0.07902819635414636
0.10631070725271347,0.22274558299519245,0.31731335651713877,0.329615739605629
0.04027679236205826,0.21047049333266155,0.10086031555096761,0.15469708189142614
0.027075251947369903,0.0018019132812133738,-0.039403287897224526,-0.07389588654994679
0.015870177099870618,0.00924768102209476,0.016413791424118043,0.01948511941567267
-0.084608701964939,-0.05717154509128702,-0.06267696608621542,-0.047257671508593106
-0.07849809183620546,-0.006385468760641269,-0.04352940994715649,-0.01023290621552596
-0.004374542981029459,0.014613587866176494,-0.14489266175880397,0.04670742429330433
-0.24307759598151618,-0.33307939876116827,-0.17350887433693207,0.03461516689914562
-0.01693600942577454,0.20203379617176617,0.3367637909463446,0.3802210834640584
-0.8115206929591372,-0.4314087691029502,0.08604226587616577,0.003204817722449319
-0.1292394900594391,-0.5309685690104377,-0.316152013850519,-0.5085887077187443
-0.9296451904161201,-0.4071488990973186,-0.08030070396448384,-0.4062865299376275
-0.604639472401432,-0.263588646085899,0.33588405570484126,0.7283243399142705
0.2641616981201117,0.5384086002358818,-0.6923381273727643,-0.9179962761768642
0.4140659682966752,0.44545312234690587,-0.2492291543120169,-0.8771688449378189
-0.8901721029986985,-0.888534556857796,-1.1697905393144208,-0.6094178722673087
-1.5259635523339474,-1.4800311316053794,-0.8412552318201362,-0.2926066844719662
-0.6309501840125666,-0.24255140677336792,-1.475097538808033,-2.2162186569956757
-0.6516503791777802,-1.0525111682801713,-1.1045882117226817,-1.0753015473771683
-0.549153384355293,-0.16329155379955274,0.7960976351706014,0.5163542870435477
0.8402726787014158,1.2877796638098435,-0.3246889299022158,0.1399821620264536
-0.2997828268424095,-1.2789896305646393,-0.09781495684474452,0.09445850966136368
-0.3834176399922932,-0.3720466242594428,-1.4312220262872493,-1.4140141984153272
-0.8366267124937293,-0.7425034970870199,0.20175617903552148,0.5058649159816192
-1.9585635196983764,-1.0738328207493066,0.1915456091739372,0.6898514422400642
0.18116024288515092,0.359049425928135,-0.3058112567070625,-0.22092096245903226
-1.85693901494654,-2.0907823014386433,-0.2816490610554221,1.4080151780837837
-0.027276971524635936,-0.271304027558579,-0.4236706054702244,-0.37507681622190386
-0.8632001966733739,-0.7527414574096298,-0.22309265730688962,-0.3240343863390412
-1.6632721655160927,-1.9674377955418234,0.06355149280811428,-0.9745352119766241
-1.3081533187953505,-1.7121128466020594,-2.1760791100455523,-1.8729598907130753
0.5657309645975148,0.8255195445948837,1.2923835119866052,1.2407444242474603
-0.7937416202207875,-0.46988132371454705,1.625425712218989,2.127896025688232
-0.9781174317539447,-0.4944313584590208,-1.4242473129213302,0.07565607015716547
-2.640713194090304,-2.8143134126840184,-2.7510027510242465,-1.4054952524078428
-0.734329543753511,-0.7452379977908835,0.07185857457540173,0.4169356735664574
0.006748042218033388,0.7956851239537893,-0.8336018797248131,-1.0440090383502367
-0.4923352668167829,-0.6159790539523957,-0.9975508304009161,-0.35571733284262147
-0.6730160451312884,0.1699680603135064,-0.6427325028980236,0.13183019464087872
-2.3474110237477404,-1.0541326861877127,-0.7390504755622455,-0.273955058823837
-0.1875362207403922,0.03131011988801805,0.5399128250872878,1.128294108241141
0.06562625186936381,-0.023541455171214826,0.4823266913047662,1.4178500664164984
-0.46726341676217514,-0.46249191815814705,-0.061948534538002,-0.6189603788399385
-0.21632824881683743,-0.029741239224539844,-0.2827738395293623,-0.0030814184475478
-0.030509851132367913,0.19180882211164046,0.13296529738422952,-0.3555799777891787
-0.03051000335603773,0.4360014684890546,-0.3935742421279839,-0.09197537202243256
-0.3130368635770879,-0.2736511520413748,-0.10394748453631515,-0.9878399418055634
-0.14397595435204705,-0.2219210462551312,-0.36824021055789524,-0.5904644660983523
-0.44874285040981904,-0.27406857185232025,-0.2784410499418758,-0.28853515379723316
-0.3985077329203941,-0.1968874490127636,-0.2859286091960534,-0.37217067856766184
-0.17945748767117886,-0.22702378815667104,-0.13049669121511726,-0.2784409885819559
-0.025373614959344364,0.06760292419461879,0.05118368058172185,0.06918706231507246
-0.086175965871177,-0.024824450829821303,0.06605256410542981,0.10230145664227193
-0.007281905083304226,-0.007100021099959906,-0.0003438058591792954,-0.0023560585132158048
-0.0031716988808266336,-0.04323716579387723,0.06082366048221911,-0.030869251103916178
0.19276868854629442,0.1652182924842284,0.24988260382474048,0.018782662419875428
0.35266653697159817,0.38135288089637304,0.21074821081584902,0.1606459733336232
0.27118112650359283,-0.10243543366678191,0.4974099368176043,0.054612124853656005
-0.12480812730062084,0.05136195216477373,-0.5107006494440309,-0.370765531843751
1.1486739695250523,0.7189632571684011,0.2643293930359118,0.49795413856122434
0.7388712046997616,0.5230585205131061,0.7926718387807936,0.7001435223801701
1.304867926829722,1.3607688529937907,1.0330795049849815,0.7377192138104706
0.566758142005934,0.7020476719166386,0.016118252406517652,-0.1505531253067839
0.41220383973904495,0.9536242366107508,1.1153834684472443,0.5750678072726866
-0.09694444467036424,0.25890004651728105,-0.05127681265500841,0.5398967860047093
-0.3304328535849997,-0.13248507785080293,0.2666305273720306,-0.8085611478630568
1.2489221705677596,1.2212044860515008,1.1818092863206862,0.9857838275519653
-0.3720919465850262,-0.3338385984184678,-0.5518808670843361,0.39680544044650334
2.1351993938737217,1.57126056209064,0.5205516977946115,-0.8408416869515646
0.2875249125064193,-0.02618985013013977,-0.3581587766516397,-0.9423384791306563
0.3258471741741972,-1.2773321686392318,1.4881069670158757,0.844394868488044
0.5713250512545138,0.5196173909504088,1.1838967029410763,1.6819235082803492
-0.037007312158441656,1.3894999517513478,2.268600533334763,2.7290864524350065
1.9893918126171224,0.7883710713168721,1.2502874077772468,-0.4096582107814833
0.3458366593114787,1.2439574808687999,0.9315379552228152,1.730777653502714
1.5274588595224297,0.49148129698350457,0.22462230387901927,-0.24641603086178912
0.9024018117334012,0.8198227731364804,-0.30602519708404796,-0.952837792962404
2.0635444696886025,2.253729703336744,1.9112436423380845,0.429953102405117
3.2925433036311276,3.097953005722945,1.2135048797504362,0.9638363152971401
0.9757605671941956,0.41457524009308955,-1.2732970228845375,-0.39784391654621454
1.2203543069105265,1.7419304587242115,0.1461560489118122,-0.6581843097258417
0.08039709623235668,0.7847517428107074,0.11219541523255934,0.014096196752248854
2.7365658256653913,1.9342450191512204,1.2068524139455634,0.9228439651777657
-0.17807382341411826,-0.550970671515443,0.18495031378160243,0.09134438438246341
3.4106340042267704,2.245700310578505,2.491292077838332,1.6180241754247688
0.15669820616776178,1.0833866683635136,1.7842939539536131,1.6508647889465877
0.6439875363663398,0.5327991181939333,-0.6135913310219728,-0.5820909055835647
0.5551902428015227,1.064862989616818,0.6990098450629121,0.005015036477699189
0.559654431099547,0.4493587471444524,1.0921816543446983,1.3151275460678142
1.2612656187358604,0.5054094077056012,-0.4673529556964424,0.20383512692580041
1.897356354057944,1.422574694101105,0.7204715319192179,0.27194026110495423
-0.16091254020843282,0.48680120777647184,0.12549473377465517,0.2815591437415157
-0.2925239589107524,-0.7135041607291209,-0.5304411151425378,-0.3716205536558181
1.7205986528385062,1.6087203170646054,1.718098041643092,0.22597239014016318
0.9919497406735919,0.5663381329160965,0.8237435517655659,0.608439832427012
0.7437495658426487,0.9735060820005544,0.299090430489473,0.033529742783772694
0.06973330950241753,0.07212662011464994,0.17429237956946678,0.43427012936851145
0.4842851008737952,0.5627587998437912,0.5558032510315372,0.8906852880343327
0.8552625062910677,0.2414909283813182,0.12020859621932312,0.05653047458455362
0.597059315571472,0.2769135355341273,0.07634698450662727,-0.14436766799067124
0.5113281466779692,0.6227545476418944,0.23039418439132614,0.21319316728937626
0.025223538045304687,-0.04861422981239909,0.1097783873626431,0.005474406496734372
0.0954707633373572,0.15287504066359223,0.16916274729309913,0.12705156908422513
0.008467819938409945,0.0011592208975614731,0.010091938127820398,0.022616075847361333
-0.09071198563831313,-0.12063555585739502,-0.12253077317121625,-0.03022899511629897
-0.17539862875225315,-0.19166862761557324,-0.18196077036223135,-0.20834325002695364
0.22816729065335978,0.01139590560399508,0.030423986098007273,0.15837248285769231
-0.2683654833252566,-0.23664123767635895,-0.21043894442975009,-0.2387360719863774
-0.6246217881250621,-0.3812228716650951,-0.019169469533105724,-0.17368726704363696
-0.4476906197821018,-0.14407237858479266,-0.3523740620502568,0.3850558466195183
-0.4212628852051539,0.014682417291996906,-0.6731628178049771,-1.0877738051691486
-0.6279438630613355,-0.5064834795049393,-0.6281134600009485,-0.3634071359371745
-0.6735977101274181,0.05839032602011228,0.05556452824383875,-0.15572172133796633
-0.45066063238966225,-0.6886298846527148,-0.2684663037390712,1.057017264984128
0.0077685865508468005,0.16720364942030896,0.43814386468487293,0.6461030189467903
-1.0164699449457735,-0.7251024025162326,-0.20551774375110857,-0.17391220649310085
-1.665255380262637,-1.4569743169796217,-0.7831834950348322,-0.8997767497572904
-0.6510632445549984,-0.38653876874426985,-0.2237383425614059,0.43247586702972646
-0.37720953258174833,-0.30636317740690705,0.3697633748856372,-0.7802144058469143
-1.4408479035073376,-0.3279028981238749,-0.10891692271017049,0.3816621014296475
-1.3088371952758702,-1.007064133168366,-0.5089225671832279,0.20635906818645242
-2.000303277237073,-1.1951158011504164,-2.4148883460478854,-1.8633904761026492
-0.8877666230062626,-1.1901377992003632,-1.16261851103645,-0.2352919807620246
-0.6199839938711412,0.11635887796532236,0.5716784376675251,0.21141772065113698
-2.1736205023018944,-1.6475103476548147,-0.9389413465059343,-0.8801684694819012
-1.9026942805444922,-1.1065625352356117,-0.3515256474133672,0.8354660854884572
-2.0553278263141386,-0.7442563317102926,-0.2909014302695971,0.9377366829622865
-0.7026457888525118,-1.6291647900845097,-2.160592375173769,-1.2384188019912403
-1.1508496290426025,-1.13068547037134,-1.3597135891011538,-1.238675963361696
-1.4852433677373702,-1.966244196936016,-0.8455527913574514,-1.7062571972185039
-1.796970657245318,-1.26816977495308,-2.9379143946792663,-2.60332398378985
-1.3875745049606187,-1.1649287823913315,-1.2670572448307662,-0.5002051666332904
0.6471204477132658,0.6465099172792893,0.4771919272051816,1.2055367374720523
0.34666295221777776,0.4413958059366496,1.5362623677129448,1.7133950140793157
-1.3666440318308728,-0.6268530017198307,-0.44282927065750083,-1.0750262394870436
1.0561942294482585,1.3312854506143454,0.9288295925351109,0.11266245026983826
-1.039997263606645,-1.005384931201203,-0.2731812585879192,-0.31144382063407017
-0.496857051844371,-0.4002785181840113,0.804799513459424,0.9520760249887563
-1.4041824191672956,-1.241921581415191,-1.1175399691917813,-1.6581621412008973
-1.1262047330044447,-0.3327876652771501,-1.4165977444881117,-1.6057181305519834
0.25348750058039704,0.5345227980250523,-0.04493819236346183,0.3778813146927866
-1.4019344690190332,-1.996201596769672,-0.7787292794663804,-0.35562675161107354
-0.47889523211377133,-0.8810363479069933,-0.9369148752170918,-0.45843082888180264
-1.7565424468668596,-0.8818637922559925,0.37515621310451835,1.0229384101477612
-0.8295826743600494,-0.8173822063619235,-1.1699809866039128,-0.44479990455515067
0.14237890348889284,0.13934747057521618,0.24535490074239857,0.6497606722956578
-0.5651159558883098,-0.2469920037742797,0.06354902509108461,0.07462235093724078
-0.9265554801197239,-0.21002497205204165,0.28941698099608926,0.22816056736139395
-0.651959416370237,-0.3268292790458663,-0.1914822575615768,0.026090971438951352
-0.01633251012724727,0.0026608058073773764,-0.352183983794382,-0.3164153544435113
-0.27630155247666377,-0.1673791639564881,-0.12842385172422002,-0.024185271085438907
-0.11603328647574429,-0.01719855413297249,0.1635598322785221,0.03922241012432576
-0.09218090763652356,-0.08196093021092109,-0.1575791721961268,-0.12969093543599872
-0.005104788888830501,-0.008453829811314451,-0.009712935369502252,-0.007658634667900266
-0.02761536877761275,-0.07009239222809945,-0.09201672057429498,-0.032001499066850264
0.03756970044367773,-0.05317517000278896,-0.04483450116355057,0.08428959774309312
0.15610389328597224,0.1495454914617613,0.26764384234537564,0.24763596469004287
0.04810183683634524,-0.05156515564812744,0.07706119272327948,-0.01574998017464788
0.40589411107515383,0.6528243265521394,0.29470283634676203,0.6206276601246974
0.43369522164642094,-0.1482032535761791,0.28283446799051776,0.3187352772766117
0.17391156738497993,0.06071517922456225,-0.4395630634595038,-0.6229946051575195
0.7963513682699045,0.6732688656763378,0.6811542987698392,1.2213367715586652
-0.19263400104222572,0.02725778732520763,-0.06861866034611608,-0.11588000554051486
1.7136322125945702,1.7719889323360756,1.0425051358327875,0.03417878551718098
0.19793314125323003,0.5139636620655574,-0.32284506188068,-0.5956819775013389
1.4708818709357603,0.3255943187401755,1.0580597398066898,-0.00010158014669699926
0.8352037541771501,0.5681295474798603,-0.5016368676477804,0.11977914415540777
1.6165789076192822,1.0165732114391965,0.9103221229672781,0.5667975671317685
-0.40522479978673615,0.08511806578315229,-0.17426209927562977,-0.16471821576461226
1.5802408955750324,1.2720319612829336,1.0202571296175704,1.0097040014102243
-0.6048838126797699,-0.6461627699378817,-1.1529506306452717,-1.3277997874441312
-0.14749131371692728,-0.6628617923312043,1.6479535125188765,0.4549497453813596
-0.022837368148245548,-0.539479902680664,-0.9232409549169014,-1.1923782757997732
-0.6175291805557653,-1.3476153639398136,-1.693852902353119,-1.7599585897184538
1.4368163065272976,1.5612212798060128,0.7087569588427823,1.0950437258864423
1.880692529844387,1.6750767868121756,1.1855507580377098,-0.0680929688144642
0.5568012224113215,1.08837909266563,-0.7987946694227819,0.06023244270761587
2.1457341328365636,0.46268050200143374,1.0662708287162186,-0.0997109233906191
1.7573558035002748,1.9051445969874288,0.8586672458385146,0.333992027192259
1.1385889792855615,1.6323265177660253,0.049167434406100705,-0.4541706292117955
1.684274271888871,1.7248291619221245,1.2157842391467553,1.3608840783696357
1.305446711244916,0.7992495086714096,0.6685543956135198,0.9415365896753258
0.25837550997118847,0.09494661495315476,0.3670255540717822,2.313591139946174
2.8962626322428378,3.1665350572112523,2.7220970859773326,2.507224363073004
2.4672259110515875,1.3673698239845198,1.036818364098048,-0.350765505101263
1.9145136918582146,1.4502631197350233,0.07270005065834428,-0.12167088321752291
-0.26486526030748603,-0.8141674105545476,0.0667262606288508,-0.5516599602759322
3.1900020971814347,3.3364892019224754,2.384577228768094,1.3355596575534547
0.939667231851713,1.1826129972790353,1.8687078760575873,1.1908861804331576
0.6307427867765191,0.9399527857866623,0.8948200533464082,-0.08840949953662508
0.6262211839083116,0.28909341552442447,1.2991658126118464,1.0477656603568435
1.659691063545864,1.682721816723137,1.030623778336074,0.11055096647297115
1.8404953050891464,1.5673455933733116,0.9663154220908756,-0.09723902771161738
0.5401401713845062,1.1907035563610022,0.39088085229588954,0.5302060142104067
0.3928351439729249,0.2983761768937721,1.0534338996756476,0.4594324612497269
0.48137085712228245,0.022945937796139963,-0.11841580169605623,-0.28265457650634174
0.10284424566345772,0.288005623490615,0.41385901830930916,0.5121576827431809
-0.2861446666919206,-0.4767129212613663,-0.21645774138958873,-0.030212893494068537
0.18912874017158623,-0.17275808799352646,0.20306320280035628,0.45259632477574746
0.39020293016792185,0.4928594923566549,0.6871307221005466,0.3423544388423098
0.2842897798793756,0.27331253895982527,0.041914556357303,-0.11810808629889974
0.18734213992274482,0.1060646674765676,0.10175713614749247,0.20658288716249726
0.10827778405488213,0.07565801089793019,0.05341922439934163,0.028300715229717815
0.017351783802413666,0.01693691346842736,0.009409056661820313,0.008767970868708416
-0.1314142027829996,-0.14970737278645962,-0.12739639471511108,-0.07177819711319804
-0.21059126367944145,-0.14956527449249063,0.0016303729541198098,-0.04223627304270735
-0.39844129824913277,-0.18135888001966166,0.047753174982960576,-0.09049262716391433
0.3722892096863937,0.44337094444692854,-0.06323340601943807,-0.0971960473852408
-0.3233547090587263,-0.46961888628165455,0.024723283919716794,0.2228007523293525
-0.44409541198001296,-0.34130390068681277,-0.5319751461954061,-0.2624509508912295
-0.6013590806814512,-0.08185423800275372,-0.06673668929472935,0.43935652587830387
-0.6764364692812226,-0.5819151451084277,-0.33201927108058055,-0.25831298430904265
-0.4468055379312552,0.01802200956644042,-0.2841898228061844,-0.2985608045322734
-0.37807735885672206,-0.34319147885473283,-0.9114013455870252,-0.9621976673704987
-1.6360316388274998,-1.4807965428194123,-0.43210150863199115,-0.013264023772721041
-0.9189227393205511,-0.7416010333644311,-0.9732862117128273,-0.686582550221347
-1.3296440319379832,-0.47915414159137565,-0.17307029072531294,-0.029724484182453877
-2.0331793181934454,-2.192267926014407,-1.336370627730733,-0.24044910316389648
-0.5943397739205903,-0.5310752612994695,-1.052254396631926,-1.311163198010543
-1.0170564805662057,-1.2331306741401746,-1.1195199137319047,-2.2426991856232883
-1.7596508907171329,-1.881563601604054,-1.1632524425814987,-1.0465656643970378
-0.5632814488335531,-0.3473508366991949,-0.40220380778261405,-0.23647760076529742
-1.9186936414458131,-1.547588494617658,-0.6039136783115457,-0.3331342261582696
-2.362032956512833,-1.8790079458243367,-1.4495333189649342,-1.354126437333984
-1.6287818866869859,-1.6612006165726247,-0.5161385778520216,-1.6504012279339568
-0.8581045135741218,-0.7957526521437104,-0.15181970287603153,-1.1801107644954996
-1.6717296648973723,-2.3086992588341744,-0.776092779608734,0.0950199710377037
-1.4956075145280174,-0.9252117277558906,-0.3431135501748507,0.5176548854258253
-0.1878040834434362,-0.28581726296418436,-1.5174088998189337,-0.1443885391139948
-0.9507553727816376,-1.3549391730365874,0.07402960463851295,-0.4870343748793407
-1.5577181354140377,-0.8117410576481104,-1.914648173876881,-1.9419931377338457
0.016551815011665565,0.5531856715589006,1.8930854708806966,-0.41731382218314006
-0.5275756767989096,-0.13285056776208917,0.24475727017822657,-0.6652689320709236
-0.9435572699585577,-0.8752562893183798,-0.8683726189469584,-1.6077199674194744
-0.5206591115971785,-0.36688444739853576,0.9720421351611086,-0.005535026396647964
-1.1084387774028004,-0.5692477384673413,0.8006513020011146,0.6634632028896159
-0.18532172411574102,-0.08871695548078501,-0.43998384514204136,-0.13310653852289403
-1.1984030228058666,-0.7861829760899759,-1.8144555729922127,-0.9213400396864723
-2.0212099763802445,-1.2352585050415377,-1.2891305059096523,-0.8295749031499807
-0.3047054882051361,-1.3798547776422856,-0.6716234712253581,-1.1692061966748886
-0.2150319581427069,-0.7478117581949193,-1.364902608460429,-0.4039296588342449
0.2662151699023017,-0.08388902724988279,-0.44513984543262247,-0.027187542418904885
0.29732051194082826,-0.3892039624950478,-0.5732673343017609,-0.8951447407921547
-0.4194409003689052,-0.24929064583875726,-0.27272071223567523,-0.324949794039371
-0.5822912822646331,-1.0355691571039425,-0.9512345828420551,-0.30715186074696177
-0.9699652435493988,-1.0417285219635113,-0.5255886314674693,0.041682386968459155
-0.0014563988181667017,-0.15404404482500497,-0.13477659007752818,-0.3492340206222914
-0.6117177567439535,-0.45525311912803523,-0.8121449735290417,-0.6820346938478872
0.05349064844720885,0.028421363793608427,-0.06570740969232639,-0.06590754272285371
-0.34999804701335685,-0.29054995599316324,-0.21398935985017528,-0.28444195281844187
-0.36851176368249766,-0.23154843608194703,-0.36819427813631034,-0.19325377736719282
-0.18928153419421873,-0.27224803219673105,0.013339774295979637,-0.14586846709661186
0.025670998571894744,0.04686189979423822,0.04353645075205553,-0.09041014003854332
-0.020284259404677575,-0.01906640787540964,-0.012227904976811177,-0.004241643640500357
0.10837172958666041,0.1122021624254298,0.043698813355972345,-0.022546045490655295
-0.0672677372059528,-0.0831823696538678,0.04881155827617028,-0.02625453717572663
0.11244153627590972,0.13819794369618027,-0.07800428994474226,0.15177668187033852
0.6197605520174627,0.3363123943738851,0.5919007052891847,0.5842229506256966
0.6403245625700626,0.5305758182923029,0.40675940476037825,0.3430988974074811
0.8121413359202417,0.3893073503767319,0.4953394416460928,0.4001520153946098
0.21972086962912135,0.16121452580680892,0.650176338049435,0.43343660373623916
-0.3264683695659043,-0.4036275581751539,-0.938115981040487,-0.9317904098187455
1.7198221079301461,1.5895171318412187,0.9285664923030041,0.8205023554034871
0.74039621825479,0.7150423081743635,0.7853469783562448,0.7935296529296791
0.37055335353084357,1.0034952989427304,-0.11875680860544303,0.59761113601089
0.8945308704448779,0.32288124581179384,0.13292296257591701,0.03872047203397799
0.2051563107092023,1.0439832590518614,0.5149495519753664,-0.19627869904071732
-0.8560116665803609,-0.7834705705209369,-0.2258518636978407,0.4511330854317282
1.0656055657574668,1.1593711844522818,0.04713484247569814,1.1159297995824906
1.5748780851400805,1.5359422078157594,1.9666234816721735,2.5524077925380877
1.443981109608489,1.5527723739698445,2.4355716239804646,1.629436196070133
0.0621433528482866,-0.06864150916520202,0.5604583582496754,0.789568820978015
1.6114183103153656,1.5078114889182752,0.4963389787290791,1.475795742294663
0.9134940569179444,1.1278583522004162,1.2530840571140751,0.5570863463651351
0.8600308671805323,0.2154114438960826,1.7950330019379048,0.8699997211949052
-0.699425869742016,-0.011466007640979397,0.8387407693285853,0.6586520067754406
2.5070264887896956,2.832333798881917,2.161907227986076,1.3719014529577798
-0.21204745386442647,0.6695111315458485,0.38393822723541626,0.8207289285824305
2.18193770781407,1.5545853100807523,1.9686093616452263,0.6261427306858341
1.8005230357340278,1.1495946212884172,2.4812827167018088,2.0681485907588004
2.010317316479086,1.1611843058341882,0.3076678347950642,-0.3484977770767845
0.35347361490815343,1.1709757974172998,0.5514454849609536,0.2251874904151422
1.8071349839179034,0.9220289182947752,-0.1646621657514838,-1.2647386459830388
-1.348905780172836,-0.45452391218683263,-1.8277021643390001,-0.7751441455472659
1.144288585275804,1.1299817283657692,1.172499937065775,1.4743631744394243
-0.9613328831001331,-1.0634356406952037,0.9702064699420133,0.9934309701375724
1.8050028950655053,1.7035542711810998,0.3876400708182738,-0.3841604017205414
1.6122092055149,0.2615908171627544,1.0292078846861634,-0.482179080808487
0.8381045676855947,0.16343041127779914,-0.48098192641601806,-1.2255597167856
2.190820049696785,2.460854518922741,0.2698990836630013,0.036718999372752546
1.6197252800471504,0.50737665225409,-0.2936220874256931,-0.7896760594101686
-0.18846193140125828,0.30496122005384235,1.427308835389532,0.34761104882081784
0.5744176822754764,0.23793882940546834,-0.3735917946071248,-0.2772664839098067
1.3348706931506942,0.7064351019349653,-0.308520721258628,-0.3219908485435284
1.0240735251521549,-0.002218214057760521,0.4261597104609479,0.8176750999140775
1.3703697408610858,1.500671387288407,0.851411646117551,0.5061915098654006
0.339921136306235,0.7662969265782681,0.7070097865314984,0.17112129767271922
0.06513396989246174,0.06456921304248889,-0.03958704220772176,-0.21004815704738222
0.362284653081843,0.11687077257433291,0.4475416050391264,0.1304623261255355
-0.0050895601897277785,-0.1970880607882356,-0.26999556836182037,-0.02385066437839456
0.3260229792783139,0.22448852411427553,0.26637316631642766,0.3061305819639577
0.1584671487557667,0.12845955908354434,0.16046697456148762,0.05646214397739701
0.04689594913451062,0.0378366728501087,0.03720672105453883,-0.00039228621182019197
0.005761864969686926,0.012208901673207137,0.01218041715772193,0.01174576998124063
-0.05531083369033905,-0.030450699797116718,-0.052806486922667095,-0.058435411281327926
-0.09053980420739491,-0.1085376375736137,-0.17916118706593998,-0.2171963563997476
-0.34617534398278826,-0.17426200999080751,-0.27961724034481034,-0.3588381253572042
-0.4526352378165131,-0.3661059269354153,-0.23550624324549715,-0.39035720684220737
-0.36882340778109896,-0.25901442140063397,-0.5130122531903535,-0.40964600687128766
-0.6207761777065216,-0.7931910913708656,-0.03604195790950308,-0.08192864107217554
-0.31706466811770395,-0.2971443258644905,-0.43963410707679107,-0.640151417603456
-0.01716510310162076,-0.19491069200550548,0.38640527415896836,0.4769261757527292
-1.329922320402694,-1.3922387428575558,-1.1780853052472482,-0.7931671180520119
-0.8708680147923556,-1.2737338881931894,-1.2566876139485719,-1.3083778789796376
0.591675335406481,0.5297633856994843,0.8819382570561048,0.09117145847736303
0.8425350244408377,0.09117782067337137,1.712397331014994,1.292406786972406
-0.02585673776522987,0.27713850868692713,-0.783589981834341,0.1494704919225398
-1.4246265905909175,-1.239812849911622,-0.6758865530762425,-0.3059062773546124
-1.4104447542698069,-1.0306189986298853,0.576053206386313,-0.3212626468345594
-1.409083764922101,0.06580752429120341,-0.8515932627968754,-1.079555614219259
-1.9562179356939706,-1.6598946090061617,-1.0464812710144236,0.08099427639996215
-1.8932242022040318,-2.398089439745446,-1.7720813808199158,-0.4536087477671708
-1.3565435549627225,-0.8550843923749138,-2.2699817233079065,-1.0280230087900784
0.3870165212197907,0.07403096956794943,-0.5770268888021278,-1.2005713604013721
-1.6174389863313157,-0.7331906011380773,-0.04530515718207282,-0.45052384016757235
-0.6613166253935129,-0.9254883279052496,0.03183209235172032,0.43070693440035634
-1.4989831976513406,-2.457547863645033,-2.7519122672273553,-1.3155029373990894
-0.15779800945404884,-0.3240523504822378,-0.4700466382485898,0.27300509403506573
-2.6307044238556356,-2.740045452683653,-1.1836465473347773,-1.1423176472422167
-3.449427152080547,-2.4323062126507384,-1.4453223433116884,-0.6336018005366977
-1.0155224879328728,-1.693356017900731,-1.1864575164280804,-1.1112508023315648
0.7444082546345169,-0.8316705513276961,-0.5475936121423164,-2.079384454878923
-1.638959143994153,-0.6855618335915027,-0.12974722875203487,0.19912718040391902
-0.9381730550535071,-1.80576047684893,-0.6117876181501534,-0.7883985653390196
-0.561820891108483,-1.163975197753364,-1.5971015721332211,-1.17449906372012
-0.5266463755120085,-0.872516756067811,0.053140216268654825,-1.2312732976268332
-0.11554069058769344,0.16941436006758967,-0.034053007277879736,-0.02737743840689763
0.47703242261056716,1.044169080281312,0.5447071059010173,-0.05521991797782729
-0.8098149556674631,-0.21373497433728347,-0.37624744758356143,-0.05840529425758818
1.1223058517651434,-0.27545493625020223,0.2474217939000493,0.5568834991676859
-0.9808004418050946,-1.7252815108604882,-0.7537698783977385,-0.6417033733140997
-0.9327360726243996,-0.7609356371506647,-0.5905438183527605,-0.258732112506074
-0.20375354131619,-0.1565221947790666,-0.05740494043337921,0.22349660246466585
-0.6705876971823115,-0.8346291196211237,-0.8188917488352802,-0.4962284641240305
-0.5243366168889368,-0.24209959289615618,0.6998140766863736,0.8090489096213406
-0.1508408446694564,-0.3967206138310266,-0.6278770379157279,-0.5196529517697258
-0.9341557273830484,-0.4816671811520282,-0.686921273308407,-0.665926905081751
-0.13344540834329416,-0.18685303701839154,-0.392940369847887,-0.41124229805794427
-0.29511781452413827,-0.11027096432650717,-0.24470832082011693,0.20268501679092987
-0.42353174437650853,-0.5308780343776835,-0.23017814950068688,-0.1506329524318093
-0.3786476227685364,-0.10435862506920271,0.08351704674411912,0.23191022582405682
-0.058339739926795614,-0.09203326042177366,-0.06460581603242835,-0.0055367947470486316
-0.11324052573640564,-0.008518613357218851,-0.10800686008522296,-0.10178289082314629
-0.009516943644081488,0.0005842241407313913,-0.009427000687949305,-0.002529687231913293
0.07840951951581164,0.0923241725373149,0.014279732956618817,-0.043060483943181314
-0.02919507675635173,0.002949944251940368,0.10356245278063958,0.1343735943719197
0.40762068222723313,0.28701051204096556,0.08537415688515948,0.38523133004925675
0.5328698137657116,0.38825419533135147,0.07340581849260855,0.005233513564730046
0.368039841808904,-0.0002492661661109631,0.3907545436664404,0.1754570092924836
0.24018590101102041,-0.39523204408842016,0.1253305491250616,-0.3022655735942729
1.2159514732863608,1.1009248849931224,1.2668109549500395,0.9066397623562451
0.4323682803398192,0.3237829047875496,0.012306691312372938,-0.39706832815849974
0.4767306330843236,0.083292248426198,0.4120898079274469,0.3820040512054305
1.2534512017738653,0.8341032781411135,0.5731425401016901,0.45195788844128365
0.5671131248077248,0.31627973502242657,0.011761525305751079,-0.05937017891096221
0.9889563965793561,0.27466594876569905,0.06648982340702575,-0.3918323254042641
0.7026177673379922,0.7314967981266421,0.345733266272591,0.8277254129886344
0.7561354550939805,0.47690772258158576,-0.4025019140029424,-0.12012091924576276
0.9227376151553766,0.7348336968321061,0.4470311618259825,0.13854558244750775
1.533892092627805,1.0676624474492724,0.028152292536412347,0.05835802994748144
-0.33794723529776277,-0.1718112735291114,-0.3620998515542825,0.3261038522626742
2.193547870709549,2.180832478779235,1.2491725448073763,1.0495425232125921
2.3559047619032865,2.355850875628802,0.680479524921262,0.852538755382077
2.2148875736982343,2.9636699372304864,0.7927172289046078,0.14755856479519933
1.6178783022469017,0.8499502833753275,1.9605683368696152,0.8448821914811085
1.7677307008877439,1.7327470308277242,0.5929617439236412,0.8956427138509819
0.3168808212666362,-0.31864059732726047,1.4094715389736268,0.9021661171637019
0.8039809004652517,-0.18150062846037587,-0.19167901030176288,-0.10305198639376223
-0.20614997812914732,0.5907595805135133,0.9692114157994456,0.34675876012861534
-0.04895949942095915,-0.6204766520084377,-1.033277183368272,-0.8292134851839129
1.0212064488066273,1.6009757061514438,0.9009410895365152,0.384889573160303
-0.10097519690059936,0.7627490413204865,0.7486170166745879,1.3805940832539971
2.838028621780147,2.079074817316325,1.567587332411326,1.1324916885224312
1.4293213676169456,0.898201204525651,-0.09380221536571678,-0.921337473045892
2.101567899674368,1.6780070272393253,1.1722986791877017,1.6794820510473134
0.017037672984194844,-0.38520516156398554,1.8708537357988453,1.3407926691350016
1.2935561679200096,0.7859664829457903,1.0143636443821558,-0.18773258909263565
3.082774503110581,2.975327270282818,1.6059915165597545,1.6263025529920778
-0.5292185670880016,-0.7356163666701104,0.5823682492947536,2.134793957711464
1.874480253028459,1.961658395034841,2.5687530964742535,2.364894699134789
1.1414076491639122,0.21489705629290132,-0.2593298213713135,0.301688935564713
0.8354831859374947,0.5433147665215596,-0.653190918717132,-0.5489466995868407
0.43602268764474533,-0.014711324198363157,-0.13902831078139202,-0.16495794488080812
-0.41181686685887137,-0.4696737018741644,-0.6018375956589689,-0.7135140160582382
0.9855493759992656,0.7689223315093187,0.6423949949855168,0.5681258295985921
0.14548735849871802,0.1747682116471223,0.06001959853198735,0.5486202512365276
0.5358549600804836,0.6323008006497998,0.15129920885515058,0.6943261247719457
0.48934066148571176,0.04060772318903333,0.07059201242090882,-0.20760766541722175
0.15614329076064276,0.17241632124208955,0.06064307006729323,0.2910031312691794
0.088487356040947,-0.027895209992347632,-0.2745420573168119,-0.49073399436427306
0.09767183728542221,0.18583615785577096,0.17654388882467273,0.23645146634618075
-0.06400392423485994,-0.16641447372500642,-0.18985528249308817,0.02866509345711379
0.05620468495435538,0.08375785931348925,-0.031902430847071755,-0.13667348748121852
0.012757986057275001,0.008080051572957249,0.008963461619360964,0.01512411521461516
-0.06100341969921044,-0.028364594178339315,0.030952957585016077,0.07579567365944459
-0.2563852559609489,-0.14226661054014442,-0.20545984289224598,-0.13607028021805356
0.011911462491023246,0.029990317481648397,-0.050300102052601076,0.04727454082058578
-0.06567620317626964,-0.11909489672479068,-0.0941218833542562,-0.1780045142696208
-0.1285518332774255,-0.1909428857893234,-0.32773493635105794,-0.34782886407172414
-0.22894146070363505,0.05408560270277018,0.33843236399435334,0.46527236141421613
-0.23730271134143766,-0.4784098898819428,-0.452094093991732,-0.3116149804511484
0.012925549378325692,0.2685807938410858,0.23473210284318605,0.03667405919477316
-0.9793293577783688,-1.1453957701856985,-1.3811893246858418,-1.349928293095477
-0.20137662923554545,-8.965992241069838e-05,-0.1543486401642144,-0.398037564852912
-1.3520558433391074,-0.64282630652824,-0.1827697939394727,-0.4025875671978344
-0.8192152364594674,-0.05576189254039637,-0.46789200733651826,-1.3851782617225445
-0.7186583130771067,-1.2711685711472547,-0.5261565656905579,0.004017209073132102
-0.8615520849082724,-0.56189623102937,-0.2716988199827628,-0.19537642761691582
0.2220846372241966,1.0384879271494654,0.8427445867479562,1.1055771916942363
-0.575453891958706,-0.7422953111089128,-0.34442821271255947,0.5402269185306865
-0.8693218762251155,-0.7708074110519794,-0.6352114418491707,-0.5410255564675028
0.12335573286218299,-0.673203804924166,0.640993302358607,1.2545353824469536
-2.871231112941396,-2.5264754098007307,-2.8563435997634676,-2.399391118538846
-0.6404696465242258,-1.2059684769730739,-1.6785058947870874,-2.1288310359471163
0.3942529452835147,-0.28041601060754,-0.1528247871503754,-0.25126409633264907
-2.0662327927834703,-2.027636250487619,-2.027842269277682,-1.471649618257894
0.4982013622105782,0.26167908271996987,0.08204568297738297,-1.0343511803092618
-2.515680243935708,-2.8132713410167787,-1.9065261947105707,-0.9793814674373315
-1.902176291955165,-1.2678153535759993,-0.4174446612503317,-0.7772775321432621
-0.8019769719665536,-0.06397555538509377,-1.0362402169025065,-0.8547068606258582
-1.8201872627635067,-1.1978182141866915,0.6784649782745824,0.48749626888531716
-1.881249904523574,-1.7302071926185023,-2.5254565822071493,-1.8280520781268135
-0.8472551580528104,0.0491352789483007,0.09438780768871727,0.3346310147741817
-1.014152339927904,-0.008812054051505737,0.5727536183461653,-0.1739274938394814
-2.6813259515640424,-2.208089805274178,-3.1602650563344765,-3.1004235608847934
-2.2098537121477326,-1.6379774669085438,-1.190864383837913,0.17935216583712485
-0.7146276666294905,-0.5714470287818693,0.23272327677983456,0.9821357825945369
-0.6037099790819409,-0.06070347118047999,0.8890459486723247,0.4190740121898798
-1.8799137678631719,-1.190127981363416,-0.4338772852081259,-0.20230987097751824
-0.20785372760016527,0.2259208971955547,-0.3997903736607017,0.900374021434651
-1.3124324072245346,-1.5427513011307576,-0.05927647654602627,-0.35321618128330107
-1.7311194849824108,-1.4499673719251553,-0.4993964485503686,-1.0050020888346858
-2.2171758087540936,-1.567895420676651,-0.5141485120386693,-0.32369548501645906
-0.21943946339257708,0.07290867730400145,-0.3937244944206758,-0.09934117388660986
-0.9053506290012108,-0.874112907393678,-0.4258310382809021,-0.7391773664235542
-0.4978977921365047,0.19104218363302855,-0.03243386135835676,0.38722541692962825
-0.5322552132875169,-0.398538785818691,-0.7258511171236413,-0.18010388810797232
-1.1365019633432145,-0.6517579827703618,-1.0588649257861882,-1.0731535241887373
0.10510433813422512,0.309616341884649,-0.1707485839692931,-0.1695387530952223
0.11257982839865835,0.11252236618416128,0.21275158455339227,0.09073874345518405
-0.4539311487284344,-0.3308005800289581,-0.2218234234326844,-0.17654181064151314
-0.05981385685465123,-0.0779917814601393,-0.12367207902987586,-0.16013275792132006
-0.26872693142711157,-0.1831079023798061,-0.18905567729440562,-0.0775489033733377
-0.0209483564084719,-0.023069121617648413,-0.0173203100925286,-0.008183757845328578
0.17179252638219972,0.15461945823673395,0.05071736767338906,0.028623046960497896
0.1734976824189253,0.15335469565174323,-0.014401233262198396,-0.09542279635134386
0.13443583232513473,0.08112957397469579,0.02903069759133388,0.3457739650622353
0.54642359367811,0.5307719679554759,0.4215589578782581,0.2774360013759189
0.7965570664701415,0.516459645232312,0.435436388545791,0.10533866655661568
-0.14259487911334068,-0.4762601457733066,-0.5641778158754441,-0.19710545328745624
1.0735866441282236,1.1936627281176393,0.7580794522265609,0.1281539959421655
0.5234446116563443,0.43618829276233095,-0.194219762549789,-0.33039841952341786
1.2543326463658415,0.23563137350519806,0.9351680607320868,0.4806176075154577
0.9995876542059563,0.7292432539089302,0.6308855566019447,0.4426026666914036
-0.0014365892436116667,0.2645714826816375,-0.1514581619932627,0.5115223944205525
-0.25057806106622244,-0.035772281269123074,-0.1314058111261201,0.03814259376950153
0.9115970591865342,0.615286414613812,0.43244383208239223,-0.08188574503329049
0.04971222412861051,-0.023403521093479686,0.4826353117100568,0.390194130955467
0.5090399027546233,0.537129450680217,1.0986367712416305,1.123707479525228
0.9678743377495623,0.7316105428356836,1.0335811269387396,2.1058162633174526
1.869904307485434,0.5972096091207164,-0.13671165456444417,-0.8525936175129
1.4245034189552552,1.6305616290205276,0.014688285623070117,-0.009109609124407652
1.3462085535306532,0.2560225626369952,1.0197671350911746,-0.6713329056245966
0.35935464231880215,-0.040963672261732295,-0.471631280876795,0.10378222241794388
0.7551706341057168,-0.40746090371880567,-1.9329008267853465,-0.9992627431172674
0.650055333178628,-0.529533514571248,-0.08357108538654624,-0.26740371510748473
1.4613731983878884,0.5447728853141587,1.1372655896860435,2.261993052197815
1.1882702505801546,1.6614158487991324,1.2375025182077504,1.8073159396094765
2.395056264716494,2.2602649079666155,0.6913163749841776,0.31444240397744694
0.3459032385137423,-0.10231542508153225,0.40182449977913737,0.7182153914809919
0.6930854249099038,0.467869643653633,0.02404864147235017,0.44334401978499766
1.623504929925099,1.1679373565687632,-0.26703819561256825,-1.0028232299159885
0.4682317040248542,-0.013815412857554223,-0.09492406802640807,1.181017642990579
0.7796177733506218,0.5216062026427168,-1.4318537556842257,-0.5241739747764813
3.1883555964789534,2.1524303634818214,2.4409777151864893,1.4349997557255316
0.9483396562634693,0.5596661789762813,-0.7852515606685895,-1.257455445640633
-0.34328215487637637,-1.0291275393679473,-0.5806829647282709,0.33024282570492625
0.9684329492158561,0.5815597665504397,0.3117162564984113,0.4413841571715026
1.216197153945194,0.6879225784033663,0.8040524072827178,1.0771689505591733
1.974350719873658,2.1053256599621637,1.223735242654847,2.005977491426772
1.1059924108160726,0.8560896186269851,0.7307493667862683,0.7260469043127489
-0.3635062265034258,-0.5170330458562533,-0.4680925203762119,0.5808696367360776
1.1540532043385048,0.6429864008401818,0.8182946999068281,0.19159735885904766
0.1943103595043456,-0.29952832539855745,0.32235876733352603,0.3383103645630478
0.758517404840452,0.13066010626745586,0.09546103066640585,0.35034759532821075
0.08992134363649774,-0.09909826486333123,0.2619327265510501,-0.08514939087972576
-0.3324225332838554,-0.2743146178060131,0.14931649313818252,-0.17130861499463074
-0.05074900061866736,0.12266053277078807,0.30189096511504493,0.1956165675305209
0.19985089749379625,-0.018463915152953994,0.39051172127307215,0.7261884978762989
0.1574282412499003,0.014239708076488215,0.06119612332557696,0.12798739444903928
-0.0034192754512998445,-0.12951929726553835,-0.10729358888789113,-0.14573713249789533
0.10626807170131566,0.012162291865725625,0.15481057150205543,0.12090418686711434
-0.043451487998240806,0.034807843483589555,0.02905276403708943,0.003528351156859039
0.01416969093572554,0.005857836659756689,0.004144913208651075,-0.0048184179683944455
-0.0576865931116392,-0.05237918578407999,-0.03095931687502331,0.009774660293627153
-0.14054649617789647,-0.03057062689256788,-0.07148720778230881,-0.026564093658731407
-0.12305021114379945,-0.05082031709627773,-0.2043422602478969,-0.29293617984002357
-0.25354213180962903,-0.2122977963056989,-0.39534968693313915,-0.34795578070991645
-0.10566174922974933,-0.3091983587828383,-0.3673554747036309,-0.5088329398714642
-0.04921383921456865,-0.03971769734835118,0.24492922485258348,0.20546834247375786
-0.516762905195271,-0.6587489275872063,-0.3826997494735225,-0.5469350145440618
-0.007547245233059792,-0.11051748748495607,-0.27376598182070927,0.3185298052432484
-0.6611189993231903,-0.15744450997850024,0.10755328725576349,-0.19666018692644624
-0.6568488477005966,-0.3548723489362036,-0.5485419346227537,-0.16220719995330823
-0.6108514775443847,-0.4901094632433253,-0.3528582337421471,-0.16079767013636914
-0.8536843760327567,-0.6953791032876266,-1.5114322780661593,-2.1091258327182856
-1.145524696768858,-1.4744127996008567,-1.4431464383437849,-0.6873084041572446
-1.0473886123333844,-0.4691898433243522,0.33935310009892505,0.20494848136095223
0.15741436952694593,-0.5623218251559947,0.06671897112484525,-0.32520593973749806
-1.8696978158039625,-0.9835296061632731,0.5980877115949799,0.17718861044123943
-0.912996112997509,-0.3623429824561465,0.48531219903808365,-0.5961272681169891
0.6955717784163526,1.3313648040385497,1.1914098849834935,1.5520682902557552
-0.3276591543704725,-0.863371975094322,-0.6859767500334083,0.09507434020734756
-1.3247383172608693,0.07357692206814906,0.2697734650666056,-0.5376379347553091
-1.4017900857096592,-0.7281083280065719,-0.8001423518909608,0.6055053733487279
-3.1683948094293894,-1.9115987153360907,-1.3760131040772738,-1.1147431600592785
-0.724403028171137,-1.304956318941129,-1.6170439109762516,-0.666744467259777
-1.9890205436249733,-2.295457201925039,-0.7382588339677876,-0.027799521556149214
0.16552586664978125,0.5882275415544685,0.20172517016821975,0.5687825620728183
0.24880645486176972,-0.5133247416117108,-0.020338158900009017,0.6046505070588337
-1.3267997493653647,0.6686992442061166,-0.36334067253917834,-0.05977636183433594
-2.089642823797587,-1.4942609414969283,-1.3175952953803223,-0.020693181266537644
-0.07138046020472633,-1.2636615311163348,-0.5926297044367047,-0.2023673840877399
0.27380540015818433,-0.3749564411861048,-0.06565938764113276,-0.33238598505142924
-1.2840298308926845,-2.068235728159912,-2.0345439306153885,-1.4796402267153739
-0.016442329075447744,-0.16190912977320396,-0.4077567136813587,-0.1634013166462622
-0.8014630369415267,-0.1433296605190917,-0.372041158120249,-0.16146752763864325
0.7911318695203897,1.1675081107975203,1.147747614552713,1.3980839420305353
0.08586751063278378,0.33656637974657416,0.30244654776150554,-0.9310629749313749
0.06529266024604691,0.2885070209432312,1.4821824795227978,1.2178694795399378
-1.033505942520533,-1.3277918358442722,-0.8274214442289922,-0.32489695708107935
-1.322369922767098,-0.9397116950844371,-1.6633916030894906,-1.603954574652735
-0.9827805849155498,-1.6756360337858276,-0.5989798613362449,-0.8564527522770861
-0.9915205561115625,-0.39899856805582473,-0.8195223788862019,-0.500684905163215
-0.3964967566041831,-0.31081594008035246,0.05687380178364342,0.03619827344198309
-0.658901483087502,-0.29030112579678435,-0.3955344086487524,0.7748904243009036
-0.9454323797332521,-0.946620195565857,-0.3577244739002738,-0.8281583502705275
-0.3983450615209725,-0.3450965593832984,-0.09192509855737518,-0.06975867210872463
-0.2670778485372961,-0.1659324503978626,0.12729466902064615,-0.11204624454723373
0.20996286594736016,0.05596493795144038,0.2918653398472287,0.28263582678283966
-0.3535663240864546,-0.4142725933825301,-0.12792753024966722,-0.10764630048310041
0.011623575889006366,-0.036107249415853096,0.017320176334568727,-0.023443755216678734
-0.15881086364638564,-0.14983379208563882,-0.18136155020292388,-0.1262162263764469
0.0015120369417401804,-0.001091864811600142,-0.005311443003060322,-0.012781461950879518
0.03733380349606557,0.06356496751198285,0.1140008371946843,0.0798115516570184
0.2519983296991433,0.20798498763646572,0.1297342166094254,0.16821541273587184
0.019091412043809895,0.1151231677014884,0.16761849042500596,0.10068925736773636
0.19571077129294082,0.2842017831057444,-0.10411141756644074,0.10076118295330404
0.11376546885950765,0.235180613674242,0.29682319623415554,0.305982111361283
-0.015688799558023707,-0.025010406894703543,0.2935494201499019,0.17161276638856593
0.001932832747108278,0.05131716165840863,0.3441441070398783,0.0917863105326175
-0.23268085895656332,-0.4139994655413546,-0.20951038689290913,0.44604711073423275
0.4816700011204906,0.14079910251784727,-0.8743371252478676,-0.8490539839812068
0.8333032673181812,0.326706860053408,0.385157650789586,-0.25905824499974156
-0.050387021781057015,-0.0693084687993249,0.9741145907070162,0.8552691336166582
1.2510573290732372,1.620750005201339,0.8724809160935856,0.8045281010676861
1.7237286500626408,2.034791905181665,0.6277387057256618,-0.43432844976989143
2.259794958886253,1.7562359925056825,0.34332821911157724,0.30247619633233813
0.04055631312568844,0.18238208266123251,-1.0099125072784276,-0.3675251137000871
0.49946378962122584,0.42119183371785074,-0.15543390833015666,0.7550882584566313
1.3365046091165553,0.7616037106144452,0.09733170198759333,0.7914618512777605
1.0737021049789695,1.391422653425379,-0.5594853794318259,-0.9360296102478266
0.8169391511011977,-0.10216215739548852,-0.43208377712232404,-0.006063976869836202
0.3457863614498089,0.0124529513809566,0.01787129944633174,0.4505095533000887
1.3848959438293191,1.486722687941023,0.18132294011762926,0.11580086054032217
0.4861275238649963,-1.0485481344582894,1.0746317171205764,0.9926250521338855
2.4241364489814816,1.1642084260500223,1.342213179800186,0.7319714070554428
0.5952043081389088,1.0090984278774728,1.8468496261373464,3.2451267629241154
1.5250853710128873,1.3585469629057711,1.025953505102335,0.6896884101090317
0.6360881482936869,-0.9760137929975317,0.3348591016693298,-0.5130842007260455
-0.21554177334120642,-0.8598058364834146,-0.2883694723604484,0.7286751512211569
0.024623925633518957,-0.7677104647075195,-0.21306269159164107,0.3655079632595655
0.280091913416674,1.574530367515785,0.5855727448992237,-0.7290857318234022
0.2773537406925285,0.949887308012921,-0.6664614308214584,0.09702788993844048
0.7507473979037673,0.2765992967249006,0.6613962475670618,0.2792671467807324
2.5861081642129284,2.922965246438532,2.627240864276288,1.1879814639145547
0.8365528260063401,0.7530473536681509,0.5777453457605138,0.30328011555548917
0.6198073293284309,0.8540556722963127,1.0223464521755237,-0.04188333515361708
0.7339649633065257,1.0203578817281436,0.3844870328329962,-0.22906257828479348
0.9771976729386224,1.1906555068799323,0.800242662563005,1.164054415940078
-0.4785119644920148,0.1108465304894845,0.3237243704486444,0.4201298391995279
1.1158615615549863,0.4731817747377714,0.7487184741975499,0.09181814073190307
0.8790541233425296,0.9058473660438329,-0.1552115402351947,-0.19985025415974436
0.47113013659680253,0.21207807410306292,0.4756741706895014,0.4901033596524155
0.8799120242170074,0.7719681608016237,0.8045393054413394,0.6350374325684555
0.7681013491880917,0.36019575148887983,0.5118818035026074,0.1331551059387483
0.07965952097057237,0.14855417045907512,0.5992775337589882,0.8051862599925498
0.19816188402139978,0.14167848035275532,0.09963854711410186,-0.10254063774756292
0.38647455705994205,0.23018690300649583,0.4745253932742624,0.5218079558857756
0.19901832965605393,0.18800823208470607,0.26056076950282686,0.16927295209460286
0.17807771766992375,0.10379404517638531,0.0021302529996246686,-0.02763941115094063
0.2570455252012086,0.16903433176039787,-0.13395281774400553,-0.1555969938082465
0.1439240377161859,0.12478496834406873,0.09600762585804641,0.10255021236327114
0.003062510972995832,0.006326814510413082,-0.001149909219974201,0.007660972391078588
-0.01959515088063963,-0.003014668301222226,0.024170010344400403,-0.008869765298268734
-0.08284985721724214,-0.13138860655183565,-0.0340742172659501,0.07082848711927546
-0.43008679026677044,-0.34338530659006444,-0.4796963374089661,-0.2752629936385707
-0.14441946344058157,-0.14840192594561977,0.15340746036132283,0.4766330300548381
-0.5730347509265824,-0.31686388930356635,-0.13186564012992377,-0.2889398131728571
-0.5732475772418213,-0.5536357083028556,-0.368683665659758,-0.3602497458779298
-0.01172887889107222,0.15193556728241175,-0.07068458289855926,-0.06861802063330674
-0.42369017766027267,-0.5235008461443226,-0.24466722596831453,0.21109547501712214
-0.1664964850797367,0.18303211086066146,-0.18964625998829054,-0.6981715448103837
0.03444496059121879,-0.05656667889063313,-0.4795562043961929,-0.4932985587364174
-1.065495059699468,-1.4591404327168833,-1.8754491654836776,-1.359920553292367
-0.7295200043470005,-1.1236547098562695,-0.4130116957868756,-1.6517098085807538
-1.352533893190838,-1.1229758223316602,0.10709119865630858,0.5384592367244798
-0.8005669916809455,-0.47839703322711996,0.3899738940811742,1.0862491937732384
-0.3892101134476759,-0.330028649823981,-0.6174160763406846,-0.9273243063510532
0.3761730380128944,0.49981583836711324,0.025555110217222256,0.5486269118219296
0.008393792964586089,-0.24531194417685745,0.4651425158043731,0.9544790514591339
-0.13090938669427843,-0.8840076971755443,-0.20696633278235563,1.3583986861753692
-0.8196078792363289,0.36904964509095683,-0.5918243218771431,-0.19339586970579029
0.8504874370548006,-0.3099744853592587,-0.48383361366841937,-0.1322514164232314
-2.668114698730293,-1.4393602842056437,-1.537523977360723,-1.7253510220441641
-1.243430757184804,-1.1498702093639968,-0.7477029718654642,0.14961852092809103
-2.965417187056771,-1.8226951737532335,-1.5141951137743985,-1.9473781451281427
-2.171183740299619,-2.1511335238809655,-1.29440217311627,-0.29294160140571396
-1.3005707301932785,-1.8606422130276565,-0.8312924206165955,-1.6987552443409435
0.54134965833436,0.9635672974139072,1.1731857086232542,1.7485455679006021
-2.031628367788049,-1.7648211007472818,-2.103558503449959,-2.212622811855558
-1.0158168946255053,-2.0300619453432454,-0.602876993075828,-1.0784237496434232
-2.3837691231942713,-2.394109666630562,-1.304891394942698,-0.883668308097356
-0.8645377043980081,-0.29866285830282985,0.2843770731375763,-0.2720635095996915
-0.6463519161235838,-1.0421063610752097,0.0719046704702217,-0.5054241099376732
-2.681292128158025,-2.6722487151874117,-2.227494843859993,-2.3881157677929448
0.7841960293257826,0.4840479985087023,-0.9479400252285975,0.15645636012334602
0.2530133505146529,-0.2159255786902892,-0.5491757759534857,-0.8894940635075909
-1.0469085607170658,-0.1790541049868505,-0.3765925367432326,-0.13349045995534004
-1.7896470443351686,-2.142269794980501,-1.2892217453742882,-0.30912178069745366
-1.2936442749208528,-0.7713129894659088,-1.4159930219385575,-0.5092155197943042
0.06168304505074457,0.2794343797916448,0.34870578853927936,-0.1520755871920293
-0.503903139635467,-0.8022173785661842,-1.391856278663662,-1.520301024962533
0.17932121050479988,-0.2352608414414184,-0.004027024543058203,0.8571768291367492
-0.591420818163751,0.21540738291404962,-0.2504182459861056,0.44649923464879687
-0.2759230246753957,-0.14091758720351202,-0.9429264077027232,-0.8242946463157685
0.6912020493548703,0.9287089065228434,0.7559071926287305,0.6381205669087473
-0.5721236528395142,-0.024283851800529336,-0.41420572355188573,-0.7119268943604913
-0.13811471421089194,0.07787315214894819,-0.3511126508045713,0.10634650441996653
-0.09545820280398737,-0.04115370629375224,0.18065592814152645,0.5181212581008277
-0.3767091089346574,-0.3206290840271446,-0.028361936355777127,-0.018158035743849534
-0.045243869246202224,-0.09872266443549543,-0.12860167801859088,-0.11962233693577744
-0.1768702027618259,-0.1002067011468233,-0.03269194293302335,-0.10086315164032263
-0.008891049302280631,-0.00849486418387306,-0.007569075405692669,-0.0014849916024172796
0.017649443509099902,0.020333696950146782,0.016606973567498334,-0.001577878307669287
0.07789560869714747,0.2024099201875427,0.14779410228788237,0.0975524317734557
-0.04574215970544427,-0.15123226839820597,-0.08313712815585458,0.10564810183409967
0.10372814357080361,0.2781265535860064,0.2121425488579303,-0.017568405799773
0.15772581233204022,0.3196200703004375,0.2376890190843946,0.11777181580079346
0.26121175847808503,-0.07176684977984743,0.04305704013265582,0.16372629218800813
0.31375997505353903,0.5173864271662215,0.17714284189114998,-0.14449195317432906
-0.5066335758884858,-0.4068747780006882,-0.04804714602167517,0.03615808951705659
0.3270443051247197,0.19103743949927482,0.8160868868683421,0.27411262591064395
1.3392524089390896,1.936697244699369,1.3040117487213265,1.1957301827775542
0.33730454141120086,0.12300989667836423,0.13907371437884816,0.18874663327151361
-0.1350327583670651,-0.6491050401990816,-1.3931567825765856,-0.8009889855705389
0.38009319659367313,0.4472946964334581,0.17969782762809097,1.2079450588506229
1.8481101948724934,1.384088045653885,0.7080200002085056,0.14569943897630663
2.9432709115893543,2.5827955831681098,1.9531653291081372,1.026338438812609
2.326692541703953,1.7235746027321737,0.38757301433810953,0.3079184854794953
1.3141451381704525,0.523252014037373,-0.3397287863443541,-0.746296896336143
1.603367636412098,0.696023336359502,0.8485257008265774,-0.4076182726311433
-0.04547782852915725,0.2829277680497625,1.18504504832976,0.8748411877148133
2.291609560806254,2.1241560801539765,0.9498971399007725,0.0011535679092431524
1.348083787895471,0.6903210513159829,0.6463466753319361,0.623002977790817
-0.13512627162413315,-0.4817084065009531,-0.4782197027351458,-0.011680025593971516
0.1343054474492735,0.3735253827010725,-1.2327957210854772,-1.182659536355418
0.1684072947015793,0.8434689996635091,0.4891272316700749,1.0078773409812065
-0.41156658174695016,-0.9341422460895993,-1.502451635461975,-1.1188313656018507
1.415081496539978,1.21354226386226,1.1855406422672619,1.5500153202853875
0.6419201091614881,0.8829107979926412,0.39616198454342044,0.4787023560275376
0.6872111160949402,1.4185385121968692,0.6491909513452743,0.7252754192457602
1.6474312433233707,1.518450071680942,0.495368516998915,0.5969312416056707
1.3955459128301668,0.34529253836349283,-0.27017250837246637,-0.5342474585387432
1.511842612130996,1.9549871823001204,1.578954138669543,-0.2578837456598373
2.397122317301418,1.8922991050934925,0.9857649474757985,0.9927919452634785
1.04274384722567,0.5024714623451885,0.3480974294786622,0.015478864599841411
0.07672714959747477,-0.6500156934807511,0.3844668935425108,-0.36697847188303817
0.3694376437638819,-0.0008074601129301797,0.43487554084842267,1.0272856516907043
0.24215568861426068,-0.02910583523708918,-0.6194017850472258,-1.3764132410283556
1.0216697373879853,0.8092256033911213,0.21484244631342958,-0.5444151894753956
0.2119285748931096,-0.23854269069507356,-0.5606111709163173,-0.8640799628615116
0.6316518537840444,0.9145415333635973,0.8292564575330685,0.5588915117711877
0.8390510787795887,0.719970871147476,1.2701794927930286,1.7433612627058592
-0.13801037800977442,-0.11369862116211499,-0.14644562659373728,-0.19323458266914062
1.0814470466831774,1.3344439666756012,0.3027014532435655,0.2162985862796319
0.43982451391625754,0.3692274912582639,0.16167382070886296,0.4516207536793392
-0.17235628809268572,-0.45971386146065973,-0.4913528071884989,-0.5849002266010981
0.14908320047576532,0.15854660939590345,-0.007458909814508494,-0.030987309033676202
0.6517684268066318,0.6008140528096975,0.440060695379177,0.5435900048018167
0.21588362662684968,0.3015591263028935,0.161177200112828,0.3387932931766476
0.11512641026745415,0.1755241335333853,0.2535179646845594,0.10594437185850426
0.18576600366073953,0.24604061386171547,0.16545351683502096,0.034307039168566054
0.0018442125757612165,-0.003930966039589415,0.002880398583460323,0.0036381284421628237
-0.06664168302723612,-0.06836104183099331,-0.0825655840822333,-0.10858394664350518
-0.0879355788929691,-0.17889348809085182,-0.10872936517443858,-0.1347923211766947
0.1426339790746291,0.2770692850829048,0.166111973411413,0.17838818720808822
0.07789978193956304,-0.14863407728565725,0.08184144249076634,-0.09409971901049505
-0.2608299665897494,-0.2898409101513228,-0.8736476121863267,-0.8106742134146936
-1.024536073416039,-0.8499600377504123,-0.19854764078607073,0.38762309322183597
-0.9092403722254259,-0.5979187075729565,-0.1830547305239174,-0.48812944454410206
-0.6421388368018456,-0.32687360965852497,-0.26794154711491447,-0.1575125784714859
0.21239246178730564,0.4121227528480593,-0.15041781070891866,-0.4522116010927671
0.114893924837094,0.08401961270110236,-0.013438369272183903,0.09988779115978623
-1.6301304587400447,-1.581202471495428,-0.9482439557838068,-1.455807687228945
-1.6499013842511736,-1.103885298773594,-0.5651370278436246,-0.15723745160522737
0.473981164829426,0.30340419176432476,-0.11751730425293017,0.13670573560693725
-0.24592575447277473,-0.600396233053571,-1.3723426788424786,-0.8559601483899116
-1.2776586303037152,-1.2833965138923276,-1.2583731797442086,-0.39485774726120026
-0.9794948396571268,-0.7774813325711171,-0.5549190883970163,0.7509406811126557
-1.5435346122095461,-1.0354539434812478,-1.7321463927175904,-2.0761889969807243
-3.0399983380542532,-2.5007716612943867,-1.521489551174051,-0.25620581041790874
-0.47351647901460325,0.4358484378312706,-1.6821383512866692,-1.0764567127125568
0.599007315397415,-0.08225283246415746,-0.47918498780911783,-1.2555644046035566
-1.967553235997279,-2.2400234075801073,-2.183252296749373,-1.4260828114110093
-0.726253032763865,-1.524670345343596,0.01137402187129744,-0.24407758831357418
-2.670023044966284,-2.805693975757774,-1.6135126733013228,-0.770152739203525
-0.8215389734794805,-0.22303202564176508,0.5529304108603169,0.26753287662789904
-1.811430359200389,-2.150485393125,-2.020748428494333,-1.5333101789117534
-0.051025394758242686,0.39818528360459815,-0.6726745887664293,-1.3803411461310355
-1.2355141448625038,-2.0791333097887024,-1.873584821034469,-1.861598636123017
-1.162574956534072,-1.3061850022201362,-1.504677647221535,-1.9443434784203437
-0.48027836820967607,0.6703966772862826,0.8558708441270049,-0.011869892237561701
-1.375276800994598,-0.5781895426510657,-0.8638538227744537,0.8868623152236172
-0.7018099621578878,0.0145289269967876,-0.5112011202992357,-1.128806191276965
-0.5717917929328227,-0.5472378457689013,-1.9668397396572823,-0.3790679691895361
0.4505212930373778,0.18023559791581178,-0.7041711656249268,0.5143598720031278
0.16339959580205826,0.03625853406792005,-0.359385441480382,0.11042484413005231
-0.7142044875057376,-0.5110850054742326,-0.9853843741724332,-1.1505667533818196
-0.19424564193276783,-0.13841030647040686,0.6678821376655887,-0.40544070568131574
1.102660539991437,0.3623472875020375,-0.4534125617411789,0.02372302927098116
-0.8165320345571139,-0.3353072739476984,-1.3927383219385967,-0.8332362165977686
-0.3011573230124705,-0.8828885526499228,-0.956428225827882,-1.099493509287944
-0.729332803500504,-0.5221736458090755,0.11757560213924985,0.23366136551645994
-1.1251720033505617,-0.9648560960476295,-0.7625891714207589,-0.8484973079742533
-0.12972820875020744,-0.7046019757906905,-0.7649243550035411,-0.060919953508362275
-0.2535978834193523,-0.09106586579214251,0.28222619847358343,0.9377345996899192
-0.5727487728871491,-0.24566757063994116,-0.23591404672737284,-0.14842694257381253
-0.07063215616461557,0.1128561617734321,-0.3111590658166457,-0.34977690007587764
-0.4219358663345154,-0.10389035026057136,-0.15288946210642207,-0.10972551649137234
-0.4067338493231917,-0.42238517408706644,-0.23371793801868604,-0.22075845528307717
-0.13531163349551067,-0.06509816701332458,-0.11053151207409617,-0.05265468490360207
-0.030796463150829057,0.005916158274063641,-0.09999661335047862,0.02890984816337495
-0.006233801435523996,-0.00700446632964183,-0.0024417719491513718,-0.00723970217621067
0.013002397084429868,0.004989605310845508,0.11803617292349315,0.11266570312795525
0.18881774994824393,0.12223331608978633,0.04283833407064262,0.019391701294378248
-0.29311906079693917,-0.452284821867038,-0.22218102631705536,0.06633944965886814
-0.1630347838484222,-0.27997914238272964,-0.14492491131061627,-0.1360989791128906
0.03620754691395788,0.2088065982552958,0.024647231958489352,-0.027370821359299222
-0.1576081429958943,0.3382117655663044,0.14160783582990774,0.17081322662897144
0.2515878253029849,0.2554846753456733,-0.21917501821319108,0.13965679784467022
-0.16273506116091926,0.5135007297962028,-0.2063985092096462,-0.20393541166157986
0.5123710218516727,0.24836282378438754,-0.26782827144947463,-0.5361682006343711
0.1759165289909865,0.20517372317884597,0.025688319531952983,0.029024413107832204
0.7904128220057912,1.0396635340753355,0.5840147697435155,0.38933689136814387
0.2803012057950832,0.495489335576252,1.1078484247791303,1.4882587934742328
-0.37093715289881884,0.052222272395682674,0.08490073683026934,-0.011157659465260929
-0.02924473987093208,0.0002698973591998002,-0.06499021997546406,0.43789904454811107
0.07603505605292718,-0.8505133485401776,-0.6090007910036501,-0.593622220892989
1.1321281302394612,0.30419830005584114,1.0749669576330037,0.9121583125040791
0.7602332298284711,0.3758253241405004,1.4354289452084423,0.8435366119727231
0.9139518425201484,1.9611046601936184,0.5748138266499795,0.7205566821289983
0.7974765069117603,-0.7173149018125777,0.11513911723353973,-0.385530638054071
0.11241900891084364,0.09492993437944616,-0.6634226386043317,-0.7352079192388025
-0.10055973410255467,0.3743826566822726,0.20159154891470835,0.05746576666356902
0.08411893834022827,0.7450309941033196,0.29072505543809285,0.1505441524412593
-0.4184882640844155,-0.164552958083124,0.4927097486076969,0.38338817791421026
0.5007826620241187,-0.6438408976035943,-0.4434082555083947,-0.35361752910144556
2.1737313987314546,1.815590612046894,0.8858293014176204,0.08160211027706872
0.2691165432212019,0.46652332569925237,-1.2465612233565448,-0.9676767588237906
2.1941205483962323,2.766062148347803,1.9009365758483574,1.1994060492676983
-0.149818163724003,1.235076499662852,0.07347750321473821,0.35173006071632074
1.6724322613909437,0.6687656676941214,-0.3682379359123293,0.5683585619633489
-0.10156443881937546,-0.4618401401302727,0.9068899243419324,0.8179000963737605
1.096291236235111,1.4279751078640899,2.1327734291355163,1.0494992757012644
1.9278045703685214,1.5868942586286898,1.341390322610525,0.27928138365819877
0.7130144396452552,0.09718606375841338,-0.15084449733639965,-1.043098648679237
1.0852232395953971,0.9221371744426031,1.6463867035387474,2.119528648987322
0.8749923531912289,0.7406219867064463,1.264234252394896,0.07674625577974901
0.15090361379416792,-0.2065160523974733,1.7026579600812715,0.6703993497812917
1.053387738375557,1.6156788184233117,0.6916077379448616,0.302339026332137
-0.05305802317506985,0.35472512061904127,0.21905079305192482,-0.2598576845702026
1.3327457591022007,1.0885824402887618,0.49702254404871643,0.21812525049634418
0.28219894913336585,0.5083829615932856,0.21077421093288545,0.4025038867285242
0.880686524348805,0.9261413215414847,1.3653701737108086,1.0533475529418077
0.2605908583621082,0.04664757842495716,-0.431997715633749,-0.058635639365187286
0.3544048812178209,0.1437794764980307,-0.040708237887920565,0.005578513902023431
0.32187009233994074,0.3491425624310315,0.34319669344098297,0.7783475318649375
0.7643670982105805,0.4229681501452308,0.32524446436417814,0.2628516131487191
0.5644547286776621,0.5423791102058375,0.04497986017067176,-0.1469768760869203
0.006570696707557627,0.00913766207382296,0.2875958704465076,0.1357711785532968
0.21143636521710346,0.2610705296260539,0.22919379861438827,0.226126652025418
0.19262862049960444,0.17447626980622963,-0.005600999030871846,-0.030740916439499263
0.014911331690400681,0.011255774369777632,0.013710397976144706,0.009441466364851664
0.00377874701458212,0.011851942117960802,0.056666718273129295,0.04846970589033301
-0.22545715172099398,-0.22722843436821327,-0.12749663025157945,0.032010918517152445
0.07340667857157514,0.05766527548314636,-0.20602643990482467,-0.07797324346185597
-0.17309583068439,0.0399258148950049,0.01300255451925248,0.2743349312287377
-1.0271310268006104,-0.6321406255678619,-0.04770884508545981,-0.03533396687294456
-0.32239831042521866,-0.356830586455077,-0.10568347010720262,-0.18682277810977674
-0.12779642119543225,-0.0007636803755546836,0.11399263101935755,0.06420772775836327
-0.1393711783307257,-0.4086060927427852,-0.7814701850746146,-0.8259947862208314
0.10513150656515773,-0.21215101040196624,-0.6274202452947848,-1.121510221173224
-1.5028130930782255,-1.3450183863035614,-0.838954856485388,-0.6620882634843159
-0.3603644029695176,-0.7837635403596275,-1.2975799468398463,-0.7375463225706745
-0.41814198783920553,-0.5970507560131305,0.0901001782195933,0.5281036248734721
-1.4230024385618365,-1.4518579246930394,-0.8603648744541247,0.27524215678872516
-0.09152433431862524,-0.8809029182216488,-0.9219990003454269,-1.009838234954818
-2.1109164181343325,-1.6621671294388347,-0.8971769754499921,-0.595579455341288
-1.0702637540805993,-1.5102008214971594,-1.7200618489358133,-1.2790367617134064
-0.5955542060324914,-0.38156087245679865,-0.1143614947382043,-0.7742423975778245
-1.375857331428195,-0.9938208575187235,-0.6716452288129515,-0.5654062908201011
-0.9138510006883483,-0.6258007893746148,-0.785712985619491,0.29362101848692784
-1.0231474269071963,-1.2949942087663406,0.3139472570929369,1.2178863156703865
-1.1331816087081337,-1.024691567081484,-1.2686792954401358,-1.2996134055607726
0.5086054416363128,0.04965262196438677,0.19713057924393396,-0.12356591906373796
-1.0912411575578569,-0.23774984839017105,-0.5948114472814227,-0.1655991466868196
-0.8374834049344915,-1.5067753567598745,-2.1038875982793663,-2.1517905634826935
-0.7333233544881974,-0.5926245530884798,-0.11725086664680454,1.312046899924502
-2.210655417530776,-1.0175193827998907,0.0038298680257423698,0.2692359911921411
-1.261764497160424,-0.6458341618597042,-1.1182571600547218,-0.8974815142361211
-0.5747044241012571,0.12503535036377839,-1.0195650019028124,-0.09603951010547729
-0.6379940007846567,-1.0656546533580709,-0.8192421583008793,-0.6273175053972356
-0.3796246028098644,-0.7539682177653395,-0.5837774376722606,-0.07967588001231708
-1.2564782212237793,-0.15758835290681386,-0.5794000001014282,0.23458786820611402
-1.4426343448359207,-1.0446230282284497,-0.6247528632170707,-0.45725198567266273
-0.928679202556593,-0.3155643209002107,-0.3434819071718672,0.2370101929050976
-2.431713256979881,-1.7540072401432565,-1.1293576448819127,-0.962580934147369
-1.7770132232981517,-1.720722774150917,-0.8548030351095741,-0.2157837509807177
-0.4807792693404119,0.16370518487082197,-0.3922806798399948,0.3046564022956899
-0.8092720122359746,-1.0903788162856316,-1.4855003669932687,-1.2927929764986383
-0.8889663464784614,-0.6145847203897331,-1.1191510070465003,-0.33319569932044457
-0.06410354049071534,-0.3136112091159946,-0.6047945169531521,-0.18146521397747892
-1.1938528763427965,-1.3184238201352312,-0.6002642933538074,-1.3134670255973862
0.8736770195935906,0.9304187785736822,0.5449972208641971,-0.39811412117233597
-0.45800612844561794,-0.37925540647103884,-0.026602605918680126,-0.588960112698149
-0.8235900001162468,-0.27700235830109454,0.20940546815545277,1.0465515987062484
-0.44103934695521674,-0.47942419585916907,-0.03326159279069206,-0.09691783000821373
-0.2750197062269528,-0.22930594827035528,0.03843091578652796,0.35228408596659844
-0.23927825969563898,-0.18954014941809597,-0.42793523216626217,-0.4038989270940726
-0.3807301284472335,-0.20583497068022297,-0.21596847952199544,0.0993545889632678
-0.20002834068184644,-0.010989420289160707,-0.1595332295150673,-0.09137567260762641
-0.13544445496676832,-0.13897421181829328,-0.1485452999043822,-0.0866655835072279
8.238039899825958e-05,-0.003842194689244507,-0.0016710387358322787,0.0029422221500512284
0.0753901201247477,0.15022679942682565,0.05552648642090836,0.01509347132211683
0.23905441226062388,0.13732862928202377,0.12072334373566401,0.16309318085035732
0.10577156495998472,0.12880569680608459,0.06731256605996493,-0.030535991534674737
0.3379619999793067,0.16903147369056767,0.1373554363420351,0.24729762063460428
0.26957134837894214,0.3396169694033778,0.24643344740115747,0.03151351482817225
-0.17255781026770667,-0.43651571055105665,-0.15949638899978769,-0.016730290354838546
-0.3515879157035856,-0.012968161754980412,-0.0013599499044151223,-0.2298155853291306
0.4282471899166907,0.2120421036328753,0.09025175397933137,-0.04513746640529793
0.7071864773765132,0.4132452661376559,0.962281395042461,0.1222479530925782
0.6519345075157493,0.5956769922683469,0.028509523896027053,-0.0575028232503248
1.7524953352703638,1.621659535190912,1.2057641261881127,0.19018741730592273
1.7270794197956758,1.0467689850884592,0.4996677861656454,0.6002918890757429
1.383762116147684,0.8639168342224895,0.32495144931643366,-0.5182194429558579
1.8156803357960754,1.7306585969330965,1.6377203422758249,1.1522467513940489
-0.09504833666487109,-0.7591603413214902,-1.4155989884838542,-0.0885499421826682
0.7962239856768054,0.36681542079106294,0.0353075616816365,-0.09781520534371375
2.3002994392703173,2.3214653385698165,1.86976526834836,1.6496921970511194
1.5450245047876454,0.37233360971037677,-0.44551584225922014,-0.40073907899241823
0.7415795930568034,1.3961593571273727,0.8357873331582386,1.4299707950046112
2.090612126373366,0.9632678207411052,-0.07664713610762305,-0.9006688219040132
2.0924819171784406,2.001140402876476,0.4621725300116733,0.6740859758128971
0.7858604952883343,0.5588118389142227,1.7585188885211085,0.785865413778322
1.0736828464639454,2.197047339768968,0.9565641727148811,1.2118782110035085
0.46234850705662817,-0.9934377876534395,-0.14010706561820524,0.13522922318650907
1.0417929960662875,-0.23511792226800418,0.9165670914156224,0.7209234837748046
2.084209775632324,1.1933974113994918,0.1495350905306845,-0.6646896711668882
0.7872047028943424,0.6686460784643605,1.4989686195136154,-0.22602462042502333
1.7714220294282628,2.003741636757051,1.629549400150931,1.1743651094305732
1.595965546399603,0.6212187462736686,-0.8378893364751456,-1.1492192353088493
2.5716628018528245,2.813503235279835,1.4893354754927053,1.5243277676812406
2.024301084828869,2.053135410923066,-0.16407285389451323,0.12055689229770719
0.48493392216625636,0.34963890020144806,-0.7451474471949737,-0.2043502596923573
-0.11798117483015573,-0.09208094183788651,1.509348307561176,0.8481810476170218
-0.10113215747431589,-0.6779086838960998,-0.1722597571907684,-0.7900040694454097
0.9589036094700694,0.3125031398722041,0.2541467413731278,0.2012993802207854
2.584731292882159,2.0902589134364904,3.010986383073549,2.240260100073199
1.0633353350521293,0.7433880640684104,1.6414371209393528,1.5187159463431552
0.19075490950650584,0.07224688391488572,-0.4374083880031983,-0.6829557126354193
0.5681814754961755,0.9472463400767164,1.0939875687109095,0.7770341444244651
0.2972916529367113,-0.16917715028053928,0.0436861985503841,0.1787749203524946
0.12123107123783419,-0.6645072535799507,-0.058682187377748565,0.9374983059077053
1.77112651190405,1.3463778121934251,1.1640108797553375,0.40494972289576314
0.507390600456122,0.9104475490694361,0.10160511816314931,-0.2464242537234725
0.33292296521168785,0.25048106684330157,0.18397822183816437,0.45679238350521434
-0.0017147746888566864,0.13551443583856415,-0.14879498206553157,-0.06569298314214886
0.17344674874571053,0.05547736486623163,-0.023440971537174348,0.08271133158133535
0.09892141009501605,-0.009250571329613995,0.002254570592516035,0.17774738885350283
0.23620768027772462,0.1852140791252857,-0.03495913711465819,-0.007034631838012291
0.059917999633201734,0.06586505887720807,0.1012474224083059,0.017898885672565715
0.01111200108872083,0.007502914849647859,0.00701263161624192,0.0011197855659469745
-0.13387173896447987,-0.10671751912500119,-0.08802689103352827,-0.058360335780276176
0.06400133932612159,-0.005095339929725302,0.005384344749588483,0.012854692642059361
-0.0635983561730043,-0.08895039985532933,-0.2411177416165534,-0.34942609463057517
-0.015279057519737188,0.1703809913407846,-0.16510706637486364,0.13201659452677356
-0.2981577475124099,-0.02488462883795455,-0.35744916603343235,0.00015858520289599974
-0.20518630393482742,-0.022225178545981564,-0.35269700443279683,0.0854195116047855
-0.13416060684268108,-0.0036645598619760448,-0.2610398075000258,-0.23754961546428546
-0.2627637511120894,-0.023893073792284534,-0.8726561823280179,-0.849137056107676
-0.5917217299129763,-0.7284967925191961,-0.8623178736179798,-1.3317891919917717
-0.6103063823486178,-0.42443567232700424,0.24393067578427957,0.01022190972166968
-1.3347172923065709,-0.9323494858582252,-0.6546259608129722,-0.06760352579480798
-0.7197759852002606,0.3108281260083427,0.5869609598620169,0.17016428534326422
-1.840549365458096,-2.320290008895465,-0.49190263372824644,-0.4864029816507074
-0.6898048593273184,-1.2238373209072715,-1.6629601815538675,-1.2547628793599546
-0.6186875565474854,-0.6774395811000857,0.3821182992368008,0.13217572659447355
-0.2667578367256943,-0.6747011346415027,-0.3918400506456992,-0.36808824413058255
0.6535207318249561,0.06515127660937252,-1.090840590233697,-1.0472591003573892
-1.7119588297787556,-0.47667406506821297,-0.9825821782675285,-0.49133236359307386
-1.2120104772685438,-0.7852159254005483,-0.9693155346485305,-0.8896006125540554
0.21986585922485982,-0.11441989055099631,-0.5670095561972188,-0.1462603411957369
-0.8530020093196995,0.1385558756433953,0.35866141227424525,2.1370738648434053
0.2291389368470008,-0.4100658097365596,-1.7221746245658394,0.401351328060783
-0.6279506819422358,0.5096084767206889,1.698307146976688,0.07792662460863062
-1.168621591214232,-1.411726323955816,-1.4121507008921905,-1.0264150592993757
-2.682405056352437,-3.4537787033598826,-2.637565796240669,-2.5961458739046814
-0.8641529762647263,0.33318695939533033,-0.37079699445457587,-0.003450056866005251
-0.007913322757365747,-0.5071786383475713,0.2526410604109342,-0.4328291812735423
-0.412519067483426,-0.4321110658063976,-0.31515264651451086,-0.7965168502509729
-1.191324903065807,-0.216127341278464,0.036032306943925264,-0.5210276033600835
-1.4801915549209845,-1.264689415333062,-1.2418393324255705,-1.0193312426631116
-1.4967967284481576,-1.8381115512646142,-0.2940266615741092,0.8790795408821239
-0.4958156117372222,-0.4474396044335815,-0.2879240095617422,0.09327187660119686
0.25041353446836073,0.18626598073577413,-0.43126736118271275,-0.1814288129152955
-2.3858957029776424,-1.8955746318949718,-1.4085067085578364,-1.728704597861958
-0.28726311832287943,-0.33038925964083943,-0.976899890215407,-1.195039746570281
-0.11748208989482878,0.04421431073575408,-0.16482597580970146,-0.04320355720873869
-0.22062109025317486,-0.5805457644490037,-1.0274764919790071,-1.306578217612701
-0.9275101991456434,-1.3017233448712382,-0.9344423909791213,-0.8517306994179258
-0.8064029327334779,-0.4610746409596826,-0.33049096522601157,-0.12581355443009926
-0.9974567644596533,-1.017914719222014,-1.0702619607588866,-0.7515258090656503
-0.36950399222890756,0.436839293068644,0.18383299231257935,0.8935887397171601
0.21336950368248825,0.09135200641695776,0.36798053807467884,0.493788958191323
-0.2003797186665668,-0.05569500168906433,-0.6665463205046074,-0.2564957743579297
-0.6423859623318572,-0.5866040199177647,-0.5116101060650228,-0.5109871572873846
-0.6070770636590016,-0.34424982799685,-0.15315692354657726,0.16334337186851744
-0.39881624227962503,-0.28317612920469043,-0.3133818161852873,-0.3220018289843044
-0.4519326025379589,-0.29890851128456336,-0.2591216848744796,-0.2186266448162547
-0.07494215545757356,-0.1647724820339578,0.042899067125264936,0.049739870699927254
0.0369684833854971,0.05757268352862209,0.11206841863823198,0.090760089568639
-0.008521745679523554,-0.005941414415789782,-0.0058874025758023675,-0.010281310601139907
0.13613678920614256,0.12833780854449572,0.06681438987390996,0.06594442158626754
0.1148202283410658,0.08255611157401174,-0.07097151146142618,-0.09133162000698329
0.16602830329748186,0.25437369924220987,0.016122012565492796,-0.1591863451546323
0.4190138902639428,0.5351111498341034,0.6353291570420043,0.41420355885440086
0.3978509543302692,0.026103263400829045,0.4036052927346101,0.15896741342994736
0.1205477483067219,0.11273123340807344,-0.12328490232342865,-0.02481436447775062
0.4753878516308648,0.5861908860193982,0.35651372416692795,0.28704607969840856
0.18352499899967423,-0.1844378246865731,0.3045955869898744,0.9072309356621392
0.5201721993194426,0.1423191230778914,0.39920342367658496,-0.4271644567013798
-0.6468405456101312,-0.5686662718055775,0.05635842844440734,0.3902758608626245
0.6173982756627846,0.046200563502072356,0.40414387126701423,0.23535154638526334
0.3123245378413151,0.030919954187860893,-0.04304116184129097,-0.3347851224971893
1.2409472906496941,0.592397473836713,1.0409689219166378,-0.14447602475973045
1.772574483838231,1.6875458895626971,1.2404055336514976,1.0544702243311581
1.3741956021627857,0.5303821576416548,0.324780828821413,0.08494539284394365
1.4552777300242687,1.1990546607185244,0.7159025735499712,1.2251452928513284
1.038545554676427,0.07755873599238906,0.7639357223740937,0.4361049135049039
0.39890193190799833,1.7662988548381329,1.7594949339229762,1.3971904526744152
1.503946347470782,1.4448692527850548,1.06629335114289,1.2953077465494462
1.7908877308118794,0.979863832861812,1.314275019672019,0.4192293087042452
-0.004449608571961332,-0.19367412137342732,0.8518403667729331,1.35605187197978
1.1425823350225435,0.7862324068604489,0.7157731542322419,0.8929651394226744
1.0766601071666098,0.49882829788987215,0.39496835226191,0.021410893644544484
1.0186138647744578,0.4795030866091238,-1.3338128663921622,-0.9239758885615523
1.833116359107282,1.5655117495819424,0.6903229358605436,0.1622630992600048
0.09287699607831568,0.4153144485478633,0.8767006153149488,-0.28334586072089785
-0.07082048421638437,0.17110781095954405,-0.2383280444195715,-0.08350778745908136
-0.3469085121770923,-0.12295420546288804,0.4020739337802225,0.624034289096213
1.8690858232776268,0.31200219904964754,0.7104352200818232,0.25372133877310216
2.409941301055925,2.2508870692215357,1.2361404586998805,0.7703579326766964
0.5168042689570481,0.5675676827214592,0.6210999975324097,0.9926573928620357
1.2335219215001991,1.6100944164318813,-0.728109700494149,-1.00680739861184
1.7156832339292796,1.4818600035627427,1.10487238662655,0.5757810912477058
0.6816480141712172,0.25105404644527785,1.0361558552275218,0.42688150257746893
0.5515782013633542,0.9007525363445011,0.4351763394786506,-0.5832321988584366
0.4875545759354488,-0.23152700012223895,0.08075376813642751,0.4791830511189578
1.2869908479351269,1.6605875684400841,0.9404463614691944,1.1147553896842566
1.3312117953606604,0.6073627226371703,0.7399369972119229,0.5667393953551944
0.13075862113238165,0.18960321619385448,-0.19110653857167786,-0.6794100960686439
0.44618417667959576,0.9985863264581181,0.9139742755441982,0.7578169422711406
0.5117054053390491,0.6385587617771081,-0.1842671310153858,-0.1691821846453736
0.6126205024319555,0.7500247741443878,0.3251871744359027,0.32674867440054794
-0.5592005063599329,0.1017740495300892,0.27035489808617713,0.12358952916644363
0.3884283928142221,0.4008494459361412,0.5278847306307175,0.1303991548156616
0.737047145573096,0.39169778766877084,-0.1490929727601169,-0.11568240715628064
-0.0008138060982180185,-0.07121158653333425,0.16610728265038455,0.3090724423616627
0.1880889134637435,0.0001464125508186675,-0.20034266745425838,-0.03972841872884282
0.18948906069880672,0.19081349831356814,0.10412459412684749,0.17786870550571268
0.14221884704098448,0.08722199159325958,0.07222928270789553,0.034870235751319374
0.002554733381920605,0.00013299725392497291,-0.0037802103475185434,-0.006424406502932031
-0.14754721887141822,-0.10829769295359258,-0.0903656534845819,-0.013251907698160396
-0.25588225361895567,-0.1660642044072633,-0.07728963361167875,-0.11706857644900277
-0.2150533372532567,-0.29976797684688483,-0.27034885077887133,-0.36820227430791097
-0.571528878622401,-0.6856974395730923,-0.4865769101429145,-0.32239657290143453
-0.13213555746202818,-0.23309244915952743,-0.033586469042695626,-0.21810372589132448
-0.12937307547734753,-0.01294421289131318,-0.2624088318360409,-0.023845406520382514
-0.3799475078237988,-0.1063039294377421,-0.4573124910373572,-0.25441168875512005
-0.3675749042185582,-0.45162945715451924,-0.545837225634559,-0.45186868500954175
-0.8960592687113188,-1.4019837349771396,-0.3578594378261241,-0.7546945272400422
-1.082017681758147,-0.9989339758767909,-0.4410309120164505,-0.030269525283000236
-1.415792766232571,-1.4454176388372062,-0.8292315808055093,-0.44351616352514517
-0.883120446557157,-0.6012027169939467,-0.20827671653182867,-0.44797583097853
-0.6276786230574202,-0.7435476718564239,-0.881999531088462,-0.8013960005961207
-0.4807984534178287,-0.4765263657120063,-0.4279311861084533,-0.1221560361214794
-0.9558639227046157,-0.304229357050142,-0.8177122324435666,0.12282407662843024
-1.0538124941556322,-1.398793612433902,-0.036260060363503016,-0.7761266319748243
-0.892202541905276,-0.9250498568547868,-0.4082697044774677,0.632126580790633
-2.843786231153902,-2.2071885711954207,-2.382300577880794,-1.6546555762796427
-2.108014644111224,-2.976963815405709,-1.2449468058669395,-1.6734864966503662
-1.1970722702680854,-1.2464653074265022,0.110084798619089,0.6027257289798345
-1.4358808731036892,-1.3778291970960235,0.6105962233741142,-0.3623560936730438
-0.5079729116054215,-0.06447634938404265,0.05699455331369777,-0.1379007108306844
-1.9080397433248424,-0.4452477222586395,0.10975675399570052,0.4087130462455686
0.9404998810342504,0.7263320374793704,1.995089500291949,1.6639880796806812
-0.3731479311734728,-0.3876823236608748,0.6001271939495213,0.42233614309248774
0.8593577111075706,0.6845529194994302,-0.28893434540615853,-0.6249100121819968
-0.7085851766168102,-0.5059968987408736,-0.8241657972295827,0.18783811261283714
-1.540427133130722,-0.46025711887848886,-0.5314969267259682,-0.24206336053515026
-0.9936500525687317,-0.6353919626630918,-0.2055848899872196,-0.21090785216369395
-4.218774721366829,-3.4029114954540183,-3.2284053644550217,-1.5551574378084414
-2.1372769305385053,-1.939950651097357,-0.20789997190404413,-0.31907448983330716
-1.5194535943865124,-1.1665299688745747,-0.8433657189957147,-0.43363836124780153
-0.8104737555048996,0.010371233032521437,0.1638099163068262,-0.8542746149526386
-0.8751173738248966,-0.9010229151989708,-1.846068603736844,-1.723782293947431
-0.6231320166648265,-0.6583181387555945,-0.3122078494318744,0.33199064433756537
-1.1219108094575028,-1.9929118308170752,-0.8992769930758122,-0.5362805753998557
-0.8677613020319227,-0.695280597367169,-0.3127622520287362,-0.1354560551380199
-0.41296288867080855,-0.5896373761211166,-0.5341346667147714,-0.4371126257717209
-1.2243253087612092,-0.7569612161704005,-0.6611343491477731,0.03264113399831879
-1.3995566888667863,-0.8668350324357125,-0.6724091108752468,-0.5807297633840373
0.2490165219905704,0.6994176929080911,0.5842950999796327,-0.1274539199275076
-0.3971115739503468,-0.17682344154490573,-0.5653833591371855,0.19620138346567248
-0.5457439726639485,-0.5331414880926906,0.12104927630368949,0.11271998927426141
-1.274016393274126,-1.0463966766035315,-0.756819714779866,-0.11176915299322444
-0.41467991569728885,-0.11628852989297594,0.3099845578250805,0.19430899818601152
0.032257852375606993,0.08259372143281299,0.1049732185860694,0.1871949231860944
-0.21131670757318197,0.09035909406907056,0.02401102915311645,0.11721801241710007
-0.17238053160942476,-0.017573547141149698,0.07397407252672476,0.01830647705906301
-0.07734217667854776,-0.010916038916193142,0.04021094038345621,-0.0340262281023309
-0.004543784809173024,-0.0027550052076924327,0.00039399205655657536,0.00025602775188483383
0.15001192475636596,0.1082921489285259,0.06155861247178825,0.008455979966128926
0.1345232412134334,0.15500796348431128,0.3307550248615067,0.17717501893400417
0.24345716974022932,0.19072555711250833,0.14301812953933085,0.18623026300975287
0.21964071303943095,0.2628869567450848,0.001819768132343767,0.1876498604673685
0.456332284629336,0.21403450364060453,0.33688327951809816,0.4323018681502996
0.6702809258378487,0.1093068653927115,-0.02005479740944615,-0.05293415121502631
0.8135593347941447,0.5667683118728978,0.5077115020353319,0.7569160200925474
0.7010124239060865,0.7042161775534022,0.22580603891369605,0.6037386956998018
0.14580685746671218,0.05313498472226421,-0.8377686798977528,-0.7966343029894664
0.18874439153201872,0.3076585336570573,0.09089564163970554,-0.00900461180594705
-0.4311949965235762,0.17164266090404287,0.16646095554070175,0.0369920707219621
0.8418092728038511,0.5488895668272238,-1.161703510383629,-0.2627195427837976
1.1559171032830935,0.5731657919908868,-0.25909561823377547,-0.06317620172615838
-0.22242910253550205,-0.29263141737572296,0.20565352488865837,0.2616152334752491
1.4578955268312885,0.753191644293796,0.17186312996654113,0.42020528167047777
0.47674707252111503,0.17909621805980705,1.3903558986853757,0.7247216082410586
0.2405586894895607,-0.6424949994564467,0.5336451875008729,0.12983376276148761
0.6652432779440826,-0.24866641915140256,-1.019651313066494,-1.0439285729089092
0.0709956551578567,-0.39282263589771577,0.7274285879479643,0.9336582344074719
0.48680257430425067,1.2770003209911347,0.5564676430366788,1.1861915307313065
-0.48590740944117106,-0.13545542234013866,0.007478043847335547,1.0103794359603915
-0.6339419508020042,-0.4620588069105426,0.46046418022580665,0.3497427591274008
2.3474209679380587,2.3398837228244744,2.3241059069379855,2.0692309454190405
1.9035037111748678,1.495474515926648,1.7826370357723114,2.0064847447609373
0.8226598041009697,1.7792534268006104,1.0675623858791603,0.7767371680442686
1.3000101553307672,0.20111067752312076,-0.6832671690524197,-0.9060577692397975
0.49035347248899086,-0.19395956872974532,0.26645762119748706,-0.396671965641564
0.5391192894763542,0.05285933953535895,-0.0475623616197659,0.1803670496275931
0.9193250225045589,0.7480808453336861,-0.23576614413132657,-0.30826922236665877
0.4493249680028562,1.2938440788065877,0.2876665204345075,-0.5646363226344191
2.2354465867760966,1.2894985578751559,0.6091302658760411,-0.20963651261918684
1.7651316263069372,1.0903233750368864,1.2382532930351797,0.3091606855813664
1.7353293743276361,0.581254844317303,1.0951626432296377,1.34273183028107
2.0179294312250695,2.373488021816073,2.2650086585104043,1.8262850544095597
1.2052050784844333,1.213396122314269,1.627639247031315,1.9306995737433095
0.38423213427491604,0.23534863057158134,-0.5191924774345468,-0.5052627340954713
0.9795441501656756,1.4771815386441016,0.8518231017856452,0.7254037355783077
0.27595347287148747,-0.012056362212053886,0.11091120787185654,0.5219525010939772
1.3033887041768173,1.4280492764293164,1.2334349962873812,1.0975547589717203
0.6514404167878768,-0.05036400467516126,-0.2891127389454104,0.23162961347843364
0.9737935186408959,0.7986252153083587,0.6275504996608379,0.12527842616802637
-0.2265841584625286,-0.2230282534768306,-0.7349093987399983,-1.2819155261515474
0.578105884750038,0.09015299575011412,-0.22832429441615598,0.16268668297257305
0.4400639683668732,0.41959911872767963,0.2523055437714867,0.19338621388898947
0.9360502697663511,0.8609874582698059,0.7122491450160849,0.4907801170186119
-0.08198764590244906,-0.07518174472829917,0.007917235297558365,0.11696766437984026
0.16051593443170897,0.15105480164564022,0.2955061936127189,0.49967802907310277
0.21100249186392758,0.07553896594792572,0.08629135794858436,0.10058755542174755
0.06154225458153616,0.024670077744457983,0.05578433167973435,0.013289525954584627
0.004595076290564768,0.005690226763646197,0.010448359370814021,0.01244420799675547
-0.09659893855642725,-0.011172589906768005,-0.03093240273381135,-0.08270617312166033
-0.12927516908768347,0.01262772991339143,-0.0416176477546121,-0.04583573084228227
-0.333265316933247,-0.294989958755267,-0.28302432553052603,-0.17937735829242027
0.15461059818984432,0.13485523410579173,-0.020154824098076216,0.15366508759763628
-0.4757213021128608,-0.2889492866425509,0.003778534077875761,0.02128395979302729
-0.771762017051274,-0.9361677012472214,-0.5062856447954505,-0.21914889769522783
-0.5144397216478509,-0.5718161565722718,0.12823391942365706,0.0820442463383305
-0.2808524803919636,-0.9102921544048073,-0.49630841101908574,-0.23041168178032378
-0.4412502415392586,-0.25373562440469477,0.33380507064572856,0.3135246501678943
-0.8437577469552047,-1.073271306269756,-0.03511188329036073,0.20567411779032285
-1.6720935325085144,-1.7336783916396525,-0.5464226886949967,-0.46692058580148893
-1.2610851868705386,-1.4481419392041903,-0.46847019830423686,-0.6427574363309272
0.2338888367153624,-0.10762806710214892,-0.15830028042917002,0.0005209919202331054
-1.3020346153412403,-0.6416327414828579,-1.0871879435668799,-1.5577753725430235
-2.2048112444535404,-1.228347021853475,-1.268543034397397,-0.3264096335405728
-0.7065900970095681,-0.5622887801276836,-1.5038141192460641,-1.0255223208628692
-2.201753792453321,-1.6565913172651496,-1.907512206420027,-1.0528859950625151
-0.6464662425822568,-0.4982281076098169,-1.4785305453556667,-0.6897760487343553
-1.2939717148829841,-1.5183748139689257,-1.023429345357318,-0.9478779409123449
-0.572792256477331,-0.2775998228875354,0.9656642840652115,1.0587738728902973
-0.5043267427060663,-0.25422801253123595,1.512621183258613,1.299972080030631
-1.2307559600303237,-0.41829707475613725,-0.4864469332546338,0.8614451838489543
-2.5898836099069844,-1.0009506011930351,-1.1212238029908266,-0.258329569462141
-2.9373558524667462,-2.0464768309601746,-2.2406319344492216,-0.9056754839966598
-0.29955041849500164,0.40663473042736836,0.6294192998679539,-0.046142458676774835
-1.9331844887605256,-1.6221282404702224,-1.1353789974595716,-2.235640790385611
-0.06351952474150567,0.4654784097297947,-0.6023528423773616,-0.8008495010508301
0.29641881738552567,1.2084530768563155,-1.1808854767037056,-1.1072938715282696
-1.2397312124253086,-0.2192985136764021,-0.9643567442323581,-1.0562333764966343
1.2660503923690771,0.5026868848877335,0.9650260635037428,-0.38553334202594597
-0.17363182510699418,0.017077936109141597,-0.6536753564257153,-0.9209028614904469
-1.479461108383623,-2.1782499592530593,-1.9819435632678424,-1.9069614923111322
-0.7882707658938113,-1.1272537190465732,-0.3494296561449005,-0.7636426140565783
-0.9285288057593444,0.18346025989700185,0.22268258284831763,0.6687398487220985
-0.0553098496554948,-0.018072361331806626,0.4110837794861819,0.2553379899724426
-0.6523267826771305,0.31415602222957306,-0.6063598404173564,-0.7626051195466516
-1.3159855272595715,-0.9257526728510223,0.4470483804775083,-0.04795194401656131
-0.8749128619987463,-0.11210115977158044,0.30316191597706443,0.2533155581581055
-1.684295965188736,-0.8721187676075025,-0.09756086261681225,-0.3807601943506459
-0.2904422364041273,-0.7684579642277551,-0.6994584225861114,-0.8059316402630876
-1.0720777415941367,-0.9078805862549617,-0.9184629992477368,-0.7290407410376629
-0.9004661515980242,-1.041861565982373,-0.9059159452668385,-1.0335543811153582
-0.02742159582627247,0.12725344962263874,-0.27336379094990243,-0.5070781935020239
0.0283662792336574,0.3866807405915245,0.5671960034696387,0.31838857155377875
-0.4278069109665591,-0.4136149591555008,-0.30506514309574795,-0.09266126801411635
-0.4049820666349258,-0.08884513016595327,-0.2307924718335319,-0.16551713493089182
-0.05791549643895641,-0.2738505592811015,-0.0023089635490767357,-0.25537030749415685
-0.07733017178009481,-0.09936550581977903,-0.016334044952484788,-0.03736933536932269
-0.11232943246754089,-0.12775734692184326,-0.08415779442993984,-0.11412084140228738
-0.006358537733469915,-0.006842598700645552,-0.0026711306718426816,-0.0010800528677818522
0.06468859472805973,0.06809236142218972,-0.031173451557702427,-0.014866074574288238
0.36456227529168883,0.24249979697851326,0.2551255020108879,0.22780118837173643
0.2888141297358661,0.21618471340756948,0.28442501292045647,0.2757878865242025
0.16129749260325837,0.08194853494112893,0.15771176803211115,0.24708162422465318
0.33879271442619197,0.3140373941329176,0.14570758142118498,-0.15995646848491857
0.2201994492742936,0.30493818806549794,-0.023572475376094512,0.0012017293294497426
0.18999772497564224,0.55244671327609,0.6524781809479842,1.1298075985058795
0.6024623515528267,0.6431410617961043,0.2940759839208016,0.2544669868390238
0.5105127537950055,0.2975997466299896,0.4454032893281926,0.10519454247660331
0.49799042320296255,0.08528486510853202,0.21138711003666136,0.1564978975078318
0.7740685329606452,0.14886303950240687,0.9729208672427966,0.3339108226708224
-0.29928520254442603,-0.6084649631184469,0.4641627051201755,0.46155665516465627
0.21209837747832583,0.5178745667231504,-0.3685213887208562,0.3831242304381891
0.3741702786114413,0.44285477063172357,-0.4174516345320881,-0.20327623270527667
1.101185149571343,0.6515556098555761,1.535503636898821,2.5715853600144376
1.364043080666352,0.9170138491843648,1.0886719474742066,1.118422943305619
2.6518853349234326,2.1773140925540493,2.0196970068197784,1.6382179474851648
-0.4316604143389248,-0.2240679536423761,-0.5082871041837169,-0.41692195099464774
1.963055486285286,1.9086318016764419,2.0431739337344985,1.1477505867540336
2.246233927148894,1.017377733826706,2.012258149662527,1.4785148703784987
2.5345406558844665,3.0818300570651025,1.147248293893647,0.0024437062915611584
0.4270384738731846,0.31034859836461426,-0.4148713096647643,-0.3608483351362653
0.2712849216657186,-0.21468210682449998,-0.8308036753176825,-1.198484761843299
0.4557304513868018,-0.05962971390358905,0.5922776224782759,0.21293996850710686
1.0108241485757028,0.5102041822322494,1.1250680671008475,1.4247861077627868
-0.6055855734099362,-1.310784597414768,-0.3367181948376265,-0.3827653938238337
1.7199701024857061,0.4178592636091305,-0.13653706509586833,0.7393728475632875
1.0155524881724218,1.2097274405149279,1.8276961189330039,1.842346691819668
1.9414614381829214,1.6882014951811064,1.2766929159022606,1.1778498625652825
1.2656532123042792,1.684679016210042,1.4746348813721621,0.045047743827237224
-0.8405716011053673,-0.6904533824498548,-0.4129384720136325,0.45768288927125117
0.32990675963652333,-0.37185154907288387,-1.1503547890746777,-0.7012522063842053
0.72910495022275,0.31510221367948416,0.07249331795632213,0.4461697015029152
0.38644484283140895,0.22413555835673654,1.1688182946395635,0.6582876027556713
1.076793060954506,1.2677744496058052,0.16023739440458254,-0.11804696291146653
1.676176556927891,1.220948528122388,1.3378165977506429,0.4628996521839925
0.6624111263112761,0.7680986392969785,0.6197656861033652,0.41381284096741183
0.830274041811122,1.3086799377983893,1.3267070699462435,0.41771570765187277
-0.18982700692421522,0.23093243260935922,0.46042932993833496,-0.44660059346908193
0.6090549339189847,0.5777935641534431,0.169719627744659,0.2252350375330896
0.7032238449734102,0.03387528212429554,-0.04943436090842577,-0.22749181235746327
0.636239300465087,0.39962198701067286,-0.1011742162407135,0.04246000603665878
-0.45620066339698034,-0.1393170647299829,-0.16552684843137405,0.1251807255944114
0.14081291986391128,0.2736993166602225,0.2106803653316343,0.23201442110238488
0.42049531281569197,0.4049237638646165,0.20098585983578787,0.03217491125115725
0.07744726714446308,0.06917515130933417,-0.06882379727825705,0.10236818596036765
0.0874912022561365,0.22127318869226706,0.18289180662667046,0.11873927233100373
0.17209168461224003,0.11172916658987604,0.037444525115272645,0.11142815792745338
0.04315655931685144,0.054994552194801594,0.014387746061622773,0.024512527762779096
0.00846477398101652,0.002279133045927366,4.964031557702734e-06,-0.0038162613086290807
-0.14453475472825353,-0.106673972252683,-0.0707412904469573,-0.06349441517546915
-0.19943183010024576,-0.22408476968956273,-0.22849607010454656,-0.1874821227354989
-0.4179100444401086,-0.39394877959113195,-0.13268351679599125,-0.18499470014480962
-0.07027523781319552,-0.07212018103859306,-0.04418996151899432,-0.26364324206670503
-0.34761784742912866,-0.41964571928195554,-0.41976391557800447,-0.21818861327012948
-0.5822351220317499,-0.6823043205771134,-0.3563728220051182,-0.5075514352042112
0.3879417662268941,0.23289403507744377,0.22371654950156483,0.06574337450305616
-0.7425937340066607,-0.30724277159464103,-0.2393882024620988,-0.002654618825843244
-0.5261600662516613,-0.8737729658339229,-0.06463036402522987,0.250834992395086
-1.7252949219918365,-1.2887700438487135,-1.0643788088973887,-0.9518842186736932
0.1622059834920939,0.21744811226531854,0.397589426784427,0.18123262372975546
-1.9962555366277073,-2.3619047757641733,-1.8206268869908142,-0.35264518663196137
-0.2671725493233121,-0.5499025819721685,0.13996948603681517,-0.42526361362918846
-0.27854529026941516,-0.2024511493277938,0.17664084961623733,0.49080188958225573
-2.2967084306739447,-1.6475310566677097,-0.12716165725648448,0.5652779216507658
0.25848240434094016,-0.23082208058184614,0.3986407216141614,0.307863621735926
-0.7821639214165944,-0.5385342808962168,0.6999569869319594,0.08634749072525201
-1.4175427178813587,-1.3517504876958248,-1.5211926333725545,-1.2202481140097252
-1.0434562557065385,-0.06606788562500678,-0.20311180123343017,0.7668955320300304
0.3634827670811156,1.9883288594723785,0.7167485415411093,1.5961246038808972
-0.5538433515124477,-0.4987341124677779,-0.9385794924535494,-1.7127627449167406
-1.937414634853666,-1.2272925442394156,-1.1943691004933035,0.724647759052823
-0.67334608322869,-0.8836964368884332,-1.7745474842810909,-1.0283557372965644
-1.4052576592667798,-0.6083024642208115,-0.4172551761556517,-0.26902121950588426
-1.228821089927336,-0.12401810546805174,-0.9069944085699876,-0.4062397261523113
-0.23137955031070429,-0.6768479691881448,-0.6505479992497133,-0.6576412485579338
-1.8394382285208732,-2.220106817821324,0.10654228935676788,-0.6019752196199765
-0.07597520100410697,1.0679490741699957,0.38690222343700176,-0.3170597446199177
-0.4369865866103338,0.4724081200215336,0.14525818545805272,-0.05765993750370315
0.9682530986297898,1.0145419894367695,0.6152359999157123,0.28298892945023596
-0.8464869430128346,-1.035398332602756,-0.8858580233913287,-1.0992675071866462
-1.8073400370712573,-1.7665415944208553,-0.0062833112558181425,0.10659336234493579
-2.1359906135266646,-1.4825126189143432,-1.8746479561784957,-2.094164320593367
-0.3884771567089146,-0.9937946458449258,0.5451447349442518,-0.8386019971561243
-0.33792159630055485,-0.7795501420502213,-0.7090723615829294,0.09969798083231542
-0.343827469573092,-0.019357055926594965,-1.381386061468854,-1.2727234015836482
-0.026096437613432215,0.7305188033945825,0.2032764365881374,-0.0895407880700593
-1.4557947948683425,-1.1707749730067458,-1.1532085461229342,-0.9823702230407135
-0.2605083851928772,1.064082799490733,0.7276975573057355,0.9461307016787673
-1.2366733591632146,-0.5421026187024821,0.6470844541375651,1.1864900243106726
0.17716801948361827,-0.33208543157133724,-0.5308744586914721,-0.5640019782317692
-0.6615143817878039,-0.4776181067266489,-0.6749084265806793,-0.6289409448604164
-0.7382707842015761,-1.0376467081916008,-0.7236237435302176,-0.8221267031645274
-0.2276526821236542,-0.13706586247437566,0.2063625793406603,0.5732100648984364
-0.8333712415655327,-0.5110625475727864,-0.3583741776208728,-0.02455922301326895
-0.31536560771754674,-0.3187842120217112,-0.2452708429840333,-0.623836268033579
-0.31580504062281417,-0.2921834886980528,-0.3684712392724525,-0.3314391827934074
-0.37715913673350265,-0.19246746516375757,-0.03138433321516961,-0.05388563211552912
-0.04551598974955173,0.011537162698977428,-0.015726846491804555,-0.0429667657776584
-0.002479773802232973,-0.0010001286376271885,-0.0008241964179115406,6.561281007649396e-05
0.05827249557600419,0.11451115941388916,0.09323441395734403,0.04560988323217867
0.06856653545810888,-0.04575214965940517,-0.00585250250680431,-0.1263850965371743
0.3261409848606734,0.3190267657223916,0.17925132574920083,0.11547226033102743
0.18815375172678783,0.06398743087236211,-0.22965837765918576,-0.11786883274594387
0.47031967228277033,0.41991035009122446,0.2990608287470039,0.6369214334016204
0.8481016081251104,0.9747808280521011,0.9093937536490463,0.3724380768680567
0.817508933783502,0.4389221766295886,0.10516438545462478,-0.29869976970830453
1.1568273030536225,0.4644355532345786,-0.22060991236709432,-0.28218128114360924
0.4302799375257313,-0.12010657045788646,0.021373422875411156,0.13408485513377627
0.9554079726836616,1.1429847163913391,1.9770899222940412,1.292907919905577
1.706209333307824,2.1214708865682623,1.4470234916256675,0.4433212901292713
0.5468815469054771,1.0409586471365135,0.6777164778186286,0.574995021581914
0.46762758415118205,1.0151501308753814,1.0877058192179019,0.7748654165579703
1.1047015023839968,0.7767194029523478,0.3763034141368001,-0.013882161317201713
1.1579211868732677,0.6328871141105707,1.2360264027368764,1.5309556430880749
1.3613363212844236,0.5900094801901052,0.09274970061574776,-0.535995370309182
0.47191599766688047,-0.006813040343819283,4.8569348867594076e-05,-0.4876282177929335
0.4355576939096144,0.41812266143470456,-0.7870727998906762,-0.9515518975282267
-0.1262747635843402,-0.28251854410713945,-0.21525797350845544,-0.06810047309794438
1.9169885678839622,1.7733764919562447,1.714639363243254,0.5637140135229944
1.341993338759839,1.1014146739195376,-0.3235854773109798,-0.5688624191744103
1.0280525654330432,1.132494176367001,1.3720819512569704,1.0582525865009886
0.07082420388394339,0.8769731814183312,0.14392232748506778,-0.1716101184521704
0.33238988972756206,-0.0987444371955098,-0.20244802218546287,-0.7291314907668811
1.1477276032986699,1.3774686698812042,0.5464102117813636,0.18747377473860766
-0.37495293296323945,0.33187904729164525,-1.388967700254013,0.19752285619030407
1.1343720498754426,1.8804283370956016,1.2555387120156447,0.5306389296857859
-0.835047776988592,-0.8344773215275457,-0.3829668495386895,-1.0166104223948276
-0.4026866297323736,-1.397570134038252,-2.0566181035060254,-2.138869564043941
2.97479423091318,3.400745840107497,2.8223106072982937,1.482061850011816
1.5899376091617705,2.7602645087549353,2.863321160808815,2.551532449376664
1.51587588981811,1.1983871782472926,-0.11280604014437245,0.07335942729291745
1.2546291397758726,1.7767802732326914,0.09306229389861094,0.034721108175244424
0.8559321621766626,0.40396866060957776,0.7308449735714746,1.3557936662828898
0.2048867571702787,0.4434573182809057,0.07629738051601494,0.6306389262069191
2.922392921243198,2.4422923379906574,2.3577138756861693,2.605920856883709
0.29925410242394085,0.658336198412985,0.18206318319075782,0.33372087938642436
1.4406782100885507,0.7941022921185599,0.2554772499913666,-0.6505803490520826
-0.3760166467915375,-0.5621796612531604,-0.2619961676526861,-1.1141163390624846
0.39503822651110265,0.6703069069008626,0.034696179718654296,-9.497658944307847e-05
-0.8489058336537967,-1.0875820718412883,0.04039097666526711,0.09927503842384715
1.4993575285824847,1.677134372311259,1.3566018661995405,0.8621315237616394
0.49135578894328974,0.37976692366650905,-0.11054089345586912,-0.09532764304900786
0.43478317860810445,0.22934818863512135,-0.15121991440763416,-0.3557586003624687
0.2311988845403148,-0.021660665417293373,0.4512848122293735,0.28989444065314196
0.3359372237529103,0.003209931305962502,-0.06086691927872685,0.1335736758832111
0.2567483919957019,0.2602252055901806,0.38393991004991246,0.14539571446708044
0.1356084897310966,0.09965470319955848,0.016633126269266624,-0.1422162270810157
0.09163487976788176,0.14250963276537293,0.04122996577366442,0.05361990793979987
0.0006377244420161519,0.0003871437215574543,-6.676102734093277e-05,-0.0011207902420822772
-0.06344880218426827,-0.11733337235900575,-0.030648309374156024,-0.02711628219509117
-0.26309421616574236,-0.1646202135941637,-0.0973001725638416,-0.1002125845148826
-0.4482183654277897,-0.5303063357759957,-0.31647535182301123,-0.2963147649075866
-0.18794257418242266,-0.1708454178058788,0.09709908705220592,-0.11195055513898235
-0.3378633532062116,-0.13437068781188852,-0.5843043944391689,-0.49828673844356636
-1.4268356665878632,-0.9275810518971315,-0.693692446622921,-0.4561519536704326
-0.7301785847679638,-0.34984419473866163,-0.9477356341884545,-0.4955399018811048
-1.234137309600684,-1.1533723011597234,-0.5941189235068132,-0.4269009421533121
-1.3389055973893527,-1.1052606494337864,0.0847903349131208,0.05713150751912898
0.3029417552061177,0.2303482349747806,0.5392311819016635,0.11858965013264339
0.26565696906934294,0.22903597623322713,-0.3551666633997831,0.17365138238486968
-0.8492228744579582,-0.6145172214018254,0.01881787308622962,0.7732481458501308
-2.1291661110976072,-1.8107738520898038,0.027979457263209273,0.4086390561815878
-0.4482388549020024,-0.43402895494400795,-0.6123224006005721,0.7480149453360034
-1.32331251816906,-1.405224573768764,-0.041902463633024724,0.3635413296792083
-1.1186564778891235,-0.7032509097776786,-0.37389931918213787,0.4579907982119433
-1.6663510380139253,-1.5504121858990079,-1.776499312603326,-2.9204951568720965
-2.318051456102856,-2.7736988723123943,-2.4017648030599563,-1.947010247575771
-1.0080696341933744,-0.5431368015995546,-0.052893504221996686,0.6096036846538612
-1.0092464678749868,-0.05896899113535348,-1.1248208804944646,-0.8754826009508105
0.43838863544884965,0.364496020828241,-0.029830215605551474,-0.18233623384118683
0.8823712695156859,0.6383710237014463,0.01782504474502892,-0.7090915958525791
0.9075910143451837,0.07569768957526131,1.2715852947906068,0.6218988007326348
-1.0575271583593442,-0.7808565376909088,1.044312318389458,0.6516597819521505
-0.9591440963688597,-1.4727180335390782,-2.130076404806724,-1.8177386558755355
-2.231532457307535,-1.657542547057362,-0.4240928999687441,0.03668187088328831
-1.0206952583493965,-0.39269934800026485,-1.2757976078392972,-0.17002536651614986
-0.8376051883094765,-0.8871003508159574,-2.3482298001227844,-1.0787990550722242
-1.145757214775119,-1.5264397079212648,-1.5783954579664239,-0.8469572330302372
-1.3433216279666151,-1.1490437734999936,-0.6212246840385076,-1.4410779315004298
0.23338530337272545,0.6736868679490549,0.018589357164698762,0.3341479141956587
-1.6082631578066302,-1.963794578601059,-1.9748564510725461,-0.03526828947417929
-0.7248579735181347,-0.9836632128526737,-1.5627447875419436,-0.2863088079764573
-1.208507126666228,-1.349110658425316,-1.1192918307543311,-0.7828903488013702
-0.33315086272589467,0.05063854955613955,0.8398832870857003,1.249758069501003
-0.23331384853729986,-0.12323291767807128,-0.6581006494759003,-0.14670405189123642
-0.9755694567723111,-0.7846704115554861,0.13687168912496814,0.8694773859442723
-0.9450125474401496,-0.9616916399032451,-0.40453122770421374,-0.8074383720571818
-1.974969882351781,-1.944332833668531,-1.5277603177652714,-0.702899258106117
-0.8390764314307118,-0.9055350670738992,-0.1849951224769942,-0.7957938170054288
-0.959137024710291,-0.845459034662752,-0.20305236007704544,0.2943306499933876
-0.09878658326332738,-0.06664279720563475,-0.18865277624191684,-0.4170134934756802
-0.41757490298030736,-0.37087740240158795,-0.40022916288914895,-0.4552305724331533
0.3353096093086447,0.5124503356360698,0.5676745388030667,0.31483843175854553
-0.09818755093063679,-0.024693729665799528,0.14240465397521518,0.7031491022784838
-0.07613887667322712,0.12679267467090455,-0.08635669271818877,-0.17383509251899487
-0.15927449119365847,-0.023674525559428467,-0.06345941247801931,0.007924419738264719
0.10719159565240802,0.10933279310863679,-0.07224082491645736,-0.17425297119617428
-0.17421335222049647,-0.18665086457897095,-0.13580693723383908,-0.10795154334395816
0.0018019488164570014,0.0007132958707358403,0.0018080750142233021,0.0028733227188140293
0.016640458197129216,0.011214402569302066,-0.012273609848359042,0.06698906079116426
0.2516151057638045,0.19986412172051166,0.04222477309013338,0.004041304322986916
0.3929484545001411,0.26183327821179647,0.2620767395080993,0.32087442801387317
0.04094928090430458,0.21732971462445103,0.44216962367016144,0.0025802249118971362
0.053256208022715065,-0.10017191060217526,-0.06779152975690557,-0.10617570856656744
-0.32511225801542326,-0.6478526495556998,-0.6565360012556607,-0.45225202470988546
0.6432429249181256,0.3299972872066444,0.13834210328757068,-0.4546294104984889
0.9745671574500211,0.9024544267628718,0.808958273819387,-0.22597354457647537
-0.17550393485679913,-0.595272694847384,-0.107897622887428,0.3747166167614811
0.12310012980237188,0.4518958470711815,0.17546169190392774,0.09062902810346722
0.9072685415207125,1.138437866681587,0.33208484243023595,0.7860380845927359
0.28911497854894413,-0.12872602919907453,-0.25526251460054555,-0.4470704507752091
1.1837294769769855,2.0239953884924935,1.3317134389855954,0.7246749192074388
0.7655342558354801,1.2375883748293615,0.914248952954965,0.13822582035489137
1.3553390354556007,0.7666306971023755,0.8850055205920303,0.9488046021264327
-0.18104525846176905,-0.31859602273822013,-0.6183272419668326,-0.5641452904030883
0.44781623231250844,1.0381419322580154,0.1821697447834133,0.6574836137134568
0.3661372549996239,1.4985105253762625,1.0774118716548717,1.2985663627761732
1.8456168173629977,1.7260023163362277,0.8912929730637648,0.580578750432372
-0.7120207474521167,-0.3183881006394692,-0.045089954034307426,1.0447665456033302
1.1443788286712826,0.4834769711345223,0.7666956990221288,-0.030463752778720595
0.39625111216093867,0.32750866233597437,-0.5105619654434643,-0.9205661334908817
-0.800340434633342,0.13008759599793213,-0.08960073409784687,-0.2500418825815742
0.007724233882302719,0.22191539953534403,0.9955733574266211,-0.6351808652210048
-0.3291373249387304,-0.7571469905960094,-0.008602269300359212,-0.6760095114463995
0.2472214528266614,0.21216050852461996,1.2687178643259236,-0.044298142171147595
1.8658877836914436,1.7746532664794399,1.716610967105625,0.9609363309534896
2.4301125346820402,1.3228386347879455,1.548412578569872,-0.06980700703499702
1.5025620162449982,1.6274784071195252,1.1232143949704787,1.257924531327793
-0.4528572267312802,-1.36006693709772,-0.12483543402874717,-1.1270581316003916
0.7014666576950832,-0.3632530932186422,0.6760606083917878,0.2595371597040094
2.216975783223277,1.8045128691654915,1.2058679029382293,1.1019716079866648
-0.28008911266682823,-0.8781473495482862,-0.5391622591740083,-1.1310418261720359
2.0508752214856463,1.4533149258914577,1.0646834716431515,1.577979246184291
0.43996364970187407,0.6039199826493851,0.4158198586553822,0.16307701357187765
1.4440601567423543,1.0699479904569196,0.8680453693184477,1.941856243968182
0.5525808995661141,0.8415799331248269,-0.40631730715078174,-0.8064472471549771
1.0156052539901346,-0.1837939838008546,0.12966357190748073,0.153101191174708
0.04380946484513551,-0.3844958533748269,0.11318214189927753,-0.5642853721486022
-0.5523423279708524,-0.8678025360473982,-0.9749864775061634,-0.5737401978286395
0.7470997159904947,0.02229002398469063,0.22624254804623595,0.24875588040104496
1.3430430180353379,0.6482175516107177,0.35606575712928196,0.27124775094327425
0.8468196189329639,0.683553891687652,0.5406189024376847,0.6172018693636526
0.5472365485262732,0.9559228058279229,0.35799262548338584,0.07844463104053596
0.2805507327613447,0.356634017986096,0.4491233892189794,0.15177932672306646
0.6217715056671167,0.3098963518593262,0.38093729385378017,0.14687029440482743
0.2348399513365197,0.31298073753528993,0.30217929661736964,0.05801445490399195
0.21101940557137178,0.029999548212029797,0.23054064468264582,0.12374837987962888
0.16321086763574047,0.11411803642405817,0.06484948739007215,-1.9932723800567938e-05
0.003841442664601897,0.0032742062431202435,0.002207851911545169,0.0011175823892223239
-0.06950615503692445,-0.006313664169717283,-0.02228895901908112,0.0006976583236543376
-0.25122767806479424,-0.25877901464106073,-0.17605084056150797,-0.061820193645038074
-0.2879941876273307,-0.375081356465147,-0.11284972787149272,-0.08748967434155507
-0.2775642073260393,-0.37921598653501865,-0.31830789717025737,-0.32600597204705656
-0.3149306492350977,-0.2872220552719538,-0.13702828718708707,-0.16166275578072803
-0.22083345437866833,-0.22793761185982672,-0.34997746274196395,-0.33091583263883606
0.4983243428055626,0.5839401727237374,0.6640214799255372,0.27185673131937027
-0.796154764803481,-0.4929413032051159,-0.6301449812100194,-1.066190012074664
-0.8768705436501667,-0.11349857901060895,-0.9384699389654156,-0.9582994051638558
-0.12462239468742717,-0.21133022297219564,-0.09093483936695344,-0.309604655773792
0.06619774524824486,-0.47488368987885043,-0.3421183112048195,-0.2558997714749271
-1.3791118662923956,-1.6046193659004468,-0.4787481370269046,-0.6915539326824429
-0.6171483296672585,-0.9993279096352002,-1.3413439055116354,-0.7497205387955714
-1.6493274894020369,-0.7108723990023285,-0.7654940447157,-0.7783990661785343
-0.3468792663487639,-0.7549527814097392,-0.06921267726714476,-0.640780424525048
-1.4678871112223437,-1.3141837370379366,-1.4956594376022816,-0.5288137265840964
-1.2632503531656745,-1.6039728576285424,-1.0851484867812375,-0.5324665984726673
0.3769537807483639,1.2771382870080585,0.6163001473724996,0.6597308147358151
-0.6956424241724679,-0.08071926338308545,0.04863229315481422,0.13318386791781428
-1.530574741729829,-1.0416888449991795,-0.45059499223006616,-0.7591498898974678
-0.5083817863215453,-0.009973454213288801,-0.7131154819786389,-1.6153519510995513
0.3848643487657656,1.188229360791121,0.4068792114052074,0.19540717085017806
-1.1668876564971051,-0.5069116723101817,-2.085213347494806,-1.622191176816222
-0.2548199433455167,-0.48749752014289316,0.4351833307680702,0.5086564892567835
1.528757324810501,1.2363404465615389,2.772354163611157,1.7612984582930058
-1.6268513879072797,-1.8309819696664078,0.5464277191177446,0.8801335479101556
-1.5412981195103337,-2.734767950139882,0.6113593917032522,1.1324055651396199
-1.0527164783458063,-0.45425381017842187,-0.6515863525411677,0.961772007776334
-0.026521095700712594,0.12168299722655569,0.08250641341361571,0.15319868112358379
-0.805059017430445,-0.5140262977970039,0.28244876391263934,0.15410256738478315
-2.896744194284897,-3.023435985219973,-2.715859117963543,-0.8676650285699774
-2.4630168272675097,-2.295905752146148,-1.2927581060661024,-1.2007928051815224
-0.476606834173225,-0.39063575028226927,-0.2081290423890555,0.6718632575620188
-1.2099205133360085,-0.5884486123116343,-0.20046125869106438,0.1428469435919316
-0.3678612356512615,0.3700839304447871,-0.5338963243119359,-0.6413023519229808
-0.780303528826623,-1.1249280380302336,-0.5998765076375552,-1.1063473073074725
-0.7204811281841575,-0.18709834499004924,0.5418239286532308,0.8002487849041398
-0.7553045462875357,0.46732423894123903,-0.0805302617064562,0.21941779618631674
-0.30708201616199426,-0.40615583217253426,0.20493707828208801,0.33337133505538696
-0.2756186676060768,0.18090194092749096,-0.18040171522414034,-0.2717654673991605
-0.1335758416200453,-0.04924582371639501,0.7188671602598952,0.5370177096858939
-0.08469344532018708,-0.2819593623378902,-0.2727045840410896,-0.28903141922141323
-0.6296924674187008,-0.32485269589657606,0.3906957324558445,0.75204015276511
-0.28971400362771993,0.02034917150270719,-0.009247206075839186,-0.10456489616111543
-1.424620377911587,-1.1722684064270643,-0.8509675755341052,-0.899001519277587
-0.18496911434997038,0.01909712919654096,-0.35051108229724387,0.07248772074806865
0.1173732210120072,0.03372856965210657,0.2902923487967395,0.4403554266103406
-0.0194162271128868,0.08402757666924202,-0.14250926242548828,-0.12645040861218182
-0.07965586248799578,-0.09893676996994515,-0.04182885808527341,-0.07169590358080101
-0.0016916684122772832,-0.0014802696155084465,-0.0007994162624107914,-0.0003794442480798789
0.0866419654397603,0.05089992929385373,0.10853013712898539,0.11119828395932184
-0.14965231664616585,-0.10359127662544969,0.09057801453624453,-0.05721422081618698
0.11956146753612075,0.08763773603691076,0.1836780960594081,0.08972888792861433
0.1869380581246435,0.3088239783941927,0.055914643256014994,-0.13265541363360178
0.09073635564680446,0.019107344826445667,-0.1137182276473624,0.3862773569336459
0.625456270831837,0.5264144715798326,-0.10940922769315081,-0.3392380663372544
0.31819790124251207,0.017282280101372227,0.0657182603791858,-0.31743382828386496
0.9313001398847467,0.7434345465675222,0.334405962165758,0.9366308194225816
1.0746995889882605,0.6224522044442802,0.5561025566301596,0.39777860844129315
-0.10449471452745832,-0.15055131586278042,-0.13798690911138567,-0.5028905550951573
-0.2993307374326109,0.11095204794665817,0.6806848427026496,0.3371731329863125
0.7753937002419689,0.5439248579728546,0.6413227143487596,-0.05515077398883268
1.5205028614369587,1.4837227920486813,1.556034181169448,1.2437999375415303
-0.11535002689354376,-0.8009329679790316,-0.3502791586281253,0.2325706790638841
0.03478109299139277,-0.3577132038652978,0.8824735704492662,0.6511040729861395
1.9639689911977536,1.819272068273927,0.9709203279950419,-0.44844866980245446
2.657422413647414,2.4209690416829823,0.851253312446092,0.12766685338806932
-0.5678018224620658,-0.6644427438285337,0.19653440280063436,1.0573246188815149
0.17050372197739622,0.20067349312782806,0.9639662397297026,0.9473173504752699
0.23706698446463428,-0.32972327823221265,-1.1863227903501965,-1.2725614043498676
-0.07315033807843321,0.6875389036897973,-1.0257768851240696,-0.05685867143794705
3.1163339531821306,2.32212512611951,0.839669298428173,-0.566450098611613
3.3775232869890908,3.2461935769135213,1.7393694839597433,2.0794437347151447
-1.0056067169630352,-1.5678268644913518,-0.339337184415528,-0.5119999567310817
-0.21155653997096316,0.2303814949751261,-0.4983681922463209,-0.4356298001412186
0.2804857387255926,-0.5495954162356882,1.1348619239216597,-0.11487198864178086
0.8589674758947967,-0.10289946179277035,0.14803055775563254,1.1564706450552218
0.6613777238436054,1.4208471739185005,0.8044157833303104,-0.09469189140889553
0.5687467064513663,0.18330594509368195,0.9260239346950989,0.14482798238347708
2.681597506758461,2.150283699617714,2.1304703058279233,0.5132429153801427
-0.18694039420858058,-0.8038854191042238,-0.9924286087159653,-1.4041956782625515
-0.31356850877025755,-0.7997938953822215,0.13758580319730818,0.6519601971374241
1.9528214532075208,2.2074524572788485,1.323772636247747,0.6156470890074038
1.5573511996304548,1.0565184266816328,0.49352499303837966,-0.037218044581459726
0.05853794562605353,0.7796725164224784,1.751067173953415,1.4134062939590248
-0.7532268930683386,-1.8686958712380466,-1.4862431643327758,-1.0029421449113793
0.472145207014178,-0.05469261499131488,0.15147907204094285,-0.900373952238116
-0.11202897978975941,0.10355698843588061,0.4321939331979754,-0.13619900462650483
1.7621757800276001,1.1098215081709495,0.843039541646568,1.3972800254465176
0.9147967631818373,0.9299627992475136,0.9669176422725746,0.9852705014483296
0.6424735933632426,0.1516896806901796,0.39546516140078625,0.11660554746852674
0.7489391438928406,0.688095735937109,-0.017057069095661476,-0.2372953622182222
0.35929615553725686,0.4441185606299264,0.006987279308537777,-0.216241371112796
0.4220668081619961,0.09946694785996381,0.07367616584835707,-0.1923224035733896
0.5000158091038363,0.5037585169563996,0.7231419289727306,0.30297271976079493
-0.0733849529046887,-0.04148338396257617,0.26097026769891135,0.3362578610232675
0.7001250289535706,0.5666015058022467,0.418606337639091,0.49710145120886523
0.060891111742146356,-0.022695597665735354,-0.05509380459054736,-0.03507580991474391
0.080542882318517,0.10173099166907659,0.02257930695923489,0.06262448744355643
0.0009847979941043832,0.0009583037529822352,0.0024201877234951985,0.0018753087468861215
-0.08223114358008368,-0.0635900933964973,-0.002294530396704943,-0.010211450921077725
-0.18685437199111962,-0.0860613837489628,0.08144105889602972,0.11656478835679585
-0.0428006735214033,-0.1688288877884009,0.024548067267774223,0.014128621284055837
-0.37731770596451225,-0.5311134182662665,-0.43881871745272927,-0.749277522890739
0.026348769348314597,0.049528707950081706,-0.17285891475036136,-0.28489024858951106
-1.0413572406868892,-1.1129642803857742,-0.7074908832233318,-0.8221594562739688
-0.6802989436736753,-0.9305516634861825,-0.8224021548051927,-0.2950128294057242
-0.4156225618194381,-0.09318888341218459,0.16952378814227043,-0.2633502895733392
-0.5938181847873091,-0.55508304475445,-0.1422793641788106,-0.6568044821467957
-1.4361714105365715,-1.5940237327108506,-0.6387326894696695,-0.14410469323920294
-0.8671891804948189,-0.382750704464509,0.5107635872534002,1.0473589948005098
-1.6883756405451744,-0.9537842776612458,0.006813927218008698,-0.09038294495153645
-0.7106322396433296,-0.06998052926484156,-0.6743459756941864,-0.00892103185477301
-0.6587105670546791,-0.8328318793406999,-0.1813294407373638,-0.697417568689424
-0.9820229558436501,-0.5779553941365182,-0.3510649101792206,-0.6479080172082169
-1.4051811943595747,-2.150848973270926,-1.2318141997330105,-0.2447933562648051
-0.35324828427432564,-0.40253226228074646,-0.10359909688287568,-0.39481605512776774
-0.41667284848528563,-0.8536339414452356,-0.26255260071005565,-0.41392775313499647
-1.9592047891127005,-1.4412064128933502,-0.5855192754010201,0.1777006427977284
-1.5160991272511306,-1.2375760580819892,-1.4729813026371688,-0.8555346451363208
-0.4537075413174832,0.4996311348401358,-0.06131853030709532,-0.08001054533448639
-0.015011301571296378,-0.42729931615473604,-0.7457692476437381,0.3108847303392853
-1.2117741945122134,-1.4909492587051283,-0.20101757822400182,0.5365845625337242
-2.2856969963644014,-1.2125096489308136,-1.5035674257580005,-0.5580928508713356
-0.14988021968094495,1.8593045370923744,0.5890537514117199,-0.418080853397704
0.37739135854081396,-0.05864788639873986,-0.4636035432231064,-1.2521143601176739
-0.7583475643420645,-0.3742915830484963,-0.03413392436707926,-1.1345531599119916
-0.6032258226463636,-0.08837343765781608,-0.3700711037214709,1.1896897179134294
-2.1252883273145144,-1.9941326072616876,-1.6585183303471385,-1.0514165544536562
-0.2245373289877136,-0.6292373051554344,-1.595198547569212,-2.767452380159033
-0.9410454101410423,-1.0652102037568667,-0.10680464772846132,0.47043812394481155
-1.0785399352607297,0.7294427312726685,-0.16126953800112903,0.1798793988040765
-1.3062394031081372,-0.7399362863509782,-1.2244813251051776,-1.1205067822992518
0.06754200370747179,0.5574700739486718,-0.49353543087184193,0.06179040955891232
-0.7142302687496572,-1.1837987304683202,-0.854850654081732,-1.151739225315992
-0.985803137769288,-0.6888949785295522,-0.5507686439395603,-0.8095986494991141
-0.33243618242044454,-0.6302555939434087,-0.25218450195529324,-0.31793120342718045
-0.24402664532687907,0.024925023243640865,-0.5146897075618888,-0.6462246242803883
-0.44005891353325965,-0.08722453596225442,-0.391232760133465,0.2523065893208896
-0.6153153732241715,-0.0448440711535397,-0.7174536709942837,-0.705945094378527
-0.2548944364036898,-0.4051624777653762,-0.18190122325270872,-0.08791743855990272
-0.12846735923038508,-0.05387238186327863,-0.29742387198958314,-0.5823533447156016
-0.39385948033937623,-0.4407370227157914,-0.6678548015846206,-0.11189856698780537
0.44524028231825374,-0.24071067489059922,-0.36488539140717574,-0.43414167426067063
0.18907091731231745,0.16653255569366696,-0.14399719672321834,0.30858973444451454
-0.3178579546968878,0.07372744608973317,-0.12211404553197348,-0.10360892154951046
-0.030663249248762608,-0.017841502063069063,0.013841989195536333,-0.015370900206341916
-0.15132219570843236,-0.17424147683686433,-0.1639416851120502,-0.02063897603109091
-0.08022607456002119,-0.03908279691959909,-0.05808056365412916,-0.03277031889229367
-0.0008070195212832829,-0.0004600299949919989,-0.0001664877674362349,0.00013056240037500884
0.1199084321755188,0.06404817880518926,0.017042780960338916,0.03303986031693924
0.2289612145689567,0.32937975470639874,0.27386243848820674,0.1593007749516608
-0.0972323259567262,-0.1746911416048807,-0.07027727206152928,-0.0674083260934294
0.11881921283969385,-0.08894029193027106,-0.279829207935711,-0.41022592567928307
1.1397086516150916,0.8685053809501114,1.0586504364329634,1.3346143399113009
-0.28705808856023607,-0.5905380199856548,-0.34048916116037165,0.0664606037152335
-0.5550990600279749,-0.6101850340703813,-0.5284661994722073,-0.7359283037460068
1.6164252891756414,1.4679153150274995,0.9469884066917272,0.35640481150890574
-0.25807570799431256,-0.5204359062464037,-0.44274263343748066,-0.32358217165421
0.4682185707619278,-0.10704765812321851,-0.23484364759853796,-0.5736175321282615
0.6693831421972143,0.13783104257678397,1.168703838902558,0.6032312504043342
0.4092330834745654,-0.16812315731663777,-1.0343731349871652,-0.8665790471659508
0.9352063362345943,1.4257911361914395,1.1085841354492738,0.15770734929101263
1.4519282141768262,1.2095356794368217,0.7918881878701015,-0.3372718285845583
1.0622761498698794,1.4298163534911406,0.33513924026638137,-0.7046969638872462
-1.0347624548053327,-0.684036024641159,-1.504580613545398,-1.589179196965795
-0.5315647400361081,-1.3025526515902104,-0.7924851774889615,-0.5180084944455462
0.8894213130693062,1.0881821616628866,-0.39917177311150404,-0.08646164873375925
1.0428163892112903,0.7328313171748625,1.533513769000604,0.6530906143497355
2.0878741994673478,2.554891119921865,1.346941224103389,0.9460427761347737
-1.2109247730351371,0.04138761546051373,0.7867169523867688,0.489595002214178
0.8570594917358598,0.13823075687439068,-0.684427596800729,-0.9228379170770826
1.2889587795453306,0.7992661867053024,0.49233621728224836,-0.6034021819194726
0.7036722470106164,0.5899470927361136,1.827346424272889,1.5095187145172217
1.9510536837629258,1.7993947541872888,0.4984166832733509,-0.6450257141083465
1.410709064076144,0.4233107237133568,-1.1542307937576406,-0.5855045241532973
1.1450973535732945,0.13777976744152629,1.1316125460766897,1.23415800490761
-0.0453524738779092,-0.17484464221303123,0.04952186810443585,8.025457645868338e-05
-0.6561368522746397,-0.66119406868364,1.0864321124213105,1.3507119309210505
-0.3200910362382994,0.4112710007439447,0.6587027061693602,0.6937941507131341
0.383094851548519,0.5229544970325514,0.34048853969681697,0.8612654264951205
0.6059736538082535,0.45360465387183957,-0.03314248200448791,-0.1967393457284579
0.5929012349178735,0.7127903490737203,0.9183142505686868,0.39681353975691236
0.2733738797148076,0.2355269542964518,-0.6878329624815709,-1.1001531392652155
1.7199539186962554,0.8804390815370047,1.3802981312128513,0.8196012851923182
0.32653170378939456,-0.07278113058699642,0.19997586953400817,0.7313663996078016
0.14088527699771208,0.2852758237296428,1.0039741110797349,0.7199769997540337
-0.1643144745170991,-0.7174460425129812,-0.5917082320251457,-0.9265965451872966
1.4228590576528621,1.4490294109140676,0.5996505425368935,0.7691179419287302
-0.027378609139955913,-0.1494510626411679,-0.5745669236690588,-0.9339731286738753
0.904727918285614,0.3577037155446176,0.4578395190975136,0.4872878748242582
0.632838378218292,0.7901723220489341,-0.1932314558076451,0.04640689745709528
0.09274519618400387,-0.07548533237255202,-0.17241041605262625,-0.361327699050836
0.25382030094198704,0.235175616731008,0.26404269776675526,0.2398183898126051
-0.05498460263428279,-0.20469364288468744,-0.3941325790186736,-0.3830149902688365
0.32790772856958067,0.26238470906889766,0.44387512996622186,0.24072580120718756
0.18430878040946047,0.2798965015764833,0.1790090924719029,0.2721599874822033
0.08523325379403925,0.0807313109486958,0.07084101842535884,0.058684931794818304
0.028707482184927583,0.07915010042411041,0.13467664622478803,0.08825982600689453
0.000333304996765362,0.00019601631489233584,0.00023729597951602414,-0.0003277854427641309
-0.15104805480995362,-0.12743064712376925,-0.048574038500597196,-0.07779198099540444
-0.16420752837470262,-0.21269605951849732,-0.04434408854993813,-0.04435098930378766
-0.3544784030953292,-0.35405591046925017,-0.13288863966308226,-0.13225302563605554
-0.39854371357285373,-0.4235349954512313,-0.4918727501299734,-0.18235649958502945
-0.015333692896369289,0.05599300372684749,0.1902398998865543,0.08450504612402371
0.0999034729001461,0.2752783073480464,-0.3561344565839844,-0.3586621168882732
-0.850767498864576,-0.8920085442864284,-0.8270664968022898,-0.21419501468830857
-0.8448108331661546,-0.8668548473766348,-0.8700997411429777,-0.9255204650617114
-0.5808935438344391,-0.616685230030937,-0.4594562675524564,0.08785312723807906
0.25794113863135626,-0.04713223907495979,-0.6717256712835311,0.6412226382438069
-0.9583551825853213,-0.40772033357666654,0.30417044743641275,0.7784329398659363
-0.09001429194052162,-0.5037759088148243,0.7183560075456751,0.9711185675323295
-0.959347800736916,-0.9029228419472042,-0.687254273930205,0.43065838116225913
-1.0956267636998016,-0.39778366318442,0.15753833698453532,0.3564932684521707
-0.09604935649527821,0.17375942241600942,0.6858646815225482,0.4770145269448556
0.34567090281776636,0.0768599556243503,-0.7766611784734967,-0.6730913959979516
0.5361515219708031,0.6522915653263114,0.1891579869393927,0.943855564533004
-0.9965618032035771,-0.33184135262543424,-1.1707206783556818,0.48510376394676435
-0.4321087247687587,-0.5339162417340634,-0.09623218803031137,-0.03097456804997161
-0.27222351673010986,0.05374839114075792,0.026614651405156065,1.0557813017465565
-0.3180496261499913,-0.3896912828368591,-1.6933231707365102,-0.42943099829285214
-1.5665028038911641,-1.0317893608498827,-1.1184683728833618,0.11351977342645947
0.14546869867609594,0.5251431599741362,-0.27202619274359047,0.7046252740012376
-0.96184442333032,0.27909132847150553,0.36670238086475665,-0.1804842654008528
-2.260467728892884,-1.931750535899471,-0.1380022809118094,-0.9185067649068153
-0.27198327904056263,0.2887349663827856,-0.6931478536881304,-1.5091813532156284
-1.6470370675377075,-1.1607696725201733,-0.514020440979486,0.8828879453043673
-1.1566226989133819,-0.6472273255681111,-1.7169265983224844,-2.0392209342842915
-1.1785645190759524,-0.665202631268918,-0.4681323683376106,-0.5498311098646659
-0.9250282951057076,-1.3091263604059662,-1.7842945303248638,-0.739643083210919
-0.5312057037157475,-1.0860534112469789,-0.051342140122909184,0.8225754691242761
-0.8436630578241322,-0.08854558445216698,0.12200842645493126,-0.022459492600903668
-0.8625556915503013,0.5987434898602106,0.42016259313593246,-0.20782856670101407
1.2514854825911468,0.8693187924359808,1.0847891877183453,0.2529022454716466
-1.1541025587050833,-2.205706394068849,-1.6171402727977733,-0.31669820889550654
-1.087354416578119,-0.9105802540097373,-0.6449476124855865,-0.6557497574161955
0.5726625072191684,0.6653836238031692,-0.1514095315205826,-0.10202359317606549
-0.4410538383752138,-0.03963024152293051,0.7901180484083755,0.874537536762038
-0.5423863096234386,-0.4382247601330923,0.9641624251230921,0.05038157622085059
0.3965257163269222,0.07590336238731392,0.37240569419093683,0.7182174367341645
-0.667655795009453,-0.47657268386098833,-0.08162273464306262,0.1455781851157852
-0.7837919499900093,-0.5470518185023047,-0.9206392689828217,-0.08319073941726214
-0.006752835904547272,-0.3891504084275572,-0.17090749298111077,0.2908536424467025
-0.6096315930349403,-0.45621952547196093,-0.5228230660127543,-0.5807269139112502
-0.5572041166870473,-0.32388776540854947,-0.1721696251957673,-0.22428452845779062
-0.48799171708436334,-0.39584902120825877,-0.2767359642315404,-0.16830211422572253
-0.138088799236524,-0.1574764204374956,-0.46847370366159646,-0.2804712654506985
0.16374170168029478,0.12077759689859853,0.1698757137829935,0.3237488000740994
-0.024303067021219274,-0.05100261049805696,-0.012166863397051622,-0.06112146551455874
3.5155707072735235e-15,3.5641491047713616e-15,1.7929381917485858e-15,-1.6649035382075219e-15
