c0,c1,c2,c3,c4
3.3368397,1.3155109,-1.359304,2.602024,-3.1986244
1.2077969,-0.4181951,1.6430509,-0.91839767,-1.2141222
0.06678698,0.11220757,0.46863568,0.020708453,0.08836161
0.35158822,-0.18430647,0.18526617,0.51509625,1.3966151
0.16777518,0.09973828,0.07423928,0.8153005,0.77542996
0.2714145,-0.048853718,0.46610287,0.6752967,0.4447509
0.56701916,-0.121874176,0.7978908,0.28242338,-0.0069454685
0.81552494,-0.2512711,0.9411245,-0.4900995,-0.5210955
0.31242636,-0.35534558,0.006150683,0.090899184,1.2784525
0.3144203,0.12965265,0.6170426,0.76962787,-0.23534712
-0.9228877,-0.49177107,0.6501843,-1.9685166,0.44969192
-0.21385613,0.4303557,-0.34237257,2.3090777,1.1258506
1.1433032,-0.566675,0.8542564,-1.037357,0.06223654
0.0930889,0.15882078,0.21793166,1.1268797,0.21192074
1.1141887,-0.50475055,1.2563916,-0.57957226,-0.49087727
0.53449255,-0.059179626,0.8086075,0.19787784,-0.47200513
0.8876052,-0.36106285,0.91739714,-0.46924388,-0.30908555
0.21454361,-0.05865749,0.33886725,1.28233,0.605617
0.4396902,-0.18032011,1.2038335,1.0118287,-0.4462223
0.49406144,-0.5524104,0.17581329,0.13607617,1.1818136
0.009187616,0.38124624,0.58241564,1.2432624,-0.7491904
1.0287153,-0.7981628,1.3655013,0.1710722,0.012662165
0.22425428,0.11450831,0.2114527,0.61459064,0.055197947
0.78870857,-0.39843735,1.1445352,0.58544433,-0.10702676
0.08280871,-0.4525536,0.192821,0.4677084,0.7943332
0.34635863,0.03500048,0.4794028,0.6232669,-0.11913688
0.6663088,-0.24353442,0.87929744,0.31776363,-0.35012442
0.7559391,-0.37526068,0.84890765,0.1868098,0.0066771135
0.540527,-0.08440908,0.82283837,0.12474258,-0.50053895
0.9675148,-0.3735083,1.3797497,-0.23656116,-0.9427318
0.7161589,-0.3694528,0.5837593,-0.107196614,0.19168651
0.18436393,-0.06193336,0.49914774,1.4580183,0.054194532
-0.2683588,0.01570288,1.1304935,-0.16233818,-1.1499822
0.99755305,-0.5125039,0.96700126,0.057590794,0.18926829
0.3624079,-0.18698153,0.12687281,0.7322164,0.6736996
-0.067358695,-0.18566546,0.8127541,1.4313779,-0.31065074
0.9233136,-0.36007342,1.5321571,0.2154919,-0.9258077
0.38380316,-0.26056466,1.0230373,0.3384009,-0.68458724
0.6003669,-0.36982712,1.0363073,0.7003675,-0.5440531
0.71079165,-0.5127638,0.72947377,0.44260222,0.22603768
0.20016286,0.04136864,0.48747745,1.0539038,-0.103835024
0.99358016,-0.4615396,1.3469188,-0.022462238,-0.7306605
0.14188632,-0.6601256,-0.34369475,1.2515984,2.0220344
-0.8118715,-0.093314014,-0.29630125,2.4735918,0.3729519
0.61891955,-0.3709906,0.56575954,0.7059851,0.3507169
0.34515324,-0.36503252,0.14779213,1.176801,0.8222992
-1.0231862,-0.41613278,0.25969443,0.5862626,0.25025272
0.071847595,-0.07079061,0.13344803,1.6434488,0.53264517
3.0734293,1.4078313,-1.167529,1.03544,-3.6920576
1.1312143,-0.66443145,1.3987607,-1.4786764,-0.5321867
-0.11984613,0.4185063,0.50279206,0.52121544,-0.6514677
0.8903364,-0.4655927,1.103273,-0.09664784,0.22063687
0.3099405,0.08166615,0.41021118,0.10302152,-0.08181954
0.78740555,-0.23353991,1.3546181,0.18794473,-0.6731305
0.58775103,-0.24829087,0.9165206,0.20451237,0.07556268
0.56618804,-0.09146627,0.8408585,0.31624907,-0.29269817
0.53548014,-0.35542902,0.6326103,-0.008986641,0.47378683
0.080643274,0.15702549,0.57094693,1.3857543,0.2357581
0.81722474,-0.31432804,1.0998988,0.17663671,-0.21290901
0.5033791,-0.095023476,0.83302736,0.41476,-0.27641365
0.47241458,-0.3498381,0.72956437,0.30642414,0.27371672
0.22521308,-0.012235008,0.46708134,0.7953438,-0.09405238
0.7551293,-0.30886588,0.693998,0.012006652,0.22043031
0.198791,0.05549494,0.35714447,0.835332,0.31688774
0.47366503,-0.2503794,1.0140239,0.65592813,-0.49951476
0.36483493,-0.27548012,-0.21373719,0.6197716,1.708276
0.15994081,0.22532049,0.40823385,0.58384126,-0.42584547
1.0988579,-0.6127446,0.9475734,-0.48136032,0.22512847
0.23277584,0.13766351,0.4737483,0.53824335,-0.38433558
0.960101,-0.502662,0.9532234,-0.2943306,-0.092025675
0.37287208,0.00036541373,0.23796877,0.4502989,0.38052374
0.63146406,-0.2937549,0.6817326,0.4155802,0.11699306
0.4650183,-0.08546289,0.9837661,0.5359853,-0.55394375
0.39132962,-0.6053441,0.5218088,0.48529494,0.9081736
0.1939657,0.14721933,0.4380987,0.8568072,-0.2365208
1.0040706,-0.49075302,1.191106,-0.18749355,-0.39255303
0.36330286,-0.04531797,0.48357093,0.62553084,-0.082688995
0.8592442,-0.35100636,0.8992309,-0.32060713,-0.24868017
-1.5272924,-0.6472677,-0.2940844,-1.1128998,1.0010962
-0.7477627,0.55937356,-0.70345,3.5569463,1.4761931
1.2635576,-0.6055468,1.725034,-0.1862878,-0.9908551
0.34281632,-0.19362387,0.42028862,0.88977134,0.31191215
0.6039843,-0.45724568,0.16173986,0.4059205,1.1244911
0.08106259,0.12763801,0.4662014,1.3345054,-0.32216105
0.4626889,-0.6629652,0.9057773,0.20522834,-0.23791918
0.028058209,0.030012764,0.22147408,1.3350405,0.10946702
0.96532685,-0.46225008,1.0053824,-0.49998146,-0.3683812
-0.27750245,-0.0531834,0.20175067,1.003597,-0.093717046
0.8059707,-0.44464764,0.59707737,-0.08173834,0.32363766
0.031743206,0.29158416,0.77531177,1.6357266,-0.78578
1.0437707,-0.9793061,1.3084447,0.29458702,0.19261733
-0.15497628,0.25953355,0.26182294,1.6805004,-0.32049388
0.8988955,-0.5296915,0.95877373,0.022683274,-0.042061515
0.32163385,-0.08681949,0.6909946,1.0896355,-0.26970693
0.4520382,-0.87412536,0.5051335,0.82142955,0.21953148
-0.16290078,0.26726785,0.36213875,1.7699063,-0.38138843
2.9943953,1.36787,-1.1091906,0.7239552,-2.2239857
0.71500236,-0.5459016,1.3764416,-0.25624645,0.0604622
-0.05932655,0.12904945,-0.24432173,0.14158954,1.1492575
0.16500142,0.16556087,0.7098619,0.68008626,-0.44756883
0.77607894,-0.45969185,0.52792764,-0.056065667,1.0812786
0.30429158,0.11997763,0.37860003,0.4928618,0.05792471
0.6803679,-0.2740973,0.7674704,0.021406721,-0.050201185
0.5654508,-0.10644611,0.74908334,0.15764971,-0.08617286
-0.8557028,-0.41392264,-0.2571568,-0.9987713,1.5256364
-0.6942113,0.8884841,0.1052536,3.1546357,-0.12778518
1.7577478,-0.9890169,1.6108277,-1.7846164,-0.4258472
-0.15358189,0.4416329,0.102652274,1.4600068,-0.01294262
1.2790548,-0.7111043,0.97960985,-1.0179274,0.26687518
0.08613572,0.16582552,-0.07180301,1.0695273,0.7242143
0.57807416,-0.18921074,1.1579376,0.5948975,-0.700603
0.8303125,-0.30754742,1.1174178,-0.27629167,-0.54536504
0.7891141,-0.29336867,0.74521023,-0.31421256,-0.061291464
0.35582522,-0.10749515,0.3021333,0.75430137,0.5255417
0.650212,-0.12592253,1.1426626,0.13464226,-0.80430126
0.29999575,-0.34945664,1.1704828,0.49131382,-0.022729583
0.67046946,-0.21456894,0.6560177,-0.18643533,-0.073822476
0.57705903,-0.10163482,1.1568499,0.7008553,-0.6097996
1.068389,-0.5216592,0.9722288,-0.870762,-0.19548452
-0.4421933,0.06731335,-0.07789523,1.3086557,0.75301343
0.75065696,-0.13668475,1.5466564,0.4930113,-1.3194141
0.649466,-0.52863294,0.92785513,0.49702585,0.3729545
0.26137713,-0.05037006,0.34489718,0.8955463,0.21207112
0.8384548,-0.36727127,0.67391217,-0.34735376,0.14173618
0.23619297,0.057821907,0.53373677,1.1813506,-0.12571481
0.8799248,-0.68894565,0.5239458,0.10319461,0.95913774
0.15040913,0.06054703,0.11797484,1.0971433,0.44660303
0.57042,-0.3398889,0.81365615,0.83398265,0.059036158
0.4818211,-0.12841639,0.8964331,0.50343025,-0.54685587
0.35403904,-0.5615633,0.03204106,0.23546435,1.337355
-0.897308,-0.059274994,-0.53394544,2.5596046,1.171216
0.41802958,-0.27187046,0.66165864,0.8645432,-0.2103698
0.65123713,-0.38574156,0.52589256,0.14944555,0.2064724
0.2999144,0.024345554,0.5528752,0.8732824,-0.18398803
0.71359795,-0.35913405,1.3476696,0.81972224,-0.496355
0.75695175,-0.44541535,0.8565089,0.30248433,0.06430214
-0.4619238,-0.5363744,0.027985623,1.3700109,1.0961864
-0.2753032,0.41427198,0.62636524,2.198356,-0.77100104
1.606982,-0.9599227,1.5895658,-1.0621387,-0.340194
-0.18785587,0.46278778,0.357914,1.508329,-0.6968564
1.2282183,-0.79348505,2.1152277,0.6093389,-0.947799
0.72790986,-0.24978814,0.89497954,-0.19545971,-0.5140379
0.11183182,-0.23281273,1.3099482,1.7934998,-0.42472625
1.1260786,-0.6594318,0.981539,-0.5720231,0.02625104
2.8482409,1.4194232,-1.152903,1.0608236,-3.6605647
1.6929961,-0.8365506,1.1424979,-2.3168502,-0.20801207
-0.78531235,0.814088,-0.074517585,1.4569305,-0.05989308
1.134356,-0.5949276,0.98765165,-0.9071231,0.21633455
0.038277067,0.35819116,0.41496763,0.69427586,-0.5387473
0.9527385,-0.5193656,0.6017919,-0.36876798,0.9482454
0.24222866,0.15479627,0.28691152,0.5537823,0.10301267
0.90327394,-0.3739756,0.82679015,-0.26629168,0.22580951
0.24333265,0.061407723,0.13585117,0.8198599,0.8096083
0.6521684,-0.18843588,0.74157554,0.29278135,0.19621873
0.5776348,-0.1655024,0.675667,0.30054492,0.022756808
0.015889205,-0.22415099,0.16661352,0.12855847,0.58996856
0.25578955,-0.044500194,-0.04892675,0.9026234,1.1990238
0.45318225,0.0966293,1.363832,1.0615553,-1.2684431
0.9821797,-0.6425828,0.96425784,-0.19028465,0.5673636
-0.1344209,0.33358875,0.13979506,1.4047315,0.25605628
0.96278214,-0.44761118,1.2626843,0.04218365,-0.32368734
0.52222466,-0.1410931,0.59503096,0.41278124,0.13413408
0.20834646,-0.11310276,0.5660336,0.31396544,0.13128632
0.166163,-0.30324635,0.3623109,0.26095802,0.39421374
0.3505343,0.15300098,0.81741714,0.6978852,-0.77963763
0.7115702,-0.5100959,0.8752726,0.5874919,0.53055364
0.08766279,0.22238079,0.59344494,1.249474,-0.45449594
1.2584982,-0.6903857,1.1579008,-0.84658027,-0.09376804
-0.26893458,-0.15404877,-0.5269138,1.6206833,1.8190206
-0.011615597,0.29799524,0.7031751,1.5858939,-0.7687876
1.2373182,-0.78039587,1.191687,-0.52705264,0.09377452
-2.1965857,-0.27465042,-1.7528137,-2.061286,2.555309
-1.4424142,1.4308554,-0.3235976,5.2249875,-0.016096763
2.3537097,-1.3691634,2.5967798,-1.5526732,-0.97269076
0.04859481,0.25118175,0.18322656,0.88325876,-0.18094149
0.79223585,-0.58485204,1.3822496,0.715635,-0.33369297
0.44218108,-0.14503893,0.42776248,0.39151847,0.13063467
0.7017619,-0.2973741,0.5406783,-0.06874268,0.22970822
-0.90171397,-0.10517057,0.057601325,0.044728886,0.29802597
-0.58162737,0.0887138,0.08446395,0.9275172,0.54235435
0.4857464,-0.11010345,1.2624788,0.8630562,-0.9373163
0.37796274,-0.4402822,0.93565625,-0.23144315,-0.33609822
0.37216112,0.06820742,0.5981346,0.6612114,-0.34822822
0.44362178,-0.81522167,0.49392867,0.6437173,0.7379
-0.00702437,0.43673578,0.61757994,0.66071373,-1.3130566
1.401974,-0.8430284,1.6400396,-0.44542998,-0.30896455
-0.22218743,0.00740353,0.24015334,1.6516589,0.27358016
0.681378,-0.33072647,1.1596131,0.72256655,-0.5784189
0.7652067,-0.34964737,1.113744,0.30054295,-0.4560352
0.70542186,-0.5379599,0.63077116,0.5339613,0.3701076
0.2893438,-0.23322281,0.05568459,1.1941298,0.90004694
-0.050523363,-0.58577234,0.040735744,1.0876232,0.5157297
3.1364613,1.3976628,-1.175637,1.5430025,-3.8231688
1.1266481,-0.5402892,1.1412408,-1.6791286,-0.61918986
-0.27260205,0.33802572,0.08122673,0.29549968,0.23431477
-0.46255967,-0.29689488,0.15599701,-1.2908914,0.33519033
0.17495367,0.17955604,0.2696088,0.9018091,0.35731298
0.765969,-0.25592503,1.230435,0.19402654,-0.46972433
0.70586246,-0.32268462,0.63678074,-0.14491884,0.24017882
0.26067117,0.20643535,0.8625394,0.82285166,-0.7518307
1.0401332,-0.76636255,0.76292974,-0.5474716,0.7035825
-0.59767663,0.52782124,-0.26497152,2.105567,0.5973295
1.1281326,-0.53488666,1.3754586,-0.15551285,-0.39789593
0.63321143,-0.109838806,0.82862705,-0.26824683,-0.608721
0.35646608,-0.07797178,0.5448459,0.79775727,-0.09591315
0.74368125,-0.30086932,0.8070475,0.014606964,-0.08759112
0.5155694,-0.15618262,0.5289701,0.46213603,0.18815166
0.6863673,-0.2382296,0.8995208,0.22241165,-0.21607137
0.6896467,-0.2512258,0.8580599,0.20571221,-0.07379482
0.45147368,-0.15874085,0.6266144,0.8074111,0.31991872
0.5768212,-0.29290614,0.67505884,0.48657936,0.24972898
0.03748224,-0.44463572,-0.43127233,0.2145222,2.1460714
-0.25937662,0.6686765,0.6615839,1.7379059,-1.2757711
1.8003267,-1.1406344,1.4494735,-1.5968962,0.2207691
-0.42605516,0.38431945,-0.7458612,2.2598941,1.589518
0.89123386,-0.35295662,1.0741018,-0.37493438,-0.57692116
0.52062374,-0.3604692,0.15355423,0.6762389,1.1435326
0.43381348,-0.114366375,0.41408655,0.47168362,0.18858898
0.4808623,-0.029148422,0.8620768,0.660818,-0.62370306
0.84496236,-0.4051393,0.73931336,-0.23753087,0.17052838
0.25518999,0.08013073,0.40204027,0.84765494,-0.117475756
0.51856846,-0.4757565,1.0393107,1.0987936,0.09963425
0.4636089,0.039706863,1.2796717,0.7802081,-1.2021546
1.1824713,-0.7207531,0.7203544,-0.9908268,0.56744057
-0.24681708,0.45880142,0.115136825,1.7305948,-0.15608776
1.2519693,-0.7692808,1.0940647,-0.60268986,0.1875484
0.086852945,0.30007187,0.64167535,1.0044093,-0.8413463
1.3946178,-0.78480184,1.1385937,-1.3575829,-0.025820203
-0.0041304454,0.34609142,0.37762722,1.0934926,-0.527358
0.96260566,-0.74908674,0.95022345,-0.15256242,0.49675646
0.22508666,0.074237026,0.29524776,0.7717581,0.04385098
0.7288549,-0.46205458,1.1867329,0.44600898,-0.31174576
0.41975692,-0.22911963,0.81101686,0.8450074,-0.20789972
0.466444,-0.4051369,0.5955247,0.70141196,0.16331002
0.57339156,-0.23772177,0.68724555,0.3502754,-0.16276336
0.60773563,-0.1891726,0.98438835,0.27453983,-0.54870284
0.78324866,-0.34274754,0.7736266,-0.19689755,-0.07183207
0.53252363,-0.12787756,0.8297454,0.46580046,-0.3921425
0.68630594,-0.42617258,0.66635793,0.54953367,0.40659955
0.31450418,-0.08393224,0.49044627,0.9399562,-0.015131809
2.6015654,1.4041358,-1.2429018,0.6938274,-2.8750253
0.17355177,0.06986443,2.3569715,1.1016929,-1.7667555
1.350856,-0.8116883,1.0148846,-1.8515065,0.35510305
-0.16518763,0.3796679,0.07347032,0.87638426,0.22724852
0.8628266,-0.4137772,1.2648231,0.28667593,-0.14016536
0.5721173,-0.12353834,0.5930095,-0.29650605,-0.13648185
0.46681324,-0.06556209,1.1097894,0.93499947,-0.3600514
0.886749,-0.43851313,0.81907624,-0.2998184,0.26940575
-0.67893434,0.050957836,-0.38155723,0.589748,1.2830919
0.10216872,0.12373272,0.21180546,1.3177922,0.45111364
0.58238,-0.34113583,1.0410224,0.39065892,-0.24042815
0.51118594,-0.43749747,-0.26493302,0.57502735,2.1985352
-0.1376653,0.5025489,0.4732568,1.5154907,-0.7547684
1.5221633,-0.88620365,1.2521652,-1.3510231,0.048777305
-0.28918955,0.45872036,0.036678035,1.7261238,0.034902357
0.821289,-0.61172897,0.9816053,0.19636919,0.16262293
0.19325224,0.035670437,0.18650737,1.0065435,0.50256693
0.83481234,-0.3200477,0.994262,-0.13973396,-0.38456115
0.4778795,-0.21243986,0.6273782,0.43348932,0.14454678
0.422761,-0.14699873,0.73256034,0.81814474,0.1033748
0.7718219,-0.22466835,0.92188746,-0.45705664,-0.5748322
0.45839807,-0.38486657,0.043175124,0.64969486,1.4205476
-0.021089695,0.42865577,0.6056605,1.1173184,-1.1388721
0.9639913,-1.0146588,0.9083848,0.0827619,0.9622353
-0.86114144,0.60579604,-0.2282472,2.9220395,0.4011084
1.263704,-0.7343286,1.1800908,-0.51961166,0.0406022
-0.10510739,0.39160314,0.71482784,1.6737419,-0.8025572
1.2149316,-0.82209766,0.9605755,-0.5638878,0.4694076
0.18374935,0.26805225,0.64387405,0.31560194,-1.0390276
0.10559211,-0.9747571,0.5681474,-0.2528574,-0.037990816
-0.5720494,0.7559806,0.21043119,2.3878562,-0.70553666
1.1863929,-0.6907171,1.3980575,-0.04582374,-0.71725917
0.4080498,-0.059835277,0.83998364,0.7820354,-0.46814185
0.5111947,-0.23227629,1.2033294,0.29742533,-1.0022504
0.48188117,-0.97171724,0.39822719,0.40549958,0.73488975
-0.4116231,0.475238,-0.38458097,2.2542117,0.7840579
1.1025629,-0.6339139,1.6459326,0.28181362,-0.57474923
0.2168943,-0.19243416,0.20843348,0.771703,0.43170306
0.5022163,-0.22534546,0.44832337,0.68360513,0.357765
0.5214173,-0.35303292,0.53088003,0.7604973,0.31023893
0.56780523,-0.10322746,0.81080735,-0.13238542,-0.67265433
0.18084916,-0.75430095,0.3016231,0.7895118,0.80373126
-0.10444399,0.42459074,0.428391,1.3104299,-0.73964715
1.3036957,-0.79524934,1.4820982,-0.2983235,-0.2915487
0.07574663,-0.020450912,0.43738523,1.2583666,0.025948547
0.80527854,-0.34810957,1.4167577,0.676829,-0.79953134
0.52353644,-0.34711298,0.5464574,0.5242072,0.14578268
0.31048122,-0.29640374,0.6575896,1.2234277,-0.22843471
2.889,1.3895065,-1.3892753,1.0475152,-3.3843968
1.2934343,-0.41210112,1.734873,-0.4954732,-1.1978774
0.21995345,-0.027047954,0.31720898,-0.1411895,0.552538
0.1423482,-0.11390384,-0.34155434,0.64958274,2.2806077
-0.21842232,0.459829,0.57263094,1.5441806,-0.4965486
1.2257525,-0.6935233,1.5601579,-0.61180276,-0.17018396
0.36918083,0.0845677,0.53979385,0.05174304,-0.4048023
0.058514513,0.07896248,1.2883018,0.563859,-0.5061325
1.0017737,-0.43898997,1.0612701,-0.3849029,-0.077939846
-0.95895535,0.05349938,0.24451002,0.5705604,1.1727837
0.008330204,0.102613606,0.085104935,1.1208884,0.715194
0.6909047,-0.183081,1.215746,0.39563334,-0.64553446
0.64534914,-0.35654482,0.6184542,0.0077973716,0.095979266
0.17146143,-0.31892237,-0.45918703,1.0346375,2.3802958
-0.048047505,0.2728397,0.19323945,1.4527469,0.08389508
-0.38166746,-0.7448071,1.0202565,-1.257701,-0.55099833
-0.21038517,0.55349654,0.100559436,1.6656007,-0.09503592
1.3628534,-0.76051414,1.4642129,-0.515961,-0.2831947
0.1508247,0.06813113,0.41636625,1.0992893,0.023169063
0.32029828,-0.6734723,0.3410133,1.2990707,1.1643623
-0.35904804,0.532468,0.63616294,2.4512806,-0.58819985
1.4561738,-1.0649222,1.3838521,-0.7563935,0.111134194
0.020474173,0.27166906,0.109475516,1.0162052,-0.038168855
1.1988084,-0.71500957,0.8346072,-0.81887376,0.4265114
-0.0045572743,0.2621943,0.14606962,1.2820094,0.018057786
0.97254413,-0.4969209,1.4145346,0.25631207,-0.6538807
0.4954408,-0.20313439,0.562404,0.45292085,0.003475003
0.119340755,-0.26553807,0.40423957,1.1233137,0.45955494
0.5067086,-0.10470327,1.0051599,0.8248835,-0.6319024
0.42949137,-0.43029484,1.4063637,0.72617394,-0.57237166
-1.2262967,-0.7186955,-0.2957735,-1.9860421,1.1775787
-1.1271416,1.175397,-0.17420825,4.2256966,-0.33791146
1.997175,-1.5846676,1.2230841,-1.7954404,0.931107
-2.1742473,1.0451537,-1.4550457,3.5965471,1.5339849
0.6944795,-1.2235826,1.7125319,0.06971116,-1.2853897
-0.27340814,0.4782063,0.40607646,1.6539248,-0.58796734
1.3535308,-0.88597715,1.9285325,0.2620241,-0.6728047
0.35726967,-0.123764835,0.48512867,0.8251215,-0.12918484
0.766347,-0.42337593,0.7913937,0.19532473,-0.175838
0.50968266,-0.051364265,0.7345207,0.13436885,-0.6550008
0.71560067,-1.0893291,0.40670386,0.70684665,0.9992501
-0.4294773,0.7100588,0.41103902,2.0022526,-1.1773182
1.7436248,-1.0625905,1.8860495,-0.80105317,-0.49738348
-0.99342585,0.12914243,-0.44578856,0.92632717,1.0074874
0.5187725,-0.07649835,0.98623717,0.87484217,-0.71532404
0.89295745,-0.6919068,1.0982726,0.58511585,-0.23662364
-0.6835193,-0.25096115,0.04781776,0.6072244,0.65199786
0.21540353,-0.4558867,-0.01759986,2.2590032,1.4108324
3.1525924,1.4599353,-0.852075,0.21492739,-3.217321
0.40611717,-0.49502787,1.0657084,-1.3307635,-0.00079793483
0.029890694,0.21400753,0.19586399,0.26650876,0.364075
0.6340463,-0.38660464,0.008681228,0.23546632,1.959242
-0.13164213,0.51566666,0.6568473,1.2220999,-0.9246764
1.2538356,-0.77605426,1.3885429,-0.4058057,0.28538865
-0.50393826,0.5112774,-0.10147477,0.9880108,0.16939533
0.84329635,-0.46484408,1.2458159,0.14992549,-0.07029108
0.35962287,0.035555996,0.5567755,0.55530864,-0.047531463
0.4307681,0.021851696,1.5467622,1.1274403,-1.1064137
0.90516275,-0.8052653,0.41011265,-0.65129524,1.4270694
-0.955251,0.9499365,0.05317896,2.6989102,-0.6055729
1.5828793,-1.2081712,0.8860482,-1.2854999,1.2458524
-0.897395,1.084581,-0.5216568,2.679158,0.018491648
1.5061603,-1.113357,1.5034995,-0.75015235,0.13100111
-0.21766129,0.45970026,-0.08414034,1.378095,0.15905091
1.0420133,-0.65165937,1.1698191,-0.015259255,-0.04987795
0.4128413,-0.08943971,0.4608736,0.30667984,0.06388643
0.2951767,-0.36456522,0.3024889,0.91369146,0.78291106
0.16934857,0.024848618,0.24119297,1.1817007,0.61029613
0.9282791,-0.41740593,0.86592555,-0.5132033,-0.12297509
-0.33098248,-0.23384508,-0.20272657,1.2022436,1.1895169
0.17799404,-0.17049488,0.033037085,1.3372985,1.024275
0.361757,-0.011247955,0.8625745,0.9657331,-0.5048421
0.9431117,-0.5380505,0.66177076,-0.37889582,0.43761724
-0.077933036,0.11739794,0.09536471,1.6092396,0.29652128
0.6936196,-0.31472144,1.6314746,0.767775,-0.9827362
-0.22180691,-0.4018515,1.0295917,-0.5987697,0.14833573
0.19038084,0.16601864,0.7756068,1.4960828,-0.23382947
-0.3480043,-1.3529676,-0.15500352,-2.7546978,1.0949565
-1.7387542,1.4561468,-0.7618468,5.2199974,0.3157309
2.0963807,-1.41967,1.7367728,-1.9383593,-0.092402495
-0.5314318,0.5262334,-0.19502395,2.1749985,0.0642814
0.9439854,-1.1754054,0.7413145,0.018932294,0.8019768
-1.1841984,0.7873374,0.06300103,3.116581,-0.6606267
1.4080697,-0.902037,2.0397162,0.10616864,-1.2747962
0.29612675,-0.32702145,0.27454814,0.73026323,0.4901232
0.0057354346,-0.22702155,0.31384775,1.7347194,0.4255106
0.3572484,-0.27252135,1.1139915,1.5006126,-0.60046554
0.57910305,-0.70265234,0.5175773,0.6038845,0.62770593
-0.4235668,0.060046352,0.2648512,2.521306,-0.07018218
1.1685036,-0.6761116,1.1839793,-0.46925962,-0.23945758
-0.56992525,-0.0014227256,-0.21041107,1.2596451,0.51260537
0.622194,-0.16692814,1.230063,0.9851804,-0.8464879
0.8557595,-0.6182235,1.4787076,0.4762686,-0.6766801
0.37886146,-0.16560015,1.0550183,0.8917127,-0.65031904
-0.12658152,-0.6963104,0.14052495,-0.3956818,0.485228
-0.49164912,0.6152517,0.4162966,2.733033,-0.5991847
1.8362529,1.520248,-1.3215536,-0.11254476,-2.921535
-0.15311,-0.3552383,1.7500116,1.235072,-0.5773118
0.5178049,-0.14675078,0.66790545,-0.13055812,0.13814256
0.13946804,-0.052821003,0.0492815,0.48524773,1.0109082
-0.4191095,0.011547245,0.036747683,0.43067658,0.740638
0.43321642,0.08629862,1.0337331,0.5318822,-0.8623178
0.82719076,-0.43098864,0.9562358,-0.3966869,-0.028659321
0.07724116,0.19340816,0.73565716,1.031512,-0.36010584
1.2102214,-0.6308454,1.0309517,-0.91216046,0.07353338
0.096984185,0.15785518,0.27055272,1.0503751,0.106291704
0.76801676,-0.41890797,0.8824814,0.30596387,0.22094801
0.18733922,0.055428185,1.0956537,1.3174145,-0.4627618
1.1748072,-0.59288675,1.2799186,-0.679285,-0.2711079
0.07012776,-0.1435512,-0.3067156,1.0976862,1.5034447
0.41122285,0.032168068,0.6388594,0.47259825,-0.32588863
0.99279034,-0.5703371,0.6700504,-0.4936518,0.47904676
0.18964234,0.23994508,0.5803143,0.51358366,-0.7249779
0.9543282,-0.43623146,1.7830372,0.58273387,-1.0818028
0.6419032,-0.3801888,0.36804298,-0.10122691,0.5797771
0.4539871,-0.038196407,0.41941038,0.33554095,0.06694075
0.4790323,-0.2201837,0.70353866,0.76916564,-0.07241718
0.54363245,-0.38622078,0.7543398,0.45812148,0.2254422
0.26005033,-0.02283033,0.46836275,0.9404145,-0.11356149
0.7791268,-0.35011706,0.81356156,0.01807667,-0.12126384
0.37267432,-0.30496058,0.48317456,0.81490517,0.32858905
0.5430529,-0.04158195,0.986702,0.1685368,-0.8550303
0.7539339,-0.4646462,0.83723056,0.48194522,0.24707136
0.3154492,-0.0061291084,0.4936948,0.72882736,-0.10243664
0.8527204,-0.4237264,0.9427553,-0.01982652,-0.21072847
0.16460338,-0.097061954,0.99084073,1.3379692,-0.48714882
1.049332,-0.52086526,1.0278277,-0.6375856,-0.17444652
0.39819142,-0.19273219,0.1391252,0.6456567,0.7665202
0.060743786,-0.3740233,0.08755054,2.1540425,1.0996866
0.30203226,-0.4094666,-0.0056119063,0.65893364,1.2772382
-0.046763264,0.30553403,0.82184345,1.7814956,-0.99935687
1.4989318,-0.96117437,1.0575691,-1.3875769,0.3598306
-0.21836224,0.3604323,-0.2190763,1.6239072,0.49240574
0.9764244,-0.5286401,1.3114555,0.2627263,-0.3784482
0.24566707,-0.3665608,0.10263529,1.2089764,0.8736755
0.08242569,-0.21988568,0.12927991,1.7572391,0.8017806
0.4967864,-0.28943953,0.41344386,0.44243306,0.19773898
0.38905653,-0.09296354,0.57637775,0.52259034,-0.25286323
-2.9497123,-0.61842614,-0.740261,-6.23258,0.17563188
-2.3318403,1.8647939,-0.62116855,8.627588,1.3389478
2.5062578,-1.649124,2.5712495,-2.0803595,-1.0341756
-0.6073322,0.62213725,-0.5593732,2.4119692,0.22487783
1.2222953,-1.0063332,1.2063476,-0.13784175,-0.13146564
0.062068082,0.18799368,0.08704545,0.92920876,0.10937714
3.0325665,1.3953,-1.2903949,1.1060024,-3.6564429
1.6602417,-0.76090753,1.471022,-1.7370161,-0.5973654
-0.82295215,0.6112272,-0.377867,1.3262285,0.9785345
0.9718632,-0.5467432,0.6776154,-0.90901333,0.6848262
-0.39305666,0.38454357,-0.23833483,1.0436993,0.7981654
0.726518,-0.3996223,0.47483152,-0.0670629,0.914042
-0.88379407,0.2160627,-0.64102787,-0.065355584,1.105135
0.3574274,0.18024746,1.0245968,1.1251684,-0.79402167
0.9563935,-0.36928114,1.8602253,0.2822798,-1.079955
0.8695144,-0.44535813,0.780827,-0.47879148,0.20993379
0.06561414,0.23514333,0.24964246,1.3461459,0.29600272
0.9922471,-0.43678698,1.1308955,-0.29802257,-0.31345528
0.37905172,-0.106677376,0.52006084,0.68200797,0.30639467
0.88677406,-0.3919643,0.6457438,-0.5505656,0.25234511
-0.6535549,0.3421575,0.7940918,1.7153646,-0.011114694
1.210269,-0.7646245,0.818489,-0.74704653,0.6637052
-0.57101923,0.66598713,0.60573184,2.1994338,-0.8720149
1.7340143,-1.0143799,1.618041,-1.3902776,-0.17401525
-0.24936303,0.4497749,0.24462327,1.5999241,-0.19174483
1.1372463,-0.6844467,1.6395826,-0.24444275,-0.45407504
0.22235796,-0.18577275,0.12032928,0.80400825,0.6400485
0.14878443,-0.16718325,0.24411535,1.2670841,0.7283153
0.47385153,-0.30454096,0.18946487,0.8181546,1.0742227
0.41628346,0.10774914,1.3734722,0.8610597,-1.5158621
1.2875888,-0.7597178,1.090784,-0.9256164,0.17791268
-0.4020451,0.3719026,0.090684704,1.8174869,0.033497058
1.2150204,-0.5250352,1.9113837,-0.15243457,-1.2573122
0.7691658,-0.51378185,0.35404882,-0.13578038,0.83109397
-0.011580549,0.14464203,0.14057139,1.6128352,0.49984363
1.0069107,-0.4158896,1.4606937,-0.105188355,-0.79788494
0.65683097,-0.26795802,0.64800423,-0.00054841116,0.026856028
-0.07229038,-0.6567496,-0.7867502,0.4105448,2.8679483
-0.4813752,0.8016974,0.2761291,1.8223826,-1.1114217
1.6007485,-0.98689735,1.4078099,-1.1199317,-0.09239385
-0.53257084,0.20684066,-0.4337921,2.1627975,0.5573079
0.4678146,-0.23226199,1.9721735,1.5159706,-1.4282047
1.3674885,-0.7170671,1.2487757,-1.428104,-0.35533854
0.16866013,0.103347935,0.05427464,1.0450662,0.53785753
0.40204665,-0.5900615,0.6638036,1.3232348,0.42019707
-0.4492078,-0.6774944,-0.14848945,0.23359574,0.7430882
-0.59390277,0.59710807,-0.024736801,2.9264395,0.016298138
1.4091287,-0.81970155,1.2722102,-0.97421587,-0.2144405
0.033879854,0.18050495,0.22993603,1.2166947,-0.10813389
0.9281364,-0.55880004,1.1498024,0.3681137,-0.18412027
0.26090398,-0.63853204,-0.2350342,1.4788896,1.7648182
-0.2767314,0.50317353,0.628859,2.1458068,-1.1967158
1.459283,-1.1434001,1.5328343,-0.5951171,-0.27135855
-0.50275165,0.09328667,-0.181553,2.2441742,0.67267287
2.9047456,1.3953167,-1.2048303,0.6311091,-3.3650503
1.0371016,-0.5942243,1.3936844,-1.2952816,-0.4978787
-0.27802065,0.39805236,0.09544625,0.58805054,0.1153233
0.41647872,-0.43273863,-0.04341323,-0.28623068,2.063878
-0.6513682,0.4323918,-0.51503116,1.5955752,1.2672853
0.5019985,-0.257315,0.7656443,0.3854229,0.051249973
0.40860054,-0.20449337,0.22052959,0.24087937,0.68751407
0.5283129,-0.04576858,0.711098,0.1289322,-0.35968754
0.9656811,-0.47972378,0.8352385,-0.39271957,0.33077133
0.3176234,-0.00017818063,0.3405524,0.7172892,0.45665792
0.66138464,-0.16579327,1.0973291,0.1109208,-0.6115714
0.79160875,-0.33617672,0.6739728,-0.18707065,0.2655494
0.20943293,0.030315556,0.26919034,0.8425684,0.21795073
0.7843802,-0.26339945,1.1213391,0.2347051,-0.44803727
0.7077488,-0.1826733,1.3307282,0.010417353,-1.0762732
0.6364771,-0.39611515,1.0968745,0.27684313,0.090701185
0.5133714,-0.08494552,0.72060186,0.3631255,-0.25097308
0.8650784,-0.44152197,0.93455493,0.007020425,0.17964381
0.33810118,0.05347792,0.5030888,0.52371544,-0.14483154
0.8376274,-0.40943083,0.7781085,-0.010153044,0.2585376
-0.051666163,-0.08202251,0.01583912,1.015564,1.1013201
0.06475673,-0.003907047,0.588821,1.250249,-0.32303914
0.89924973,-0.47536787,1.260369,0.1448114,-0.40802255
0.78120464,-0.24620947,0.86002415,-0.5934334,-0.5255353
0.6207608,-0.18900809,0.788187,0.31546032,-0.23199031
0.7408587,-0.25596794,0.89489293,-0.031055856,-0.30737603
0.70628554,-0.30961928,0.61544406,-0.04305624,0.18961313
0.036475874,-0.2526134,0.15729427,1.4163247,0.8692583
0.19532755,0.020974316,0.79657197,1.2068875,-0.4460918
0.8975299,-0.47980008,1.1595175,-0.16991095,-0.25413024
0.21796075,-0.39018092,0.02071335,0.97975355,1.0442543
0.10887406,0.08458439,0.3595946,1.1800936,-0.12178067
0.53773695,-0.2757686,1.6783319,0.8259752,-1.2060992
0.7262038,-0.66055715,0.657533,-0.044472445,0.6680119
-0.50097924,0.44958892,0.6027387,2.6728265,-0.44012058
1.5668138,-0.95406234,1.7154855,-0.8199025,-0.34618336
-0.3977768,0.19745174,0.2940111,2.1338162,0.19022417
0.92415476,-0.5228179,1.0934838,0.10761042,-0.18259224
0.37440792,1.4938414e-05,0.6940682,0.6371949,-0.57935923
0.8156689,-0.73016346,0.21644923,0.15398331,1.381723
-0.33441713,0.4787499,0.16716787,2.0376697,-0.34594396
0.9980287,-0.6619209,1.0892347,0.06744327,-0.007177092
0.24815544,-0.004107319,0.5238943,0.9366635,-0.25907645
0.83178574,-0.46161827,0.83470625,0.0019909255,0.04052528
0.36629066,-0.030843578,0.6242197,0.6890477,-0.2598949
0.95681655,-0.5475729,1.0097668,-0.03459244,-0.014573492
0.3043867,-0.05794462,0.5930701,1.0195903,-0.21143284
0.3441281,-0.7482499,0.5237539,1.309411,0.6809145
3.4020295,1.504243,-1.0698972,0.7748285,-3.196563
-0.20186111,-0.61079913,1.2691503,-1.339776,-0.021126367
-0.6097555,0.6865674,-0.030579308,1.5781598,0.15781674
1.0898432,-0.7714504,0.36654016,-0.36972392,1.9834872
-0.44791856,0.540126,-0.51820326,1.7293359,1.0685506
0.6411685,-0.19328532,0.95657957,0.47509235,-0.11346642
0.77110344,-0.29362854,0.8695818,-0.16117375,-0.04880453
0.5147095,-0.21402773,0.51315945,0.23001982,0.50352365
0.44140127,0.07034842,1.0385886,0.66323733,-0.81300443
0.998786,-0.6441444,0.49770495,-0.6576603,0.97659165
-0.15644076,0.4634625,0.28412616,1.539163,-0.2313205
1.2396839,-0.83011806,0.9126475,-0.6215608,0.72275805
-0.23404476,0.37501875,-0.15423003,1.5054199,0.40400934
0.8278479,-0.6498951,0.6417354,-0.064283594,0.7356927
0.012255527,0.21523777,-0.08593873,1.017704,0.5834935
0.909953,-0.36497292,1.1676346,0.03411324,-0.427504
0.5935777,-0.17384228,0.91306764,0.42234063,-0.17807904
0.661277,-0.26901183,0.6126644,-0.0695865,0.17351443
0.32427368,0.03958527,0.48469493,0.6922204,-0.15940827
0.88948023,-0.4108995,0.6789506,-0.44172817,0.25312123
0.17627046,0.117057,0.48590556,1.1636893,-0.004060544
0.8139265,-0.6197303,0.5833414,-0.105239496,0.5967124
-0.10835805,0.09861294,0.035387,1.4119384,0.6982941
0.7281652,-0.21893677,0.9543412,0.088814214,-0.36743137
0.5926289,-0.65393627,-0.27763218,0.7880346,2.5214262
-1.608403,0.47161403,-0.96359956,0.8571494,0.7293148
0.87212044,-0.3913301,0.8454983,0.2739812,0.23922467
0.16935107,0.032387413,0.3317841,1.0745351,0.093279295
0.81101006,-0.3808826,1.0661834,0.06376703,-0.43880084
0.44596747,-0.111119114,1.0733397,0.8826746,-0.47557455
0.5435348,-0.48965153,1.0489249,0.33939815,-0.23339301
-0.55177563,0.051384605,0.06599023,-0.22233222,-0.08837155
0.048266865,-0.0022643432,0.61670965,2.552972,0.3930487
1.0337934,-0.523979,0.9217114,-0.7190312,-0.16515306
0.19891617,-0.1161116,0.13695648,1.363516,0.72135276
0.5204898,-0.70287645,-0.13118616,1.0182548,2.053384
-0.32113037,0.58927125,0.11297717,1.7664484,-0.45587704
1.3851637,-1.0072488,1.364025,-0.26043016,0.20359612
0.07635746,0.14919105,0.06742623,0.9809829,0.19335368
0.9568654,-0.39147553,1.2694243,-0.15501325,-0.6614629
0.6934181,-0.24928507,0.72543585,-0.06119548,-0.12835255
-0.0956796,-0.16781506,-0.009272108,0.55705726,0.59989035
0.4351428,-0.067426525,0.9655149,1.0594703,-0.50140405
0.49278846,-0.5510157,0.43198156,0.0036628358,0.5907533
0.015389778,0.15546861,0.38055754,1.5243144,-0.28376943
0.7970799,-0.26140627,1.1917906,0.20277555,-0.96235156
0.2942029,-0.37810025,0.82388026,0.574453,-0.03913597
0.5513742,-0.08750375,0.96024996,0.41062742,-0.6940553
2.8992977,1.4018708,-1.1551679,0.69748,-3.502008
1.6391069,-0.85121095,1.0479481,-2.209193,0.06896832
-1.1146691,1.1424333,-0.30255428,2.4149234,0.022898547
1.4395638,-0.8707708,1.3948536,-1.0596879,0.06508171
-0.4291068,0.55735415,0.25135592,1.6458505,0.0004111752
0.8874575,-0.57042533,1.2101754,-0.01444887,0.32471368
0.112012066,0.11461083,-0.09017197,0.8948441,0.9879161
0.6201412,-0.07746633,1.4317994,0.6715949,-0.9173189
0.49907824,-0.5458277,0.5369519,-0.40217078,0.55167633
-0.038898848,0.34446064,0.069764815,1.2498124,0.2711723
0.8609002,-0.4272097,0.72943187,-0.27106154,0.303317
0.31499234,0.11718575,0.4164761,0.522909,-0.10569752
0.7071342,-0.29318032,1.390365,0.62957096,-0.6058421
0.60324955,-0.37218508,0.44828656,0.20723857,0.7898425
0.18104693,0.10250632,0.38406202,0.8937741,-0.07130141
-2.742185,-1.1593813,-1.3478681,-8.353959,2.552113
-3.7396724,3.3034377,-1.6500256,10.397311,0.28963175
3.0561185,-1.780619,3.877821,-1.9427043,-2.74591
-1.33471,0.1227266,-1.4995468,-0.16807185,2.6333914
-0.33701065,0.5073387,0.51654786,3.1790848,-0.16365832
1.3825576,-0.65493286,1.6551034,-0.76828766,-1.0147685
0.47757283,-0.06110128,0.8172733,0.550289,-0.39810336
0.73892856,-0.6794852,0.36117443,0.28771842,0.97556317
-0.13000241,0.43416324,0.7808179,1.5557444,-1.2468753
1.4036676,-0.869171,1.1286492,-1.1030867,0.16023237
-0.40837994,0.11700932,-0.52762616,2.190506,1.282493
0.59706366,-0.25225577,0.80848914,0.6221595,-0.21732974
0.52154,-0.13193068,0.9297175,0.67721254,-0.47906187
1.0028777,-0.46914038,1.007238,-0.5335711,-0.26649618
0.067732014,0.100494064,0.8311961,1.6207994,-0.6699915
1.2112291,-0.679037,0.93459684,-0.9465015,0.15381864
-0.26576653,0.17214361,0.32416245,2.5019298,0.11233639
0.7649601,-0.95236003,0.9403255,0.28916413,0.2489641
-0.38691583,0.35678688,0.019063314,1.9842412,-0.29501095
1.0294976,-0.66601217,1.7469765,0.21763392,-0.89934903
0.5160563,-0.13921914,0.5714786,0.24892618,-0.07307834
0.47309425,-0.24906573,0.4770665,0.6650902,0.31472188
0.2337797,-0.09250339,1.3876108,1.7764248,-0.9443981
1.0598325,-0.76180637,0.8213542,-0.21966504,0.5352872
-0.40342698,-0.41108546,-0.58019286,2.6295555,1.4992669
0.25776598,0.004757084,0.7617921,1.2015098,-0.71734643
0.8979605,-0.7284659,0.6818985,0.26173693,0.5933444
0.06946436,0.07025782,0.40908378,1.5379336,-0.24118352
0.7698017,-0.48385558,1.6763523,1.1351469,-1.051073
0.73848045,-0.43655333,0.740088,0.0949157,0.032235228
0.4722168,-0.27554688,0.2988921,0.6022244,0.47587663
-0.07889935,-0.51439935,0.37253103,2.03205,0.2746795
0.09655235,-0.030624233,0.9396177,1.4446942,-0.6951218
2.9330401,1.4136249,-1.1127528,0.76299137,-3.6498036
1.5743302,-0.6922811,1.3208994,-1.4442763,-0.36301583
-0.8933764,0.7904464,0.4388818,1.6485846,-0.1781067
1.0067993,-0.7538241,1.0692117,-1.2927265,0.6354212
-0.19768545,0.5771596,0.3890393,1.154836,-0.7619547
1.2951466,-0.7431048,1.6534002,-0.6273869,-0.31484243
0.32710126,0.080917515,0.34479752,0.21322007,-0.033792205
0.39168885,-0.43866572,0.31136817,0.1756847,1.0072852
-0.23165777,0.41525188,0.13454089,1.4570781,0.16830894
0.94352853,-0.50503427,0.93559456,-0.14957069,0.12864166
0.45439515,0.029647984,0.7398139,0.1877618,-0.5956783
0.39161626,-0.36662754,0.08514457,-0.02280252,1.1024956
0.15422055,0.28447452,0.691528,1.0524089,-0.7033453
0.9762091,-0.60026103,0.74612135,-0.4510417,0.5396907
-0.0475268,0.3538901,0.5643768,1.5944638,-0.45047104
1.3628033,-0.7072967,1.3153257,-1.1542904,-0.3385631
0.16444066,0.2039415,0.37049142,0.83936423,-0.16183427
0.45423117,-0.5766552,1.0611099,-0.1850742,0.2289131
0.10083816,0.04535023,0.19188273,1.139775,0.4694508
0.57273567,-0.3175443,0.11480557,0.48369777,1.1757232
-0.39115533,0.15943351,0.38921484,0.90959233,-0.07951368
0.6725235,-0.41633305,0.8215983,0.7200233,0.29811844
0.48143056,-0.049888454,0.60460615,0.076843336,-0.3419251
0.825158,-0.339784,1.0540398,0.16144003,-0.33228162
0.6888043,-0.55472785,0.32205603,0.1232595,0.79754657
-0.1566473,0.23510996,0.0965425,1.7653567,0.22191253
0.9420866,-0.5424922,0.836841,-0.15305023,0.21896538
0.06556407,0.16937557,0.7242258,1.5321507,-0.4848343
1.0957049,-0.95710933,0.73729867,-0.45411998,0.69119847
-0.56620395,0.46824995,-0.5028994,2.2962985,0.6822645
0.87058836,-0.7064146,0.9740748,0.18181767,-0.05682925
-0.7110942,-0.14491972,-0.09827719,1.0565808,0.6166891
0.5253051,0.0042373314,0.9662793,0.253995,-0.90170246
0.14567772,-0.8348292,0.26407036,-0.13188384,0.45548683
-0.23150256,0.5474693,0.40550965,1.7756459,-0.7712093
1.2671962,-0.90155303,1.2691803,-0.40107125,-0.12720221
0.033713378,0.1319057,-0.02200524,1.1539273,0.44755632
0.7134903,-0.34865794,1.1298101,0.7006114,-0.4199961
0.29712686,-0.56204253,0.48126292,0.9572339,0.48348305
-0.038175367,0.20851913,0.7719392,1.6671212,-1.0390743
0.8133069,-1.2025088,0.76740247,0.15818276,0.61526567
-0.5544092,0.7762581,0.29534233,2.3442922,-0.88383114
1.4007962,-1.2685245,2.0661032,-0.03332572,-0.39142862
-0.08772757,0.3279597,0.047662042,0.99636644,-0.1000504
0.8890697,-0.77970445,1.5257999,0.99221617,-0.43251243
0.11481211,-0.121189915,0.68547034,0.91943693,-0.515916
0.7590333,-0.90235174,0.07558637,0.8562702,1.9233057
-0.686442,0.76041996,0.32504863,2.6737921,-1.3655107
3.0806742,1.3617212,-1.2952607,1.3248142,-3.6376796
1.1084647,-0.6085413,1.5563085,-1.3491604,-0.7539395
-1.4402049,0.56568927,-0.22562379,0.7931054,1.0778561
0.6274361,-0.08927997,0.9570127,0.40528518,-0.25626153
0.6080185,-0.3894299,0.34770066,-0.31129557,0.77607125
-0.19811603,0.24676862,-0.33686018,1.510953,1.2796358
0.6733834,-0.28313574,0.46122977,0.22790535,0.77508336
0.3560305,0.17271104,1.1628594,0.9199326,-1.1113374
1.2353618,-0.69274604,1.5562984,-0.39145482,-0.3132954
0.4945496,-0.03939327,0.4382731,-0.030723441,0.02113112
0.7503891,-0.31272587,0.904621,0.3117841,0.13154387
0.23267695,-0.39581951,-0.011184314,0.13066508,1.1801015
-0.39734372,0.5701358,0.14789349,2.509412,0.14883181
0.8640545,-0.7639688,1.5034252,0.031442117,-0.2317751
0.1437814,0.22538248,0.48177537,0.8312132,-0.3858005
0.5637973,-0.7057971,0.68139905,0.18292113,0.7630545
-0.110352,0.3690082,0.020524224,1.3488406,0.19624552
1.0077331,-0.7782167,0.72438437,-0.2013409,0.6491285
-0.43361542,0.5963213,0.1331853,2.182162,-0.2806961
1.1186886,-0.7480091,1.1904174,0.23369016,0.39183527
0.047416963,-0.13789114,-0.4540274,1.3689251,1.7760718
0.35620824,-0.05793508,0.2758437,0.8353733,0.48094124
0.48899207,-0.16890225,0.49602094,0.19755723,0.024398051
0.46555778,-0.11953529,0.6846051,0.78260386,-0.107573844
0.62838864,-0.5023878,0.49430975,0.15183343,0.42252886
0.23410138,0.061991848,0.44821748,0.89794207,-0.16165105
0.9672282,-0.45714077,0.85980445,-0.3687483,-0.036320187
-0.326022,-0.066515766,0.05432447,0.70375854,0.4216862
-0.31676194,0.16526523,1.144021,1.1157173,-0.6670288
1.1934787,-0.52388126,1.4978925,-0.303591,-0.6297823
0.27805224,-0.382809,0.4505759,0.88983035,0.3141195
0.20555767,0.03474299,0.39641747,1.1758136,0.05377104
0.61653256,-0.40734944,0.58727795,0.16018905,0.21038753
0.39530376,-0.16339716,0.35000584,0.67075896,0.2512302
0.5092158,-0.0989693,1.1204885,0.9557449,-0.66281116
0.97906923,-0.59617215,0.97360766,-0.29166144,-0.03828553
0.22941628,0.067020096,0.52591974,1.0580069,-0.28868365
0.77430403,-0.73396146,1.0771097,0.32817078,0.022768043
0.3720272,0.06399218,0.7102492,0.318694,-0.7075621
0.6471403,-0.5160516,1.6596254,1.2492892,-0.59987867
0.7547588,-0.26718077,1.2061058,0.24856819,-0.6919093
0.79015803,-0.39915976,0.7345875,0.034982633,0.021508805
-0.10628148,-0.31416115,0.6282429,1.6471173,0.034103774
0.41164842,-0.5176156,0.4216544,1.0352099,0.5075183
0.23469844,0.03303591,0.61168987,1.020918,-0.38714272
0.99206686,-0.5163544,1.2568475,-0.05427574,-0.50241524
0.6030831,-0.21848616,0.6850253,0.04370017,-0.295692
0.6562389,-0.48657832,0.32603785,0.5112115,0.9049871
2.9463158,1.4317781,-0.77680695,0.9633472,-3.7282403
1.1139847,-0.6178611,1.430104,-1.0459801,-0.65699464
-0.8567843,0.37113252,-0.7971487,0.28107405,1.8217725
0.23238656,0.18727842,0.82520014,0.96601045,-0.36628017
0.6557545,-0.37566122,0.6472574,-0.21696047,0.51330024
0.049725093,0.27231517,0.4065974,0.9620864,-0.1992847
0.54839265,-0.41646656,0.88163996,-0.48023915,0.09117135
0.14401045,0.1636559,0.8423783,1.2805853,-0.2754958
1.2267877,-0.6821674,0.9770532,-0.9483445,0.21577537
-0.60373485,0.2740461,-0.6746299,1.4456383,1.786335
0.5426599,-0.03644403,1.0384115,0.77488357,-0.5892439
0.9937016,-0.48127112,0.799222,-0.6746902,0.14826399
-0.048896156,0.22843185,0.048592947,1.3930911,0.6449178
0.991983,-0.40542063,1.0883524,-0.6718932,-0.46276006
0.33682445,0.012114681,0.8042939,0.93353605,-0.30155778
0.42036524,-0.3369182,0.8891438,0.8440338,0.32059976
0.36054662,-0.009238087,0.96468306,0.67490923,-0.6831802
0.66993624,-0.3595656,0.76683396,-0.1201195,-0.04051534
0.29689655,0.02804581,0.7616149,0.80360305,-0.2538407
0.84230125,-0.6794733,0.23694387,0.061778437,1.5068974
-0.25355747,0.34434858,0.10542347,1.9033345,0.22841269
0.7067374,-0.5920761,1.5791361,0.2602381,-0.39046496
0.23940358,-0.04332479,0.25943905,0.55772406,0.3283047
0.6456821,-0.1816648,0.7954157,0.09216197,-0.3069845
0.8597562,-0.3642982,0.66516143,-0.5082466,0.13025093
0.28417805,0.05101029,0.48215702,0.8125094,-0.08959363
0.5351672,-0.44591364,0.9716116,0.30021644,-0.3035335
0.2537668,0.07675473,1.107274,1.3338209,-0.86136794
1.241788,-0.72900474,1.2144653,-0.6678019,-0.11040259
-0.063848935,-0.1188248,-0.3077677,1.7193398,1.2743205
0.6330512,-0.17702278,0.80894613,0.14315523,-0.43044424
0.7277008,-0.42449412,0.37611422,0.26953197,0.88436824
0.26514223,0.021761097,0.4578408,0.91143143,-0.020127274
1.0843858,-0.49747166,1.1304007,-0.9114661,-0.50385946
-0.7296168,-0.074524246,0.38816333,2.1383324,0.86598444
0.41520575,-0.26836333,0.4803626,1.0305147,0.5936158
0.09948883,-0.52143985,0.19541213,1.3805616,0.63009214
0.045362927,0.18800798,0.75332963,1.5370505,-0.8278543
1.2123368,-0.8881968,0.92275894,-0.5759688,0.43738303
-0.39511946,-0.19009766,-1.0358784,1.9267766,2.5900095
0.087413706,0.396691,1.0862783,1.418215,-1.6485617
1.1253263,-1.0744375,1.2392474,0.015476357,0.24619845
-0.24211946,0.56469506,0.37262502,1.5287558,-0.90986025
1.3124375,-0.82225025,1.4697604,-0.25087076,-0.44195023
-0.055361174,0.023046173,-0.08177004,1.3982347,0.6966511
0.53562284,-0.15036282,0.888299,0.557905,-0.6904055
-0.8980415,-1.048972,-0.14181796,-1.1473608,0.35021734
-1.0825661,0.9527594,-0.58521885,3.931771,0.5337968
2.9095309,1.4417106,-0.9953908,1.068237,-3.7140982
0.43589005,-0.09911951,2.3542292,1.1443659,-1.904453
0.6807121,-0.23625311,0.7102888,-0.625239,0.2395989
0.09792922,0.29432836,1.0265214,1.3679652,-0.60841936
1.3281313,-0.70535123,1.2179381,-1.2204567,-0.10435445
-0.060230277,0.2572519,0.23052776,1.1511106,0.31186807
0.83419025,-0.35058436,1.505449,0.5754955,-0.36020178
0.63088953,-0.2073091,0.55661017,-0.2379931,0.098164134
0.16374972,0.00024858862,0.7087368,0.9811068,-0.32592407
0.8315767,-0.4389685,0.60155356,-0.15621702,0.5650379
-0.07817461,0.25803152,0.33005026,1.539637,0.043072276
0.8041157,-0.6579441,0.9036748,-0.17674612,0.12339901
-0.87363464,0.21669927,-0.62508357,0.29551148,0.96373564
0.39384553,0.059858,0.8760268,1.2222769,-0.3571656
0.49744853,-0.5554312,1.3500643,0.1481867,-0.29438004
0.029144682,-0.0410622,0.3445195,1.0337268,0.25467345
0.7985294,-0.33419785,0.6397484,-0.19821934,0.21833447
0.45059624,-0.10952648,0.4108935,0.5139495,0.29236934
0.6744974,-0.22293028,0.89350617,0.2629407,-0.3797247
0.6645064,-0.48041758,0.26144752,0.16319062,0.9931363
-0.07043036,0.25761428,0.14141735,1.50946,0.13455757
0.83315384,-0.3199452,1.0993801,0.058159243,-0.68787235
0.80734384,-0.270645,0.85907966,-0.5901289,-0.46156737
0.5881616,-0.17868218,0.5867525,0.21211858,0.005308114
0.60917884,-0.2608126,0.5607585,0.25662678,0.17410818
-0.34078577,-0.46212372,-0.23945543,0.69066256,1.5932024
-0.43458548,0.42014185,0.09006693,2.1515307,-0.3427116
0.97503626,-0.6959194,1.8034146,0.6491579,-0.45063353
0.58207333,-0.07610973,1.0217316,0.11594637,-0.81994015
1.1344625,-0.610246,0.8477095,-0.90764827,0.18645942
0.19830033,0.17968717,0.43977365,0.715635,-0.33712757
0.9836367,-0.5610054,0.96066046,-0.009675074,0.13754708
-0.04928919,0.00081602484,0.17671248,1.6438304,0.26484242
0.38829425,-0.4550713,0.38013852,0.43230325,0.6384323
0.28827485,0.116568245,0.62897843,0.62302494,-0.6510571
0.40506575,-0.38655218,1.4444792,0.21700056,-1.0174918
0.59822774,-0.35183606,0.48973846,0.28264564,0.3389983
0.46099284,-0.1102322,0.808599,0.80882335,-0.42854545
0.5660616,-0.9176749,0.30036944,0.8324602,1.3612865
-0.578612,0.6260067,0.02735879,2.3108068,-0.5513129
1.5473161,-1.061191,1.1113386,-1.2221857,0.4594884
-0.33557245,0.28427187,-0.56530404,2.1842372,1.2257816
0.8490642,-0.4278725,0.82285815,-0.22167526,-0.091971226
-1.0138636,-0.4911345,-0.38111952,0.29180574,0.860543
-0.3415706,0.48409525,0.28401178,2.3389597,-0.46803382
1.0706221,-0.528416,1.4261642,0.17971303,-0.9703849
0.69749737,-0.20355639,1.3816092,0.4681254,-1.0387658
0.5692284,-0.9508413,0.19352993,0.543741,1.4566178
3.0016327,1.3779837,-1.1988927,0.9259436,-3.7421472
0.9268872,-0.6278986,0.93774456,-1.1810213,0.45691115
-1.1950017,0.5899913,-1.0414451,0.7503576,1.8275536
0.48459235,-0.0097626075,1.2626764,0.8959299,-0.53647345
1.0654839,-0.52987987,1.1192904,-0.79711336,-0.15952754
-0.12764046,0.2434999,0.5078645,1.3119445,0.2642288
0.92437005,-0.5053013,0.7575385,-0.420727,0.42470077
0.09830222,0.29733244,0.6036356,0.9853456,-0.6051265
0.99397445,-0.6063979,1.2621062,-0.14521979,0.13764647
0.2519118,0.19115749,0.7893484,0.6536445,-0.83209866
1.1758786,-0.56846553,1.4985749,-0.32067204,-0.48405647
-0.26027408,0.19959512,0.29358017,0.73074514,-0.012519129
0.9569004,-0.5398887,0.57974637,-0.27838647,0.7584341
0.08975313,0.35799566,0.6783261,0.7789394,-1.0660619
0.04352293,-0.9636587,0.9179226,-0.81236315,0.23667681
-0.35520032,0.5785782,-0.038874783,1.8550714,0.005606286
1.2748153,-0.72225034,1.4196007,-0.30713153,-0.23485968
-0.21326908,0.2885801,0.18409574,2.0536196,0.38450888
0.719526,-0.73262393,0.8705699,0.1168433,0.1496762
-0.1434857,0.26419702,0.22304541,1.5882207,-0.026021577
1.037362,-0.5953973,1.1891303,-0.01508813,-0.07551644
0.12318597,0.13509336,0.25924483,0.7408415,0.0093796775
0.5765759,-0.70131004,0.4526053,0.62041086,1.1035811
-0.0069154724,0.15498224,-0.11333815,1.3294425,0.6882418
0.80727375,-0.37016806,0.926512,0.045472395,-0.1811083
0.3105,-0.3888863,0.07400315,1.1703572,1.2514943
-1.2641693,0.49021545,0.3186665,-0.056474794,-0.21430135
0.6926095,-0.4906815,1.212946,1.6733819,0.1917038
0.021571912,-0.30895886,0.6512381,0.099982575,-0.10103998
0.40515462,-0.23086247,0.23839855,1.032222,0.8052973
0.36005095,-0.29557166,0.47212827,1.037521,0.11039265
0.73603964,-0.2339333,0.77361757,-0.53685594,-0.43299037
0.5037083,-0.21666464,0.90762717,1.0810103,-0.4174906
0.81091994,-0.51883155,0.5494098,-0.053095568,0.50733423
0.20783451,0.19989076,0.6440711,0.62962407,-0.90192455
0.9618609,-0.5327576,1.156902,0.23092265,-0.15419069
0.31053755,-0.29714045,0.2287322,1.2098143,0.7544896
0.08010254,0.096114315,1.1810772,1.9251736,-1.1300194
1.1541567,-0.8867806,1.1257313,-0.23442702,0.16578615
-0.1713247,0.3136069,0.14431313,1.6631007,-0.11418808
0.66492194,-0.94364107,1.0883819,1.0942932,0.25125787
-0.08982792,0.060558952,0.027308961,1.8075045,0.50832206
0.28128538,-0.772385,0.69609594,0.80826867,0.044411026
0.048184253,0.07370774,0.24395737,1.4607563,0.081660084
0.81862664,-0.7247752,0.45367494,0.21156193,0.8493274
-0.2977111,0.018773712,-0.32957092,2.0858836,0.70130605
0.4972345,-0.374369,0.90730387,1.097342,-0.44467008
0.62145674,-0.15724358,0.9731699,0.5065105,-0.7933631
2.9985127,1.3581043,-1.1287565,1.2921942,-3.7640789
0.8455632,-0.6078499,1.0332433,-1.7206825,0.064066194
-1.414597,0.7175356,-0.77138007,0.906459,1.2559972
0.9717956,-0.4014772,1.1667365,-0.9230633,-0.4888186
0.21823111,0.02113644,0.24380222,0.46357977,0.3751143
0.58922803,-0.27389464,0.20686895,0.2451811,1.1890769
0.14537606,0.29194418,0.663418,1.0550643,-0.70412314
1.2604859,-0.65513074,1.1307602,-0.92474896,0.047305457
0.14515826,0.15855852,0.0818881,0.857114,0.48969972
0.84491104,-0.31883416,1.159629,0.19343843,-0.3386046
0.6621845,-0.2252787,0.40979555,-0.2963369,0.3665062
0.506815,-0.077382885,0.5711151,0.38289928,0.04911091
0.60583556,-0.26026663,0.70922995,0.27913463,0.07851242
0.18049869,-0.10137733,0.30644637,0.7932215,0.564496
0.52523124,-0.1620191,0.6623093,0.4742505,0.03861352
0.47248718,-0.26565728,0.36251813,0.400594,0.6490369
-0.14954266,-0.17668423,0.025379768,0.7260756,0.7196398
0.3738434,0.12042586,0.78239775,0.50813717,-0.7061611
1.1026593,-0.55863076,0.9488214,-0.81141114,0.01621949
0.36310884,0.11093203,0.6410836,0.03006525,-0.7038708
0.84568834,-0.31048712,1.0605539,0.14241369,-0.39944038
-0.7979357,-0.12530264,-0.31945157,-0.86626554,0.9114509
-0.054197095,0.37350002,0.34953246,1.9416665,0.07125171
1.2659445,-0.70148885,1.0800151,-1.0070876,-0.020848937
-0.03475698,0.110946335,0.020353219,1.4994502,0.6663741
0.4578298,-0.2551287,0.6133184,0.6338412,0.3290791
0.21662769,0.08064572,0.9390011,1.5201976,-0.4789521
1.0755888,-0.71153104,1.3051203,-0.4736715,-0.018335648
-0.15666232,0.18976513,-0.18055075,1.5741669,0.90177804
0.71716404,-0.3202885,1.234824,0.5881528,-0.62299955
0.6949189,-0.35382447,0.913049,0.24748243,-0.12385578
0.4661999,-0.13430771,0.6772553,0.69506264,-0.03389419
0.36729077,-0.49374756,0.5479727,0.9995883,0.6005956
-0.18712112,0.16760173,0.287826,1.3470054,-0.3444652
0.92253506,-0.48611578,1.3750719,0.44244093,-0.46857744
0.16448447,-0.37018952,0.19114944,0.9544133,0.8034011
0.28373995,-0.110298954,0.40950733,0.7441283,0.0396057
0.3745043,-0.24764714,0.7072283,0.8380464,0.11386787
0.5559266,-0.19890961,0.64428854,0.25095606,-0.20643911
0.59896624,-0.29437003,0.9614249,0.81648266,-0.28208843
0.78267664,-0.3235596,0.8948963,-0.12477331,-0.37743354
0.40079746,-0.20861325,0.6556791,1.0673696,0.05405625
0.69647723,-0.48681673,0.48270968,0.18737824,0.43879783
-0.06545987,-0.14051852,0.23113081,1.9847349,0.6525035
0.34961054,-0.6204575,0.54149544,1.3040727,0.4771134
0.15146556,-0.3378218,0.2798646,1.2969288,0.20406196
0.43011722,-0.29188094,0.6013627,0.9404086,-0.13115796
0.5460282,-0.2200931,1.0129536,0.7969587,-0.5163706
2.9128723,1.3934499,-1.0672313,1.0740434,-3.6434486
1.158704,-0.5927127,2.1235425,-0.13677172,-1.2206689
-0.3358741,-0.07276472,-0.4048293,-0.6908723,1.5217482
-0.34570494,0.34083667,-0.12300394,1.4693774,0.86875093
1.0496211,-0.46623883,1.1872386,-0.7479041,-0.41412687
-4.4286447,-0.13482985,-2.4613647,-7.9452634,3.3154361
-2.8826826,2.8612666,-0.97050774,9.08593,-0.21447097
3.0512843,-1.8602055,3.6304488,-1.6979622,-1.3574868
-0.24070379,0.597325,0.15325639,0.904374,-0.7408545
0.7998299,-0.5787199,2.0923424,0.38102674,-1.095562
0.64311236,-0.22370037,0.6068349,0.0025102012,0.030845486
0.16011605,-0.08498605,0.94511026,1.2129399,-0.27611202
0.7242061,-0.51257783,0.5347407,0.015785169,0.5307861
0.1077951,0.085986294,0.16320133,1.1746157,0.33379626
0.6375561,-0.25487122,0.95944136,0.769978,-0.10506574
0.79635394,-0.29330668,0.8279249,-0.28932667,-0.2467736
0.54863924,-0.11885103,0.5985881,0.11921348,-0.12812611
0.16390869,-0.6179517,0.0397669,0.45870763,1.0116472
-0.13374373,0.5759103,0.92610204,1.8127012,-1.6115355
1.763274,-1.1230272,1.5669177,-1.4058874,0.10531076
-0.3770825,0.6295854,0.20927945,1.9064069,-0.6388692
1.0148314,-0.9151095,1.8155091,0.490887,-0.32183176
0.4186379,0.031278767,0.57536304,-0.031927217,-0.51352197
0.8300797,-0.44876274,0.93540996,0.34833205,0.019134663
0.09610299,-0.3320926,0.16196692,1.1099482,0.65806675
0.33575174,0.08541409,0.87686825,0.99102026,-0.8614259
0.86434615,-0.5727809,1.546337,0.60056233,-0.30038238
0.48412296,-0.3635901,0.037092526,0.6119333,1.3258662
-0.32580045,-0.3418034,-0.5302569,1.6109941,1.5895507
-0.0844694,0.08291546,0.18878707,1.9470559,-0.15823027
1.1370897,-0.534808,1.3956605,-0.44389182,-0.62117165
0.42498776,-0.20946679,0.25881222,0.6175037,0.5003276
0.42879918,-0.114099346,0.7787506,1.0112721,-0.46789208
0.7391689,-0.5188721,0.77436334,0.1955116,-0.13458046
0.20958313,0.10783736,0.5065904,0.90744835,-0.5267219
0.7794873,-0.8050221,0.5515366,0.5846615,1.1513698
-0.2783536,0.35100284,-0.30826882,1.9048294,0.57568914
0.987393,-0.6553501,0.98271906,0.085824445,0.05481162
0.122689046,0.052984394,0.42044377,1.3731855,-0.2936575
0.9363663,-0.50818855,1.2122864,0.1813161,-0.38224232
0.05053369,-0.23464617,0.6335446,0.989488,-0.029384442
0.8402422,-0.32869753,0.9053656,-0.50532174,-0.4583523
0.6038291,-0.14464554,1.1578487,0.64899856,-0.8365713
0.5042816,-0.875749,0.7823604,0.6144215,0.34862795
-0.31663176,0.3072888,0.18343154,2.024611,-0.060130753
1.1370785,-0.7875794,1.491648,0.4300983,-0.4202139
0.2780197,0.018883385,0.48168704,0.7352691,-0.22351962
0.984424,-0.5193823,0.81845504,-0.49253458,0.06673246
2.7881582,1.3859826,-1.1644951,0.63783807,-3.323155
1.0408342,-0.5590289,1.3712842,-0.43478286,-0.18767327
0.015580036,0.14312091,0.26847574,-0.12712578,0.14495644
0.42312273,0.015638508,1.4826611,1.1358805,-0.8396178
1.2035837,-0.6036466,1.2679764,-0.94541967,-0.2882014
0.06277279,0.19148412,0.19320151,1.04842,0.39518258
0.811353,-0.38458046,0.95135933,0.08022256,0.011367492
0.3567815,0.04917208,0.62718797,0.64413625,-0.1457952
-0.31834784,-0.2912086,0.14296263,-1.1779135,0.26166105
-0.059579395,0.44411245,0.26767394,1.4584411,-0.12887284
1.0877166,-0.6532711,1.5647914,0.039022755,-0.42421287
0.6732958,-0.19394097,0.5838907,-0.33397454,-0.053029068
-0.32619724,-0.014945827,0.3575284,1.515943,0.962759
0.5304533,-0.14271197,0.55634403,0.44632763,0.20874801
0.35807577,-0.43432173,-0.09119857,0.6207,1.6869087
-0.08666738,0.13662162,-0.049995817,1.3521844,0.6141473
0.6015272,-0.23484167,1.2274084,0.6263589,-0.73909575
0.78109074,-0.38119492,0.87394416,0.020088863,-0.06559379
0.17499873,0.06503407,0.3420286,0.97747976,-0.0885349
0.96366084,-0.44592795,0.8709991,-0.51464903,-0.026905723
0.080790974,0.11175219,0.9386698,1.3795899,-0.5469484
1.1909891,-0.66838443,1.0706483,-0.73425347,0.015428685
-0.40365228,0.24302068,-0.16162461,2.4709778,0.935093
0.9554785,-0.6593889,0.53482056,-0.023813535,1.005307
-0.16942087,0.37396732,0.11522742,1.6533426,0.012365721
0.84617776,-0.7063359,1.1161251,0.54933304,0.21671396
0.28718588,0.15049997,0.9555178,0.86102825,-1.0190017
1.157351,-0.682835,1.0626371,-0.47879738,0.1606066
0.0155149475,0.28570238,0.31195536,1.0812445,-0.25944808
1.0861044,-0.6370944,0.99728346,-0.17407893,0.14616296
0.06559912,0.19013706,0.4945759,1.1163821,-0.3133343
1.006589,-0.62230045,0.73552126,-0.41769397,0.45514372
-0.46226177,0.11288945,-0.11129231,2.1041605,0.8955847
0.5846143,-0.3407949,1.1184694,0.8342423,-0.4701919
0.529124,-0.34045872,0.78870857,0.43626076,-0.055515565
0.48153445,-0.23343977,0.41821843,0.5325982,0.26975405
0.7412467,-0.23206171,0.94389397,-0.24787901,-0.6129706
0.3939031,-0.39728102,0.6536061,0.92184645,0.09540712
0.5181554,-0.3220981,0.6798294,0.6457452,0.18452
0.13942298,-0.15877423,0.07763674,0.708434,0.73148024
0.5030712,-0.08802589,1.0800117,0.82935244,-0.65178657
0.52404714,-0.26682076,1.5193661,1.3275818,-0.70382756
1.061456,-0.69699705,0.768903,-0.59150577,0.30117276
-0.119946264,0.043383278,-0.13695845,1.7882795,0.7003528
0.5865932,-0.12223896,1.1132661,0.59407926,-0.7864792
0.6616375,-0.39143977,1.0329194,0.8586679,0.006617479
0.48107883,-0.5257862,0.53741336,0.85909474,0.6219482
0.25191554,0.077009834,0.9180517,1.1339725,-0.814892
2.9775858,1.3752943,-0.8722978,1.1818659,-3.918417
1.4546754,-0.7058662,1.5012889,-1.4173841,-0.54019845
-0.7242558,0.47031227,-0.45649624,0.2976358,0.9149469
0.7086387,-0.18137631,1.3744354,0.5161171,-0.5877945
0.93016666,-0.4064339,1.001562,-0.8162066,-0.2443476
-0.33888695,-0.078772865,-0.64996713,0.39162862,2.3222835
-0.576558,0.597542,0.49164897,2.4453266,-0.24323142
1.5661204,-0.84145725,1.6908747,-1.0017669,-0.51075196
-0.22786763,0.410257,0.40775198,1.4268303,0.0014189109
0.58452916,-0.645296,1.3175993,-0.6625993,-0.6558521
-0.07235172,0.14877859,-0.04043535,1.1048715,0.6776986
-0.120698534,-0.22409853,0.94898677,0.36913258,-0.7259874
0.36372843,-0.33838686,0.04930585,0.59147894,1.6266633
0.04003445,0.24655405,0.37096593,1.1333609,-0.35952505
0.7604715,-0.48261103,1.6541612,0.6557747,-0.57554525
0.82985437,-0.35081562,0.6401538,-0.4752903,0.17135894
0.32111564,0.06542269,0.53722596,0.7610972,-0.16419113
0.93997747,-0.48251328,0.867301,-0.26689947,0.061066322
0.30072674,-0.09581026,0.47355917,0.78662825,-0.054432638
0.8793515,-0.36061224,0.9594838,-0.414716,-0.3811205
0.6130278,-0.10778602,0.88651645,-0.022330452,-0.62454486
0.624402,-0.2865642,0.8733252,0.7215929,0.12438255
0.7380223,-0.38592514,0.5512671,0.026609313,0.4025565
0.4358888,-0.16874966,0.3834822,0.56308794,0.28606364
0.4604133,-0.27707276,0.43865022,0.8209634,0.44825897
0.3113837,-0.038136803,0.46800658,0.8375015,-0.17686129
0.7560618,-0.43021616,0.7579921,0.16286804,0.07213413
-0.20191243,-0.4499739,-0.50562304,1.0447024,2.070213
-0.027253054,0.29207054,0.27297285,1.4210278,-0.173724
0.9190954,-0.8227986,0.52896386,0.13844241,1.0598162
-0.67136407,0.3722197,-0.22670418,2.754699,0.26859334
0.5830972,-1.1170787,1.1541512,0.025712382,-0.3657089
-0.46914735,0.26510778,-0.2328366,2.1829095,0.3961523
1.0863698,-0.552203,1.0750242,-0.6268165,-0.2883172
-0.34459093,-0.30523,-0.30112395,1.2000189,1.4610697
-0.23747692,-0.17069277,-0.34080917,1.8297253,1.5691186
0.42756,-0.17245707,0.63232607,0.82459635,-0.18354899
-0.77108806,-0.7793921,0.017294934,-1.003551,0.06904956
-0.44220206,0.3712136,-0.58154786,2.8059459,1.4332403
1.0832956,-0.4562157,1.5246707,-0.2624758,-1.1349907
-0.32591435,-0.81193864,0.34398496,0.42344606,0.74095434
-1.1562767,0.5725247,0.05687087,2.8425705,0.062492363
1.2027326,-0.95482767,1.7825038,0.5302123,-0.54197884
0.23251423,0.048251785,0.47355577,0.82197046,-0.4651074
0.8080736,-0.5072492,0.993108,0.43837327,-0.3269612
0.3025104,-0.17189679,0.5860843,1.1062405,-0.3810358
0.543471,-0.13016161,1.6367503,1.5750087,-1.3160919
1.2102414,-0.76903045,0.8568147,-0.8667789,0.281031
2.9223933,1.3553029,-1.3389368,0.9632351,-3.565637
0.7676738,-0.5753868,1.1193175,-1.2174139,-0.26549363
-0.37673953,0.35813633,-0.24108282,0.64736795,0.9340766
-0.68973273,0.31648937,0.7049129,0.16957732,-1.03295
0.61610574,-0.18310246,1.3006493,1.0810221,-0.06218425
1.1037133,-0.4858416,0.996566,-1.2621286,-0.39734626
-0.1730558,0.24229112,0.10951912,1.6313914,0.6544965
0.96125257,-0.4665607,0.78813154,-0.3916515,0.21732241
-0.07933744,0.047016777,-0.3267884,1.0172752,1.5451646
0.5879688,-0.016364418,1.0163743,-0.08155148,-1.045335
0.37192956,-0.40234265,0.8654805,-0.010229755,0.13414359
0.009165086,0.10260645,0.16884452,1.4515961,0.5241606
0.124840714,-0.30802664,1.1172117,0.38471872,-0.7075811
0.7370948,-0.18603739,0.8888392,-0.35653156,-0.5723993
-0.07255199,-0.2788299,0.29767412,1.4484333,1.1248126
-0.14084461,-0.18044886,-0.45906755,-0.020804096,1.5139844
-0.34554848,0.5034763,0.8289011,2.3665934,-0.86336094
1.7600496,-1.0379618,1.5573306,-1.6269296,-0.16382468
-0.6631429,0.6210095,0.1468584,2.4184995,-0.031128533
1.4468687,-0.8699435,1.6374927,-0.5589173,-0.3704805
-0.73043543,-0.07777866,-0.5927635,1.0633963,1.2239536
0.2592868,-0.027741753,0.6970382,1.5811456,-0.025389798
1.0406127,-0.62006646,0.7556042,-0.58331734,0.3042167
-0.7547747,-0.40033993,-0.73796827,1.5457581,1.8040974
-0.6928307,0.7316619,1.1566738,2.6634324,-1.8534021
1.6080835,-1.342122,1.6177052,-0.6812834,0.16103959
-0.16754082,0.5739934,0.4158453,0.6727987,-1.2921318
1.3551192,-0.8642763,1.6097178,-0.23737155,-0.17805398
0.21396533,-0.08911785,0.29026198,0.98770005,0.24660984
0.72930926,-0.31037506,0.7012799,0.16790344,-0.031440534
0.5206425,-0.17532048,0.7371605,0.60629994,-0.28134775
0.609498,-0.36334452,1.1062152,0.82590044,-0.5732394
0.5331745,-0.33825812,0.97493607,0.730456,-0.09194789
0.6758818,-0.46566424,0.7020262,0.54108757,0.20495042
0.40751532,-0.07031616,0.65578216,0.5556135,-0.37109587
0.904065,-0.40569004,0.92736816,-0.25240695,-0.26895848
-2.364628,-0.3553861,-0.7148027,-3.0605218,0.7510075
-1.0169872,1.327892,0.70630985,5.496602,-1.1007264
2.4938223,-1.6236752,2.2074592,-2.2955678,-0.38428545
-0.70662314,0.93336403,-0.0021821656,2.0304036,-1.0071625
1.5611223,-1.098823,1.8149954,-0.16184251,-0.800826
0.036109127,-0.08299526,-0.055743195,1.5036634,0.8037105
0.53787464,-0.54953986,0.5143763,0.9256722,0.28140783
0.25315097,0.09079758,0.57728374,0.7951707,-0.63354796
1.034174,-0.66966,0.77239674,-0.26134872,0.389793
-0.15720555,-0.5499285,-0.5250803,2.4076004,1.9301646
0.14135936,0.10751549,0.5441143,1.3512049,-0.5647877
0.9453097,-0.8665389,0.71391565,0.22775586,0.30373877
2.972873,1.3940054,-1.2443899,0.90779257,-3.728769
1.5901129,-0.715124,1.4419764,-1.4293314,-0.4454946
-0.25100276,0.38668695,0.18403062,0.3018254,-0.10476584
0.51910794,-0.41778025,0.37882993,-0.2575761,1.1584525
-0.30405346,0.41549507,-0.12862164,1.258398,0.60737145
0.88723344,-0.33511576,1.195333,0.010793041,-0.23346302
0.6183663,-0.19864735,0.3709161,-0.10571353,0.52831084
0.2880771,0.091500916,0.52669156,0.82445276,-0.1057053
0.9459881,-0.2922314,1.7319422,0.19743527,-1.244375
0.7617245,-0.47286686,0.5995043,-0.35118145,0.409653
-0.088350914,0.17931047,-0.08365507,1.5133998,0.9948778
0.8074402,-0.3306645,1.1875987,0.31758857,-0.23135507
0.49318776,-0.14697728,0.81656325,0.40043074,-0.09063507
0.89778274,-0.46378073,0.56150085,-0.2304223,0.7059809
0.18646678,0.2554852,0.52610886,0.6527771,-0.6042804
0.9870563,-0.47021803,1.6193078,0.3933025,-0.65446323
0.66864324,-0.2388781,0.58395636,-0.095420465,0.17493787
0.51208216,-0.030497871,0.74774534,0.21553124,-0.4355512
0.7743228,-0.33427414,0.57093275,-0.11247788,0.3270567
0.3893732,0.016840138,0.69786036,0.65249187,-0.30470544
0.65418863,-0.51691943,0.8723145,0.27800167,0.20169473
0.10693268,0.14218155,0.7401169,1.0278475,-0.6186307
0.4600115,-0.8462542,0.60884166,-0.09366201,0.53120184
-0.2463915,0.6355125,0.5309627,1.6187105,-1.0834553
1.3020347,-1.204111,0.9827174,-0.89576787,0.7017961
-0.8949417,0.85106194,-0.61707515,2.897952,0.6833142
1.5144128,-0.86654127,1.3558966,-1.1643002,-0.107213445
0.059768714,0.13782564,-0.037048083,1.0753239,0.5529088
0.15411165,-0.011519752,1.5538743,1.5569816,-0.97433895
1.0087582,-1.0049528,0.2782525,-0.35181874,1.932977
-0.8940492,0.9471804,-0.10863946,2.9988253,-0.42516488
1.9158934,-1.1763352,1.7649287,-1.6420023,-0.23564011
-0.18650779,0.4196054,-0.12868223,1.3426269,0.25834832
1.0291947,-0.72190225,1.4584904,0.3902616,-0.2188085
-0.35571602,-0.19426045,-0.14737621,0.46523988,0.88327926
0.18455169,0.15475097,0.90410006,1.5218124,-0.59454614
1.0104468,-0.5218547,1.1825857,-0.2625997,-0.53712076
0.23387983,0.0021821633,1.0530291,1.1286657,-0.7655743
1.1528736,-0.6193178,1.1167367,-0.7226681,-0.22827914
0.19558665,0.113270916,0.64119405,1.0204282,-0.41949657
-0.30015817,-1.0649151,0.35132575,-0.7979021,0.6618246
-0.7087535,0.7335907,-0.38755885,2.7620828,0.2739345
1.3231283,-1.1801738,1.1439775,0.058159243,0.5216828
-0.7360305,0.6386262,0.21941012,2.6278126,-0.27653378
1.3400538,-1.0084051,2.178753,-0.160444,-0.90028936
0.12751183,-0.14909682,-0.051150955,1.0498577,0.7148016
0.2235358,-0.618748,0.13404825,0.48804474,0.90822375
-0.5318123,-0.03503021,-0.015010992,2.687374,0.48719767
2.6628213,1.3164479,-1.4928006,0.95302856,-3.1934016
1.176542,-0.4583734,1.5836995,-0.5257446,-0.78402466
0.27255479,-0.009400211,0.52091414,-0.5126978,-0.09389249
0.46535376,-0.103089176,0.78401834,0.25763386,0.04316821
0.6111365,-0.114485584,1.0323939,0.21047224,-0.44338492
0.74142945,-0.31632122,0.7204954,-0.14042829,0.1656444
0.30060658,0.092690624,0.37579826,0.63378614,0.20746976
0.7905999,-0.41324314,0.32579777,0.09026386,1.2829813
0.2791575,0.1395351,0.38546404,0.55823547,0.006336592
1.0441412,-0.47262606,0.88631374,-0.8128254,0.014941238
0.06887857,0.019231476,-0.44145906,1.1268128,1.9996439
0.45653054,0.033641495,0.71226275,0.24691398,-0.4986211
1.1124338,-0.51673585,1.0935365,-0.7346508,-0.19179842
0.22142169,0.11332337,0.4637524,0.6710442,0.00837367
0.70815307,-0.38268504,0.9092693,0.2899627,0.065674596
0.49705175,-0.03906902,0.8354967,0.36584187,-0.3729644
0.93256617,-0.4794329,0.6781284,-0.30590612,0.5006906
-0.018507443,0.23554388,0.5859099,1.4541198,0.014032893
1.1084647,-0.527932,1.0493631,-0.7813856,-0.18854791
0.18191311,0.16739193,0.3533127,0.91937596,0.04118385
0.18555555,-0.47465977,0.8950973,-0.18608128,-0.5297762
0.5127443,0.027604736,0.8476098,-0.09460418,-0.8801986
0.5666762,-0.27415928,0.8125627,0.9458354,0.3775472
0.34936145,0.043724217,0.80495125,0.71865034,-0.65586334
0.89969784,-0.47249016,0.9813182,-0.25260365,-0.2409519
0.6343455,-0.22467312,0.50827444,-0.017228175,0.21270117
0.5498509,-0.10690149,0.69255066,0.33595794,-0.18152487
0.51339895,-0.22457299,1.1445601,0.625639,-0.27546555
0.1937742,-0.12787518,1.3141938,1.0439864,-0.49455732
0.9570644,-0.42791304,1.48222,0.01951648,-0.552681
0.85136855,-0.41897234,0.6833152,-0.31359494,0.19665259
0.43724188,-0.05111631,0.5199934,0.45266712,-0.06449271
0.79651666,-0.43036875,0.65263444,0.1388594,0.5260145
-0.21696785,-0.043703876,0.31152162,1.8370246,0.37222937
0.7864092,-0.4416221,0.91184175,0.30459684,0.080438875
0.49428925,-0.09836849,0.6220465,0.15908755,-0.28732243
0.662217,-0.24588045,0.7814652,0.2812078,-0.1469343
0.47875568,-0.3136104,0.89600164,0.89893734,-0.031922795
0.35071078,-0.17330584,1.1799577,0.9836481,-0.495801
0.7395682,-0.6731528,0.6025071,0.06957348,0.3384175
-1.378428,-0.27696308,-0.52412564,0.8322458,1.5939741
-0.82251406,0.93391,1.2065996,3.937908,-1.7640338
2.2529907,-1.5306467,2.0256166,-1.9093212,-0.13300058
-0.905501,0.82609475,-0.13108593,2.8658555,-0.3809511
1.6555078,-1.1814374,2.0776613,-0.2850033,-0.58865273
-0.5011157,-0.008322559,-0.07680748,1.5054848,0.4940487
-0.14307263,-0.5240291,0.59323204,0.9480443,-0.0020995215
-0.48981413,-0.016774498,0.14457813,1.0454184,0.037408732
2.450812,1.5218359,-1.0895323,-0.49040437,-2.7356656
1.4236221,-0.6666559,1.270447,-1.6191798,-0.29804713
-0.6889567,0.74333966,-0.09040526,1.317865,0.018229775
1.0284437,-0.73030174,0.8961353,-0.78167474,0.62454444
-0.25709477,0.35429302,-0.19982287,1.1325269,0.79767793
0.6488902,-0.16187844,1.6173576,0.53102267,-0.9973855
0.62808573,-0.50607616,0.88272715,-0.31035143,0.59792066
-0.06871053,0.41855875,0.6247044,1.350902,-0.73264915
1.40913,-0.73565185,1.8208215,-0.48295748,-0.542799
0.39643404,0.051024593,0.58549654,0.18989988,-0.32947275
0.8107209,-0.29108223,1.1313876,-0.14391963,-0.4555564
0.86150604,-0.314216,0.8493935,-0.7149478,-0.33208975
-3.5986304e-06,0.1332933,0.6690164,0.9652827,-0.31012353
1.0483457,-0.6086677,0.6187249,-0.49013096,0.81620264
-0.27371857,0.45442644,0.41686738,1.8813775,-0.1636864
0.6874287,-0.91118515,0.877379,-0.6386084,0.17976826
-0.18085387,0.63007176,0.8208486,1.6088108,-1.5325848
1.5964615,-0.9407085,1.4136218,-1.3597623,-0.13887674
-0.1753464,0.43457094,0.12416842,1.5899477,-0.0907673
1.0917407,-1.003806,0.45584366,-0.11020605,1.8050377
-0.55227506,0.840798,0.2726331,2.080974,-0.9803979
1.3721023,-1.0961813,1.5693916,-1.0767983,0.0017689392
-0.27446458,0.4930717,0.05144795,1.7192513,-0.015734203
1.2202125,-0.7226199,1.3930411,-0.3312326,-0.35824594
-1.2478272,-0.014848076,-0.61503327,-0.09639017,0.82798517
0.1907889,0.09805504,0.5423958,1.6005063,0.11230182
1.0090148,-0.51272327,1.0156394,-0.43590796,-0.15285453
0.48863158,-0.1878613,0.31840602,0.34885526,0.41317663
0.15438452,-0.23380217,0.32870883,1.0117363,0.59017855
0.4245985,-0.0648826,0.9885939,0.97579604,-0.512777
0.9865206,-0.564503,0.71092075,-0.62309504,0.29131752
0.13059977,0.22192064,0.5482281,0.9819644,-0.4854903
0.5446676,-0.898425,0.63305086,1.062283,1.1667469
-0.20359847,0.48287216,0.32852593,1.5799615,-0.6366956
0.0008500591,-0.7685131,1.7930292,-0.045782436,-0.5431793
0.08067832,0.01708094,0.06752702,1.304474,0.5154056
0.81660515,-0.2864736,1.092486,-0.08464746,-0.71711916
0.5237192,-0.31199154,0.89537764,0.78893745,-0.09556831
0.68044174,-0.30181584,0.9800962,0.4239909,-0.36490944
0.20604959,-0.90729654,0.026750078,1.964971,1.5058612
-0.26605567,0.5673725,0.3036497,1.8182776,-0.8673392
1.4190284,-0.96740186,2.1285589,0.24226607,-0.8045346
-0.061231636,-0.31752285,-0.59468585,1.010383,1.919892
-0.3480769,-0.030817352,0.3657967,2.853088,-0.1001809
0.9912633,-0.9631938,0.46951392,0.12948884,1.1763679
-0.6214138,0.58323926,0.055629097,2.490173,-0.69526225
1.5690606,-1.0130614,1.6914767,-0.5468874,-0.33827877
-0.10519626,0.23533884,0.18015185,1.4010966,-0.176099
2.9982455,1.3884073,-1.3046387,0.9626686,-3.6561742
1.4018952,-0.52838975,1.7374914,-0.69870865,-1.0965922
0.023499526,-0.03917869,-0.10919551,-0.2113999,1.1866769
-0.42039123,0.35755697,0.094069146,1.3357033,0.45901045
0.78416365,-0.4519361,0.665833,-0.04021399,0.8601558
0.07995985,0.24806085,0.57281893,1.0613586,-0.24120599
0.8082488,-0.33962664,1.4517521,0.28145564,-0.410796
0.7367193,-0.2642363,0.71709454,-0.20914577,-0.00842423
0.46231464,-0.1800197,0.4021388,0.30878055,0.6777695
-0.27437696,0.19190851,0.5798902,1.8895226,0.5651088
1.152373,-0.51196986,1.3582239,-0.63824254,-0.49403012
0.23089829,-0.10843452,0.092668824,0.76379585,0.96990824
-0.10519626,0.34656826,1.3821267,1.6679295,-1.3238357
1.2139039,-0.97225606,1.2780885,-0.6949852,0.115656905
-1.0735726,-0.0050800666,-0.9916977,0.44346178,1.6959662
-0.47025886,0.47576013,0.78854716,2.8270907,-0.596884
1.4059957,-0.85267246,1.3998417,-1.0299042,-0.3155183
0.139438,0.2541906,0.2357525,0.59254503,-0.16458264
0.56270707,-0.36461768,0.9786246,1.2476192,0.24207503
0.5195022,-0.19083676,0.33709547,0.2997896,0.5082927
0.19849059,-0.27630982,0.11444261,1.4002174,1.2358675
0.38041982,0.05748097,0.6545398,0.7447066,-0.497584
1.0369714,-0.508961,1.1233679,-0.32520586,-0.19367906
0.589954,-0.21731076,0.5859558,0.2512747,0.13360775
0.2678459,-0.05101379,0.7307263,1.1718305,-0.55051434
0.82131904,-0.4374021,0.704495,-0.18449788,0.20384589
0.1578004,0.07631127,0.7172316,1.4117949,-0.5124632
0.76733583,-0.25664267,1.0896764,0.12600143,-0.7045812
0.52600354,-0.2906054,0.72960454,0.5629424,0.10625886
0.63255805,-0.16454634,0.9879178,0.3681668,-0.554152
0.07897351,-0.56009704,0.76235497,0.247925,-0.05572904
0.11429516,-0.38594422,-0.4890632,1.7079924,2.3024988
-0.3429149,0.09643618,-0.3136119,1.9612298,0.6909772
0.83279335,-0.29405054,1.5517588,0.6125273,-1.0872468
0.3057373,-0.6009906,0.2699293,0.058912586,0.33443496
-0.4420506,0.2882487,0.23121744,2.647795,0.13934648
1.1264917,-0.75715244,1.2599748,-0.3116398,-0.31995544
0.022976317,0.14593187,0.122086905,1.2564371,0.19340295
0.7777224,-0.55770093,0.8695456,0.21675862,-0.17627704
-0.068213604,-0.2587479,0.22405389,1.8549042,0.4980814
0.30868128,-0.5861133,0.32391727,0.89564073,0.29029682
0.27737007,-0.03712114,0.60181683,1.0164785,-0.37123156
0.92476183,-0.53567344,0.7841463,-0.031502355,0.27904233
0.32943818,0.030043758,0.50606155,0.56507653,-0.31078643
-0.08272203,-0.7704705,0.8180049,0.41585755,-0.37748885
-1.0303923,0.29103342,-0.24779451,1.0179734,0.2578358
0.48164836,-0.6072419,0.8755342,1.4279573,0.002518259
0.44992283,-0.09352382,0.78303707,0.6760914,-0.6209063
3.014499,1.4113075,-1.1499822,1.0281997,-3.6775336
1.2368801,-0.448181,1.2270455,-1.9227849,-1.015402
-0.11900624,0.14006439,-0.16147795,0.20788373,1.1126446
-0.5183653,0.3108317,0.6991072,0.38580644,-0.5412191
0.13649401,-0.17550883,1.3573275,0.92474574,-0.044228233
0.8084691,-0.30632672,0.7539655,-0.48911208,-0.027165867
-0.12505946,0.066409744,0.6149786,1.3281128,0.106030695
0.052049495,-0.53544694,0.35127252,-0.36057365,0.8852446
-1.1061487,0.72182715,0.28074342,3.0996397,0.8214159
1.5257969,-0.8942956,1.3763386,-1.1413479,-0.0827106
-0.059367858,0.33217016,0.19246086,1.1685221,-0.123857506
1.1611173,-0.6531066,0.9150127,-0.76206225,0.26944464
-0.032319926,0.36244217,0.49229223,1.4436831,-0.6297625
1.2965072,-0.83756864,1.0446198,-0.78368104,0.36708784
-0.06818106,0.44098678,0.5334927,1.2264941,-0.78486645
1.2940739,-0.816831,1.5053692,-0.33533764,-0.33533248
0.38979253,0.059986748,0.6080648,0.09012027,-0.5587992
0.8394787,-0.48808512,0.7300887,0.11834605,0.37529147
0.30012843,0.10784451,0.84566027,0.7076708,-0.75432414
1.0107647,-0.44250426,1.2447639,-0.3851999,-0.51452017
0.52035713,-0.17638144,0.7084299,0.5339062,-0.1092946
0.54651135,-0.3194445,0.47238648,0.5027064,0.35533726
0.37995544,-0.004748665,0.76873314,0.8320747,-0.5022994
0.8846562,-0.4534143,1.4209807,0.2347169,-0.6466528
0.7465414,-0.3301185,0.5986368,-0.20912807,0.19183517
0.34480777,-0.049864613,0.6351137,0.99999744,-0.17760542
0.69533193,-0.27584013,1.1892334,0.40760618,-0.8418649
0.1939632,-0.80976427,0.079948716,0.23121966,1.0375121
-0.4028875,0.42591873,-0.04767818,1.6641235,-0.014396317
1.1911093,-0.60185605,1.3098966,-0.54748535,-0.4058904
0.24998292,-0.086793266,0.13674697,1.117576,0.7893827
-0.43611756,-0.42250094,0.32659164,0.27303314,0.27559304
-0.52444357,0.16655985,-0.008038828,1.1962935,0.39324662
0.8108298,-0.42849,1.1631556,0.44551724,-0.500322
0.46835032,-0.2938002,0.26657656,0.6066343,0.64876294
0.29488882,0.071399845,0.5730358,0.74772584,-0.3720405
1.0282159,-0.45431075,1.4745762,-0.088738725,-0.95925313
-0.2496284,-0.6190699,0.13244805,0.42052513,0.8701597
-0.41806683,0.4605991,0.5041952,2.809209,-0.47624436
1.3671918,-1.1173457,1.0118529,-0.83071285,0.42571282
-0.52480656,0.65290034,0.120995186,2.29716,-0.5835674
1.106303,-1.2664098,1.5310223,-0.11103217,-0.512936
-0.18033817,0.53068227,0.3992702,1.1973537,-0.9898871
0.6146788,-1.4317435,1.2228966,0.5617091,0.23789716
-1.3185211,0.15375677,-1.3757557,2.0767117,2.0622125
-0.27575132,-0.1872271,1.2545683,2.7900116,-1.0694801
0.8177492,-0.7080692,0.6316964,-0.29889983,0.26935735
-0.39769545,-0.2355927,-0.47750163,2.2837002,1.3092802
2.9592934,1.3981539,-1.2296256,0.9990041,-3.689769
0.94552,-0.58971816,1.112953,-0.98431027,0.1693478
-0.26059702,0.3365976,-0.18318889,0.4651789,0.8414237
0.36773887,-0.19883332,0.29491764,0.5405565,1.2623167
0.021543123,0.2686006,0.4414101,1.0571276,-0.03815762
1.0254709,-0.4690331,1.2348427,-0.27054226,-0.2660943
0.37070915,0.012157597,0.38153544,0.41725606,0.20613274
0.6189233,-0.16938385,0.97315127,0.31847173,-0.42280844
0.2344043,-0.21236834,0.82489324,0.26471686,-0.18717632
0.82021755,-0.22461113,1.0863627,-0.40685803,-0.7080953
0.1743178,-0.19296584,0.77004856,0.5611033,0.05489286
0.57894284,-0.20383057,0.55099815,0.2923565,0.20767719
-0.21222767,-0.049826466,0.5713948,0.6132964,0.105145685
-0.26676914,0.15662494,0.976222,-0.26715714,-0.77290416
0.6363319,-0.6050127,0.30147192,0.527075,1.4482318
-0.13882187,0.24222437,-0.2862572,1.5728077,0.9355398
0.6919949,-0.43433127,0.870917,0.42435086,-0.05576966
0.3038247,-0.08528408,0.7144445,0.9170628,-0.16929808
0.8793878,-0.34011778,0.8854321,-0.51792204,-0.29634365
-0.11228462,-0.34538683,-0.15380082,1.4612696,1.2540681
0.07982967,0.3333527,0.9133372,1.2907466,-1.3274362
1.1620536,-0.8622545,0.8853506,-0.46260935,0.74290586
-0.18500325,0.21650854,-0.26391038,1.6145838,0.76631796
0.82722205,-0.26907858,1.1385285,-0.25280035,-0.8868915
0.4372907,-0.18995222,0.60767746,0.9226962,0.25532684
0.4551762,-0.8200139,-0.38652658,-0.60275674,2.161585
-0.9651757,0.7762629,-0.6328541,3.6466787,0.8610192
1.5379959,-0.7503146,2.1398122,-0.38162398,-1.3440751
0.06767068,0.0943524,0.99515325,1.2119249,-0.750371
0.9895059,-0.66458166,1.3585048,0.29343832,-0.21559861
0.18362668,-0.096179806,0.20431349,0.98741484,0.6030354
0.18590227,-0.36770758,0.06896641,0.92677367,1.084466
0.08540849,0.21797481,1.1266952,1.8484408,-1.178854
1.3810556,-0.84658325,1.2982173,-0.7526248,-0.07951454
-0.21020368,-0.076739155,-0.11642418,1.4829396,0.68012285
0.23714426,-0.08197483,1.022671,1.5126524,-1.0809022
0.97137004,-0.62826335,0.8198197,-0.27594352,0.20738593
0.0683854,0.1850492,0.6814257,1.5256913,-0.53776985
1.1780978,-0.6137102,1.9372413,0.35243315,-1.00969
0.86073625,-0.37749705,0.7832856,-0.7427507,-0.2631921
0.26778457,-0.020925365,0.7614331,1.4455969,-0.3520837
0.28172097,-1.0321468,0.6308221,-0.64652735,0.24507922
-0.62697136,0.6168086,-0.40268493,2.712858,0.5608082
1.215963,-0.8997482,1.1400042,-0.11799322,0.21715388
-1.1743118,-0.4756492,-0.801562,1.3656069,1.3760248
-0.23516253,0.52410907,0.27597225,2.253163,-0.55253327
1.2747377,-1.1136645,1.5723763,0.2092901,-0.2725089
-0.33046302,0.40673557,0.464544,1.9718277,-0.73923576
3.0187116,1.3880259,-1.199314,0.88662815,-3.6527076
1.4634448,-0.8045262,1.0078218,-1.9198523,0.17000291
-0.6385045,0.61099356,-0.22794029,0.94354,0.40319693
0.8835409,-0.4663461,1.4453524,0.18609186,-0.13787419
0.0136524215,-0.076181255,-0.08746306,0.291731,1.2793359
0.34497425,-0.058769546,0.20152417,0.510824,0.7472514
-0.12390413,0.032234825,0.7016157,0.7517522,-0.20706311
0.3224174,-0.13195214,0.6754088,0.2812491,-0.13972199
0.5791018,-0.27744946,0.28924388,0.3229426,0.9687026
0.37087438,0.031455196,0.36363307,0.3829288,0.1339984
0.67716354,-0.22803482,1.0423355,0.46039528,-0.22147217
0.56445193,-0.18761334,0.7840178,0.22865869,-0.13528916
0.62876165,-0.23265299,0.780566,0.46601683,0.098522805
0.3763931,-0.030836426,0.65291584,0.83578044,-0.05843074
0.88018763,-0.34360108,1.1505527,-0.08567028,-0.49952513
0.17525408,0.025742687,0.4752024,1.3252332,0.31690156
-0.7410949,-0.5457538,0.3553993,-1.3675082,0.3150503
-3.8279595,0.9863192,-2.7508276,-4.03544,2.5147529
-0.71755797,1.2744457,1.4983177,7.682682,-0.72851276
2.780088,-1.847226,1.792152,-4.0047126,0.3061976
-2.11169,1.784113,-1.1577528,5.2633886,0.019619517
1.9044918,-1.3663906,2.3932602,-0.7843301,-1.4604089
-0.03609129,0.31679693,0.037645184,1.0444683,0.062148385
0.6736588,-0.94238937,0.6691133,1.335725,0.9590263
-0.2845007,0.44970337,0.23787704,1.8295836,-0.61153936
1.3535346,-0.9854549,1.0539701,-0.5448929,0.50408024
-0.3683131,0.29925886,-0.3160592,2.012577,0.48528937
1.0630156,-0.43608126,1.9362612,0.46432722,-1.4829923
0.8418719,-0.5888503,0.61820847,-0.12734215,0.4096409
0.037952878,0.17850462,0.38143578,1.4156895,-0.16844851
0.77524906,-0.7116574,1.5061399,0.59646714,-0.3768778
0.2688022,-0.039147697,0.77091885,1.0685438,-0.38672096
0.88199884,-0.8096069,0.40202442,-0.005859185,0.9896023
-0.21645966,-0.32947955,-0.61918724,2.791351,1.8986508
0.08252958,0.2646238,0.84257877,1.1434965,-1.222668
1.4477248,-0.8380836,1.3547013,-1.0912436,-0.11467812
-0.1637707,0.38929048,0.3753464,1.8520954,-0.3364811
0.63105476,-0.9500998,1.0093863,0.53795224,-0.59669816
-0.01983925,0.19083801,0.22455445,1.3596628,-0.1731
0.78846073,-0.52833253,0.8408132,0.6638864,-0.24462071
0.42977676,-0.11576589,0.7765541,0.8712466,-0.4401076
0.68565005,-0.33271965,0.67063874,0.35064518,-0.0870812
0.5446163,-0.3233975,0.49549207,0.7196279,0.3401901
0.6274937,-0.13214049,1.0863701,0.1960348,-0.915045
0.5355778,-0.21203455,1.3092132,1.4298298,-0.6011664
0.9301504,-0.65258443,1.3030287,0.10947706,-0.23406455
0.21591422,0.034936108,0.37485376,0.9745293,-0.015639998
0.46590576,-1.0408562,0.5434886,1.052879,0.53943396
2.837455,1.4834553,-1.0917106,0.5870828,-3.2100146
1.2990382,-0.7090372,1.1579043,-1.239196,0.1354132
-0.8367603,0.58782166,-0.57869965,1.3985652,1.4767207
0.72406465,-0.48668322,0.49899033,-0.41131514,0.97557956
-0.25259492,0.6164748,0.38812312,1.3607525,-0.85833526
1.3255002,-0.7214421,1.6581566,-0.40196228,-0.38212132
0.04034237,0.05335871,0.024374684,0.7874996,0.72609496
0.56291735,-0.19089875,0.49421972,0.2497759,0.32180455
0.37513265,-0.1248711,-0.18005756,0.53151834,1.5822728
0.2020767,0.23589435,0.55684066,0.92835706,-0.36641672
0.4862859,-0.38457093,1.2478566,0.7407392,0.17501998
0.46726134,-0.11156496,0.7269817,0.44512975,-0.00096733123
0.7001159,-0.20924029,0.71486014,-0.019446898,-0.0068417564
0.31527898,-0.03596481,0.14197227,0.43653613,0.58824694
0.24781874,0.07441107,1.195542,1.6340842,-0.44483775
1.2533787,-0.6941384,1.0044917,-1.0959427,0.16598406
-0.37119326,0.3695399,-0.1381419,1.5716374,0.48122904
0.8296003,-0.40526804,1.2170445,-0.06192522,-0.43612766
0.583842,-0.3457063,0.092119,0.24785419,1.1886232
-0.24818268,0.30114236,0.49886972,2.1679902,-0.19209659
1.1641089,-0.69542825,1.2539251,-0.3081681,0.015921317
0.1829445,0.060501732,0.29259434,0.8979775,0.09316521
0.74708086,-0.3292435,1.02968,0.30953586,-0.10739667
0.34043685,-0.17283377,0.69251895,0.97788495,0.08979025
0.67053205,-0.31168637,0.92668015,0.44077492,-0.14014462
0.69452834,-0.33406433,0.46231243,0.045928728,0.5054052
0.2912514,0.05345408,0.4655049,0.78565264,-0.07120893
1.091359,-0.6160372,0.80963635,-0.6748613,0.33865863
-0.3012897,0.18301311,0.023395648,2.09789,0.4592369
0.9742302,-0.4007357,1.7955048,0.46324342,-1.0568229
0.16142657,-0.84113777,-0.014581779,-0.00060741976,0.93885255
-0.5011795,0.7033068,0.13328043,2.1913714,-0.6657034
1.1132749,-0.99532306,1.3594425,0.33036786,0.34470505
-0.30837306,0.3683907,0.16006038,1.6067593,-0.07025651
1.209508,-0.800907,0.7550436,-0.7358211,0.69491136
-0.100164436,0.3391606,0.2829512,1.5448278,-0.23708603
1.2729089,-0.7962817,0.91350704,-0.8482817,0.44894
-0.912451,0.23881021,-0.11199672,2.1693258,0.6386657
0.5978222,-0.47619042,0.3173358,0.56761783,0.8029629
0.13318703,0.21390978,0.6280498,0.98906904,-0.74443257
0.9705477,-0.8651084,0.78237116,-0.11121903,0.4131775
-0.24386057,0.36249223,-0.07960472,1.4213444,0.12704623
0.87256855,-0.7927674,1.0313493,0.44561952,-0.010800965
0.20208171,0.093055405,0.29938135,0.77314675,-0.17657003
0.49349317,-0.37297186,0.75013375,1.0460812,0.007576816
0.35519937,-0.5255621,-0.09320138,1.1643265,1.5588633
0.2762936,-0.033978783,0.34123132,0.8539295,0.016838305
0.72686845,-0.50463134,0.6175675,0.24399109,0.29093897
3.6085281,1.5351921,-1.0980724,1.283701,-3.3039732
1.2183838,-0.702886,1.3859687,-0.75799066,0.076609306
-0.18161115,0.43084684,0.53579676,0.5436584,-0.6370223
0.90455943,-0.44773516,0.99432766,-0.4087168,0.17486787
-0.71318704,0.061247982,-0.60641617,0.17658557,1.5807059
0.20773938,0.24813,0.53875875,0.7073089,-0.40545222
0.84403485,-0.44464287,1.22266,-0.05946063,-0.11018307
0.6191674,-0.18524107,0.47444704,0.031105768,0.3221131
0.6354908,-0.17089304,0.7576574,0.27662677,0.034689747
0.5345952,-0.1953071,0.57359296,0.351192,0.19148082
0.6379754,-0.230481,0.37140307,0.021546375,0.56116253
-0.2503669,0.11220042,0.5214674,1.456071,0.40361178
0.54332954,-0.30534682,0.69945943,0.2629053,0.032229178
0.35494402,-0.06776746,0.5577891,0.5703952,-0.16893682
0.66101915,-0.41788992,0.65765476,0.09143616,0.44446483
0.25751314,0.0565416,0.1416733,0.85535556,0.6134377
0.7408662,-0.4036635,0.5470214,0.05119426,0.48571545
-0.14543334,0.14973941,0.54866576,1.4700619,-0.08159224
0.80507827,-0.31747994,1.3799926,0.2028208,-0.6492508
0.90294975,-0.3903645,0.7590017,-0.60961354,0.01627221
0.42986938,-0.047604404,0.41494045,0.4701081,0.2098802
0.37815675,-0.46557125,0.14744616,0.43821985,1.0731605
-0.625612,0.356167,0.08750524,1.5911771,0.22422963
1.1656473,-0.6202834,0.97515464,-0.73972553,0.107146464
-1.5638269,-0.030259453,-0.66342676,-0.12981658,1.2995597
0.09025506,0.32587114,0.549839,1.4905517,-0.40707445
0.57629424,-1.1209124,0.63390476,-0.5157033,0.5619222
-0.8864539,0.81427634,-0.43790248,2.1573038,-0.0005740896
1.2848551,-0.9655231,1.3765204,-0.12416355,0.041320406
-0.16348532,0.35656515,0.42150775,1.4594443,-0.6079267
1.3182642,-0.7957667,1.2106562,-0.6525482,0.0071299896
0.08036289,0.08067433,-0.07143382,1.2409768,0.7427036
0.4933392,-0.31554875,0.9836681,0.94658875,-0.6417032
0.49504277,-0.5458086,0.4000873,0.82991105,0.8087708
0.2248238,0.11452023,0.2971209,0.75714755,-0.07001019
0.11183558,-0.79461515,0.594031,0.30840683,0.2958748
-0.4433311,0.4285771,0.2480785,2.6389673,-0.16647625
1.2272032,-1.0282296,0.7927238,-0.5961537,0.6751602
-0.43536028,0.59426135,-0.12542406,2.1347742,-0.18258274
0.49772266,-1.1843389,1.2449774,-0.50460577,-0.26995584
-0.4839224,0.6168801,-0.116872646,2.1367235,-0.15949729
0.9629824,-0.6894845,1.0766958,0.42666203,-0.4958788
0.30631307,-0.5524033,-0.24216095,1.3937953,1.8125681
-0.08183207,0.25273147,0.3291369,1.8504845,-0.54651016
1.0856638,-0.8553928,0.944159,0.14715011,0.503133
0.10268191,0.2610356,0.6155811,0.8276156,-0.8307573
1.1110507,-0.751974,0.9016516,-0.17499356,0.32706276
-0.23036352,0.28975073,0.4861802,2.3727875,-0.4710743
3.066885,1.3830096,-1.3198798,1.2183332,-3.6360245
1.5827855,-0.64882696,1.7866651,-0.44861645,-0.52458197
-0.49701515,0.39664093,-0.03884817,0.55127835,0.3252331
0.53509086,-0.35708842,0.23561943,0.30092257,1.6384597
-0.06849273,0.34026924,0.56800073,1.3850423,-0.08527661
1.2233392,-0.6992167,0.8947666,-0.8430791,0.5795282
-0.07391258,0.254069,-0.3702114,1.208947,1.2346593
0.8475496,-0.22013363,1.4341023,0.00901885,-1.1155187
0.44769105,-0.28570113,0.7103058,0.47709668,0.48429373
-0.75392604,-0.24464545,-0.48399022,-0.5450404,1.4285663
-1.0208586,0.39983574,-0.23871818,1.6220858,0.5512438
0.68272233,-0.22277054,1.6065972,0.757834,-0.7753293
0.9538801,-0.53098613,0.5324304,-0.5732367,0.6612205
-0.11003908,0.374921,0.25594363,1.5025363,-0.21299025
1.2428156,-0.61757976,1.3416742,-0.68834084,-0.44132796
0.36607912,0.07825676,0.57797116,0.26909333,-0.4150819
0.75946766,-0.4314321,0.7786226,0.16871579,0.26127473
-0.030318461,-0.054845177,0.18770668,1.3565097,0.6140081
0.0752785,-0.56040937,0.26412755,0.4214909,0.42525822
-0.20757511,0.5413801,0.88613427,2.2599945,-0.95709336
1.3122311,-0.99235237,2.0439365,-0.23003678,-0.41108897
-0.2581024,0.25980058,0.2041238,1.822062,0.25878564
1.1898338,-0.57462865,1.2360443,-0.7887558,-0.4142686
0.087826766,0.058167614,0.27027187,1.4790647,0.37781945
0.8351966,-0.41685757,0.81693697,0.07966001,0.20461076
0.18133858,0.055502094,0.37183908,1.0653731,0.091120355
0.88434327,-0.55901223,0.76715785,0.05359001,0.3566354
-0.068929575,-0.30218777,-0.26440868,1.3661792,1.2783325
0.15822223,0.07968251,0.42117932,1.1135733,-0.17111045
0.46815255,-0.75283945,0.113703094,0.4632572,1.6009436
-0.7251608,0.75376093,0.48155057,2.8405054,-1.2998562
1.3398861,-1.209299,2.436334,-0.7544718,-1.2826922
-0.2328256,0.20086828,-0.44744426,1.534633,1.1399416
0.58380693,-0.2114385,0.99859035,0.7999563,-0.4757647
0.6660172,-0.4663652,0.56687903,0.27906775,0.37495267
0.3382589,-0.23954806,0.049734496,0.8154441,0.8737602
0.44147512,-0.0062101707,1.0515523,0.9217304,-0.99819183
1.3113736,-0.71285427,1.12192,-1.4456257,-0.2121355
-0.0249274,0.3538734,0.51585364,1.4291788,-0.6675629
1.0124857,-1.2118453,0.66825086,-0.053457487,1.0052576
-0.5713935,0.79100907,-0.022218147,2.0097053,-0.5675145
1.243071,-1.2804383,1.2849689,0.52468514,0.5196232
-0.60446334,0.22650304,-0.5144202,2.3078897,0.51291823
0.5001635,-0.674538,1.515052,1.1702038,-0.34732246
0.42927483,-0.31753954,0.50337815,0.7557687,0.1583595
-0.25150844,-0.7138938,-0.0049516656,0.83361286,0.31401405
-0.02537676,0.5060894,0.9328137,1.3064547,-1.7372667
1.7388709,-1.0884517,1.5077128,-1.3716564,-0.013301291
2.983869,1.3702351,-1.228565,1.1823105,-3.8444953
1.5287609,-0.70890844,1.4891169,-1.6045575,-0.53185654
-0.4796441,0.4191691,-0.19360098,0.6284321,0.5891769
0.7227053,-0.29355225,1.231871,0.26364487,-0.25098345
0.53885347,-0.14663872,0.8529744,0.11545463,-0.23093072
0.7547963,-0.2562898,0.75982386,-0.43540835,-0.1489757
0.086999394,0.048318543,-0.4504697,0.72305435,1.7789991
0.34070346,-0.17610726,0.10014155,0.4431215,1.0156341
-0.0908105,0.16443554,-0.17443079,0.90340036,1.1232612
0.6472605,-0.09864267,1.4898694,0.6962448,-1.0380518
1.0054187,-0.5487841,1.239449,-0.4511853,-0.14898434
0.52954835,-0.017990433,0.8056291,0.051381122,-0.58802956
0.98109823,-0.42374548,0.8660739,-0.84196776,-0.13413277
0.13169375,0.1099259,0.6078745,1.2143186,0.010888688
0.7451307,-0.3616279,1.5419236,0.2802086,-0.66391224
0.696108,-0.20893273,0.8277018,-0.042534996,-0.2187022
0.61818105,-0.16508755,0.9548689,0.46599323,-0.24058631
0.73372525,-0.4100698,0.4904355,-0.028575528,0.58940244
0.1611124,0.24139467,0.6100212,0.90766865,-0.7168728
1.0304701,-0.728423,0.9702204,-0.3889135,0.3613422
-0.49169168,0.59766835,0.38269114,2.519471,-0.15816545
0.9801332,-0.681805,1.0701517,-0.8134135,-0.1880354
0.095797576,0.245989,0.4312126,1.1241673,-0.22813395
1.1253088,-0.7097715,1.1283474,-0.25605565,0.17572868
0.34440598,0.07707182,0.53305894,0.28394777,-0.45023596
0.83359194,-0.47883448,0.84600794,0.008112084,0.032425366
0.19928291,0.009427704,0.2931368,1.0833963,0.31434074
0.4869881,-0.21185097,0.55881345,0.11798413,0.040106975
-0.048359178,-0.20987925,-0.03929154,0.55551517,0.9175397
-0.08977785,0.1995379,1.0655046,1.7928271,-0.7851102
1.3870087,-0.84453523,1.089703,-1.0893456,0.25494742
0.14709714,0.13191524,0.15909436,0.9522752,0.17771995
0.65544033,-0.76724946,0.40761212,0.69925225,1.2231144
-0.4319031,0.16230646,-0.4486747,2.1529331,1.1557853
0.69496894,-0.84769905,-0.23771197,-0.8448769,1.7487221
-1.3259699,0.9075123,-0.3584035,4.015949,0.11346988
1.7723701,-0.9840697,2.0511646,-1.1314206,-0.8818839
0.07351736,0.1102883,0.22892925,1.1183766,-0.03720347
0.8484033,-0.5086606,1.0363837,0.21695139,-0.2683388
0.47562143,-0.09840425,0.67569697,0.34445125,-0.27238962
0.6670861,-0.384528,0.85905814,0.4171282,0.13083431
0.5509436,-0.1315516,0.9002881,0.421723,-0.5954476
0.6575369,-0.45105395,0.93008614,0.81035167,0.07783916
0.5106252,-0.13101754,0.78234625,0.34708697,-0.44125277
0.7984956,-0.53616697,0.59223485,0.056298506,0.44997713
0.15555862,0.07499758,0.66283476,1.4027666,-0.41385636
0.96110237,-0.6974286,0.8503035,-0.1482312,0.35871136
-0.12939033,0.24345699,0.615952,1.9245639,-0.45742148
2.887446,1.4530069,-1.114686,0.8296829,-3.4579003
1.096491,-0.6763953,1.0305599,-1.431446,0.13569409
-0.6802768,0.755499,0.0786254,1.4749656,-0.18540803
1.1644306,-0.7058257,1.8060635,-0.29599464,-0.4461091
0.42110375,-0.087150894,0.2663931,-0.09292047,0.44749236
0.5372388,-0.037168823,1.0919272,0.5756017,-0.6322723
0.9619585,-0.57072335,0.43185982,-0.52704674,1.1101693
-0.08370837,0.341211,-0.18805292,1.3799696,0.8096247
1.0106633,-0.41791376,1.2224635,-0.39389777,-0.3619476
0.5732113,-0.11598285,0.60092103,0.052205276,-0.0020416155
0.6763274,-0.11973318,1.0687882,-0.04087292,-0.7459252
1.0256786,-0.4641002,0.8533425,-0.889749,-0.00854782
0.40220436,-0.13314185,0.046408378,0.4930585,0.99645334
0.036256827,0.32790723,0.4673401,1.2950306,-0.5197222
1.2377901,-0.65229833,1.5927905,-0.27723187,-0.33326516
-0.21074942,0.005565323,-0.0872779,0.93557775,1.0174369
0.47951046,-0.10908779,0.5777945,0.77418727,0.2845218
0.5554998,-0.3998774,0.35344124,0.29233682,0.7782241
0.21926627,0.17822328,0.6157476,0.6590084,-0.59131986
0.6423413,-0.61004573,0.17947009,-0.3986047,1.4849986
-0.33423564,0.32369915,-0.47366193,2.208891,1.4023288
1.0107609,-0.49323973,1.1357403,-0.14629374,-0.14610115
0.3167685,0.097623505,1.2194046,0.99096715,-1.0438935
1.1868547,-0.61660224,1.4199734,-0.40006614,-0.37613627
0.16001716,-0.17535147,-0.09639726,0.963121,1.1258221
0.08325306,0.099845566,0.2711671,1.1012267,0.16595122
0.2854022,-0.5366939,0.6912115,0.03336973,0.051308744
0.02791176,0.17597261,0.3876656,1.5135355,0.037897043
1.2278666,-0.5442398,1.7267774,-0.368469,-0.999477
0.09963403,-0.21123585,0.042091332,1.0696591,0.67642033
0.22152433,-0.34111676,-0.11868576,1.2807171,1.462055
0.45232233,-0.097984634,0.41985998,0.3455783,0.09541749
0.36602655,-0.31253275,0.83952045,0.9814156,-0.22451785
0.55457354,-0.25510725,0.8731503,0.5070593,-0.24510124
0.8594633,-0.39097485,0.63798624,-0.5503276,0.17939404
0.14635363,-0.06113466,0.1608248,1.4286556,0.68246245
0.6352905,-0.26182112,0.7207174,0.350299,-0.17907727
0.5668915,-0.22862133,0.7695174,0.2875178,-0.31323144
0.30093452,-0.20533499,0.29804614,0.6828144,0.5950565
0.42194238,-0.016242824,0.9309242,0.76551104,-0.7120122
0.79318464,-0.3340691,1.0532986,0.13949473,-0.49490562
0.51656824,-0.50603324,0.17986307,0.7662506,1.2533542
0.23297235,0.11516873,0.38475737,0.65662444,-0.19473779
0.7998299,-0.5170315,1.2916585,0.63288724,-0.4777136
0.30341038,-0.42219815,0.333386,0.88993853,0.65760523
-0.39572653,-0.48568186,-0.15119383,1.90349,1.0005232
-0.2220535,-0.017418228,0.13607767,2.2006161,0.383171
0.97750586,-0.54568464,0.803081,-0.5072395,0.06452685
3.087827,1.3987833,-1.1897937,0.9781387,-3.6963677
1.2435942,-0.55890495,2.019408,-0.122076616,-1.163164
-0.08381852,0.14387432,0.15356839,-0.03858142,0.33644006
0.6436318,-0.27094302,0.54606503,-0.12154947,0.57500374
0.19913271,0.24885479,1.0375259,1.1614372,-0.8445752
1.1857657,-0.7532805,0.6974402,-0.78424555,1.0497665
-0.5803719,0.49828354,-0.51623446,1.9707676,1.232133
0.92245245,-0.36240515,0.96025336,-0.21362256,-0.03574372
0.49174204,-0.04980024,0.5339921,0.0864106,-0.052056767
0.5408149,-0.16781744,0.6292174,0.37316287,0.2873635
0.29778776,-0.09352621,0.31675088,0.69181126,0.48964527
0.6353506,-0.1018494,1.0714371,0.23449661,-0.682927
0.45003548,-0.43824133,0.33740747,0.11715408,0.78703445
0.17572597,0.2591354,0.6078847,0.72318417,-0.61745703
-0.69111085,-0.7308048,0.2802038,-2.5889447,0.14791569
-0.9147711,1.0175973,-0.23106822,3.330143,0.012328558
1.6590089,-0.9624618,1.6728098,-1.2056043,-0.47902903
-0.064726375,0.33785406,0.26743045,1.2618226,-0.14898434
1.0310948,-0.6723708,0.86330384,-0.32755244,0.2857741
-0.086639844,0.10384623,-0.25131598,1.4387598,1.036857
0.3532242,0.15708509,0.74360156,0.57263553,-0.884755
1.1864805,-0.7330841,1.0835276,-0.4149953,0.31063476
0.061544873,0.35503212,0.93013257,0.9950132,-1.3821409
1.4220812,-0.81448257,1.339305,-0.95484924,-0.03368417
-0.050429486,0.28229538,0.37616688,1.517497,-0.16514528
1.018594,-0.4752272,1.1140447,-0.18203132,-0.34632164
0.5072769,-0.17672476,0.50772405,0.40754128,0.1437603
0.56839854,-0.17493662,0.6369817,0.3688513,0.06913944
0.615376,-0.19301829,0.99303716,0.49687243,-0.4124381
0.81007504,-0.37325796,0.70725715,-0.14767061,0.17329922
0.3579193,-0.12922463,0.29300544,0.82063884,0.49534598
0.25303957,-0.16647515,0.9592964,1.078469,-0.33341295
0.5091757,-0.29234824,1.5102485,0.8178025,-0.7960181
0.0011254326,-0.31350073,0.978094,0.8207588,0.42466274
0.43037882,-0.12606797,0.612165,0.8764413,0.060882233
-0.06821611,-0.3603762,0.320107,0.2647267,-0.06792385
0.36426416,-0.021910034,0.8384882,1.201858,-0.33897018
0.9166596,-0.61401063,0.69079477,-0.19483028,0.30687606
0.17831448,-0.05357202,-0.0036317506,1.1759984,0.7821012
0.3439341,-0.35529074,0.84880346,1.5209844,-0.004564412
0.09480248,-0.51834995,0.33602753,0.5121694,0.32988372
-0.23386952,0.017874874,0.053444527,1.9804332,0.13403556
0.42606172,-0.41669783,0.79566485,0.32204568,-0.47258592
0.6236034,-0.38530287,0.48759806,0.36973053,0.33962834
0.44753334,-0.057703815,0.5343398,0.54411274,-0.21996143
0.46241602,-0.42301354,0.98957855,1.491781,-0.009008475
0.50496,-0.51094943,0.33398566,0.7678655,0.69984114
0.117261685,-0.20223317,-0.022804776,1.5152231,0.8285271
2.9501722,1.3037616,-0.6760166,1.6817986,-4.037089
1.4299783,-0.7228464,1.0540771,-1.5862982,0.093613766
-0.79626095,0.7647115,0.11642333,1.6077428,-0.07263411
1.356625,-0.74089706,1.4695865,-0.90099996,-0.1296187
-0.4029288,0.2971107,-0.31433612,0.97949785,0.96790403
0.48087355,-0.04630264,0.85121626,0.57262766,-0.24738896
0.9111108,-0.44888672,0.832037,-0.39548117,0.3392783
0.19796363,0.15841547,0.2815118,0.8556919,0.26352355
0.61988336,-0.3219622,0.65170354,0.12389876,0.4552751
0.08592544,0.22953811,0.32978356,1.1210575,0.0888819
1.0312225,-0.47276434,1.2175841,-0.20762335,-0.29755536
0.09079579,0.028637089,0.33218783,1.1449738,0.5876748
0.6748992,-0.23219523,0.94143194,0.17207731,-0.38818416
0.6154899,-0.20224985,0.7940641,0.33148706,-0.025066562
0.51978636,-0.34927067,0.08381107,0.38750786,1.296292
0.21348467,0.08485619,0.36377066,1.0404145,0.21559301
0.1330168,-0.2256101,1.0934198,0.38636506,-0.717311
0.72905266,-0.25709328,0.6954119,-0.059391785,0.07841649
0.47921255,-0.24996218,0.2509856,0.53452384,0.76417804
0.53528863,-0.1704782,0.46633843,0.35775375,0.2867101
0.4368601,-0.14607129,0.88211673,0.90340036,-0.18142289
-0.050798737,-0.3324097,-0.045997,-0.48159242,0.8678772
-0.030667685,0.3525621,0.6326732,1.8918535,-0.30941743
1.2265499,-0.72035015,1.8199353,-0.1235833,-0.6374769
0.40028676,-0.014170967,0.5850707,0.32339305,-0.16241851
0.55613816,-0.33784804,0.42148057,0.49824733,0.7382941
-0.15956625,0.16562524,0.8484983,1.3132406,-0.54360795
0.8935733,-0.7656187,1.0729302,-0.09410851,0.05471223
-0.9149169,0.11223618,-0.089805044,1.5821271,0.8185915
0.7643418,-0.45565543,0.6224417,0.14536412,0.33540034
0.41153452,-0.040699802,0.4000471,0.44727176,0.08477404
0.83449817,-0.33909974,1.2508023,0.1937551,-0.5380689
0.68429196,-0.2606934,0.94237983,0.26783842,-0.2999727
0.22986189,-0.22505221,0.560015,0.83630955,-0.18775278
0.5385305,-0.62478477,0.49090436,0.6447362,0.432232
-0.8995648,0.13931337,-0.12170214,0.58249587,0.31826624
0.8653287,-0.4483455,0.8747465,0.3203541,0.1198365
0.4529319,-0.07669862,0.6194044,0.35591072,-0.35109067
0.9086625,-0.3749126,1.039301,-0.41136628,-0.49534467
0.30373332,-0.4215258,0.45690084,1.1469584,0.15040824
0.28979316,-0.07926401,0.5670166,0.996333,-0.38743916
0.57588995,-0.32508788,1.2430114,1.2621392,-0.43852255
0.91514754,-0.41657624,1.1136489,-0.20581375,-0.48901823
0.6305353,-0.21058258,0.77727664,0.14179607,-0.31051937
0.22126898,-0.67727983,0.2990569,1.0727177,0.6867483
0.038186945,0.29021087,0.5665704,1.0576705,-0.90903574
1.2163861,-0.7650298,1.3665856,-0.17339443,-0.15939099
0.38115957,0.061853565,0.75072205,0.24746473,-0.83447975
3.0450666,1.4197236,-1.2187288,0.8992265,-3.3675575
1.3622376,-0.65434873,1.4732207,-1.2396523,-0.48661125
0.0039480105,0.18179002,0.39489427,-0.5787717,-0.42120004
0.769485,-0.311529,0.8894751,-0.37506026,-0.06560329
0.45027706,0.017903484,0.9839014,0.349823,-0.5819564
0.94739753,-0.43088374,0.9510864,-0.4840688,0.011731349
0.41979447,-0.03398355,0.33410004,0.28932738,0.4250171
0.1826103,0.06285731,0.99902296,1.2530007,-0.253858
0.79489696,-0.4146832,0.59924495,-0.30795765,0.39695087
-0.15729943,0.17708364,-0.15286765,1.2964586,1.0074044
0.69480497,-0.24581131,0.60677207,0.13109781,0.35449547
0.37064782,0.17174068,0.9402451,0.5883141,-1.0757011
1.1861012,-0.5966204,1.4043846,-0.37365586,-0.33650097
0.3279086,-0.009087883,0.25931618,0.65959257,0.5056169
0.6423163,-0.15776572,0.86440235,0.10881813,-0.32670796
0.6245184,-0.26282486,0.9106894,0.4533949,-0.020464338
0.75394267,-0.281195,0.6433429,-0.30855364,0.10951369
0.48854396,-0.030164085,0.6558354,0.2971421,-0.22806308
0.5541004,-0.45555052,0.35674074,0.15236647,0.81960094
0.23862877,0.19326273,0.44730923,0.4349134,-0.38515922
1.0391694,-0.57078534,0.6990387,-0.6465313,0.5076877
-0.32073608,0.30031028,-0.09239448,1.1365964,0.53548425
0.6154248,-0.24468598,0.5286615,0.36214596,0.29515487
-0.48658726,-0.41883406,-0.74515224,-1.3198764,2.070028
-0.6730301,0.942474,0.5760731,3.489183,-0.754
1.7661041,-1.0414499,1.6473612,-1.5102067,-0.31148043
-1.2066,0.47554317,-0.87032956,1.3186282,1.2457055
0.7853515,-0.32825407,0.70246845,0.19773425,0.25693092
0.45165142,-0.103937946,0.4405562,0.52388656,0.04080444
-0.8039101,-0.70863426,-0.28674984,-1.7735994,1.1646821
-0.60468364,0.89220583,0.060046934,2.5288434,-0.53661174
1.3635557,-0.8685416,2.4621716,0.26102686,-1.3556969
0.56660986,-0.26322302,0.5737934,0.094203666,-0.088505514
0.10002831,-0.04699882,1.0468717,1.8692807,-0.405441
0.7368695,-0.90699136,0.58236635,0.106650546,0.4331317
-0.12513706,0.48737112,0.42512605,1.0384868,-0.9551271
1.339448,-0.7746142,1.4358515,-0.42747366,-0.27879903
0.23527548,0.06466929,0.51868373,0.9145589,-0.27850085
0.53794724,-0.32049355,0.6612844,0.85407114,-0.27473783
0.09502027,-0.2033132,0.90133846,0.693554,-0.47416925
0.06251369,-0.4167479,0.32425475,0.8345137,0.7087474
0.078351416,0.11732403,1.1637541,2.0034387,-0.85405713
0.7847845,-1.3750046,0.11156099,-0.87168056,1.8733675
-1.3371658,1.470831,-0.020867089,3.752322,-1.4793204
2.39358,-1.6003102,1.9588809,-2.235566,0.15094236
-0.8125205,0.6798488,-0.7711338,2.944274,0.86634356
1.0873798,-0.48731503,1.736125,0.5010168,-1.3353745
0.49567738,-1.1326903,-0.21841776,0.51973826,2.352043
3.2193336,1.2622195,-1.4918759,2.4087846,-2.075706
1.3628434,-0.6204241,1.2340108,-1.1905532,-0.24873722
-0.51904374,0.45026842,-0.31288937,0.7106311,0.8841608
-0.7456761,0.013969578,0.2536979,-1.226399,-0.4273856
0.30633685,0.06453339,0.51861805,1.176984,0.4411063
0.760096,-0.30796465,0.7508557,-0.13750736,0.13834825
0.18759581,0.12997928,0.30338186,0.53284603,0.10269462
0.5974354,-0.225386,1.0630499,0.37889653,-0.2226614
0.7834802,-0.25981602,0.78750414,-0.43529034,-0.19740665
0.48243192,-0.07481035,0.34689942,0.25869602,0.28946885
0.51575464,-0.03206905,1.0151988,0.5805899,-0.54635376
0.9642416,-0.43657956,1.0177583,-0.3048833,-0.13127291
-0.10333248,-0.12448724,-0.35906714,0.73179156,1.6302215
-0.17596099,0.27821365,0.61479515,1.843008,-0.23617509
1.2599814,-0.60431415,1.4856538,-0.6685218,-0.5596289
0.15608934,-0.08115228,0.23454356,0.9567028,0.28727362
0.54921377,-0.3800815,0.2865882,0.46743894,0.9005482
-0.11672815,0.2247316,0.31568465,1.6792297,0.11400183
0.10944233,-0.76239765,0.9740759,-0.66934204,-0.32129678
-0.12137195,0.33567014,-0.04230056,1.5779946,0.505852
1.0607412,-0.40522274,1.4021196,-0.1276667,-0.8735982
-1.2072421,-0.8804029,-0.8928502,-1.630299,2.0213482
-1.3735745,1.0896021,-0.9824374,4.509583,1.1275157
1.6118524,-0.87417305,2.0472903,-0.5525778,-0.90497285
-0.087554835,-0.15862879,0.036376227,0.9969467,0.7917456
0.5035168,-0.18816409,0.6259768,0.46252942,-0.12986761
0.62570375,-0.2607697,1.0724257,0.7685539,-0.30929556
0.633463,-0.4451793,0.429968,0.44208688,0.8788309
0.11783371,0.21518293,0.32969692,1.0314137,-0.16874668
0.9319228,-0.69833696,1.1661018,0.2679053,0.16770396
0.3037571,0.10478083,0.583996,0.43060774,-0.5006435
-0.42147645,-1.1632127,-0.12370155,-1.5486056,1.1297216
-0.66803205,0.8638555,-0.15076914,2.7109754,-0.19092077
1.7103822,-0.9921092,1.6099273,-1.4222897,-0.36547035
-0.596276,0.14376226,-0.6234318,2.071348,0.95532376
0.5079428,-0.09947952,1.0570482,0.86019033,-0.8134435
0.73882717,-0.41289744,0.79823333,0.2708577,-0.045869477
0.7334161,-0.36740002,0.71934307,0.21718152,0.112058096
0.6107685,-0.2942079,0.51004285,0.3841306,0.1748912
0.33284155,-0.16788897,0.4872147,0.88060534,0.23410043
0.49754992,-0.58815175,0.17454433,0.8053497,1.0357015
0.032635666,0.27583423,0.42331973,1.2872081,-0.5317027
1.1471133,-0.8673781,1.3453498,-0.0016263016,-0.32729134
0.19220456,0.19004169,0.5705828,0.5412272,-0.7096873
0.92591965,-0.7831615,0.6673477,0.46166593,0.9434409
-0.36949345,0.22526327,0.23119536,2.4713356,-0.16834134
1.0837262,-0.71225584,1.4676641,0.10260256,-0.53701013
0.27250096,-0.11020359,0.42668208,0.96222407,0.23239437
2.8585124,1.4048249,-1.2087917,0.59301317,-3.516417
1.1536021,-0.5383151,1.6208683,0.0942253,-0.22560337
-0.02547314,0.13676706,-0.059812225,0.08168991,0.7604617
0.11749951,-0.022298656,0.41798174,0.6052771,0.5562224
-0.07037278,0.10049883,0.56549627,1.121327,0.34504384
-0.4971328,-0.39452252,-0.02795873,-2.4680262,0.873978
-0.63994896,0.57806796,-0.6254516,2.6701317,1.5640662
1.1527348,-0.54182464,1.1278536,-0.62299275,-0.1572718
0.32244745,0.05672995,0.45950952,0.5781745,-0.10526971
0.41960672,-0.20360169,1.381672,0.710755,-0.868391
1.014158,-0.41632113,1.17819,-0.57847273,-0.4784154
-0.016533516,-0.0049370155,0.7420449,0.9115573,-0.19323137
0.43602648,-0.24397787,1.2848556,0.7079108,-0.69015574
0.17874256,-0.05982574,0.93232733,0.16808636,-0.56602794
0.85398334,-0.4071754,0.5353103,-0.3963427,0.44434643
0.25232986,0.17139259,0.8634505,0.9554656,-0.88732535
1.0941415,-0.6944388,1.400926,-0.054543246,-0.1026916
0.3752065,0.005260147,0.51480776,0.4112234,-0.19154432
0.5667701,-0.5134719,0.646066,0.7830425,0.6211833
0.29724702,-0.006961189,0.2874823,0.685993,0.24156511
0.834363,-0.43977436,0.65551263,-0.17286335,0.2668769
0.021033682,0.10923687,0.1367481,1.4739624,0.45792493
0.50577986,-0.40278134,1.465757,0.854378,-0.6400809
0.22836486,-0.35845932,0.34499514,0.23042108,0.49312308
0.3179163,0.056181587,0.54212904,0.6224663,-0.31181145
1.0174199,-0.5557578,0.8190649,-0.5248752,0.19003576
-0.12761793,0.031562485,0.30794805,1.9734721,0.19938108
0.8337071,-0.4940146,0.6149299,-0.13804828,0.40556762
-0.22617784,-0.04063066,0.31263033,1.8561139,0.17648405
0.8630156,-0.41487154,1.2117943,0.1866249,-0.59701884
0.5074221,-0.27006087,0.6778034,0.74652797,0.09215575
0.6053937,-0.18352446,0.8452288,0.24531879,-0.43854156
0.55829483,-0.39659438,0.60934335,0.3314615,0.18470237
0.40231076,-0.32165942,0.15197101,0.77803266,0.80650467
-0.5967829,-0.065228306,0.5984245,1.3403295,-0.7449693
0.7193983,-0.6947702,0.3523501,0.8038076,1.370631
-0.0047976,0.42030635,0.7577231,1.1673753,-1.3415947
0.88350964,-1.3195413,0.9407089,0.17735465,0.8161439
-0.9999021,0.8114821,-0.20641452,3.405131,-0.26706704
1.7981701,-0.99582136,1.9903097,-1.1763439,-0.7796662
-0.028239392,0.27397695,0.4008036,1.4301131,-0.5010151
1.1848795,-0.8679646,0.8655541,-0.5088544,0.47218794
-0.37306455,-0.19164738,-0.5190532,2.2307734,1.620915
0.131874,-0.28207716,0.36694673,1.6237499,-0.1243994
-0.12596443,-0.6160944,0.6080846,1.5326642,0.4433171
0.26251242,-0.031895004,0.67151755,0.88760966,-0.5095861
0.55367357,-0.38521704,0.69406253,0.8098678,0.0034447536
0.6043673,-0.12687382,0.9036023,-0.050961424,-0.7698057
3.0590143,1.39314,-1.0850799,1.1421,-3.9809968
1.0925757,-0.5243104,1.7058966,-0.26211977,-0.9063038
0.28858653,-0.0736421,0.28219357,-0.47505623,0.5319373
0.29602537,0.109351315,0.7121178,0.42531466,-0.4319325
0.948106,-0.38665947,1.0160006,-0.7794285,-0.36894816
0.24425516,0.12071196,0.88323396,0.7212762,-0.5190887
0.9451808,-0.49378332,0.6530444,-0.44246578,0.6622308
0.050189473,0.17726246,-0.182677,1.1315395,1.1815587
0.4665191,-0.11442598,0.9958967,0.53382164,-0.5087737
0.6477374,-0.30126032,0.7433966,0.009951185,-0.06394217
0.40554515,-0.060631596,0.2792774,0.49271035,0.4936909
0.30920324,0.033956207,0.60060227,0.9824601,0.03448146
0.76948625,-0.22102293,1.0217226,-0.06644724,-0.5981493
0.68097997,-0.2136558,1.2663054,0.4770475,-0.46170998
0.6357511,-0.46420273,0.21133038,0.21268113,1.4270443
-0.5809502,0.39930406,-0.14320922,2.2025633,0.6882746
1.066877,-0.49809632,1.2952173,-0.20723979,-0.34125444
0.41003373,-0.023772083,0.6302112,0.40678596,-0.345186
0.5926477,-0.13753113,1.5406371,1.0512818,-0.914249
1.1003149,-0.61819726,0.84416705,-0.7106874,0.47496396
0.013321973,0.29311243,0.3767184,1.3979534,-0.07058752
1.1176534,-0.5330127,1.1996268,-0.5638563,-0.3211611
0.36411896,0.029290356,0.9268387,0.79762745,-0.52956104
0.6561513,-0.66820323,0.9449347,0.0059386007,0.46104753
0.13277522,0.07763211,0.08354493,1.073292,0.52763844
0.7900579,-0.5211323,0.41388723,0.0037946217,0.8563625
0.20630494,0.20426336,0.54404294,0.55546796,-0.61740345
1.0985775,-0.54260427,1.4813933,-0.019810785,-0.539125
0.1325011,-0.032646023,0.15059957,0.9107076,0.27790323
0.5872679,-0.2246469,0.5881817,0.357441,0.16297555
0.59616494,-0.10343965,0.992014,0.19054307,-0.7072587
0.3320054,-0.42194065,0.5946703,0.17302145,0.28523913
0.11337266,0.1621038,0.57345706,1.2841003,-0.29831937
1.0135435,-0.55398875,1.6361008,0.30361336,-0.7066425
0.74309045,-0.25488314,0.8572762,-0.27799505,-0.38062182
-0.60418546,-0.5239957,0.14895973,0.44909513,0.90478224
-0.21845737,0.63899815,0.78738296,1.9643435,-1.5030562
1.7605791,-1.1718196,1.3362038,-1.6213789,0.28400755
-0.3934572,0.7088262,0.20560226,1.484226,-0.93063986
1.5871226,-0.9344739,1.7961458,-0.66930073,-0.43030336
-0.63979,0.16714159,0.03665482,1.1655245,0.25526375
0.7730173,-0.6643194,0.4903902,0.5076061,0.88952965
-0.24699733,0.22996011,0.33758923,1.849857,-0.15487605
0.8947887,-0.9864801,0.7188635,0.16607024,0.64687103
-0.28127757,0.35934272,-0.13464704,1.6231459,0.19800603
1.0935332,-0.63343704,1.285526,-0.03765892,-0.3438801
-0.2420406,-0.32437977,-0.5734942,1.0581564,1.6347511
-0.0017597303,0.3784329,0.5491969,1.1057724,-0.888824
2.6942062,1.352728,-1.3208265,1.4294621,-3.3303714
0.8148878,-0.53882295,1.210373,-0.64605135,-0.031855382
-0.020860635,0.31036678,0.5729712,0.22182156,-0.47590816
1.0015734,-0.42696175,1.4048399,-0.29939747,-0.54482746
0.12695733,0.050614513,0.22066775,0.7536818,0.58212274
0.7145292,-0.2074903,0.82452124,-0.08420293,-0.16756177
0.5507909,-0.15428004,0.29021385,0.173405,0.6857665
0.52726024,0.0032335892,0.97492075,0.40245867,-0.75600165
0.8958664,-0.5358713,0.6005694,-0.2573322,0.7755769
0.15881178,0.18929544,0.10956838,0.86396295,0.4401703
0.7846155,-0.10813173,1.7810067,0.6636307,-1.613768
0.6203052,-0.6473726,0.22349218,-0.81504804,1.357253
-2.9262893,0.8050519,-1.6524299,-1.1114581,1.737054
-0.4799082,0.8883673,1.8409283,4.150099,-1.6546185
2.115836,-1.286127,1.8378525,-2.2323694,-0.3167084
-0.45179132,0.78947365,0.11654564,1.5928352,-0.8446971
1.5669827,-1.0351843,1.4317274,-0.93658805,0.08595031
-0.61196727,0.30938688,-0.7365255,1.6532974,1.2421248
0.7504204,-0.18266854,0.9998627,0.00014198944,-0.6725169
0.3380536,-0.23148951,0.50451857,1.2369249,0.5633111
0.11022214,-0.25768456,0.7593828,0.97395104,-0.14839664
0.43159422,-0.7280439,-0.46520677,0.14046444,2.701424
-0.41032383,0.7139617,0.2661111,1.8063794,-0.9197937
1.6094767,-1.1188787,1.3140546,-0.99817336,0.33431137
-0.37783977,0.64009964,0.12032815,1.5820308,-0.5863183
1.1437225,-1.0923141,1.2018278,0.16227992,0.56547004
-0.15924957,0.44370714,0.24674556,1.2778533,-0.5677202
0.9401452,-0.6179326,1.263836,-0.112115964,-0.46777368
0.2098485,-0.077571236,0.4388722,1.272863,0.19613576
0.7997035,-0.52441293,0.53661835,0.1296639,0.60631096
-0.24455902,-0.0964516,0.3387472,1.2679929,0.29857132
0.19456527,-0.6441659,0.66402614,1.1281661,-0.08549268
-0.16860351,-0.09358581,0.17800409,1.6755259,0.41813838
0.70494246,-0.21560606,0.788657,-0.10714547,-0.33334726
0.6915756,-0.33047614,0.7129547,0.31243712,0.0662865
0.11009071,-0.61913186,0.069878064,1.292985,0.8914492
0.17952487,0.1103336,0.43184227,1.1084907,-0.36600274
0.69903696,-0.60021335,0.8963697,0.91780436,0.1703996
0.29452834,-0.25662598,0.3393276,1.0225545,0.19778824
0.21076098,-0.10992464,0.3958665,0.6998325,-0.05523122
0.6831742,-0.45511422,0.61457205,0.66416967,0.4395169
0.5221183,-0.1895779,0.5728478,0.3957435,-0.11270068
0.5981414,-0.26275572,0.81996125,0.6062724,-0.23714826
0.53581685,-0.2626842,1.2054513,1.0976017,-0.5577621
0.8069308,-0.39410767,1.3433475,0.60620946,-0.5108998
0.5422055,-0.4268354,0.6754518,0.68975186,0.28015205
0.5652167,-0.15782294,0.6507879,0.11452623,-0.26024494
0.61224425,-0.520932,0.79089254,0.9924286,0.14915505
2.4683583,1.4958626,-1.1168876,-0.27284753,-2.434409
0.8407917,-0.44691262,1.6809264,0.5615124,-0.38847715
0.11931697,-0.014986359,0.3567985,-0.14425598,0.56551754
0.58097184,-0.108756386,0.87769157,-0.3218522,-0.50666744
0.46077004,-0.23889479,0.531179,0.38907355,0.56948197
0.5216251,-0.04768785,0.68313855,-0.0036758669,-0.32359487
0.58797383,-0.18536505,0.6047375,0.45780677,0.50104237
0.40310934,-0.11446651,0.1611085,0.6678931,1.0371655
0.4683716,0.02269093,0.82331795,0.46627057,-0.47579667
0.83237153,-0.268082,1.0937488,-0.120843336,-0.6245414
-0.020460092,0.040016808,0.49959564,1.3674834,0.68996257
0.57047385,-0.23777422,0.6058881,0.57445496,0.5594841
0.43805298,-0.12961802,0.7906972,0.6813589,0.12543523
0.7939732,-0.2807897,0.77584517,-0.321209,-0.067011185
0.44793263,-0.19545254,0.17125615,0.38105035,0.84184456
0.5254165,-0.10416921,0.53022885,0.2759049,0.05448752
0.777785,-0.23238358,1.0103178,-0.17216115,-0.50336766
-0.2812012,-0.26923832,0.24671838,0.12807263,0.6237182
-0.9952383,0.27215067,-0.18712598,0.5055821,0.6385775
0.65072393,-0.12361463,1.096062,0.7117365,-0.55493593
0.64828813,-0.22763428,1.0212797,0.26428413,-0.678661
0.55224913,-0.71367204,0.35432288,0.04807074,0.7539192
-0.41460088,-0.0727671,-0.43977278,1.3879279,1.0963212
0.474023,-0.0014561042,0.68301624,0.3255095,-0.42979085
0.6868479,-0.33068594,1.1924542,0.4221341,-0.3962763
0.3080329,-0.43710646,0.65215653,0.68565273,0.4915674
0.09806941,0.096176304,0.9087455,1.270125,-0.5367967
0.9119357,-0.71982324,0.80411154,-0.15159665,0.22383812
-0.3506116,0.013371147,-0.20724916,1.9196111,0.66740865
0.5651341,-0.6624311,0.6086095,0.46276546,0.3670187
0.038240768,0.2341086,0.42267194,1.3255184,-0.34494227
0.8352104,-0.9944624,0.8578566,0.064707235,0.283145
-0.20126781,0.55134124,0.8864689,1.7722449,-1.4598109
1.170117,-0.83922803,1.2566595,-0.19398843,-0.39009246
0.045596994,0.16956869,0.50277454,1.3659983,-0.2553843
0.8040907,-0.7642621,0.8358059,0.09758879,0.28662196
-0.061952613,-0.16827998,-0.19265535,1.5756243,0.9454011
0.5000934,-0.08230861,1.0753074,0.9568346,-0.8484921
1.0112591,-0.67552745,1.1046518,0.0656081,0.16445518
0.27702835,-0.27077374,0.14485785,0.9543346,0.5221322
0.48857275,0.01489941,0.887333,0.0946541,-1.0199602
1.0350238,-0.64848125,0.7426916,-0.36014485,0.49112058
0.0724021,0.24771991,0.67772925,1.3959334,-0.70603406
1.3446362,-0.7318038,1.5018398,-0.66565204,-0.51946205
0.33464023,0.046168007,0.39800295,0.38031274,-0.15553722
0.8743372,-0.65525234,0.54025024,0.0816132,0.74144006
-0.43082914,0.006206669,-0.11506916,2.699933,0.5089798
0.6049794,-0.44962344,1.4851073,1.0117736,-0.73480207
2.1231947,1.1380607,-1.5119646,2.153071,-1.0320504
0.9567227,-0.29551205,1.0036695,-0.40699965,-0.5081808
-0.19066092,0.15732828,-0.12303621,0.361548,1.1068558
0.32505348,-0.035898052,0.33935422,0.48653018,0.71521556
0.23756358,0.200277,1.3179934,1.18769,-0.8819764
1.3164229,-0.71106374,1.1194886,-1.2560468,0.08777391
0.008949794,0.3345162,0.28827164,1.0051903,-0.07188738
1.0785141,-0.5051988,1.176041,-0.2770037,-0.20010576
0.5239933,-0.09096082,0.47034517,-0.04684459,0.07468631
0.51594865,-0.08003887,0.58863693,0.4735129,0.08499702
0.8466672,-0.27900872,1.0079758,-0.40378368,-0.51066124
0.70238024,-0.30416426,0.54779035,0.02695353,0.4443663
0.38338384,-0.0036543235,0.5601311,0.49210256,-0.18965417
-0.373037,-0.33718047,0.46593243,-0.23174803,0.75807804
0.21779302,0.1566321,0.55374897,1.3104279,0.095332794
1.0740693,-0.5836981,1.0282123,-0.4340846,0.027811043
0.13495317,0.20131889,0.47488928,1.0274895,-0.38122508
1.1510336,-0.5645054,1.1545023,-0.7134608,-0.1826536
0.14918873,-0.008980595,0.0116341915,1.2143422,1.0932262
0.27402928,-0.13174948,0.5598882,1.1606601,0.22694689
0.7884207,-0.29725966,0.6755588,-0.49860066,-0.039843805
0.23345551,-0.20798859,0.2915083,1.0297791,0.7916194
0.35448465,0.15553775,1.1316736,1.1715846,-1.1591444
0.9364239,-0.79861104,0.74017125,-0.105032966,0.7468754
0.082001366,0.2241117,0.07950648,0.8767324,0.20001027
0.84259164,-0.47110257,0.76151186,0.23700054,0.4204987
0.16566607,0.118048824,0.5084551,1.1780343,-0.17844635
0.33729258,-0.79868734,0.6042285,0.1752146,0.6257414
0.15546349,0.25094572,0.44870105,0.60488373,-0.5443564
0.5882229,-0.5031555,1.5171878,1.1147121,-0.1573349
0.6632509,-0.30594525,0.48149565,-0.11838071,0.25560772
0.3866057,-0.0029509887,0.627778,0.658851,-0.2261107
0.7622477,-0.36862788,0.697148,0.037221026,0.17667505
0.13823387,-0.16677079,0.3897539,0.67070585,0.09750902
0.48506048,-0.15792546,0.8771904,0.8308611,-0.17161259
0.7400313,-0.35237965,0.77544767,0.20042701,0.09340202
0.34933767,-0.15958008,0.69269735,1.064842,-0.10533539
0.317323,-0.8632821,0.31350857,0.5632099,0.6200217
-0.283259,0.6157381,0.77421665,1.9131535,-1.4082677
1.4218397,-1.2197226,1.2779112,-0.30861068,0.5581834
0.010003723,0.2822596,0.17426631,1.0246375,-0.18356109
1.1174794,-0.77415884,0.75387603,-0.40254056,0.62781566
-0.27701554,-0.09976085,-0.38218236,1.9094989,1.1108668
0.4295915,-0.33009228,0.7044905,1.2074245,0.11740532
0.64700264,-0.1448935,0.9554482,-0.118235156,-0.76353204
0.87679553,-0.4481047,0.93845636,0.07763405,-0.047514178
0.32899883,-0.23802456,0.18408385,0.63360125,0.55298567
0.0386701,-0.22302088,0.8145921,1.329114,-0.011439659
2.9754076,1.3714725,-1.2769755,1.17591,-3.5907555
1.3200366,-0.528385,1.5995187,-0.34328216,-0.53257644
-0.641446,0.3319246,0.44090217,0.7499013,0.50971615
0.83687514,-0.37983117,0.6852971,-0.23829602,0.65194774
0.13486305,0.23794714,0.86716735,1.1432998,-0.51273376
1.1253026,-0.6537479,0.8940067,-0.5533469,0.5996622
-0.25882712,0.48755231,0.12010958,1.4351603,-0.10933954
-2.381481,-0.32948193,0.40026453,-6.289543,-0.71551335
-0.9569201,0.66524327,-0.81232804,4.1430216,2.3179064
1.0677245,-0.6910151,0.8979195,-0.34348673,0.24544308
0.05359409,0.3175861,0.4932905,1.1592696,-0.5422433
0.94442475,-0.56876117,1.0465099,0.14029135,0.13306671
0.32176402,0.09361807,0.40341625,0.45999992,-0.12144447
0.8388115,-0.3432339,0.7797647,-0.3078298,-0.0057467297
0.1283004,0.06698672,0.5962563,0.8792619,-0.33687952
0.5850311,-0.597586,0.46699527,0.18700452,0.8682782
-0.2513332,0.25357547,-0.0724423,1.9311099,0.78056455
0.801914,-0.25595126,1.803016,0.94288105,-1.3422575
1.2510581,-0.6606144,1.012003,-1.3945262,-0.12716159
0.084183075,-0.027281605,0.19862387,1.3486694,0.59749633
0.7276107,-0.24287161,1.0205911,0.18019296,-0.5577915
0.4320248,-0.013171993,0.93661547,0.84010774,-0.71210724
0.8132331,-0.5985468,0.82499236,0.16146363,0.4742449
-0.17150494,0.17384353,0.4180582,1.6630594,-0.16423693
1.0833356,-0.54354364,1.3617651,-0.1635754,-0.5933163
0.1748986,-0.31907973,0.40710023,0.7244076,0.48094124
0.45501223,-0.043618046,0.79831773,0.6471339,-0.4828854
0.6733158,-0.5626815,0.92566884,0.6617916,0.06894671
-0.5662628,-0.12153562,0.5257725,1.3164468,0.30602995
0.6205217,-0.35108027,0.68558985,0.4030035,-0.029945351
0.66105294,-0.22201237,0.622752,-0.16767256,-0.13299885
0.5592624,-0.19490418,0.91446686,0.8022773,-0.35177344
0.58124596,-0.5184763,0.7129315,0.9122654,0.45972866
0.23159924,0.039923824,0.9100694,0.9421592,-0.8050125
1.1473386,-0.6182831,1.2520633,-0.45832926,-0.24273401
0.0509843,-0.11153396,0.28534076,1.5256205,0.34645
0.7381187,-0.22496876,1.104491,0.03435124,-0.89321274
0.12270407,-0.65246284,0.114126645,0.514455,0.56080556
0.0453066,0.35879675,0.4876292,0.7347066,-0.8625157
1.1721573,-0.9008497,0.74043226,-0.2892893,0.8754205
-0.23297581,0.3093249,0.23808372,2.0527875,-0.18356022
1.2998104,-0.8005518,1.4864272,-0.22060524,-0.24056989
0.047359385,-0.12892184,0.024743875,1.0629891,0.44895124
0.6328021,-0.28129992,0.8106239,0.50295424,-0.26427588
0.14807597,-0.294587,0.5450758,0.6359557,-0.06293271
0.24029353,-0.5461233,0.4117491,1.2193561,0.31134605
0.1481398,-0.0028365478,0.6536548,1.5253923,-0.4884141
0.8291872,-0.5677503,1.0486379,0.37923682,-0.22217742
2.9501166,1.4553314,-1.2294728,0.66554654,-3.4259992
1.3820332,-0.61651164,1.1851633,-1.4765521,-0.30461988
-0.53132665,0.67843974,0.62477916,1.6562104,-0.48710388
1.2666342,-0.8156985,1.0962873,-0.89622223,0.8091364
-0.41510782,0.58646506,-0.043599524,1.6053942,0.15314278
1.1889701,-0.6405419,1.0702242,-0.35743636,0.50012535
-0.20768401,0.35543504,0.42859656,1.3024932,0.028151564
1.0475821,-0.60669595,0.90202135,-0.47992837,0.41319478
0.1997911,0.29206577,0.8607082,0.75944495,-1.1014199
1.3231621,-0.72385967,1.1124926,-1.066877,0.13658082
-0.17851946,0.42933527,0.11362948,1.3838661,0.11200883
1.3885646,-0.733518,1.233204,-1.3200121,-0.16480389
-0.06374755,0.40248695,0.30107215,1.2960337,-0.30404687
1.1542143,-0.7068008,1.1543448,-0.4763741,0.1405772
-0.22524908,0.3024918,-0.056045003,0.83059555,0.2825262
0.7074033,-0.39718565,0.926948,0.4187588,0.047837846
0.5748811,-0.15093026,0.40687826,-0.10276507,0.22261086
0.3033528,0.13481441,1.2149018,1.306024,-1.0822228
1.3996221,-0.8203238,1.097828,-1.2223096,0.21156725
-0.013478123,0.38824382,0.18910417,1.2071471,-0.18032354
1.0581502,-0.6074303,1.1391898,-0.1514983,0.032576613
0.4266688,0.024560131,0.5750833,0.009292256,-0.44402102
0.48167965,-0.39289173,0.8946121,0.6441933,0.26832715
0.42252943,-0.09872373,0.36897275,0.50338894,0.33605805
0.557321,-0.13104853,0.89183235,0.50566274,-0.40126398
0.7516596,-0.3690022,0.5079415,-0.13041256,0.4819118
0.054196157,0.14777246,0.4519128,1.574574,-0.032789655
0.69958645,-0.5279129,1.0975721,0.33467746,-0.08390502
0.16558972,-0.12468275,0.39202794,0.94605374,0.13555494
0.48395523,-0.24785933,0.6725968,0.5821556,0.08167564
0.36355194,-0.20885405,0.36916697,0.96517056,0.52364814
0.3179789,-0.46854195,0.104152255,0.7532628,1.0566815
-0.44844678,-0.011522137,-0.15402052,2.0903466,0.54388237
0.7500411,-0.3934234,0.915921,0.32626283,-0.060421146
0.59203184,-0.123912655,0.76665163,-0.12882327,-0.49505427
0.6916419,-0.3063577,0.88666934,0.4611624,-0.16159919
0.3268985,-0.34849104,0.54651463,0.9566812,0.29662153
0.6306417,-0.1666039,0.69609535,-0.27627397,-0.3626226
-0.13687924,-0.28944668,0.7450421,0.85617775,-0.114998765
0.25922546,-0.142948,0.50186175,1.2263781,0.12566254
0.76049155,-0.2405065,1.3659525,0.37809402,-0.89277714
0.693169,-0.48627076,0.9216134,0.12656595,-0.12927559
-0.3267655,-0.07227834,0.5562699,1.9818474,0.22435409
0.6641722,-0.3736728,0.93969303,0.3600669,-0.1604281
0.42580888,-0.15808043,0.5462026,0.82966715,0.1276538
0.665698,-0.3561872,0.869327,0.35356218,-0.20375124
0.33563408,-0.16377863,0.41560918,0.96896285,0.30896327
0.80086756,-0.26814637,1.0516831,-0.37803626,-0.7511773
2.5130327,1.4261657,-1.5495127,1.2459984,-3.3362796
1.4646915,-0.56214267,1.705904,-0.5611616,-0.87848306
-0.1312128,0.16869369,0.26917675,0.0713575,0.17998174
0.80660284,-0.33327755,0.8404457,-0.69189906,-0.06617198
0.3897625,0.06805722,0.84931874,0.43927217,-0.56646353
0.9538613,-0.4769009,0.7716255,-0.49258572,0.45758268
-0.2855396,0.2061111,-0.3549817,1.0941103,1.545964
0.5931321,-0.15549836,0.87219787,0.571538,0.08871769
0.40543625,-0.10443147,0.9535626,0.608678,-0.025871195
0.467931,-0.18678841,0.6961429,0.5813806,0.1268388
0.63205737,-0.13401446,0.95362604,0.26597178,-0.5019944
0.6294138,-0.27334628,0.5643819,0.35982102,0.5413129
0.38736674,-0.14296469,0.4723542,0.5739219,0.4417519
0.5911031,-0.20398793,0.5653145,0.32780296,0.26205084
0.4136674,-0.080270134,0.49993142,0.44603652,0.0014923736
0.7914473,-0.23746666,0.9837185,-0.39020187,-0.62083286
0.61883694,-0.21114048,0.9622029,0.5125412,-0.1641047
0.43438676,-0.08823808,0.60656196,0.65041476,0.07407787
0.8224193,-0.40097174,0.5704152,-0.1715986,0.49124417
0.28011504,0.116289295,0.5085621,0.60878223,-0.29243112
0.63128257,-0.3462523,0.816604,0.1756847,-0.009259112
0.19076511,-0.019285046,0.38795948,0.48850304,0.13114372
0.5372325,-0.22088227,1.035937,0.6270493,-0.6120744
0.6603983,-0.33748326,0.55620533,0.1873094,0.4321058
0.2530183,0.075984634,0.9306846,1.2504044,-0.61767393
0.53075,-0.7034248,0.81310743,-0.019887496,0.42010114
-0.40960285,0.19990745,-0.36355293,1.6268104,0.80744845
0.5836054,-0.18588004,1.062962,0.6514238,-0.81303984
0.6068194,-0.35138306,1.1286459,0.28185493,-0.3940361
0.18691114,-0.2993172,0.57910085,1.1220509,0.2849107
0.5072293,-0.46125588,0.35543498,0.45591062,0.5482988
0.10494999,-0.15222725,0.054409407,1.2764468,0.52739215
0.6412811,-0.10915216,1.0728618,0.014728915,-0.92611456
0.67775434,-0.5394142,0.7591529,0.64411855,0.43401757
-0.04757061,0.26356044,0.39390108,1.6365606,-0.24127686
1.1391,-0.72562635,0.8476257,-0.58074063,0.4123115
-0.7306557,0.4112083,0.21927139,1.9621052,-0.2144016
0.47064844,-0.2586263,1.542299,0.35951418,-1.287005
0.23028997,-0.9407419,-0.2704924,-0.7397629,2.2194798
-1.4988168,0.33062044,-1.1425067,4.1100793,1.2807645
0.9335813,-0.8045548,0.79774296,0.10957934,0.24290904
-0.037353,0.01610104,-0.13829932,1.4692811,0.6712823
0.29872528,-0.1908916,1.3320079,1.0795391,-1.1558826
1.0358287,-0.7709664,0.9854948,0.003147494,0.30785182
-0.42851225,-0.12304958,-0.105506994,2.3350081,0.46237937
0.7680956,-0.2835625,0.92162305,-0.079273745,-0.47461867
0.44545677,-0.2041882,1.1688673,1.4355439,-0.5517943
0.66617113,-0.95006883,0.35624358,0.49041688,0.97029114
3.0464404,1.3854676,-1.2580148,0.94827443,-3.7560842
1.6113793,-0.7516259,1.3177799,-1.8551335,-0.4657314
-0.8367947,0.6478578,0.013732692,1.4271647,0.335912
0.8994625,-0.629279,0.7140362,-0.4719504,1.1084995
-1.2463552,0.5333192,-1.7149715,-0.23945455,2.8132236
0.083976544,0.48792186,1.4692712,2.2578564,-1.4325018
1.4321212,-0.97605884,1.3383,-1.188777,0.32239398
-0.30691984,0.25316063,-0.8608144,1.9229116,2.3400874
0.6034611,-0.22471604,0.5110145,0.3225984,0.32560128
0.44777367,-0.011369549,0.5995434,0.42213607,-0.10776485
0.51208216,-0.20787653,1.0053287,0.3041346,-0.2901339
0.651858,-0.19740757,0.96700126,0.3594001,-0.37981632
0.22861645,-0.22001204,0.28660688,0.7665476,0.5644554
0.15382627,-0.2752703,-0.20981425,1.1354989,1.5689423
0.31634542,-0.034288727,0.18096384,0.5823798,0.47789815
0.7632991,-0.26154932,0.68420875,-0.4049796,-0.072011836
0.099498846,0.15513006,0.4380098,1.6062204,0.1619635
0.9525545,-0.40501532,1.1562984,-0.2534514,-0.5511297
0.59428865,-0.21552977,0.61832005,0.26357013,0.105690174
0.39585075,-0.30015883,-0.035623413,0.5920474,1.2673329
0.024943985,0.2423245,0.23178765,1.3511065,0.096045814
1.0452702,-0.5283969,1.4746069,0.18003757,-0.5950751
0.2000477,-0.22865471,-0.03478877,0.68699026,1.1230841
0.30753598,0.040202774,0.6801907,1.0332881,-0.3017989
0.4669309,-0.21586594,1.0954758,0.5747933,-0.75053
0.9005465,-0.35116133,1.0771058,-0.3196079,-0.47522193
0.44314614,-0.30380902,0.48819488,0.8902906,0.5829498
0.33511212,-0.28869328,0.5050848,0.83283395,0.010493718
0.41629723,-0.40698227,0.19175759,0.7620256,0.9408663
0.19378045,0.15790048,0.5367599,0.78933674,-0.47983626
1.1095799,-0.5542796,1.191508,-0.4834689,-0.24729735
-0.17816773,-0.011710487,0.22159299,1.0849403,0.5028011
0.50625175,-0.2390736,1.1884452,1.1579006,-0.4264807
0.8851331,-0.5496281,0.8900532,-0.07020216,0.122717105
0.041392542,0.04311148,0.37846017,1.5840646,0.02723544
0.7862377,-0.49648222,0.6869675,0.18273427,0.1826748
0.50335157,-0.26557145,0.4941699,0.62803084,0.27715132
0.34392658,-0.064925514,0.9724168,1.0028712,-0.6576109
-0.17948201,-0.89960754,0.16389328,-1.0456438,0.88644165
-0.65738386,0.5607254,-0.4412909,2.8733592,0.5755392
1.2013168,-1.0719055,0.97472143,-0.17841409,0.46535245
-0.31836537,0.6020147,0.40838844,1.8034192,-0.9535645
1.6459073,-1.0400933,1.4421588,-1.1967982,0.018579803
-0.22444674,0.19972149,-0.34141335,1.8609959,0.87547064
0.9860512,-0.5058592,0.9321518,-0.44360662,-0.11743168
0.1593112,0.0143248215,0.73767185,1.5861456,-0.2503145
0.787746,-0.82565725,0.94064146,0.14367647,0.009600066
0.059289314,0.21685186,0.42301622,1.2738564,-0.34016287
2.9657702,1.3798314,-1.2479991,0.89237756,-3.7198284
-0.14313272,-0.49940285,2.016836,-0.3245784,-1.0350875
0.011369325,0.17032447,0.061837398,0.47919542,0.7937611
0.4446244,-0.1277369,0.64452696,0.27441198,0.31034955
0.371882,-0.12200054,0.5134182,0.47747236,0.36489952
0.6704094,-0.20107207,0.6559362,-0.2088999,-0.025223859
0.23579869,0.15097442,0.91917855,1.3015786,-0.3691841
0.7717005,-0.59658223,0.44517052,0.24722083,1.3774103
-0.20537463,0.44907632,-0.05483494,1.2040275,0.18347684
0.6999745,-0.30564246,0.83839136,0.19340695,-0.1665428
0.3330581,-0.09538349,0.52715075,0.60422087,0.15776834
0.7979899,-0.25085148,1.016196,-0.13052468,-0.5107589
0.44562575,-0.45009312,-0.027856806,0.576119,1.7553674
0.24827436,0.17924848,0.47126588,0.44714588,-0.43007606
0.98134106,-0.43567595,1.3823719,-0.2644683,-0.6922429
0.51136744,-0.24482903,0.4842793,0.27644384,0.5788186
-0.46189877,0.05448643,0.7423128,1.0684336,0.12571958
0.9532204,-0.37547764,1.4739013,0.13614698,-0.62959826
0.5159687,-0.2456325,0.5118152,0.49785787,0.34550017
0.30290845,0.16405407,0.7275044,0.94647664,-0.7367432
0.97027355,-0.94834745,0.22477755,0.20299782,2.0934956
-1.0259374,0.69263995,-0.63369554,1.8100833,0.2524808
0.713643,-0.84851444,1.4004221,0.2564714,-0.6867713
0.28096244,0.18625322,0.71320385,0.40847754,-0.92991215
0.78299457,-0.7910365,0.6883305,0.048747372,0.57001
-0.29294965,0.44392648,0.19878298,1.9993179,-0.21635312
1.1878899,-0.67393005,1.5040164,-0.16754077,-0.50526905
0.38670334,0.0006562844,0.50906265,0.31893593,-0.20488343
0.67190516,-0.7435912,0.08902221,0.7251118,1.8218969
-0.28903934,0.4107696,-0.07015524,1.5150815,-0.08349795
1.0403811,-0.7566446,1.3549651,0.4384185,-0.100549944
0.2483432,-0.0029652938,0.60974085,0.7636031,-0.559017
0.7396558,-0.5283564,0.88568693,0.45563525,-0.04984943
0.41345462,0.00015798956,0.79282516,0.5414534,-0.6696285
0.9930194,-0.513696,1.0741664,-0.25823307,-0.33097225
-0.3926486,-0.48761067,-0.057106145,1.3946686,0.9576037
-0.18468407,0.36261383,1.3181293,2.5308144,-1.4106582
0.8772374,-1.0227913,1.239979,-1.4275336,-0.29491416
-0.292479,0.614031,0.36150625,1.6103647,-0.8121842
1.0813004,-1.2677544,1.2835861,-0.23997973,-0.22920218
-0.65703714,0.30372205,-0.3561476,2.597925,0.28140005
0.55161077,-0.7254976,0.48705447,0.6471614,0.16350448
0.08394901,0.19682947,0.3511406,1.1972809,-0.24637085
1.0651046,-0.5494326,1.38062,-0.021044064,-0.77248496
0.48442963,-0.23875412,0.32624963,0.33233285,0.37010068
0.78397965,-0.4352611,0.759936,0.15593453,0.07833698
0.37381962,-0.15873846,0.40099838,0.66773576,0.1101956
0.35509297,-0.35027918,0.42439333,0.78718686,0.3879789
3.7500482,1.743508,-0.54044026,-0.42573488,-2.6492147
0.37662467,-0.6595558,2.0003831,-0.017401267,-0.67715025
-1.5724655,0.36965433,-0.7834671,-0.6048948,2.0778973
-0.017434739,0.32938543,0.5115649,2.0995657,0.3797148
1.1151563,-0.48311886,1.3989391,-0.55563444,-0.6889328
0.3991352,-0.07410701,0.48993155,0.23231919,-0.04147295
0.9665172,-0.38783726,0.96797633,-1.0337771,-0.48118278
0.15409538,-0.073942505,-0.33772823,0.792952,1.6118947
0.43735203,-0.035178028,0.33414534,0.40593034,0.34553128
0.13799605,-0.094613396,0.69124943,1.2547671,0.24190736
0.8003744,-0.24798808,1.2218977,-0.06483041,-0.6862285
0.0150430575,-0.02449926,1.0667672,1.2248281,-0.07481206
0.95098615,-0.50645286,0.7305417,-0.22453128,0.5175265
0.21526209,0.022111572,0.11151286,0.9311482,0.59543246
-0.026032649,-0.3239101,0.35715523,0.18021066,0.34746724
-1.4865334,0.3198153,-0.28284898,-1.254186,-0.28202015
0.6914842,-0.083910786,1.0355554,0.46807426,-0.57075375
0.96954507,-0.42913136,0.98174626,-0.5048064,-0.2505513
0.4475396,-0.06823715,0.5453374,0.4594649,-0.14920473
0.8122843,-0.31794962,0.98693025,0.102746144,-0.3637323
0.58559936,-0.2824014,0.49313197,0.30663067,0.27322495
-0.48580495,-0.050260387,-0.2384192,0.33396345,0.6785274
0.5760952,-0.24639544,0.4115277,0.79937804,0.67992926
0.6151482,-0.13726887,0.8930113,0.18741955,-0.56951785
0.5729422,-0.3263944,0.6602425,0.18642427,0.049575023
0.2536504,-0.16159233,0.46232885,1.2840707,0.2453359
0.50627804,-0.60603553,0.2668931,0.87399834,1.0771474
0.071442045,0.16151252,0.118818544,1.0756878,0.1811027
0.60564905,-0.46368298,0.7634263,0.41197872,-0.12991688
0.30270693,-0.02300676,0.57431096,0.8995786,-0.040141977
0.93288034,-0.39042887,1.1368972,-0.2251489,-0.56670207
0.44382206,-0.58629686,-0.051743247,1.0619133,1.6929828
-0.09000566,0.11916701,-0.20894167,1.8046446,0.85557175
0.82911086,-0.33267912,1.122924,0.05632801,-0.6620973
0.66258,-0.26909766,1.0322003,0.5061584,-0.36094245
0.36907318,-0.77284276,0.21689656,0.9600368,0.8766115
-0.34090343,0.2538139,-0.31123933,1.7281911,0.70660836
0.9745431,-0.45871195,1.0285016,-0.3842184,-0.31642318
-0.08387985,-0.18772301,0.23697558,0.8487997,0.05817794
0.26665303,-0.6320065,0.058553748,1.452977,1.4084427
-0.021014594,0.11807982,0.12283888,1.7597175,-0.10876048
1.078479,-0.4773539,1.2506318,-0.7014683,-0.77044356
0.2299783,-0.1595181,0.26448485,0.9653358,0.49785322
0.7143853,-0.20141539,0.95654386,-0.2714805,-0.71500254
0.39351508,-0.79245746,0.20729476,1.1448636,0.9705988
-0.25765678,0.3705913,0.25383946,1.9892924,-0.43073636
1.250506,-0.8162421,1.5735614,-0.13240705,-0.4580982
0.05554674,-0.10667499,0.23268571,1.4998652,0.16485015
4.294172,1.4473683,-1.040051,1.2641534,-3.593909
0.38416615,-0.5344551,1.5939168,-0.6957779,-0.34336326
-0.84224206,0.25881353,-0.9655101,0.32299376,1.9663644
0.012474574,0.22176328,0.2497189,1.2271295,0.5432523
0.89036894,-0.3503531,1.2222533,-0.22783773,-0.46095115
0.52377677,-0.067118965,0.79499215,0.1708755,-0.24555585
0.7328015,-0.2778977,0.88790095,0.09781106,-0.0067060664
0.553805,-0.056011043,0.7076014,-0.041520048,-0.40569076
0.6516752,-0.27666983,1.0607605,0.24737622,0.00921201
0.28294638,-0.14644083,0.3191597,0.7226452,0.70829886
0.19985369,-0.0825971,-0.117304124,0.5977063,1.2945427
0.27113786,0.1645309,1.3185574,1.5266492,-1.0568843
1.3160524,-0.7193798,1.4132493,-0.8158053,-0.3473605
0.09291992,0.1616818,0.2590908,1.0721158,0.07567071
0.979988,-0.47962603,0.9938056,-0.31685024,0.023187213
0.38503233,0.0047618523,0.56210274,0.5962665,-0.14038315
0.6326081,-0.29077706,1.1304618,0.4980349,-0.59665495
-0.23610505,-0.53241426,-0.5541201,-1.0282933,2.1227036
-1.172612,0.9726745,-0.12487651,3.6480281,-0.1313062
1.7803196,-1.0310167,1.7429901,-1.3402737,-0.38941574
-0.8735508,0.5910427,0.049214117,2.5424352,0.46630228
0.45627394,-0.47908244,1.1403184,-0.91291773,-0.83076423
0.50520283,-0.07979091,0.43524483,0.030586492,0.01916837
0.3441619,-0.24548945,0.45499372,0.6052083,0.25979078
0.51586854,-0.10426935,0.6916181,0.34744495,-0.2986841
0.52726525,-0.4923266,0.6148348,0.41236228,0.25571144
0.30017224,0.0034457818,0.3012239,0.6665438,0.17670876
0.8822079,-0.36755022,0.96543336,-0.43187767,-0.44181195
0.42145047,-0.31479296,0.5867536,0.97299117,0.4840068
0.23772004,-0.08097347,0.87158066,1.3705183,-0.3915911
0.806718,-0.39168057,1.1674381,0.25318265,-0.45634374
0.35595915,-0.5385559,0.028675875,0.90634096,1.1767689
-0.15267566,0.26915374,0.21655512,1.7870699,0.05760061
1.1072005,-0.6353134,1.1322081,-0.464177,-0.26810113
0.410597,-0.012068115,0.5321586,0.2515068,-0.27460387
0.8550736,-0.45685706,0.6499,-0.16926973,0.3395497
0.26757678,-0.33188042,-0.061295785,1.1905067,1.1823366
0.18779233,0.08282486,1.027782,1.6265842,-0.7680703
1.0237148,-0.79023063,0.9965145,-0.16770796,0.25140134
-0.047524296,0.2708346,0.15052256,1.3599106,0.026267461
0.90901923,-0.6413168,0.80769074,0.16468157,0.3675191
0.09622941,0.06516043,0.18543038,1.1451626,0.17021292
0.36292234,-1.1489624,0.19914141,1.0001804,1.197679
-0.7386553,0.72496235,-0.34635383,2.4741406,0.02690313
1.4428407,-1.151368,0.97002107,-0.7387322,0.7704103
-0.90508604,0.45092645,-0.5431293,3.4227786,0.67803913
1.195653,-0.6776756,1.0281658,-0.78720975,-0.06990907
0.06415216,0.21278444,0.58437485,1.3591611,-0.50928533
2.8810496,1.4007646,-1.329921,0.8330326,-3.5518055
1.5151274,-0.7054728,1.5277715,-1.636375,-0.634471
-0.4847072,0.4537517,-0.09640858,0.8067266,0.5204884
0.876594,-0.4462355,0.7536241,-0.69273305,0.3849004
0.00514964,0.17187896,0.27228373,0.9427237,0.58378386
0.7842513,-0.2894729,0.9519856,-0.17902385,-0.17515436
0.5655309,-0.07952627,0.8298694,0.26760435,-0.35204828
0.70906055,-0.29711422,0.7880092,0.12913872,0.096629195
0.4049243,-0.062767826,0.46242908,0.49874103,0.21079287
0.68446344,-0.18692908,0.8429417,0.06528355,-0.23379922
0.36546078,-0.23643908,0.2408453,0.54604626,1.2754959
-0.18710986,0.46383682,0.44227248,2.001452,-0.08284543
1.5331932,-0.8432096,1.4136615,-1.3679173,-0.20165539
-0.0042418465,0.3824574,0.27309176,0.93571544,-0.29838678
0.62046415,-0.5583542,0.9829337,0.3694355,0.64174765
0.23456201,0.11867825,0.36245245,0.56157535,0.003666006
0.3961086,-0.31199154,0.37378016,0.29644382,0.56896687
-0.04619374,0.3220326,0.48356697,1.771708,-0.08278493
1.1230682,-0.669176,1.5624161,-0.04823326,-0.24911577
0.28795943,0.0023514405,0.14549658,0.55655766,0.4893687
0.47950795,-0.2682322,0.5407168,0.67304456,0.53406686
0.4152558,-0.19107756,0.081934534,0.63007843,0.9742624
0.48955032,-0.024458729,0.76530683,0.32834387,-0.51968247
0.78450537,-0.3290504,1.0260775,0.19034244,-0.22380742
0.6158003,-0.25920567,0.6309716,0.1930647,0.119430296
0.6200448,-0.35861668,0.29099357,0.39606804,0.9163453
-0.2127609,0.2693278,0.19633397,1.9558542,0.12503335
1.1278572,-0.64845026,1.2182795,-0.19908677,0.076592885
0.1239808,0.06600205,0.48353243,0.8845176,-0.12974834
0.65751565,-0.2269524,0.8223848,0.2628876,-0.34509698
0.82789296,-0.29077467,0.991031,-0.35569364,-0.534203
0.5952299,-0.21746811,0.6867274,0.3557396,0.12184679
0.56915706,-0.21234927,0.8157105,0.562608,-0.23838934
0.68708324,-0.2653521,0.8600706,0.037718665,-0.163084
0.5951423,-0.31238255,0.4539105,0.2512452,0.3880273
0.20429721,-0.052561127,0.24939615,1.2003317,0.15089482
0.4069946,-0.111336075,1.5103289,1.227627,-1.2334403
1.0054225,-0.66913545,1.4850354,-0.044856,-0.23011744
0.19833037,-0.18814978,0.29048508,1.0173146,0.5786553
0.5835879,-0.15210804,0.90194607,0.40047204,-0.51776206
0.83786273,-0.40975508,1.0123059,0.10591097,-0.28020692
0.27096763,-0.083107315,1.0870976,1.2486813,-0.79768354
0.966546,-0.64401805,1.1155741,0.01275016,-0.008457072
0.4566019,-0.0068491325,0.65259534,0.013373684,-0.5566074
0.56562227,-0.38109717,0.8895787,0.5181647,-0.05036021
-0.3304868,-0.6968659,-0.14683771,0.7269568,1.4140933
-0.6565277,0.46065155,-0.15598142,2.7003422,0.06510504
0.9228605,-0.7030767,1.2190722,0.23633571,-0.6071809
3.0837922,1.3314801,-1.0643888,1.5871428,-3.5545382
1.0210887,-0.482282,1.9032747,-1.0008287,-1.1918068
0.360633,-0.06437477,0.53572595,-0.46494806,0.071703725
0.20373645,-0.06693777,0.3860535,0.404225,0.7229188
0.4349788,-0.053629242,0.62598926,0.3093844,0.0055820867
0.28073964,-0.2261847,0.51980656,0.30848944,0.6951922
0.18684229,0.100813545,0.8259357,1.050859,-0.022385605
0.95740235,-0.5056494,0.7624263,-0.42251498,0.3392498
0.38827172,0.09853426,0.7740343,0.3671617,-0.679947
0.7881916,-0.62690437,0.3399986,-0.32897848,1.1766428
-0.5259231,0.6551987,0.5386806,2.425439,-0.48439354
1.6423663,-1.0058874,1.5094807,-1.1174258,0.18194535
-0.3582044,0.33935848,-0.2303406,1.6782246,0.8263569
0.7629286,-0.19424376,0.9180795,0.21798797,-0.33634368
0.66143346,-0.30421433,0.6522245,0.06251408,0.06413447
0.3221483,-0.026144348,0.6331783,0.67511773,-0.0930265
0.1837894,-0.5633634,-0.057594247,-0.31007212,1.4566886
-0.5310688,0.7727295,0.031132242,2.3760684,-0.4719818
0.12821904,-0.87077796,1.8971434,-1.8113197,-1.3993623
-0.41464218,-0.0026362762,-0.43780112,1.7377269,1.1908383
0.4222603,0.02910439,1.1969525,1.0316792,-1.114403
0.6112454,-0.6220072,0.6640273,-0.3319702,0.32169738
0.19432619,-0.039266907,0.3674252,1.2894504,0.2184183
0.79607105,-0.3585976,1.0271738,0.13554312,-0.46668816
-0.14900193,-0.5895441,0.038793527,0.099620655,0.9818524
-0.14877287,0.55520123,0.52464795,1.0841063,-1.1815609
0.66583693,-1.1323541,1.6813115,0.24366851,-0.5014507
-0.31156865,0.3603131,-0.051738717,1.8819046,0.10409819
1.3590007,-0.7420391,1.2164233,-1.2891191,-0.28006518
-0.11682203,0.21036926,0.27310875,1.9012988,-0.027361192
1.0585195,-0.5194419,0.9674922,-0.6072355,-0.15944976
0.32096794,-0.006100498,0.5778149,0.93521583,-0.20736474
0.98936194,-0.56493455,1.0987645,0.0016958825,-0.10233552
-0.0059954748,0.06898228,0.7470177,1.8378999,-0.48709264
0.9913021,-0.4385179,1.19335,-0.4689449,-0.713268
-0.2453964,-0.5913251,0.12923348,1.2885377,0.8436155
0.0019815937,0.23132148,0.44493383,1.586954,-0.327892
0.98210585,-0.7253212,1.2456551,0.094888166,-0.1098944
0.28290382,0.015917458,0.4082599,0.73650044,-0.11770479
0.8548996,-0.3924745,1.1494621,0.21629442,-0.45221686
0.39454147,-0.21222767,0.41946134,0.60695887,0.24738595
0.4435329,-0.26933846,0.8498765,1.140609,-0.43230414
0.26472792,-0.6535095,0.8952185,1.0136225,0.0043695197
0.065321244,0.049772896,0.3001554,1.4302862,0.20575073
0.98398215,-0.61640435,1.1035771,0.16825946,-0.14328536
-0.38012663,-0.83111227,-0.10869665,0.9831308,1.4301056
-0.7502523,0.77845156,0.058152847,3.1726294,-0.48409063
1.5662005,-1.1612791,1.8850517,-0.11997984,-0.47297052
3.6907773,1.377731,-1.213097,1.594216,-3.7405457
1.414188,-0.7404655,1.244603,-1.9730091,-0.28302443
-0.5592007,0.5416662,0.006958147,0.8173304,0.28373098
0.8560336,-0.500881,0.9693874,-0.35026485,0.31466916
-0.024490558,0.19132677,-0.013944188,0.840448,0.72124213
-0.451551,-0.007242523,0.54315394,-0.9476148,-0.3874772
0.46483806,-0.017554127,0.6466849,0.89249164,0.2056064
0.7851237,-0.24712023,0.7946218,-0.39147842,-0.25814477
0.6467498,-0.17228302,0.548001,-0.024381984,0.18563318
0.55644107,-0.10905441,0.6647141,0.30526364,0.04998987
0.83288723,-0.2855414,1.0025461,-0.24876414,-0.39984572
0.69571245,-0.17080244,0.92429173,-0.05246811,-0.5227601
0.6816246,-0.3680795,0.45454526,-0.11415176,0.5461925
0.14051321,0.1685411,0.48282632,1.2881659,0.044131003
0.9279274,-0.37823376,1.520685,0.32386905,-0.80679554
0.08077095,-0.23732123,0.9072427,0.52578664,0.18991044
0.5786174,-0.073475204,0.90957224,0.2940107,-0.4951649
0.95604676,-0.42397913,1.0004884,-0.33266652,-0.1923576
0.019315101,0.039914288,0.10961481,1.3695172,0.530513
0.6626864,-0.34547743,0.6227741,0.30037183,0.34591156
0.15311906,0.034633316,0.6050818,1.4828117,0.048570745
0.5513842,-0.556752,0.9490298,0.23275979,0.014840119
-1.4038237,-0.28535065,-0.75390124,-0.3967892,1.472987
-3.02398,1.2609798,-0.9138686,-0.65090775,-1.3460935
0.076537706,-0.5529564,1.7208607,0.6165104,-1.8421563
0.77887774,-0.1659554,0.8481042,-0.5207918,-0.89917445
0.6290946,-0.34152445,0.47485417,0.34939814,0.19170293
0.24413374,-0.3271192,0.4325631,1.3645703,0.25616518
-0.6641931,-0.39550242,0.64591426,0.2134384,-0.06325076
0.31232247,-0.044271313,0.67262,1.225253,-0.20476761
0.83864754,-0.74852407,0.3570918,0.28080064,1.0674537
-0.22042629,0.4558641,0.35066494,1.7520896,-0.69571555
1.3447388,-0.9075445,1.8200967,-0.0018033274,-0.6083312
0.09938244,-0.05306896,0.22089878,1.2283509,0.3997485
0.8407717,-0.36398587,0.9834518,-0.1745982,-0.47650018
0.49783906,-0.19519266,0.70228666,0.7541853,-0.35410005
0.33612975,-1.14685,0.07619565,1.4792929,1.4715005
-0.90796685,0.48806968,-0.3828324,3.1411934,-0.13464487
1.277037,-0.84714353,1.2653717,-0.39929116,-0.26048607
0.29375604,0.06649319,0.44950625,0.40991735,-0.35877314
0.823666,-0.6896466,0.95669055,0.79700196,0.3699598
0.045259036,0.016740002,-0.047008313,1.3925718,0.5819386
0.601387,-0.48363623,0.65108067,0.8423048,0.19407016
0.4501669,-0.03915008,0.77817756,0.48341256,-0.66230124
0.728378,-0.47508177,1.0758934,0.83023167,-0.5520804
0.59345126,-0.32244143,0.5764106,0.58965164,0.21191123
0.2546918,-0.51289254,0.0833207,1.1715552,0.7662972
0.18021831,0.22846523,1.2501216,1.5078235,-1.7753272
2.884388,1.4292294,-0.8961027,0.6737743,-3.8900855
1.632399,-0.7789892,1.4566184,-1.4053936,-0.29517862
-0.58069485,0.5493242,-0.206705,0.7927494,0.5091302
0.882661,-0.40517983,1.2945633,-0.0038194545,-0.27452177
-3.4020777,-0.48259673,-1.970799,-6.595176,2.5595586
-2.0144455,2.02668,-0.9534893,6.528887,0.6908437
2.4768155,-1.4723414,3.3405998,-1.0807598,-1.6636207
-0.47211263,0.16739431,-0.6579461,0.4324134,1.3062923
0.45513865,-0.035957657,0.521067,0.70128804,0.16854748
0.8156639,-0.2739447,1.2206973,0.17885937,-0.5611958
-1.7011982,-0.65529525,-0.96265167,-3.4732318,1.7885423
-1.7849224,1.7264014,-0.59857255,5.928081,0.34126613
2.2762709,-1.2443036,2.7258987,-1.2903525,-1.3956399
0.003936745,0.34982982,0.5815034,0.9309869,-0.71505874
0.98427254,-0.75083435,0.48193958,-0.30743837,1.1869811
-1.2926967,0.4628903,-0.1070166,2.1733148,0.22826836
1.2339098,-0.6568545,1.1626041,-0.5581895,-0.04217992
0.09665499,0.15353265,0.39381784,1.3121097,-0.14522305
0.40457758,-0.40139613,0.6925954,-0.14981262,-0.092090495
0.33522102,0.07414881,0.7198504,0.94280434,-0.4966696
1.1535546,-0.54584676,1.3626955,-0.40596896,-0.54486376
0.28532335,0.011447109,0.14767548,0.76743865,0.49347225
0.6770809,-0.30508694,0.6144588,0.2984501,0.23294318
0.2550986,-0.43946204,-0.16081375,1.4099951,1.6199566
0.17462322,0.08980814,0.216678,0.98275906,0.18178114
0.59599596,-0.8587688,0.5328528,0.37263966,0.6400425
0.0596473,0.015993752,-0.15307489,1.2740374,0.8271218
0.40946797,-0.3662413,1.0350446,1.191803,0.08067828
0.52282673,-0.1109403,0.67261547,0.36356807,-0.3595458
0.92714256,-0.42307553,0.856954,-0.43819356,-0.08784435
0.09030012,0.19116941,0.8682664,1.9999611,-0.47261098
1.2715571,-0.95528305,0.84375995,-0.7967849,0.5842376
-0.3281524,0.5213744,-0.103454925,1.9224356,0.101761214
1.3336276,-0.7099861,1.6471335,-0.38126993,-0.6361719
-0.11323091,-0.42311367,-0.16013086,2.1220853,1.2601103
-0.59577906,0.28282705,0.60048276,0.021489333,-0.74820423
0.57006204,-0.6476015,1.0129865,1.5971861,0.14151233
0.33242473,-0.10717329,0.6361703,0.8766439,-0.5504253
0.8334605,-0.6614107,0.69613785,0.34462434,0.18155903
0.102802075,0.1176602,0.23329386,1.3526112,0.022621118
0.6787745,-0.704872,1.2063816,0.88447434,-0.4184482
0.23191842,-0.7767719,-0.37254658,1.5821782,2.1206975
-0.48362824,0.7372838,0.5637041,2.3749983,-1.4761533
1.7121371,-1.2297386,1.655241,-0.6702606,0.0134788975
-0.7057294,0.14138523,-0.50243735,3.1447556,0.7226319
0.80631995,-0.63696325,0.9078633,0.5488,-0.04008753
0.2062411,0.13200822,0.8007503,1.2714607,-0.824201
1.1210555,-0.5519789,1.594427,0.3582101,-1.0118352
2.9638915,1.3756973,-1.3272399,0.9760714,-3.6648176
-0.9702807,-0.42330202,1.7985494,0.3008557,-0.51648206
-1.1541313,0.4501063,0.08272388,0.24988998,0.9375449
0.4552363,-0.09501394,0.42437634,1.0160143,0.910578
0.24097446,-0.18679795,0.19985488,0.5645317,0.74747264
0.02639345,0.064564385,0.47850248,0.722242,-0.13846707
0.5529413,-0.46158728,0.4434412,0.25899696,0.81579125
-0.09111091,0.44033352,0.28837752,1.4797354,-0.44104102
1.3463949,-0.74353635,1.1423581,-1.0899848,0.029817872
0.21263728,0.14014545,0.18116996,0.6380387,0.22497463
0.7139334,-0.32739577,1.2766111,0.7176059,-0.6246918
0.8351653,-0.36275086,0.76423943,-0.40822113,-0.020406432
0.39564547,0.032563843,0.5791512,0.36046618,-0.3006287
0.7732113,-0.69770277,0.07065042,0.2942664,1.8999006
-0.5145827,0.57923144,-0.045465864,2.2705138,-0.094638355
0.92760193,-0.55597,2.1734495,0.5353224,-1.25448
0.68674153,-0.43145356,0.7696686,0.032429527,0.11452558
0.3729472,0.07021014,0.71095246,0.45574343,-0.67283493
0.97848344,-0.4678267,1.0675809,-0.15870325,-0.21397898
0.46423098,-0.012475811,0.9455899,0.44947082,-0.80793464
0.875853,-0.53672725,0.8560033,-0.010690022,0.25671571
0.16116998,0.15976015,0.39044812,1.0066733,-0.23950857
1.0131466,-0.50083095,1.024765,-0.50856525,-0.18511158
0.12582079,0.14124456,0.5679889,1.361195,-0.18845111
0.8552263,-0.52685434,0.99234635,0.27592653,0.060590975
-0.010372661,0.061836876,0.7328429,1.0524305,-0.30434245
1.0805218,-0.5770033,1.0268068,-0.4747671,-0.025706984
-0.016414605,0.13063493,0.016717931,0.9178732,0.27780816
0.45202318,-0.0749081,0.8033075,1.1119525,-0.57341915
0.85789365,-0.3567904,1.0613755,-0.14467494,-0.4639493
0.46636388,-0.26650605,0.790131,1.0071179,0.028282933
0.71455926,-0.26148018,0.8215728,-0.15800695,-0.34922644
0.6192212,-0.22929606,0.8144132,0.4356982,-0.2430149
0.7011636,-0.38459954,0.6795225,0.20499821,0.21211088
0.52627766,-0.10924991,0.80242866,0.40105426,-0.45802388
0.8502658,-0.4067844,0.88440776,-0.16691725,-0.17757171
0.40362504,-0.08662637,0.98490703,1.1496137,-0.53492296
1.0347472,-0.64413726,0.85732883,-0.40009564,0.24496254
0.044889785,0.15136066,0.21757719,1.2461499,0.045439504
0.72583455,-0.63394725,1.180811,0.9524562,0.08145612
0.3561131,0.021675266,0.5929902,0.4598347,-0.36626288
0.6720303,-0.39006886,1.1845165,0.76334935,-0.5280373
0.57117856,-0.38971123,0.5241893,0.4762076,0.26796675
-0.49920687,-0.34749207,0.106077485,1.1516554,0.54985446
0.39768574,-0.19883332,0.7283758,1.1040552,-0.025593765
0.504761,-0.21703896,0.7890466,0.7484733,-0.49567223
0.43052527,-0.4420155,0.4948845,0.651949,0.57178
-1.3935072,-0.29381928,-0.14031062,-0.48824072,0.19049382
3.0113,1.4009553,-1.2119639,0.87202746,-3.5445552
1.4556606,-0.7725781,1.0778062,-2.0332706,0.004176788
-0.74144727,0.5948145,-0.5684716,1.1134002,1.1447833
0.51197076,-0.06182369,0.9991419,0.53682715,-0.48813495
0.8971206,-0.38058457,0.84647393,-0.84805745,-0.14016104
-0.17175403,0.32190147,0.9317084,1.5419325,-0.3298582
0.67913747,-0.50818616,0.32425758,-0.76471174,1.2069025
-1.7535573,0.6531197,-0.5043773,1.052759,1.0172796
0.40843406,-0.12268957,0.66296047,0.7068388,0.33412296
0.49692532,-0.18763241,0.51467866,0.53942156,0.590959
0.1176785,-0.13768372,0.005269607,1.0612464,0.9971793
0.42772523,0.027006306,0.7409572,0.5742996,-0.32974413
0.7285257,-0.57663614,0.62771404,-0.030658532,0.45629147
0.114474155,0.24208131,0.50783503,0.98304623,-0.27847406
1.0637152,-0.6466335,0.82050544,-0.49076825,0.36211225
-0.03769722,0.42419735,0.38755915,1.1066476,-0.6806168
1.2303225,-0.71657836,1.7176292,-0.020341862,-0.34406677
0.3106477,-0.035580955,0.3028343,0.6025234,0.2604165
0.7924524,-0.30067143,0.87979287,-0.10976349,-0.18749437
0.49867395,-0.22405562,0.41725412,0.4048918,0.39803812
0.17638186,0.11676852,0.85473204,1.5639938,-0.428943
1.1817441,-0.614404,1.4132956,-0.41080964,-0.39720193
0.5379009,-0.08399423,0.5974522,-0.15482049,-0.29987937
0.74869055,-0.2519959,1.0732038,0.2916425,-0.49608535
0.66452515,-0.28869328,0.53043836,-0.05847322,0.26058936
-0.4441134,-0.26268658,-0.13989839,0.72991115,1.0617609
0.18474695,0.29415193,0.8397917,1.0039786,-1.0694213
1.1908139,-0.7679504,1.4050913,-0.31872082,-0.22856176
0.2852933,0.108223595,0.46098742,0.5069747,-0.27910152
-0.72933143,-0.3001016,0.78192836,-0.80906457,-0.36761373
0.23948494,0.09345118,0.8100746,1.6845896,-0.17187619
1.052878,-0.496034,1.1410121,-0.60796916,-0.60019153
0.2466459,-0.16760287,0.47253653,1.3326408,0.25966546
0.545883,-0.7982296,0.31588906,0.47855812,0.8789424
-1.1063184,0.016029514,-0.55051655,2.432449,1.0688626
0.42495522,-0.16641316,1.0567815,1.3588661,-0.54039633
0.96057415,-0.6355256,0.915109,-0.30498362,-0.04944668
0.2233055,0.026088394,0.47475225,1.017586,-0.25988713
0.90247035,-0.40607867,1.2632862,0.33014953,-0.6484203
0.95993453,-0.5437725,0.6200544,-0.5972414,0.38032842
0.09038899,0.10609213,0.109392844,1.3655419,0.25565353
0.9519387,-0.54284745,0.9634504,-0.080017254,-0.099515416
0.020850934,-0.33412394,0.091212444,1.7551699,0.7036672
0.22995326,0.063265,0.22626224,0.9391222,0.19087756
0.5647849,-0.27698693,1.3543932,1.376671,-0.88739884
1.0160118,-0.6151741,0.9478424,-0.37962162,-0.06625495
0.40150216,-0.26727852,0.29094997,0.8982312,0.49176878
0.15964165,-0.20560679,0.461142,1.726112,0.09060352
3.0854576,1.3898832,-1.1959392,0.9220746,-3.6800323
1.5520976,-0.5917137,1.4489418,-1.1667471,-0.78357095
-0.4123278,0.33816162,0.16038936,0.8208729,0.42702997
0.6830315,-0.23219761,1.4463043,0.542968,-0.32924286
0.33931282,-0.22249636,0.21397927,-0.2735163,0.7835117
0.2761697,0.14475647,0.5510089,0.64280856,-0.24778825
-1.6048138,-0.7335609,0.038812213,-3.5234954,0.8872549
-1.1206948,1.4099485,-0.12911144,3.337753,-0.94609207
2.1656523,-1.4516014,1.8260225,-1.7292899,0.21480912
-0.86675847,0.9852439,-0.42195025,2.6344945,0.116691865
1.6900259,-0.966925,1.725466,-0.9822804,-0.18591103
-0.43159518,0.3640348,-0.14977992,1.8598708,0.7450017
0.9939932,-0.40642914,1.1535215,-0.46435797,-0.46545312
0.0066842213,0.08876864,0.8070407,1.4721804,-0.0023700371
0.93454885,-0.6438416,0.6658721,-0.31531405,0.9745874
-0.12938657,0.41430536,0.025286337,1.475593,0.10625281
0.54180497,-0.70794046,1.2997472,0.201737,-0.22329491
0.16893551,-0.015599094,-0.08948795,1.1492676,1.078373
0.14256349,-0.18640694,0.8027293,1.4076465,-0.07276202
-0.5766356,-0.35180268,-0.06295658,-1.5527794,0.18609557
-0.16201207,0.6053001,0.6541361,2.019558,-0.97775626
1.602541,-0.9822124,1.2892706,-1.4244987,0.048364185
-0.45786205,0.3895885,-0.28375724,2.1317234,0.44350463
1.0436443,-0.6728381,1.4615096,0.35888082,-0.3911071
0.26963833,-0.029043518,0.41620657,0.7374918,-0.16586435
0.7338041,-0.26650128,1.0187985,0.2087846,-0.46217927
0.63968897,-0.28946814,0.787973,0.41807038,-0.084742494
-0.2826995,-0.24788079,0.64164025,1.4532897,0.39161834
0.7578492,-0.24357972,0.8090656,-0.44371873,-0.40862927
-1.604974,-0.90532243,-0.4881606,-1.6866778,2.5270069
-1.7972955,1.7443758,-0.73733354,5.0460067,-0.38925758
2.1383076,-1.7152685,2.2812397,-1.0266391,-0.61840945
-0.6941337,0.88470995,-0.033197623,2.363525,-0.70505655
1.151831,-1.205284,2.4599977,-0.3492735,-1.6817279
0.35133788,0.0683004,0.5009676,0.26384747,-0.4514857
0.94474643,-0.4020351,0.99659884,-0.66746557,-0.4942479
0.19664934,0.01839701,0.3625436,1.4714427,-0.18657565
0.8382683,-0.5396288,1.1220944,0.50219107,-0.2634289
0.15364602,-0.48749146,0.22576281,1.2367694,0.61729324
0.017425038,0.116990246,0.59180677,1.9085883,-0.4281937
1.1659113,-0.70497215,1.51265,0.08121587,-0.50371253
0.34934643,-0.09102043,0.6058757,0.8804067,-0.23590976
0.8197131,-0.70579946,0.4327658,0.05894209,0.7767696
-0.02651205,0.3034288,0.38370302,1.353754,-0.51434994
0.95353085,-0.48709807,1.6015452,0.85768247,-0.631007
0.35365102,-0.18293318,1.326444,1.5303668,-0.6863417
0.8855762,-0.84017694,0.7478427,0.29688048,0.4482797
0.0023833886,0.33827844,0.5625659,1.1833824,-0.8499657
2.1918778,1.3878495,-0.7302917,1.1322594,-3.7368102
1.4712943,-0.5380743,2.0557625,-0.13038503,-1.1809939
0.18647054,-0.029587112,0.19615391,-0.2755226,0.4617787
0.4860994,-0.10825571,0.6128139,0.08361949,0.17920044
0.6050758,-0.18122134,0.77084696,0.08998062,-0.023997463
0.34068844,-0.20753798,0.054429792,0.39764357,1.3251437
0.3353224,0.06243054,0.41566977,0.48955536,0.041745625
0.8470039,-0.3721207,0.6546276,-0.3432743,0.31288618
0.38079032,0.07373635,0.5336116,0.28457326,-0.28942606
0.89541453,-0.3880876,0.70226574,-0.22731058,0.4009576
-0.091809355,0.0375754,-0.57437074,0.76353425,1.9458078
-0.46456614,0.4656488,1.0666144,2.4938731,-0.43759778
0.7778426,-0.6073635,2.1015558,-0.6936536,-1.0073168
0.3192844,-0.1307815,0.4569382,0.880627,0.57539356
0.21609822,-0.106191,0.47361693,0.98900414,0.077413075
0.35409412,-0.26441512,0.8288728,0.8923225,0.19713917
0.53534496,-0.430302,0.30857602,0.27435297,0.6931301
-0.036361657,0.06636206,0.09693491,0.9427886,0.25668287
0.61268735,-0.11010345,0.91550136,0.18027557,-0.69287556
0.87655646,-0.37815985,1.162091,0.053523134,-0.41250637
0.31026217,-0.25026974,0.5777152,1.1460339,0.46262223
0.02912841,-0.06629642,0.7739341,1.5210946,-0.07265917
0.99709743,-0.51193887,1.0699631,-0.23936407,-0.16332772
0.50303364,0.0030690804,0.89163417,0.111150935,-0.8934824
0.8181022,-0.33225474,1.024149,0.10633977,-0.30810547
0.24435905,-0.15175995,0.8067865,0.9115337,-0.13917145
-0.43023208,-0.6152695,-0.2983737,-1.1191528,1.4202901
-0.7616828,0.9115654,-0.04599417,2.9639,-0.4402377
1.3608795,-0.918538,1.2978945,-0.96888345,-0.07870645
-1.4354879,0.33676687,-0.5200385,0.8293308,0.8654719
-0.027356945,0.05964581,1.7801732,2.5011802,-0.93173057
0.6923341,-0.69667995,1.1862799,-1.0001993,-0.70826733
-0.02236893,0.22799316,0.2744853,1.5552605,0.07288777
1.254877,-0.6070989,1.3530892,-0.85867506,-0.67343473
0.35808077,-0.1998752,0.4779838,0.90957856,0.018889211
0.34415063,-0.37365374,1.0378379,1.184535,-0.4772469
0.63697904,-0.36909756,0.39892933,0.22390063,0.4392801
0.018233635,-0.1670712,0.678723,1.7046821,-0.25540417
0.84248275,-0.40095028,0.99405587,0.0710841,-0.43756235
0.062144436,-0.20532784,0.1675229,1.2130637,0.5538793
0.7223886,-0.19543824,1.0803548,0.051225733,-0.83085674
0.5458955,-0.3188437,0.53997564,0.9080109,-0.047614433
0.50095206,-0.29899296,0.5383737,0.9268622,0.30450797
0.44355544,-0.31526265,0.6108405,1.0640906,-0.004683681
0.6400607,-0.27311978,1.0657117,0.7206035,-0.51078916
0.82143545,-0.49119172,1.012034,0.36646342,-0.18614006
0.012505867,-0.621404,0.27651867,1.6370583,0.5586302
0.11357168,0.15043083,0.78750813,1.615233,-0.7772186
2.475793,1.4277917,-1.2824012,0.09015961,-3.0758042
1.4930763,-0.5858868,1.2754639,-1.250083,-0.5416297
-0.4059504,0.46102825,0.58608717,1.1795311,-0.2648774
0.76300746,-0.42973694,0.62531996,-0.4393344,0.6788126
0.028807975,0.26439014,0.3944407,0.92978114,-0.028514989
0.29862264,-0.20916638,1.392506,0.08968164,-0.4911037
-1.3664918,-0.43341097,-0.52322644,-2.461382,1.2412605
-0.7376252,0.8564979,-0.12483347,3.23366,0.4554825
1.6513922,-0.86304843,1.6660404,-1.4864478,-0.63197756
-0.7334896,0.20727459,-0.5529769,0.77623683,1.0816944
0.6001716,-0.05175527,0.9212312,0.11908366,-0.6765599
0.81474763,-0.4386681,0.5152138,0.0020440333,0.7208696
0.0935295,0.21587673,0.35986698,1.024427,-0.1140135
0.71636045,-0.4854029,0.99432313,0.6215694,0.25835696
0.3287197,-0.02480682,0.13355449,0.536776,0.5720151
0.49091843,-0.009350143,0.9577687,0.58893174,-0.90150887
0.8654489,-0.4506677,1.0148115,0.23359771,0.040775917
0.5113086,-0.017914139,0.78536713,0.15727206,-0.6333258
0.80521095,-0.51254445,0.57076913,0.33769673,0.83858025
-0.03632661,0.1475102,0.20382085,1.6916864,0.3765991
0.6936559,-0.3841227,1.6200314,0.5514357,-0.90501434
0.7186448,-0.3498834,0.6626722,0.056943666,0.31919187
-0.05310186,-0.09752449,0.6142017,1.4953372,-0.054704882
0.8740806,-0.3820127,1.0533093,-0.049081016,-0.31629267
0.08772913,-0.09390291,0.33961582,1.6141905,0.4528655
0.93447,-0.41345057,0.8322159,-0.6320486,-0.12287224
0.33253738,-0.039533935,0.5563565,0.9439314,-0.113965966
0.7073833,-0.589196,0.54414093,0.34588712,0.5752432
0.11335889,0.28920475,1.0931379,1.2262305,-1.4028159
1.6107196,-0.9387106,1.4785168,-1.402215,-0.14763522
-0.2782084,0.45382562,0.14863753,1.8643633,-0.3412674
1.4210386,-0.75018585,1.5469027,-1.0099751,-0.52552056
0.29514793,-0.050129257,0.1454626,0.72365427,0.4419723
0.12094919,-0.3982776,0.714064,1.055554,0.040147595
-0.22874883,0.12462679,0.8495696,0.498505,-0.81194484
0.3424959,-0.7673472,0.8739204,0.11494322,0.36658224
-0.36836943,0.21015468,-0.26157406,2.028891,0.712099
1.0582291,-0.42783436,1.5068414,-0.07418327,-0.9813611
0.8161032,-0.27968344,1.0839448,-0.2111737,-0.7224707
0.41705826,0.009728111,0.78747076,0.5781981,-0.794255
0.57825315,-0.8772844,0.5536408,0.59798956,0.35052416
0.019310094,0.27649465,0.17331275,0.86393934,-0.19621569
0.8256975,-0.788545,0.91458577,0.6650174,0.46719766
0.118256785,0.2235252,0.76686966,1.2604811,-0.85671735
1.2156426,-0.725767,1.2696276,-0.41118532,-0.33928478
0.25388947,0.025969185,0.26953122,0.71404964,0.102038644
0.81667274,-0.34084973,0.9262549,-0.03630762,-0.31160316
0.5889414,-0.16770777,0.8506664,0.20636918,-0.5000446
2.7790678,1.2118894,-1.4440231,2.2633834,-3.326274
1.2756164,-0.5965894,1.5715835,-0.8559882,-0.61773705
-0.099241935,0.25811496,0.27474746,0.14221503,0.04485353
0.73545885,-0.30136046,0.7881242,-0.3437385,0.08476021
0.4257826,0.01432959,0.82886434,0.32054096,-0.4068048
0.9634543,-0.46734747,0.89414775,-0.3746,0.33609176
0.279528,0.18011156,1.0231059,0.90583545,-0.7580033
1.2771597,-0.6549305,1.2095536,-1.0007265,-0.13069645
-0.085519575,0.15897337,-0.34408942,1.1371689,1.3376247
0.59549403,-0.08598264,0.77747256,0.22326334,-0.2566712
0.6249152,-0.27045426,0.662807,0.3532278,0.5211979
0.21326312,-0.14531073,-0.014325837,0.4259264,0.9944379
0.5507684,-0.063154064,0.62533635,0.10240193,-0.17012346
0.5186561,-0.08614715,0.86328346,0.4567682,-0.5168001
0.21695814,-0.29712138,0.66833866,-0.1729558,0.22827008
0.3437238,0.14872137,1.238419,1.0480344,-1.1181115
1.2419269,-0.6950754,1.1907119,-0.7570583,0.045882873
-0.16627535,0.4864842,0.61450636,1.7316313,-0.6664143
0.95833737,-0.79737365,1.960579,-0.22997384,-0.8478525
0.004045643,-0.2847403,-0.79701906,0.5317898,2.8211422
-0.54798424,0.6572825,0.2687702,2.7352438,-0.49239838
1.2043484,-0.9346098,1.2503765,-0.71732587,-0.28262687
-0.19444981,0.111561455,-0.39986163,1.5915724,1.1518798
0.6873974,-0.32654223,0.55278295,0.028798532,0.28718978
0.5098416,-0.016009174,0.7481162,-0.11246018,-0.6682526
0.5801157,-0.39658484,1.1334804,0.78448427,-0.14767152
-0.005862795,-0.55902416,-0.23986879,0.57312334,1.5774701
-0.52713346,0.52117175,0.21497133,2.572567,-0.18070772
1.2254395,-0.8762449,1.0561078,-0.3064254,0.45134526
-0.34337804,0.2582747,-0.24380815,1.8324927,0.59034884
0.7701709,-0.31190333,1.6125094,0.5148956,-1.1792628
0.79529625,-0.50628597,1.1221465,0.051455867,-0.14629993
0.41205522,-0.017809235,0.6825231,0.4989928,-0.34616348
0.38418368,-0.6366199,0.70013493,0.7188608,0.6140021
0.032303967,0.3041655,0.6223896,1.2845664,-0.87922025
1.3188888,-0.7991928,1.1466609,-0.927424,0.061056815
-0.023654424,0.40375772,0.3425835,0.8772615,-0.66895354
0.31344274,-0.76521575,1.2280467,-0.29045373,-0.8282968
0.18696246,0.23710313,0.7049656,0.80762744,-0.9255303
0.5237317,-0.6225818,0.6845519,-0.315615,0.20948869
-0.04917153,0.18716636,0.473874,1.7797883,-0.28070647
0.5907576,-0.6345099,0.68221444,-0.23511939,0.17124486
0.057426788,0.06610457,0.06846132,1.5224143,0.55015177
0.6448547,-0.70170105,0.41271964,0.7890161,0.9446881
0.048080362,0.016103424,-0.0063938894,1.2791494,0.5097974
0.7859811,-0.48521695,0.58204246,0.059868526,0.41715312
0.29890552,-0.08475479,0.33279768,0.9061285,0.21702856
0.36906692,-0.02700027,1.0895886,1.326079,-1.0579066
3.090184,1.3419825,-1.4505355,1.4380773,-3.4473042
0.8044061,-0.5865424,0.9042931,-1.7573051,-0.12301312
-0.32896474,0.46573225,-0.033507925,0.723074,0.26778784
0.5235552,-0.18772063,1.4629626,0.84520215,-0.24762836
0.85015815,-0.3436106,0.93839914,-0.60568553,-0.18636218
-0.2943866,0.17107311,0.113960735,1.3996056,1.005937
0.55912095,-0.09227451,1.287757,0.77421874,-0.8432607
1.0565104,-0.50909454,0.96933985,-0.71823263,-0.049518414
0.09324662,0.19264999,0.6270815,1.1217617,-0.15533325
1.1236078,-0.6245201,0.70320284,-0.6788444,0.7510723
0.2306467,0.15921894,0.23779324,0.45503336,0.051237874
0.7213134,-0.29951033,0.8590355,0.3573289,0.07354116
0.43388107,-0.33560213,0.08253249,0.28229553,1.1526351
0.17469832,0.24465862,0.56916493,0.7246279,-0.6575988
0.89907825,-0.6472677,1.1269935,-0.100229666,0.26265064
-0.44470546,0.0085884705,-0.39683846,0.43946886,1.400526
0.2361767,0.023070015,0.5814236,1.376309,0.14729515
0.6902225,-0.34228024,0.7593754,0.038088452,0.054076128
0.4466534,0.008509792,0.89543253,0.65352255,-0.58291656
1.0892737,-0.5936282,0.9007309,-0.58332324,0.20605323
-0.40605053,0.08094851,-0.10702679,0.9132135,0.6266878
0.7596504,-0.38652357,0.840418,0.44568443,0.2011995
0.10309122,0.2364761,1.1133816,1.3014488,-0.8925507
1.4032582,-0.81051767,1.1677388,-1.0987476,0.111780666
0.21512565,0.1349527,0.31737772,0.7158081,-0.07426671
0.6895328,-0.42402443,1.1524626,0.82610697,-0.14930671
0.7557977,-0.45598444,0.56130886,-0.035898495,0.40593407
0.33685574,-0.17847237,-0.019415239,0.9137898,1.1206901
0.42691663,0.023341812,0.8782561,0.5445553,-0.76056844
0.61722225,-0.533356,1.0700996,0.2738809,-0.09785084
0.003921725,-0.17554936,0.058905385,1.7509546,0.802523
0.3509899,-0.2928799,0.7174858,1.0816575,-0.17680943
0.5356867,-0.16974148,0.45755938,0.34514952,0.20165843
0.20061097,-0.29236493,-0.2836757,1.2115197,1.5454438
0.41968432,0.054226555,0.8619477,0.3031649,-0.93475205
0.9181028,-0.7396954,0.56755906,-0.07364039,0.82151353
-0.13447472,0.4985005,0.39895085,1.2485318,-0.87074697
0.89100856,-0.970847,1.4620504,0.80771595,0.09220069
-0.006442331,-0.0205582,-0.049986757,1.3918618,0.6016552
0.3566701,-0.21223006,1.2848704,1.1589195,-1.067284
0.60606337,-0.6784028,0.89587873,0.24446906,0.4837311
0.22438946,0.14099899,0.566349,0.9083787,-0.5443383
1.0777818,-0.65286577,1.0541807,-0.25441718,0.07349103
0.1578004,0.07577006,0.43252912,1.1096925,-0.24200371
0.7632553,-0.7847303,0.78946674,0.35226005,0.3457776
0.060883977,0.25677028,0.48691687,1.0895214,-0.60526913
0.81387895,-0.3879064,1.9385227,1.0746591,-1.4469168
1.1589957,-0.5928677,1.0789614,-1.141991,-0.360646
2.874379,1.3931805,-0.97620416,1.0720174,-3.8823347
1.7636658,-0.8364743,1.5546273,-1.8210502,-0.50855154
-0.4672573,0.53968734,0.043239675,0.67742693,-0.10535527
1.0766015,-0.5600279,1.078702,-0.8732325,-0.0037157014
0.19405332,0.22581401,0.5991419,0.42597163,-0.63931346
1.0342277,-0.48592505,1.1983986,-0.2411599,0.008931987
0.34059206,0.05383555,0.6159645,0.48730123,-0.073099084
0.6908909,-0.32157597,0.4977933,-0.09486185,0.579867
-0.0021752939,0.2007753,0.21008804,0.71299535,0.19226384
1.0255034,-0.41151938,1.1536461,-0.5168756,-0.45307854
0.22019753,-0.14435467,-0.16666135,0.7806389,1.5857048
0.16686645,0.18567148,0.8052644,1.2873319,-0.43218315
-0.39803717,-0.41404185,0.7833406,-1.9473443,-0.63687795
-0.07668384,0.44364515,0.36004704,1.8512338,0.007641636
1.3124175,-0.61569625,1.7323204,-0.6771115,-0.99274784
0.5430291,-0.11852916,0.578987,0.18467368,0.054586045
-0.41253933,-0.22334751,0.5541816,0.2654761,0.085848324
0.40434852,0.08238856,0.9719004,1.0069526,-0.74697006
1.2732269,-0.63470304,1.1624897,-1.3618158,-0.37012616
-0.15846726,0.15999618,-0.11000071,1.9069694,0.9685237
-0.28686765,-0.48402008,0.7526903,-0.039462615,-0.17109662
-0.20562121,0.22035423,0.6853401,1.9728584,-0.27933487
1.0142331,-0.80675066,0.59501284,-0.40678525,0.86362064
-0.9046542,0.34857336,-0.38357192,2.8390477,0.86536473
0.19817391,-0.8340305,0.8518946,-0.5672965,-0.56539184
-0.2049453,0.13956848,-0.24198541,1.8582834,0.803007
0.39188787,-0.5100005,0.49517667,0.76982653,-0.10262505
0.27025542,-0.17121729,0.15467653,1.1563014,0.6328111
0.69083333,-0.27199683,0.55048,-0.100733206,0.11726963
0.4577935,-0.064203106,0.61148375,0.29325342,-0.30096057
0.48026773,-0.26425537,1.1183833,0.97336096,-0.3774396
0.7091995,-0.4640573,0.8895719,0.5244747,0.11895927
0.2883099,0.020483173,0.4611369,0.69078255,-0.19501522
0.90761983,-0.7356876,0.50291383,-0.012340296,0.854061
-0.26588294,0.36345783,0.38893116,2.2974176,-0.2811749
1.2930162,-0.9437293,0.8771372,-0.8352152,0.5589189
-0.42149773,0.61000174,0.10108151,2.125148,-0.5611353
1.5105325,-0.9046143,1.736894,-0.48046535,-0.48044124
-0.008446299,0.104139484,0.4280841,1.5282071,-0.022122003
0.4025248,-0.9692949,0.5967654,1.3753276,1.0609018
-0.3223445,0.40638986,0.13208678,1.9142492,-0.38186637
1.2213715,-0.7530612,1.9188967,0.3201279,-1.0122362
-0.13030782,-0.61886007,-0.27945605,0.90725756,1.1893742
-0.37171647,0.5446393,0.7235633,2.7847855,-1.081496
1.6921525,-1.0805124,1.7362292,-0.9764523,-0.48501322
0.07375393,0.21632496,0.25771937,0.96345145,-0.2068021
0.98979753,-0.5972546,1.543392,0.72706497,-0.6579609
0.3214849,-0.81193626,0.25745323,0.7697144,0.5340453
3.083366,1.3848954,-1.1918814,0.9996355,-3.799129
0.63764745,-0.43951926,2.4570782,0.36225808,-1.5451953
0.33021548,-0.18877682,0.18661836,-0.5503984,0.830387
-0.42963627,0.40614906,0.24079886,1.7236376,0.3741541
0.30732068,-0.37603316,1.0983014,-0.7763994,-0.40255
0.17200217,0.14083686,0.45332897,1.0535183,0.3126243
0.87090504,-0.41098294,0.9147822,-0.27785736,-0.13884822
0.40814617,-0.09111818,0.36790255,0.38790125,0.29337448
0.3276157,-0.4309195,0.1727148,0.19756116,0.98958415
0.023951389,0.3057677,0.08480879,1.0817205,0.21321023
0.9650252,-0.5647128,0.979513,-0.03983437,0.25553426
-0.19237325,0.34435573,0.11125239,1.8434801,0.4143745
0.9238331,-0.5113786,1.15562,0.29527348,0.17520839
-0.5481983,0.16174617,-0.024237374,-0.07199405,0.1488465
-0.46148947,0.18081728,1.1047045,2.4610603,-0.10149545
1.3064394,-0.77114046,1.0763085,-0.93162346,0.08567547
-0.14032641,0.3382379,0.18827972,1.5936259,-0.02937407
1.093885,-0.67579925,1.0442692,-0.25785148,0.15233123
-0.5147166,0.0010306016,-0.31609488,2.2163732,1.229077
0.6164274,-0.2630919,0.5605784,0.39675844,0.2815418
0.39840046,0.07445637,1.4264545,1.3436911,-1.350239
1.4494296,-0.96670806,1.0935365,-1.0442059,0.48406297
-0.19988343,0.40844503,0.26203075,1.7701108,-0.15952235
1.1356266,-0.5656236,0.9521221,-0.8307876,-0.027781226
0.17400613,0.04734818,0.19230798,1.1530008,0.4222134
0.89210004,-0.35801348,1.3039035,0.10731538,-0.66874003
0.6335707,-0.36307988,0.3352869,0.13136925,0.6213613
0.1192281,-0.3327411,0.3329732,1.251793,0.76997554
0.43170312,-0.022491775,0.85918444,0.69577664,-0.58810306
0.87383527,-0.6863421,0.5001528,0.03088547,0.9285885
0.00092390925,0.28502527,0.6042494,1.486669,-0.633433
0.562667,-0.8466333,1.5284011,0.32754332,-0.14433372
0.099203445,0.1709086,0.5309316,1.270184,-0.3361086
1.0533074,-0.8012217,0.6807116,-0.22780626,0.73921627
-0.18871328,0.4685289,0.6136502,1.8298944,-0.9769585
1.4885377,-0.9937185,1.6293126,-0.56382877,-0.18997741
-0.36158273,0.04604403,-0.32982686,1.4948121,0.9807211
0.23419026,-0.6481379,0.59100723,1.4268047,0.08658814
0.28278616,0.15254322,0.7053455,0.27372944,-0.9476746
1.1731174,-0.72175443,0.8576137,-0.6511477,0.3989767
0.057504393,0.064211525,0.34046406,1.5521921,0.07424381
0.80278265,-0.66804826,0.82887113,0.31035805,0.10210433
0.06978855,-0.1092213,-0.064368226,1.3147631,0.65976244
0.6049969,-0.15256104,1.2291582,0.7029639,-0.85708636
0.9158435,-0.6107014,0.99711186,0.22905798,0.101165734
0.14152959,-0.49036917,-0.10204045,1.2239823,1.0344647
-0.4012315,-0.36696848,-0.09834967,2.6213493,0.6727671
0.21727356,-0.470342,-0.12613979,0.78211606,1.249395
3.078766,1.3870317,-1.2641926,0.9410282,-3.750776
1.3013813,-0.4406136,2.0445282,-0.19314854,-1.3833941
-0.044808112,0.019488968,0.5342792,0.0033697598,0.46869716
-0.65903986,-0.011860691,-0.36260617,-0.9060275,1.0509515
-0.74412525,0.62775433,0.6937783,2.786467,-0.28171378
1.6976638,-1.0191292,1.2489421,-1.8562704,0.26672307
-0.25739518,0.5563981,-0.05901382,1.3520703,-0.0028237775
1.2758718,-0.77820003,0.8249578,-0.7145249,0.8359727
-0.9259969,0.4006845,-1.4084331,0.9435439,2.5584178
0.28041294,0.2685863,0.928213,0.64468503,-1.2074612
1.0558358,-0.43777165,1.6393052,0.1266466,-0.7446296
0.6748304,-0.23999628,0.8387351,0.061451923,-0.22570363
0.71868235,-0.20959076,0.85443026,-0.15473591,-0.3998777
0.39997008,-0.09902891,0.20629421,0.40168762,0.49569774
0.5554497,-0.09673055,0.9053373,0.5832866,-0.37874722
0.7809393,-0.5320733,0.5267346,-0.25624055,0.61071444
-0.045376383,0.25488916,0.11953088,1.4028099,0.24060923
0.78523135,-0.57628804,0.8287137,-0.13166945,0.27435628
-0.09831693,0.019026436,-0.066347815,1.2926801,0.5295649
0.91567826,-0.39076266,0.7399,-0.5969011,0.042365305
0.35009995,0.05405251,0.6202775,0.7317522,-0.31042862
0.41783807,-0.51114255,0.86614925,0.18266542,0.14670312
0.24934205,0.0693113,0.75132287,1.1549442,-0.25016412
0.65813524,-0.67756355,0.61148095,0.036815833,0.41217235
-0.43268165,0.2999741,0.22104034,2.0942097,0.22756225
0.93888223,-0.5548757,1.3514595,0.43668562,-0.20214024
0.63987046,-0.103048645,0.9865922,-0.18790857,-0.921495
0.58813405,-0.35271582,1.0412166,0.7810047,-0.44280586
0.8732169,-0.3855389,0.86417645,-0.3660221,-0.17664176
0.39750925,-0.32601294,0.17915186,0.8911777,0.8840943
0.32514486,0.06476227,0.94763345,1.0212209,-0.7786731
0.9928617,-0.5571907,1.1744306,0.009636473,-0.14047822
0.013937809,0.075073875,0.23796764,1.4959766,0.17365271
0.9342572,-0.5290478,0.8664165,-0.20123075,0.09326374
0.13739023,-0.4065412,-0.052533723,1.2163328,0.9708278
0.051258422,0.16692701,0.576948,1.4903766,-0.42954713
1.1889826,-0.6297082,1.1919961,-0.5882465,-0.26044112
0.33999124,0.0030166283,0.39961448,0.5233594,-0.0042463616
0.50378466,-0.44546542,1.1282597,1.4680084,-0.071758606
0.36088333,-0.6116503,0.09455385,0.84219074,1.0456924
-0.017099284,0.33897224,0.52989477,1.2729123,-0.7249606
1.1300877,-0.9227723,0.8860697,-0.3043483,0.33945808
-0.036844812,0.3961474,0.3724676,0.72453743,-0.7867056
1.2551837,-0.8057517,0.88584435,-0.79414326,0.48194638
-0.21334669,0.45133653,0.33693352,1.4083291,-0.6674246
1.3250471,-0.9595555,0.9416262,-0.5198359,0.7351888
-0.84987366,0.11061255,-0.5084412,2.950757,0.7998688
0.73742026,-0.29410776,1.0097935,0.2405981,-0.6330277
3.2732472,1.3886338,-1.23869,1.2753414,-3.7583392
1.6147188,-0.82267463,1.1869922,-2.075873,-0.12766114
-1.1630447,0.649634,-1.142753,1.264116,2.2110965
0.2641271,-0.06770786,0.36868963,0.5766973,0.88223696
0.54089874,-0.080458485,0.7344108,-0.16858326,-0.3223028
0.19239607,0.110273995,1.0140204,1.2745507,-0.2333014
1.0242567,-0.55272275,0.90860224,-0.43102205,0.39369345
-0.060451828,0.20368162,-0.0036532679,1.0778475,0.74485475
1.0234731,-0.43212828,0.9881233,-1.0304747,-0.37788728
0.11285696,0.1611239,0.6876623,1.1137071,-0.1485185
1.0508566,-0.5429905,1.0928004,-0.39118928,0.08174046
0.27452245,0.09083096,0.52281445,0.48756874,-0.18565089
0.47302166,-0.3376573,1.1525623,0.6095808,-0.22471836
0.40590063,-0.11427816,0.8749945,0.5728499,-0.1322625
0.79191667,-0.34113583,0.88925767,0.05492164,-0.06266565
0.55793935,-0.17093596,0.3464702,0.12789758,0.41549632
0.6208547,-0.25945362,0.70723623,0.47871548,0.23748404
0.65995896,-0.2038258,0.8346111,0.13713439,-0.24036333
0.71638423,-0.4408377,0.32694158,0.03450073,0.9035628
-0.055259787,0.26974025,-0.06834779,1.3607682,0.42630917
0.90520155,-0.38510022,0.9601984,-0.22774528,-0.15825188
0.18561438,-0.07867988,0.20962882,1.2065591,0.6999353
0.79699856,-0.324375,0.8964501,-0.011579085,-0.14593866
0.54487914,-0.16702351,0.7222032,0.5163669,-0.03599868
0.8731731,-0.3224605,1.0162566,-0.59851205,-0.51352024
0.5205749,-0.22146639,0.31122604,0.45671314,0.69225633
-1.3598328,-0.4223841,-0.6142428,-1.6768942,0.9586512
-0.41823706,0.4739124,-0.14426866,2.691239,0.65200996
0.9565875,-0.43961462,1.5736486,0.5116836,-0.704169
1.0006685,-0.5245703,0.7796764,-0.68208987,0.105364345
-0.033998452,0.35144392,0.4521625,1.3437363,-0.76582754
0.9799229,-0.7542676,1.6654911,0.46642596,-0.42903635
0.54948163,-0.04744228,1.1519626,0.30632383,-1.0988159
1.0382657,-0.6581944,0.6512873,-0.6241316,0.5745578
-0.043225966,0.2648765,0.3088931,1.4577469,-0.18986332
1.2163647,-0.6154364,1.4532753,-0.45148623,-0.5398242
-0.00033279508,-0.041601025,0.41428474,1.6939425,0.3198686
0.7718307,-0.28040823,0.9508361,-0.1228988,-0.54767865
0.37430027,-0.3027266,1.1220186,1.2212541,-0.17971942
-0.11416968,-0.7260126,0.2466878,0.17456158,0.38853118
-0.49805406,0.1824123,-0.33582735,2.7395632,0.9685851
0.48172095,-0.5087202,0.96375215,1.3250227,-0.121003695
0.12935933,-0.2734321,0.8724589,1.0096571,-0.48357075
0.19571683,-0.35929856,0.09097745,0.38733673,0.9198352
0.08303527,0.3314549,0.76056737,1.4018126,-1.1152067
0.9212458,-0.7827872,1.1314154,-0.41912,-0.13235584
-0.54223144,0.24915043,0.5302068,2.4380803,-0.17300493
0.89609045,-1.193654,0.6420604,0.12664069,0.78112376
2.7306714,1.4586741,0.23953444,-0.1182863,-2.6705716
1.314742,-0.6013053,1.6715437,-0.571553,-0.790836
-0.5204131,0.28539243,-0.31916675,0.44317657,1.0412363
0.3985131,-0.1592749,0.006796201,0.35480922,1.4737027
0.039243378,0.24716201,0.39412645,0.8303379,-0.2197324
0.98198694,-0.4022282,1.4880931,0.021595549,-0.5463157
0.8421861,-0.28758702,0.93536633,-0.7024006,-0.45840156
0.56540823,-0.06722387,0.70473796,0.060106527,-0.30282652
0.70239526,-0.21806416,0.9010333,0.13952817,-0.17006296
-0.3172376,-0.1617783,-0.5736516,-0.47083908,2.068692
-0.15880772,0.7178861,1.3564346,2.3418748,-2.0478005
1.5846292,-1.0003561,1.3062506,-1.4533736,0.051005386
-0.5744376,0.54280347,-0.3421959,1.9856693,0.5080274
0.6055201,-0.6362003,0.7340264,0.34756887,0.6438833
-0.6091359,0.21309438,-0.22164196,1.2681423,0.6138975
-0.39827874,-0.2917975,0.4960634,-0.28470826,0.1780985
-0.056776844,-0.091747604,-0.1878604,1.7666136,1.6257991
-0.12864307,0.100243725,0.8771836,0.7468958,-0.8938523
1.0715321,-0.45438942,1.247479,-0.50304204,-0.5345193
0.1421642,-0.057269894,0.29640234,0.31758267,0.048110954
0.23120996,-0.55677587,0.03623693,0.9298559,1.6553388
-0.22680995,0.39237323,0.3346289,1.8969518,-0.58727336
1.3414168,-0.85033834,1.0933105,-0.59660804,0.40095502
-0.05933281,0.21784607,-0.023401598,1.3662953,0.39083013
1.1730673,-0.6804794,0.8265133,-0.81040996,0.3704628
-0.2304186,0.2435452,0.02589505,1.9589206,0.33980897
0.7634443,-0.3819674,1.0779648,0.46521038,-0.33961493
0.49616054,-0.15953955,0.60380495,0.46410102,-0.19628483
0.40680435,-0.24737534,0.4179806,0.86153376,0.5214347
0.42540458,-0.29777703,0.7007788,0.91803646,-0.026583351
0.59354013,-0.23911175,0.9712849,0.56883144,-0.33214074
0.7198527,-0.44199166,0.96044135,0.51548177,-0.03411544
0.35453847,-0.40748057,0.07244202,0.9877394,1.1737942
-0.16473326,0.2511913,0.89511263,1.9063597,-1.2066739
1.4117097,-0.87696016,1.1591002,-1.0272665,0.14637989
0.061370887,0.22499385,0.07171836,1.0428082,0.24504119
0.55407786,-0.86289346,0.6017053,0.844915,0.671042
-0.16188815,0.49914184,0.57370055,1.6294953,-1.2218893
1.4209135,-1.0392588,0.9067535,-1.0394655,0.7073058
-0.48348555,0.5560095,-0.20794281,2.2230787,0.0872614
1.0967125,-1.2560838,0.8587439,0.5096006,0.96082306
-0.6658328,0.55895394,-0.3167285,2.6707768,0.18803498
1.0004895,-0.7863325,1.536708,-0.08246611,-0.7621466
0.34694067,-0.013198219,0.45897272,0.64335734,-0.068750955
0.8648005,-0.5602115,0.58706224,0.09153058,0.62417454
-0.0572963,0.19497696,0.5008102,1.6261396,-0.82337564
1.119964,-0.95164,1.2215161,-0.09549521,0.052430563
0.098620154,0.26258054,0.45759675,0.652126,-0.6981658
3.0354223,1.3811642,-1.2805746,0.94139206,-3.741422
-0.6207867,-0.45562443,1.702998,-1.8277162,-0.66303676
-0.21327159,0.296281,-0.2419186,1.0572555,1.3297762
-0.36036983,0.06470505,1.2267652,0.89055026,-0.53168195
0.8326544,-0.43794093,1.4243244,0.005466532,-0.21798658
0.45224974,0.07738892,1.3727797,0.63557214,-1.2525042
-0.39803717,-0.32529768,0.43654153,-2.3290963,-0.17843685
-0.7023899,0.6754285,0.7560691,3.2706425,0.25047225
1.5979561,-1.016795,1.8528178,-0.8725932,-0.52827674
0.009162582,0.30978027,0.2597703,1.0194939,-0.26026827
0.97033864,-0.68878114,0.7454628,0.021595549,0.67333925
-0.4592552,0.44678035,0.5716683,1.9487003,-0.26077992
0.2875038,-0.9213108,0.51095957,-1.2952777,0.31358278
-0.50349766,0.74192584,-0.075964905,2.049668,-0.2888349
1.5188925,-0.9429997,1.9660965,-0.29611266,-0.63002086
-0.03965112,-0.09134706,-0.37335348,1.3656344,1.3486354
0.5146106,-0.077342354,0.7316147,0.22592069,-0.49180117
0.9584187,-0.5274885,0.91415656,-0.15968083,0.14560118
0.23125628,-0.00042852014,0.34150198,0.99446243,0.26456586
0.44209972,-0.5399626,0.48357037,0.7385736,0.16291332
-0.007846735,0.20960632,1.0505127,1.671356,-1.1290808
1.411711,-0.8435029,1.0273906,-1.393112,0.23803371
-0.37195554,0.38371626,0.08091756,2.220081,-0.041954346
0.9588393,-0.53445274,1.2752827,0.2298959,-0.33429536
0.4983898,-0.15665469,0.6160998,0.31608582,-0.15125996
0.4795017,-0.19968924,0.6316364,0.77077264,-0.15636432
0.6167053,-0.271427,0.8606844,0.5310974,-0.18501478
0.566884,-0.48968253,0.4676759,0.5503244,0.47086042
-0.2260414,0.08065287,0.24717024,2.6517663,0.4695113
0.8854235,-1.0090417,0.2909732,0.3546912,1.5817274
-0.6932212,0.43340507,-0.77612466,2.8367622,1.3008051
1.0078633,-0.7233876,1.4510534,0.48955142,-0.39469728
-0.034375213,-0.3852671,0.019738277,1.648795,0.9861409
0.054315068,-0.06596025,0.2684293,1.6529866,0.21274698
0.96957386,-0.42165694,1.1367527,-0.5079024,-0.60495454
0.30312875,-0.47538456,-0.07737938,1.1334965,1.3887582
0.2167103,0.24671856,0.9319106,0.6474781,-1.3393726
1.1406208,-0.8555597,1.2187856,0.23647536,0.30017626
0.032500483,0.29004398,0.43335584,0.84548736,-0.64631575
1.2089497,-0.70861995,1.3653088,-0.16990308,-0.27838245
0.3924962,-0.084235035,0.36583915,0.31298786,0.06636428
0.4007624,-0.34006295,0.6779982,1.3132721,0.03568279
0.5183181,-0.22688088,0.8643661,0.63235027,-0.45275444
0.59031326,-0.45799193,0.39998594,0.642962,0.86149627
0.09962902,-0.24070916,0.5416568,1.5913167,0.23377115
0.8490166,-0.28551754,1.184584,-0.37310314,-0.8943821
-0.7828991,-0.8434695,0.0880109,-0.19839047,0.65648776
-0.6381853,0.8956653,0.76700157,3.3188722,-1.4782565
2.9447424,1.382702,-0.83048123,1.3170625,-4.2445874
1.6892399,-0.79111755,1.232452,-1.8255073,-0.27404124
-0.6007383,0.53245133,-0.20792243,0.71402407,0.4312718
0.7985682,-0.40571627,0.7273486,-0.25920475,0.6345475
0.27075985,-0.056044422,-0.1666036,0.39624506,1.3960171
-0.0033268556,0.16482893,0.36938214,1.0281289,0.10896056
0.9649526,-0.38102326,1.0100114,-0.5996057,-0.30230364
0.37772617,-0.09484466,-0.043660678,0.54505885,1.3935997
0.28789434,0.11727158,0.7885562,0.8124268,-0.36665267
1.119964,-0.59139186,1.1131885,-0.4385181,0.23734835
0.13054594,0.21624628,0.7274455,0.922529,-0.46506852
0.9731437,-0.6835216,0.5655942,-0.54536694,0.9716204
-0.99002314,0.35141054,-0.90881205,0.46207505,1.3358728
-2.1596332,0.4714543,-0.024779836,-2.7189112,-1.0793837
-0.038389407,0.15635076,0.8269878,2.043167,0.028677039
0.84281445,-0.29232678,1.0720197,-0.16322331,-0.8001666
0.48189744,-0.35396275,0.4653339,0.43538547,0.42541897
-1.0837572,0.23211065,0.5105564,0.45132762,0.63485426
0.52805257,-0.1900166,1.6988888,1.6871605,-0.8304851
1.1540816,-0.66117465,1.1718168,-0.64292586,-0.11878253
0.14009765,0.21448436,0.3352529,0.91050696,-0.18901548
0.8583505,-0.6431478,0.91402686,0.6276473,0.51874256
-0.12174996,-0.005187355,0.14777854,1.5115174,0.3807571
0.5876459,-0.5263894,0.23375818,0.64232665,1.1100414
0.1543357,0.21442476,0.5204419,0.85204715,-0.51718473
0.99271524,-0.5153077,1.3823034,0.21756901,-0.4290614
0.38946208,-0.3029817,0.36979607,0.62922084,0.20262468
0.4522247,-0.10001358,0.5012779,0.6478656,-0.09667543
0.4378089,-0.34787354,1.0924402,0.89124656,-0.4989573
0.7903821,-0.25697646,1.1685587,0.055136036,-0.7562117
0.3114713,-0.31730112,0.38786492,0.19589515,0.141126
0.44950977,-0.035826527,0.65111804,0.5077261,-0.31011835
0.8863898,-0.37018237,1.6492553,0.77080214,-1.1409196
0.5431205,-0.7857889,0.23321742,0.39090675,1.1593194
-0.63506985,0.14797512,-0.19992876,3.1059868,0.77155024
1.1141725,-0.7725352,0.84397626,-0.524472,0.2888967
-0.01511284,0.37460628,0.35175213,0.91287124,-0.60847557
0.84867364,-1.0151285,1.1912956,0.8969704,0.47510138
-0.42316875,0.25510374,-0.24168247,1.9130316,0.25692832
1.1179726,-0.56893045,0.9996577,-1.0545206,-0.26263636
0.29186097,-0.32046732,0.14784989,1.2705519,0.7499695
0.3158097,-0.27339396,0.5381744,1.3575443,0.077382825
0.6667081,-0.5114239,0.71648467,0.6540064,0.19104955
0.54104394,-0.21089253,0.4963754,0.3619414,-0.0034279004
0.24847087,-0.7042831,0.2692396,1.2154497,0.35654983
0.11642305,-0.015813671,0.12614235,1.1787149,0.25854278
0.39141724,-0.5240148,0.86158985,0.7841912,-0.26094586
0.4092289,0.049613155,1.4414952,1.3031522,-1.5719728
2.9513164,1.3782316,-1.3420398,0.9829243,-3.4930472
1.2876227,-0.6971258,1.1585605,-1.4390836,0.055089913
-0.5355699,0.51476306,-0.12860861,0.7236031,0.44131544
0.47708967,-0.2523106,1.3516679,0.67627037,-0.13447848
0.14056203,0.016794838,0.68663853,-0.47929895,-0.36787042
0.505507,-0.20015177,0.56205857,0.32061177,0.22083133
0.54378015,-0.040280186,0.971012,0.3453462,-0.6330156
0.49389496,-0.557875,0.041501306,-0.09732251,1.8232824
-0.8506497,0.9274012,0.63973254,2.4738533,-1.2030033
0.07898102,-0.9754509,1.4167758,-3.4527578,-1.4966451
-0.47039154,0.68616927,-0.075660266,2.3969061,0.3041307
1.5478531,-0.7823652,1.8759879,-0.70771927,-0.88544214
0.5710434,-0.037786327,0.8093102,-0.31372476,-0.80942374
0.7850411,-0.3579205,0.9978078,0.14939047,-0.30849525
0.638063,-0.21414217,0.44822767,0.044024717,0.38250032
0.38604996,-0.5745166,-0.46059358,1.2408174,2.7235327
-0.77158374,0.7705599,-0.16471857,2.637844,-0.03651508
1.1438489,-1.1954826,1.0127974,-0.28711385,0.6315735
-0.6181957,0.9032661,0.5425917,2.387156,-1.4964688
1.6929185,-1.2504524,1.790532,-1.034257,-0.011395581
-0.41869017,0.57763404,0.13422379,1.8598924,-0.22707176
1.6003468,-0.98801553,1.4013462,-1.1130788,0.09790658
-0.69720286,0.44346395,-0.27810046,2.8819077,0.68306655
1.1788964,-0.754413,1.028445,-0.2929852,0.30071816
-0.20645234,-0.028018318,-0.36363107,1.8088067,1.2829692
0.436034,-0.0879043,1.5133617,1.5270662,-1.069207
1.1780716,-0.7184285,1.0628692,-0.68184596,0.19087496
0.32303324,-0.0046389922,0.28585377,0.56601083,0.16254342
0.6431637,-0.2980536,0.7395931,0.39115852,0.039495938
-0.2722691,-0.7076925,-0.6580741,-0.5645644,1.9614909
-1.2308259,0.91606677,-0.48905754,4.291802,0.62591946
1.514061,-1.0146302,1.7183348,-0.95449126,-0.4647038
-0.11466535,0.4007775,0.65562874,1.6011043,-0.8049512
1.432036,-0.99166095,1.0274853,-0.8504178,0.58486074
-0.30189052,0.57155675,0.18832275,1.504279,-0.6252043
1.3303106,-0.9672612,1.7378668,0.16841681,-0.42583337
0.080297805,0.090742745,0.106853805,0.901992,0.17709336
0.5267946,-0.32374558,0.84933233,0.71660864,-0.2475402
0.321202,-0.8914846,-0.10487846,1.2792714,1.7728446
-0.41798672,0.32252613,-0.31819847,2.3529842,0.6129771
0.8514599,-0.8156961,0.49310026,0.28785217,0.8875911
-0.11886104,0.405193,0.4227614,1.3072985,-0.8681939
1.4197093,-0.81350744,1.6851064,-0.41522545,-0.64937615
0.25754192,-0.21069226,0.08987781,1.022405,0.6846698
0.56442815,-0.20909962,0.894603,0.6624643,-0.46755242
0.49051538,-0.58874303,0.46739787,0.38831627,0.6333781
-0.15610906,-0.3040236,-0.37471926,1.7859566,1.6628424
0.28105006,0.11051241,0.6149197,0.35354447,-0.74701846
3.0769353,1.4305192,-1.0831071,0.5834951,-2.9586258
1.2698948,-0.66818416,1.5512457,-1.3787867,-0.57006234
-1.5264206,0.23580137,-1.4895701,-0.40116173,2.9392374
-0.6524159,0.68692505,0.026005467,2.055795,0.36580613
1.059482,-0.42735752,1.3754864,-0.5132269,-0.72561836
0.4997454,-0.019113384,0.5452372,0.21562763,-0.07117609
0.7011348,-0.16277489,0.9556775,0.12068279,-0.45406726
0.62353706,-0.20357785,0.47568825,-0.016935099,0.34589687
0.59702986,-0.06944116,0.9759123,0.23799975,-0.6320951
0.6726562,-0.5555838,-0.025746414,0.17824765,2.119078
-0.45112666,0.46258512,-0.46477926,2.0791094,1.3059691
0.99821395,-0.47365603,1.0091593,-0.2751823,-0.042403765
0.43807676,-0.29395518,0.09146442,0.3605134,0.952928
-0.375051,0.21937194,0.1148537,1.2400503,-0.02413056
0.858174,-0.4369491,0.90883386,0.07727213,0.09097429
0.27239832,0.13489547,0.59875345,0.8455916,-0.26236066
1.0805368,-0.5168455,1.1074299,-0.559112,-0.20473737
0.41673157,0.018270649,0.6260034,0.3720535,-0.36441854
0.6939651,-0.59261733,0.58930457,0.12070836,0.5063792
0.21832624,0.18871608,0.37606212,0.46013564,-0.29180366
0.911057,-0.5062335,1.1204778,0.2095281,-0.07064802
0.3366517,0.003090538,0.7951173,0.78102636,-0.38849875
-2.4071681,-0.52851135,-0.26151857,-5.7562156,0.4575481
-2.3805578,2.3996263,0.2441901,8.064843,-1.1341982
3.2400992,-1.9420499,3.334906,-2.516966,-0.7588391
-0.6192033,0.7902485,-0.39333794,2.0743456,-0.16307321
1.5505643,-0.6722802,2.497209,0.22657962,-1.8725703
0.7310516,-0.4540151,0.7129513,-0.217346,0.045878552
0.41269484,-0.10209259,0.22912744,0.47897315,0.47008
0.60778946,-0.11372026,1.0378362,0.35177225,-0.77932477
1.0873773,-0.5160468,1.0674745,-1.0066981,-0.4391984
0.2996603,0.10070149,0.56881046,0.5606627,-0.54002815
1.0855398,-0.5397528,1.2125338,-0.4366554,-0.35656407
0.4538519,-0.12305673,0.67352885,0.7049859,-0.1534647
0.68324804,-0.33297,0.50404346,0.19045259,0.32425734
0.4253858,-0.060955845,0.7103732,0.65706897,-0.36524305
-0.7464584,-1.0794657,0.13427758,-0.63976693,1.5499172
-1.2684038,1.3878471,-0.057591982,3.9686494,-1.0268445
2.041237,-1.7450875,1.751332,-1.4787216,0.085115425
-1.139653,0.25604787,-1.36724,3.622326,2.032078
0.5488057,-0.20987448,0.96506244,0.8733414,-0.7772393
0.008013524,-0.6773609,0.3436792,-0.29167718,0.040416382
-0.59743756,0.22324386,-0.48471048,2.21574,1.1463389
0.7540553,-0.29368576,1.0375202,0.51044047,-0.6164588
0.5784747,-0.4840344,0.42521268,0.46495074,0.6161705
-0.18157986,-0.08172687,0.30164802,2.025026,0.06935983
0.5530515,-0.8088249,0.6263318,0.89911044,0.25003493
0.006209828,0.31373325,0.49527916,1.2024972,-0.8629539
2.818896,1.6008216,-0.9388694,-0.47986937,-2.6105933
1.4635913,-0.7327479,1.4124485,-1.3718551,-0.27259445
-0.31782213,0.53300685,0.46005934,0.84817815,-0.6478697
1.1977583,-0.7047838,0.9596152,-1.0224888,0.50354266
-0.16142002,0.49284044,0.25364807,0.98037314,-0.3887978
1.1761565,-0.59549266,1.5988414,-0.36189348,-0.26595688
0.117585875,-0.022754036,-0.30109394,0.5934105,1.7222979
-0.053238295,-0.026010834,-0.57217765,0.49452388,2.3625965
0.16515413,0.16974989,0.23324063,1.0407075,0.30255127
0.9424621,-0.37045655,0.9806166,-0.45898032,-0.29929945
0.6996728,-0.14979538,0.8870555,-0.45838434,-0.6668248
0.43150285,-0.24813113,0.7476428,0.30520856,0.41313428
0.36619803,-0.0057190284,0.42551562,0.5913255,0.35071257
-1.1428473,-0.19020733,-0.01932464,-1.7081903,0.25565267
-0.12916127,0.58133906,0.7192955,2.1698155,-0.7976568
1.625954,-0.99115074,1.2821829,-1.486796,0.13718149
-0.5923682,0.46369377,-0.33709744,1.64302,0.65554917
1.0287241,-0.5018919,1.2320884,-0.3142401,-0.48173505
0.07987849,0.118458904,0.6631909,0.5865891,-0.38451967
0.4501281,-0.40119347,0.53021413,0.9868995,0.71662086
0.2310923,0.10903183,1.1080816,1.0812091,-0.9900556
1.0445843,-0.90239704,0.42676985,0.0873626,1.654714
-0.49067906,0.6839806,-0.24399897,2.1049533,0.08224606
1.2745425,-0.8382648,1.4089571,-0.29830384,-0.1902557
0.15582773,0.14061275,0.22858271,0.7903281,0.03759282
0.63509274,-0.28643307,1.1134648,0.43131584,-0.3702584
0.94220924,-0.40642437,0.8859264,-0.8160276,-0.28360176
0.4970818,-0.032378994,0.8956307,0.3373407,-0.61586416
1.0574055,-0.4806536,1.0911939,-0.8184843,-0.4596919
0.49035767,-0.11923488,0.62774575,0.4877379,-0.099191315
0.7250372,-0.23219761,1.3855774,0.68608546,-0.78169113
1.0133069,-0.5040663,0.9894472,-0.5711596,-0.20478144
0.27641,0.004974045,0.4129031,0.95208246,0.10161688
0.9229381,-0.3484982,1.1113329,-0.5038406,-0.654038
0.3625343,-0.14908013,0.9821919,1.3629673,-0.10138915
0.42694542,-0.6399101,0.5770097,0.32832223,0.28864002
-0.5256577,0.036905445,0.055101357,2.0212219,0.42332312
0.39127204,-0.6272334,0.21196571,0.7494784,0.86951494
0.013139226,0.37352386,0.6655918,1.2996668,-1.0657464
1.3034517,-0.96893966,0.9645166,-0.70681053,0.4936477
-0.1501585,0.3137714,-0.13109216,1.480001,0.385737
1.1401252,-0.6135815,1.3299853,-0.17441331,-0.35423747
0.07021163,-0.37125048,0.14966527,1.2677706,0.74762213
-0.03033223,-0.17448363,0.20461869,1.9401441,0.3968895
0.43107226,-0.2713078,0.5928283,1.0272417,0.19280574
0.6355133,-0.5188506,0.28918782,0.3627321,0.83464956
-0.30299327,0.19038978,0.6859783,1.8760253,-0.68729156
1.083213,-0.69043577,1.1205072,-0.1348264,-0.0035454407
2.8638046,1.3736421,-1.2952199,1.1393286,-3.71862
1.126727,-0.5533927,1.674572,-1.0517197,-1.0728672
0.05572573,0.11582676,0.30843785,-0.19652973,0.17261213
0.34669158,-0.27525124,-0.06786931,0.27285415,1.8610595
-0.58165616,0.5424029,-0.22704336,0.9150034,0.3983648
0.5640789,-0.40809807,0.64717245,-0.21131729,0.4950193
0.31572708,0.17387453,0.90825796,0.5844589,-0.8727253
1.0925506,-0.5775636,1.0869477,-0.36281598,0.15674332
0.25952837,0.17809215,0.5823437,0.65888447,-0.40286633
0.51634294,-0.49287257,0.98079556,0.1362532,0.26834357
0.24697134,0.1319057,0.32458827,0.64933884,0.06724929
0.6784027,-0.32327113,0.8863959,0.3685897,-0.099847294
0.78688484,-0.25521454,0.7634059,-0.7155753,-0.345447
0.59587955,-0.07230934,0.9633337,0.03210498,-0.765812
0.7503478,-0.4096788,0.8002124,0.011373293,0.19654974
0.20619228,-0.12837347,0.38751498,0.6590949,0.53282666
0.7241973,-0.22631583,0.86681116,0.063409045,-0.21691403
0.39736405,-0.323047,0.23923999,0.3468588,1.0918564
0.33019295,0.057912506,0.5361263,0.7189808,-0.15576538
0.86453015,-0.37841257,0.8727743,-0.24727516,-0.08566899
0.06747917,-0.30470547,-0.21531984,1.0081958,1.5996454
0.056718327,0.33777538,0.49589863,1.0693148,-0.5792806
1.0664427,-0.6169265,0.9305895,-0.3742656,0.2623689
0.15932748,0.19152465,0.18223336,0.7730897,0.104392044
0.82606673,-0.38737473,1.0648069,0.20989002,-0.19289345
0.41773418,-0.12943682,0.8436189,0.85123086,-0.19625717
0.4469225,-0.038253628,0.77889156,0.763253,-0.5407092
0.7161389,-0.38652834,1.2823766,0.38839102,-0.3025007
0.69819456,-0.47888216,0.21842203,0.056255233,1.0286369
-0.09630295,0.17714801,-0.16767493,1.7071762,0.9225343
0.5064683,-0.37264284,0.89403224,1.069187,-0.020370133
0.6873624,-0.1703566,0.8845867,-0.2679695,-0.5972409
0.76312137,-0.4791325,0.5096465,0.03073598,0.6036897
0.09762756,0.14701667,0.2976928,1.1717144,0.049425505
0.9805625,-0.47301707,1.3133241,-0.16964345,-0.48781863
0.49416533,-0.043024383,0.9252487,0.47080636,-0.62316984
0.6500793,-0.57674104,0.33771947,0.27629435,0.8134015
-0.014463209,0.4229838,0.5622035,0.93319184,-1.119159
1.4177542,-0.8685988,1.2513278,-0.92439294,0.04354935
-0.35774878,0.20167175,0.07868203,2.0544143,0.22375256
1.0140053,-0.46711144,1.6111623,0.14118631,-1.0094334
0.69301754,-0.41433272,0.7598165,0.25548595,0.07663005
0.044263937,-0.30235228,0.041941844,1.2239567,0.8513584
0.085340895,0.02671305,0.67304754,1.7457107,-0.36210662
0.64618903,-0.34090218,1.2987473,0.3084029,-0.8823904
0.5308451,-0.15255389,0.89241785,0.68243676,-0.6095481
0.72506225,-0.38585123,1.465312,0.6779816,-0.8296986
0.7351096,-0.36995587,1.0233698,0.26084983,-0.4450832
3.0730484,1.3820034,-1.2525342,0.96193296,-3.7114804
0.63930845,-0.55940324,1.5780766,-1.2433698,-0.66688794
-0.0054171905,0.2670485,0.35221758,-0.014226604,-0.19555539
0.37761727,-0.14657912,0.5573961,0.52154,0.5165145
0.4787707,-0.00278648,0.96439487,0.36674273,-0.65594715
0.9283417,-0.4106587,0.9979318,-0.3406602,0.0109638795
0.07996736,0.062788166,-0.013291875,0.88275915,0.9323904
0.6107735,-0.22587237,0.41833904,0.29430968,0.67452586
0.2376562,0.14562908,0.667457,0.7702317,-0.43548033
0.9026919,-0.58362657,0.62964886,-0.19507025,0.82505447
-0.33540848,0.36268535,0.11102759,1.4652783,0.3036653
0.3359082,-0.49614128,1.0318487,0.21378459,0.13828948
0.15897575,0.2752072,0.6614146,0.7856015,-0.8430844
0.42123517,-0.49353775,0.4573595,-0.77940685,0.45715314
0.024125375,0.3981978,0.47093973,0.9439983,-0.6773931
1.1617306,-0.9382266,0.38243917,-0.31805402,1.8393664
-0.58646894,0.9126574,0.15702984,1.856104,-1.0474473
1.5209767,-0.8348936,1.4527107,-0.97685945,-0.26094067
-0.17842433,0.23270908,-0.12921676,1.682784,0.8054105
0.8538594,-0.48013386,0.5973203,-0.057656933,0.5311802
0.1540328,0.12135569,0.13825998,0.87767655,0.3474318
0.8414676,-0.32435593,0.9400373,-0.07237564,-0.25889495
0.68104506,-0.19066986,0.8467882,-0.09334533,-0.41454604
0.4890271,-0.51916295,0.02795901,0.5807315,1.7021838
-0.16935453,0.5307347,0.49856564,1.2923694,-0.9446591
1.3484402,-0.8609456,1.651497,-0.4044662,-0.19415787
-0.12753782,0.15597644,0.14492467,1.6544737,0.42133445
0.8663351,-0.43201622,0.90963,-0.10654162,-0.16542184
0.28299895,-0.25642332,-0.09028522,0.92208445,1.3335375
0.15242812,0.19580665,0.62400794,1.156797,-0.5637419
0.49027506,-0.9024805,0.7785756,-0.5218304,-0.049702503
-0.28087202,0.62230414,0.19007471,1.5437361,-0.5480512
1.2011616,-0.8690065,1.2136894,-0.3486008,-0.16402346
-0.3242596,0.4268128,0.08468308,1.9266508,-0.097698726
1.2277677,-0.71069896,1.8239398,0.11360766,-0.6242882
0.3183106,-0.08605894,0.4803541,0.8406054,0.1180129
0.5410915,-0.376479,0.36051533,0.7740673,0.92510897
0.025796391,0.09537045,0.6462891,1.5377762,-0.71438116
1.2179569,-0.5887025,1.4508393,-0.5953295,-0.65390664
0.49698666,-0.30646262,0.5699832,0.49320012,0.344266
0.41361734,-0.19182858,0.824066,0.95220834,-0.26981497
0.88717586,-0.40661988,0.9233637,-0.3367086,-0.23707479
0.15907213,-0.0547665,0.87115484,1.7527524,-0.093412824
-0.39385524,-0.71355283,0.12793395,-1.5592704,0.32392633
-0.4480913,0.59712714,0.2939035,2.7370257,-0.3122371
1.3839345,-0.75112283,2.2575662,0.24273027,-1.2196214
0.69022,-0.29523072,0.5551028,-0.30530816,0.031804822
0.22553852,-0.055708252,0.6879511,1.331435,-0.59780097
2.6679301,1.3902766,-1.2147101,0.8707863,-3.460665
1.3589845,-0.6145614,1.429112,-1.1387534,-0.4549393
-0.4134005,0.37432256,-0.053495206,0.55259424,0.509373
0.780376,-0.26585993,1.0890535,-0.40879154,-0.5111418
0.4022394,-0.1827949,-0.006875197,0.3642565,1.4857705
-0.039901458,0.37412944,0.29360622,1.2562364,-0.16246086
1.0372719,-0.5764621,0.78114694,-0.45680487,0.7593727
-0.09338524,0.37509027,0.47984618,1.4611969,-0.22473046
0.6163273,-0.6116813,1.3607811,-0.12571351,-0.16746843
0.3248357,0.1488215,0.69220924,0.4342525,-0.5739481
0.92583454,-0.55478746,1.0207452,0.024841022,0.48675862
0.22491518,0.18862548,0.6528898,0.53225005,-0.53302586
1.1274555,-0.55830413,1.0278798,-0.5614389,0.087393634
0.0023671165,0.27147594,0.7880217,1.2956896,-0.6619037
1.3674471,-0.6949681,1.6394869,-0.8585885,-0.5864212
0.15523818,0.09539191,0.49320048,0.4763689,-0.17301357
-0.16538915,-0.6026524,0.26878038,-0.840107,0.649068
-1.4841307,1.2467772,0.15172413,1.6190232,-0.74560624
0.97686625,-1.0675257,2.5089643,-0.6787205,-1.7413253
0.06739906,-0.046529137,-0.097884215,1.0761422,0.85197896
0.42392382,-0.039233528,0.879828,0.90328825,-0.668982
0.90061784,-0.58071786,0.59871495,-0.4078887,0.44116592
0.13879839,-0.087379776,0.23795858,1.3253394,0.40849057
0.3982565,-0.017654262,1.4436197,1.0858747,-1.3409007
0.59677327,-0.8423346,0.5090332,-0.16354786,0.31871393
-0.8816555,0.8305484,0.52605397,3.4826033,-0.7408727
2.054817,-1.329059,1.848726,-1.6289045,-0.057080753
-0.55591875,0.6842238,-0.40311357,2.2037082,0.3651899
1.3569329,-0.76557815,1.5319396,-0.43025887,-0.46600106
-0.015463315,-0.12129959,0.16879866,1.7572803,0.5877491
0.28572515,-0.71065366,0.23930115,0.66207683,0.7322987
-0.4990917,0.4790837,0.16041258,2.538159,-0.36491808
1.5244063,-0.8752769,1.427163,-1.3449905,-0.30608913
-0.17138854,0.32922092,0.28119472,1.7892748,-0.28701735
0.5226415,-0.84243715,1.7582244,0.17158557,-1.2476574
-0.34252313,-0.08867916,0.05431258,0.7455622,0.44402578
0.32457533,-0.14453349,0.68114877,1.4124144,-0.16263285
0.5483651,-0.73150575,0.49046892,0.4937076,0.41387236
0.102668144,0.23311678,0.56367123,1.0829124,-0.69094133
1.0066178,-0.94013155,0.82957894,0.04372574,0.3265511
-0.095827304,0.46059433,0.4998918,0.9868287,-1.0782653
1.321053,-0.69446266,2.1513298,0.28013188,-1.3491501
0.7230107,-0.37014183,0.67243767,-0.1059535,-0.1361664
0.41782305,-0.063781105,1.0167334,1.3100287,-0.7132602
0.29682395,-1.4888495,0.49894786,0.36814713,0.5971921
-1.0441277,1.1774999,-0.3649057,3.0766912,-0.5368632
1.6587998,-1.0680693,2.1502426,0.13403054,-0.5692421
-0.17516866,-0.042774044,0.08361175,2.2887552,0.45436415
2.83883,1.3917834,-1.2746115,0.8109103,-3.6744854
1.1894896,-0.55514747,1.8865619,-0.19908284,-0.8703365
0.06251744,0.11909548,0.3024085,-0.1846513,0.17877436
0.48471752,-0.086562,1.2017145,0.62725586,-0.42803985
0.058717288,-0.17093596,0.4604846,0.5635266,1.1340922
0.022518195,0.31562868,0.32655087,1.1900091,-0.17870995
0.99623,-0.42213854,1.1439044,-0.38231045,-0.40222937
0.47524717,-0.15204129,0.25076362,0.34848547,0.7235696
0.1845592,-0.20182309,0.09601589,0.34932536,0.943415
0.121944286,0.31501117,0.7312314,1.1078002,-0.9283962
1.0784853,-0.7713789,0.9545416,-0.7290902,0.41474268
-0.28799167,0.52282876,0.10397049,1.8486001,-0.0120532885
1.3884706,-0.7810062,1.1412143,-1.165024,0.094306044
0.12777594,0.24750295,0.33602527,0.7617168,-0.17845413
0.96724945,-0.516681,0.8478992,-0.34396666,0.16855872
-0.026956402,0.25790992,0.18393323,1.2856385,0.25041175
1.0892737,-0.5279868,0.88640094,-0.98202074,0.010400377
0.101467766,0.06613318,-0.24154884,1.2774224,1.3600593
0.6197607,-0.12790856,0.8143747,0.20125706,-0.36321202
0.7344137,-0.32143292,0.61758333,0.085456625,0.30114597
0.5688529,-0.19776282,0.4795387,0.30311573,0.35860592
0.37794647,-0.023259483,0.6539702,0.74787337,-0.16969651
-0.7925885,-0.4500216,-0.08090369,-2.1835616,0.52576125
-0.43316355,0.60832804,0.20712262,2.881581,0.21284896
1.4261055,-1.0499567,0.8793031,-1.0220679,0.82746315
-0.8593565,-0.040575825,-1.746898,1.4598377,3.604787
-0.5742561,0.68973124,0.09830918,2.7989671,-0.31652647
1.3319103,-1.0667628,1.4732502,-0.5968303,-0.27402654
-0.327877,0.17515483,-0.3872797,1.6320268,0.7492098
0.7107666,-0.20942387,0.84214216,0.2268609,-0.3681712
0.39219955,-0.44022736,0.40316087,0.4617269,0.3374305
0.43721935,0.04541222,0.83462304,0.266137,-0.84819996
1.100231,-0.6418127,0.7341458,-0.70427513,0.47301504
-0.5322792,0.11201922,-0.34778416,1.5595268,0.49933544
0.4964747,-0.22746262,1.5251464,1.3174499,-0.81906813
0.9811996,-0.5622929,1.0272479,-0.19900613,-0.077579446
0.29836103,0.07278267,0.58130294,0.5882079,-0.46878573
0.89416784,-0.6779951,0.6192311,0.27527744,0.8328398
0.37530288,-0.051154457,0.477994,0.597012,-0.06990302
0.60458636,-0.5028432,0.3752054,0.6516736,1.1091824
0.115586914,0.17380777,0.4787992,1.2025759,-0.39881378
0.6872084,-0.91534317,0.89519304,0.37027144,0.20110011
-0.28986546,0.41545454,0.74843216,2.2526302,-0.74091244
1.3496393,-0.94658077,1.3281772,-0.8742494,0.045573466
-0.23950091,0.31122747,0.08297076,1.896997,0.03982263
0.56493133,-1.1749738,0.6648755,0.25318855,0.59339625
-0.8062683,0.6881386,-0.17327338,2.8629227,-0.42104837
1.4710677,-0.9630984,1.8263357,-0.4422868,-0.4491513
2.9859357,1.4008313,-1.2439221,0.89415175,-3.68407
0.0012243167,-0.50861055,1.7032404,-1.7701002,-0.76031697
-0.43826172,0.5680234,0.049288295,1.5925952,0.4224364
1.1294382,-0.55220777,1.252228,-0.8590881,-0.29584843
0.36275837,0.039156117,0.45213702,0.048595916,-0.08021546
0.82596284,-0.29118475,0.8824497,-0.56627566,-0.29342848
0.30281457,-0.13624606,0.11201172,0.49519658,0.9816951
0.4688197,-0.044490658,0.40317163,0.24853869,0.26372406
0.74880195,-0.32662567,0.37962833,-0.058127034,0.83663994
-0.10892757,0.16156259,0.054531716,1.2816062,0.49766827
0.85618883,-0.3944486,0.6894318,-0.20631336,0.40591592
0.44917932,0.0026685372,0.66269547,0.4037431,-0.26405376
0.99424106,-0.49517807,0.7001995,-0.63145065,0.37833887
-0.40846506,0.28822246,-0.0041787424,2.0034997,0.9573306
1.0130515,-0.40261206,1.4112056,-0.18045776,-0.63796264
0.66653913,-0.28776821,0.51445216,0.040631723,0.38527894
0.10664729,-0.014402233,0.19138387,1.3238347,0.8151525
0.6562264,-0.21716294,0.7328769,0.2528345,0.008589737
0.6461202,-0.14230904,1.1995617,0.112061635,-0.93757993
1.0001754,-0.43777642,0.9573955,-0.8164072,-0.22533458
0.16358826,0.02197329,0.28582603,1.0790297,0.26990357
0.84483844,-0.27339157,1.1239109,-0.22048722,-0.67601544
0.2582992,-0.41521487,-0.01712648,0.47168362,1.5758418
-0.16116342,0.50660914,1.024471,2.1116705,-1.1678044
1.3357316,-0.930621,1.6694124,-0.6067044,-0.44241607
0.12819275,0.28092924,0.48929963,0.57795614,-0.6581234
0.8915493,-0.71516454,1.1581104,0.2219022,-0.030012764
-0.0053558573,0.36655012,0.6571389,1.2972808,-0.75272524
1.062824,-0.92889726,0.7431248,-0.4549638,0.8522495
-0.3145139,0.6604415,0.29412887,1.4544404,-0.93040735
1.1268396,-0.97071826,2.0846155,0.2893628,-0.50286984
0.2122455,0.084283985,0.27513704,0.65326685,0.039372347
0.8447884,-0.34999546,1.1663889,0.09498651,-0.45946807
-0.07842871,-0.81474245,-0.4243132,0.22240575,2.2041469
-1.1795908,0.38012806,-0.796574,3.0081742,1.1281011
0.7899315,-0.5581873,1.3808968,0.42093426,-0.70446193
0.59900254,-0.08333858,0.8582099,-0.1004716,-0.7483192
0.90508515,-0.41743454,0.7637287,-0.57687753,-0.019513644
0.1343849,-0.04830774,0.22528717,1.4579318,0.4693834
0.55525696,-0.6646532,0.521212,0.61424446,0.34203705
-0.22783759,0.09097401,-0.44533047,1.6429335,1.3030841
0.20532736,-0.6388444,0.3373684,1.5516826,0.96756697
-0.35062787,0.074999966,0.20023483,2.1722054,-0.053709246
0.9284043,-0.3906506,0.9201706,-0.5785514,-0.35923553
0.3961762,-0.06943401,1.022816,0.85387444,-0.72044396
1.1401213,-0.5530613,1.2564273,-0.7230871,-0.5220523
0.37780878,-0.16788658,0.20864639,0.72843003,0.5999301
0.4261531,-0.5484908,-0.0036844113,1.2534945,1.6289285
3.683995,1.6016299,0.916383,-1.2363439,-2.7256377
0.188467,-0.74222744,0.6624559,-0.6563739,0.40589345
-1.1181406,0.7047206,-0.8173257,1.2442439,1.2293881
0.7433996,-0.26957688,1.0542,0.17672916,-0.052209742
-0.009293698,0.11647526,0.57730925,0.030311119,-0.4406063
0.68769157,-0.2973002,0.7264976,0.06666435,0.11767583
0.35677776,-0.026833378,0.44395423,0.638019,0.2245788
0.8963608,-0.43415007,0.68006784,-0.36688167,0.39772525
0.09123514,0.1296002,0.29632986,1.2431817,0.47414118
0.9847294,-0.37356314,1.2872984,-0.3201036,-0.7127883
-0.1430814,-0.19463715,0.039249353,-0.017074753,1.0950369
-1.0700948,0.24661842,0.30374935,1.5354906,0.45860943
0.6969729,-0.27413067,0.75226736,0.4475845,0.30829692
0.4560962,-0.32503304,-0.091292,0.73038715,1.565875
-0.17209074,0.28699222,0.33870474,2.0435526,-0.013832815
0.9859736,-0.8599466,0.8025379,-0.34151584,0.55574876
-0.298924,0.51373786,0.06660064,1.8209802,0.007153325
-0.36476204,-1.2157148,-0.39782995,-5.783139,0.4428884
-2.1727328,2.2422366,-0.6792652,5.6054535,-1.026943
2.7157168,-1.8513602,2.350252,-2.274362,0.08016663
-0.86708266,1.087485,-0.22042397,2.2909405,-0.76823664
1.6768568,-1.2707013,1.5320858,-0.76244974,0.25459826
-0.40969297,0.6472331,-0.047391094,1.6214504,-0.30496386
1.1627659,-0.82083166,1.1435754,0.118749276,0.35221207
-0.33972183,0.23561063,-0.33057883,1.3844168,0.82246596
0.737399,-0.3067654,1.0638608,0.43254125,-0.30659473
0.3305547,-0.411846,0.30622157,0.41469705,0.817951
-0.29164037,0.14946523,0.63557464,1.858671,-0.5799098
1.2109649,-0.662207,1.1084366,-0.78921014,-0.12212465
-0.16004065,0.015378632,0.07984509,2.0101323,0.47033927
0.7864993,-0.36643443,0.8264742,0.057557356,-0.06078068
0.31142625,-0.1079553,0.8404174,1.201801,-0.52093565
0.7621876,-0.60035163,0.81884915,0.36996263,0.16000938
0.064178444,-0.47921118,-0.43093032,1.6412321,2.0100186
-1.7797698,0.322302,0.023027023,-0.15863244,-0.031189464
0.45129344,-0.11664804,1.132712,1.8033228,-0.6192469
0.9442232,-0.68082273,1.0928411,0.1758755,-0.22786084
0.13916638,0.04216019,0.19335666,1.113833,0.15780032
0.65869725,-0.44811425,0.73660105,0.6882609,0.012637101
0.36489627,-0.31815943,0.31496382,1.0812248,0.4705683
0.51663584,-0.15363392,0.68238884,0.5271655,-0.31524086
0.6898057,-0.49394068,0.82101786,0.7157412,0.10234632
0.25164142,0.028608479,0.7617287,1.2211971,-0.5888299
0.9234776,-0.64089954,1.2764328,0.65166575,-0.19084254
0.39925787,-0.34020838,0.51225626,0.80759794,-0.062166966
-1.9800001,-0.81974685,-0.48206556,-2.9689286,0.67920375
-2.4900675,1.5974385,-0.6506727,7.2460556,0.65577734
2.261701,-1.3258594,2.0482767,-2.3607721,-0.5527692
2.9100142,1.4466578,-1.2932754,0.9281525,-3.2649534
0.36096093,-0.24034676,2.040441,-0.09053455,-1.0785463
0.12835422,-0.064601265,-0.030501166,0.034841012,1.3785356
-0.2133855,0.34207168,0.12234568,1.3149244,0.3615116
1.0427918,-0.5267852,1.0493921,-0.542865,0.034756295
-0.07748868,0.48777166,0.5278608,1.283585,-0.78273433
0.9730511,-0.85650146,0.61651313,-1.0220915,1.1626797
-0.7194405,0.82802594,-0.17254123,2.4817803,0.018533133
1.1856631,-0.6508225,0.9852796,-0.7847196,0.09994539
0.27431592,0.1803762,0.54791605,0.36287963,-0.5442043
0.74879193,-0.32983002,1.413119,0.34690994,-0.6500442
0.5919855,-0.4554957,0.35538912,-0.14744638,1.1035144
0.07559643,0.39136472,0.6825191,0.73893946,-1.149914
1.0273873,-0.6231826,0.6796516,-0.4211794,0.6710662
-0.0696493,0.41233602,0.36867377,1.2525405,-0.44326997
1.225924,-0.74228704,0.9619521,-0.752912,0.3128326
0.0030330196,0.3178126,0.28615162,1.1896412,-0.20029935
1.0729302,-0.50820524,1.5769243,0.18232907,-0.5016547
0.66856563,-0.36932883,0.32767656,-0.083728895,0.6865919
-1.2870785,0.22190157,-0.388774,-0.8356086,0.13924363
-1.5882714,0.51844424,0.85012114,1.1807369,-0.8813243
1.0895666,-0.48474964,1.2049149,-0.070377216,-0.17159444
0.45533141,-0.06674703,0.619692,0.33682734,-0.43766606
0.9906036,-0.43889698,0.93118405,-0.7574753,-0.29677492
0.47992852,-0.039982162,0.63959664,0.17597188,-0.36726543
0.71590734,-0.6837505,0.28201067,0.68840253,1.3385347
0.03436301,0.41864935,0.7167293,0.65690964,-1.391239
1.3762616,-0.7918519,1.1896207,-1.1223018,-0.037660666
-0.26021776,0.12780252,-0.24232686,2.1009917,0.87239385
0.8052222,-0.3985804,1.2738196,0.5871615,-0.55196804
0.45658687,-0.61759883,0.11477273,0.83335125,1.4288533
-0.09422388,0.3530604,0.5102818,1.6516943,-0.6869277
1.0511845,-0.9802073,1.0215023,0.27791512,0.51939505
-0.20791307,0.449608,0.5468408,1.7519401,-0.7493416
0.80978715,-1.1581558,0.7335252,-0.36854964,0.41138154
-0.636856,0.8134228,0.043012045,2.3631139,-0.6625977
1.504513,-0.9632057,1.2612857,-0.9652485,0.030067645
-0.19220927,0.29460254,-0.10083661,1.8088145,0.4776285
1.035542,-0.5038827,1.6423992,0.35052323,-1.0470939
0.009665765,-0.6021469,-0.059751637,0.52645737,1.1333464
-0.1487203,0.2580959,0.4554439,2.1714993,-0.28773555
0.476594,-0.9326738,1.5744289,0.983892,0.16020384
0.4047278,-0.04944738,0.44620958,0.33426243,-0.19125566
0.6008338,-0.70263326,0.15884125,0.89204514,1.4361848
-1.1848724,-0.0027221069,-0.31787515,2.1931927,0.32790455
0.61098254,-0.71315944,0.43543962,0.7508041,0.6614322
-0.16883507,0.35493436,0.12204953,1.616661,-0.15026692
1.2784765,-0.75833976,1.1597037,-0.5876407,-0.05985246
2.315508,1.5279323,-0.79222864,0.22216578,-3.463722
-0.13191125,-0.73310316,1.0650787,-1.5969355,-0.30555502
-0.66514814,0.68781435,-0.449814,1.4253275,0.82233894
0.52535516,-0.3868216,1.5308201,0.42740357,-0.5861066
0.416316,-0.14015612,0.20739046,0.023894917,0.62958395
0.30104843,-0.0028437003,0.39744124,0.81310934,0.3267378
0.5830334,-0.21359143,0.8965475,0.41542876,0.039784603
0.6415102,-0.16617474,0.7077334,0.04628868,-0.15325901
0.67469645,-0.24217305,0.6563065,0.10850145,0.14130318
0.4678997,-0.09006914,0.6255997,0.5460246,0.047705613
0.27001885,-0.36231217,0.6265442,0.56715363,0.23611936
0.33466527,0.008624233,0.50606155,0.8728929,0.119442396
0.65980375,-0.11162456,1.5678543,0.8398304,-1.1255279
1.2127123,-0.61271125,1.2252997,-1.0344577,-0.29257026
0.16589013,0.20581308,0.4032747,0.8140751,-0.22401744
0.66534376,-0.5109733,0.9636185,-0.16882716,-0.08879764
0.25602987,0.10505024,0.6468565,0.83296376,-0.3557776
0.57734066,-0.9148449,0.05942463,0.04493935,1.9553865
-1.6402136,0.76669514,-0.67528677,3.1728868,0.85224736
1.2643436,-0.7034868,1.4560839,-0.30314648,-0.3433745
0.3295233,0.07865492,0.56087965,0.43665612,-0.39372066
0.8763462,-0.3380507,1.323687,0.10808052,-0.90052533
0.59583074,-0.6541008,0.3464283,0.17328306,0.77555007
0.06340364,0.3231651,0.44044974,0.83020806,-0.63250476
0.9510024,-0.42433676,1.4185113,0.34327108,-0.502468
-0.3046868,-0.36917624,0.6545557,0.31227583,0.14070511
0.06129829,0.048890747,0.2398889,1.4711064,0.52926326
0.71693873,-0.28274712,0.87199795,0.10844047,-0.3725755
0.61326313,-0.18352923,0.87968814,0.46171314,-0.4554838
0.6103229,-0.5143469,0.89275646,0.78492486,0.18615952
0.061981715,-0.08441623,0.7770745,1.5304749,0.030460022
0.77987784,-0.4026955,1.1753219,0.36431944,-0.49490649
0.63331157,-0.1981276,0.88044465,0.22440417,-0.39838424
0.4636602,-0.38484272,0.27868342,0.63328063,0.48703864
0.3610185,-0.01441177,0.66790265,0.7464532,-0.44700792
0.7966794,-0.586912,0.85037535,0.35665423,0.08896487
0.03643457,-0.12704071,0.24550095,1.5176897,0.13471141
0.8314553,-0.44782576,1.081365,0.22403635,-0.32925323
0.537583,-0.19619164,0.53856623,0.13051952,-0.04087401
0.66665053,-0.2865666,0.94478637,0.55129015,-0.350057
0.6178631,-0.33457455,0.7103925,0.33690995,-0.2126627
0.47719982,-0.1279014,0.9459795,0.81595355,-0.52891713
0.65191305,-0.6664866,0.8503386,0.5517858,-0.19527623
0.1934525,0.12092415,0.88565916,1.4435474,-0.77828074
1.160146,-0.7207602,1.2069806,-0.4158057,-0.064611115
0.124856986,0.052750744,0.21751037,1.0885359,0.11085849
0.7859636,-0.8388132,0.3292881,0.6146339,1.2474176
-0.38084385,0.18233362,-0.21457127,2.5721557,0.6562535
3.057332,1.3786703,-1.2521015,0.94713163,-3.7766616
1.3436724,-0.69448173,1.5235541,-1.2600653,-0.47511908
-0.6993946,0.5454046,0.08991461,1.1369584,0.27588776
0.9720234,-0.6560439,0.41058433,-0.4398753,1.7028381
-0.3180324,0.5412585,-0.11205957,1.2465531,0.22783881
0.7090981,-0.53743774,0.96752167,-0.24876218,0.15893856
-0.01874777,0.35065952,0.42313683,1.1772376,-0.33610514
1.3165982,-0.68232477,1.2956414,-0.88091147,-0.12558085
0.29186973,0.16492668,0.5748987,0.31171525,-0.53413993
0.77699894,-0.42066273,1.1090963,0.025767457,0.015268795
0.3009996,-0.2741998,-0.4952126,0.78031236,2.5770662
0.098710276,0.20123067,0.08076241,1.262932,0.53368056
0.858686,-0.42873797,0.87184846,-0.013677824,0.17350146
0.23135266,0.084009804,0.85833055,1.1349521,-0.3227401
1.048835,-0.62352353,0.785272,-0.5867831,0.46482438
-0.63712263,0.555535,0.5350459,2.449827,0.03337174
1.5235727,-0.8323449,1.5942112,-1.0589561,-0.34809685
0.12479565,0.10295216,0.053325616,0.964787,0.5531015
0.69603664,-0.31063494,0.4704805,0.09830083,0.45392424
-0.07996579,-0.058314167,0.20385087,1.2510043,0.58049875
0.43944862,-0.1669496,0.78443116,0.74875456,-0.33864436
0.2550936,-0.12343105,0.42875114,0.057616364,0.015414856
0.09951512,0.13107362,0.80033976,1.5280516,-0.7314772
0.7654032,-0.600571,0.82180494,-0.21851437,0.23748836
-0.10538902,0.16832176,0.2453124,1.5214072,-0.16243061
1.0671111,-0.5131882,1.1091659,-0.5426093,-0.28588602
0.39998886,-0.0011223182,0.6128937,0.52351874,-0.29718804
0.8491067,-0.442211,0.75049275,-0.09502511,0.21714956
0.43929717,-0.052046143,0.4767845,0.2119927,-0.09210519
0.19476303,-0.77881277,-0.2787624,-0.5936537,1.8817034
-0.4874622,0.32536092,-0.5566886,2.5531826,1.132725
0.37540928,-0.59652025,1.0763408,0.33806258,-0.6254143
0.27804223,-0.008339249,0.5661067,0.77871126,-0.17557353
0.8582103,-0.5321782,0.6058491,0.09759666,0.63507986
0.068218924,0.15196386,0.5008414,1.2017715,-0.31567645
1.0064338,-0.55254155,1.2451948,-0.0061778314,-0.2335555
0.09788165,-0.7418364,-0.0947778,1.162338,1.1540741
-0.24649665,0.5072815,0.2434353,1.7541293,-0.5118332
1.5191729,-0.8844775,1.3068819,-1.5156728,-0.14302781
-0.8454827,-0.2297419,-1.2522889,1.8853232,2.7903414
-0.31083015,0.4826695,0.68436617,2.4312963,-1.041502
1.2372406,-0.7940906,1.7379075,-0.38683444,-0.94690883
-0.1064805,0.096564926,0.6042919,1.3018913,-0.13881537
1.1342283,-0.57615215,1.1267705,-0.67296124,-0.31644565
0.13826516,-0.06136831,0.48132238,1.4351603,-0.12851503
0.64744824,-0.4498094,1.3892965,0.82329226,-0.92711794
-0.08389487,-0.9382957,0.17572042,0.38343233,1.2090199
-0.91275835,0.66894114,-0.16063708,3.5840313,-0.05395945
3.002455,1.3778573,-1.0623865,1.2880597,-4.053375
1.3448403,-0.6979698,1.5694726,-1.2326951,-0.6784803
-0.82109654,0.36321464,-0.736017,0.3694591,1.3873373
0.17734817,0.18368068,1.0528535,1.3728629,-0.69646835
1.0177003,-0.6229442,1.0943791,-0.769517,-0.048021503
-0.36250648,-0.11325773,-1.242301,0.25171727,3.4255242
-0.5937613,0.964306,0.596933,2.5570555,-1.3179578
1.8946596,-1.1632437,1.6863272,-1.7297148,-0.063537695
-0.49369815,0.80773175,0.01877453,1.7779609,-0.56066257
1.1602912,-0.87821186,1.5681323,-0.5193835,-0.46030122
-0.022487842,0.3422481,0.13705161,1.0945705,-0.028208174
1.0130941,-0.5120843,0.8741061,-0.24200372,0.2386508
0.22988692,0.0013882294,0.34051955,0.8826844,0.38784236
0.88547105,-0.27895626,1.4462482,0.045659255,-0.911371
0.50632185,-0.32699284,0.28622806,-0.10934256,0.58847857
0.07056085,0.14346185,0.21397418,1.2151762,0.3749233
0.8217271,-0.51625425,0.67712164,-0.014891434,0.70261717
0.1477693,0.2518827,0.70281553,1.1289588,-0.679011
1.2424326,-0.74382484,0.91456765,-0.8027487,0.48163956
0.014245726,0.3022534,0.07375457,1.0846256,0.20698059
0.46052095,-0.7972878,0.28154522,-0.15113442,1.367906
-0.7113696,0.53211516,-0.5581388,2.257512,0.86860144
0.752338,-0.27810034,2.0422263,0.6607511,-1.739283
1.0162747,-0.7120389,0.5915214,-0.5567851,0.8039508
0.124141015,0.14522138,0.42470136,1.206919,-0.033644415
0.98346645,-0.4449242,1.4807155,0.18417211,-0.57788306
0.78099436,-0.35167393,0.70214057,-0.26247776,-0.002682902
-0.33298644,-0.0227445,0.3580431,2.2492352,0.66437244
0.90114355,-0.41668114,0.7534706,-0.62855726,-0.005682774
0.2211313,-0.13426241,0.22939584,1.1646373,0.47179988
0.35775033,-0.62413865,0.08368366,1.0923892,1.5361624
-0.022520386,0.28921905,0.15419522,1.0787759,-0.10366044
0.96641207,-0.62611043,1.1006774,0.2380627,0.15302351
0.17116854,0.0640947,0.58957237,1.0742362,-0.46784714
0.95158696,-0.5133408,1.0364494,-0.06736778,-0.22975445
0.091135,0.11250559,0.47060904,1.5053058,-0.14073491
0.853897,-0.7501739,0.84107935,0.29208308,0.42085218
-0.3245913,0.38623396,0.15661648,2.026509,-0.20385754
1.0618602,-0.7572025,1.0673018,-0.18160056,-0.12118346
-0.011283897,0.18814626,0.41931298,1.4011694,-0.1825231
1.0906092,-0.61886483,0.8723207,-0.64743215,0.11733618
0.13877836,-0.037459694,0.16625962,1.0233334,0.36363855
0.51219106,-0.15444455,1.3584096,0.7880484,-1.0771452
0.6224368,-0.49745736,1.2237494,0.92767453,-0.028982557
0.6862346,-0.23030934,0.93859,0.0054409616,-0.5071281
0.6647993,-0.41391787,0.6553518,0.32038164,0.066897534
0.41561505,-0.24800238,0.7555391,1.0946453,-0.031571902
-0.1116037,-0.58789426,0.27159008,0.5704837,0.6359709
2.5517695,1.477707,-0.9055686,-0.32302845,-2.7313468
0.7234576,-0.5019539,0.97338057,-1.1572015,-0.16807255
-3.1560202,0.37527624,-2.385963,-3.3890462,2.9713733
-1.6866829,1.76992,0.05198928,6.38682,0.0925222
2.2293186,-1.3529414,2.77009,-1.5124352,-1.2566708
-9.997934e-05,0.40937963,0.34789374,0.5923621,-0.67767227
1.0542699,-0.69098175,1.0831391,-0.36623257,0.3682788
-0.45236585,0.4335529,0.2641185,1.2759414,0.061646245
0.46131954,-0.56804115,0.8209431,-0.3392086,-0.17371967
-0.642744,0.25778595,0.02988877,1.2757977,0.25898182
0.85907024,-0.13114151,1.9219692,0.82044214,-1.6735848
0.9436437,-0.7165688,0.7480075,-0.2383806,0.6772189
0.123780526,0.19401374,0.083669506,0.79462194,0.25110835
0.87555385,-0.38905558,0.6370848,-0.35150403,0.25027347
0.053973354,-0.039579235,0.33762094,1.4000679,0.21727747
0.7368082,-0.3548139,0.49409118,0.12780513,0.57449037
0.58137363,-0.2440637,0.591642,0.43574148,0.24367565
0.5629812,-0.12509999,0.71876323,0.15545656,-0.3088548
0.3898839,-0.27201352,1.084198,0.8557686,-0.38218528
0.76011854,-0.36545214,1.1455777,0.34605825,-0.3174603
0.5107491,-0.33490595,0.6378096,0.4200747,0.13018525
-0.5899474,-0.35661158,0.058213435,0.5423877,0.62643975
0.12494586,0.2833492,0.92433137,1.6770897,-0.7824897
1.2934418,-0.7603973,1.4675593,-0.56906873,-0.46395448
-0.20721337,0.047135986,-0.06461001,1.5454513,0.6076281
0.55259836,-0.17178711,0.89669865,0.8325763,-0.40808305
0.6591566,-0.3864449,1.2108696,0.7324446,-0.5986817
0.5747672,-0.40597853,0.38295445,0.7111189,0.86098117
0.31753954,0.061317123,0.8063816,0.97504073,-0.62900364
0.90946233,-0.48946795,1.1011564,0.12325163,-0.50977707
0.6565731,-0.18487391,0.95169854,0.17022248,-0.57957184
0.95836866,-0.40636954,1.0093665,-0.725949,-0.4682326
0.15279362,-0.1535624,0.26016214,0.9167914,0.30979642
0.4569824,-0.103766285,0.70219153,0.595702,-0.32429665
0.88472253,-0.5101221,1.0620828,0.3053246,-0.034703143
0.5641165,-0.06813463,0.87376803,-0.059348512,-0.8077151
0.70647955,-0.5321019,0.8364763,0.72988164,0.22620362
0.4889758,-0.11967119,0.72365844,0.4867741,-0.39640334
0.84256786,-0.49299654,0.71898466,-0.02154367,0.16318211
0.0057404414,-0.3171676,-0.59970677,1.564275,2.0944126
-0.030511223,-0.12572703,-0.053548433,2.1195676,0.8178102
0.28937134,-0.83952844,-0.18942493,0.16803916,1.6619409
-0.84640396,0.76125205,-0.024893085,3.3686106,-0.4850962
1.7034328,-1.1475176,1.7973382,-0.8195445,-0.5179989
-0.24611238,0.03782574,-0.3172953,2.0378387,0.5093194
0.37863615,-0.12717423,0.9145201,1.4480242,-0.4386738
0.47325948,-0.8004254,0.6901079,1.4948947,0.6354247
-1.8419034,-0.18836197,-1.4131918,-2.4883645,1.1069694
3.0472038,1.3700682,-1.3760693,1.0786402,-3.5050018
1.2940501,-0.62864006,1.2045486,-1.4910328,-0.41980338
-0.2933264,0.34323755,-0.064313866,0.19016935,0.40293592
0.44021466,-0.042061172,0.9040559,0.62913823,-0.108811475
0.8862321,-0.34813818,1.2545242,-0.24663,-0.43509054
-1.2154758,-0.33291516,-1.1602312,-2.694934,2.5481563
-1.6618204,1.3610369,-0.2073409,4.3966446,0.6140695
1.7194433,-1.0296243,1.7639655,-1.3503957,-0.48530447
-0.4264845,0.53590363,-0.22526932,1.4961221,0.39628366
0.8185791,-0.23682055,1.2827475,0.48818833,-0.86825013
0.65046734,-0.4258388,0.40029454,-0.031842638,0.71941334
0.4769307,-0.07226404,0.3883066,0.18972088,0.18487608
0.114495434,-0.21532711,0.3355938,1.3633507,0.8436872
-0.28681758,0.015705265,0.8315613,0.48069423,-0.2973462
0.7657449,-0.28619942,0.75252104,-0.031132568,0.02800291
0.3408161,-0.0701135,0.24806377,0.6400253,0.4967245
0.788298,-0.33369717,0.7178295,-0.082153365,0.048623465
-0.09545805,-0.15781578,0.517233,1.3930006,0.27562416
-0.042944334,-0.4575127,0.44872484,0.58778894,0.568724
-0.49163535,-0.076267086,-0.09228519,1.5320013,0.8023329
-0.096579574,0.047918,0.56755173,0.73341626,-0.34277555
0.2865425,-0.43402848,0.51592326,0.38647914,0.3625081
0.105610885,0.23936096,0.47938016,1.2251232,-0.33057383
0.87359995,-0.6770009,0.98534644,-0.18785153,0.12906256
0.30107972,0.14719549,0.7497136,0.5982,-0.7935014
1.0367887,-0.62778413,0.9807072,-0.11501525,0.10042333
0.14727488,-0.1018041,0.118022405,1.2376428,0.4905519
0.53275144,-0.043851696,0.7021236,0.065159634,-0.5314356
0.8536241,-0.5571025,0.6450479,0.1424668,0.55037904
-0.077608846,-0.011360012,0.16102299,1.5711082,-0.019562908
0.5102359,-0.5049961,1.188452,0.847769,-0.161645
0.20474532,-0.24275717,0.542483,1.335062,-0.25388134
0.66487813,-0.27396855,1.1906694,0.70678174,-0.6908005
0.6430823,-0.28030095,0.61554545,0.1369672,0.07528957
0.5171991,-0.11797842,0.976547,0.7407471,-0.7027481
0.9650928,-0.51316434,0.8990531,-0.39989895,-0.044089086
0.23490497,0.039296784,0.7146665,1.2196687,-0.6205364
0.8140454,-0.7462019,0.97367615,0.63274366,0.16749048
-0.07043161,0.056169666,0.2019228,1.616301,0.109238856
0.77007455,-1.0107177,0.22192821,0.80215734,1.7722889
-0.47269967,0.011361279,-0.5039939,2.5590303,0.98689973
0.24581727,-0.14601406,0.7036961,1.5926267,-0.25672823
0.3237317,-0.9499544,0.5094211,0.66497415,0.66347796
-0.42476216,0.0067264214,-0.1058558,2.4737432,0.15308055
0.64564705,-0.7254213,1.0793775,0.8653772,-0.40772265
0.4462128,0.007749237,0.6347541,-0.06857942,-0.6136119
0.55722463,-0.48975405,0.44785112,0.74559563,0.6137359
0.1742039,-0.08715805,0.3456718,1.2461282,-0.022115953
3.425052,1.1646587,-1.1274638,2.5418825,-2.9034572
1.5753304,-0.7121533,1.5520719,-1.604705,-0.6843392
-0.114247285,0.37902418,0.6377875,0.39507866,-0.7767726
1.1577202,-0.6113332,1.1370693,-1.0052838,-0.031266816
-0.12632743,0.29305282,0.014049789,0.9748342,0.36013827
0.87413317,-0.31701502,1.1819911,-0.21635662,-0.3655075
0.5023527,-0.15611348,0.3876271,0.32222468,0.72736543
-0.38969085,0.38273874,1.034851,1.4741237,-0.4132315
1.3541015,-0.7887906,1.1883365,-0.8178195,0.45757577
-0.28752354,0.50891703,0.013270637,1.5569088,0.18054524
1.2193451,-0.67129076,1.1126019,-0.5393087,0.18589851
-0.28865632,0.1078159,-0.44901502,1.3499479,1.7223783
0.46528617,-0.10364946,0.5786654,0.62954736,0.09965672
0.1348981,-0.31362948,0.114752345,0.32730532,1.1204516
-0.31694093,0.29437128,0.28569013,1.6070504,0.10639887
0.5885922,-0.27949032,1.9186153,0.6512881,-1.3101431
0.7379034,-0.5110615,0.9648796,0.21719529,0.32506543
0.051332273,0.1518828,0.29143637,1.3440019,0.16654065
0.99360144,-0.53093606,0.8187597,-0.38140172,0.2849833
0.24213979,-0.024024807,0.054111563,0.8951785,0.75331855
0.41162714,-0.066799484,0.6873033,0.74267274,-0.051373996
0.6531447,-0.24975476,0.8702143,0.2934206,-0.39259365
0.5318377,-0.06259855,0.6810876,0.18403442,-0.42926624
0.71144253,-0.43539223,0.95071554,0.25609964,0.08812826
0.38744935,-0.08817371,0.4805353,0.5318409,-0.001529105
0.877683,-0.42473015,0.6425015,-0.424419,0.27283517
-0.03173413,-0.06604608,0.15737695,1.5660434,0.45646173
0.90592,-0.4726785,0.76905084,-0.29825073,0.18456408
-0.39270493,-0.15088734,-0.07277072,1.6525224,0.7764351
0.52259517,-0.107588135,0.9445746,0.71069205,-0.48499852
0.98727036,-0.46189484,0.935564,-0.57174575,-0.1826052
0.09645847,-0.004212223,0.10829773,1.0903672,0.32621405
0.6955372,-0.37416634,0.7845755,0.37559205,0.16098168
0.6360027,-0.13137993,0.94188267,-0.050257254,-0.7326388
0.59027696,-0.49888548,0.5710613,0.40725213,0.58905673
0.090775765,-0.011905991,0.6155709,1.1933569,-0.10238219
0.9443459,-0.515775,1.0479199,-0.049191166,-0.13711882
0.4853634,-0.10798868,0.5573078,0.32381004,-0.17316309
0.5140398,-0.4394811,0.7789244,1.0679479,0.18440765
-0.9130944,-0.6270069,-0.316301,-0.29169685,0.8886066
-0.20085475,0.47226253,0.42065895,2.2395008,-0.44384903
1.5369395,-1.0327214,1.0501775,-1.3495184,0.47118452
-0.5006313,0.6840998,0.07452806,2.039666,-0.58710784
1.5005527,-1.1428803,1.1759346,-0.72303003,0.4007476
-0.6432497,0.3417212,-0.56540143,2.5840125,1.0856336
0.53969085,-0.74899375,1.34919,1.0813526,-0.6448413
0.54410434,-0.105184875,0.6808747,-0.042385507,-0.44031158
0.60812867,-0.38706478,0.7774918,0.7757805,-0.021096982
2.8591914,1.3363081,-1.131773,1.5150028,-4.005988
-4.35795,-0.9719318,0.4769504,-4.808547,2.5253294
-2.527105,2.2021513,-1.8225302,6.5554743,2.34918
2.107517,-1.2802714,2.2192473,-1.4737827,-0.4224783
-0.62208974,0.72686255,-0.04563064,2.0266075,-0.012348868
1.0890296,-0.73043525,2.031144,-0.2646532,-1.046685
0.48395023,-0.08960899,0.6842529,0.36866248,-0.046006896
0.733376,-0.25819,1.0734484,0.30112517,-0.34754544
0.77270687,-0.24799046,0.89809275,-0.23103796,-0.43606025
0.5889176,-0.179221,0.8005997,0.46708488,-0.11393312
-0.0169641,-0.34021792,0.34011582,0.39252555,0.6326815
-0.1945149,0.24056736,1.0440003,2.0607617,-0.62135315
0.6086531,-0.6549448,0.9033934,-0.85682416,-0.34256035
0.39505967,-0.029382072,0.38149467,0.57686055,0.16263503
0.7178262,-0.29043373,0.96082187,0.32062948,-0.2560515
0.3982515,-0.21504578,1.2001517,1.1114175,-0.395234
0.888365,-0.5966442,0.5363613,-0.15798925,0.70998245
0.030070938,0.13271156,0.056328975,1.3548535,0.4359587
0.83435047,-0.4950994,0.87192774,0.35681355,0.15032354
0.17514643,-0.20048317,-0.1311233,1.3838425,1.4214836
-0.24932924,0.014317669,0.593937,2.5911999,0.034875564
0.73854053,-0.52846605,0.93859166,0.49896133,-0.015523322
0.09377108,0.0968248,0.3998693,1.2757348,-0.14746583
1.2025949,-0.6144708,1.1764437,-0.92233944,-0.34867418
0.06523488,0.04791323,0.3765893,1.4022001,0.25065115
0.9351196,-0.3775042,1.2714792,-0.04932295,-0.7133328
0.57539177,-0.19983467,0.9953911,0.49112695,-0.4325444
-0.3344935,-1.0751122,-0.033815395,0.09475835,1.3644264
-1.0560195,1.1535865,-0.05781848,3.672206,-0.9877463
1.7834952,-1.2683243,1.8967707,-0.8768989,-0.75019985
-0.1446285,0.4972941,0.61092716,1.4880537,-1.0338653
1.5252461,-0.9376019,1.4814001,-0.95931816,-0.27916634
-0.3040597,0.39521757,0.3486361,2.2037318,-0.38644698
1.2121603,-0.8738154,1.031193,-0.350196,0.35513675
0.14792702,0.106464066,0.44162017,1.2041004,-0.34503734
0.3523192,-1.0158771,0.9820345,0.6381567,-0.031489797
-0.28677377,0.3554136,0.18179792,1.9446622,-0.14053008
1.1971111,-0.6974548,2.0317485,0.6916618,-1.0186042
0.38277802,-0.40897068,0.5891777,0.49971074,0.16313717
-0.05732759,-0.09916004,1.1184472,2.2071836,-0.56848675
1.0278466,-0.5404323,1.0569016,-0.35587066,-0.3926265
0.17378709,-0.16512331,0.26048604,1.276264,0.2864396
0.82607675,-0.34600195,0.99299866,-0.10220449,-0.5103492
0.5785323,-0.27002987,0.6877931,0.5224487,-0.14621523
0.6195892,-0.27926382,0.68847996,0.42072773,0.017007701
0.45548663,-0.33379254,0.5141407,0.8089945,0.22951636
0.41867796,-0.31125483,0.86150944,1.3760494,-0.35220903
0.8919423,-0.37509617,1.0122669,-0.40616763,-0.5503579
2.9681516,1.3966805,-1.1133049,0.643855,-3.4957292
1.5155493,-0.671584,1.2360058,-1.7581352,-0.50480753
-2.5308096,0.36697212,-1.5928667,-0.69713706,2.6971414
-0.3552116,0.5217988,-0.19388354,2.5999842,1.3522437
0.6737414,-0.48455414,0.8416705,-0.25782394,0.41597253
0.15500912,0.27995172,0.7823898,1.0786638,-0.70901406
0.960484,-0.59796745,1.6583327,0.0070479624,-0.34844947
0.1829007,0.14562431,0.70532286,0.94368356,-0.1473189
0.8798434,-0.54133826,0.47213733,-0.07095353,1.1160542
-0.33446595,0.45826975,0.50841373,1.8515682,-0.48070657
1.3778938,-0.8591479,1.109163,-0.8217475,0.39831382
-0.51508087,0.35181108,-0.7477581,1.8771249,1.6363984
0.6557545,-0.2605146,1.0890473,0.53247035,-0.23872295
0.164134,-0.32712397,0.24633276,0.211796,0.6044943
-0.020565234,0.22867742,0.73400146,1.6407404,-0.23178893
0.3126066,-0.8013624,1.018573,-0.74146235,-0.098247536
-0.0031290874,0.34811082,0.1648055,1.2006326,-0.016164608
0.25315097,-0.9027761,0.68528914,-0.00358342,0.6215255
-0.69742566,0.626865,-0.1630759,2.7940812,0.20943812
1.2612795,-0.86471975,1.7881447,-0.08167736,-0.6015294
0.3729647,-0.011064373,0.45002493,0.47951013,-0.043376066
0.50377464,-0.17613825,0.65282243,0.58435464,-0.04330001
0.51817167,-0.28013167,0.7424719,0.7735264,0.010736577
0.59958833,-0.34987387,0.52782685,0.46590668,0.44527897
0.17551693,-0.03349956,0.9682227,1.2934315,-0.5581363
0.9940721,-0.5183452,0.8046608,-0.47710776,0.19059926
0.082016386,-0.29072222,-0.271613,1.6365547,1.620087
0.19494703,0.19041839,1.0155602,1.4610218,-1.0186776
0.5267583,-1.1685461,0.82045954,-0.094496,0.67780405
-0.66741747,0.45341793,-0.67636544,2.7087371,1.0315098
0.7576452,-0.34337696,1.1907073,0.60491127,-0.58478945
0.4505174,-0.3823441,0.87724197,0.9685006,-0.067330964
0.62677896,-0.17450508,0.9255188,0.20507886,-0.625856
0.63284093,-0.5691307,0.5897304,0.4861663,0.29130283
0.3408449,0.085998215,0.79511505,0.6372834,-0.7992548
0.8752885,-0.52118,1.5139314,0.41945314,-0.68026507
0.54847276,-0.16165909,0.99812204,0.6300332,-0.5376082
0.5916125,-0.5881112,0.745657,0.746585,0.48889595
0.19341496,0.03495518,0.7478591,1.3510239,-0.53643197
0.9257006,-0.8122343,0.6517273,0.2583636,0.72386605
-0.17027453,0.46933475,0.4202303,1.4022492,-0.8314211
1.5551943,-0.93141496,1.359062,-1.33847,-0.09224347
-0.2831063,0.2440578,0.10517376,2.281975,0.18803239
0.94043684,-1.1108941,0.59699756,0.34491348,1.1177101
-0.40626958,0.6326395,0.27846768,1.9446838,-0.9241604
1.4895102,-0.9263414,2.175061,0.01721121,-1.0167701
0.4560962,-0.0650328,0.65917283,0.15467764,-0.48984966
0.8295277,-0.44011053,0.90440017,0.17647739,-0.07683445
2.7186263,1.3361603,-1.4453182,1.642428,-2.9521518
0.14934143,-0.42252,1.8573799,0.38810384,-0.6930597
0.121921755,0.0094610825,0.24067315,-0.00078051165,0.56941456
-0.00020887703,0.15194002,0.8699023,0.8964354,-0.19656226
0.53051966,-0.4248303,1.2036992,0.0026754253,-0.2597886
0.031574227,0.010114349,0.35664392,0.72160864,0.10813432
0.6517816,-0.29002127,0.4803943,0.12346603,0.5418366
0.44431022,-0.11873659,0.28627053,0.43878043,0.49358028
0.6152596,-0.1675075,0.7518042,0.29945326,-0.0972882
0.2503309,-0.055674873,1.00449,0.86065257,-0.1683785
0.7974504,-0.36863264,0.89996195,0.09004749,0.011082284
0.13237718,0.08379523,0.51176137,1.0787287,-0.35491246
0.75149435,-0.76634586,0.08494412,-0.13888226,2.0883904
-2.9836571,0.6935054,-1.5294722,-0.335436,1.6454607
-0.20803073,0.5237133,0.8030323,3.2570941,-0.5176605
1.7139784,-0.96965015,1.6652726,-1.5944571,-0.46488702
-0.7825999,0.3697497,-0.4299711,1.6412576,0.77842206
0.8512121,-0.4406446,0.971354,0.53189206,0.11390071
-0.07308271,-0.11010822,0.30204552,0.9560321,0.3344747
0.33234587,-0.12546238,0.1424819,0.71331793,0.6375508
0.56014735,-0.35726961,0.42097378,0.60100883,0.53417146
-0.07240053,-0.0014751777,-0.08053846,0.96374255,0.78279525
0.7040012,-0.20285544,1.0395026,0.32116842,-0.59829104
0.58486587,-0.36724982,0.76329213,0.3306157,0.15744597
0.56862384,-0.1568192,0.7091388,0.25531483,-0.30201757
0.79319715,-0.44429716,0.6796437,0.16371186,0.23990571
0.21697566,0.022636093,0.68439394,1.3670132,-0.30371672
0.7454286,-0.49812016,1.4802325,0.55042076,-0.5110329
0.7698292,-0.3191584,0.6002676,-0.5376742,0.037154637
0.2710978,-0.0752848,0.82855344,1.2174225,-0.3339073
0.7148121,-0.70852935,0.6138173,0.5426021,0.7663854
-0.5219189,-0.12399133,-0.38082847,2.0686336,1.1401525
0.35869035,-0.04193958,0.7731929,1.0209514,-0.51914227
0.53397685,-0.3021091,0.9071096,0.40580642,-0.53224456
0.22085091,-0.75298727,0.1169975,1.6845051,1.258794
-0.12899354,0.4127628,0.51360565,1.5745425,-0.94274825
1.2973996,-0.9843701,1.2692256,-0.5063662,-0.2149893
-0.1456699,0.1686913,0.11171784,1.7924652,0.019380115
1.1771754,-0.60125047,1.092661,-0.9647253,-0.28115416
0.28686044,0.09785954,0.46631238,0.48786575,-0.3198621
0.7649914,-0.4765409,0.73921883,0.34604448,0.2804701
0.09015367,-0.25042948,-0.091790296,1.3405498,1.2088739
0.5089867,-0.06452259,0.73899287,0.10307856,-0.5928902
0.8659796,-0.5360907,0.8870618,0.2382889,0.10336616
0.007244982,-0.17805037,0.07093751,1.1569033,0.44543973
0.11888639,-0.2529162,0.6566791,1.8999631,-0.17741442
0.42067066,-0.6678885,0.088607155,0.47440392,1.082702
-0.3566185,0.49457136,-0.15561676,2.1764777,0.19043419
3.0313334,1.3906795,-1.2729053,1.0193995,-3.4999337
1.5963289,-0.6738132,1.4936162,-1.3887414,-0.7031448
-0.15626428,0.271495,0.105361186,0.18209107,0.22177511
0.10899047,0.023615994,0.76264715,0.58587706,-0.38988677
0.096459724,-0.031651817,1.2230144,0.3938198,-0.46863708
0.5228305,-0.12400087,0.88826615,0.35951614,-0.32363117
0.7035969,-0.21218476,0.8759781,-0.1045727,-0.40107644
0.7350608,-0.21267113,0.8508691,-0.15882717,-0.35114685
0.6637441,-0.27115282,0.4531591,0.12546052,0.526979
0.0085167065,0.018070377,0.14752543,0.95073116,0.2932673
0.5024203,-0.10821041,0.5959528,0.5698385,0.17247558
0.56379855,-0.07458385,1.0688454,0.5412685,-0.615566
0.6872297,-0.34636912,0.84186924,0.36658734,0.14835474
0.6733108,-0.17074999,0.7592746,-0.30142343,-0.39317876
0.62949264,-0.17743286,0.8409378,0.36679387,-0.23298076
0.78872484,-0.28610644,0.7621364,-0.25054818,-0.046695717
0.32132092,-0.093829,0.44942924,0.7914099,0.147398
0.23241535,-0.09478744,1.210146,0.94563085,-0.38520762
-0.55477595,-0.31974015,0.20713055,-1.2183717,-0.1031825
-0.04895874,0.4632813,0.7140917,2.0666606,-0.695859
1.5535483,-0.9120244,1.5403291,-1.1260135,-0.1897138
-0.29071286,0.35142484,0.36494732,1.9254194,-0.11092288
1.2876978,-0.6948322,1.5315886,-0.52195233,-0.5348936
0.25710383,-0.24203,-0.2048432,1.0562799,1.586914
0.13179138,-0.3243607,-0.3420028,1.5866216,1.8660109
0.12577572,0.16676965,0.5385957,1.2302116,-0.40086296
1.0784352,-0.6368655,0.86067194,-0.56108487,0.26962614
-0.07902201,0.06696049,-0.06340901,1.8112044,0.84883565
0.71625906,-0.36966977,0.9180053,0.37747443,-0.1406312
0.4481016,-0.3813642,0.22263092,0.5264377,0.8035022
0.28247824,0.15210214,0.94074285,0.9665356,-0.933453
0.7755495,-0.85990846,1.1108935,-0.15047155,0.19030109
0.16528806,0.26249233,0.54812896,0.40212625,-0.83315915
1.0686958,-0.59042865,0.91843563,-0.43759954,0.19430006
-0.31725886,-0.054964386,0.26610318,1.8388519,0.31813228
0.7573548,-0.2486485,1.5004587,0.6810127,-1.0267481
0.9512653,-0.6590384,0.64310056,-0.27666342,0.59074897
0.03925965,0.0026733056,0.26804596,1.6175146,0.41031158
0.7109431,-0.6699461,0.5503402,0.4630428,0.62396884
0.06225083,0.07365052,0.1734645,1.2665334,0.15724719
0.81965303,-0.59756213,0.53820384,0.20594825,0.7225437
0.17807665,0.16067806,0.54149824,0.8495629,-0.57349086
1.127458,-0.7024306,0.7397392,-0.7421665,0.51307553
0.006597854,0.3307611,0.45183465,0.99243057,-0.6723665
1.1711948,-0.8995575,1.0049725,-0.15723787,0.3702407
-0.1968731,0.33932033,0.054875992,1.6321349,0.025373809
0.9079102,-0.8973092,1.0098286,0.27766532,0.055242024
0.07713727,0.19384208,0.20034412,1.0699993,-0.17184249
3.0534399,1.4214402,-1.0728354,0.5059558,-3.549343
1.4787581,-0.6681293,1.395045,-1.0426009,-0.40082666
-0.27888682,0.2979857,0.01705428,0.40227968,0.48649502
0.10261432,-0.29222664,0.1803155,-0.07146494,1.2439113
-0.07474121,0.41978183,0.7250021,1.4315883,-0.5439675
0.89626443,-0.7425064,1.5363094,-0.42335093,-0.34086898
-0.2476432,0.40822807,0.039045505,1.5792416,0.4083376
1.0505912,-0.48020062,1.1164031,-0.35550284,-0.12766719
0.26514474,0.087855496,0.32746366,0.63598126,0.1775808
0.62843996,-0.34599242,0.39139375,0.47052312,1.1700544
0.12033085,0.41465107,1.3462636,1.4294542,-1.8202077
1.671104,-1.0363168,1.405584,-1.410136,0.1881119
-0.22773746,0.53018874,0.031000873,1.3605301,-0.1825352
1.2025849,-0.64673364,1.3853436,-0.12868951,-0.102099575
0.42406902,0.05921427,0.6912404,0.06919582,-0.67553836
0.5554122,-0.3282207,1.2891092,0.7008081,-0.13942036
0.67019284,-0.21435437,0.90151006,0.1788633,-0.27518725
0.5591047,-0.2145904,0.68521214,0.4455861,0.13058108
0.7151726,-0.2712792,0.53913134,-0.15683071,0.29322582
0.2976075,0.04236523,0.85591775,0.8528162,-0.46901217
1.1858684,-0.6284374,0.9572392,-1.0540309,0.04146128
0.11398599,0.18720451,0.08079525,0.904852,0.3480679
0.81552994,-0.38653073,0.9463413,0.13794477,-0.08762742
0.6281821,-0.16014275,0.7877635,-0.10670881,-0.31924674
0.50075305,-0.22444662,0.6801465,0.5346635,-0.15724155
0.5421204,-0.21592078,0.4740099,0.33751577,0.21652123
0.7788352,-0.23458657,0.9196746,-0.565721,-0.61523414
0.555461,-0.25050816,0.7848796,0.5119137,0.031987183
0.35950145,-0.066155754,0.5494965,0.48960453,-0.16308054
0.28697184,-0.70215166,0.33289337,0.37636507,0.6579734
-0.47730216,-0.1102775,-0.71101904,1.7357678,1.8808495
-0.16886261,0.05392138,0.08260553,1.7280416,0.17566386
0.74948037,-0.37359175,0.6730453,-0.00021796301,0.049452297
-0.7031084,-0.13487515,0.13794231,0.5275215,0.54136217
0.61442846,-0.12906727,0.8260393,0.2390619,-0.42339787
0.5725617,-0.43585953,0.51948893,0.7729225,0.5510454
0.42287365,-0.10415729,0.2964686,0.39552712,0.31886518
0.5459005,-0.23479876,0.8979229,0.89285356,-0.23202142
0.719725,-0.37756857,0.6570936,0.11002584,0.04578089
0.1766372,-0.18526968,-0.070807554,1.0380226,1.0314459
0.22510168,-0.26795086,0.26424363,1.4800521,0.6439369
0.2683616,-0.4363626,0.42958465,1.0565886,0.11488252
0.49684396,-0.03019508,0.9934426,0.53922683,-0.9041812
0.7202094,-0.5846446,1.1999394,0.34442568,-0.20041516
0.08142308,-0.16529974,0.0058132014,1.0737268,0.49067202
0.62099236,-0.18238959,0.71088904,-0.028921712,-0.30723342
0.5226978,-0.4248303,0.37312105,0.5887331,0.48749498
0.07759664,-0.109347664,0.1933091,1.6526306,0.45216805
3.0491202,1.4047652,-1.3277999,0.9520864,-3.501901
0.43560466,-0.6266278,1.9179919,-0.8348808,-0.9735784
-0.1384764,0.2548677,0.1772623,0.44187248,0.28698063
0.6537906,-0.32086787,0.48368645,-0.16942511,0.75245947
0.19128832,0.18216196,0.83209306,0.8630365,-0.5077158
0.8085555,-0.44466195,0.7025511,-0.5623437,0.36508793
0.1108918,0.25725427,0.49234942,0.92261356,-0.42694137
1.0589938,-0.5328577,1.1709749,-0.36907285,-0.051164843
0.25866345,0.11869494,0.3347852,0.6985874,0.17446944
0.8805744,-0.5906313,0.17359927,0.043767046,1.7976032
-0.035141252,0.32942834,0.09640887,1.2036853,0.1459564
0.99778837,-0.59421235,0.5960117,-0.12674223,0.9966694
0.13866821,0.27881446,0.5307158,0.75959444,-0.57467926
0.7387245,-0.62433416,0.5580796,-0.4255303,0.6476921
-0.04010173,0.3407294,0.13283762,1.3430145,0.23074189
0.6369928,-0.35375533,1.1929151,1.0681465,0.09960746
-0.066458724,-0.4262918,-0.32915077,-0.75547296,1.4141287
-0.16970125,0.3659493,-0.27605236,1.8260864,0.937869
0.7608758,-0.31724867,1.2875781,0.5975352,-0.5289759
0.83266693,-0.34253773,0.9980088,-0.26373857,-0.24635789
0.03726194,-0.2925652,0.09313541,1.0794073,1.010776
-0.27007362,0.06884638,-0.007012228,0.9891556,0.805605
0.5961161,-0.204398,0.6249349,0.32792097,0.14743948
0.7160976,-0.2386683,0.63287306,-0.3735752,-0.06287826
0.4561688,-0.22856173,0.60286325,0.9028634,0.35016462
0.5235552,-0.09898599,0.83812976,0.2966897,-0.4390532
0.42227033,-0.34239706,0.8148537,0.35323566,-0.016495623
0.2823318,-0.1072615,0.68422973,1.1653081,0.017815791
0.122674026,-0.60800487,0.6877093,0.34230924,-0.14856344
-0.030871712,0.2442843,0.58762336,1.7348119,-0.32088625
1.0733646,-0.68196476,1.2726943,-0.33512127,-0.15307924
0.16565606,0.0043541566,0.069127224,1.0107017,0.7390607
0.54609704,-0.029889904,1.4672049,1.19567,-1.4456092
0.53541255,-0.67228496,1.5948901,0.28526562,-0.26829904
0.3771917,-0.016831718,0.45380178,0.40885913,-0.087713845
0.39682207,-0.45584616,0.6670612,1.3351958,0.30431005
0.67413193,-0.20004448,0.7967758,-0.33717477,-0.5449191
0.54563266,-0.2975267,0.9724723,0.8580601,-0.2095643
0.7432932,-0.52436286,0.40692243,0.03409357,0.70707506
0.2783564,0.1590282,0.73519564,0.51366824,-0.88033086
0.7596429,-0.6514925,1.4224076,1.0076371,-0.07306538
0.24684992,-0.016543232,0.37039006,0.7364749,0.049377106
0.4455106,-0.7897037,0.5699033,0.7490201,0.25868365
-0.7928088,-0.08547958,-0.841258,1.1988329,1.6612478
0.023265459,0.23527923,0.384549,1.4540312,-0.3188725
1.1940308,-0.66391885,1.1659591,-0.697497,-0.3216494
0.1412004,-0.050494038,0.30548885,1.4916118,0.2862097
0.75769526,-0.56136304,0.82309484,0.21605642,-0.09273351
4.307532,0.9646398,-1.2913615,3.1300428,-3.7477708
1.1877222,-0.65141857,0.90827835,-1.8783947,0.009788476
-0.8758483,0.45570436,-1.0367278,1.6336554,2.4411108
0.5299852,-0.10646757,0.7991558,0.109659985,-0.17287529
0.5548239,-0.17699656,0.4390262,-0.100973174,0.391022
0.4404913,0.049298443,1.2797266,0.7720551,-1.042362
0.79123074,-0.63808143,0.89750385,-0.37419087,0.4175455
-0.0073297843,0.24034563,0.08274596,1.2223359,0.5323245
0.7122774,-0.35994467,0.7617882,0.4039929,0.41313946
0.14302787,0.030046143,0.30155686,0.90891373,0.4706772
0.8206406,-0.35949168,0.7393332,-0.2422791,0.1414406
-0.10871353,-0.061103664,0.19279495,1.1704084,0.5666195
0.34101763,-0.19901928,0.42194998,0.5914573,0.47246018
-0.33731982,-0.003351532,0.37174395,0.1532752,0.107022874
0.4117761,-0.14304814,0.47860667,0.5898149,0.25794297
0.31371936,-0.33284363,0.32524568,0.67969483,0.54160243
0.1087952,-0.05729612,0.34860608,1.1139765,0.20035511
0.6878643,-0.18442568,1.0832852,0.17006709,-0.66402376
0.63812935,-0.19073185,0.7744273,0.104850784,-0.36767596
0.5076787,-0.26866612,0.5892847,0.8849818,0.551481
0.10692016,-0.26109394,0.34844413,1.1419269,0.4587382
0.5617858,-0.6160777,-0.29283696,1.0242186,2.4435246
-0.18116555,0.48680845,0.15787014,1.2531345,-0.40506935
0.6963258,-0.8734435,1.0110868,0.8246691,0.5641097
0.0901374,0.33817115,0.8265371,0.85835516,-1.1856186
1.2978841,-0.90937316,0.8473805,-0.84384423,0.6811617
-0.56899273,0.283075,-0.7608717,2.5232573,1.6562756
-0.45994487,-0.36504444,1.1926513,-0.5032171,-1.1645253
-0.001491867,-0.00609573,0.4700275,1.4737579,0.30686915
0.6744987,-0.4168671,1.024402,0.744443,-0.33761588
0.29603288,-0.42422947,0.23636913,1.0372044,0.6276247
-0.26652756,-0.11420902,-0.03303511,1.2882191,0.61293906
0.5741476,-0.15343127,0.67252207,0.322681,-0.1436812
0.5188426,-0.34755167,0.7855161,1.0908294,0.106761
-0.021529041,-0.41644034,0.16113228,0.444044,0.35523874
0.17750588,0.22295061,1.2058096,1.7887025,-1.2002498
1.4628979,-0.9392017,1.4470975,-0.84617114,-0.1676698
-0.04506471,0.3457338,0.63440704,1.5275756,-0.86280525
1.2980894,-0.6703943,1.8154434,0.03213842,-0.91297853
0.79905385,-0.2824658,0.9164368,-0.5465176,-0.58813417
0.66356134,-0.40627655,0.6397048,0.48869777,0.20829514
0.47033802,-0.20807919,0.63049823,0.73489934,-0.096596785
0.7789015,-0.33071217,0.9125603,0.03620411,-0.29879472
0.58772725,-0.20428833,0.51561296,-0.023524392,0.020876162
0.5557927,-0.49255547,0.39733365,0.62223226,0.51284134
0.029323675,-0.20707068,0.21687788,1.7126443,0.12904614
0.6443265,-0.17146763,1.2800431,0.75759405,-1.0963864
1.1443684,-0.5782526,1.1692603,-0.7804257,-0.40987727
3.3320727,1.4433867,-1.1732328,0.6288078,-2.9896798
0.62795806,-0.4126924,1.2410578,-0.22034363,-0.21237057
-0.018971823,0.107038654,-0.038670935,0.23996474,0.9279204
0.3904046,0.012741722,0.8470719,0.49290115,-0.31370938
0.7818255,-0.47738013,0.43987218,-0.42395282,0.91370064
0.25448653,0.18910947,0.5763211,0.087193444,-0.6921747
0.9817203,-0.31073746,1.6637839,0.1383303,-1.1574444
0.7907476,-0.4459637,0.59732485,-0.3309887,0.669253
-0.3471056,0.39004865,0.64237577,1.6510727,-0.35816556
0.85449404,-0.41866717,1.5901246,0.7209025,-0.27545518
0.63419026,-0.42681393,0.06078305,0.06641455,1.4217895
0.094507076,0.33759657,0.59943014,1.0687995,-0.68367285
0.5154943,-0.7104653,0.98985714,-0.62058324,0.1407682
-0.29070786,0.50840205,0.5396557,1.6926935,-0.3749652
1.0968815,-0.5212348,1.4172922,-0.09378593,-0.7175513
0.54033923,-0.163874,0.6247707,0.29032266,0.012368314
0.7371987,-0.34088787,0.69392776,0.050765466,0.13054737
0.33640888,0.12436215,0.59286,0.4342879,-0.58154327
1.1032802,-0.5257314,1.1025176,-0.7466433,-0.25036377
-0.23275551,-0.0134580955,-0.04909209,1.5630182,1.0787921
0.42905703,-0.2792376,0.61351544,0.6780839,0.0032191798
0.26362267,-0.2225512,0.15459895,0.6287311,0.78940517
0.5420678,-0.13495383,0.44642588,0.1351871,0.18150976
0.71198076,-0.19289908,0.78391075,-0.38689148,-0.4241662
0.56803304,-0.2711719,0.55665433,0.44794446,0.14329705
0.6428057,-0.16662535,0.9294565,0.055948388,-0.46171603
0.6095193,-0.5910652,0.1310868,0.35883164,1.3211241
-0.18653283,0.3363258,0.35888398,1.9146544,-0.27984047
1.2787457,-0.68060815,1.2178774,-0.87800825,-0.19201276
0.12790737,0.14327827,0.37503552,1.094368,-0.086610176
0.88595295,-0.58192664,0.54535496,-0.15796958,0.7385992
-0.8696805,-0.19524035,-0.5996807,1.5077035,1.3980101
0.032560565,0.43737713,0.89298975,1.2000307,-1.51634
1.5835115,-1.0057801,1.3713902,-1.0696564,0.11659291
-0.16759714,0.4660732,0.09373846,1.1298734,-0.3075169
1.0317907,-0.6451076,1.8916247,0.50304866,-0.9986646
-0.2786202,-0.24720368,0.31288174,-0.67436564,0.06953614
-0.019348584,0.12939993,0.8120152,2.4596167,-0.08688069
1.2893175,-0.68121374,1.4311249,-0.75498515,-0.56517315
0.24293962,-0.124875866,0.19055036,0.95870125,0.3951117
-0.13551489,-0.767588,0.07016062,0.54542667,0.8161525
-0.26456866,0.6365138,0.4884865,1.354464,-1.2621849
1.195698,-0.81225574,1.541072,-0.058642376,-0.7325204
0.073145606,-0.22418913,-0.0650296,1.4808762,1.0127984
0.45686725,-0.05080398,0.7586229,0.67090255,-0.5118159
0.76580125,-0.54023916,1.2384553,0.6731783,-0.27230492
0.38724908,-0.45212683,0.39586368,0.8136935,0.257357
0.32753184,0.047526993,0.854992,0.957704,-0.74580675
3.0438192,1.3809353,-1.1779009,1.0808157,-3.5773947
1.5559466,-0.6838387,1.5523357,-1.5908576,-0.7150354
-0.6949498,0.60801333,-0.43715504,0.49402624,0.70924866
0.8994137,-0.32242236,1.313704,-0.27935225,-0.52294767
0.37425146,-0.049392544,0.40961888,0.29962242,0.2824389
-0.4581174,-0.1605433,0.4916484,0.122514024,0.3664457
0.061420955,0.087946095,0.34144762,1.1581424,0.73592687
0.4362956,-0.25095162,0.6337281,0.33932734,0.03543388
0.37826064,0.03542248,0.70985454,0.44559985,-0.31474045
0.9622339,-0.43687043,0.952972,-0.56497747,-0.099416025
0.21299526,0.061484016,0.39445317,0.9815061,0.17940354
0.1981714,-0.5888575,-0.11074079,-0.4595114,1.8777987
-0.5591782,0.45249286,-0.5168981,2.0981987,1.1038947
0.901658,-0.48114476,0.74181277,0.026898455,0.4908371
-0.29829815,0.27183834,0.13873562,1.9266468,0.3546908
1.1087313,-0.6402987,1.0961254,-0.44484186,0.0884152
0.28370366,0.06033484,0.24469575,0.54264146,0.22236195
0.64676106,-0.6367582,0.3306199,0.21056469,0.9844893
-0.004698716,0.28335872,0.041982614,1.2347592,0.3170675
0.87183505,-0.34910616,1.5817391,0.6585973,-0.7964563
0.85366917,-0.40398058,0.68869,-0.4644996,0.15814689
0.31108454,-0.0853866,0.55926925,1.1317047,0.36027223
0.58071274,-0.62594354,0.12831616,0.627484,1.6763898
-0.13916609,0.4550201,0.35329232,1.2911184,-0.71094656
1.2276413,-0.9247726,0.82637966,-0.4879437,0.87897956
-0.30697367,0.5491931,-0.06985853,1.7162596,0.04403334
1.3087075,-0.70450485,1.514672,-0.42730844,-0.36792314
0.052158393,-0.066933,-0.17417994,1.1203436,1.203371
0.44264796,-0.28537926,0.41954118,0.7402986,0.368475
0.51068777,-0.12951311,0.719586,0.464221,-0.29374135
0.26570424,-0.5094951,0.39098945,0.9957331,0.74971366
-0.20552608,-0.14796194,-0.103195585,1.1876173,0.75578517
0.562662,-0.33285794,0.31570956,0.39493704,0.669896
0.101077236,-0.11801418,0.30588523,1.5120603,0.27862316
0.470144,-0.28061804,0.78426015,0.8589944,-0.11733661
0.28891447,-0.4191464,-0.10659192,0.63581014,1.2631222
-0.0032842979,0.10941092,0.09275489,1.6787438,0.468902
1.0043622,-0.41865048,1.2657534,-0.42530805,-0.71489626
-0.016878985,-0.51351005,-0.2746243,0.83457273,1.7408113
-0.8755848,0.41530672,0.72907,2.8686564,-0.8469775
1.1250122,-1.108622,0.54760915,-0.8868792,1.1982166
-1.0939647,0.8060199,-0.58416563,3.3064961,0.05188132
1.2657067,-1.1638898,1.4087362,-0.20652775,0.14490372
-0.17186919,0.33501926,0.052023254,1.4905714,-0.10322399
1.15202,-0.724172,1.0877506,-0.35568184,-0.052572735
-0.6680571,-0.7772678,-0.53404963,1.3806934,1.4440644
-0.37281045,0.50914115,0.030737003,2.085138,-0.19612062
1.0239788,-0.65505207,1.4432353,0.11577524,-0.79050237
2.8904212,1.4834625,-1.2263702,1.1585497,-3.777053
0.9502251,-0.5585688,1.6698382,0.41809398,-0.13503075
-0.20153067,0.34682813,-0.03988836,0.24319841,0.49981424
0.17115101,0.044601597,0.56205744,1.0570489,0.3080143
0.7346728,-0.2217358,1.2032388,0.15346207,-0.612255
0.73522353,-0.20577368,1.0364562,-0.07599877,-0.44584462
0.7032539,-0.2858394,0.6483021,-0.02634697,0.22968143
-0.017891608,0.05019013,-0.03991554,0.5950293,0.98912525
0.20831016,-0.07692989,0.5031284,0.56737393,0.363502
0.5478269,-0.26836333,0.43641752,0.3763985,0.5312355
0.42664126,-0.16501126,0.2644118,0.38238198,0.62610877
0.5747246,-0.041510426,0.99866056,0.25361538,-0.7579013
0.65122837,-0.27974543,1.1311232,0.59959656,-0.23023066
0.81091243,-0.31367478,0.82948095,-0.28577632,-0.16654885
0.45426497,-0.134446,0.48532006,0.7089375,0.34133872
0.69240797,-0.32727417,0.6876085,0.18358202,0.20075268
0.48853144,-0.0674456,0.7021587,0.5024743,-0.19759852
0.6930063,-0.20956215,0.9667097,0.28447688,-0.35142428
0.79482186,-0.28804478,0.92692477,-0.21861272,-0.30764395
0.4150643,-0.27725634,0.19772354,0.59666383,0.8938726
0.3742527,-0.08310255,0.3934917,0.8359791,0.4031615
0.44615898,-0.15700278,0.2839778,0.5303952,0.62082636
0.46426353,0.054090656,1.0715407,0.7677042,-1.0660645
1.1269785,-0.7310194,0.87452286,-0.6093893,0.5137367
-0.042891763,0.106571354,-0.29002103,1.4847472,1.1341052
0.77082556,-0.22193131,1.3607963,0.31104845,-0.8479623
0.6816684,-0.37975726,1.2287414,0.40429384,-0.28837165
0.73988736,-0.3778809,0.4908885,-0.01584344,0.5276255
-0.053093098,-0.14574942,-0.12824565,1.1035851,0.9821169
0.60025924,-0.19283232,0.48467,0.036931884,0.17801899
-0.072107635,-0.46507296,0.11607056,1.3174559,1.0806909
0.1743078,0.27982774,1.0427172,1.4015195,-1.2719364
1.5290864,-0.9021944,1.418594,-1.1919379,-0.042186834
-0.24051604,0.3490359,0.14225483,1.9463872,0.04025995
0.9867659,-0.61993057,1.6416166,0.17935504,-0.6705628
0.46690586,-0.20675597,0.5245274,0.5224625,0.2568488
0.5550379,-0.34015593,0.34836712,0.4642446,0.6103307
0.38529143,-0.3371924,0.16028574,0.7930228,0.7784739
0.17770615,0.107443966,0.82084346,1.2258804,-0.71880704
1.1490735,-0.6993979,1.0701743,-0.47664356,0.11243232
0.04113344,0.19497219,0.10011663,1.1973419,0.27345312
0.8766516,-0.6661004,0.9076334,0.30585766,0.1747339
-0.3585411,-0.15965399,0.17777646,1.7017021,0.4707204
0.3592699,-0.22965369,1.136344,1.1698852,-0.7898256
0.16429797,-0.66375196,0.011958083,0.4655959,0.9486464
-0.115973376,0.5144817,1.0874199,2.016458,-1.6745623
1.6890246,-1.0206884,1.785835,-1.0291666,-0.5359981
0.025159277,0.13929906,0.15258822,1.134659,0.07736554
3.0567505,1.4470106,-1.0126873,0.64229125,-3.3974826
1.0866513,-0.591852,1.5220882,-0.91025054,-0.7427801
-0.25365135,0.15538278,-0.3321915,0.25860554,1.4058801
0.113494076,0.22627416,0.55506206,0.9170982,-0.19354337
0.7694687,-0.47048745,0.5650625,-0.34913778,0.7850527
-0.37224594,0.4092628,-0.1589678,1.3996725,0.74944746
0.5366492,-0.47126707,0.75969875,-0.07382725,0.36369473
0.24574092,-0.09535726,-0.10531334,0.6348188,1.2114486
0.14633736,0.17766777,0.25658292,0.9829577,0.2439237
0.8267489,-0.31530556,1.0245503,0.052759957,-0.15070683
-0.023648165,-0.25005755,-0.3657947,0.3970102,1.8838183
-0.16306975,0.25796714,0.01699709,1.5707896,0.34625468
0.8771848,-0.5053633,0.5765227,0.036001515,0.8149987
0.04799149,0.28313938,0.3252032,1.1276646,-0.2510042
1.1460632,-0.57179624,0.93293035,-0.7956047,0.12705919
-1.3892515,0.021246113,-1.0168135,-0.7092948,1.6653124
-0.3065869,0.6247813,0.51863164,2.793208,-0.3827894
1.4529169,-0.93060195,1.3340657,-0.92132056,0.034203164
-0.09288957,0.34076515,0.023017963,1.2384945,0.08118387
1.0009414,-0.4454058,1.7664905,0.5876945,-0.83470184
0.5078464,-0.24630722,0.8997717,0.1729054,-0.19267565
0.45952085,-0.20039019,0.70258284,0.90035945,0.17894807
0.49553218,-0.52180463,0.41022363,0.42523205,0.4706115
-0.044900738,0.18997732,0.3111343,1.3198438,0.15428275
0.9032251,-0.36048827,1.5292976,0.41836149,-0.8457074
0.68403286,-0.5108016,0.6486096,0.12233503,0.24282175
0.14535603,0.12280766,0.33643636,1.2395861,0.11742001
0.9181416,-0.4398435,0.88193214,-0.37055594,-0.07500134
0.3033553,-0.076665245,0.21517405,0.80711603,0.48767734
0.7659452,-0.44422802,0.6567142,0.14956357,0.31078774
0.32616875,0.054307617,0.9189447,0.8174917,-0.7632304
0.65323985,-0.8113593,0.92519605,0.21737821,0.5078571
-0.15579864,0.46721998,0.39647183,1.5310906,-0.66731834
1.4140717,-0.7755393,1.3831267,-1.1122999,-0.37020826
-0.10855081,0.18552604,0.25687,1.733492,0.1384122
0.8657706,-0.49749312,1.504337,0.60412645,-0.76755434
0.76059544,-0.32540497,0.7690706,-0.2884789,-0.20247212
0.5053906,-0.062090717,0.60320073,0.19396557,-0.28208756
0.6085004,-0.33856568,0.75647,0.4537745,-0.26493618
0.037153043,-0.98030984,0.016181698,0.7126767,1.1191949
-0.9321321,0.7004291,-0.3792209,2.7672324,-0.0980319
1.3962876,-0.90695083,1.4247603,-0.5624322,-0.25351575
-0.37692103,-0.004786812,-0.30898964,2.0459268,1.0893492
0.61144316,-0.21345076,1.055157,0.68278885,-0.5958356
0.6945158,-0.48960623,0.92877245,0.65111893,0.05649867
0.27955052,-0.27347264,0.26158568,1.2081975,0.61812204
0.5260799,-0.16143021,0.70105284,0.4833457,-0.26468036
0.7422581,-0.3290933,0.9277566,0.18071814,-0.22921947
1.9173611,1.0704309,-1.7318654,1.98646,-1.3744438
1.0278441,-0.2356976,1.8834312,0.4172777,-1.1049945
0.36287478,0.04095856,1.3623484,0.35022426,-0.8824768
1.0155963,-0.53151304,0.9515858,-0.6814506,0.24229196
0.08152447,0.008090176,-0.3812543,0.8024642,1.6699467
-0.25370517,0.35229984,0.4828903,1.3140235,-0.53675693
1.2212163,-0.7283157,0.9047682,-0.7010198,0.6056887
-0.2620252,0.49253526,-0.06125728,1.509584,0.23013517
0.9647298,-0.552954,1.0287479,-0.29045373,-0.07103435
-0.7235461,-0.069288574,-0.6275988,0.45334572,1.6274351
0.17374453,0.38024727,1.0510324,1.0025703,-1.487069
0.90233517,-0.89307964,1.3380854,-0.9349004,0.07437863
-0.16257659,0.47718826,0.31789866,1.5668026,-0.33125746
0.8834358,-0.85514724,0.98333347,-0.51008373,0.23742095
-0.2472389,0.5169565,0.29512262,1.558624,-0.3567041
1.2261118,-0.6745523,1.047263,-0.6465942,0.17633885
0.04677359,0.27200523,0.4386655,1.2051743,-0.40237457
1.4118136,-0.75436056,1.2832458,-1.4425907,-0.29423138
0.2926921,0.084005035,0.26972714,0.4656077,0.12682238
0.54566896,-0.41586098,0.3583868,0.48869187,1.1008283
0.06380544,0.26734415,0.65640676,1.1776567,-0.7285828
0.7572722,-0.97095907,0.8322567,-0.22091012,0.557269
-0.41771635,0.5644328,0.20152077,1.8852366,-0.3240806
1.1238681,-0.6805366,1.2664261,-0.11223398,-0.099987306
0.22678271,0.14203373,0.4934332,0.6658396,-0.34597075
0.89794296,-0.6637448,0.5285307,0.07303335,0.9082817
-0.1417571,0.42635027,0.49486524,1.6878529,-0.6865051
0.8926458,-0.85291564,1.0155402,0.5206745,0.6358957
-0.15277955,0.31155887,0.32510638,1.5445052,-0.27806267
1.1448202,-0.80512464,1.1237468,-0.11632328,0.23824027
-0.50391823,-0.43973145,-0.5405071,1.0961165,1.2597473
-0.086059056,0.37159505,0.6779648,1.9900713,-0.68451726
1.37595,-0.9572023,1.4338089,-0.5269779,-0.17423823
0.063213386,-0.009874664,-0.106604375,1.1743344,0.68126714
0.25895008,-0.59262687,0.23100284,1.4325266,0.8356141
-0.26096377,-0.29023585,-0.25674343,1.4680891,0.97779816
0.41799578,0.06787602,0.86140186,0.47499597,-0.879171
1.1530877,-0.6616324,1.2505305,-0.22457652,-0.06791521
0.34749517,-0.28471407,0.17595598,0.93372685,0.71625185
0.302205,-0.086547695,0.46029943,1.0457861,0.1216506
0.74881446,-0.43143448,0.59991145,0.048247766,0.28913784
-0.051994108,-0.25412497,0.27402437,1.040324,0.22359699
0.38281432,-0.098275505,0.4383116,0.8897969,0.2998729
0.8438934,-0.3162783,1.0655628,-0.41496778,-0.64007574
0.63170815,-0.3638881,0.65260893,0.50675637,0.10658815
0.57750714,-0.27651724,0.5552625,0.26282662,0.064659946
0.19156244,-0.22000727,0.11888593,0.96246797,0.7983849
0.60134697,-0.100793205,0.89974165,-0.13917927,-0.8302967
3.2632487,1.4756161,-1.4565293,1.3312678,-2.8064067
1.3778588,-0.73079526,0.98918843,-1.7634578,0.15526715
-0.47759506,0.57071036,-0.3683728,0.8633335,0.8197798
0.32565054,-0.04702743,1.3003995,1.5840607,0.053646587
0.27262864,-0.521118,0.18003294,-1.1159112,0.8463975
-0.97224087,0.9010607,0.31198764,2.418637,-0.034509547
1.6319947,-0.9566635,1.6046466,-1.0081556,-0.0005714968
-0.906968,0.22449794,-1.0610462,1.0845214,2.1296418
-3.4910338,1.5432793,-0.38853166,-4.699596,-0.9459832
1.3444284,-0.36467728,2.0339298,1.9970992,-0.42310748
1.0341251,-0.52573615,0.867703,-0.80492216,-0.45437407
0.043479122,0.3385264,1.1064938,1.7936139,-1.0805868
1.3482311,-1.1092418,0.57319605,-0.9660471,1.5939896
-0.7097699,0.96322596,-0.0007574953,2.2796483,-0.8469187
1.7787224,-1.1696833,1.8350977,-0.7379612,-0.13788283
-0.5302815,0.3603274,-0.22459719,2.3940227,0.56179255
1.1741763,-0.6090062,1.1056422,-0.7305792,-0.17307493
-0.2578846,0.16756359,0.14853391,2.472563,0.57651967
0.5980425,-0.49847063,1.1140124,1.4122355,0.21655235
0.4779308,-0.05673822,0.4976472,0.18858595,-0.10314707
0.64090437,-0.49974856,0.4242076,0.6990182,0.78457046
0.26929286,0.15083614,0.9519511,1.0994761,-0.9140425
1.2849077,-0.6944984,1.4153969,-0.46579581,-0.3881418
0.33452383,0.06966654,0.8276073,0.89178944,-0.5995684
1.1063519,-0.66750467,0.9175642,-0.46822304,0.23126131
-0.04476305,0.045426525,0.019467613,1.6282915,0.43373927
0.5881353,-0.63057363,0.6505195,0.69141394,0.20378539
0.19497582,0.16983333,0.46081415,0.7184084,-0.411821
1.0631182,-0.6452054,1.078005,-0.076303646,0.05365955
0.18688986,0.13446632,0.25841245,0.9036049,0.02904176
0.842285,-0.6055706,1.1490437,0.71437025,-0.12848306
0.3869299,-0.18357453,0.6123575,0.8932804,0.012747727
0.9239019,-0.55754834,0.93279785,0.024811517,0.14806435
0.47382274,-0.028335415,0.67872864,0.09903647,-0.5113172
0.779983,-0.6639117,0.9744825,0.7644312,0.36061966
0.0014283434,0.09580914,0.06530508,1.3769739,0.3741973
0.11139373,-0.49625334,1.4994226,1.2270842,-0.83168644
0.7542819,-0.28716263,0.7695587,-0.30622476,-0.30330878
0.5115915,-0.16881642,0.7641279,0.71196467,-0.14915979
0.8832493,-0.3962582,0.8559166,-0.4172455,-0.23473522
-0.18203798,-0.482344,-0.23935974,1.2558194,1.3428473
0.047284283,-0.21018204,-0.18766788,1.9791881,1.2158657
0.44555566,-0.14200625,0.89368963,0.5417386,-0.8515957
1.0058968,-0.45836863,1.0678012,-0.7083782,-0.49430755
0.49587014,-0.097894035,1.0849912,0.8229638,-0.7478577
0.9240809,-0.65447986,1.249684,0.31181753,-0.085170306
0.27372262,-0.07025417,0.53896827,1.0661815,-0.110164054
0.8498252,-0.8407992,0.28976992,0.49055654,1.4171857
4.6266766,1.3473779,-1.0412827,2.255248,-1.9571095
1.4177867,-0.57131463,1.2472004,-1.1172409,-0.42682642
0.087419964,0.12552801,0.30654433,-0.110979065,0.13161734
0.42190233,-0.033387505,0.89572924,0.6480623,-0.16850469
0.86157364,-0.4519504,0.6122567,-0.40830767,0.6495935
-0.09575721,0.3204209,0.0329714,0.71861297,0.29171422
0.76952004,-0.3204578,0.969063,0.15988614,-0.0031755343
0.40123555,-0.009846054,0.60701215,0.6134793,-0.017239757
0.45390573,-0.12854752,0.5640784,0.5870651,0.33782375
0.50303364,-0.07908519,0.5540496,0.30330652,0.090924166
-0.095215224,-0.07248338,0.106948934,0.06208725,0.8460086
0.31908038,0.09825293,0.9587692,1.3029083,-0.34710553
1.2794929,-0.645532,1.1612043,-1.227105,-0.27173796
0.057846107,0.3355724,0.5284877,1.1693797,-0.44119227
1.3291177,-0.6503457,1.4115754,-0.98615724,-0.5196116
0.29592523,-0.02420362,-0.010657707,0.6024644,0.8803987
0.38449785,-0.15544829,0.76464546,0.934612,0.07909062
0.74167603,-0.3618258,0.48279914,-0.04535364,0.5590416
0.22979805,-0.12117084,-0.17921668,1.2271156,1.5859019
0.4637741,0.06951634,1.0328809,0.4915223,-0.99947876
1.0055777,-0.6424278,0.55972964,-0.3382979,0.98535705
-0.10886749,0.44889513,0.5849722,1.580705,-0.68806076
1.0818586,-0.8606285,1.359486,-0.043250967,0.089556895
0.053311206,-0.0030463561,-0.22181806,1.0690454,1.0230702
0.62769896,-0.11843618,0.99057233,0.24763586,-0.6380335
-0.6629264,-0.76933324,0.03832694,-1.4253327,1.3471203
-1.1943909,1.1236054,0.05288168,4.1034055,-0.55152595
2.0192223,-1.3741153,1.51186,-2.0297616,0.33184302
-0.7582181,0.59612817,-0.4943757,2.5026948,0.65932775
1.0799911,-0.6799573,1.0483338,0.055484187,0.3065753
0.006789364,-0.06638225,-0.14999679,1.3769484,0.8984999
0.13639262,-0.3906053,0.1904071,0.8563548,0.37556285
0.50598514,0.072310604,1.364422,0.57392585,-1.6331353
0.114543,-0.9939021,0.5836517,-1.2295008,0.5599949
-0.62190324,0.90482295,0.1559268,2.3897386,-0.812695
1.5976957,-1.0178131,1.638188,-0.8148553,-0.3704684
-0.00024392456,0.31344476,0.321748,1.0042402,-0.517081
1.1254765,-0.62220746,1.351075,0.0007281415,-0.49684504
0.05324737,-0.13764557,0.5836863,1.3397748,0.07205289
0.7361623,-0.31553206,1.1315247,0.46628827,-0.5583506
0.71690243,-0.38242754,0.7743265,0.12441607,-0.15684658
0.5159111,-0.14072832,0.7024735,0.41586542,-0.36840972
0.785692,-0.32242474,1.1482248,0.33420146,-0.49988985
0.8662875,-0.3312939,1.0549775,-0.4043423,-0.57869637
0.4678484,-0.24300751,0.6792717,0.95926774,0.11400183
0.62605673,-0.31413016,0.70272154,0.30663657,-0.055764474
0.6471416,-0.34724173,0.6179899,0.36089104,0.14806089
-0.2113665,-0.44130263,0.3222848,1.656059,0.5175144
2.9791226,1.394611,-1.251024,0.91142553,-3.744765
1.2690125,-0.4129022,1.8088686,-0.31058943,-1.2342458
0.2676544,-0.02543386,0.66120625,-0.15892945,-0.005897112
0.12905017,-0.17642912,0.2141718,0.03421552,0.7942753
0.34343466,-0.02678331,0.2581967,0.4696498,0.57962155
0.47337964,-0.13611016,0.3595663,0.51257265,0.7625835
0.37926325,-0.014979206,0.55993176,0.60021615,0.11883914
-0.17981246,-0.13316807,0.5271938,-0.41903543,-0.15545857
0.18881997,0.021947064,0.6245674,0.8688508,0.07316088
0.51989526,-0.2656072,0.89189637,0.0016270392,-0.12670872
0.6741294,-0.16641077,0.8084422,-0.06803261,-0.3651912
0.38086417,-0.19699511,0.27643657,0.8171829,0.80731016
0.42719325,-0.14567074,0.29839778,0.7263293,0.6346961
0.40335092,0.089438595,0.8456376,0.7504363,-0.7154347
1.1047834,-0.53312,1.2979138,-0.40389383,-0.4366687
0.29383364,0.05379025,0.41817823,0.63155955,-0.15163592
0.9224687,-0.3443807,1.3297089,-0.034981895,-0.6837351
0.94924253,-0.50295764,0.71136075,-0.4718796,0.36866254
-0.017026685,0.24157348,0.5633077,1.5251032,-0.39631173
0.8125146,-0.61527663,1.0099667,0.30107403,0.22729951
0.31125227,0.024927296,0.524456,0.7035343,-0.09587685
0.85528386,-0.5666631,0.43782577,0.07517733,1.0434185
0.09687779,0.271197,0.464574,0.8110873,-0.5397663
0.9723151,-0.61957294,1.282325,0.018068802,0.023722194
0.3145968,-0.12801346,0.4224041,0.618975,0.23593614
0.63049024,-0.33039746,0.86116064,0.6932393,0.22441113
0.1303995,-0.23167309,0.19705877,0.3294493,0.290302
0.46721002,0.025711693,0.88451874,0.43896925,-0.74046475
0.8401108,-0.51668817,0.7025494,-0.20086096,0.30979815
0.0024359599,0.049739517,0.26635006,1.6635275,0.27916247
0.96518666,-0.4225367,1.2894615,-0.30090415,-0.6020921
0.39708242,-0.06824192,0.59914756,0.63387465,-0.3072585
0.5431155,-0.4034942,0.75029683,0.2074687,-0.042152263
0.5269836,-0.17035899,0.71295756,0.52929175,-0.11482764
0.6146713,-0.31536755,0.93233865,0.714207,-0.1869689
0.3199378,-0.37980255,0.39619154,1.1733018,0.50819415
0.62272596,-0.29706654,0.52668417,0.22706546,0.2298828
0.13110545,-0.15058216,0.43101102,1.3623004,0.41656715
0.6113931,-0.16018328,1.0440291,0.34968925,-0.88089
0.8521759,-0.43766198,1.103333,0.07512815,-0.16876483
0.32767454,-0.30437407,0.31951472,0.91075873,0.488953
0.5305885,-0.048884712,1.2244589,0.7651314,-1.1395203
1.1432344,-0.6270236,1.3274779,-0.37020582,-0.3074348
0.23629811,0.007210411,0.59716064,1.0596296,-0.20085248
0.90324014,-0.72348297,0.68391263,0.014046382,0.49901566
-0.22901294,-0.29744086,-0.25755203,1.8305061,0.80718744
-0.28316012,-0.12562451,0.85608536,2.1809583,-0.36121815
0.8617013,-0.57981664,1.0245956,0.3042192,0.112501465
3.3368397,1.3155109,-1.359304,2.602024,-3.1986244
1.2077969,-0.4181951,1.6430509,-0.91839767,-1.2141222
0.06678698,0.11220757,0.46863568,0.020708453,0.08836161
0.35158822,-0.18430647,0.18526617,0.51509625,1.3966151
0.16777518,0.09973828,0.07423928,0.8153005,0.77542996
0.2714145,-0.048853718,0.46610287,0.6752967,0.4447509
0.56701916,-0.121874176,0.7978908,0.28242338,-0.0069454685
0.81552494,-0.2512711,0.9411245,-0.4900995,-0.5210955
0.31242636,-0.35534558,0.006150683,0.090899184,1.2784525
0.3144203,0.12965265,0.6170426,0.76962787,-0.23534712
-0.9228877,-0.49177107,0.6501843,-1.9685166,0.44969192
-0.21385613,0.4303557,-0.34237257,2.3090777,1.1258506
1.1433032,-0.566675,0.8542564,-1.037357,0.06223654
0.0930889,0.15882078,0.21793166,1.1268797,0.21192074
1.1141887,-0.50475055,1.2563916,-0.57957226,-0.49087727
0.53449255,-0.059179626,0.8086075,0.19787784,-0.47200513
0.8876052,-0.36106285,0.91739714,-0.46924388,-0.30908555
0.21454361,-0.05865749,0.33886725,1.28233,0.605617
0.4396902,-0.18032011,1.2038335,1.0118287,-0.4462223
0.49406144,-0.5524104,0.17581329,0.13607617,1.1818136
0.009187616,0.38124624,0.58241564,1.2432624,-0.7491904
1.0287153,-0.7981628,1.3655013,0.1710722,0.012662165
0.22425428,0.11450831,0.2114527,0.61459064,0.055197947
0.78870857,-0.39843735,1.1445352,0.58544433,-0.10702676
0.08280871,-0.4525536,0.192821,0.4677084,0.7943332
0.34635863,0.03500048,0.4794028,0.6232669,-0.11913688
0.6663088,-0.24353442,0.87929744,0.31776363,-0.35012442
0.7559391,-0.37526068,0.84890765,0.1868098,0.0066771135
0.540527,-0.08440908,0.82283837,0.12474258,-0.50053895
0.9675148,-0.3735083,1.3797497,-0.23656116,-0.9427318
0.7161589,-0.3694528,0.5837593,-0.107196614,0.19168651
0.18436393,-0.06193336,0.49914774,1.4580183,0.054194532
-0.2683588,0.01570288,1.1304935,-0.16233818,-1.1499822
0.99755305,-0.5125039,0.96700126,0.057590794,0.18926829
0.3624079,-0.18698153,0.12687281,0.7322164,0.6736996
-0.067358695,-0.18566546,0.8127541,1.4313779,-0.31065074
0.9233136,-0.36007342,1.5321571,0.2154919,-0.9258077
0.38380316,-0.26056466,1.0230373,0.3384009,-0.68458724
0.6003669,-0.36982712,1.0363073,0.7003675,-0.5440531
0.71079165,-0.5127638,0.72947377,0.44260222,0.22603768
0.20016286,0.04136864,0.48747745,1.0539038,-0.103835024
0.99358016,-0.4615396,1.3469188,-0.022462238,-0.7306605
0.14188632,-0.6601256,-0.34369475,1.2515984,2.0220344
-0.8118715,-0.093314014,-0.29630125,2.4735918,0.3729519
0.61891955,-0.3709906,0.56575954,0.7059851,0.3507169
0.34515324,-0.36503252,0.14779213,1.176801,0.8222992
-1.0231862,-0.41613278,0.25969443,0.5862626,0.25025272
0.071847595,-0.07079061,0.13344803,1.6434488,0.53264517
3.0734293,1.4078313,-1.167529,1.03544,-3.6920576
1.1312143,-0.66443145,1.3987607,-1.4786764,-0.5321867
-0.11984613,0.4185063,0.50279206,0.52121544,-0.6514677
0.8903364,-0.4655927,1.103273,-0.09664784,0.22063687
0.3099405,0.08166615,0.41021118,0.10302152,-0.08181954
0.78740555,-0.23353991,1.3546181,0.18794473,-0.6731305
0.58775103,-0.24829087,0.9165206,0.20451237,0.07556268
0.56618804,-0.09146627,0.8408585,0.31624907,-0.29269817
0.53548014,-0.35542902,0.6326103,-0.008986641,0.47378683
0.080643274,0.15702549,0.57094693,1.3857543,0.2357581
0.81722474,-0.31432804,1.0998988,0.17663671,-0.21290901
0.5033791,-0.095023476,0.83302736,0.41476,-0.27641365
0.47241458,-0.3498381,0.72956437,0.30642414,0.27371672
0.22521308,-0.012235008,0.46708134,0.7953438,-0.09405238
0.7551293,-0.30886588,0.693998,0.012006652,0.22043031
0.198791,0.05549494,0.35714447,0.835332,0.31688774
0.47366503,-0.2503794,1.0140239,0.65592813,-0.49951476
0.36483493,-0.27548012,-0.21373719,0.6197716,1.708276
0.15994081,0.22532049,0.40823385,0.58384126,-0.42584547
1.0988579,-0.6127446,0.9475734,-0.48136032,0.22512847
0.23277584,0.13766351,0.4737483,0.53824335,-0.38433558
0.960101,-0.502662,0.9532234,-0.2943306,-0.092025675
0.37287208,0.00036541373,0.23796877,0.4502989,0.38052374
0.63146406,-0.2937549,0.6817326,0.4155802,0.11699306
0.4650183,-0.08546289,0.9837661,0.5359853,-0.55394375
0.39132962,-0.6053441,0.5218088,0.48529494,0.9081736
0.1939657,0.14721933,0.4380987,0.8568072,-0.2365208
1.0040706,-0.49075302,1.191106,-0.18749355,-0.39255303
0.36330286,-0.04531797,0.48357093,0.62553084,-0.082688995
0.8592442,-0.35100636,0.8992309,-0.32060713,-0.24868017
-1.5272924,-0.6472677,-0.2940844,-1.1128998,1.0010962
-0.7477627,0.55937356,-0.70345,3.5569463,1.4761931
1.2635576,-0.6055468,1.725034,-0.1862878,-0.9908551
0.34281632,-0.19362387,0.42028862,0.88977134,0.31191215
0.6039843,-0.45724568,0.16173986,0.4059205,1.1244911
0.08106259,0.12763801,0.4662014,1.3345054,-0.32216105
0.4626889,-0.6629652,0.9057773,0.20522834,-0.23791918
0.028058209,0.030012764,0.22147408,1.3350405,0.10946702
0.96532685,-0.46225008,1.0053824,-0.49998146,-0.3683812
-0.27750245,-0.0531834,0.20175067,1.003597,-0.093717046
0.8059707,-0.44464764,0.59707737,-0.08173834,0.32363766
0.031743206,0.29158416,0.77531177,1.6357266,-0.78578
1.0437707,-0.9793061,1.3084447,0.29458702,0.19261733
-0.15497628,0.25953355,0.26182294,1.6805004,-0.32049388
0.8988955,-0.5296915,0.95877373,0.022683274,-0.042061515
0.32163385,-0.08681949,0.6909946,1.0896355,-0.26970693
0.4520382,-0.87412536,0.5051335,0.82142955,0.21953148
-0.16290078,0.26726785,0.36213875,1.7699063,-0.38138843
2.9943953,1.36787,-1.1091906,0.7239552,-2.2239857
0.71500236,-0.5459016,1.3764416,-0.25624645,0.0604622
-0.05932655,0.12904945,-0.24432173,0.14158954,1.1492575
0.16500142,0.16556087,0.7098619,0.68008626,-0.44756883
0.77607894,-0.45969185,0.52792764,-0.056065667,1.0812786
0.30429158,0.11997763,0.37860003,0.4928618,0.05792471
0.6803679,-0.2740973,0.7674704,0.021406721,-0.050201185
0.5654508,-0.10644611,0.74908334,0.15764971,-0.08617286
-0.8557028,-0.41392264,-0.2571568,-0.9987713,1.5256364
-0.6942113,0.8884841,0.1052536,3.1546357,-0.12778518
1.7577478,-0.9890169,1.6108277,-1.7846164,-0.4258472
-0.15358189,0.4416329,0.102652274,1.4600068,-0.01294262
1.2790548,-0.7111043,0.97960985,-1.0179274,0.26687518
0.08613572,0.16582552,-0.07180301,1.0695273,0.7242143
0.57807416,-0.18921074,1.1579376,0.5948975,-0.700603
0.8303125,-0.30754742,1.1174178,-0.27629167,-0.54536504
0.7891141,-0.29336867,0.74521023,-0.31421256,-0.061291464
0.35582522,-0.10749515,0.3021333,0.75430137,0.5255417
0.650212,-0.12592253,1.1426626,0.13464226,-0.80430126
0.29999575,-0.34945664,1.1704828,0.49131382,-0.022729583
0.67046946,-0.21456894,0.6560177,-0.18643533,-0.073822476
0.57705903,-0.10163482,1.1568499,0.7008553,-0.6097996
1.068389,-0.5216592,0.9722288,-0.870762,-0.19548452
-0.4421933,0.06731335,-0.07789523,1.3086557,0.75301343
0.75065696,-0.13668475,1.5466564,0.4930113,-1.3194141
0.649466,-0.52863294,0.92785513,0.49702585,0.3729545
0.26137713,-0.05037006,0.34489718,0.8955463,0.21207112
0.8384548,-0.36727127,0.67391217,-0.34735376,0.14173618
0.23619297,0.057821907,0.53373677,1.1813506,-0.12571481
0.8799248,-0.68894565,0.5239458,0.10319461,0.95913774
0.15040913,0.06054703,0.11797484,1.0971433,0.44660303
0.57042,-0.3398889,0.81365615,0.83398265,0.059036158
0.4818211,-0.12841639,0.8964331,0.50343025,-0.54685587
0.35403904,-0.5615633,0.03204106,0.23546435,1.337355
-0.897308,-0.059274994,-0.53394544,2.5596046,1.171216
0.41802958,-0.27187046,0.66165864,0.8645432,-0.2103698
0.65123713,-0.38574156,0.52589256,0.14944555,0.2064724
0.2999144,0.024345554,0.5528752,0.8732824,-0.18398803
0.71359795,-0.35913405,1.3476696,0.81972224,-0.496355
0.75695175,-0.44541535,0.8565089,0.30248433,0.06430214
-0.4619238,-0.5363744,0.027985623,1.3700109,1.0961864
-0.2753032,0.41427198,0.62636524,2.198356,-0.77100104
1.606982,-0.9599227,1.5895658,-1.0621387,-0.340194
-0.18785587,0.46278778,0.357914,1.508329,-0.6968564
1.2282183,-0.79348505,2.1152277,0.6093389,-0.947799
0.72790986,-0.24978814,0.89497954,-0.19545971,-0.5140379
0.11183182,-0.23281273,1.3099482,1.7934998,-0.42472625
1.1260786,-0.6594318,0.981539,-0.5720231,0.02625104
2.8482409,1.4194232,-1.152903,1.0608236,-3.6605647
1.6929961,-0.8365506,1.1424979,-2.3168502,-0.20801207
-0.78531235,0.814088,-0.074517585,1.4569305,-0.05989308
1.134356,-0.5949276,0.98765165,-0.9071231,0.21633455
0.038277067,0.35819116,0.41496763,0.69427586,-0.5387473
0.9527385,-0.5193656,0.6017919,-0.36876798,0.9482454
0.24222866,0.15479627,0.28691152,0.5537823,0.10301267
0.90327394,-0.3739756,0.82679015,-0.26629168,0.22580951
0.24333265,0.061407723,0.13585117,0.8198599,0.8096083
0.6521684,-0.18843588,0.74157554,0.29278135,0.19621873
0.5776348,-0.1655024,0.675667,0.30054492,0.022756808
0.015889205,-0.22415099,0.16661352,0.12855847,0.58996856
0.25578955,-0.044500194,-0.04892675,0.9026234,1.1990238
0.45318225,0.0966293,1.363832,1.0615553,-1.2684431
0.9821797,-0.6425828,0.96425784,-0.19028465,0.5673636
-0.1344209,0.33358875,0.13979506,1.4047315,0.25605628
0.96278214,-0.44761118,1.2626843,0.04218365,-0.32368734
0.52222466,-0.1410931,0.59503096,0.41278124,0.13413408
0.20834646,-0.11310276,0.5660336,0.31396544,0.13128632
0.166163,-0.30324635,0.3623109,0.26095802,0.39421374
0.3505343,0.15300098,0.81741714,0.6978852,-0.77963763
0.7115702,-0.5100959,0.8752726,0.5874919,0.53055364
0.08766279,0.22238079,0.59344494,1.249474,-0.45449594
1.2584982,-0.6903857,1.1579008,-0.84658027,-0.09376804
-0.26893458,-0.15404877,-0.5269138,1.6206833,1.8190206
-0.011615597,0.29799524,0.7031751,1.5858939,-0.7687876
1.2373182,-0.78039587,1.191687,-0.52705264,0.09377452
-2.1965857,-0.27465042,-1.7528137,-2.061286,2.555309
-1.4424142,1.4308554,-0.3235976,5.2249875,-0.016096763
2.3537097,-1.3691634,2.5967798,-1.5526732,-0.97269076
0.04859481,0.25118175,0.18322656,0.88325876,-0.18094149
0.79223585,-0.58485204,1.3822496,0.715635,-0.33369297
0.44218108,-0.14503893,0.42776248,0.39151847,0.13063467
0.7017619,-0.2973741,0.5406783,-0.06874268,0.22970822
-0.90171397,-0.10517057,0.057601325,0.044728886,0.29802597
-0.58162737,0.0887138,0.08446395,0.9275172,0.54235435
0.4857464,-0.11010345,1.2624788,0.8630562,-0.9373163
0.37796274,-0.4402822,0.93565625,-0.23144315,-0.33609822
0.37216112,0.06820742,0.5981346,0.6612114,-0.34822822
0.44362178,-0.81522167,0.49392867,0.6437173,0.7379
-0.00702437,0.43673578,0.61757994,0.66071373,-1.3130566
1.401974,-0.8430284,1.6400396,-0.44542998,-0.30896455
-0.22218743,0.00740353,0.24015334,1.6516589,0.27358016
0.681378,-0.33072647,1.1596131,0.72256655,-0.5784189
0.7652067,-0.34964737,1.113744,0.30054295,-0.4560352
0.70542186,-0.5379599,0.63077116,0.5339613,0.3701076
0.2893438,-0.23322281,0.05568459,1.1941298,0.90004694
-0.050523363,-0.58577234,0.040735744,1.0876232,0.5157297
3.1364613,1.3976628,-1.175637,1.5430025,-3.8231688
1.1266481,-0.5402892,1.1412408,-1.6791286,-0.61918986
-0.27260205,0.33802572,0.08122673,0.29549968,0.23431477
-0.46255967,-0.29689488,0.15599701,-1.2908914,0.33519033
0.17495367,0.17955604,0.2696088,0.9018091,0.35731298
0.765969,-0.25592503,1.230435,0.19402654,-0.46972433
0.70586246,-0.32268462,0.63678074,-0.14491884,0.24017882
0.26067117,0.20643535,0.8625394,0.82285166,-0.7518307
1.0401332,-0.76636255,0.76292974,-0.5474716,0.7035825
-0.59767663,0.52782124,-0.26497152,2.105567,0.5973295
1.1281326,-0.53488666,1.3754586,-0.15551285,-0.39789593
0.63321143,-0.109838806,0.82862705,-0.26824683,-0.608721
0.35646608,-0.07797178,0.5448459,0.79775727,-0.09591315
0.74368125,-0.30086932,0.8070475,0.014606964,-0.08759112
0.5155694,-0.15618262,0.5289701,0.46213603,0.18815166
0.6863673,-0.2382296,0.8995208,0.22241165,-0.21607137
0.6896467,-0.2512258,0.8580599,0.20571221,-0.07379482
0.45147368,-0.15874085,0.6266144,0.8074111,0.31991872
0.5768212,-0.29290614,0.67505884,0.48657936,0.24972898
0.03748224,-0.44463572,-0.43127233,0.2145222,2.1460714
-0.25937662,0.6686765,0.6615839,1.7379059,-1.2757711
1.8003267,-1.1406344,1.4494735,-1.5968962,0.2207691
-0.42605516,0.38431945,-0.7458612,2.2598941,1.589518
0.89123386,-0.35295662,1.0741018,-0.37493438,-0.57692116
0.52062374,-0.3604692,0.15355423,0.6762389,1.1435326
0.43381348,-0.114366375,0.41408655,0.47168362,0.18858898
0.4808623,-0.029148422,0.8620768,0.660818,-0.62370306
0.84496236,-0.4051393,0.73931336,-0.23753087,0.17052838
0.25518999,0.08013073,0.40204027,0.84765494,-0.117475756
0.51856846,-0.4757565,1.0393107,1.0987936,0.09963425
0.4636089,0.039706863,1.2796717,0.7802081,-1.2021546
1.1824713,-0.7207531,0.7203544,-0.9908268,0.56744057
-0.24681708,0.45880142,0.115136825,1.7305948,-0.15608776
1.2519693,-0.7692808,1.0940647,-0.60268986,0.1875484
0.086852945,0.30007187,0.64167535,1.0044093,-0.8413463
1.3946178,-0.78480184,1.1385937,-1.3575829,-0.025820203
-0.0041304454,0.34609142,0.37762722,1.0934926,-0.527358
0.96260566,-0.74908674,0.95022345,-0.15256242,0.49675646
0.22508666,0.074237026,0.29524776,0.7717581,0.04385098
0.7288549,-0.46205458,1.1867329,0.44600898,-0.31174576
0.41975692,-0.22911963,0.81101686,0.8450074,-0.20789972
0.466444,-0.4051369,0.5955247,0.70141196,0.16331002
0.57339156,-0.23772177,0.68724555,0.3502754,-0.16276336
0.60773563,-0.1891726,0.98438835,0.27453983,-0.54870284
0.78324866,-0.34274754,0.7736266,-0.19689755,-0.07183207
0.53252363,-0.12787756,0.8297454,0.46580046,-0.3921425
0.68630594,-0.42617258,0.66635793,0.54953367,0.40659955
0.31450418,-0.08393224,0.49044627,0.9399562,-0.015131809
2.6015654,1.4041358,-1.2429018,0.6938274,-2.8750253
0.17355177,0.06986443,2.3569715,1.1016929,-1.7667555
1.350856,-0.8116883,1.0148846,-1.8515065,0.35510305
-0.16518763,0.3796679,0.07347032,0.87638426,0.22724852
0.8628266,-0.4137772,1.2648231,0.28667593,-0.14016536
0.5721173,-0.12353834,0.5930095,-0.29650605,-0.13648185
0.46681324,-0.06556209,1.1097894,0.93499947,-0.3600514
0.886749,-0.43851313,0.81907624,-0.2998184,0.26940575
-0.67893434,0.050957836,-0.38155723,0.589748,1.2830919
0.10216872,0.12373272,0.21180546,1.3177922,0.45111364
0.58238,-0.34113583,1.0410224,0.39065892,-0.24042815
0.51118594,-0.43749747,-0.26493302,0.57502735,2.1985352
-0.1376653,0.5025489,0.4732568,1.5154907,-0.7547684
1.5221633,-0.88620365,1.2521652,-1.3510231,0.048777305
-0.28918955,0.45872036,0.036678035,1.7261238,0.034902357
0.821289,-0.61172897,0.9816053,0.19636919,0.16262293
0.19325224,0.035670437,0.18650737,1.0065435,0.50256693
0.83481234,-0.3200477,0.994262,-0.13973396,-0.38456115
0.4778795,-0.21243986,0.6273782,0.43348932,0.14454678
0.422761,-0.14699873,0.73256034,0.81814474,0.1033748
0.7718219,-0.22466835,0.92188746,-0.45705664,-0.5748322
0.45839807,-0.38486657,0.043175124,0.64969486,1.4205476
-0.021089695,0.42865577,0.6056605,1.1173184,-1.1388721
0.9639913,-1.0146588,0.9083848,0.0827619,0.9622353
-0.86114144,0.60579604,-0.2282472,2.9220395,0.4011084
1.263704,-0.7343286,1.1800908,-0.51961166,0.0406022
-0.10510739,0.39160314,0.71482784,1.6737419,-0.8025572
1.2149316,-0.82209766,0.9605755,-0.5638878,0.4694076
0.18374935,0.26805225,0.64387405,0.31560194,-1.0390276
0.10559211,-0.9747571,0.5681474,-0.2528574,-0.037990816
-0.5720494,0.7559806,0.21043119,2.3878562,-0.70553666
1.1863929,-0.6907171,1.3980575,-0.04582374,-0.71725917
0.4080498,-0.059835277,0.83998364,0.7820354,-0.46814185
0.5111947,-0.23227629,1.2033294,0.29742533,-1.0022504
0.48188117,-0.97171724,0.39822719,0.40549958,0.73488975
-0.4116231,0.475238,-0.38458097,2.2542117,0.7840579
1.1025629,-0.6339139,1.6459326,0.28181362,-0.57474923
0.2168943,-0.19243416,0.20843348,0.771703,0.43170306
0.5022163,-0.22534546,0.44832337,0.68360513,0.357765
0.5214173,-0.35303292,0.53088003,0.7604973,0.31023893
0.56780523,-0.10322746,0.81080735,-0.13238542,-0.67265433
0.18084916,-0.75430095,0.3016231,0.7895118,0.80373126
-0.10444399,0.42459074,0.428391,1.3104299,-0.73964715
1.3036957,-0.79524934,1.4820982,-0.2983235,-0.2915487
0.07574663,-0.020450912,0.43738523,1.2583666,0.025948547
0.80527854,-0.34810957,1.4167577,0.676829,-0.79953134
0.52353644,-0.34711298,0.5464574,0.5242072,0.14578268
0.31048122,-0.29640374,0.6575896,1.2234277,-0.22843471
2.889,1.3895065,-1.3892753,1.0475152,-3.3843968
1.2934343,-0.41210112,1.734873,-0.4954732,-1.1978774
0.21995345,-0.027047954,0.31720898,-0.1411895,0.552538
0.1423482,-0.11390384,-0.34155434,0.64958274,2.2806077
-0.21842232,0.459829,0.57263094,1.5441806,-0.4965486
1.2257525,-0.6935233,1.5601579,-0.61180276,-0.17018396
0.36918083,0.0845677,0.53979385,0.05174304,-0.4048023
0.058514513,0.07896248,1.2883018,0.563859,-0.5061325
1.0017737,-0.43898997,1.0612701,-0.3849029,-0.077939846
-0.95895535,0.05349938,0.24451002,0.5705604,1.1727837
0.008330204,0.102613606,0.085104935,1.1208884,0.715194
0.6909047,-0.183081,1.215746,0.39563334,-0.64553446
0.64534914,-0.35654482,0.6184542,0.0077973716,0.095979266
0.17146143,-0.31892237,-0.45918703,1.0346375,2.3802958
-0.048047505,0.2728397,0.19323945,1.4527469,0.08389508
-0.38166746,-0.7448071,1.0202565,-1.257701,-0.55099833
-0.21038517,0.55349654,0.100559436,1.6656007,-0.09503592
1.3628534,-0.76051414,1.4642129,-0.515961,-0.2831947
0.1508247,0.06813113,0.41636625,1.0992893,0.023169063
0.32029828,-0.6734723,0.3410133,1.2990707,1.1643623
-0.35904804,0.532468,0.63616294,2.4512806,-0.58819985
1.4561738,-1.0649222,1.3838521,-0.7563935,0.111134194
0.020474173,0.27166906,0.109475516,1.0162052,-0.038168855
1.1988084,-0.71500957,0.8346072,-0.81887376,0.4265114
-0.0045572743,0.2621943,0.14606962,1.2820094,0.018057786
0.97254413,-0.4969209,1.4145346,0.25631207,-0.6538807
0.4954408,-0.20313439,0.562404,0.45292085,0.003475003
0.119340755,-0.26553807,0.40423957,1.1233137,0.45955494
0.5067086,-0.10470327,1.0051599,0.8248835,-0.6319024
0.42949137,-0.43029484,1.4063637,0.72617394,-0.57237166
-1.2262967,-0.7186955,-0.2957735,-1.9860421,1.1775787
-1.1271416,1.175397,-0.17420825,4.2256966,-0.33791146
1.997175,-1.5846676,1.2230841,-1.7954404,0.931107
-2.1742473,1.0451537,-1.4550457,3.5965471,1.5339849
0.6944795,-1.2235826,1.7125319,0.06971116,-1.2853897
-0.27340814,0.4782063,0.40607646,1.6539248,-0.58796734
1.3535308,-0.88597715,1.9285325,0.2620241,-0.6728047
0.35726967,-0.123764835,0.48512867,0.8251215,-0.12918484
0.766347,-0.42337593,0.7913937,0.19532473,-0.175838
0.50968266,-0.051364265,0.7345207,0.13436885,-0.6550008
0.71560067,-1.0893291,0.40670386,0.70684665,0.9992501
-0.4294773,0.7100588,0.41103902,2.0022526,-1.1773182
1.7436248,-1.0625905,1.8860495,-0.80105317,-0.49738348
-0.99342585,0.12914243,-0.44578856,0.92632717,1.0074874
0.5187725,-0.07649835,0.98623717,0.87484217,-0.71532404
0.89295745,-0.6919068,1.0982726,0.58511585,-0.23662364
-0.6835193,-0.25096115,0.04781776,0.6072244,0.65199786
0.21540353,-0.4558867,-0.01759986,2.2590032,1.4108324
3.1525924,1.4599353,-0.852075,0.21492739,-3.217321
0.40611717,-0.49502787,1.0657084,-1.3307635,-0.00079793483
0.029890694,0.21400753,0.19586399,0.26650876,0.364075
0.6340463,-0.38660464,0.008681228,0.23546632,1.959242
-0.13164213,0.51566666,0.6568473,1.2220999,-0.9246764
1.2538356,-0.77605426,1.3885429,-0.4058057,0.28538865
-0.50393826,0.5112774,-0.10147477,0.9880108,0.16939533
0.84329635,-0.46484408,1.2458159,0.14992549,-0.07029108
0.35962287,0.035555996,0.5567755,0.55530864,-0.047531463
0.4307681,0.021851696,1.5467622,1.1274403,-1.1064137
0.90516275,-0.8052653,0.41011265,-0.65129524,1.4270694
-0.955251,0.9499365,0.05317896,2.6989102,-0.6055729
1.5828793,-1.2081712,0.8860482,-1.2854999,1.2458524
-0.897395,1.084581,-0.5216568,2.679158,0.018491648
1.5061603,-1.113357,1.5034995,-0.75015235,0.13100111
-0.21766129,0.45970026,-0.08414034,1.378095,0.15905091
1.0420133,-0.65165937,1.1698191,-0.015259255,-0.04987795
0.4128413,-0.08943971,0.4608736,0.30667984,0.06388643
0.2951767,-0.36456522,0.3024889,0.91369146,0.78291106
0.16934857,0.024848618,0.24119297,1.1817007,0.61029613
0.9282791,-0.41740593,0.86592555,-0.5132033,-0.12297509
-0.33098248,-0.23384508,-0.20272657,1.2022436,1.1895169
0.17799404,-0.17049488,0.033037085,1.3372985,1.024275
0.361757,-0.011247955,0.8625745,0.9657331,-0.5048421
0.9431117,-0.5380505,0.66177076,-0.37889582,0.43761724
-0.077933036,0.11739794,0.09536471,1.6092396,0.29652128
0.6936196,-0.31472144,1.6314746,0.767775,-0.9827362
-0.22180691,-0.4018515,1.0295917,-0.5987697,0.14833573
0.19038084,0.16601864,0.7756068,1.4960828,-0.23382947
-0.3480043,-1.3529676,-0.15500352,-2.7546978,1.0949565
-1.7387542,1.4561468,-0.7618468,5.2199974,0.3157309
2.0963807,-1.41967,1.7367728,-1.9383593,-0.092402495
-0.5314318,0.5262334,-0.19502395,2.1749985,0.0642814
0.9439854,-1.1754054,0.7413145,0.018932294,0.8019768
-1.1841984,0.7873374,0.06300103,3.116581,-0.6606267
1.4080697,-0.902037,2.0397162,0.10616864,-1.2747962
0.29612675,-0.32702145,0.27454814,0.73026323,0.4901232
0.0057354346,-0.22702155,0.31384775,1.7347194,0.4255106
0.3572484,-0.27252135,1.1139915,1.5006126,-0.60046554
0.57910305,-0.70265234,0.5175773,0.6038845,0.62770593
-0.4235668,0.060046352,0.2648512,2.521306,-0.07018218
1.1685036,-0.6761116,1.1839793,-0.46925962,-0.23945758
-0.56992525,-0.0014227256,-0.21041107,1.2596451,0.51260537
0.622194,-0.16692814,1.230063,0.9851804,-0.8464879
0.8557595,-0.6182235,1.4787076,0.4762686,-0.6766801
0.37886146,-0.16560015,1.0550183,0.8917127,-0.65031904
-0.12658152,-0.6963104,0.14052495,-0.3956818,0.485228
-0.49164912,0.6152517,0.4162966,2.733033,-0.5991847
1.8362529,1.520248,-1.3215536,-0.11254476,-2.921535
-0.15311,-0.3552383,1.7500116,1.235072,-0.5773118
0.5178049,-0.14675078,0.66790545,-0.13055812,0.13814256
0.13946804,-0.052821003,0.0492815,0.48524773,1.0109082
-0.4191095,0.011547245,0.036747683,0.43067658,0.740638
0.43321642,0.08629862,1.0337331,0.5318822,-0.8623178
0.82719076,-0.43098864,0.9562358,-0.3966869,-0.028659321
0.07724116,0.19340816,0.73565716,1.031512,-0.36010584
1.2102214,-0.6308454,1.0309517,-0.91216046,0.07353338
0.096984185,0.15785518,0.27055272,1.0503751,0.106291704
0.76801676,-0.41890797,0.8824814,0.30596387,0.22094801
0.18733922,0.055428185,1.0956537,1.3174145,-0.4627618
1.1748072,-0.59288675,1.2799186,-0.679285,-0.2711079
0.07012776,-0.1435512,-0.3067156,1.0976862,1.5034447
0.41122285,0.032168068,0.6388594,0.47259825,-0.32588863
0.99279034,-0.5703371,0.6700504,-0.4936518,0.47904676
0.18964234,0.23994508,0.5803143,0.51358366,-0.7249779
0.9543282,-0.43623146,1.7830372,0.58273387,-1.0818028
0.6419032,-0.3801888,0.36804298,-0.10122691,0.5797771
0.4539871,-0.038196407,0.41941038,0.33554095,0.06694075
0.4790323,-0.2201837,0.70353866,0.76916564,-0.07241718
0.54363245,-0.38622078,0.7543398,0.45812148,0.2254422
0.26005033,-0.02283033,0.46836275,0.9404145,-0.11356149
0.7791268,-0.35011706,0.81356156,0.01807667,-0.12126384
0.37267432,-0.30496058,0.48317456,0.81490517,0.32858905
0.5430529,-0.04158195,0.986702,0.1685368,-0.8550303
0.7539339,-0.4646462,0.83723056,0.48194522,0.24707136
0.3154492,-0.0061291084,0.4936948,0.72882736,-0.10243664
0.8527204,-0.4237264,0.9427553,-0.01982652,-0.21072847
0.16460338,-0.097061954,0.99084073,1.3379692,-0.48714882
1.049332,-0.52086526,1.0278277,-0.6375856,-0.17444652
0.39819142,-0.19273219,0.1391252,0.6456567,0.7665202
0.060743786,-0.3740233,0.08755054,2.1540425,1.0996866
0.30203226,-0.4094666,-0.0056119063,0.65893364,1.2772382
-0.046763264,0.30553403,0.82184345,1.7814956,-0.99935687
1.4989318,-0.96117437,1.0575691,-1.3875769,0.3598306
-0.21836224,0.3604323,-0.2190763,1.6239072,0.49240574
0.9764244,-0.5286401,1.3114555,0.2627263,-0.3784482
0.24566707,-0.3665608,0.10263529,1.2089764,0.8736755
0.08242569,-0.21988568,0.12927991,1.7572391,0.8017806
0.4967864,-0.28943953,0.41344386,0.44243306,0.19773898
0.38905653,-0.09296354,0.57637775,0.52259034,-0.25286323
-2.9497123,-0.61842614,-0.740261,-6.23258,0.17563188
-2.3318403,1.8647939,-0.62116855,8.627588,1.3389478
2.5062578,-1.649124,2.5712495,-2.0803595,-1.0341756
-0.6073322,0.62213725,-0.5593732,2.4119692,0.22487783
1.2222953,-1.0063332,1.2063476,-0.13784175,-0.13146564
0.062068082,0.18799368,0.08704545,0.92920876,0.10937714
3.0325665,1.3953,-1.2903949,1.1060024,-3.6564429
1.6602417,-0.76090753,1.471022,-1.7370161,-0.5973654
-0.82295215,0.6112272,-0.377867,1.3262285,0.9785345
0.9718632,-0.5467432,0.6776154,-0.90901333,0.6848262
-0.39305666,0.38454357,-0.23833483,1.0436993,0.7981654
0.726518,-0.3996223,0.47483152,-0.0670629,0.914042
-0.88379407,0.2160627,-0.64102787,-0.065355584,1.105135
0.3574274,0.18024746,1.0245968,1.1251684,-0.79402167
0.9563935,-0.36928114,1.8602253,0.2822798,-1.079955
0.8695144,-0.44535813,0.780827,-0.47879148,0.20993379
0.06561414,0.23514333,0.24964246,1.3461459,0.29600272
0.9922471,-0.43678698,1.1308955,-0.29802257,-0.31345528
0.37905172,-0.106677376,0.52006084,0.68200797,0.30639467
0.88677406,-0.3919643,0.6457438,-0.5505656,0.25234511
-0.6535549,0.3421575,0.7940918,1.7153646,-0.011114694
1.210269,-0.7646245,0.818489,-0.74704653,0.6637052
-0.57101923,0.66598713,0.60573184,2.1994338,-0.8720149
1.7340143,-1.0143799,1.618041,-1.3902776,-0.17401525
-0.24936303,0.4497749,0.24462327,1.5999241,-0.19174483
1.1372463,-0.6844467,1.6395826,-0.24444275,-0.45407504
0.22235796,-0.18577275,0.12032928,0.80400825,0.6400485
0.14878443,-0.16718325,0.24411535,1.2670841,0.7283153
0.47385153,-0.30454096,0.18946487,0.8181546,1.0742227
0.41628346,0.10774914,1.3734722,0.8610597,-1.5158621
1.2875888,-0.7597178,1.090784,-0.9256164,0.17791268
-0.4020451,0.3719026,0.090684704,1.8174869,0.033497058
1.2150204,-0.5250352,1.9113837,-0.15243457,-1.2573122
0.7691658,-0.51378185,0.35404882,-0.13578038,0.83109397
-0.011580549,0.14464203,0.14057139,1.6128352,0.49984363
1.0069107,-0.4158896,1.4606937,-0.105188355,-0.79788494
0.65683097,-0.26795802,0.64800423,-0.00054841116,0.026856028
-0.07229038,-0.6567496,-0.7867502,0.4105448,2.8679483
-0.4813752,0.8016974,0.2761291,1.8223826,-1.1114217
1.6007485,-0.98689735,1.4078099,-1.1199317,-0.09239385
-0.53257084,0.20684066,-0.4337921,2.1627975,0.5573079
0.4678146,-0.23226199,1.9721735,1.5159706,-1.4282047
1.3674885,-0.7170671,1.2487757,-1.428104,-0.35533854
0.16866013,0.103347935,0.05427464,1.0450662,0.53785753
0.40204665,-0.5900615,0.6638036,1.3232348,0.42019707
-0.4492078,-0.6774944,-0.14848945,0.23359574,0.7430882
-0.59390277,0.59710807,-0.024736801,2.9264395,0.016298138
1.4091287,-0.81970155,1.2722102,-0.97421587,-0.2144405
0.033879854,0.18050495,0.22993603,1.2166947,-0.10813389
0.9281364,-0.55880004,1.1498024,0.3681137,-0.18412027
0.26090398,-0.63853204,-0.2350342,1.4788896,1.7648182
-0.2767314,0.50317353,0.628859,2.1458068,-1.1967158
1.459283,-1.1434001,1.5328343,-0.5951171,-0.27135855
-0.50275165,0.09328667,-0.181553,2.2441742,0.67267287
2.9047456,1.3953167,-1.2048303,0.6311091,-3.3650503
1.0371016,-0.5942243,1.3936844,-1.2952816,-0.4978787
-0.27802065,0.39805236,0.09544625,0.58805054,0.1153233
0.41647872,-0.43273863,-0.04341323,-0.28623068,2.063878
-0.6513682,0.4323918,-0.51503116,1.5955752,1.2672853
0.5019985,-0.257315,0.7656443,0.3854229,0.051249973
0.40860054,-0.20449337,0.22052959,0.24087937,0.68751407
0.5283129,-0.04576858,0.711098,0.1289322,-0.35968754
0.9656811,-0.47972378,0.8352385,-0.39271957,0.33077133
0.3176234,-0.00017818063,0.3405524,0.7172892,0.45665792
0.66138464,-0.16579327,1.0973291,0.1109208,-0.6115714
0.79160875,-0.33617672,0.6739728,-0.18707065,0.2655494
0.20943293,0.030315556,0.26919034,0.8425684,0.21795073
0.7843802,-0.26339945,1.1213391,0.2347051,-0.44803727
0.7077488,-0.1826733,1.3307282,0.010417353,-1.0762732
0.6364771,-0.39611515,1.0968745,0.27684313,0.090701185
0.5133714,-0.08494552,0.72060186,0.3631255,-0.25097308
0.8650784,-0.44152197,0.93455493,0.007020425,0.17964381
0.33810118,0.05347792,0.5030888,0.52371544,-0.14483154
0.8376274,-0.40943083,0.7781085,-0.010153044,0.2585376
-0.051666163,-0.08202251,0.01583912,1.015564,1.1013201
0.06475673,-0.003907047,0.588821,1.250249,-0.32303914
0.89924973,-0.47536787,1.260369,0.1448114,-0.40802255
0.78120464,-0.24620947,0.86002415,-0.5934334,-0.5255353
0.6207608,-0.18900809,0.788187,0.31546032,-0.23199031
0.7408587,-0.25596794,0.89489293,-0.031055856,-0.30737603
0.70628554,-0.30961928,0.61544406,-0.04305624,0.18961313
0.036475874,-0.2526134,0.15729427,1.4163247,0.8692583
0.19532755,0.020974316,0.79657197,1.2068875,-0.4460918
0.8975299,-0.47980008,1.1595175,-0.16991095,-0.25413024
0.21796075,-0.39018092,0.02071335,0.97975355,1.0442543
0.10887406,0.08458439,0.3595946,1.1800936,-0.12178067
0.53773695,-0.2757686,1.6783319,0.8259752,-1.2060992
0.7262038,-0.66055715,0.657533,-0.044472445,0.6680119
-0.50097924,0.44958892,0.6027387,2.6728265,-0.44012058
1.5668138,-0.95406234,1.7154855,-0.8199025,-0.34618336
-0.3977768,0.19745174,0.2940111,2.1338162,0.19022417
0.92415476,-0.5228179,1.0934838,0.10761042,-0.18259224
0.37440792,1.4938414e-05,0.6940682,0.6371949,-0.57935923
0.8156689,-0.73016346,0.21644923,0.15398331,1.381723
-0.33441713,0.4787499,0.16716787,2.0376697,-0.34594396
0.9980287,-0.6619209,1.0892347,0.06744327,-0.007177092
0.24815544,-0.004107319,0.5238943,0.9366635,-0.25907645
0.83178574,-0.46161827,0.83470625,0.0019909255,0.04052528
0.36629066,-0.030843578,0.6242197,0.6890477,-0.2598949
0.95681655,-0.5475729,1.0097668,-0.03459244,-0.014573492
0.3043867,-0.05794462,0.5930701,1.0195903,-0.21143284
0.3441281,-0.7482499,0.5237539,1.309411,0.6809145
3.4020295,1.504243,-1.0698972,0.7748285,-3.196563
-0.20186111,-0.61079913,1.2691503,-1.339776,-0.021126367
-0.6097555,0.6865674,-0.030579308,1.5781598,0.15781674
1.0898432,-0.7714504,0.36654016,-0.36972392,1.9834872
-0.44791856,0.540126,-0.51820326,1.7293359,1.0685506
0.6411685,-0.19328532,0.95657957,0.47509235,-0.11346642
0.77110344,-0.29362854,0.8695818,-0.16117375,-0.04880453
0.5147095,-0.21402773,0.51315945,0.23001982,0.50352365
0.44140127,0.07034842,1.0385886,0.66323733,-0.81300443
0.998786,-0.6441444,0.49770495,-0.6576603,0.97659165
-0.15644076,0.4634625,0.28412616,1.539163,-0.2313205
1.2396839,-0.83011806,0.9126475,-0.6215608,0.72275805
-0.23404476,0.37501875,-0.15423003,1.5054199,0.40400934
0.8278479,-0.6498951,0.6417354,-0.064283594,0.7356927
0.012255527,0.21523777,-0.08593873,1.017704,0.5834935
0.909953,-0.36497292,1.1676346,0.03411324,-0.427504
0.5935777,-0.17384228,0.91306764,0.42234063,-0.17807904
0.661277,-0.26901183,0.6126644,-0.0695865,0.17351443
0.32427368,0.03958527,0.48469493,0.6922204,-0.15940827
0.88948023,-0.4108995,0.6789506,-0.44172817,0.25312123
0.17627046,0.117057,0.48590556,1.1636893,-0.004060544
0.8139265,-0.6197303,0.5833414,-0.105239496,0.5967124
-0.10835805,0.09861294,0.035387,1.4119384,0.6982941
0.7281652,-0.21893677,0.9543412,0.088814214,-0.36743137
0.5926289,-0.65393627,-0.27763218,0.7880346,2.5214262
-1.608403,0.47161403,-0.96359956,0.8571494,0.7293148
0.87212044,-0.3913301,0.8454983,0.2739812,0.23922467
0.16935107,0.032387413,0.3317841,1.0745351,0.093279295
0.81101006,-0.3808826,1.0661834,0.06376703,-0.43880084
0.44596747,-0.111119114,1.0733397,0.8826746,-0.47557455
0.5435348,-0.48965153,1.0489249,0.33939815,-0.23339301
-0.55177563,0.051384605,0.06599023,-0.22233222,-0.08837155
0.048266865,-0.0022643432,0.61670965,2.552972,0.3930487
1.0337934,-0.523979,0.9217114,-0.7190312,-0.16515306
0.19891617,-0.1161116,0.13695648,1.363516,0.72135276
0.5204898,-0.70287645,-0.13118616,1.0182548,2.053384
-0.32113037,0.58927125,0.11297717,1.7664484,-0.45587704
1.3851637,-1.0072488,1.364025,-0.26043016,0.20359612
0.07635746,0.14919105,0.06742623,0.9809829,0.19335368
0.9568654,-0.39147553,1.2694243,-0.15501325,-0.6614629
0.6934181,-0.24928507,0.72543585,-0.06119548,-0.12835255
-0.0956796,-0.16781506,-0.009272108,0.55705726,0.59989035
0.4351428,-0.067426525,0.9655149,1.0594703,-0.50140405
0.49278846,-0.5510157,0.43198156,0.0036628358,0.5907533
0.015389778,0.15546861,0.38055754,1.5243144,-0.28376943
0.7970799,-0.26140627,1.1917906,0.20277555,-0.96235156
0.2942029,-0.37810025,0.82388026,0.574453,-0.03913597
0.5513742,-0.08750375,0.96024996,0.41062742,-0.6940553
2.8992977,1.4018708,-1.1551679,0.69748,-3.502008
1.6391069,-0.85121095,1.0479481,-2.209193,0.06896832
-1.1146691,1.1424333,-0.30255428,2.4149234,0.022898547
1.4395638,-0.8707708,1.3948536,-1.0596879,0.06508171
-0.4291068,0.55735415,0.25135592,1.6458505,0.0004111752
0.8874575,-0.57042533,1.2101754,-0.01444887,0.32471368
0.112012066,0.11461083,-0.09017197,0.8948441,0.9879161
0.6201412,-0.07746633,1.4317994,0.6715949,-0.9173189
0.49907824,-0.5458277,0.5369519,-0.40217078,0.55167633
-0.038898848,0.34446064,0.069764815,1.2498124,0.2711723
0.8609002,-0.4272097,0.72943187,-0.27106154,0.303317
0.31499234,0.11718575,0.4164761,0.522909,-0.10569752
0.7071342,-0.29318032,1.390365,0.62957096,-0.6058421
0.60324955,-0.37218508,0.44828656,0.20723857,0.7898425
0.18104693,0.10250632,0.38406202,0.8937741,-0.07130141
-2.742185,-1.1593813,-1.3478681,-8.353959,2.552113
-3.7396724,3.3034377,-1.6500256,10.397311,0.28963175
3.0561185,-1.780619,3.877821,-1.9427043,-2.74591
-1.33471,0.1227266,-1.4995468,-0.16807185,2.6333914
-0.33701065,0.5073387,0.51654786,3.1790848,-0.16365832
1.3825576,-0.65493286,1.6551034,-0.76828766,-1.0147685
0.47757283,-0.06110128,0.8172733,0.550289,-0.39810336
0.73892856,-0.6794852,0.36117443,0.28771842,0.97556317
-0.13000241,0.43416324,0.7808179,1.5557444,-1.2468753
1.4036676,-0.869171,1.1286492,-1.1030867,0.16023237
-0.40837994,0.11700932,-0.52762616,2.190506,1.282493
0.59706366,-0.25225577,0.80848914,0.6221595,-0.21732974
0.52154,-0.13193068,0.9297175,0.67721254,-0.47906187
1.0028777,-0.46914038,1.007238,-0.5335711,-0.26649618
0.067732014,0.100494064,0.8311961,1.6207994,-0.6699915
1.2112291,-0.679037,0.93459684,-0.9465015,0.15381864
-0.26576653,0.17214361,0.32416245,2.5019298,0.11233639
0.7649601,-0.95236003,0.9403255,0.28916413,0.2489641
-0.38691583,0.35678688,0.019063314,1.9842412,-0.29501095
1.0294976,-0.66601217,1.7469765,0.21763392,-0.89934903
0.5160563,-0.13921914,0.5714786,0.24892618,-0.07307834
0.47309425,-0.24906573,0.4770665,0.6650902,0.31472188
0.2337797,-0.09250339,1.3876108,1.7764248,-0.9443981
1.0598325,-0.76180637,0.8213542,-0.21966504,0.5352872
-0.40342698,-0.41108546,-0.58019286,2.6295555,1.4992669
0.25776598,0.004757084,0.7617921,1.2015098,-0.71734643
0.8979605,-0.7284659,0.6818985,0.26173693,0.5933444
0.06946436,0.07025782,0.40908378,1.5379336,-0.24118352
0.7698017,-0.48385558,1.6763523,1.1351469,-1.051073
0.73848045,-0.43655333,0.740088,0.0949157,0.032235228
0.4722168,-0.27554688,0.2988921,0.6022244,0.47587663
-0.07889935,-0.51439935,0.37253103,2.03205,0.2746795
0.09655235,-0.030624233,0.9396177,1.4446942,-0.6951218
2.9330401,1.4136249,-1.1127528,0.76299137,-3.6498036
1.5743302,-0.6922811,1.3208994,-1.4442763,-0.36301583
-0.8933764,0.7904464,0.4388818,1.6485846,-0.1781067
1.0067993,-0.7538241,1.0692117,-1.2927265,0.6354212
-0.19768545,0.5771596,0.3890393,1.154836,-0.7619547
1.2951466,-0.7431048,1.6534002,-0.6273869,-0.31484243
0.32710126,0.080917515,0.34479752,0.21322007,-0.033792205
0.39168885,-0.43866572,0.31136817,0.1756847,1.0072852
-0.23165777,0.41525188,0.13454089,1.4570781,0.16830894
0.94352853,-0.50503427,0.93559456,-0.14957069,0.12864166
0.45439515,0.029647984,0.7398139,0.1877618,-0.5956783
0.39161626,-0.36662754,0.08514457,-0.02280252,1.1024956
0.15422055,0.28447452,0.691528,1.0524089,-0.7033453
0.9762091,-0.60026103,0.74612135,-0.4510417,0.5396907
-0.0475268,0.3538901,0.5643768,1.5944638,-0.45047104
1.3628033,-0.7072967,1.3153257,-1.1542904,-0.3385631
0.16444066,0.2039415,0.37049142,0.83936423,-0.16183427
0.45423117,-0.5766552,1.0611099,-0.1850742,0.2289131
0.10083816,0.04535023,0.19188273,1.139775,0.4694508
0.57273567,-0.3175443,0.11480557,0.48369777,1.1757232
-0.39115533,0.15943351,0.38921484,0.90959233,-0.07951368
0.6725235,-0.41633305,0.8215983,0.7200233,0.29811844
0.48143056,-0.049888454,0.60460615,0.076843336,-0.3419251
0.825158,-0.339784,1.0540398,0.16144003,-0.33228162
0.6888043,-0.55472785,0.32205603,0.1232595,0.79754657
-0.1566473,0.23510996,0.0965425,1.7653567,0.22191253
0.9420866,-0.5424922,0.836841,-0.15305023,0.21896538
0.06556407,0.16937557,0.7242258,1.5321507,-0.4848343
1.0957049,-0.95710933,0.73729867,-0.45411998,0.69119847
-0.56620395,0.46824995,-0.5028994,2.2962985,0.6822645
0.87058836,-0.7064146,0.9740748,0.18181767,-0.05682925
-0.7110942,-0.14491972,-0.09827719,1.0565808,0.6166891
0.5253051,0.0042373314,0.9662793,0.253995,-0.90170246
0.14567772,-0.8348292,0.26407036,-0.13188384,0.45548683
-0.23150256,0.5474693,0.40550965,1.7756459,-0.7712093
1.2671962,-0.90155303,1.2691803,-0.40107125,-0.12720221
0.033713378,0.1319057,-0.02200524,1.1539273,0.44755632
0.7134903,-0.34865794,1.1298101,0.7006114,-0.4199961
0.29712686,-0.56204253,0.48126292,0.9572339,0.48348305
-0.038175367,0.20851913,0.7719392,1.6671212,-1.0390743
0.8133069,-1.2025088,0.76740247,0.15818276,0.61526567
-0.5544092,0.7762581,0.29534233,2.3442922,-0.88383114
1.4007962,-1.2685245,2.0661032,-0.03332572,-0.39142862
-0.08772757,0.3279597,0.047662042,0.99636644,-0.1000504
0.8890697,-0.77970445,1.5257999,0.99221617,-0.43251243
0.11481211,-0.121189915,0.68547034,0.91943693,-0.515916
0.7590333,-0.90235174,0.07558637,0.8562702,1.9233057
-0.686442,0.76041996,0.32504863,2.6737921,-1.3655107
3.0806742,1.3617212,-1.2952607,1.3248142,-3.6376796
1.1084647,-0.6085413,1.5563085,-1.3491604,-0.7539395
-1.4402049,0.56568927,-0.22562379,0.7931054,1.0778561
0.6274361,-0.08927997,0.9570127,0.40528518,-0.25626153
0.6080185,-0.3894299,0.34770066,-0.31129557,0.77607125
-0.19811603,0.24676862,-0.33686018,1.510953,1.2796358
0.6733834,-0.28313574,0.46122977,0.22790535,0.77508336
0.3560305,0.17271104,1.1628594,0.9199326,-1.1113374
1.2353618,-0.69274604,1.5562984,-0.39145482,-0.3132954
0.4945496,-0.03939327,0.4382731,-0.030723441,0.02113112
0.7503891,-0.31272587,0.904621,0.3117841,0.13154387
0.23267695,-0.39581951,-0.011184314,0.13066508,1.1801015
-0.39734372,0.5701358,0.14789349,2.509412,0.14883181
0.8640545,-0.7639688,1.5034252,0.031442117,-0.2317751
0.1437814,0.22538248,0.48177537,0.8312132,-0.3858005
0.5637973,-0.7057971,0.68139905,0.18292113,0.7630545
-0.110352,0.3690082,0.020524224,1.3488406,0.19624552
1.0077331,-0.7782167,0.72438437,-0.2013409,0.6491285
-0.43361542,0.5963213,0.1331853,2.182162,-0.2806961
1.1186886,-0.7480091,1.1904174,0.23369016,0.39183527
0.047416963,-0.13789114,-0.4540274,1.3689251,1.7760718
0.35620824,-0.05793508,0.2758437,0.8353733,0.48094124
0.48899207,-0.16890225,0.49602094,0.19755723,0.024398051
0.46555778,-0.11953529,0.6846051,0.78260386,-0.107573844
0.62838864,-0.5023878,0.49430975,0.15183343,0.42252886
0.23410138,0.061991848,0.44821748,0.89794207,-0.16165105
0.9672282,-0.45714077,0.85980445,-0.3687483,-0.036320187
-0.326022,-0.066515766,0.05432447,0.70375854,0.4216862
-0.31676194,0.16526523,1.144021,1.1157173,-0.6670288
1.1934787,-0.52388126,1.4978925,-0.303591,-0.6297823
0.27805224,-0.382809,0.4505759,0.88983035,0.3141195
0.20555767,0.03474299,0.39641747,1.1758136,0.05377104
0.61653256,-0.40734944,0.58727795,0.16018905,0.21038753
0.39530376,-0.16339716,0.35000584,0.67075896,0.2512302
0.5092158,-0.0989693,1.1204885,0.9557449,-0.66281116
0.97906923,-0.59617215,0.97360766,-0.29166144,-0.03828553
0.22941628,0.067020096,0.52591974,1.0580069,-0.28868365
0.77430403,-0.73396146,1.0771097,0.32817078,0.022768043
0.3720272,0.06399218,0.7102492,0.318694,-0.7075621
0.6471403,-0.5160516,1.6596254,1.2492892,-0.59987867
0.7547588,-0.26718077,1.2061058,0.24856819,-0.6919093
0.79015803,-0.39915976,0.7345875,0.034982633,0.021508805
-0.10628148,-0.31416115,0.6282429,1.6471173,0.034103774
0.41164842,-0.5176156,0.4216544,1.0352099,0.5075183
0.23469844,0.03303591,0.61168987,1.020918,-0.38714272
0.99206686,-0.5163544,1.2568475,-0.05427574,-0.50241524
0.6030831,-0.21848616,0.6850253,0.04370017,-0.295692
0.6562389,-0.48657832,0.32603785,0.5112115,0.9049871
2.9463158,1.4317781,-0.77680695,0.9633472,-3.7282403
1.1139847,-0.6178611,1.430104,-1.0459801,-0.65699464
-0.8567843,0.37113252,-0.7971487,0.28107405,1.8217725
0.23238656,0.18727842,0.82520014,0.96601045,-0.36628017
0.6557545,-0.37566122,0.6472574,-0.21696047,0.51330024
0.049725093,0.27231517,0.4065974,0.9620864,-0.1992847
0.54839265,-0.41646656,0.88163996,-0.48023915,0.09117135
0.14401045,0.1636559,0.8423783,1.2805853,-0.2754958
1.2267877,-0.6821674,0.9770532,-0.9483445,0.21577537
-0.60373485,0.2740461,-0.6746299,1.4456383,1.786335
0.5426599,-0.03644403,1.0384115,0.77488357,-0.5892439
0.9937016,-0.48127112,0.799222,-0.6746902,0.14826399
-0.048896156,0.22843185,0.048592947,1.3930911,0.6449178
0.991983,-0.40542063,1.0883524,-0.6718932,-0.46276006
0.33682445,0.012114681,0.8042939,0.93353605,-0.30155778
0.42036524,-0.3369182,0.8891438,0.8440338,0.32059976
0.36054662,-0.009238087,0.96468306,0.67490923,-0.6831802
0.66993624,-0.3595656,0.76683396,-0.1201195,-0.04051534
0.29689655,0.02804581,0.7616149,0.80360305,-0.2538407
0.84230125,-0.6794733,0.23694387,0.061778437,1.5068974
-0.25355747,0.34434858,0.10542347,1.9033345,0.22841269
0.7067374,-0.5920761,1.5791361,0.2602381,-0.39046496
0.23940358,-0.04332479,0.25943905,0.55772406,0.3283047
0.6456821,-0.1816648,0.7954157,0.09216197,-0.3069845
0.8597562,-0.3642982,0.66516143,-0.5082466,0.13025093
0.28417805,0.05101029,0.48215702,0.8125094,-0.08959363
0.5351672,-0.44591364,0.9716116,0.30021644,-0.3035335
0.2537668,0.07675473,1.107274,1.3338209,-0.86136794
1.241788,-0.72900474,1.2144653,-0.6678019,-0.11040259
-0.063848935,-0.1188248,-0.3077677,1.7193398,1.2743205
0.6330512,-0.17702278,0.80894613,0.14315523,-0.43044424
0.7277008,-0.42449412,0.37611422,0.26953197,0.88436824
0.26514223,0.021761097,0.4578408,0.91143143,-0.020127274
1.0843858,-0.49747166,1.1304007,-0.9114661,-0.50385946
-0.7296168,-0.074524246,0.38816333,2.1383324,0.86598444
0.41520575,-0.26836333,0.4803626,1.0305147,0.5936158
0.09948883,-0.52143985,0.19541213,1.3805616,0.63009214
0.045362927,0.18800798,0.75332963,1.5370505,-0.8278543
1.2123368,-0.8881968,0.92275894,-0.5759688,0.43738303
-0.39511946,-0.19009766,-1.0358784,1.9267766,2.5900095
0.087413706,0.396691,1.0862783,1.418215,-1.6485617
1.1253263,-1.0744375,1.2392474,0.015476357,0.24619845
-0.24211946,0.56469506,0.37262502,1.5287558,-0.90986025
1.3124375,-0.82225025,1.4697604,-0.25087076,-0.44195023
-0.055361174,0.023046173,-0.08177004,1.3982347,0.6966511
0.53562284,-0.15036282,0.888299,0.557905,-0.6904055
-0.8980415,-1.048972,-0.14181796,-1.1473608,0.35021734
-1.0825661,0.9527594,-0.58521885,3.931771,0.5337968
2.9095309,1.4417106,-0.9953908,1.068237,-3.7140982
0.43589005,-0.09911951,2.3542292,1.1443659,-1.904453
0.6807121,-0.23625311,0.7102888,-0.625239,0.2395989
0.09792922,0.29432836,1.0265214,1.3679652,-0.60841936
1.3281313,-0.70535123,1.2179381,-1.2204567,-0.10435445
-0.060230277,0.2572519,0.23052776,1.1511106,0.31186807
0.83419025,-0.35058436,1.505449,0.5754955,-0.36020178
0.63088953,-0.2073091,0.55661017,-0.2379931,0.098164134
0.16374972,0.00024858862,0.7087368,0.9811068,-0.32592407
0.8315767,-0.4389685,0.60155356,-0.15621702,0.5650379
-0.07817461,0.25803152,0.33005026,1.539637,0.043072276
0.8041157,-0.6579441,0.9036748,-0.17674612,0.12339901
-0.87363464,0.21669927,-0.62508357,0.29551148,0.96373564
0.39384553,0.059858,0.8760268,1.2222769,-0.3571656
0.49744853,-0.5554312,1.3500643,0.1481867,-0.29438004
0.029144682,-0.0410622,0.3445195,1.0337268,0.25467345
0.7985294,-0.33419785,0.6397484,-0.19821934,0.21833447
0.45059624,-0.10952648,0.4108935,0.5139495,0.29236934
0.6744974,-0.22293028,0.89350617,0.2629407,-0.3797247
0.6645064,-0.48041758,0.26144752,0.16319062,0.9931363
-0.07043036,0.25761428,0.14141735,1.50946,0.13455757
0.83315384,-0.3199452,1.0993801,0.058159243,-0.68787235
0.80734384,-0.270645,0.85907966,-0.5901289,-0.46156737
0.5881616,-0.17868218,0.5867525,0.21211858,0.005308114
0.60917884,-0.2608126,0.5607585,0.25662678,0.17410818
-0.34078577,-0.46212372,-0.23945543,0.69066256,1.5932024
-0.43458548,0.42014185,0.09006693,2.1515307,-0.3427116
0.97503626,-0.6959194,1.8034146,0.6491579,-0.45063353
0.58207333,-0.07610973,1.0217316,0.11594637,-0.81994015
1.1344625,-0.610246,0.8477095,-0.90764827,0.18645942
0.19830033,0.17968717,0.43977365,0.715635,-0.33712757
0.9836367,-0.5610054,0.96066046,-0.009675074,0.13754708
-0.04928919,0.00081602484,0.17671248,1.6438304,0.26484242
0.38829425,-0.4550713,0.38013852,0.43230325,0.6384323
0.28827485,0.116568245,0.62897843,0.62302494,-0.6510571
0.40506575,-0.38655218,1.4444792,0.21700056,-1.0174918
0.59822774,-0.35183606,0.48973846,0.28264564,0.3389983
0.46099284,-0.1102322,0.808599,0.80882335,-0.42854545
0.5660616,-0.9176749,0.30036944,0.8324602,1.3612865
-0.578612,0.6260067,0.02735879,2.3108068,-0.5513129
1.5473161,-1.061191,1.1113386,-1.2221857,0.4594884
-0.33557245,0.28427187,-0.56530404,2.1842372,1.2257816
0.8490642,-0.4278725,0.82285815,-0.22167526,-0.091971226
-1.0138636,-0.4911345,-0.38111952,0.29180574,0.860543
-0.3415706,0.48409525,0.28401178,2.3389597,-0.46803382
1.0706221,-0.528416,1.4261642,0.17971303,-0.9703849
0.69749737,-0.20355639,1.3816092,0.4681254,-1.0387658
0.5692284,-0.9508413,0.19352993,0.543741,1.4566178
3.0016327,1.3779837,-1.1988927,0.9259436,-3.7421472
0.9268872,-0.6278986,0.93774456,-1.1810213,0.45691115
-1.1950017,0.5899913,-1.0414451,0.7503576,1.8275536
0.48459235,-0.0097626075,1.2626764,0.8959299,-0.53647345
1.0654839,-0.52987987,1.1192904,-0.79711336,-0.15952754
-0.12764046,0.2434999,0.5078645,1.3119445,0.2642288
0.92437005,-0.5053013,0.7575385,-0.420727,0.42470077
0.09830222,0.29733244,0.6036356,0.9853456,-0.6051265
0.99397445,-0.6063979,1.2621062,-0.14521979,0.13764647
0.2519118,0.19115749,0.7893484,0.6536445,-0.83209866
1.1758786,-0.56846553,1.4985749,-0.32067204,-0.48405647
-0.26027408,0.19959512,0.29358017,0.73074514,-0.012519129
0.9569004,-0.5398887,0.57974637,-0.27838647,0.7584341
0.08975313,0.35799566,0.6783261,0.7789394,-1.0660619
0.04352293,-0.9636587,0.9179226,-0.81236315,0.23667681
-0.35520032,0.5785782,-0.038874783,1.8550714,0.005606286
1.2748153,-0.72225034,1.4196007,-0.30713153,-0.23485968
-0.21326908,0.2885801,0.18409574,2.0536196,0.38450888
0.719526,-0.73262393,0.8705699,0.1168433,0.1496762
-0.1434857,0.26419702,0.22304541,1.5882207,-0.026021577
1.037362,-0.5953973,1.1891303,-0.01508813,-0.07551644
0.12318597,0.13509336,0.25924483,0.7408415,0.0093796775
0.5765759,-0.70131004,0.4526053,0.62041086,1.1035811
-0.0069154724,0.15498224,-0.11333815,1.3294425,0.6882418
0.80727375,-0.37016806,0.926512,0.045472395,-0.1811083
0.3105,-0.3888863,0.07400315,1.1703572,1.2514943
-1.2641693,0.49021545,0.3186665,-0.056474794,-0.21430135
0.6926095,-0.4906815,1.212946,1.6733819,0.1917038
0.021571912,-0.30895886,0.6512381,0.099982575,-0.10103998
0.40515462,-0.23086247,0.23839855,1.032222,0.8052973
0.36005095,-0.29557166,0.47212827,1.037521,0.11039265
0.73603964,-0.2339333,0.77361757,-0.53685594,-0.43299037
0.5037083,-0.21666464,0.90762717,1.0810103,-0.4174906
0.81091994,-0.51883155,0.5494098,-0.053095568,0.50733423
0.20783451,0.19989076,0.6440711,0.62962407,-0.90192455
0.9618609,-0.5327576,1.156902,0.23092265,-0.15419069
0.31053755,-0.29714045,0.2287322,1.2098143,0.7544896
0.08010254,0.096114315,1.1810772,1.9251736,-1.1300194
1.1541567,-0.8867806,1.1257313,-0.23442702,0.16578615
-0.1713247,0.3136069,0.14431313,1.6631007,-0.11418808
0.66492194,-0.94364107,1.0883819,1.0942932,0.25125787
-0.08982792,0.060558952,0.027308961,1.8075045,0.50832206
0.28128538,-0.772385,0.69609594,0.80826867,0.044411026
0.048184253,0.07370774,0.24395737,1.4607563,0.081660084
0.81862664,-0.7247752,0.45367494,0.21156193,0.8493274
-0.2977111,0.018773712,-0.32957092,2.0858836,0.70130605
0.4972345,-0.374369,0.90730387,1.097342,-0.44467008
0.62145674,-0.15724358,0.9731699,0.5065105,-0.7933631
2.9985127,1.3581043,-1.1287565,1.2921942,-3.7640789
0.8455632,-0.6078499,1.0332433,-1.7206825,0.064066194
-1.414597,0.7175356,-0.77138007,0.906459,1.2559972
0.9717956,-0.4014772,1.1667365,-0.9230633,-0.4888186
0.21823111,0.02113644,0.24380222,0.46357977,0.3751143
0.58922803,-0.27389464,0.20686895,0.2451811,1.1890769
0.14537606,0.29194418,0.663418,1.0550643,-0.70412314
1.2604859,-0.65513074,1.1307602,-0.92474896,0.047305457
0.14515826,0.15855852,0.0818881,0.857114,0.48969972
0.84491104,-0.31883416,1.159629,0.19343843,-0.3386046
0.6621845,-0.2252787,0.40979555,-0.2963369,0.3665062
0.506815,-0.077382885,0.5711151,0.38289928,0.04911091
0.60583556,-0.26026663,0.70922995,0.27913463,0.07851242
0.18049869,-0.10137733,0.30644637,0.7932215,0.564496
0.52523124,-0.1620191,0.6623093,0.4742505,0.03861352
0.47248718,-0.26565728,0.36251813,0.400594,0.6490369
-0.14954266,-0.17668423,0.025379768,0.7260756,0.7196398
0.3738434,0.12042586,0.78239775,0.50813717,-0.7061611
1.1026593,-0.55863076,0.9488214,-0.81141114,0.01621949
0.36310884,0.11093203,0.6410836,0.03006525,-0.7038708
0.84568834,-0.31048712,1.0605539,0.14241369,-0.39944038
-0.7979357,-0.12530264,-0.31945157,-0.86626554,0.9114509
-0.054197095,0.37350002,0.34953246,1.9416665,0.07125171
1.2659445,-0.70148885,1.0800151,-1.0070876,-0.020848937
-0.03475698,0.110946335,0.020353219,1.4994502,0.6663741
0.4578298,-0.2551287,0.6133184,0.6338412,0.3290791
0.21662769,0.08064572,0.9390011,1.5201976,-0.4789521
1.0755888,-0.71153104,1.3051203,-0.4736715,-0.018335648
-0.15666232,0.18976513,-0.18055075,1.5741669,0.90177804
0.71716404,-0.3202885,1.234824,0.5881528,-0.62299955
0.6949189,-0.35382447,0.913049,0.24748243,-0.12385578
0.4661999,-0.13430771,0.6772553,0.69506264,-0.03389419
0.36729077,-0.49374756,0.5479727,0.9995883,0.6005956
-0.18712112,0.16760173,0.287826,1.3470054,-0.3444652
0.92253506,-0.48611578,1.3750719,0.44244093,-0.46857744
0.16448447,-0.37018952,0.19114944,0.9544133,0.8034011
0.28373995,-0.110298954,0.40950733,0.7441283,0.0396057
0.3745043,-0.24764714,0.7072283,0.8380464,0.11386787
0.5559266,-0.19890961,0.64428854,0.25095606,-0.20643911
0.59896624,-0.29437003,0.9614249,0.81648266,-0.28208843
0.78267664,-0.3235596,0.8948963,-0.12477331,-0.37743354
0.40079746,-0.20861325,0.6556791,1.0673696,0.05405625
0.69647723,-0.48681673,0.48270968,0.18737824,0.43879783
-0.06545987,-0.14051852,0.23113081,1.9847349,0.6525035
0.34961054,-0.6204575,0.54149544,1.3040727,0.4771134
0.15146556,-0.3378218,0.2798646,1.2969288,0.20406196
0.43011722,-0.29188094,0.6013627,0.9404086,-0.13115796
0.5460282,-0.2200931,1.0129536,0.7969587,-0.5163706
2.9128723,1.3934499,-1.0672313,1.0740434,-3.6434486
1.158704,-0.5927127,2.1235425,-0.13677172,-1.2206689
-0.3358741,-0.07276472,-0.4048293,-0.6908723,1.5217482
-0.34570494,0.34083667,-0.12300394,1.4693774,0.86875093
1.0496211,-0.46623883,1.1872386,-0.7479041,-0.41412687
-4.4286447,-0.13482985,-2.4613647,-7.9452634,3.3154361
-2.8826826,2.8612666,-0.97050774,9.08593,-0.21447097
3.0512843,-1.8602055,3.6304488,-1.6979622,-1.3574868
-0.24070379,0.597325,0.15325639,0.904374,-0.7408545
0.7998299,-0.5787199,2.0923424,0.38102674,-1.095562
0.64311236,-0.22370037,0.6068349,0.0025102012,0.030845486
0.16011605,-0.08498605,0.94511026,1.2129399,-0.27611202
0.7242061,-0.51257783,0.5347407,0.015785169,0.5307861
0.1077951,0.085986294,0.16320133,1.1746157,0.33379626
0.6375561,-0.25487122,0.95944136,0.769978,-0.10506574
0.79635394,-0.29330668,0.8279249,-0.28932667,-0.2467736
0.54863924,-0.11885103,0.5985881,0.11921348,-0.12812611
0.16390869,-0.6179517,0.0397669,0.45870763,1.0116472
-0.13374373,0.5759103,0.92610204,1.8127012,-1.6115355
1.763274,-1.1230272,1.5669177,-1.4058874,0.10531076
-0.3770825,0.6295854,0.20927945,1.9064069,-0.6388692
1.0148314,-0.9151095,1.8155091,0.490887,-0.32183176
0.4186379,0.031278767,0.57536304,-0.031927217,-0.51352197
0.8300797,-0.44876274,0.93540996,0.34833205,0.019134663
0.09610299,-0.3320926,0.16196692,1.1099482,0.65806675
0.33575174,0.08541409,0.87686825,0.99102026,-0.8614259
0.86434615,-0.5727809,1.546337,0.60056233,-0.30038238
0.48412296,-0.3635901,0.037092526,0.6119333,1.3258662
-0.32580045,-0.3418034,-0.5302569,1.6109941,1.5895507
-0.0844694,0.08291546,0.18878707,1.9470559,-0.15823027
1.1370897,-0.534808,1.3956605,-0.44389182,-0.62117165
0.42498776,-0.20946679,0.25881222,0.6175037,0.5003276
0.42879918,-0.114099346,0.7787506,1.0112721,-0.46789208
0.7391689,-0.5188721,0.77436334,0.1955116,-0.13458046
0.20958313,0.10783736,0.5065904,0.90744835,-0.5267219
0.7794873,-0.8050221,0.5515366,0.5846615,1.1513698
-0.2783536,0.35100284,-0.30826882,1.9048294,0.57568914
0.987393,-0.6553501,0.98271906,0.085824445,0.05481162
0.122689046,0.052984394,0.42044377,1.3731855,-0.2936575
0.9363663,-0.50818855,1.2122864,0.1813161,-0.38224232
0.05053369,-0.23464617,0.6335446,0.989488,-0.029384442
0.8402422,-0.32869753,0.9053656,-0.50532174,-0.4583523
0.6038291,-0.14464554,1.1578487,0.64899856,-0.8365713
0.5042816,-0.875749,0.7823604,0.6144215,0.34862795
-0.31663176,0.3072888,0.18343154,2.024611,-0.060130753
1.1370785,-0.7875794,1.491648,0.4300983,-0.4202139
0.2780197,0.018883385,0.48168704,0.7352691,-0.22351962
0.984424,-0.5193823,0.81845504,-0.49253458,0.06673246
2.7881582,1.3859826,-1.1644951,0.63783807,-3.323155
1.0408342,-0.5590289,1.3712842,-0.43478286,-0.18767327
0.015580036,0.14312091,0.26847574,-0.12712578,0.14495644
0.42312273,0.015638508,1.4826611,1.1358805,-0.8396178
1.2035837,-0.6036466,1.2679764,-0.94541967,-0.2882014
0.06277279,0.19148412,0.19320151,1.04842,0.39518258
0.811353,-0.38458046,0.95135933,0.08022256,0.011367492
0.3567815,0.04917208,0.62718797,0.64413625,-0.1457952
-0.31834784,-0.2912086,0.14296263,-1.1779135,0.26166105
-0.059579395,0.44411245,0.26767394,1.4584411,-0.12887284
1.0877166,-0.6532711,1.5647914,0.039022755,-0.42421287
0.6732958,-0.19394097,0.5838907,-0.33397454,-0.053029068
-0.32619724,-0.014945827,0.3575284,1.515943,0.962759
0.5304533,-0.14271197,0.55634403,0.44632763,0.20874801
0.35807577,-0.43432173,-0.09119857,0.6207,1.6869087
-0.08666738,0.13662162,-0.049995817,1.3521844,0.6141473
0.6015272,-0.23484167,1.2274084,0.6263589,-0.73909575
0.78109074,-0.38119492,0.87394416,0.020088863,-0.06559379
0.17499873,0.06503407,0.3420286,0.97747976,-0.0885349
0.96366084,-0.44592795,0.8709991,-0.51464903,-0.026905723
0.080790974,0.11175219,0.9386698,1.3795899,-0.5469484
1.1909891,-0.66838443,1.0706483,-0.73425347,0.015428685
-0.40365228,0.24302068,-0.16162461,2.4709778,0.935093
0.9554785,-0.6593889,0.53482056,-0.023813535,1.005307
-0.16942087,0.37396732,0.11522742,1.6533426,0.012365721
0.84617776,-0.7063359,1.1161251,0.54933304,0.21671396
0.28718588,0.15049997,0.9555178,0.86102825,-1.0190017
1.157351,-0.682835,1.0626371,-0.47879738,0.1606066
0.0155149475,0.28570238,0.31195536,1.0812445,-0.25944808
1.0861044,-0.6370944,0.99728346,-0.17407893,0.14616296
0.06559912,0.19013706,0.4945759,1.1163821,-0.3133343
1.006589,-0.62230045,0.73552126,-0.41769397,0.45514372
-0.46226177,0.11288945,-0.11129231,2.1041605,0.8955847
0.5846143,-0.3407949,1.1184694,0.8342423,-0.4701919
0.529124,-0.34045872,0.78870857,0.43626076,-0.055515565
0.48153445,-0.23343977,0.41821843,0.5325982,0.26975405
0.7412467,-0.23206171,0.94389397,-0.24787901,-0.6129706
0.3939031,-0.39728102,0.6536061,0.92184645,0.09540712
0.5181554,-0.3220981,0.6798294,0.6457452,0.18452
0.13942298,-0.15877423,0.07763674,0.708434,0.73148024
0.5030712,-0.08802589,1.0800117,0.82935244,-0.65178657
0.52404714,-0.26682076,1.5193661,1.3275818,-0.70382756
1.061456,-0.69699705,0.768903,-0.59150577,0.30117276
-0.119946264,0.043383278,-0.13695845,1.7882795,0.7003528
0.5865932,-0.12223896,1.1132661,0.59407926,-0.7864792
0.6616375,-0.39143977,1.0329194,0.8586679,0.006617479
0.48107883,-0.5257862,0.53741336,0.85909474,0.6219482
0.25191554,0.077009834,0.9180517,1.1339725,-0.814892
2.9775858,1.3752943,-0.8722978,1.1818659,-3.918417
1.4546754,-0.7058662,1.5012889,-1.4173841,-0.54019845
-0.7242558,0.47031227,-0.45649624,0.2976358,0.9149469
0.7086387,-0.18137631,1.3744354,0.5161171,-0.5877945
0.93016666,-0.4064339,1.001562,-0.8162066,-0.2443476
-0.33888695,-0.078772865,-0.64996713,0.39162862,2.3222835
-0.576558,0.597542,0.49164897,2.4453266,-0.24323142
1.5661204,-0.84145725,1.6908747,-1.0017669,-0.51075196
-0.22786763,0.410257,0.40775198,1.4268303,0.0014189109
0.58452916,-0.645296,1.3175993,-0.6625993,-0.6558521
-0.07235172,0.14877859,-0.04043535,1.1048715,0.6776986
-0.120698534,-0.22409853,0.94898677,0.36913258,-0.7259874
0.36372843,-0.33838686,0.04930585,0.59147894,1.6266633
0.04003445,0.24655405,0.37096593,1.1333609,-0.35952505
0.7604715,-0.48261103,1.6541612,0.6557747,-0.57554525
0.82985437,-0.35081562,0.6401538,-0.4752903,0.17135894
0.32111564,0.06542269,0.53722596,0.7610972,-0.16419113
0.93997747,-0.48251328,0.867301,-0.26689947,0.061066322
0.30072674,-0.09581026,0.47355917,0.78662825,-0.054432638
0.8793515,-0.36061224,0.9594838,-0.414716,-0.3811205
0.6130278,-0.10778602,0.88651645,-0.022330452,-0.62454486
0.624402,-0.2865642,0.8733252,0.7215929,0.12438255
0.7380223,-0.38592514,0.5512671,0.026609313,0.4025565
0.4358888,-0.16874966,0.3834822,0.56308794,0.28606364
0.4604133,-0.27707276,0.43865022,0.8209634,0.44825897
0.3113837,-0.038136803,0.46800658,0.8375015,-0.17686129
0.7560618,-0.43021616,0.7579921,0.16286804,0.07213413
-0.20191243,-0.4499739,-0.50562304,1.0447024,2.070213
-0.027253054,0.29207054,0.27297285,1.4210278,-0.173724
0.9190954,-0.8227986,0.52896386,0.13844241,1.0598162
-0.67136407,0.3722197,-0.22670418,2.754699,0.26859334
0.5830972,-1.1170787,1.1541512,0.025712382,-0.3657089
-0.46914735,0.26510778,-0.2328366,2.1829095,0.3961523
1.0863698,-0.552203,1.0750242,-0.6268165,-0.2883172
-0.34459093,-0.30523,-0.30112395,1.2000189,1.4610697
-0.23747692,-0.17069277,-0.34080917,1.8297253,1.5691186
0.42756,-0.17245707,0.63232607,0.82459635,-0.18354899
-0.77108806,-0.7793921,0.017294934,-1.003551,0.06904956
-0.44220206,0.3712136,-0.58154786,2.8059459,1.4332403
1.0832956,-0.4562157,1.5246707,-0.2624758,-1.1349907
-0.32591435,-0.81193864,0.34398496,0.42344606,0.74095434
-1.1562767,0.5725247,0.05687087,2.8425705,0.062492363
1.2027326,-0.95482767,1.7825038,0.5302123,-0.54197884
0.23251423,0.048251785,0.47355577,0.82197046,-0.4651074
0.8080736,-0.5072492,0.993108,0.43837327,-0.3269612
0.3025104,-0.17189679,0.5860843,1.1062405,-0.3810358
0.543471,-0.13016161,1.6367503,1.5750087,-1.3160919
1.2102414,-0.76903045,0.8568147,-0.8667789,0.281031
2.9223933,1.3553029,-1.3389368,0.9632351,-3.565637
0.7676738,-0.5753868,1.1193175,-1.2174139,-0.26549363
-0.37673953,0.35813633,-0.24108282,0.64736795,0.9340766
-0.68973273,0.31648937,0.7049129,0.16957732,-1.03295
0.61610574,-0.18310246,1.3006493,1.0810221,-0.06218425
1.1037133,-0.4858416,0.996566,-1.2621286,-0.39734626
-0.1730558,0.24229112,0.10951912,1.6313914,0.6544965
0.96125257,-0.4665607,0.78813154,-0.3916515,0.21732241
-0.07933744,0.047016777,-0.3267884,1.0172752,1.5451646
0.5879688,-0.016364418,1.0163743,-0.08155148,-1.045335
0.37192956,-0.40234265,0.8654805,-0.010229755,0.13414359
0.009165086,0.10260645,0.16884452,1.4515961,0.5241606
0.124840714,-0.30802664,1.1172117,0.38471872,-0.7075811
0.7370948,-0.18603739,0.8888392,-0.35653156,-0.5723993
-0.07255199,-0.2788299,0.29767412,1.4484333,1.1248126
-0.14084461,-0.18044886,-0.45906755,-0.020804096,1.5139844
-0.34554848,0.5034763,0.8289011,2.3665934,-0.86336094
1.7600496,-1.0379618,1.5573306,-1.6269296,-0.16382468
-0.6631429,0.6210095,0.1468584,2.4184995,-0.031128533
1.4468687,-0.8699435,1.6374927,-0.5589173,-0.3704805
-0.73043543,-0.07777866,-0.5927635,1.0633963,1.2239536
0.2592868,-0.027741753,0.6970382,1.5811456,-0.025389798
1.0406127,-0.62006646,0.7556042,-0.58331734,0.3042167
-0.7547747,-0.40033993,-0.73796827,1.5457581,1.8040974
-0.6928307,0.7316619,1.1566738,2.6634324,-1.8534021
1.6080835,-1.342122,1.6177052,-0.6812834,0.16103959
-0.16754082,0.5739934,0.4158453,0.6727987,-1.2921318
1.3551192,-0.8642763,1.6097178,-0.23737155,-0.17805398
0.21396533,-0.08911785,0.29026198,0.98770005,0.24660984
0.72930926,-0.31037506,0.7012799,0.16790344,-0.031440534
0.5206425,-0.17532048,0.7371605,0.60629994,-0.28134775
0.609498,-0.36334452,1.1062152,0.82590044,-0.5732394
0.5331745,-0.33825812,0.97493607,0.730456,-0.09194789
0.6758818,-0.46566424,0.7020262,0.54108757,0.20495042
0.40751532,-0.07031616,0.65578216,0.5556135,-0.37109587
0.904065,-0.40569004,0.92736816,-0.25240695,-0.26895848
-2.364628,-0.3553861,-0.7148027,-3.0605218,0.7510075
-1.0169872,1.327892,0.70630985,5.496602,-1.1007264
2.4938223,-1.6236752,2.2074592,-2.2955678,-0.38428545
-0.70662314,0.93336403,-0.0021821656,2.0304036,-1.0071625
1.5611223,-1.098823,1.8149954,-0.16184251,-0.800826
0.036109127,-0.08299526,-0.055743195,1.5036634,0.8037105
0.53787464,-0.54953986,0.5143763,0.9256722,0.28140783
0.25315097,0.09079758,0.57728374,0.7951707,-0.63354796
1.034174,-0.66966,0.77239674,-0.26134872,0.389793
-0.15720555,-0.5499285,-0.5250803,2.4076004,1.9301646
0.14135936,0.10751549,0.5441143,1.3512049,-0.5647877
0.9453097,-0.8665389,0.71391565,0.22775586,0.30373877
2.972873,1.3940054,-1.2443899,0.90779257,-3.728769
1.5901129,-0.715124,1.4419764,-1.4293314,-0.4454946
-0.25100276,0.38668695,0.18403062,0.3018254,-0.10476584
0.51910794,-0.41778025,0.37882993,-0.2575761,1.1584525
-0.30405346,0.41549507,-0.12862164,1.258398,0.60737145
0.88723344,-0.33511576,1.195333,0.010793041,-0.23346302
0.6183663,-0.19864735,0.3709161,-0.10571353,0.52831084
0.2880771,0.091500916,0.52669156,0.82445276,-0.1057053
0.9459881,-0.2922314,1.7319422,0.19743527,-1.244375
0.7617245,-0.47286686,0.5995043,-0.35118145,0.409653
-0.088350914,0.17931047,-0.08365507,1.5133998,0.9948778
0.8074402,-0.3306645,1.1875987,0.31758857,-0.23135507
0.49318776,-0.14697728,0.81656325,0.40043074,-0.09063507
0.89778274,-0.46378073,0.56150085,-0.2304223,0.7059809
0.18646678,0.2554852,0.52610886,0.6527771,-0.6042804
0.9870563,-0.47021803,1.6193078,0.3933025,-0.65446323
0.66864324,-0.2388781,0.58395636,-0.095420465,0.17493787
0.51208216,-0.030497871,0.74774534,0.21553124,-0.4355512
0.7743228,-0.33427414,0.57093275,-0.11247788,0.3270567
0.3893732,0.016840138,0.69786036,0.65249187,-0.30470544
0.65418863,-0.51691943,0.8723145,0.27800167,0.20169473
0.10693268,0.14218155,0.7401169,1.0278475,-0.6186307
0.4600115,-0.8462542,0.60884166,-0.09366201,0.53120184
-0.2463915,0.6355125,0.5309627,1.6187105,-1.0834553
1.3020347,-1.204111,0.9827174,-0.89576787,0.7017961
-0.8949417,0.85106194,-0.61707515,2.897952,0.6833142
1.5144128,-0.86654127,1.3558966,-1.1643002,-0.107213445
0.059768714,0.13782564,-0.037048083,1.0753239,0.5529088
0.15411165,-0.011519752,1.5538743,1.5569816,-0.97433895
1.0087582,-1.0049528,0.2782525,-0.35181874,1.932977
-0.8940492,0.9471804,-0.10863946,2.9988253,-0.42516488
1.9158934,-1.1763352,1.7649287,-1.6420023,-0.23564011
-0.18650779,0.4196054,-0.12868223,1.3426269,0.25834832
1.0291947,-0.72190225,1.4584904,0.3902616,-0.2188085
-0.35571602,-0.19426045,-0.14737621,0.46523988,0.88327926
0.18455169,0.15475097,0.90410006,1.5218124,-0.59454614
1.0104468,-0.5218547,1.1825857,-0.2625997,-0.53712076
0.23387983,0.0021821633,1.0530291,1.1286657,-0.7655743
1.1528736,-0.6193178,1.1167367,-0.7226681,-0.22827914
0.19558665,0.113270916,0.64119405,1.0204282,-0.41949657
-0.30015817,-1.0649151,0.35132575,-0.7979021,0.6618246
-0.7087535,0.7335907,-0.38755885,2.7620828,0.2739345
1.3231283,-1.1801738,1.1439775,0.058159243,0.5216828
-0.7360305,0.6386262,0.21941012,2.6278126,-0.27653378
1.3400538,-1.0084051,2.178753,-0.160444,-0.90028936
0.12751183,-0.14909682,-0.051150955,1.0498577,0.7148016
0.2235358,-0.618748,0.13404825,0.48804474,0.90822375
-0.5318123,-0.03503021,-0.015010992,2.687374,0.48719767
2.6628213,1.3164479,-1.4928006,0.95302856,-3.1934016
1.176542,-0.4583734,1.5836995,-0.5257446,-0.78402466
0.27255479,-0.009400211,0.52091414,-0.5126978,-0.09389249
0.46535376,-0.103089176,0.78401834,0.25763386,0.04316821
0.6111365,-0.114485584,1.0323939,0.21047224,-0.44338492
0.74142945,-0.31632122,0.7204954,-0.14042829,0.1656444
0.30060658,0.092690624,0.37579826,0.63378614,0.20746976
0.7905999,-0.41324314,0.32579777,0.09026386,1.2829813
0.2791575,0.1395351,0.38546404,0.55823547,0.006336592
1.0441412,-0.47262606,0.88631374,-0.8128254,0.014941238
0.06887857,0.019231476,-0.44145906,1.1268128,1.9996439
0.45653054,0.033641495,0.71226275,0.24691398,-0.4986211
1.1124338,-0.51673585,1.0935365,-0.7346508,-0.19179842
0.22142169,0.11332337,0.4637524,0.6710442,0.00837367
0.70815307,-0.38268504,0.9092693,0.2899627,0.065674596
0.49705175,-0.03906902,0.8354967,0.36584187,-0.3729644
0.93256617,-0.4794329,0.6781284,-0.30590612,0.5006906
-0.018507443,0.23554388,0.5859099,1.4541198,0.014032893
1.1084647,-0.527932,1.0493631,-0.7813856,-0.18854791
0.18191311,0.16739193,0.3533127,0.91937596,0.04118385
0.18555555,-0.47465977,0.8950973,-0.18608128,-0.5297762
0.5127443,0.027604736,0.8476098,-0.09460418,-0.8801986
0.5666762,-0.27415928,0.8125627,0.9458354,0.3775472
0.34936145,0.043724217,0.80495125,0.71865034,-0.65586334
0.89969784,-0.47249016,0.9813182,-0.25260365,-0.2409519
0.6343455,-0.22467312,0.50827444,-0.017228175,0.21270117
0.5498509,-0.10690149,0.69255066,0.33595794,-0.18152487
0.51339895,-0.22457299,1.1445601,0.625639,-0.27546555
0.1937742,-0.12787518,1.3141938,1.0439864,-0.49455732
0.9570644,-0.42791304,1.48222,0.01951648,-0.552681
0.85136855,-0.41897234,0.6833152,-0.31359494,0.19665259
0.43724188,-0.05111631,0.5199934,0.45266712,-0.06449271
0.79651666,-0.43036875,0.65263444,0.1388594,0.5260145
-0.21696785,-0.043703876,0.31152162,1.8370246,0.37222937
0.7864092,-0.4416221,0.91184175,0.30459684,0.080438875
0.49428925,-0.09836849,0.6220465,0.15908755,-0.28732243
0.662217,-0.24588045,0.7814652,0.2812078,-0.1469343
0.47875568,-0.3136104,0.89600164,0.89893734,-0.031922795
0.35071078,-0.17330584,1.1799577,0.9836481,-0.495801
0.7395682,-0.6731528,0.6025071,0.06957348,0.3384175
-1.378428,-0.27696308,-0.52412564,0.8322458,1.5939741
-0.82251406,0.93391,1.2065996,3.937908,-1.7640338
2.2529907,-1.5306467,2.0256166,-1.9093212,-0.13300058
-0.905501,0.82609475,-0.13108593,2.8658555,-0.3809511
1.6555078,-1.1814374,2.0776613,-0.2850033,-0.58865273
-0.5011157,-0.008322559,-0.07680748,1.5054848,0.4940487
-0.14307263,-0.5240291,0.59323204,0.9480443,-0.0020995215
-0.48981413,-0.016774498,0.14457813,1.0454184,0.037408732
2.450812,1.5218359,-1.0895323,-0.49040437,-2.7356656
1.4236221,-0.6666559,1.270447,-1.6191798,-0.29804713
-0.6889567,0.74333966,-0.09040526,1.317865,0.018229775
1.0284437,-0.73030174,0.8961353,-0.78167474,0.62454444
-0.25709477,0.35429302,-0.19982287,1.1325269,0.79767793
0.6488902,-0.16187844,1.6173576,0.53102267,-0.9973855
0.62808573,-0.50607616,0.88272715,-0.31035143,0.59792066
-0.06871053,0.41855875,0.6247044,1.350902,-0.73264915
1.40913,-0.73565185,1.8208215,-0.48295748,-0.542799
0.39643404,0.051024593,0.58549654,0.18989988,-0.32947275
0.8107209,-0.29108223,1.1313876,-0.14391963,-0.4555564
0.86150604,-0.314216,0.8493935,-0.7149478,-0.33208975
-3.5986304e-06,0.1332933,0.6690164,0.9652827,-0.31012353
1.0483457,-0.6086677,0.6187249,-0.49013096,0.81620264
-0.27371857,0.45442644,0.41686738,1.8813775,-0.1636864
0.6874287,-0.91118515,0.877379,-0.6386084,0.17976826
-0.18085387,0.63007176,0.8208486,1.6088108,-1.5325848
1.5964615,-0.9407085,1.4136218,-1.3597623,-0.13887674
-0.1753464,0.43457094,0.12416842,1.5899477,-0.0907673
1.0917407,-1.003806,0.45584366,-0.11020605,1.8050377
-0.55227506,0.840798,0.2726331,2.080974,-0.9803979
1.3721023,-1.0961813,1.5693916,-1.0767983,0.0017689392
-0.27446458,0.4930717,0.05144795,1.7192513,-0.015734203
1.2202125,-0.7226199,1.3930411,-0.3312326,-0.35824594
-1.2478272,-0.014848076,-0.61503327,-0.09639017,0.82798517
0.1907889,0.09805504,0.5423958,1.6005063,0.11230182
1.0090148,-0.51272327,1.0156394,-0.43590796,-0.15285453
0.48863158,-0.1878613,0.31840602,0.34885526,0.41317663
0.15438452,-0.23380217,0.32870883,1.0117363,0.59017855
0.4245985,-0.0648826,0.9885939,0.97579604,-0.512777
0.9865206,-0.564503,0.71092075,-0.62309504,0.29131752
0.13059977,0.22192064,0.5482281,0.9819644,-0.4854903
0.5446676,-0.898425,0.63305086,1.062283,1.1667469
-0.20359847,0.48287216,0.32852593,1.5799615,-0.6366956
0.0008500591,-0.7685131,1.7930292,-0.045782436,-0.5431793
0.08067832,0.01708094,0.06752702,1.304474,0.5154056
0.81660515,-0.2864736,1.092486,-0.08464746,-0.71711916
0.5237192,-0.31199154,0.89537764,0.78893745,-0.09556831
0.68044174,-0.30181584,0.9800962,0.4239909,-0.36490944
0.20604959,-0.90729654,0.026750078,1.964971,1.5058612
-0.26605567,0.5673725,0.3036497,1.8182776,-0.8673392
1.4190284,-0.96740186,2.1285589,0.24226607,-0.8045346
-0.061231636,-0.31752285,-0.59468585,1.010383,1.919892
-0.3480769,-0.030817352,0.3657967,2.853088,-0.1001809
0.9912633,-0.9631938,0.46951392,0.12948884,1.1763679
-0.6214138,0.58323926,0.055629097,2.490173,-0.69526225
1.5690606,-1.0130614,1.6914767,-0.5468874,-0.33827877
-0.10519626,0.23533884,0.18015185,1.4010966,-0.176099
2.9982455,1.3884073,-1.3046387,0.9626686,-3.6561742
1.4018952,-0.52838975,1.7374914,-0.69870865,-1.0965922
0.023499526,-0.03917869,-0.10919551,-0.2113999,1.1866769
-0.42039123,0.35755697,0.094069146,1.3357033,0.45901045
0.78416365,-0.4519361,0.665833,-0.04021399,0.8601558
0.07995985,0.24806085,0.57281893,1.0613586,-0.24120599
0.8082488,-0.33962664,1.4517521,0.28145564,-0.410796
0.7367193,-0.2642363,0.71709454,-0.20914577,-0.00842423
0.46231464,-0.1800197,0.4021388,0.30878055,0.6777695
-0.27437696,0.19190851,0.5798902,1.8895226,0.5651088
1.152373,-0.51196986,1.3582239,-0.63824254,-0.49403012
0.23089829,-0.10843452,0.092668824,0.76379585,0.96990824
-0.10519626,0.34656826,1.3821267,1.6679295,-1.3238357
1.2139039,-0.97225606,1.2780885,-0.6949852,0.115656905
-1.0735726,-0.0050800666,-0.9916977,0.44346178,1.6959662
-0.47025886,0.47576013,0.78854716,2.8270907,-0.596884
1.4059957,-0.85267246,1.3998417,-1.0299042,-0.3155183
0.139438,0.2541906,0.2357525,0.59254503,-0.16458264
0.56270707,-0.36461768,0.9786246,1.2476192,0.24207503
0.5195022,-0.19083676,0.33709547,0.2997896,0.5082927
0.19849059,-0.27630982,0.11444261,1.4002174,1.2358675
0.38041982,0.05748097,0.6545398,0.7447066,-0.497584
1.0369714,-0.508961,1.1233679,-0.32520586,-0.19367906
0.589954,-0.21731076,0.5859558,0.2512747,0.13360775
0.2678459,-0.05101379,0.7307263,1.1718305,-0.55051434
0.82131904,-0.4374021,0.704495,-0.18449788,0.20384589
0.1578004,0.07631127,0.7172316,1.4117949,-0.5124632
0.76733583,-0.25664267,1.0896764,0.12600143,-0.7045812
0.52600354,-0.2906054,0.72960454,0.5629424,0.10625886
0.63255805,-0.16454634,0.9879178,0.3681668,-0.554152
0.07897351,-0.56009704,0.76235497,0.247925,-0.05572904
0.11429516,-0.38594422,-0.4890632,1.7079924,2.3024988
-0.3429149,0.09643618,-0.3136119,1.9612298,0.6909772
0.83279335,-0.29405054,1.5517588,0.6125273,-1.0872468
0.3057373,-0.6009906,0.2699293,0.058912586,0.33443496
-0.4420506,0.2882487,0.23121744,2.647795,0.13934648
1.1264917,-0.75715244,1.2599748,-0.3116398,-0.31995544
0.022976317,0.14593187,0.122086905,1.2564371,0.19340295
0.7777224,-0.55770093,0.8695456,0.21675862,-0.17627704
-0.068213604,-0.2587479,0.22405389,1.8549042,0.4980814
0.30868128,-0.5861133,0.32391727,0.89564073,0.29029682
0.27737007,-0.03712114,0.60181683,1.0164785,-0.37123156
0.92476183,-0.53567344,0.7841463,-0.031502355,0.27904233
0.32943818,0.030043758,0.50606155,0.56507653,-0.31078643
-0.08272203,-0.7704705,0.8180049,0.41585755,-0.37748885
-1.0303923,0.29103342,-0.24779451,1.0179734,0.2578358
0.48164836,-0.6072419,0.8755342,1.4279573,0.002518259
0.44992283,-0.09352382,0.78303707,0.6760914,-0.6209063
3.014499,1.4113075,-1.1499822,1.0281997,-3.6775336
1.2368801,-0.448181,1.2270455,-1.9227849,-1.015402
-0.11900624,0.14006439,-0.16147795,0.20788373,1.1126446
-0.5183653,0.3108317,0.6991072,0.38580644,-0.5412191
0.13649401,-0.17550883,1.3573275,0.92474574,-0.044228233
0.8084691,-0.30632672,0.7539655,-0.48911208,-0.027165867
-0.12505946,0.066409744,0.6149786,1.3281128,0.106030695
0.052049495,-0.53544694,0.35127252,-0.36057365,0.8852446
-1.1061487,0.72182715,0.28074342,3.0996397,0.8214159
1.5257969,-0.8942956,1.3763386,-1.1413479,-0.0827106
-0.059367858,0.33217016,0.19246086,1.1685221,-0.123857506
1.1611173,-0.6531066,0.9150127,-0.76206225,0.26944464
-0.032319926,0.36244217,0.49229223,1.4436831,-0.6297625
1.2965072,-0.83756864,1.0446198,-0.78368104,0.36708784
-0.06818106,0.44098678,0.5334927,1.2264941,-0.78486645
1.2940739,-0.816831,1.5053692,-0.33533764,-0.33533248
0.38979253,0.059986748,0.6080648,0.09012027,-0.5587992
0.8394787,-0.48808512,0.7300887,0.11834605,0.37529147
0.30012843,0.10784451,0.84566027,0.7076708,-0.75432414
1.0107647,-0.44250426,1.2447639,-0.3851999,-0.51452017
0.52035713,-0.17638144,0.7084299,0.5339062,-0.1092946
0.54651135,-0.3194445,0.47238648,0.5027064,0.35533726
0.37995544,-0.004748665,0.76873314,0.8320747,-0.5022994
0.8846562,-0.4534143,1.4209807,0.2347169,-0.6466528
0.7465414,-0.3301185,0.5986368,-0.20912807,0.19183517
0.34480777,-0.049864613,0.6351137,0.99999744,-0.17760542
0.69533193,-0.27584013,1.1892334,0.40760618,-0.8418649
0.1939632,-0.80976427,0.079948716,0.23121966,1.0375121
-0.4028875,0.42591873,-0.04767818,1.6641235,-0.014396317
1.1911093,-0.60185605,1.3098966,-0.54748535,-0.4058904
0.24998292,-0.086793266,0.13674697,1.117576,0.7893827
-0.43611756,-0.42250094,0.32659164,0.27303314,0.27559304
-0.52444357,0.16655985,-0.008038828,1.1962935,0.39324662
0.8108298,-0.42849,1.1631556,0.44551724,-0.500322
0.46835032,-0.2938002,0.26657656,0.6066343,0.64876294
0.29488882,0.071399845,0.5730358,0.74772584,-0.3720405
1.0282159,-0.45431075,1.4745762,-0.088738725,-0.95925313
-0.2496284,-0.6190699,0.13244805,0.42052513,0.8701597
-0.41806683,0.4605991,0.5041952,2.809209,-0.47624436
1.3671918,-1.1173457,1.0118529,-0.83071285,0.42571282
-0.52480656,0.65290034,0.120995186,2.29716,-0.5835674
1.106303,-1.2664098,1.5310223,-0.11103217,-0.512936
-0.18033817,0.53068227,0.3992702,1.1973537,-0.9898871
0.6146788,-1.4317435,1.2228966,0.5617091,0.23789716
-1.3185211,0.15375677,-1.3757557,2.0767117,2.0622125
-0.27575132,-0.1872271,1.2545683,2.7900116,-1.0694801
0.8177492,-0.7080692,0.6316964,-0.29889983,0.26935735
-0.39769545,-0.2355927,-0.47750163,2.2837002,1.3092802
2.9592934,1.3981539,-1.2296256,0.9990041,-3.689769
0.94552,-0.58971816,1.112953,-0.98431027,0.1693478
-0.26059702,0.3365976,-0.18318889,0.4651789,0.8414237
0.36773887,-0.19883332,0.29491764,0.5405565,1.2623167
0.021543123,0.2686006,0.4414101,1.0571276,-0.03815762
1.0254709,-0.4690331,1.2348427,-0.27054226,-0.2660943
0.37070915,0.012157597,0.38153544,0.41725606,0.20613274
0.6189233,-0.16938385,0.97315127,0.31847173,-0.42280844
0.2344043,-0.21236834,0.82489324,0.26471686,-0.18717632
0.82021755,-0.22461113,1.0863627,-0.40685803,-0.7080953
0.1743178,-0.19296584,0.77004856,0.5611033,0.05489286
0.57894284,-0.20383057,0.55099815,0.2923565,0.20767719
-0.21222767,-0.049826466,0.5713948,0.6132964,0.105145685
-0.26676914,0.15662494,0.976222,-0.26715714,-0.77290416
0.6363319,-0.6050127,0.30147192,0.527075,1.4482318
-0.13882187,0.24222437,-0.2862572,1.5728077,0.9355398
0.6919949,-0.43433127,0.870917,0.42435086,-0.05576966
0.3038247,-0.08528408,0.7144445,0.9170628,-0.16929808
0.8793878,-0.34011778,0.8854321,-0.51792204,-0.29634365
-0.11228462,-0.34538683,-0.15380082,1.4612696,1.2540681
0.07982967,0.3333527,0.9133372,1.2907466,-1.3274362
1.1620536,-0.8622545,0.8853506,-0.46260935,0.74290586
-0.18500325,0.21650854,-0.26391038,1.6145838,0.76631796
0.82722205,-0.26907858,1.1385285,-0.25280035,-0.8868915
0.4372907,-0.18995222,0.60767746,0.9226962,0.25532684
0.4551762,-0.8200139,-0.38652658,-0.60275674,2.161585
-0.9651757,0.7762629,-0.6328541,3.6466787,0.8610192
1.5379959,-0.7503146,2.1398122,-0.38162398,-1.3440751
0.06767068,0.0943524,0.99515325,1.2119249,-0.750371
0.9895059,-0.66458166,1.3585048,0.29343832,-0.21559861
0.18362668,-0.096179806,0.20431349,0.98741484,0.6030354
0.18590227,-0.36770758,0.06896641,0.92677367,1.084466
0.08540849,0.21797481,1.1266952,1.8484408,-1.178854
1.3810556,-0.84658325,1.2982173,-0.7526248,-0.07951454
-0.21020368,-0.076739155,-0.11642418,1.4829396,0.68012285
0.23714426,-0.08197483,1.022671,1.5126524,-1.0809022
0.97137004,-0.62826335,0.8198197,-0.27594352,0.20738593
0.0683854,0.1850492,0.6814257,1.5256913,-0.53776985
1.1780978,-0.6137102,1.9372413,0.35243315,-1.00969
0.86073625,-0.37749705,0.7832856,-0.7427507,-0.2631921
0.26778457,-0.020925365,0.7614331,1.4455969,-0.3520837
0.28172097,-1.0321468,0.6308221,-0.64652735,0.24507922
-0.62697136,0.6168086,-0.40268493,2.712858,0.5608082
1.215963,-0.8997482,1.1400042,-0.11799322,0.21715388
-1.1743118,-0.4756492,-0.801562,1.3656069,1.3760248
-0.23516253,0.52410907,0.27597225,2.253163,-0.55253327
1.2747377,-1.1136645,1.5723763,0.2092901,-0.2725089
-0.33046302,0.40673557,0.464544,1.9718277,-0.73923576
3.0187116,1.3880259,-1.199314,0.88662815,-3.6527076
1.4634448,-0.8045262,1.0078218,-1.9198523,0.17000291
-0.6385045,0.61099356,-0.22794029,0.94354,0.40319693
0.8835409,-0.4663461,1.4453524,0.18609186,-0.13787419
0.0136524215,-0.076181255,-0.08746306,0.291731,1.2793359
0.34497425,-0.058769546,0.20152417,0.510824,0.7472514
-0.12390413,0.032234825,0.7016157,0.7517522,-0.20706311
0.3224174,-0.13195214,0.6754088,0.2812491,-0.13972199
0.5791018,-0.27744946,0.28924388,0.3229426,0.9687026
0.37087438,0.031455196,0.36363307,0.3829288,0.1339984
0.67716354,-0.22803482,1.0423355,0.46039528,-0.22147217
0.56445193,-0.18761334,0.7840178,0.22865869,-0.13528916
0.62876165,-0.23265299,0.780566,0.46601683,0.098522805
0.3763931,-0.030836426,0.65291584,0.83578044,-0.05843074
0.88018763,-0.34360108,1.1505527,-0.08567028,-0.49952513
0.17525408,0.025742687,0.4752024,1.3252332,0.31690156
-0.7410949,-0.5457538,0.3553993,-1.3675082,0.3150503
-3.8279595,0.9863192,-2.7508276,-4.03544,2.5147529
-0.71755797,1.2744457,1.4983177,7.682682,-0.72851276
2.780088,-1.847226,1.792152,-4.0047126,0.3061976
-2.11169,1.784113,-1.1577528,5.2633886,0.019619517
1.9044918,-1.3663906,2.3932602,-0.7843301,-1.4604089
-0.03609129,0.31679693,0.037645184,1.0444683,0.062148385
0.6736588,-0.94238937,0.6691133,1.335725,0.9590263
-0.2845007,0.44970337,0.23787704,1.8295836,-0.61153936
1.3535346,-0.9854549,1.0539701,-0.5448929,0.50408024
-0.3683131,0.29925886,-0.3160592,2.012577,0.48528937
1.0630156,-0.43608126,1.9362612,0.46432722,-1.4829923
0.8418719,-0.5888503,0.61820847,-0.12734215,0.4096409
0.037952878,0.17850462,0.38143578,1.4156895,-0.16844851
0.77524906,-0.7116574,1.5061399,0.59646714,-0.3768778
0.2688022,-0.039147697,0.77091885,1.0685438,-0.38672096
0.88199884,-0.8096069,0.40202442,-0.005859185,0.9896023
-0.21645966,-0.32947955,-0.61918724,2.791351,1.8986508
0.08252958,0.2646238,0.84257877,1.1434965,-1.222668
1.4477248,-0.8380836,1.3547013,-1.0912436,-0.11467812
-0.1637707,0.38929048,0.3753464,1.8520954,-0.3364811
0.63105476,-0.9500998,1.0093863,0.53795224,-0.59669816
-0.01983925,0.19083801,0.22455445,1.3596628,-0.1731
0.78846073,-0.52833253,0.8408132,0.6638864,-0.24462071
0.42977676,-0.11576589,0.7765541,0.8712466,-0.4401076
0.68565005,-0.33271965,0.67063874,0.35064518,-0.0870812
0.5446163,-0.3233975,0.49549207,0.7196279,0.3401901
0.6274937,-0.13214049,1.0863701,0.1960348,-0.915045
0.5355778,-0.21203455,1.3092132,1.4298298,-0.6011664
0.9301504,-0.65258443,1.3030287,0.10947706,-0.23406455
0.21591422,0.034936108,0.37485376,0.9745293,-0.015639998
0.46590576,-1.0408562,0.5434886,1.052879,0.53943396
2.837455,1.4834553,-1.0917106,0.5870828,-3.2100146
1.2990382,-0.7090372,1.1579043,-1.239196,0.1354132
-0.8367603,0.58782166,-0.57869965,1.3985652,1.4767207
0.72406465,-0.48668322,0.49899033,-0.41131514,0.97557956
-0.25259492,0.6164748,0.38812312,1.3607525,-0.85833526
1.3255002,-0.7214421,1.6581566,-0.40196228,-0.38212132
0.04034237,0.05335871,0.024374684,0.7874996,0.72609496
0.56291735,-0.19089875,0.49421972,0.2497759,0.32180455
0.37513265,-0.1248711,-0.18005756,0.53151834,1.5822728
0.2020767,0.23589435,0.55684066,0.92835706,-0.36641672
0.4862859,-0.38457093,1.2478566,0.7407392,0.17501998
0.46726134,-0.11156496,0.7269817,0.44512975,-0.00096733123
0.7001159,-0.20924029,0.71486014,-0.019446898,-0.0068417564
0.31527898,-0.03596481,0.14197227,0.43653613,0.58824694
0.24781874,0.07441107,1.195542,1.6340842,-0.44483775
1.2533787,-0.6941384,1.0044917,-1.0959427,0.16598406
-0.37119326,0.3695399,-0.1381419,1.5716374,0.48122904
0.8296003,-0.40526804,1.2170445,-0.06192522,-0.43612766
0.583842,-0.3457063,0.092119,0.24785419,1.1886232
-0.24818268,0.30114236,0.49886972,2.1679902,-0.19209659
1.1641089,-0.69542825,1.2539251,-0.3081681,0.015921317
0.1829445,0.060501732,0.29259434,0.8979775,0.09316521
0.74708086,-0.3292435,1.02968,0.30953586,-0.10739667
0.34043685,-0.17283377,0.69251895,0.97788495,0.08979025
0.67053205,-0.31168637,0.92668015,0.44077492,-0.14014462
0.69452834,-0.33406433,0.46231243,0.045928728,0.5054052
0.2912514,0.05345408,0.4655049,0.78565264,-0.07120893
1.091359,-0.6160372,0.80963635,-0.6748613,0.33865863
-0.3012897,0.18301311,0.023395648,2.09789,0.4592369
0.9742302,-0.4007357,1.7955048,0.46324342,-1.0568229
0.16142657,-0.84113777,-0.014581779,-0.00060741976,0.93885255
-0.5011795,0.7033068,0.13328043,2.1913714,-0.6657034
1.1132749,-0.99532306,1.3594425,0.33036786,0.34470505
-0.30837306,0.3683907,0.16006038,1.6067593,-0.07025651
1.209508,-0.800907,0.7550436,-0.7358211,0.69491136
-0.100164436,0.3391606,0.2829512,1.5448278,-0.23708603
1.2729089,-0.7962817,0.91350704,-0.8482817,0.44894
-0.912451,0.23881021,-0.11199672,2.1693258,0.6386657
0.5978222,-0.47619042,0.3173358,0.56761783,0.8029629
0.13318703,0.21390978,0.6280498,0.98906904,-0.74443257
0.9705477,-0.8651084,0.78237116,-0.11121903,0.4131775
-0.24386057,0.36249223,-0.07960472,1.4213444,0.12704623
0.87256855,-0.7927674,1.0313493,0.44561952,-0.010800965
0.20208171,0.093055405,0.29938135,0.77314675,-0.17657003
0.49349317,-0.37297186,0.75013375,1.0460812,0.007576816
0.35519937,-0.5255621,-0.09320138,1.1643265,1.5588633
0.2762936,-0.033978783,0.34123132,0.8539295,0.016838305
0.72686845,-0.50463134,0.6175675,0.24399109,0.29093897
3.6085281,1.5351921,-1.0980724,1.283701,-3.3039732
1.2183838,-0.702886,1.3859687,-0.75799066,0.076609306
-0.18161115,0.43084684,0.53579676,0.5436584,-0.6370223
0.90455943,-0.44773516,0.99432766,-0.4087168,0.17486787
-0.71318704,0.061247982,-0.60641617,0.17658557,1.5807059
0.20773938,0.24813,0.53875875,0.7073089,-0.40545222
0.84403485,-0.44464287,1.22266,-0.05946063,-0.11018307
0.6191674,-0.18524107,0.47444704,0.031105768,0.3221131
0.6354908,-0.17089304,0.7576574,0.27662677,0.034689747
0.5345952,-0.1953071,0.57359296,0.351192,0.19148082
0.6379754,-0.230481,0.37140307,0.021546375,0.56116253
-0.2503669,0.11220042,0.5214674,1.456071,0.40361178
0.54332954,-0.30534682,0.69945943,0.2629053,0.032229178
0.35494402,-0.06776746,0.5577891,0.5703952,-0.16893682
0.66101915,-0.41788992,0.65765476,0.09143616,0.44446483
0.25751314,0.0565416,0.1416733,0.85535556,0.6134377
0.7408662,-0.4036635,0.5470214,0.05119426,0.48571545
-0.14543334,0.14973941,0.54866576,1.4700619,-0.08159224
0.80507827,-0.31747994,1.3799926,0.2028208,-0.6492508
0.90294975,-0.3903645,0.7590017,-0.60961354,0.01627221
0.42986938,-0.047604404,0.41494045,0.4701081,0.2098802
0.37815675,-0.46557125,0.14744616,0.43821985,1.0731605
-0.625612,0.356167,0.08750524,1.5911771,0.22422963
1.1656473,-0.6202834,0.97515464,-0.73972553,0.107146464
-1.5638269,-0.030259453,-0.66342676,-0.12981658,1.2995597
0.09025506,0.32587114,0.549839,1.4905517,-0.40707445
0.57629424,-1.1209124,0.63390476,-0.5157033,0.5619222
-0.8864539,0.81427634,-0.43790248,2.1573038,-0.0005740896
1.2848551,-0.9655231,1.3765204,-0.12416355,0.041320406
-0.16348532,0.35656515,0.42150775,1.4594443,-0.6079267
1.3182642,-0.7957667,1.2106562,-0.6525482,0.0071299896
0.08036289,0.08067433,-0.07143382,1.2409768,0.7427036
0.4933392,-0.31554875,0.9836681,0.94658875,-0.6417032
0.49504277,-0.5458086,0.4000873,0.82991105,0.8087708
0.2248238,0.11452023,0.2971209,0.75714755,-0.07001019
0.11183558,-0.79461515,0.594031,0.30840683,0.2958748
-0.4433311,0.4285771,0.2480785,2.6389673,-0.16647625
1.2272032,-1.0282296,0.7927238,-0.5961537,0.6751602
-0.43536028,0.59426135,-0.12542406,2.1347742,-0.18258274
0.49772266,-1.1843389,1.2449774,-0.50460577,-0.26995584
-0.4839224,0.6168801,-0.116872646,2.1367235,-0.15949729
0.9629824,-0.6894845,1.0766958,0.42666203,-0.4958788
0.30631307,-0.5524033,-0.24216095,1.3937953,1.8125681
-0.08183207,0.25273147,0.3291369,1.8504845,-0.54651016
1.0856638,-0.8553928,0.944159,0.14715011,0.503133
0.10268191,0.2610356,0.6155811,0.8276156,-0.8307573
1.1110507,-0.751974,0.9016516,-0.17499356,0.32706276
-0.23036352,0.28975073,0.4861802,2.3727875,-0.4710743
3.066885,1.3830096,-1.3198798,1.2183332,-3.6360245
1.5827855,-0.64882696,1.7866651,-0.44861645,-0.52458197
-0.49701515,0.39664093,-0.03884817,0.55127835,0.3252331
0.53509086,-0.35708842,0.23561943,0.30092257,1.6384597
-0.06849273,0.34026924,0.56800073,1.3850423,-0.08527661
1.2233392,-0.6992167,0.8947666,-0.8430791,0.5795282
-0.07391258,0.254069,-0.3702114,1.208947,1.2346593
0.8475496,-0.22013363,1.4341023,0.00901885,-1.1155187
0.44769105,-0.28570113,0.7103058,0.47709668,0.48429373
-0.75392604,-0.24464545,-0.48399022,-0.5450404,1.4285663
-1.0208586,0.39983574,-0.23871818,1.6220858,0.5512438
0.68272233,-0.22277054,1.6065972,0.757834,-0.7753293
0.9538801,-0.53098613,0.5324304,-0.5732367,0.6612205
-0.11003908,0.374921,0.25594363,1.5025363,-0.21299025
1.2428156,-0.61757976,1.3416742,-0.68834084,-0.44132796
0.36607912,0.07825676,0.57797116,0.26909333,-0.4150819
0.75946766,-0.4314321,0.7786226,0.16871579,0.26127473
-0.030318461,-0.054845177,0.18770668,1.3565097,0.6140081
0.0752785,-0.56040937,0.26412755,0.4214909,0.42525822
-0.20757511,0.5413801,0.88613427,2.2599945,-0.95709336
1.3122311,-0.99235237,2.0439365,-0.23003678,-0.41108897
-0.2581024,0.25980058,0.2041238,1.822062,0.25878564
1.1898338,-0.57462865,1.2360443,-0.7887558,-0.4142686
0.087826766,0.058167614,0.27027187,1.4790647,0.37781945
0.8351966,-0.41685757,0.81693697,0.07966001,0.20461076
0.18133858,0.055502094,0.37183908,1.0653731,0.091120355
0.88434327,-0.55901223,0.76715785,0.05359001,0.3566354
-0.068929575,-0.30218777,-0.26440868,1.3661792,1.2783325
0.15822223,0.07968251,0.42117932,1.1135733,-0.17111045
0.46815255,-0.75283945,0.113703094,0.4632572,1.6009436
-0.7251608,0.75376093,0.48155057,2.8405054,-1.2998562
1.3398861,-1.209299,2.436334,-0.7544718,-1.2826922
-0.2328256,0.20086828,-0.44744426,1.534633,1.1399416
0.58380693,-0.2114385,0.99859035,0.7999563,-0.4757647
0.6660172,-0.4663652,0.56687903,0.27906775,0.37495267
0.3382589,-0.23954806,0.049734496,0.8154441,0.8737602
0.44147512,-0.0062101707,1.0515523,0.9217304,-0.99819183
1.3113736,-0.71285427,1.12192,-1.4456257,-0.2121355
-0.0249274,0.3538734,0.51585364,1.4291788,-0.6675629
1.0124857,-1.2118453,0.66825086,-0.053457487,1.0052576
-0.5713935,0.79100907,-0.022218147,2.0097053,-0.5675145
1.243071,-1.2804383,1.2849689,0.52468514,0.5196232
-0.60446334,0.22650304,-0.5144202,2.3078897,0.51291823
0.5001635,-0.674538,1.515052,1.1702038,-0.34732246
0.42927483,-0.31753954,0.50337815,0.7557687,0.1583595
-0.25150844,-0.7138938,-0.0049516656,0.83361286,0.31401405
-0.02537676,0.5060894,0.9328137,1.3064547,-1.7372667
1.7388709,-1.0884517,1.5077128,-1.3716564,-0.013301291
2.983869,1.3702351,-1.228565,1.1823105,-3.8444953
1.5287609,-0.70890844,1.4891169,-1.6045575,-0.53185654
-0.4796441,0.4191691,-0.19360098,0.6284321,0.5891769
0.7227053,-0.29355225,1.231871,0.26364487,-0.25098345
0.53885347,-0.14663872,0.8529744,0.11545463,-0.23093072
0.7547963,-0.2562898,0.75982386,-0.43540835,-0.1489757
0.086999394,0.048318543,-0.4504697,0.72305435,1.7789991
0.34070346,-0.17610726,0.10014155,0.4431215,1.0156341
-0.0908105,0.16443554,-0.17443079,0.90340036,1.1232612
0.6472605,-0.09864267,1.4898694,0.6962448,-1.0380518
1.0054187,-0.5487841,1.239449,-0.4511853,-0.14898434
0.52954835,-0.017990433,0.8056291,0.051381122,-0.58802956
0.98109823,-0.42374548,0.8660739,-0.84196776,-0.13413277
0.13169375,0.1099259,0.6078745,1.2143186,0.010888688
0.7451307,-0.3616279,1.5419236,0.2802086,-0.66391224
0.696108,-0.20893273,0.8277018,-0.042534996,-0.2187022
0.61818105,-0.16508755,0.9548689,0.46599323,-0.24058631
0.73372525,-0.4100698,0.4904355,-0.028575528,0.58940244
0.1611124,0.24139467,0.6100212,0.90766865,-0.7168728
1.0304701,-0.728423,0.9702204,-0.3889135,0.3613422
-0.49169168,0.59766835,0.38269114,2.519471,-0.15816545
0.9801332,-0.681805,1.0701517,-0.8134135,-0.1880354
0.095797576,0.245989,0.4312126,1.1241673,-0.22813395
1.1253088,-0.7097715,1.1283474,-0.25605565,0.17572868
0.34440598,0.07707182,0.53305894,0.28394777,-0.45023596
0.83359194,-0.47883448,0.84600794,0.008112084,0.032425366
0.19928291,0.009427704,0.2931368,1.0833963,0.31434074
0.4869881,-0.21185097,0.55881345,0.11798413,0.040106975
-0.048359178,-0.20987925,-0.03929154,0.55551517,0.9175397
-0.08977785,0.1995379,1.0655046,1.7928271,-0.7851102
1.3870087,-0.84453523,1.089703,-1.0893456,0.25494742
0.14709714,0.13191524,0.15909436,0.9522752,0.17771995
0.65544033,-0.76724946,0.40761212,0.69925225,1.2231144
-0.4319031,0.16230646,-0.4486747,2.1529331,1.1557853
0.69496894,-0.84769905,-0.23771197,-0.8448769,1.7487221
-1.3259699,0.9075123,-0.3584035,4.015949,0.11346988
1.7723701,-0.9840697,2.0511646,-1.1314206,-0.8818839
0.07351736,0.1102883,0.22892925,1.1183766,-0.03720347
0.8484033,-0.5086606,1.0363837,0.21695139,-0.2683388
0.47562143,-0.09840425,0.67569697,0.34445125,-0.27238962
0.6670861,-0.384528,0.85905814,0.4171282,0.13083431
0.5509436,-0.1315516,0.9002881,0.421723,-0.5954476
0.6575369,-0.45105395,0.93008614,0.81035167,0.07783916
0.5106252,-0.13101754,0.78234625,0.34708697,-0.44125277
0.7984956,-0.53616697,0.59223485,0.056298506,0.44997713
0.15555862,0.07499758,0.66283476,1.4027666,-0.41385636
0.96110237,-0.6974286,0.8503035,-0.1482312,0.35871136
-0.12939033,0.24345699,0.615952,1.9245639,-0.45742148
2.887446,1.4530069,-1.114686,0.8296829,-3.4579003
1.096491,-0.6763953,1.0305599,-1.431446,0.13569409
-0.6802768,0.755499,0.0786254,1.4749656,-0.18540803
1.1644306,-0.7058257,1.8060635,-0.29599464,-0.4461091
0.42110375,-0.087150894,0.2663931,-0.09292047,0.44749236
0.5372388,-0.037168823,1.0919272,0.5756017,-0.6322723
0.9619585,-0.57072335,0.43185982,-0.52704674,1.1101693
-0.08370837,0.341211,-0.18805292,1.3799696,0.8096247
1.0106633,-0.41791376,1.2224635,-0.39389777,-0.3619476
0.5732113,-0.11598285,0.60092103,0.052205276,-0.0020416155
0.6763274,-0.11973318,1.0687882,-0.04087292,-0.7459252
1.0256786,-0.4641002,0.8533425,-0.889749,-0.00854782
0.40220436,-0.13314185,0.046408378,0.4930585,0.99645334
0.036256827,0.32790723,0.4673401,1.2950306,-0.5197222
1.2377901,-0.65229833,1.5927905,-0.27723187,-0.33326516
-0.21074942,0.005565323,-0.0872779,0.93557775,1.0174369
0.47951046,-0.10908779,0.5777945,0.77418727,0.2845218
0.5554998,-0.3998774,0.35344124,0.29233682,0.7782241
0.21926627,0.17822328,0.6157476,0.6590084,-0.59131986
0.6423413,-0.61004573,0.17947009,-0.3986047,1.4849986
-0.33423564,0.32369915,-0.47366193,2.208891,1.4023288
1.0107609,-0.49323973,1.1357403,-0.14629374,-0.14610115
0.3167685,0.097623505,1.2194046,0.99096715,-1.0438935
1.1868547,-0.61660224,1.4199734,-0.40006614,-0.37613627
0.16001716,-0.17535147,-0.09639726,0.963121,1.1258221
0.08325306,0.099845566,0.2711671,1.1012267,0.16595122
0.2854022,-0.5366939,0.6912115,0.03336973,0.051308744
0.02791176,0.17597261,0.3876656,1.5135355,0.037897043
1.2278666,-0.5442398,1.7267774,-0.368469,-0.999477
0.09963403,-0.21123585,0.042091332,1.0696591,0.67642033
0.22152433,-0.34111676,-0.11868576,1.2807171,1.462055
0.45232233,-0.097984634,0.41985998,0.3455783,0.09541749
0.36602655,-0.31253275,0.83952045,0.9814156,-0.22451785
0.55457354,-0.25510725,0.8731503,0.5070593,-0.24510124
0.8594633,-0.39097485,0.63798624,-0.5503276,0.17939404
0.14635363,-0.06113466,0.1608248,1.4286556,0.68246245
0.6352905,-0.26182112,0.7207174,0.350299,-0.17907727
0.5668915,-0.22862133,0.7695174,0.2875178,-0.31323144
0.30093452,-0.20533499,0.29804614,0.6828144,0.5950565
0.42194238,-0.016242824,0.9309242,0.76551104,-0.7120122
0.79318464,-0.3340691,1.0532986,0.13949473,-0.49490562
0.51656824,-0.50603324,0.17986307,0.7662506,1.2533542
0.23297235,0.11516873,0.38475737,0.65662444,-0.19473779
0.7998299,-0.5170315,1.2916585,0.63288724,-0.4777136
0.30341038,-0.42219815,0.333386,0.88993853,0.65760523
-0.39572653,-0.48568186,-0.15119383,1.90349,1.0005232
-0.2220535,-0.017418228,0.13607767,2.2006161,0.383171
0.97750586,-0.54568464,0.803081,-0.5072395,0.06452685
3.087827,1.3987833,-1.1897937,0.9781387,-3.6963677
1.2435942,-0.55890495,2.019408,-0.122076616,-1.163164
-0.08381852,0.14387432,0.15356839,-0.03858142,0.33644006
0.6436318,-0.27094302,0.54606503,-0.12154947,0.57500374
0.19913271,0.24885479,1.0375259,1.1614372,-0.8445752
1.1857657,-0.7532805,0.6974402,-0.78424555,1.0497665
-0.5803719,0.49828354,-0.51623446,1.9707676,1.232133
0.92245245,-0.36240515,0.96025336,-0.21362256,-0.03574372
0.49174204,-0.04980024,0.5339921,0.0864106,-0.052056767
0.5408149,-0.16781744,0.6292174,0.37316287,0.2873635
0.29778776,-0.09352621,0.31675088,0.69181126,0.48964527
0.6353506,-0.1018494,1.0714371,0.23449661,-0.682927
0.45003548,-0.43824133,0.33740747,0.11715408,0.78703445
0.17572597,0.2591354,0.6078847,0.72318417,-0.61745703
-0.69111085,-0.7308048,0.2802038,-2.5889447,0.14791569
-0.9147711,1.0175973,-0.23106822,3.330143,0.012328558
1.6590089,-0.9624618,1.6728098,-1.2056043,-0.47902903
-0.064726375,0.33785406,0.26743045,1.2618226,-0.14898434
1.0310948,-0.6723708,0.86330384,-0.32755244,0.2857741
-0.086639844,0.10384623,-0.25131598,1.4387598,1.036857
0.3532242,0.15708509,0.74360156,0.57263553,-0.884755
1.1864805,-0.7330841,1.0835276,-0.4149953,0.31063476
0.061544873,0.35503212,0.93013257,0.9950132,-1.3821409
1.4220812,-0.81448257,1.339305,-0.95484924,-0.03368417
-0.050429486,0.28229538,0.37616688,1.517497,-0.16514528
1.018594,-0.4752272,1.1140447,-0.18203132,-0.34632164
0.5072769,-0.17672476,0.50772405,0.40754128,0.1437603
0.56839854,-0.17493662,0.6369817,0.3688513,0.06913944
0.615376,-0.19301829,0.99303716,0.49687243,-0.4124381
0.81007504,-0.37325796,0.70725715,-0.14767061,0.17329922
0.3579193,-0.12922463,0.29300544,0.82063884,0.49534598
0.25303957,-0.16647515,0.9592964,1.078469,-0.33341295
0.5091757,-0.29234824,1.5102485,0.8178025,-0.7960181
0.0011254326,-0.31350073,0.978094,0.8207588,0.42466274
0.43037882,-0.12606797,0.612165,0.8764413,0.060882233
-0.06821611,-0.3603762,0.320107,0.2647267,-0.06792385
0.36426416,-0.021910034,0.8384882,1.201858,-0.33897018
0.9166596,-0.61401063,0.69079477,-0.19483028,0.30687606
0.17831448,-0.05357202,-0.0036317506,1.1759984,0.7821012
0.3439341,-0.35529074,0.84880346,1.5209844,-0.004564412
0.09480248,-0.51834995,0.33602753,0.5121694,0.32988372
-0.23386952,0.017874874,0.053444527,1.9804332,0.13403556
0.42606172,-0.41669783,0.79566485,0.32204568,-0.47258592
0.6236034,-0.38530287,0.48759806,0.36973053,0.33962834
0.44753334,-0.057703815,0.5343398,0.54411274,-0.21996143
0.46241602,-0.42301354,0.98957855,1.491781,-0.009008475
0.50496,-0.51094943,0.33398566,0.7678655,0.69984114
0.117261685,-0.20223317,-0.022804776,1.5152231,0.8285271
2.9501722,1.3037616,-0.6760166,1.6817986,-4.037089
1.4299783,-0.7228464,1.0540771,-1.5862982,0.093613766
-0.79626095,0.7647115,0.11642333,1.6077428,-0.07263411
1.356625,-0.74089706,1.4695865,-0.90099996,-0.1296187
-0.4029288,0.2971107,-0.31433612,0.97949785,0.96790403
0.48087355,-0.04630264,0.85121626,0.57262766,-0.24738896
0.9111108,-0.44888672,0.832037,-0.39548117,0.3392783
0.19796363,0.15841547,0.2815118,0.8556919,0.26352355
0.61988336,-0.3219622,0.65170354,0.12389876,0.4552751
0.08592544,0.22953811,0.32978356,1.1210575,0.0888819
1.0312225,-0.47276434,1.2175841,-0.20762335,-0.29755536
0.09079579,0.028637089,0.33218783,1.1449738,0.5876748
0.6748992,-0.23219523,0.94143194,0.17207731,-0.38818416
0.6154899,-0.20224985,0.7940641,0.33148706,-0.025066562
0.51978636,-0.34927067,0.08381107,0.38750786,1.296292
0.21348467,0.08485619,0.36377066,1.0404145,0.21559301
0.1330168,-0.2256101,1.0934198,0.38636506,-0.717311
0.72905266,-0.25709328,0.6954119,-0.059391785,0.07841649
0.47921255,-0.24996218,0.2509856,0.53452384,0.76417804
0.53528863,-0.1704782,0.46633843,0.35775375,0.2867101
0.4368601,-0.14607129,0.88211673,0.90340036,-0.18142289
-0.050798737,-0.3324097,-0.045997,-0.48159242,0.8678772
-0.030667685,0.3525621,0.6326732,1.8918535,-0.30941743
1.2265499,-0.72035015,1.8199353,-0.1235833,-0.6374769
0.40028676,-0.014170967,0.5850707,0.32339305,-0.16241851
0.55613816,-0.33784804,0.42148057,0.49824733,0.7382941
-0.15956625,0.16562524,0.8484983,1.3132406,-0.54360795
0.8935733,-0.7656187,1.0729302,-0.09410851,0.05471223
-0.9149169,0.11223618,-0.089805044,1.5821271,0.8185915
0.7643418,-0.45565543,0.6224417,0.14536412,0.33540034
0.41153452,-0.040699802,0.4000471,0.44727176,0.08477404
0.83449817,-0.33909974,1.2508023,0.1937551,-0.5380689
0.68429196,-0.2606934,0.94237983,0.26783842,-0.2999727
0.22986189,-0.22505221,0.560015,0.83630955,-0.18775278
0.5385305,-0.62478477,0.49090436,0.6447362,0.432232
-0.8995648,0.13931337,-0.12170214,0.58249587,0.31826624
0.8653287,-0.4483455,0.8747465,0.3203541,0.1198365
0.4529319,-0.07669862,0.6194044,0.35591072,-0.35109067
0.9086625,-0.3749126,1.039301,-0.41136628,-0.49534467
0.30373332,-0.4215258,0.45690084,1.1469584,0.15040824
0.28979316,-0.07926401,0.5670166,0.996333,-0.38743916
0.57588995,-0.32508788,1.2430114,1.2621392,-0.43852255
0.91514754,-0.41657624,1.1136489,-0.20581375,-0.48901823
0.6305353,-0.21058258,0.77727664,0.14179607,-0.31051937
0.22126898,-0.67727983,0.2990569,1.0727177,0.6867483
0.038186945,0.29021087,0.5665704,1.0576705,-0.90903574
1.2163861,-0.7650298,1.3665856,-0.17339443,-0.15939099
0.38115957,0.061853565,0.75072205,0.24746473,-0.83447975
3.0450666,1.4197236,-1.2187288,0.8992265,-3.3675575
1.3622376,-0.65434873,1.4732207,-1.2396523,-0.48661125
0.0039480105,0.18179002,0.39489427,-0.5787717,-0.42120004
0.769485,-0.311529,0.8894751,-0.37506026,-0.06560329
0.45027706,0.017903484,0.9839014,0.349823,-0.5819564
0.94739753,-0.43088374,0.9510864,-0.4840688,0.011731349
0.41979447,-0.03398355,0.33410004,0.28932738,0.4250171
0.1826103,0.06285731,0.99902296,1.2530007,-0.253858
0.79489696,-0.4146832,0.59924495,-0.30795765,0.39695087
-0.15729943,0.17708364,-0.15286765,1.2964586,1.0074044
0.69480497,-0.24581131,0.60677207,0.13109781,0.35449547
0.37064782,0.17174068,0.9402451,0.5883141,-1.0757011
1.1861012,-0.5966204,1.4043846,-0.37365586,-0.33650097
0.3279086,-0.009087883,0.25931618,0.65959257,0.5056169
0.6423163,-0.15776572,0.86440235,0.10881813,-0.32670796
0.6245184,-0.26282486,0.9106894,0.4533949,-0.020464338
0.75394267,-0.281195,0.6433429,-0.30855364,0.10951369
0.48854396,-0.030164085,0.6558354,0.2971421,-0.22806308
0.5541004,-0.45555052,0.35674074,0.15236647,0.81960094
0.23862877,0.19326273,0.44730923,0.4349134,-0.38515922
1.0391694,-0.57078534,0.6990387,-0.6465313,0.5076877
-0.32073608,0.30031028,-0.09239448,1.1365964,0.53548425
0.6154248,-0.24468598,0.5286615,0.36214596,0.29515487
-0.48658726,-0.41883406,-0.74515224,-1.3198764,2.070028
-0.6730301,0.942474,0.5760731,3.489183,-0.754
1.7661041,-1.0414499,1.6473612,-1.5102067,-0.31148043
-1.2066,0.47554317,-0.87032956,1.3186282,1.2457055
0.7853515,-0.32825407,0.70246845,0.19773425,0.25693092
0.45165142,-0.103937946,0.4405562,0.52388656,0.04080444
-0.8039101,-0.70863426,-0.28674984,-1.7735994,1.1646821
-0.60468364,0.89220583,0.060046934,2.5288434,-0.53661174
1.3635557,-0.8685416,2.4621716,0.26102686,-1.3556969
0.56660986,-0.26322302,0.5737934,0.094203666,-0.088505514
0.10002831,-0.04699882,1.0468717,1.8692807,-0.405441
0.7368695,-0.90699136,0.58236635,0.106650546,0.4331317
-0.12513706,0.48737112,0.42512605,1.0384868,-0.9551271
1.339448,-0.7746142,1.4358515,-0.42747366,-0.27879903
0.23527548,0.06466929,0.51868373,0.9145589,-0.27850085
0.53794724,-0.32049355,0.6612844,0.85407114,-0.27473783
0.09502027,-0.2033132,0.90133846,0.693554,-0.47416925
0.06251369,-0.4167479,0.32425475,0.8345137,0.7087474
0.078351416,0.11732403,1.1637541,2.0034387,-0.85405713
0.7847845,-1.3750046,0.11156099,-0.87168056,1.8733675
-1.3371658,1.470831,-0.020867089,3.752322,-1.4793204
2.39358,-1.6003102,1.9588809,-2.235566,0.15094236
-0.8125205,0.6798488,-0.7711338,2.944274,0.86634356
1.0873798,-0.48731503,1.736125,0.5010168,-1.3353745
0.49567738,-1.1326903,-0.21841776,0.51973826,2.352043
3.2193336,1.2622195,-1.4918759,2.4087846,-2.075706
1.3628434,-0.6204241,1.2340108,-1.1905532,-0.24873722
-0.51904374,0.45026842,-0.31288937,0.7106311,0.8841608
-0.7456761,0.013969578,0.2536979,-1.226399,-0.4273856
0.30633685,0.06453339,0.51861805,1.176984,0.4411063
0.760096,-0.30796465,0.7508557,-0.13750736,0.13834825
0.18759581,0.12997928,0.30338186,0.53284603,0.10269462
0.5974354,-0.225386,1.0630499,0.37889653,-0.2226614
0.7834802,-0.25981602,0.78750414,-0.43529034,-0.19740665
0.48243192,-0.07481035,0.34689942,0.25869602,0.28946885
0.51575464,-0.03206905,1.0151988,0.5805899,-0.54635376
0.9642416,-0.43657956,1.0177583,-0.3048833,-0.13127291
-0.10333248,-0.12448724,-0.35906714,0.73179156,1.6302215
-0.17596099,0.27821365,0.61479515,1.843008,-0.23617509
1.2599814,-0.60431415,1.4856538,-0.6685218,-0.5596289
0.15608934,-0.08115228,0.23454356,0.9567028,0.28727362
0.54921377,-0.3800815,0.2865882,0.46743894,0.9005482
-0.11672815,0.2247316,0.31568465,1.6792297,0.11400183
0.10944233,-0.76239765,0.9740759,-0.66934204,-0.32129678
-0.12137195,0.33567014,-0.04230056,1.5779946,0.505852
1.0607412,-0.40522274,1.4021196,-0.1276667,-0.8735982
-1.2072421,-0.8804029,-0.8928502,-1.630299,2.0213482
-1.3735745,1.0896021,-0.9824374,4.509583,1.1275157
1.6118524,-0.87417305,2.0472903,-0.5525778,-0.90497285
-0.087554835,-0.15862879,0.036376227,0.9969467,0.7917456
0.5035168,-0.18816409,0.6259768,0.46252942,-0.12986761
0.62570375,-0.2607697,1.0724257,0.7685539,-0.30929556
0.633463,-0.4451793,0.429968,0.44208688,0.8788309
0.11783371,0.21518293,0.32969692,1.0314137,-0.16874668
0.9319228,-0.69833696,1.1661018,0.2679053,0.16770396
0.3037571,0.10478083,0.583996,0.43060774,-0.5006435
-0.42147645,-1.1632127,-0.12370155,-1.5486056,1.1297216
-0.66803205,0.8638555,-0.15076914,2.7109754,-0.19092077
1.7103822,-0.9921092,1.6099273,-1.4222897,-0.36547035
-0.596276,0.14376226,-0.6234318,2.071348,0.95532376
0.5079428,-0.09947952,1.0570482,0.86019033,-0.8134435
0.73882717,-0.41289744,0.79823333,0.2708577,-0.045869477
0.7334161,-0.36740002,0.71934307,0.21718152,0.112058096
0.6107685,-0.2942079,0.51004285,0.3841306,0.1748912
0.33284155,-0.16788897,0.4872147,0.88060534,0.23410043
0.49754992,-0.58815175,0.17454433,0.8053497,1.0357015
0.032635666,0.27583423,0.42331973,1.2872081,-0.5317027
1.1471133,-0.8673781,1.3453498,-0.0016263016,-0.32729134
0.19220456,0.19004169,0.5705828,0.5412272,-0.7096873
0.92591965,-0.7831615,0.6673477,0.46166593,0.9434409
-0.36949345,0.22526327,0.23119536,2.4713356,-0.16834134
1.0837262,-0.71225584,1.4676641,0.10260256,-0.53701013
0.27250096,-0.11020359,0.42668208,0.96222407,0.23239437
2.8585124,1.4048249,-1.2087917,0.59301317,-3.516417
1.1536021,-0.5383151,1.6208683,0.0942253,-0.22560337
-0.02547314,0.13676706,-0.059812225,0.08168991,0.7604617
0.11749951,-0.022298656,0.41798174,0.6052771,0.5562224
-0.07037278,0.10049883,0.56549627,1.121327,0.34504384
-0.4971328,-0.39452252,-0.02795873,-2.4680262,0.873978
-0.63994896,0.57806796,-0.6254516,2.6701317,1.5640662
1.1527348,-0.54182464,1.1278536,-0.62299275,-0.1572718
0.32244745,0.05672995,0.45950952,0.5781745,-0.10526971
0.41960672,-0.20360169,1.381672,0.710755,-0.868391
1.014158,-0.41632113,1.17819,-0.57847273,-0.4784154
-0.016533516,-0.0049370155,0.7420449,0.9115573,-0.19323137
0.43602648,-0.24397787,1.2848556,0.7079108,-0.69015574
0.17874256,-0.05982574,0.93232733,0.16808636,-0.56602794
0.85398334,-0.4071754,0.5353103,-0.3963427,0.44434643
0.25232986,0.17139259,0.8634505,0.9554656,-0.88732535
1.0941415,-0.6944388,1.400926,-0.054543246,-0.1026916
0.3752065,0.005260147,0.51480776,0.4112234,-0.19154432
0.5667701,-0.5134719,0.646066,0.7830425,0.6211833
0.29724702,-0.006961189,0.2874823,0.685993,0.24156511
0.834363,-0.43977436,0.65551263,-0.17286335,0.2668769
0.021033682,0.10923687,0.1367481,1.4739624,0.45792493
0.50577986,-0.40278134,1.465757,0.854378,-0.6400809
0.22836486,-0.35845932,0.34499514,0.23042108,0.49312308
0.3179163,0.056181587,0.54212904,0.6224663,-0.31181145
1.0174199,-0.5557578,0.8190649,-0.5248752,0.19003576
-0.12761793,0.031562485,0.30794805,1.9734721,0.19938108
0.8337071,-0.4940146,0.6149299,-0.13804828,0.40556762
-0.22617784,-0.04063066,0.31263033,1.8561139,0.17648405
0.8630156,-0.41487154,1.2117943,0.1866249,-0.59701884
0.5074221,-0.27006087,0.6778034,0.74652797,0.09215575
0.6053937,-0.18352446,0.8452288,0.24531879,-0.43854156
0.55829483,-0.39659438,0.60934335,0.3314615,0.18470237
0.40231076,-0.32165942,0.15197101,0.77803266,0.80650467
-0.5967829,-0.065228306,0.5984245,1.3403295,-0.7449693
0.7193983,-0.6947702,0.3523501,0.8038076,1.370631
-0.0047976,0.42030635,0.7577231,1.1673753,-1.3415947
0.88350964,-1.3195413,0.9407089,0.17735465,0.8161439
-0.9999021,0.8114821,-0.20641452,3.405131,-0.26706704
1.7981701,-0.99582136,1.9903097,-1.1763439,-0.7796662
-0.028239392,0.27397695,0.4008036,1.4301131,-0.5010151
1.1848795,-0.8679646,0.8655541,-0.5088544,0.47218794
-0.37306455,-0.19164738,-0.5190532,2.2307734,1.620915
0.131874,-0.28207716,0.36694673,1.6237499,-0.1243994
-0.12596443,-0.6160944,0.6080846,1.5326642,0.4433171
0.26251242,-0.031895004,0.67151755,0.88760966,-0.5095861
0.55367357,-0.38521704,0.69406253,0.8098678,0.0034447536
0.6043673,-0.12687382,0.9036023,-0.050961424,-0.7698057
3.0590143,1.39314,-1.0850799,1.1421,-3.9809968
1.0925757,-0.5243104,1.7058966,-0.26211977,-0.9063038
0.28858653,-0.0736421,0.28219357,-0.47505623,0.5319373
0.29602537,0.109351315,0.7121178,0.42531466,-0.4319325
0.948106,-0.38665947,1.0160006,-0.7794285,-0.36894816
0.24425516,0.12071196,0.88323396,0.7212762,-0.5190887
0.9451808,-0.49378332,0.6530444,-0.44246578,0.6622308
0.050189473,0.17726246,-0.182677,1.1315395,1.1815587
0.4665191,-0.11442598,0.9958967,0.53382164,-0.5087737
0.6477374,-0.30126032,0.7433966,0.009951185,-0.06394217
0.40554515,-0.060631596,0.2792774,0.49271035,0.4936909
0.30920324,0.033956207,0.60060227,0.9824601,0.03448146
0.76948625,-0.22102293,1.0217226,-0.06644724,-0.5981493
0.68097997,-0.2136558,1.2663054,0.4770475,-0.46170998
0.6357511,-0.46420273,0.21133038,0.21268113,1.4270443
-0.5809502,0.39930406,-0.14320922,2.2025633,0.6882746
1.066877,-0.49809632,1.2952173,-0.20723979,-0.34125444
0.41003373,-0.023772083,0.6302112,0.40678596,-0.345186
0.5926477,-0.13753113,1.5406371,1.0512818,-0.914249
1.1003149,-0.61819726,0.84416705,-0.7106874,0.47496396
0.013321973,0.29311243,0.3767184,1.3979534,-0.07058752
1.1176534,-0.5330127,1.1996268,-0.5638563,-0.3211611
0.36411896,0.029290356,0.9268387,0.79762745,-0.52956104
0.6561513,-0.66820323,0.9449347,0.0059386007,0.46104753
0.13277522,0.07763211,0.08354493,1.073292,0.52763844
0.7900579,-0.5211323,0.41388723,0.0037946217,0.8563625
0.20630494,0.20426336,0.54404294,0.55546796,-0.61740345
1.0985775,-0.54260427,1.4813933,-0.019810785,-0.539125
0.1325011,-0.032646023,0.15059957,0.9107076,0.27790323
0.5872679,-0.2246469,0.5881817,0.357441,0.16297555
0.59616494,-0.10343965,0.992014,0.19054307,-0.7072587
0.3320054,-0.42194065,0.5946703,0.17302145,0.28523913
0.11337266,0.1621038,0.57345706,1.2841003,-0.29831937
1.0135435,-0.55398875,1.6361008,0.30361336,-0.7066425
0.74309045,-0.25488314,0.8572762,-0.27799505,-0.38062182
-0.60418546,-0.5239957,0.14895973,0.44909513,0.90478224
-0.21845737,0.63899815,0.78738296,1.9643435,-1.5030562
1.7605791,-1.1718196,1.3362038,-1.6213789,0.28400755
-0.3934572,0.7088262,0.20560226,1.484226,-0.93063986
1.5871226,-0.9344739,1.7961458,-0.66930073,-0.43030336
-0.63979,0.16714159,0.03665482,1.1655245,0.25526375
0.7730173,-0.6643194,0.4903902,0.5076061,0.88952965
-0.24699733,0.22996011,0.33758923,1.849857,-0.15487605
0.8947887,-0.9864801,0.7188635,0.16607024,0.64687103
-0.28127757,0.35934272,-0.13464704,1.6231459,0.19800603
1.0935332,-0.63343704,1.285526,-0.03765892,-0.3438801
-0.2420406,-0.32437977,-0.5734942,1.0581564,1.6347511
-0.0017597303,0.3784329,0.5491969,1.1057724,-0.888824
2.6942062,1.352728,-1.3208265,1.4294621,-3.3303714
0.8148878,-0.53882295,1.210373,-0.64605135,-0.031855382
-0.020860635,0.31036678,0.5729712,0.22182156,-0.47590816
1.0015734,-0.42696175,1.4048399,-0.29939747,-0.54482746
0.12695733,0.050614513,0.22066775,0.7536818,0.58212274
0.7145292,-0.2074903,0.82452124,-0.08420293,-0.16756177
0.5507909,-0.15428004,0.29021385,0.173405,0.6857665
0.52726024,0.0032335892,0.97492075,0.40245867,-0.75600165
0.8958664,-0.5358713,0.6005694,-0.2573322,0.7755769
0.15881178,0.18929544,0.10956838,0.86396295,0.4401703
0.7846155,-0.10813173,1.7810067,0.6636307,-1.613768
0.6203052,-0.6473726,0.22349218,-0.81504804,1.357253
-2.9262893,0.8050519,-1.6524299,-1.1114581,1.737054
-0.4799082,0.8883673,1.8409283,4.150099,-1.6546185
2.115836,-1.286127,1.8378525,-2.2323694,-0.3167084
-0.45179132,0.78947365,0.11654564,1.5928352,-0.8446971
1.5669827,-1.0351843,1.4317274,-0.93658805,0.08595031
-0.61196727,0.30938688,-0.7365255,1.6532974,1.2421248
0.7504204,-0.18266854,0.9998627,0.00014198944,-0.6725169
0.3380536,-0.23148951,0.50451857,1.2369249,0.5633111
0.11022214,-0.25768456,0.7593828,0.97395104,-0.14839664
0.43159422,-0.7280439,-0.46520677,0.14046444,2.701424
-0.41032383,0.7139617,0.2661111,1.8063794,-0.9197937
1.6094767,-1.1188787,1.3140546,-0.99817336,0.33431137
-0.37783977,0.64009964,0.12032815,1.5820308,-0.5863183
1.1437225,-1.0923141,1.2018278,0.16227992,0.56547004
-0.15924957,0.44370714,0.24674556,1.2778533,-0.5677202
0.9401452,-0.6179326,1.263836,-0.112115964,-0.46777368
0.2098485,-0.077571236,0.4388722,1.272863,0.19613576
0.7997035,-0.52441293,0.53661835,0.1296639,0.60631096
-0.24455902,-0.0964516,0.3387472,1.2679929,0.29857132
0.19456527,-0.6441659,0.66402614,1.1281661,-0.08549268
-0.16860351,-0.09358581,0.17800409,1.6755259,0.41813838
0.70494246,-0.21560606,0.788657,-0.10714547,-0.33334726
0.6915756,-0.33047614,0.7129547,0.31243712,0.0662865
0.11009071,-0.61913186,0.069878064,1.292985,0.8914492
0.17952487,0.1103336,0.43184227,1.1084907,-0.36600274
0.69903696,-0.60021335,0.8963697,0.91780436,0.1703996
0.29452834,-0.25662598,0.3393276,1.0225545,0.19778824
0.21076098,-0.10992464,0.3958665,0.6998325,-0.05523122
0.6831742,-0.45511422,0.61457205,0.66416967,0.4395169
0.5221183,-0.1895779,0.5728478,0.3957435,-0.11270068
0.5981414,-0.26275572,0.81996125,0.6062724,-0.23714826
0.53581685,-0.2626842,1.2054513,1.0976017,-0.5577621
0.8069308,-0.39410767,1.3433475,0.60620946,-0.5108998
0.5422055,-0.4268354,0.6754518,0.68975186,0.28015205
0.5652167,-0.15782294,0.6507879,0.11452623,-0.26024494
0.61224425,-0.520932,0.79089254,0.9924286,0.14915505
2.4683583,1.4958626,-1.1168876,-0.27284753,-2.434409
0.8407917,-0.44691262,1.6809264,0.5615124,-0.38847715
0.11931697,-0.014986359,0.3567985,-0.14425598,0.56551754
0.58097184,-0.108756386,0.87769157,-0.3218522,-0.50666744
0.46077004,-0.23889479,0.531179,0.38907355,0.56948197
0.5216251,-0.04768785,0.68313855,-0.0036758669,-0.32359487
0.58797383,-0.18536505,0.6047375,0.45780677,0.50104237
0.40310934,-0.11446651,0.1611085,0.6678931,1.0371655
0.4683716,0.02269093,0.82331795,0.46627057,-0.47579667
0.83237153,-0.268082,1.0937488,-0.120843336,-0.6245414
-0.020460092,0.040016808,0.49959564,1.3674834,0.68996257
0.57047385,-0.23777422,0.6058881,0.57445496,0.5594841
0.43805298,-0.12961802,0.7906972,0.6813589,0.12543523
0.7939732,-0.2807897,0.77584517,-0.321209,-0.067011185
0.44793263,-0.19545254,0.17125615,0.38105035,0.84184456
0.5254165,-0.10416921,0.53022885,0.2759049,0.05448752
0.777785,-0.23238358,1.0103178,-0.17216115,-0.50336766
-0.2812012,-0.26923832,0.24671838,0.12807263,0.6237182
-0.9952383,0.27215067,-0.18712598,0.5055821,0.6385775
0.65072393,-0.12361463,1.096062,0.7117365,-0.55493593
0.64828813,-0.22763428,1.0212797,0.26428413,-0.678661
0.55224913,-0.71367204,0.35432288,0.04807074,0.7539192
-0.41460088,-0.0727671,-0.43977278,1.3879279,1.0963212
0.474023,-0.0014561042,0.68301624,0.3255095,-0.42979085
0.6868479,-0.33068594,1.1924542,0.4221341,-0.3962763
0.3080329,-0.43710646,0.65215653,0.68565273,0.4915674
0.09806941,0.096176304,0.9087455,1.270125,-0.5367967
0.9119357,-0.71982324,0.80411154,-0.15159665,0.22383812
-0.3506116,0.013371147,-0.20724916,1.9196111,0.66740865
0.5651341,-0.6624311,0.6086095,0.46276546,0.3670187
0.038240768,0.2341086,0.42267194,1.3255184,-0.34494227
0.8352104,-0.9944624,0.8578566,0.064707235,0.283145
-0.20126781,0.55134124,0.8864689,1.7722449,-1.4598109
1.170117,-0.83922803,1.2566595,-0.19398843,-0.39009246
0.045596994,0.16956869,0.50277454,1.3659983,-0.2553843
0.8040907,-0.7642621,0.8358059,0.09758879,0.28662196
-0.061952613,-0.16827998,-0.19265535,1.5756243,0.9454011
0.5000934,-0.08230861,1.0753074,0.9568346,-0.8484921
1.0112591,-0.67552745,1.1046518,0.0656081,0.16445518
0.27702835,-0.27077374,0.14485785,0.9543346,0.5221322
0.48857275,0.01489941,0.887333,0.0946541,-1.0199602
1.0350238,-0.64848125,0.7426916,-0.36014485,0.49112058
0.0724021,0.24771991,0.67772925,1.3959334,-0.70603406
1.3446362,-0.7318038,1.5018398,-0.66565204,-0.51946205
0.33464023,0.046168007,0.39800295,0.38031274,-0.15553722
0.8743372,-0.65525234,0.54025024,0.0816132,0.74144006
-0.43082914,0.006206669,-0.11506916,2.699933,0.5089798
0.6049794,-0.44962344,1.4851073,1.0117736,-0.73480207
2.1231947,1.1380607,-1.5119646,2.153071,-1.0320504
0.9567227,-0.29551205,1.0036695,-0.40699965,-0.5081808
-0.19066092,0.15732828,-0.12303621,0.361548,1.1068558
0.32505348,-0.035898052,0.33935422,0.48653018,0.71521556
0.23756358,0.200277,1.3179934,1.18769,-0.8819764
1.3164229,-0.71106374,1.1194886,-1.2560468,0.08777391
0.008949794,0.3345162,0.28827164,1.0051903,-0.07188738
1.0785141,-0.5051988,1.176041,-0.2770037,-0.20010576
0.5239933,-0.09096082,0.47034517,-0.04684459,0.07468631
0.51594865,-0.08003887,0.58863693,0.4735129,0.08499702
0.8466672,-0.27900872,1.0079758,-0.40378368,-0.51066124
0.70238024,-0.30416426,0.54779035,0.02695353,0.4443663
0.38338384,-0.0036543235,0.5601311,0.49210256,-0.18965417
-0.373037,-0.33718047,0.46593243,-0.23174803,0.75807804
0.21779302,0.1566321,0.55374897,1.3104279,0.095332794
1.0740693,-0.5836981,1.0282123,-0.4340846,0.027811043
0.13495317,0.20131889,0.47488928,1.0274895,-0.38122508
1.1510336,-0.5645054,1.1545023,-0.7134608,-0.1826536
0.14918873,-0.008980595,0.0116341915,1.2143422,1.0932262
0.27402928,-0.13174948,0.5598882,1.1606601,0.22694689
0.7884207,-0.29725966,0.6755588,-0.49860066,-0.039843805
0.23345551,-0.20798859,0.2915083,1.0297791,0.7916194
0.35448465,0.15553775,1.1316736,1.1715846,-1.1591444
0.9364239,-0.79861104,0.74017125,-0.105032966,0.7468754
0.082001366,0.2241117,0.07950648,0.8767324,0.20001027
0.84259164,-0.47110257,0.76151186,0.23700054,0.4204987
0.16566607,0.118048824,0.5084551,1.1780343,-0.17844635
0.33729258,-0.79868734,0.6042285,0.1752146,0.6257414
0.15546349,0.25094572,0.44870105,0.60488373,-0.5443564
0.5882229,-0.5031555,1.5171878,1.1147121,-0.1573349
0.6632509,-0.30594525,0.48149565,-0.11838071,0.25560772
0.3866057,-0.0029509887,0.627778,0.658851,-0.2261107
0.7622477,-0.36862788,0.697148,0.037221026,0.17667505
0.13823387,-0.16677079,0.3897539,0.67070585,0.09750902
0.48506048,-0.15792546,0.8771904,0.8308611,-0.17161259
0.7400313,-0.35237965,0.77544767,0.20042701,0.09340202
0.34933767,-0.15958008,0.69269735,1.064842,-0.10533539
0.317323,-0.8632821,0.31350857,0.5632099,0.6200217
-0.283259,0.6157381,0.77421665,1.9131535,-1.4082677
1.4218397,-1.2197226,1.2779112,-0.30861068,0.5581834
0.010003723,0.2822596,0.17426631,1.0246375,-0.18356109
1.1174794,-0.77415884,0.75387603,-0.40254056,0.62781566
-0.27701554,-0.09976085,-0.38218236,1.9094989,1.1108668
0.4295915,-0.33009228,0.7044905,1.2074245,0.11740532
0.64700264,-0.1448935,0.9554482,-0.118235156,-0.76353204
0.87679553,-0.4481047,0.93845636,0.07763405,-0.047514178
0.32899883,-0.23802456,0.18408385,0.63360125,0.55298567
0.0386701,-0.22302088,0.8145921,1.329114,-0.011439659
2.9754076,1.3714725,-1.2769755,1.17591,-3.5907555
1.3200366,-0.528385,1.5995187,-0.34328216,-0.53257644
-0.641446,0.3319246,0.44090217,0.7499013,0.50971615
0.83687514,-0.37983117,0.6852971,-0.23829602,0.65194774
0.13486305,0.23794714,0.86716735,1.1432998,-0.51273376
1.1253026,-0.6537479,0.8940067,-0.5533469,0.5996622
-0.25882712,0.48755231,0.12010958,1.4351603,-0.10933954
-2.381481,-0.32948193,0.40026453,-6.289543,-0.71551335
-0.9569201,0.66524327,-0.81232804,4.1430216,2.3179064
1.0677245,-0.6910151,0.8979195,-0.34348673,0.24544308
0.05359409,0.3175861,0.4932905,1.1592696,-0.5422433
0.94442475,-0.56876117,1.0465099,0.14029135,0.13306671
0.32176402,0.09361807,0.40341625,0.45999992,-0.12144447
0.8388115,-0.3432339,0.7797647,-0.3078298,-0.0057467297
0.1283004,0.06698672,0.5962563,0.8792619,-0.33687952
0.5850311,-0.597586,0.46699527,0.18700452,0.8682782
-0.2513332,0.25357547,-0.0724423,1.9311099,0.78056455
0.801914,-0.25595126,1.803016,0.94288105,-1.3422575
1.2510581,-0.6606144,1.012003,-1.3945262,-0.12716159
0.084183075,-0.027281605,0.19862387,1.3486694,0.59749633
0.7276107,-0.24287161,1.0205911,0.18019296,-0.5577915
0.4320248,-0.013171993,0.93661547,0.84010774,-0.71210724
0.8132331,-0.5985468,0.82499236,0.16146363,0.4742449
-0.17150494,0.17384353,0.4180582,1.6630594,-0.16423693
1.0833356,-0.54354364,1.3617651,-0.1635754,-0.5933163
0.1748986,-0.31907973,0.40710023,0.7244076,0.48094124
0.45501223,-0.043618046,0.79831773,0.6471339,-0.4828854
0.6733158,-0.5626815,0.92566884,0.6617916,0.06894671
-0.5662628,-0.12153562,0.5257725,1.3164468,0.30602995
0.6205217,-0.35108027,0.68558985,0.4030035,-0.029945351
0.66105294,-0.22201237,0.622752,-0.16767256,-0.13299885
0.5592624,-0.19490418,0.91446686,0.8022773,-0.35177344
0.58124596,-0.5184763,0.7129315,0.9122654,0.45972866
0.23159924,0.039923824,0.9100694,0.9421592,-0.8050125
1.1473386,-0.6182831,1.2520633,-0.45832926,-0.24273401
0.0509843,-0.11153396,0.28534076,1.5256205,0.34645
0.7381187,-0.22496876,1.104491,0.03435124,-0.89321274
0.12270407,-0.65246284,0.114126645,0.514455,0.56080556
0.0453066,0.35879675,0.4876292,0.7347066,-0.8625157
1.1721573,-0.9008497,0.74043226,-0.2892893,0.8754205
-0.23297581,0.3093249,0.23808372,2.0527875,-0.18356022
1.2998104,-0.8005518,1.4864272,-0.22060524,-0.24056989
0.047359385,-0.12892184,0.024743875,1.0629891,0.44895124
0.6328021,-0.28129992,0.8106239,0.50295424,-0.26427588
0.14807597,-0.294587,0.5450758,0.6359557,-0.06293271
0.24029353,-0.5461233,0.4117491,1.2193561,0.31134605
0.1481398,-0.0028365478,0.6536548,1.5253923,-0.4884141
0.8291872,-0.5677503,1.0486379,0.37923682,-0.22217742
2.9501166,1.4553314,-1.2294728,0.66554654,-3.4259992
1.3820332,-0.61651164,1.1851633,-1.4765521,-0.30461988
-0.53132665,0.67843974,0.62477916,1.6562104,-0.48710388
1.2666342,-0.8156985,1.0962873,-0.89622223,0.8091364
-0.41510782,0.58646506,-0.043599524,1.6053942,0.15314278
1.1889701,-0.6405419,1.0702242,-0.35743636,0.50012535
-0.20768401,0.35543504,0.42859656,1.3024932,0.028151564
1.0475821,-0.60669595,0.90202135,-0.47992837,0.41319478
0.1997911,0.29206577,0.8607082,0.75944495,-1.1014199
1.3231621,-0.72385967,1.1124926,-1.066877,0.13658082
-0.17851946,0.42933527,0.11362948,1.3838661,0.11200883
1.3885646,-0.733518,1.233204,-1.3200121,-0.16480389
-0.06374755,0.40248695,0.30107215,1.2960337,-0.30404687
1.1542143,-0.7068008,1.1543448,-0.4763741,0.1405772
-0.22524908,0.3024918,-0.056045003,0.83059555,0.2825262
0.7074033,-0.39718565,0.926948,0.4187588,0.047837846
0.5748811,-0.15093026,0.40687826,-0.10276507,0.22261086
0.3033528,0.13481441,1.2149018,1.306024,-1.0822228
1.3996221,-0.8203238,1.097828,-1.2223096,0.21156725
-0.013478123,0.38824382,0.18910417,1.2071471,-0.18032354
1.0581502,-0.6074303,1.1391898,-0.1514983,0.032576613
0.4266688,0.024560131,0.5750833,0.009292256,-0.44402102
0.48167965,-0.39289173,0.8946121,0.6441933,0.26832715
0.42252943,-0.09872373,0.36897275,0.50338894,0.33605805
0.557321,-0.13104853,0.89183235,0.50566274,-0.40126398
0.7516596,-0.3690022,0.5079415,-0.13041256,0.4819118
0.054196157,0.14777246,0.4519128,1.574574,-0.032789655
0.69958645,-0.5279129,1.0975721,0.33467746,-0.08390502
0.16558972,-0.12468275,0.39202794,0.94605374,0.13555494
0.48395523,-0.24785933,0.6725968,0.5821556,0.08167564
0.36355194,-0.20885405,0.36916697,0.96517056,0.52364814
0.3179789,-0.46854195,0.104152255,0.7532628,1.0566815
-0.44844678,-0.011522137,-0.15402052,2.0903466,0.54388237
0.7500411,-0.3934234,0.915921,0.32626283,-0.060421146
0.59203184,-0.123912655,0.76665163,-0.12882327,-0.49505427
0.6916419,-0.3063577,0.88666934,0.4611624,-0.16159919
0.3268985,-0.34849104,0.54651463,0.9566812,0.29662153
0.6306417,-0.1666039,0.69609535,-0.27627397,-0.3626226
-0.13687924,-0.28944668,0.7450421,0.85617775,-0.114998765
0.25922546,-0.142948,0.50186175,1.2263781,0.12566254
0.76049155,-0.2405065,1.3659525,0.37809402,-0.89277714
0.693169,-0.48627076,0.9216134,0.12656595,-0.12927559
-0.3267655,-0.07227834,0.5562699,1.9818474,0.22435409
0.6641722,-0.3736728,0.93969303,0.3600669,-0.1604281
0.42580888,-0.15808043,0.5462026,0.82966715,0.1276538
0.665698,-0.3561872,0.869327,0.35356218,-0.20375124
0.33563408,-0.16377863,0.41560918,0.96896285,0.30896327
0.80086756,-0.26814637,1.0516831,-0.37803626,-0.7511773
2.5130327,1.4261657,-1.5495127,1.2459984,-3.3362796
1.4646915,-0.56214267,1.705904,-0.5611616,-0.87848306
-0.1312128,0.16869369,0.26917675,0.0713575,0.17998174
0.80660284,-0.33327755,0.8404457,-0.69189906,-0.06617198
0.3897625,0.06805722,0.84931874,0.43927217,-0.56646353
0.9538613,-0.4769009,0.7716255,-0.49258572,0.45758268
-0.2855396,0.2061111,-0.3549817,1.0941103,1.545964
0.5931321,-0.15549836,0.87219787,0.571538,0.08871769
0.40543625,-0.10443147,0.9535626,0.608678,-0.025871195
0.467931,-0.18678841,0.6961429,0.5813806,0.1268388
0.63205737,-0.13401446,0.95362604,0.26597178,-0.5019944
0.6294138,-0.27334628,0.5643819,0.35982102,0.5413129
0.38736674,-0.14296469,0.4723542,0.5739219,0.4417519
0.5911031,-0.20398793,0.5653145,0.32780296,0.26205084
0.4136674,-0.080270134,0.49993142,0.44603652,0.0014923736
0.7914473,-0.23746666,0.9837185,-0.39020187,-0.62083286
0.61883694,-0.21114048,0.9622029,0.5125412,-0.1641047
0.43438676,-0.08823808,0.60656196,0.65041476,0.07407787
0.8224193,-0.40097174,0.5704152,-0.1715986,0.49124417
0.28011504,0.116289295,0.5085621,0.60878223,-0.29243112
0.63128257,-0.3462523,0.816604,0.1756847,-0.009259112
0.19076511,-0.019285046,0.38795948,0.48850304,0.13114372
0.5372325,-0.22088227,1.035937,0.6270493,-0.6120744
0.6603983,-0.33748326,0.55620533,0.1873094,0.4321058
0.2530183,0.075984634,0.9306846,1.2504044,-0.61767393
0.53075,-0.7034248,0.81310743,-0.019887496,0.42010114
-0.40960285,0.19990745,-0.36355293,1.6268104,0.80744845
0.5836054,-0.18588004,1.062962,0.6514238,-0.81303984
0.6068194,-0.35138306,1.1286459,0.28185493,-0.3940361
0.18691114,-0.2993172,0.57910085,1.1220509,0.2849107
0.5072293,-0.46125588,0.35543498,0.45591062,0.5482988
0.10494999,-0.15222725,0.054409407,1.2764468,0.52739215
0.6412811,-0.10915216,1.0728618,0.014728915,-0.92611456
0.67775434,-0.5394142,0.7591529,0.64411855,0.43401757
-0.04757061,0.26356044,0.39390108,1.6365606,-0.24127686
1.1391,-0.72562635,0.8476257,-0.58074063,0.4123115
-0.7306557,0.4112083,0.21927139,1.9621052,-0.2144016
0.47064844,-0.2586263,1.542299,0.35951418,-1.287005
0.23028997,-0.9407419,-0.2704924,-0.7397629,2.2194798
-1.4988168,0.33062044,-1.1425067,4.1100793,1.2807645
0.9335813,-0.8045548,0.79774296,0.10957934,0.24290904
-0.037353,0.01610104,-0.13829932,1.4692811,0.6712823
0.29872528,-0.1908916,1.3320079,1.0795391,-1.1558826
1.0358287,-0.7709664,0.9854948,0.003147494,0.30785182
-0.42851225,-0.12304958,-0.105506994,2.3350081,0.46237937
0.7680956,-0.2835625,0.92162305,-0.079273745,-0.47461867
0.44545677,-0.2041882,1.1688673,1.4355439,-0.5517943
0.66617113,-0.95006883,0.35624358,0.49041688,0.97029114
3.0464404,1.3854676,-1.2580148,0.94827443,-3.7560842
1.6113793,-0.7516259,1.3177799,-1.8551335,-0.4657314
-0.8367947,0.6478578,0.013732692,1.4271647,0.335912
0.8994625,-0.629279,0.7140362,-0.4719504,1.1084995
-1.2463552,0.5333192,-1.7149715,-0.23945455,2.8132236
0.083976544,0.48792186,1.4692712,2.2578564,-1.4325018
1.4321212,-0.97605884,1.3383,-1.188777,0.32239398
-0.30691984,0.25316063,-0.8608144,1.9229116,2.3400874
0.6034611,-0.22471604,0.5110145,0.3225984,0.32560128
0.44777367,-0.011369549,0.5995434,0.42213607,-0.10776485
0.51208216,-0.20787653,1.0053287,0.3041346,-0.2901339
0.651858,-0.19740757,0.96700126,0.3594001,-0.37981632
0.22861645,-0.22001204,0.28660688,0.7665476,0.5644554
0.15382627,-0.2752703,-0.20981425,1.1354989,1.5689423
0.31634542,-0.034288727,0.18096384,0.5823798,0.47789815
0.7632991,-0.26154932,0.68420875,-0.4049796,-0.072011836
0.099498846,0.15513006,0.4380098,1.6062204,0.1619635
0.9525545,-0.40501532,1.1562984,-0.2534514,-0.5511297
0.59428865,-0.21552977,0.61832005,0.26357013,0.105690174
0.39585075,-0.30015883,-0.035623413,0.5920474,1.2673329
0.024943985,0.2423245,0.23178765,1.3511065,0.096045814
1.0452702,-0.5283969,1.4746069,0.18003757,-0.5950751
0.2000477,-0.22865471,-0.03478877,0.68699026,1.1230841
0.30753598,0.040202774,0.6801907,1.0332881,-0.3017989
0.4669309,-0.21586594,1.0954758,0.5747933,-0.75053
0.9005465,-0.35116133,1.0771058,-0.3196079,-0.47522193
0.44314614,-0.30380902,0.48819488,0.8902906,0.5829498
0.33511212,-0.28869328,0.5050848,0.83283395,0.010493718
0.41629723,-0.40698227,0.19175759,0.7620256,0.9408663
0.19378045,0.15790048,0.5367599,0.78933674,-0.47983626
1.1095799,-0.5542796,1.191508,-0.4834689,-0.24729735
-0.17816773,-0.011710487,0.22159299,1.0849403,0.5028011
0.50625175,-0.2390736,1.1884452,1.1579006,-0.4264807
0.8851331,-0.5496281,0.8900532,-0.07020216,0.122717105
0.041392542,0.04311148,0.37846017,1.5840646,0.02723544
0.7862377,-0.49648222,0.6869675,0.18273427,0.1826748
0.50335157,-0.26557145,0.4941699,0.62803084,0.27715132
0.34392658,-0.064925514,0.9724168,1.0028712,-0.6576109
-0.17948201,-0.89960754,0.16389328,-1.0456438,0.88644165
-0.65738386,0.5607254,-0.4412909,2.8733592,0.5755392
1.2013168,-1.0719055,0.97472143,-0.17841409,0.46535245
-0.31836537,0.6020147,0.40838844,1.8034192,-0.9535645
1.6459073,-1.0400933,1.4421588,-1.1967982,0.018579803
-0.22444674,0.19972149,-0.34141335,1.8609959,0.87547064
0.9860512,-0.5058592,0.9321518,-0.44360662,-0.11743168
0.1593112,0.0143248215,0.73767185,1.5861456,-0.2503145
0.787746,-0.82565725,0.94064146,0.14367647,0.009600066
0.059289314,0.21685186,0.42301622,1.2738564,-0.34016287
2.9657702,1.3798314,-1.2479991,0.89237756,-3.7198284
-0.14313272,-0.49940285,2.016836,-0.3245784,-1.0350875
0.011369325,0.17032447,0.061837398,0.47919542,0.7937611
0.4446244,-0.1277369,0.64452696,0.27441198,0.31034955
0.371882,-0.12200054,0.5134182,0.47747236,0.36489952
0.6704094,-0.20107207,0.6559362,-0.2088999,-0.025223859
0.23579869,0.15097442,0.91917855,1.3015786,-0.3691841
0.7717005,-0.59658223,0.44517052,0.24722083,1.3774103
-0.20537463,0.44907632,-0.05483494,1.2040275,0.18347684
0.6999745,-0.30564246,0.83839136,0.19340695,-0.1665428
0.3330581,-0.09538349,0.52715075,0.60422087,0.15776834
0.7979899,-0.25085148,1.016196,-0.13052468,-0.5107589
0.44562575,-0.45009312,-0.027856806,0.576119,1.7553674
0.24827436,0.17924848,0.47126588,0.44714588,-0.43007606
0.98134106,-0.43567595,1.3823719,-0.2644683,-0.6922429
0.51136744,-0.24482903,0.4842793,0.27644384,0.5788186
-0.46189877,0.05448643,0.7423128,1.0684336,0.12571958
0.9532204,-0.37547764,1.4739013,0.13614698,-0.62959826
0.5159687,-0.2456325,0.5118152,0.49785787,0.34550017
0.30290845,0.16405407,0.7275044,0.94647664,-0.7367432
0.97027355,-0.94834745,0.22477755,0.20299782,2.0934956
-1.0259374,0.69263995,-0.63369554,1.8100833,0.2524808
0.713643,-0.84851444,1.4004221,0.2564714,-0.6867713
0.28096244,0.18625322,0.71320385,0.40847754,-0.92991215
0.78299457,-0.7910365,0.6883305,0.048747372,0.57001
-0.29294965,0.44392648,0.19878298,1.9993179,-0.21635312
1.1878899,-0.67393005,1.5040164,-0.16754077,-0.50526905
0.38670334,0.0006562844,0.50906265,0.31893593,-0.20488343
0.67190516,-0.7435912,0.08902221,0.7251118,1.8218969
-0.28903934,0.4107696,-0.07015524,1.5150815,-0.08349795
1.0403811,-0.7566446,1.3549651,0.4384185,-0.100549944
0.2483432,-0.0029652938,0.60974085,0.7636031,-0.559017
0.7396558,-0.5283564,0.88568693,0.45563525,-0.04984943
0.41345462,0.00015798956,0.79282516,0.5414534,-0.6696285
0.9930194,-0.513696,1.0741664,-0.25823307,-0.33097225
-0.3926486,-0.48761067,-0.057106145,1.3946686,0.9576037
-0.18468407,0.36261383,1.3181293,2.5308144,-1.4106582
0.8772374,-1.0227913,1.239979,-1.4275336,-0.29491416
-0.292479,0.614031,0.36150625,1.6103647,-0.8121842
1.0813004,-1.2677544,1.2835861,-0.23997973,-0.22920218
-0.65703714,0.30372205,-0.3561476,2.597925,0.28140005
0.55161077,-0.7254976,0.48705447,0.6471614,0.16350448
0.08394901,0.19682947,0.3511406,1.1972809,-0.24637085
1.0651046,-0.5494326,1.38062,-0.021044064,-0.77248496
0.48442963,-0.23875412,0.32624963,0.33233285,0.37010068
0.78397965,-0.4352611,0.759936,0.15593453,0.07833698
0.37381962,-0.15873846,0.40099838,0.66773576,0.1101956
0.35509297,-0.35027918,0.42439333,0.78718686,0.3879789
3.7500482,1.743508,-0.54044026,-0.42573488,-2.6492147
0.37662467,-0.6595558,2.0003831,-0.017401267,-0.67715025
-1.5724655,0.36965433,-0.7834671,-0.6048948,2.0778973
-0.017434739,0.32938543,0.5115649,2.0995657,0.3797148
1.1151563,-0.48311886,1.3989391,-0.55563444,-0.6889328
0.3991352,-0.07410701,0.48993155,0.23231919,-0.04147295
0.9665172,-0.38783726,0.96797633,-1.0337771,-0.48118278
0.15409538,-0.073942505,-0.33772823,0.792952,1.6118947
0.43735203,-0.035178028,0.33414534,0.40593034,0.34553128
0.13799605,-0.094613396,0.69124943,1.2547671,0.24190736
0.8003744,-0.24798808,1.2218977,-0.06483041,-0.6862285
0.0150430575,-0.02449926,1.0667672,1.2248281,-0.07481206
0.95098615,-0.50645286,0.7305417,-0.22453128,0.5175265
0.21526209,0.022111572,0.11151286,0.9311482,0.59543246
-0.026032649,-0.3239101,0.35715523,0.18021066,0.34746724
-1.4865334,0.3198153,-0.28284898,-1.254186,-0.28202015
0.6914842,-0.083910786,1.0355554,0.46807426,-0.57075375
0.96954507,-0.42913136,0.98174626,-0.5048064,-0.2505513
0.4475396,-0.06823715,0.5453374,0.4594649,-0.14920473
0.8122843,-0.31794962,0.98693025,0.102746144,-0.3637323
0.58559936,-0.2824014,0.49313197,0.30663067,0.27322495
-0.48580495,-0.050260387,-0.2384192,0.33396345,0.6785274
0.5760952,-0.24639544,0.4115277,0.79937804,0.67992926
0.6151482,-0.13726887,0.8930113,0.18741955,-0.56951785
0.5729422,-0.3263944,0.6602425,0.18642427,0.049575023
0.2536504,-0.16159233,0.46232885,1.2840707,0.2453359
0.50627804,-0.60603553,0.2668931,0.87399834,1.0771474
0.071442045,0.16151252,0.118818544,1.0756878,0.1811027
0.60564905,-0.46368298,0.7634263,0.41197872,-0.12991688
0.30270693,-0.02300676,0.57431096,0.8995786,-0.040141977
0.93288034,-0.39042887,1.1368972,-0.2251489,-0.56670207
0.44382206,-0.58629686,-0.051743247,1.0619133,1.6929828
-0.09000566,0.11916701,-0.20894167,1.8046446,0.85557175
0.82911086,-0.33267912,1.122924,0.05632801,-0.6620973
0.66258,-0.26909766,1.0322003,0.5061584,-0.36094245
0.36907318,-0.77284276,0.21689656,0.9600368,0.8766115
-0.34090343,0.2538139,-0.31123933,1.7281911,0.70660836
0.9745431,-0.45871195,1.0285016,-0.3842184,-0.31642318
-0.08387985,-0.18772301,0.23697558,0.8487997,0.05817794
0.26665303,-0.6320065,0.058553748,1.452977,1.4084427
-0.021014594,0.11807982,0.12283888,1.7597175,-0.10876048
1.078479,-0.4773539,1.2506318,-0.7014683,-0.77044356
0.2299783,-0.1595181,0.26448485,0.9653358,0.49785322
0.7143853,-0.20141539,0.95654386,-0.2714805,-0.71500254
0.39351508,-0.79245746,0.20729476,1.1448636,0.9705988
-0.25765678,0.3705913,0.25383946,1.9892924,-0.43073636
1.250506,-0.8162421,1.5735614,-0.13240705,-0.4580982
0.05554674,-0.10667499,0.23268571,1.4998652,0.16485015
4.294172,1.4473683,-1.040051,1.2641534,-3.593909
0.38416615,-0.5344551,1.5939168,-0.6957779,-0.34336326
-0.84224206,0.25881353,-0.9655101,0.32299376,1.9663644
0.012474574,0.22176328,0.2497189,1.2271295,0.5432523
0.89036894,-0.3503531,1.2222533,-0.22783773,-0.46095115
0.52377677,-0.067118965,0.79499215,0.1708755,-0.24555585
0.7328015,-0.2778977,0.88790095,0.09781106,-0.0067060664
0.553805,-0.056011043,0.7076014,-0.041520048,-0.40569076
0.6516752,-0.27666983,1.0607605,0.24737622,0.00921201
0.28294638,-0.14644083,0.3191597,0.7226452,0.70829886
0.19985369,-0.0825971,-0.117304124,0.5977063,1.2945427
0.27113786,0.1645309,1.3185574,1.5266492,-1.0568843
1.3160524,-0.7193798,1.4132493,-0.8158053,-0.3473605
0.09291992,0.1616818,0.2590908,1.0721158,0.07567071
0.979988,-0.47962603,0.9938056,-0.31685024,0.023187213
0.38503233,0.0047618523,0.56210274,0.5962665,-0.14038315
0.6326081,-0.29077706,1.1304618,0.4980349,-0.59665495
-0.23610505,-0.53241426,-0.5541201,-1.0282933,2.1227036
-1.172612,0.9726745,-0.12487651,3.6480281,-0.1313062
1.7803196,-1.0310167,1.7429901,-1.3402737,-0.38941574
-0.8735508,0.5910427,0.049214117,2.5424352,0.46630228
0.45627394,-0.47908244,1.1403184,-0.91291773,-0.83076423
0.50520283,-0.07979091,0.43524483,0.030586492,0.01916837
0.3441619,-0.24548945,0.45499372,0.6052083,0.25979078
0.51586854,-0.10426935,0.6916181,0.34744495,-0.2986841
0.52726525,-0.4923266,0.6148348,0.41236228,0.25571144
0.30017224,0.0034457818,0.3012239,0.6665438,0.17670876
0.8822079,-0.36755022,0.96543336,-0.43187767,-0.44181195
0.42145047,-0.31479296,0.5867536,0.97299117,0.4840068
0.23772004,-0.08097347,0.87158066,1.3705183,-0.3915911
0.806718,-0.39168057,1.1674381,0.25318265,-0.45634374
0.35595915,-0.5385559,0.028675875,0.90634096,1.1767689
-0.15267566,0.26915374,0.21655512,1.7870699,0.05760061
1.1072005,-0.6353134,1.1322081,-0.464177,-0.26810113
0.410597,-0.012068115,0.5321586,0.2515068,-0.27460387
0.8550736,-0.45685706,0.6499,-0.16926973,0.3395497
0.26757678,-0.33188042,-0.061295785,1.1905067,1.1823366
0.18779233,0.08282486,1.027782,1.6265842,-0.7680703
1.0237148,-0.79023063,0.9965145,-0.16770796,0.25140134
-0.047524296,0.2708346,0.15052256,1.3599106,0.026267461
0.90901923,-0.6413168,0.80769074,0.16468157,0.3675191
0.09622941,0.06516043,0.18543038,1.1451626,0.17021292
0.36292234,-1.1489624,0.19914141,1.0001804,1.197679
-0.7386553,0.72496235,-0.34635383,2.4741406,0.02690313
1.4428407,-1.151368,0.97002107,-0.7387322,0.7704103
-0.90508604,0.45092645,-0.5431293,3.4227786,0.67803913
1.195653,-0.6776756,1.0281658,-0.78720975,-0.06990907
0.06415216,0.21278444,0.58437485,1.3591611,-0.50928533
2.8810496,1.4007646,-1.329921,0.8330326,-3.5518055
1.5151274,-0.7054728,1.5277715,-1.636375,-0.634471
-0.4847072,0.4537517,-0.09640858,0.8067266,0.5204884
0.876594,-0.4462355,0.7536241,-0.69273305,0.3849004
0.00514964,0.17187896,0.27228373,0.9427237,0.58378386
0.7842513,-0.2894729,0.9519856,-0.17902385,-0.17515436
0.5655309,-0.07952627,0.8298694,0.26760435,-0.35204828
0.70906055,-0.29711422,0.7880092,0.12913872,0.096629195
0.4049243,-0.062767826,0.46242908,0.49874103,0.21079287
0.68446344,-0.18692908,0.8429417,0.06528355,-0.23379922
0.36546078,-0.23643908,0.2408453,0.54604626,1.2754959
-0.18710986,0.46383682,0.44227248,2.001452,-0.08284543
1.5331932,-0.8432096,1.4136615,-1.3679173,-0.20165539
-0.0042418465,0.3824574,0.27309176,0.93571544,-0.29838678
0.62046415,-0.5583542,0.9829337,0.3694355,0.64174765
0.23456201,0.11867825,0.36245245,0.56157535,0.003666006
0.3961086,-0.31199154,0.37378016,0.29644382,0.56896687
-0.04619374,0.3220326,0.48356697,1.771708,-0.08278493
1.1230682,-0.669176,1.5624161,-0.04823326,-0.24911577
0.28795943,0.0023514405,0.14549658,0.55655766,0.4893687
0.47950795,-0.2682322,0.5407168,0.67304456,0.53406686
0.4152558,-0.19107756,0.081934534,0.63007843,0.9742624
0.48955032,-0.024458729,0.76530683,0.32834387,-0.51968247
0.78450537,-0.3290504,1.0260775,0.19034244,-0.22380742
0.6158003,-0.25920567,0.6309716,0.1930647,0.119430296
0.6200448,-0.35861668,0.29099357,0.39606804,0.9163453
-0.2127609,0.2693278,0.19633397,1.9558542,0.12503335
1.1278572,-0.64845026,1.2182795,-0.19908677,0.076592885
0.1239808,0.06600205,0.48353243,0.8845176,-0.12974834
0.65751565,-0.2269524,0.8223848,0.2628876,-0.34509698
0.82789296,-0.29077467,0.991031,-0.35569364,-0.534203
0.5952299,-0.21746811,0.6867274,0.3557396,0.12184679
0.56915706,-0.21234927,0.8157105,0.562608,-0.23838934
0.68708324,-0.2653521,0.8600706,0.037718665,-0.163084
0.5951423,-0.31238255,0.4539105,0.2512452,0.3880273
0.20429721,-0.052561127,0.24939615,1.2003317,0.15089482
0.4069946,-0.111336075,1.5103289,1.227627,-1.2334403
1.0054225,-0.66913545,1.4850354,-0.044856,-0.23011744
0.19833037,-0.18814978,0.29048508,1.0173146,0.5786553
0.5835879,-0.15210804,0.90194607,0.40047204,-0.51776206
0.83786273,-0.40975508,1.0123059,0.10591097,-0.28020692
0.27096763,-0.083107315,1.0870976,1.2486813,-0.79768354
0.966546,-0.64401805,1.1155741,0.01275016,-0.008457072
0.4566019,-0.0068491325,0.65259534,0.013373684,-0.5566074
0.56562227,-0.38109717,0.8895787,0.5181647,-0.05036021
-0.3304868,-0.6968659,-0.14683771,0.7269568,1.4140933
-0.6565277,0.46065155,-0.15598142,2.7003422,0.06510504
0.9228605,-0.7030767,1.2190722,0.23633571,-0.6071809
3.0837922,1.3314801,-1.0643888,1.5871428,-3.5545382
1.0210887,-0.482282,1.9032747,-1.0008287,-1.1918068
0.360633,-0.06437477,0.53572595,-0.46494806,0.071703725
0.20373645,-0.06693777,0.3860535,0.404225,0.7229188
0.4349788,-0.053629242,0.62598926,0.3093844,0.0055820867
0.28073964,-0.2261847,0.51980656,0.30848944,0.6951922
0.18684229,0.100813545,0.8259357,1.050859,-0.022385605
0.95740235,-0.5056494,0.7624263,-0.42251498,0.3392498
0.38827172,0.09853426,0.7740343,0.3671617,-0.679947
0.7881916,-0.62690437,0.3399986,-0.32897848,1.1766428
-0.5259231,0.6551987,0.5386806,2.425439,-0.48439354
1.6423663,-1.0058874,1.5094807,-1.1174258,0.18194535
-0.3582044,0.33935848,-0.2303406,1.6782246,0.8263569
0.7629286,-0.19424376,0.9180795,0.21798797,-0.33634368
0.66143346,-0.30421433,0.6522245,0.06251408,0.06413447
0.3221483,-0.026144348,0.6331783,0.67511773,-0.0930265
0.1837894,-0.5633634,-0.057594247,-0.31007212,1.4566886
-0.5310688,0.7727295,0.031132242,2.3760684,-0.4719818
0.12821904,-0.87077796,1.8971434,-1.8113197,-1.3993623
-0.41464218,-0.0026362762,-0.43780112,1.7377269,1.1908383
0.4222603,0.02910439,1.1969525,1.0316792,-1.114403
0.6112454,-0.6220072,0.6640273,-0.3319702,0.32169738
0.19432619,-0.039266907,0.3674252,1.2894504,0.2184183
0.79607105,-0.3585976,1.0271738,0.13554312,-0.46668816
-0.14900193,-0.5895441,0.038793527,0.099620655,0.9818524
-0.14877287,0.55520123,0.52464795,1.0841063,-1.1815609
0.66583693,-1.1323541,1.6813115,0.24366851,-0.5014507
-0.31156865,0.3603131,-0.051738717,1.8819046,0.10409819
1.3590007,-0.7420391,1.2164233,-1.2891191,-0.28006518
-0.11682203,0.21036926,0.27310875,1.9012988,-0.027361192
1.0585195,-0.5194419,0.9674922,-0.6072355,-0.15944976
0.32096794,-0.006100498,0.5778149,0.93521583,-0.20736474
0.98936194,-0.56493455,1.0987645,0.0016958825,-0.10233552
-0.0059954748,0.06898228,0.7470177,1.8378999,-0.48709264
0.9913021,-0.4385179,1.19335,-0.4689449,-0.713268
-0.2453964,-0.5913251,0.12923348,1.2885377,0.8436155
0.0019815937,0.23132148,0.44493383,1.586954,-0.327892
0.98210585,-0.7253212,1.2456551,0.094888166,-0.1098944
0.28290382,0.015917458,0.4082599,0.73650044,-0.11770479
0.8548996,-0.3924745,1.1494621,0.21629442,-0.45221686
0.39454147,-0.21222767,0.41946134,0.60695887,0.24738595
0.4435329,-0.26933846,0.8498765,1.140609,-0.43230414
0.26472792,-0.6535095,0.8952185,1.0136225,0.0043695197
0.065321244,0.049772896,0.3001554,1.4302862,0.20575073
0.98398215,-0.61640435,1.1035771,0.16825946,-0.14328536
-0.38012663,-0.83111227,-0.10869665,0.9831308,1.4301056
-0.7502523,0.77845156,0.058152847,3.1726294,-0.48409063
1.5662005,-1.1612791,1.8850517,-0.11997984,-0.47297052
3.6907773,1.377731,-1.213097,1.594216,-3.7405457
1.414188,-0.7404655,1.244603,-1.9730091,-0.28302443
-0.5592007,0.5416662,0.006958147,0.8173304,0.28373098
0.8560336,-0.500881,0.9693874,-0.35026485,0.31466916
-0.024490558,0.19132677,-0.013944188,0.840448,0.72124213
-0.451551,-0.007242523,0.54315394,-0.9476148,-0.3874772
0.46483806,-0.017554127,0.6466849,0.89249164,0.2056064
0.7851237,-0.24712023,0.7946218,-0.39147842,-0.25814477
0.6467498,-0.17228302,0.548001,-0.024381984,0.18563318
0.55644107,-0.10905441,0.6647141,0.30526364,0.04998987
0.83288723,-0.2855414,1.0025461,-0.24876414,-0.39984572
0.69571245,-0.17080244,0.92429173,-0.05246811,-0.5227601
0.6816246,-0.3680795,0.45454526,-0.11415176,0.5461925
0.14051321,0.1685411,0.48282632,1.2881659,0.044131003
0.9279274,-0.37823376,1.520685,0.32386905,-0.80679554
0.08077095,-0.23732123,0.9072427,0.52578664,0.18991044
0.5786174,-0.073475204,0.90957224,0.2940107,-0.4951649
0.95604676,-0.42397913,1.0004884,-0.33266652,-0.1923576
0.019315101,0.039914288,0.10961481,1.3695172,0.530513
0.6626864,-0.34547743,0.6227741,0.30037183,0.34591156
0.15311906,0.034633316,0.6050818,1.4828117,0.048570745
0.5513842,-0.556752,0.9490298,0.23275979,0.014840119
-1.4038237,-0.28535065,-0.75390124,-0.3967892,1.472987
-3.02398,1.2609798,-0.9138686,-0.65090775,-1.3460935
0.076537706,-0.5529564,1.7208607,0.6165104,-1.8421563
0.77887774,-0.1659554,0.8481042,-0.5207918,-0.89917445
0.6290946,-0.34152445,0.47485417,0.34939814,0.19170293
0.24413374,-0.3271192,0.4325631,1.3645703,0.25616518
-0.6641931,-0.39550242,0.64591426,0.2134384,-0.06325076
0.31232247,-0.044271313,0.67262,1.225253,-0.20476761
0.83864754,-0.74852407,0.3570918,0.28080064,1.0674537
-0.22042629,0.4558641,0.35066494,1.7520896,-0.69571555
1.3447388,-0.9075445,1.8200967,-0.0018033274,-0.6083312
0.09938244,-0.05306896,0.22089878,1.2283509,0.3997485
0.8407717,-0.36398587,0.9834518,-0.1745982,-0.47650018
0.49783906,-0.19519266,0.70228666,0.7541853,-0.35410005
0.33612975,-1.14685,0.07619565,1.4792929,1.4715005
-0.90796685,0.48806968,-0.3828324,3.1411934,-0.13464487
1.277037,-0.84714353,1.2653717,-0.39929116,-0.26048607
0.29375604,0.06649319,0.44950625,0.40991735,-0.35877314
0.823666,-0.6896466,0.95669055,0.79700196,0.3699598
0.045259036,0.016740002,-0.047008313,1.3925718,0.5819386
0.601387,-0.48363623,0.65108067,0.8423048,0.19407016
0.4501669,-0.03915008,0.77817756,0.48341256,-0.66230124
0.728378,-0.47508177,1.0758934,0.83023167,-0.5520804
0.59345126,-0.32244143,0.5764106,0.58965164,0.21191123
0.2546918,-0.51289254,0.0833207,1.1715552,0.7662972
0.18021831,0.22846523,1.2501216,1.5078235,-1.7753272
2.884388,1.4292294,-0.8961027,0.6737743,-3.8900855
1.632399,-0.7789892,1.4566184,-1.4053936,-0.29517862
-0.58069485,0.5493242,-0.206705,0.7927494,0.5091302
0.882661,-0.40517983,1.2945633,-0.0038194545,-0.27452177
-3.4020777,-0.48259673,-1.970799,-6.595176,2.5595586
-2.0144455,2.02668,-0.9534893,6.528887,0.6908437
2.4768155,-1.4723414,3.3405998,-1.0807598,-1.6636207
-0.47211263,0.16739431,-0.6579461,0.4324134,1.3062923
0.45513865,-0.035957657,0.521067,0.70128804,0.16854748
0.8156639,-0.2739447,1.2206973,0.17885937,-0.5611958
-1.7011982,-0.65529525,-0.96265167,-3.4732318,1.7885423
-1.7849224,1.7264014,-0.59857255,5.928081,0.34126613
2.2762709,-1.2443036,2.7258987,-1.2903525,-1.3956399
0.003936745,0.34982982,0.5815034,0.9309869,-0.71505874
0.98427254,-0.75083435,0.48193958,-0.30743837,1.1869811
-1.2926967,0.4628903,-0.1070166,2.1733148,0.22826836
1.2339098,-0.6568545,1.1626041,-0.5581895,-0.04217992
0.09665499,0.15353265,0.39381784,1.3121097,-0.14522305
0.40457758,-0.40139613,0.6925954,-0.14981262,-0.092090495
0.33522102,0.07414881,0.7198504,0.94280434,-0.4966696
1.1535546,-0.54584676,1.3626955,-0.40596896,-0.54486376
0.28532335,0.011447109,0.14767548,0.76743865,0.49347225
0.6770809,-0.30508694,0.6144588,0.2984501,0.23294318
0.2550986,-0.43946204,-0.16081375,1.4099951,1.6199566
0.17462322,0.08980814,0.216678,0.98275906,0.18178114
0.59599596,-0.8587688,0.5328528,0.37263966,0.6400425
0.0596473,0.015993752,-0.15307489,1.2740374,0.8271218
0.40946797,-0.3662413,1.0350446,1.191803,0.08067828
0.52282673,-0.1109403,0.67261547,0.36356807,-0.3595458
0.92714256,-0.42307553,0.856954,-0.43819356,-0.08784435
0.09030012,0.19116941,0.8682664,1.9999611,-0.47261098
1.2715571,-0.95528305,0.84375995,-0.7967849,0.5842376
-0.3281524,0.5213744,-0.103454925,1.9224356,0.101761214
1.3336276,-0.7099861,1.6471335,-0.38126993,-0.6361719
-0.11323091,-0.42311367,-0.16013086,2.1220853,1.2601103
-0.59577906,0.28282705,0.60048276,0.021489333,-0.74820423
0.57006204,-0.6476015,1.0129865,1.5971861,0.14151233
0.33242473,-0.10717329,0.6361703,0.8766439,-0.5504253
0.8334605,-0.6614107,0.69613785,0.34462434,0.18155903
0.102802075,0.1176602,0.23329386,1.3526112,0.022621118
0.6787745,-0.704872,1.2063816,0.88447434,-0.4184482
0.23191842,-0.7767719,-0.37254658,1.5821782,2.1206975
-0.48362824,0.7372838,0.5637041,2.3749983,-1.4761533
1.7121371,-1.2297386,1.655241,-0.6702606,0.0134788975
-0.7057294,0.14138523,-0.50243735,3.1447556,0.7226319
0.80631995,-0.63696325,0.9078633,0.5488,-0.04008753
0.2062411,0.13200822,0.8007503,1.2714607,-0.824201
1.1210555,-0.5519789,1.594427,0.3582101,-1.0118352
2.9638915,1.3756973,-1.3272399,0.9760714,-3.6648176
-0.9702807,-0.42330202,1.7985494,0.3008557,-0.51648206
-1.1541313,0.4501063,0.08272388,0.24988998,0.9375449
0.4552363,-0.09501394,0.42437634,1.0160143,0.910578
0.24097446,-0.18679795,0.19985488,0.5645317,0.74747264
0.02639345,0.064564385,0.47850248,0.722242,-0.13846707
0.5529413,-0.46158728,0.4434412,0.25899696,0.81579125
-0.09111091,0.44033352,0.28837752,1.4797354,-0.44104102
1.3463949,-0.74353635,1.1423581,-1.0899848,0.029817872
0.21263728,0.14014545,0.18116996,0.6380387,0.22497463
0.7139334,-0.32739577,1.2766111,0.7176059,-0.6246918
0.8351653,-0.36275086,0.76423943,-0.40822113,-0.020406432
0.39564547,0.032563843,0.5791512,0.36046618,-0.3006287
0.7732113,-0.69770277,0.07065042,0.2942664,1.8999006
-0.5145827,0.57923144,-0.045465864,2.2705138,-0.094638355
0.92760193,-0.55597,2.1734495,0.5353224,-1.25448
0.68674153,-0.43145356,0.7696686,0.032429527,0.11452558
0.3729472,0.07021014,0.71095246,0.45574343,-0.67283493
0.97848344,-0.4678267,1.0675809,-0.15870325,-0.21397898
0.46423098,-0.012475811,0.9455899,0.44947082,-0.80793464
0.875853,-0.53672725,0.8560033,-0.010690022,0.25671571
0.16116998,0.15976015,0.39044812,1.0066733,-0.23950857
1.0131466,-0.50083095,1.024765,-0.50856525,-0.18511158
0.12582079,0.14124456,0.5679889,1.361195,-0.18845111
0.8552263,-0.52685434,0.99234635,0.27592653,0.060590975
-0.010372661,0.061836876,0.7328429,1.0524305,-0.30434245
1.0805218,-0.5770033,1.0268068,-0.4747671,-0.025706984
-0.016414605,0.13063493,0.016717931,0.9178732,0.27780816
0.45202318,-0.0749081,0.8033075,1.1119525,-0.57341915
0.85789365,-0.3567904,1.0613755,-0.14467494,-0.4639493
0.46636388,-0.26650605,0.790131,1.0071179,0.028282933
0.71455926,-0.26148018,0.8215728,-0.15800695,-0.34922644
0.6192212,-0.22929606,0.8144132,0.4356982,-0.2430149
0.7011636,-0.38459954,0.6795225,0.20499821,0.21211088
0.52627766,-0.10924991,0.80242866,0.40105426,-0.45802388
0.8502658,-0.4067844,0.88440776,-0.16691725,-0.17757171
0.40362504,-0.08662637,0.98490703,1.1496137,-0.53492296
1.0347472,-0.64413726,0.85732883,-0.40009564,0.24496254
0.044889785,0.15136066,0.21757719,1.2461499,0.045439504
0.72583455,-0.63394725,1.180811,0.9524562,0.08145612
0.3561131,0.021675266,0.5929902,0.4598347,-0.36626288
0.6720303,-0.39006886,1.1845165,0.76334935,-0.5280373
0.57117856,-0.38971123,0.5241893,0.4762076,0.26796675
-0.49920687,-0.34749207,0.106077485,1.1516554,0.54985446
0.39768574,-0.19883332,0.7283758,1.1040552,-0.025593765
0.504761,-0.21703896,0.7890466,0.7484733,-0.49567223
0.43052527,-0.4420155,0.4948845,0.651949,0.57178
-1.3935072,-0.29381928,-0.14031062,-0.48824072,0.19049382
3.0113,1.4009553,-1.2119639,0.87202746,-3.5445552
1.4556606,-0.7725781,1.0778062,-2.0332706,0.004176788
-0.74144727,0.5948145,-0.5684716,1.1134002,1.1447833
0.51197076,-0.06182369,0.9991419,0.53682715,-0.48813495
0.8971206,-0.38058457,0.84647393,-0.84805745,-0.14016104
-0.17175403,0.32190147,0.9317084,1.5419325,-0.3298582
0.67913747,-0.50818616,0.32425758,-0.76471174,1.2069025
-1.7535573,0.6531197,-0.5043773,1.052759,1.0172796
0.40843406,-0.12268957,0.66296047,0.7068388,0.33412296
0.49692532,-0.18763241,0.51467866,0.53942156,0.590959
0.1176785,-0.13768372,0.005269607,1.0612464,0.9971793
0.42772523,0.027006306,0.7409572,0.5742996,-0.32974413
0.7285257,-0.57663614,0.62771404,-0.030658532,0.45629147
0.114474155,0.24208131,0.50783503,0.98304623,-0.27847406
1.0637152,-0.6466335,0.82050544,-0.49076825,0.36211225
-0.03769722,0.42419735,0.38755915,1.1066476,-0.6806168
1.2303225,-0.71657836,1.7176292,-0.020341862,-0.34406677
0.3106477,-0.035580955,0.3028343,0.6025234,0.2604165
0.7924524,-0.30067143,0.87979287,-0.10976349,-0.18749437
0.49867395,-0.22405562,0.41725412,0.4048918,0.39803812
0.17638186,0.11676852,0.85473204,1.5639938,-0.428943
1.1817441,-0.614404,1.4132956,-0.41080964,-0.39720193
0.5379009,-0.08399423,0.5974522,-0.15482049,-0.29987937
0.74869055,-0.2519959,1.0732038,0.2916425,-0.49608535
0.66452515,-0.28869328,0.53043836,-0.05847322,0.26058936
-0.4441134,-0.26268658,-0.13989839,0.72991115,1.0617609
0.18474695,0.29415193,0.8397917,1.0039786,-1.0694213
1.1908139,-0.7679504,1.4050913,-0.31872082,-0.22856176
0.2852933,0.108223595,0.46098742,0.5069747,-0.27910152
-0.72933143,-0.3001016,0.78192836,-0.80906457,-0.36761373
0.23948494,0.09345118,0.8100746,1.6845896,-0.17187619
1.052878,-0.496034,1.1410121,-0.60796916,-0.60019153
0.2466459,-0.16760287,0.47253653,1.3326408,0.25966546
0.545883,-0.7982296,0.31588906,0.47855812,0.8789424
-1.1063184,0.016029514,-0.55051655,2.432449,1.0688626
0.42495522,-0.16641316,1.0567815,1.3588661,-0.54039633
0.96057415,-0.6355256,0.915109,-0.30498362,-0.04944668
0.2233055,0.026088394,0.47475225,1.017586,-0.25988713
0.90247035,-0.40607867,1.2632862,0.33014953,-0.6484203
0.95993453,-0.5437725,0.6200544,-0.5972414,0.38032842
0.09038899,0.10609213,0.109392844,1.3655419,0.25565353
0.9519387,-0.54284745,0.9634504,-0.080017254,-0.099515416
0.020850934,-0.33412394,0.091212444,1.7551699,0.7036672
0.22995326,0.063265,0.22626224,0.9391222,0.19087756
0.5647849,-0.27698693,1.3543932,1.376671,-0.88739884
1.0160118,-0.6151741,0.9478424,-0.37962162,-0.06625495
0.40150216,-0.26727852,0.29094997,0.8982312,0.49176878
0.15964165,-0.20560679,0.461142,1.726112,0.09060352
3.0854576,1.3898832,-1.1959392,0.9220746,-3.6800323
1.5520976,-0.5917137,1.4489418,-1.1667471,-0.78357095
-0.4123278,0.33816162,0.16038936,0.8208729,0.42702997
0.6830315,-0.23219761,1.4463043,0.542968,-0.32924286
0.33931282,-0.22249636,0.21397927,-0.2735163,0.7835117
0.2761697,0.14475647,0.5510089,0.64280856,-0.24778825
-1.6048138,-0.7335609,0.038812213,-3.5234954,0.8872549
-1.1206948,1.4099485,-0.12911144,3.337753,-0.94609207
2.1656523,-1.4516014,1.8260225,-1.7292899,0.21480912
-0.86675847,0.9852439,-0.42195025,2.6344945,0.116691865
1.6900259,-0.966925,1.725466,-0.9822804,-0.18591103
-0.43159518,0.3640348,-0.14977992,1.8598708,0.7450017
0.9939932,-0.40642914,1.1535215,-0.46435797,-0.46545312
0.0066842213,0.08876864,0.8070407,1.4721804,-0.0023700371
0.93454885,-0.6438416,0.6658721,-0.31531405,0.9745874
-0.12938657,0.41430536,0.025286337,1.475593,0.10625281
0.54180497,-0.70794046,1.2997472,0.201737,-0.22329491
0.16893551,-0.015599094,-0.08948795,1.1492676,1.078373
0.14256349,-0.18640694,0.8027293,1.4076465,-0.07276202
-0.5766356,-0.35180268,-0.06295658,-1.5527794,0.18609557
-0.16201207,0.6053001,0.6541361,2.019558,-0.97775626
1.602541,-0.9822124,1.2892706,-1.4244987,0.048364185
-0.45786205,0.3895885,-0.28375724,2.1317234,0.44350463
1.0436443,-0.6728381,1.4615096,0.35888082,-0.3911071
0.26963833,-0.029043518,0.41620657,0.7374918,-0.16586435
0.7338041,-0.26650128,1.0187985,0.2087846,-0.46217927
0.63968897,-0.28946814,0.787973,0.41807038,-0.084742494
-0.2826995,-0.24788079,0.64164025,1.4532897,0.39161834
0.7578492,-0.24357972,0.8090656,-0.44371873,-0.40862927
-1.604974,-0.90532243,-0.4881606,-1.6866778,2.5270069
-1.7972955,1.7443758,-0.73733354,5.0460067,-0.38925758
2.1383076,-1.7152685,2.2812397,-1.0266391,-0.61840945
-0.6941337,0.88470995,-0.033197623,2.363525,-0.70505655
1.151831,-1.205284,2.4599977,-0.3492735,-1.6817279
0.35133788,0.0683004,0.5009676,0.26384747,-0.4514857
0.94474643,-0.4020351,0.99659884,-0.66746557,-0.4942479
0.19664934,0.01839701,0.3625436,1.4714427,-0.18657565
0.8382683,-0.5396288,1.1220944,0.50219107,-0.2634289
0.15364602,-0.48749146,0.22576281,1.2367694,0.61729324
0.017425038,0.116990246,0.59180677,1.9085883,-0.4281937
1.1659113,-0.70497215,1.51265,0.08121587,-0.50371253
0.34934643,-0.09102043,0.6058757,0.8804067,-0.23590976
0.8197131,-0.70579946,0.4327658,0.05894209,0.7767696
-0.02651205,0.3034288,0.38370302,1.353754,-0.51434994
0.95353085,-0.48709807,1.6015452,0.85768247,-0.631007
0.35365102,-0.18293318,1.326444,1.5303668,-0.6863417
0.8855762,-0.84017694,0.7478427,0.29688048,0.4482797
0.0023833886,0.33827844,0.5625659,1.1833824,-0.8499657
2.1918778,1.3878495,-0.7302917,1.1322594,-3.7368102
1.4712943,-0.5380743,2.0557625,-0.13038503,-1.1809939
0.18647054,-0.029587112,0.19615391,-0.2755226,0.4617787
0.4860994,-0.10825571,0.6128139,0.08361949,0.17920044
0.6050758,-0.18122134,0.77084696,0.08998062,-0.023997463
0.34068844,-0.20753798,0.054429792,0.39764357,1.3251437
0.3353224,0.06243054,0.41566977,0.48955536,0.041745625
0.8470039,-0.3721207,0.6546276,-0.3432743,0.31288618
0.38079032,0.07373635,0.5336116,0.28457326,-0.28942606
0.89541453,-0.3880876,0.70226574,-0.22731058,0.4009576
-0.091809355,0.0375754,-0.57437074,0.76353425,1.9458078
-0.46456614,0.4656488,1.0666144,2.4938731,-0.43759778
0.7778426,-0.6073635,2.1015558,-0.6936536,-1.0073168
0.3192844,-0.1307815,0.4569382,0.880627,0.57539356
0.21609822,-0.106191,0.47361693,0.98900414,0.077413075
0.35409412,-0.26441512,0.8288728,0.8923225,0.19713917
0.53534496,-0.430302,0.30857602,0.27435297,0.6931301
-0.036361657,0.06636206,0.09693491,0.9427886,0.25668287
0.61268735,-0.11010345,0.91550136,0.18027557,-0.69287556
0.87655646,-0.37815985,1.162091,0.053523134,-0.41250637
0.31026217,-0.25026974,0.5777152,1.1460339,0.46262223
0.02912841,-0.06629642,0.7739341,1.5210946,-0.07265917
0.99709743,-0.51193887,1.0699631,-0.23936407,-0.16332772
0.50303364,0.0030690804,0.89163417,0.111150935,-0.8934824
0.8181022,-0.33225474,1.024149,0.10633977,-0.30810547
0.24435905,-0.15175995,0.8067865,0.9115337,-0.13917145
-0.43023208,-0.6152695,-0.2983737,-1.1191528,1.4202901
-0.7616828,0.9115654,-0.04599417,2.9639,-0.4402377
1.3608795,-0.918538,1.2978945,-0.96888345,-0.07870645
-1.4354879,0.33676687,-0.5200385,0.8293308,0.8654719
-0.027356945,0.05964581,1.7801732,2.5011802,-0.93173057
0.6923341,-0.69667995,1.1862799,-1.0001993,-0.70826733
-0.02236893,0.22799316,0.2744853,1.5552605,0.07288777
1.254877,-0.6070989,1.3530892,-0.85867506,-0.67343473
0.35808077,-0.1998752,0.4779838,0.90957856,0.018889211
0.34415063,-0.37365374,1.0378379,1.184535,-0.4772469
0.63697904,-0.36909756,0.39892933,0.22390063,0.4392801
0.018233635,-0.1670712,0.678723,1.7046821,-0.25540417
0.84248275,-0.40095028,0.99405587,0.0710841,-0.43756235
0.062144436,-0.20532784,0.1675229,1.2130637,0.5538793
0.7223886,-0.19543824,1.0803548,0.051225733,-0.83085674
0.5458955,-0.3188437,0.53997564,0.9080109,-0.047614433
0.50095206,-0.29899296,0.5383737,0.9268622,0.30450797
0.44355544,-0.31526265,0.6108405,1.0640906,-0.004683681
0.6400607,-0.27311978,1.0657117,0.7206035,-0.51078916
0.82143545,-0.49119172,1.012034,0.36646342,-0.18614006
0.012505867,-0.621404,0.27651867,1.6370583,0.5586302
0.11357168,0.15043083,0.78750813,1.615233,-0.7772186
2.475793,1.4277917,-1.2824012,0.09015961,-3.0758042
1.4930763,-0.5858868,1.2754639,-1.250083,-0.5416297
-0.4059504,0.46102825,0.58608717,1.1795311,-0.2648774
0.76300746,-0.42973694,0.62531996,-0.4393344,0.6788126
0.028807975,0.26439014,0.3944407,0.92978114,-0.028514989
0.29862264,-0.20916638,1.392506,0.08968164,-0.4911037
-1.3664918,-0.43341097,-0.52322644,-2.461382,1.2412605
-0.7376252,0.8564979,-0.12483347,3.23366,0.4554825
1.6513922,-0.86304843,1.6660404,-1.4864478,-0.63197756
-0.7334896,0.20727459,-0.5529769,0.77623683,1.0816944
0.6001716,-0.05175527,0.9212312,0.11908366,-0.6765599
0.81474763,-0.4386681,0.5152138,0.0020440333,0.7208696
0.0935295,0.21587673,0.35986698,1.024427,-0.1140135
0.71636045,-0.4854029,0.99432313,0.6215694,0.25835696
0.3287197,-0.02480682,0.13355449,0.536776,0.5720151
0.49091843,-0.009350143,0.9577687,0.58893174,-0.90150887
0.8654489,-0.4506677,1.0148115,0.23359771,0.040775917
0.5113086,-0.017914139,0.78536713,0.15727206,-0.6333258
0.80521095,-0.51254445,0.57076913,0.33769673,0.83858025
-0.03632661,0.1475102,0.20382085,1.6916864,0.3765991
0.6936559,-0.3841227,1.6200314,0.5514357,-0.90501434
0.7186448,-0.3498834,0.6626722,0.056943666,0.31919187
-0.05310186,-0.09752449,0.6142017,1.4953372,-0.054704882
0.8740806,-0.3820127,1.0533093,-0.049081016,-0.31629267
0.08772913,-0.09390291,0.33961582,1.6141905,0.4528655
0.93447,-0.41345057,0.8322159,-0.6320486,-0.12287224
0.33253738,-0.039533935,0.5563565,0.9439314,-0.113965966
0.7073833,-0.589196,0.54414093,0.34588712,0.5752432
0.11335889,0.28920475,1.0931379,1.2262305,-1.4028159
1.6107196,-0.9387106,1.4785168,-1.402215,-0.14763522
-0.2782084,0.45382562,0.14863753,1.8643633,-0.3412674
1.4210386,-0.75018585,1.5469027,-1.0099751,-0.52552056
0.29514793,-0.050129257,0.1454626,0.72365427,0.4419723
0.12094919,-0.3982776,0.714064,1.055554,0.040147595
-0.22874883,0.12462679,0.8495696,0.498505,-0.81194484
0.3424959,-0.7673472,0.8739204,0.11494322,0.36658224
-0.36836943,0.21015468,-0.26157406,2.028891,0.712099
1.0582291,-0.42783436,1.5068414,-0.07418327,-0.9813611
0.8161032,-0.27968344,1.0839448,-0.2111737,-0.7224707
0.41705826,0.009728111,0.78747076,0.5781981,-0.794255
0.57825315,-0.8772844,0.5536408,0.59798956,0.35052416
0.019310094,0.27649465,0.17331275,0.86393934,-0.19621569
0.8256975,-0.788545,0.91458577,0.6650174,0.46719766
0.118256785,0.2235252,0.76686966,1.2604811,-0.85671735
1.2156426,-0.725767,1.2696276,-0.41118532,-0.33928478
0.25388947,0.025969185,0.26953122,0.71404964,0.102038644
0.81667274,-0.34084973,0.9262549,-0.03630762,-0.31160316
0.5889414,-0.16770777,0.8506664,0.20636918,-0.5000446
2.7790678,1.2118894,-1.4440231,2.2633834,-3.326274
1.2756164,-0.5965894,1.5715835,-0.8559882,-0.61773705
-0.099241935,0.25811496,0.27474746,0.14221503,0.04485353
0.73545885,-0.30136046,0.7881242,-0.3437385,0.08476021
0.4257826,0.01432959,0.82886434,0.32054096,-0.4068048
0.9634543,-0.46734747,0.89414775,-0.3746,0.33609176
0.279528,0.18011156,1.0231059,0.90583545,-0.7580033
1.2771597,-0.6549305,1.2095536,-1.0007265,-0.13069645
-0.085519575,0.15897337,-0.34408942,1.1371689,1.3376247
0.59549403,-0.08598264,0.77747256,0.22326334,-0.2566712
0.6249152,-0.27045426,0.662807,0.3532278,0.5211979
0.21326312,-0.14531073,-0.014325837,0.4259264,0.9944379
0.5507684,-0.063154064,0.62533635,0.10240193,-0.17012346
0.5186561,-0.08614715,0.86328346,0.4567682,-0.5168001
0.21695814,-0.29712138,0.66833866,-0.1729558,0.22827008
0.3437238,0.14872137,1.238419,1.0480344,-1.1181115
1.2419269,-0.6950754,1.1907119,-0.7570583,0.045882873
-0.16627535,0.4864842,0.61450636,1.7316313,-0.6664143
0.95833737,-0.79737365,1.960579,-0.22997384,-0.8478525
0.004045643,-0.2847403,-0.79701906,0.5317898,2.8211422
-0.54798424,0.6572825,0.2687702,2.7352438,-0.49239838
1.2043484,-0.9346098,1.2503765,-0.71732587,-0.28262687
-0.19444981,0.111561455,-0.39986163,1.5915724,1.1518798
0.6873974,-0.32654223,0.55278295,0.028798532,0.28718978
0.5098416,-0.016009174,0.7481162,-0.11246018,-0.6682526
0.5801157,-0.39658484,1.1334804,0.78448427,-0.14767152
-0.005862795,-0.55902416,-0.23986879,0.57312334,1.5774701
-0.52713346,0.52117175,0.21497133,2.572567,-0.18070772
1.2254395,-0.8762449,1.0561078,-0.3064254,0.45134526
-0.34337804,0.2582747,-0.24380815,1.8324927,0.59034884
0.7701709,-0.31190333,1.6125094,0.5148956,-1.1792628
0.79529625,-0.50628597,1.1221465,0.051455867,-0.14629993
0.41205522,-0.017809235,0.6825231,0.4989928,-0.34616348
0.38418368,-0.6366199,0.70013493,0.7188608,0.6140021
0.032303967,0.3041655,0.6223896,1.2845664,-0.87922025
1.3188888,-0.7991928,1.1466609,-0.927424,0.061056815
-0.023654424,0.40375772,0.3425835,0.8772615,-0.66895354
0.31344274,-0.76521575,1.2280467,-0.29045373,-0.8282968
0.18696246,0.23710313,0.7049656,0.80762744,-0.9255303
0.5237317,-0.6225818,0.6845519,-0.315615,0.20948869
-0.04917153,0.18716636,0.473874,1.7797883,-0.28070647
0.5907576,-0.6345099,0.68221444,-0.23511939,0.17124486
0.057426788,0.06610457,0.06846132,1.5224143,0.55015177
0.6448547,-0.70170105,0.41271964,0.7890161,0.9446881
0.048080362,0.016103424,-0.0063938894,1.2791494,0.5097974
0.7859811,-0.48521695,0.58204246,0.059868526,0.41715312
0.29890552,-0.08475479,0.33279768,0.9061285,0.21702856
0.36906692,-0.02700027,1.0895886,1.326079,-1.0579066
3.090184,1.3419825,-1.4505355,1.4380773,-3.4473042
0.8044061,-0.5865424,0.9042931,-1.7573051,-0.12301312
-0.32896474,0.46573225,-0.033507925,0.723074,0.26778784
0.5235552,-0.18772063,1.4629626,0.84520215,-0.24762836
0.85015815,-0.3436106,0.93839914,-0.60568553,-0.18636218
-0.2943866,0.17107311,0.113960735,1.3996056,1.005937
0.55912095,-0.09227451,1.287757,0.77421874,-0.8432607
1.0565104,-0.50909454,0.96933985,-0.71823263,-0.049518414
0.09324662,0.19264999,0.6270815,1.1217617,-0.15533325
1.1236078,-0.6245201,0.70320284,-0.6788444,0.7510723
0.2306467,0.15921894,0.23779324,0.45503336,0.051237874
0.7213134,-0.29951033,0.8590355,0.3573289,0.07354116
0.43388107,-0.33560213,0.08253249,0.28229553,1.1526351
0.17469832,0.24465862,0.56916493,0.7246279,-0.6575988
0.89907825,-0.6472677,1.1269935,-0.100229666,0.26265064
-0.44470546,0.0085884705,-0.39683846,0.43946886,1.400526
0.2361767,0.023070015,0.5814236,1.376309,0.14729515
0.6902225,-0.34228024,0.7593754,0.038088452,0.054076128
0.4466534,0.008509792,0.89543253,0.65352255,-0.58291656
1.0892737,-0.5936282,0.9007309,-0.58332324,0.20605323
-0.40605053,0.08094851,-0.10702679,0.9132135,0.6266878
0.7596504,-0.38652357,0.840418,0.44568443,0.2011995
0.10309122,0.2364761,1.1133816,1.3014488,-0.8925507
1.4032582,-0.81051767,1.1677388,-1.0987476,0.111780666
0.21512565,0.1349527,0.31737772,0.7158081,-0.07426671
0.6895328,-0.42402443,1.1524626,0.82610697,-0.14930671
0.7557977,-0.45598444,0.56130886,-0.035898495,0.40593407
0.33685574,-0.17847237,-0.019415239,0.9137898,1.1206901
0.42691663,0.023341812,0.8782561,0.5445553,-0.76056844
0.61722225,-0.533356,1.0700996,0.2738809,-0.09785084
0.003921725,-0.17554936,0.058905385,1.7509546,0.802523
0.3509899,-0.2928799,0.7174858,1.0816575,-0.17680943
0.5356867,-0.16974148,0.45755938,0.34514952,0.20165843
0.20061097,-0.29236493,-0.2836757,1.2115197,1.5454438
0.41968432,0.054226555,0.8619477,0.3031649,-0.93475205
0.9181028,-0.7396954,0.56755906,-0.07364039,0.82151353
-0.13447472,0.4985005,0.39895085,1.2485318,-0.87074697
0.89100856,-0.970847,1.4620504,0.80771595,0.09220069
-0.006442331,-0.0205582,-0.049986757,1.3918618,0.6016552
0.3566701,-0.21223006,1.2848704,1.1589195,-1.067284
0.60606337,-0.6784028,0.89587873,0.24446906,0.4837311
0.22438946,0.14099899,0.566349,0.9083787,-0.5443383
1.0777818,-0.65286577,1.0541807,-0.25441718,0.07349103
0.1578004,0.07577006,0.43252912,1.1096925,-0.24200371
0.7632553,-0.7847303,0.78946674,0.35226005,0.3457776
0.060883977,0.25677028,0.48691687,1.0895214,-0.60526913
0.81387895,-0.3879064,1.9385227,1.0746591,-1.4469168
1.1589957,-0.5928677,1.0789614,-1.141991,-0.360646
2.874379,1.3931805,-0.97620416,1.0720174,-3.8823347
1.7636658,-0.8364743,1.5546273,-1.8210502,-0.50855154
-0.4672573,0.53968734,0.043239675,0.67742693,-0.10535527
1.0766015,-0.5600279,1.078702,-0.8732325,-0.0037157014
0.19405332,0.22581401,0.5991419,0.42597163,-0.63931346
1.0342277,-0.48592505,1.1983986,-0.2411599,0.008931987
0.34059206,0.05383555,0.6159645,0.48730123,-0.073099084
0.6908909,-0.32157597,0.4977933,-0.09486185,0.579867
-0.0021752939,0.2007753,0.21008804,0.71299535,0.19226384
1.0255034,-0.41151938,1.1536461,-0.5168756,-0.45307854
0.22019753,-0.14435467,-0.16666135,0.7806389,1.5857048
0.16686645,0.18567148,0.8052644,1.2873319,-0.43218315
-0.39803717,-0.41404185,0.7833406,-1.9473443,-0.63687795
-0.07668384,0.44364515,0.36004704,1.8512338,0.007641636
1.3124175,-0.61569625,1.7323204,-0.6771115,-0.99274784
0.5430291,-0.11852916,0.578987,0.18467368,0.054586045
-0.41253933,-0.22334751,0.5541816,0.2654761,0.085848324
0.40434852,0.08238856,0.9719004,1.0069526,-0.74697006
1.2732269,-0.63470304,1.1624897,-1.3618158,-0.37012616
-0.15846726,0.15999618,-0.11000071,1.9069694,0.9685237
-0.28686765,-0.48402008,0.7526903,-0.039462615,-0.17109662
-0.20562121,0.22035423,0.6853401,1.9728584,-0.27933487
1.0142331,-0.80675066,0.59501284,-0.40678525,0.86362064
-0.9046542,0.34857336,-0.38357192,2.8390477,0.86536473
0.19817391,-0.8340305,0.8518946,-0.5672965,-0.56539184
-0.2049453,0.13956848,-0.24198541,1.8582834,0.803007
0.39188787,-0.5100005,0.49517667,0.76982653,-0.10262505
0.27025542,-0.17121729,0.15467653,1.1563014,0.6328111
0.69083333,-0.27199683,0.55048,-0.100733206,0.11726963
0.4577935,-0.064203106,0.61148375,0.29325342,-0.30096057
0.48026773,-0.26425537,1.1183833,0.97336096,-0.3774396
0.7091995,-0.4640573,0.8895719,0.5244747,0.11895927
0.2883099,0.020483173,0.4611369,0.69078255,-0.19501522
0.90761983,-0.7356876,0.50291383,-0.012340296,0.854061
-0.26588294,0.36345783,0.38893116,2.2974176,-0.2811749
1.2930162,-0.9437293,0.8771372,-0.8352152,0.5589189
-0.42149773,0.61000174,0.10108151,2.125148,-0.5611353
1.5105325,-0.9046143,1.736894,-0.48046535,-0.48044124
-0.008446299,0.104139484,0.4280841,1.5282071,-0.022122003
0.4025248,-0.9692949,0.5967654,1.3753276,1.0609018
-0.3223445,0.40638986,0.13208678,1.9142492,-0.38186637
1.2213715,-0.7530612,1.9188967,0.3201279,-1.0122362
-0.13030782,-0.61886007,-0.27945605,0.90725756,1.1893742
-0.37171647,0.5446393,0.7235633,2.7847855,-1.081496
1.6921525,-1.0805124,1.7362292,-0.9764523,-0.48501322
0.07375393,0.21632496,0.25771937,0.96345145,-0.2068021
0.98979753,-0.5972546,1.543392,0.72706497,-0.6579609
0.3214849,-0.81193626,0.25745323,0.7697144,0.5340453
3.083366,1.3848954,-1.1918814,0.9996355,-3.799129
0.63764745,-0.43951926,2.4570782,0.36225808,-1.5451953
0.33021548,-0.18877682,0.18661836,-0.5503984,0.830387
-0.42963627,0.40614906,0.24079886,1.7236376,0.3741541
0.30732068,-0.37603316,1.0983014,-0.7763994,-0.40255
0.17200217,0.14083686,0.45332897,1.0535183,0.3126243
0.87090504,-0.41098294,0.9147822,-0.27785736,-0.13884822
0.40814617,-0.09111818,0.36790255,0.38790125,0.29337448
0.3276157,-0.4309195,0.1727148,0.19756116,0.98958415
0.023951389,0.3057677,0.08480879,1.0817205,0.21321023
0.9650252,-0.5647128,0.979513,-0.03983437,0.25553426
-0.19237325,0.34435573,0.11125239,1.8434801,0.4143745
0.9238331,-0.5113786,1.15562,0.29527348,0.17520839
-0.5481983,0.16174617,-0.024237374,-0.07199405,0.1488465
-0.46148947,0.18081728,1.1047045,2.4610603,-0.10149545
1.3064394,-0.77114046,1.0763085,-0.93162346,0.08567547
-0.14032641,0.3382379,0.18827972,1.5936259,-0.02937407
1.093885,-0.67579925,1.0442692,-0.25785148,0.15233123
-0.5147166,0.0010306016,-0.31609488,2.2163732,1.229077
0.6164274,-0.2630919,0.5605784,0.39675844,0.2815418
0.39840046,0.07445637,1.4264545,1.3436911,-1.350239
1.4494296,-0.96670806,1.0935365,-1.0442059,0.48406297
-0.19988343,0.40844503,0.26203075,1.7701108,-0.15952235
1.1356266,-0.5656236,0.9521221,-0.8307876,-0.027781226
0.17400613,0.04734818,0.19230798,1.1530008,0.4222134
0.89210004,-0.35801348,1.3039035,0.10731538,-0.66874003
0.6335707,-0.36307988,0.3352869,0.13136925,0.6213613
0.1192281,-0.3327411,0.3329732,1.251793,0.76997554
0.43170312,-0.022491775,0.85918444,0.69577664,-0.58810306
0.87383527,-0.6863421,0.5001528,0.03088547,0.9285885
0.00092390925,0.28502527,0.6042494,1.486669,-0.633433
0.562667,-0.8466333,1.5284011,0.32754332,-0.14433372
0.099203445,0.1709086,0.5309316,1.270184,-0.3361086
1.0533074,-0.8012217,0.6807116,-0.22780626,0.73921627
-0.18871328,0.4685289,0.6136502,1.8298944,-0.9769585
1.4885377,-0.9937185,1.6293126,-0.56382877,-0.18997741
-0.36158273,0.04604403,-0.32982686,1.4948121,0.9807211
0.23419026,-0.6481379,0.59100723,1.4268047,0.08658814
0.28278616,0.15254322,0.7053455,0.27372944,-0.9476746
1.1731174,-0.72175443,0.8576137,-0.6511477,0.3989767
0.057504393,0.064211525,0.34046406,1.5521921,0.07424381
0.80278265,-0.66804826,0.82887113,0.31035805,0.10210433
0.06978855,-0.1092213,-0.064368226,1.3147631,0.65976244
0.6049969,-0.15256104,1.2291582,0.7029639,-0.85708636
0.9158435,-0.6107014,0.99711186,0.22905798,0.101165734
0.14152959,-0.49036917,-0.10204045,1.2239823,1.0344647
-0.4012315,-0.36696848,-0.09834967,2.6213493,0.6727671
0.21727356,-0.470342,-0.12613979,0.78211606,1.249395
3.078766,1.3870317,-1.2641926,0.9410282,-3.750776
1.3013813,-0.4406136,2.0445282,-0.19314854,-1.3833941
-0.044808112,0.019488968,0.5342792,0.0033697598,0.46869716
-0.65903986,-0.011860691,-0.36260617,-0.9060275,1.0509515
-0.74412525,0.62775433,0.6937783,2.786467,-0.28171378
1.6976638,-1.0191292,1.2489421,-1.8562704,0.26672307
-0.25739518,0.5563981,-0.05901382,1.3520703,-0.0028237775
1.2758718,-0.77820003,0.8249578,-0.7145249,0.8359727
-0.9259969,0.4006845,-1.4084331,0.9435439,2.5584178
0.28041294,0.2685863,0.928213,0.64468503,-1.2074612
1.0558358,-0.43777165,1.6393052,0.1266466,-0.7446296
0.6748304,-0.23999628,0.8387351,0.061451923,-0.22570363
0.71868235,-0.20959076,0.85443026,-0.15473591,-0.3998777
0.39997008,-0.09902891,0.20629421,0.40168762,0.49569774
0.5554497,-0.09673055,0.9053373,0.5832866,-0.37874722
0.7809393,-0.5320733,0.5267346,-0.25624055,0.61071444
-0.045376383,0.25488916,0.11953088,1.4028099,0.24060923
0.78523135,-0.57628804,0.8287137,-0.13166945,0.27435628
-0.09831693,0.019026436,-0.066347815,1.2926801,0.5295649
0.91567826,-0.39076266,0.7399,-0.5969011,0.042365305
0.35009995,0.05405251,0.6202775,0.7317522,-0.31042862
0.41783807,-0.51114255,0.86614925,0.18266542,0.14670312
0.24934205,0.0693113,0.75132287,1.1549442,-0.25016412
0.65813524,-0.67756355,0.61148095,0.036815833,0.41217235
-0.43268165,0.2999741,0.22104034,2.0942097,0.22756225
0.93888223,-0.5548757,1.3514595,0.43668562,-0.20214024
0.63987046,-0.103048645,0.9865922,-0.18790857,-0.921495
0.58813405,-0.35271582,1.0412166,0.7810047,-0.44280586
0.8732169,-0.3855389,0.86417645,-0.3660221,-0.17664176
0.39750925,-0.32601294,0.17915186,0.8911777,0.8840943
0.32514486,0.06476227,0.94763345,1.0212209,-0.7786731
0.9928617,-0.5571907,1.1744306,0.009636473,-0.14047822
0.013937809,0.075073875,0.23796764,1.4959766,0.17365271
0.9342572,-0.5290478,0.8664165,-0.20123075,0.09326374
0.13739023,-0.4065412,-0.052533723,1.2163328,0.9708278
0.051258422,0.16692701,0.576948,1.4903766,-0.42954713
1.1889826,-0.6297082,1.1919961,-0.5882465,-0.26044112
0.33999124,0.0030166283,0.39961448,0.5233594,-0.0042463616
0.50378466,-0.44546542,1.1282597,1.4680084,-0.071758606
0.36088333,-0.6116503,0.09455385,0.84219074,1.0456924
-0.017099284,0.33897224,0.52989477,1.2729123,-0.7249606
1.1300877,-0.9227723,0.8860697,-0.3043483,0.33945808
-0.036844812,0.3961474,0.3724676,0.72453743,-0.7867056
1.2551837,-0.8057517,0.88584435,-0.79414326,0.48194638
-0.21334669,0.45133653,0.33693352,1.4083291,-0.6674246
1.3250471,-0.9595555,0.9416262,-0.5198359,0.7351888
-0.84987366,0.11061255,-0.5084412,2.950757,0.7998688
0.73742026,-0.29410776,1.0097935,0.2405981,-0.6330277
3.2732472,1.3886338,-1.23869,1.2753414,-3.7583392
1.6147188,-0.82267463,1.1869922,-2.075873,-0.12766114
-1.1630447,0.649634,-1.142753,1.264116,2.2110965
0.2641271,-0.06770786,0.36868963,0.5766973,0.88223696
0.54089874,-0.080458485,0.7344108,-0.16858326,-0.3223028
0.19239607,0.110273995,1.0140204,1.2745507,-0.2333014
1.0242567,-0.55272275,0.90860224,-0.43102205,0.39369345
-0.060451828,0.20368162,-0.0036532679,1.0778475,0.74485475
1.0234731,-0.43212828,0.9881233,-1.0304747,-0.37788728
0.11285696,0.1611239,0.6876623,1.1137071,-0.1485185
1.0508566,-0.5429905,1.0928004,-0.39118928,0.08174046
0.27452245,0.09083096,0.52281445,0.48756874,-0.18565089
0.47302166,-0.3376573,1.1525623,0.6095808,-0.22471836
0.40590063,-0.11427816,0.8749945,0.5728499,-0.1322625
0.79191667,-0.34113583,0.88925767,0.05492164,-0.06266565
0.55793935,-0.17093596,0.3464702,0.12789758,0.41549632
0.6208547,-0.25945362,0.70723623,0.47871548,0.23748404
0.65995896,-0.2038258,0.8346111,0.13713439,-0.24036333
0.71638423,-0.4408377,0.32694158,0.03450073,0.9035628
-0.055259787,0.26974025,-0.06834779,1.3607682,0.42630917
0.90520155,-0.38510022,0.9601984,-0.22774528,-0.15825188
0.18561438,-0.07867988,0.20962882,1.2065591,0.6999353
0.79699856,-0.324375,0.8964501,-0.011579085,-0.14593866
0.54487914,-0.16702351,0.7222032,0.5163669,-0.03599868
0.8731731,-0.3224605,1.0162566,-0.59851205,-0.51352024
0.5205749,-0.22146639,0.31122604,0.45671314,0.69225633
-1.3598328,-0.4223841,-0.6142428,-1.6768942,0.9586512
-0.41823706,0.4739124,-0.14426866,2.691239,0.65200996
0.9565875,-0.43961462,1.5736486,0.5116836,-0.704169
1.0006685,-0.5245703,0.7796764,-0.68208987,0.105364345
-0.033998452,0.35144392,0.4521625,1.3437363,-0.76582754
0.9799229,-0.7542676,1.6654911,0.46642596,-0.42903635
0.54948163,-0.04744228,1.1519626,0.30632383,-1.0988159
1.0382657,-0.6581944,0.6512873,-0.6241316,0.5745578
-0.043225966,0.2648765,0.3088931,1.4577469,-0.18986332
1.2163647,-0.6154364,1.4532753,-0.45148623,-0.5398242
-0.00033279508,-0.041601025,0.41428474,1.6939425,0.3198686
0.7718307,-0.28040823,0.9508361,-0.1228988,-0.54767865
0.37430027,-0.3027266,1.1220186,1.2212541,-0.17971942
-0.11416968,-0.7260126,0.2466878,0.17456158,0.38853118
-0.49805406,0.1824123,-0.33582735,2.7395632,0.9685851
0.48172095,-0.5087202,0.96375215,1.3250227,-0.121003695
0.12935933,-0.2734321,0.8724589,1.0096571,-0.48357075
0.19571683,-0.35929856,0.09097745,0.38733673,0.9198352
0.08303527,0.3314549,0.76056737,1.4018126,-1.1152067
0.9212458,-0.7827872,1.1314154,-0.41912,-0.13235584
-0.54223144,0.24915043,0.5302068,2.4380803,-0.17300493
0.89609045,-1.193654,0.6420604,0.12664069,0.78112376
2.7306714,1.4586741,0.23953444,-0.1182863,-2.6705716
1.314742,-0.6013053,1.6715437,-0.571553,-0.790836
-0.5204131,0.28539243,-0.31916675,0.44317657,1.0412363
0.3985131,-0.1592749,0.006796201,0.35480922,1.4737027
0.039243378,0.24716201,0.39412645,0.8303379,-0.2197324
0.98198694,-0.4022282,1.4880931,0.021595549,-0.5463157
0.8421861,-0.28758702,0.93536633,-0.7024006,-0.45840156
0.56540823,-0.06722387,0.70473796,0.060106527,-0.30282652
0.70239526,-0.21806416,0.9010333,0.13952817,-0.17006296
-0.3172376,-0.1617783,-0.5736516,-0.47083908,2.068692
-0.15880772,0.7178861,1.3564346,2.3418748,-2.0478005
1.5846292,-1.0003561,1.3062506,-1.4533736,0.051005386
-0.5744376,0.54280347,-0.3421959,1.9856693,0.5080274
0.6055201,-0.6362003,0.7340264,0.34756887,0.6438833
-0.6091359,0.21309438,-0.22164196,1.2681423,0.6138975
-0.39827874,-0.2917975,0.4960634,-0.28470826,0.1780985
-0.056776844,-0.091747604,-0.1878604,1.7666136,1.6257991
-0.12864307,0.100243725,0.8771836,0.7468958,-0.8938523
1.0715321,-0.45438942,1.247479,-0.50304204,-0.5345193
0.1421642,-0.057269894,0.29640234,0.31758267,0.048110954
0.23120996,-0.55677587,0.03623693,0.9298559,1.6553388
-0.22680995,0.39237323,0.3346289,1.8969518,-0.58727336
1.3414168,-0.85033834,1.0933105,-0.59660804,0.40095502
-0.05933281,0.21784607,-0.023401598,1.3662953,0.39083013
1.1730673,-0.6804794,0.8265133,-0.81040996,0.3704628
-0.2304186,0.2435452,0.02589505,1.9589206,0.33980897
0.7634443,-0.3819674,1.0779648,0.46521038,-0.33961493
0.49616054,-0.15953955,0.60380495,0.46410102,-0.19628483
0.40680435,-0.24737534,0.4179806,0.86153376,0.5214347
0.42540458,-0.29777703,0.7007788,0.91803646,-0.026583351
0.59354013,-0.23911175,0.9712849,0.56883144,-0.33214074
0.7198527,-0.44199166,0.96044135,0.51548177,-0.03411544
0.35453847,-0.40748057,0.07244202,0.9877394,1.1737942
-0.16473326,0.2511913,0.89511263,1.9063597,-1.2066739
1.4117097,-0.87696016,1.1591002,-1.0272665,0.14637989
0.061370887,0.22499385,0.07171836,1.0428082,0.24504119
0.55407786,-0.86289346,0.6017053,0.844915,0.671042
-0.16188815,0.49914184,0.57370055,1.6294953,-1.2218893
1.4209135,-1.0392588,0.9067535,-1.0394655,0.7073058
-0.48348555,0.5560095,-0.20794281,2.2230787,0.0872614
1.0967125,-1.2560838,0.8587439,0.5096006,0.96082306
-0.6658328,0.55895394,-0.3167285,2.6707768,0.18803498
1.0004895,-0.7863325,1.536708,-0.08246611,-0.7621466
0.34694067,-0.013198219,0.45897272,0.64335734,-0.068750955
0.8648005,-0.5602115,0.58706224,0.09153058,0.62417454
-0.0572963,0.19497696,0.5008102,1.6261396,-0.82337564
1.119964,-0.95164,1.2215161,-0.09549521,0.052430563
0.098620154,0.26258054,0.45759675,0.652126,-0.6981658
3.0354223,1.3811642,-1.2805746,0.94139206,-3.741422
-0.6207867,-0.45562443,1.702998,-1.8277162,-0.66303676
-0.21327159,0.296281,-0.2419186,1.0572555,1.3297762
-0.36036983,0.06470505,1.2267652,0.89055026,-0.53168195
0.8326544,-0.43794093,1.4243244,0.005466532,-0.21798658
0.45224974,0.07738892,1.3727797,0.63557214,-1.2525042
-0.39803717,-0.32529768,0.43654153,-2.3290963,-0.17843685
-0.7023899,0.6754285,0.7560691,3.2706425,0.25047225
1.5979561,-1.016795,1.8528178,-0.8725932,-0.52827674
0.009162582,0.30978027,0.2597703,1.0194939,-0.26026827
0.97033864,-0.68878114,0.7454628,0.021595549,0.67333925
-0.4592552,0.44678035,0.5716683,1.9487003,-0.26077992
0.2875038,-0.9213108,0.51095957,-1.2952777,0.31358278
-0.50349766,0.74192584,-0.075964905,2.049668,-0.2888349
1.5188925,-0.9429997,1.9660965,-0.29611266,-0.63002086
-0.03965112,-0.09134706,-0.37335348,1.3656344,1.3486354
0.5146106,-0.077342354,0.7316147,0.22592069,-0.49180117
0.9584187,-0.5274885,0.91415656,-0.15968083,0.14560118
0.23125628,-0.00042852014,0.34150198,0.99446243,0.26456586
0.44209972,-0.5399626,0.48357037,0.7385736,0.16291332
-0.007846735,0.20960632,1.0505127,1.671356,-1.1290808
1.411711,-0.8435029,1.0273906,-1.393112,0.23803371
-0.37195554,0.38371626,0.08091756,2.220081,-0.041954346
0.9588393,-0.53445274,1.2752827,0.2298959,-0.33429536
0.4983898,-0.15665469,0.6160998,0.31608582,-0.15125996
0.4795017,-0.19968924,0.6316364,0.77077264,-0.15636432
0.6167053,-0.271427,0.8606844,0.5310974,-0.18501478
0.566884,-0.48968253,0.4676759,0.5503244,0.47086042
-0.2260414,0.08065287,0.24717024,2.6517663,0.4695113
0.8854235,-1.0090417,0.2909732,0.3546912,1.5817274
-0.6932212,0.43340507,-0.77612466,2.8367622,1.3008051
1.0078633,-0.7233876,1.4510534,0.48955142,-0.39469728
-0.034375213,-0.3852671,0.019738277,1.648795,0.9861409
0.054315068,-0.06596025,0.2684293,1.6529866,0.21274698
0.96957386,-0.42165694,1.1367527,-0.5079024,-0.60495454
0.30312875,-0.47538456,-0.07737938,1.1334965,1.3887582
0.2167103,0.24671856,0.9319106,0.6474781,-1.3393726
1.1406208,-0.8555597,1.2187856,0.23647536,0.30017626
0.032500483,0.29004398,0.43335584,0.84548736,-0.64631575
1.2089497,-0.70861995,1.3653088,-0.16990308,-0.27838245
0.3924962,-0.084235035,0.36583915,0.31298786,0.06636428
0.4007624,-0.34006295,0.6779982,1.3132721,0.03568279
0.5183181,-0.22688088,0.8643661,0.63235027,-0.45275444
0.59031326,-0.45799193,0.39998594,0.642962,0.86149627
0.09962902,-0.24070916,0.5416568,1.5913167,0.23377115
0.8490166,-0.28551754,1.184584,-0.37310314,-0.8943821
-0.7828991,-0.8434695,0.0880109,-0.19839047,0.65648776
-0.6381853,0.8956653,0.76700157,3.3188722,-1.4782565
2.9447424,1.382702,-0.83048123,1.3170625,-4.2445874
1.6892399,-0.79111755,1.232452,-1.8255073,-0.27404124
-0.6007383,0.53245133,-0.20792243,0.71402407,0.4312718
0.7985682,-0.40571627,0.7273486,-0.25920475,0.6345475
0.27075985,-0.056044422,-0.1666036,0.39624506,1.3960171
-0.0033268556,0.16482893,0.36938214,1.0281289,0.10896056
0.9649526,-0.38102326,1.0100114,-0.5996057,-0.30230364
0.37772617,-0.09484466,-0.043660678,0.54505885,1.3935997
0.28789434,0.11727158,0.7885562,0.8124268,-0.36665267
1.119964,-0.59139186,1.1131885,-0.4385181,0.23734835
0.13054594,0.21624628,0.7274455,0.922529,-0.46506852
0.9731437,-0.6835216,0.5655942,-0.54536694,0.9716204
-0.99002314,0.35141054,-0.90881205,0.46207505,1.3358728
-2.1596332,0.4714543,-0.024779836,-2.7189112,-1.0793837
-0.038389407,0.15635076,0.8269878,2.043167,0.028677039
0.84281445,-0.29232678,1.0720197,-0.16322331,-0.8001666
0.48189744,-0.35396275,0.4653339,0.43538547,0.42541897
-1.0837572,0.23211065,0.5105564,0.45132762,0.63485426
0.52805257,-0.1900166,1.6988888,1.6871605,-0.8304851
1.1540816,-0.66117465,1.1718168,-0.64292586,-0.11878253
0.14009765,0.21448436,0.3352529,0.91050696,-0.18901548
0.8583505,-0.6431478,0.91402686,0.6276473,0.51874256
-0.12174996,-0.005187355,0.14777854,1.5115174,0.3807571
0.5876459,-0.5263894,0.23375818,0.64232665,1.1100414
0.1543357,0.21442476,0.5204419,0.85204715,-0.51718473
0.99271524,-0.5153077,1.3823034,0.21756901,-0.4290614
0.38946208,-0.3029817,0.36979607,0.62922084,0.20262468
0.4522247,-0.10001358,0.5012779,0.6478656,-0.09667543
0.4378089,-0.34787354,1.0924402,0.89124656,-0.4989573
0.7903821,-0.25697646,1.1685587,0.055136036,-0.7562117
0.3114713,-0.31730112,0.38786492,0.19589515,0.141126
0.44950977,-0.035826527,0.65111804,0.5077261,-0.31011835
0.8863898,-0.37018237,1.6492553,0.77080214,-1.1409196
0.5431205,-0.7857889,0.23321742,0.39090675,1.1593194
-0.63506985,0.14797512,-0.19992876,3.1059868,0.77155024
1.1141725,-0.7725352,0.84397626,-0.524472,0.2888967
-0.01511284,0.37460628,0.35175213,0.91287124,-0.60847557
0.84867364,-1.0151285,1.1912956,0.8969704,0.47510138
-0.42316875,0.25510374,-0.24168247,1.9130316,0.25692832
1.1179726,-0.56893045,0.9996577,-1.0545206,-0.26263636
0.29186097,-0.32046732,0.14784989,1.2705519,0.7499695
0.3158097,-0.27339396,0.5381744,1.3575443,0.077382825
0.6667081,-0.5114239,0.71648467,0.6540064,0.19104955
0.54104394,-0.21089253,0.4963754,0.3619414,-0.0034279004
0.24847087,-0.7042831,0.2692396,1.2154497,0.35654983
0.11642305,-0.015813671,0.12614235,1.1787149,0.25854278
0.39141724,-0.5240148,0.86158985,0.7841912,-0.26094586
0.4092289,0.049613155,1.4414952,1.3031522,-1.5719728
2.9513164,1.3782316,-1.3420398,0.9829243,-3.4930472
1.2876227,-0.6971258,1.1585605,-1.4390836,0.055089913
-0.5355699,0.51476306,-0.12860861,0.7236031,0.44131544
0.47708967,-0.2523106,1.3516679,0.67627037,-0.13447848
0.14056203,0.016794838,0.68663853,-0.47929895,-0.36787042
0.505507,-0.20015177,0.56205857,0.32061177,0.22083133
0.54378015,-0.040280186,0.971012,0.3453462,-0.6330156
0.49389496,-0.557875,0.041501306,-0.09732251,1.8232824
-0.8506497,0.9274012,0.63973254,2.4738533,-1.2030033
0.07898102,-0.9754509,1.4167758,-3.4527578,-1.4966451
-0.47039154,0.68616927,-0.075660266,2.3969061,0.3041307
1.5478531,-0.7823652,1.8759879,-0.70771927,-0.88544214
0.5710434,-0.037786327,0.8093102,-0.31372476,-0.80942374
0.7850411,-0.3579205,0.9978078,0.14939047,-0.30849525
0.638063,-0.21414217,0.44822767,0.044024717,0.38250032
0.38604996,-0.5745166,-0.46059358,1.2408174,2.7235327
-0.77158374,0.7705599,-0.16471857,2.637844,-0.03651508
1.1438489,-1.1954826,1.0127974,-0.28711385,0.6315735
-0.6181957,0.9032661,0.5425917,2.387156,-1.4964688
1.6929185,-1.2504524,1.790532,-1.034257,-0.011395581
-0.41869017,0.57763404,0.13422379,1.8598924,-0.22707176
1.6003468,-0.98801553,1.4013462,-1.1130788,0.09790658
-0.69720286,0.44346395,-0.27810046,2.8819077,0.68306655
1.1788964,-0.754413,1.028445,-0.2929852,0.30071816
-0.20645234,-0.028018318,-0.36363107,1.8088067,1.2829692
0.436034,-0.0879043,1.5133617,1.5270662,-1.069207
1.1780716,-0.7184285,1.0628692,-0.68184596,0.19087496
0.32303324,-0.0046389922,0.28585377,0.56601083,0.16254342
0.6431637,-0.2980536,0.7395931,0.39115852,0.039495938
-0.2722691,-0.7076925,-0.6580741,-0.5645644,1.9614909
-1.2308259,0.91606677,-0.48905754,4.291802,0.62591946
1.514061,-1.0146302,1.7183348,-0.95449126,-0.4647038
-0.11466535,0.4007775,0.65562874,1.6011043,-0.8049512
1.432036,-0.99166095,1.0274853,-0.8504178,0.58486074
-0.30189052,0.57155675,0.18832275,1.504279,-0.6252043
1.3303106,-0.9672612,1.7378668,0.16841681,-0.42583337
0.080297805,0.090742745,0.106853805,0.901992,0.17709336
0.5267946,-0.32374558,0.84933233,0.71660864,-0.2475402
0.321202,-0.8914846,-0.10487846,1.2792714,1.7728446
-0.41798672,0.32252613,-0.31819847,2.3529842,0.6129771
0.8514599,-0.8156961,0.49310026,0.28785217,0.8875911
-0.11886104,0.405193,0.4227614,1.3072985,-0.8681939
1.4197093,-0.81350744,1.6851064,-0.41522545,-0.64937615
0.25754192,-0.21069226,0.08987781,1.022405,0.6846698
0.56442815,-0.20909962,0.894603,0.6624643,-0.46755242
0.49051538,-0.58874303,0.46739787,0.38831627,0.6333781
-0.15610906,-0.3040236,-0.37471926,1.7859566,1.6628424
0.28105006,0.11051241,0.6149197,0.35354447,-0.74701846
3.0769353,1.4305192,-1.0831071,0.5834951,-2.9586258
1.2698948,-0.66818416,1.5512457,-1.3787867,-0.57006234
-1.5264206,0.23580137,-1.4895701,-0.40116173,2.9392374
-0.6524159,0.68692505,0.026005467,2.055795,0.36580613
1.059482,-0.42735752,1.3754864,-0.5132269,-0.72561836
0.4997454,-0.019113384,0.5452372,0.21562763,-0.07117609
0.7011348,-0.16277489,0.9556775,0.12068279,-0.45406726
0.62353706,-0.20357785,0.47568825,-0.016935099,0.34589687
0.59702986,-0.06944116,0.9759123,0.23799975,-0.6320951
0.6726562,-0.5555838,-0.025746414,0.17824765,2.119078
-0.45112666,0.46258512,-0.46477926,2.0791094,1.3059691
0.99821395,-0.47365603,1.0091593,-0.2751823,-0.042403765
0.43807676,-0.29395518,0.09146442,0.3605134,0.952928
-0.375051,0.21937194,0.1148537,1.2400503,-0.02413056
0.858174,-0.4369491,0.90883386,0.07727213,0.09097429
0.27239832,0.13489547,0.59875345,0.8455916,-0.26236066
1.0805368,-0.5168455,1.1074299,-0.559112,-0.20473737
0.41673157,0.018270649,0.6260034,0.3720535,-0.36441854
0.6939651,-0.59261733,0.58930457,0.12070836,0.5063792
0.21832624,0.18871608,0.37606212,0.46013564,-0.29180366
0.911057,-0.5062335,1.1204778,0.2095281,-0.07064802
0.3366517,0.003090538,0.7951173,0.78102636,-0.38849875
-2.4071681,-0.52851135,-0.26151857,-5.7562156,0.4575481
-2.3805578,2.3996263,0.2441901,8.064843,-1.1341982
3.2400992,-1.9420499,3.334906,-2.516966,-0.7588391
-0.6192033,0.7902485,-0.39333794,2.0743456,-0.16307321
1.5505643,-0.6722802,2.497209,0.22657962,-1.8725703
0.7310516,-0.4540151,0.7129513,-0.217346,0.045878552
0.41269484,-0.10209259,0.22912744,0.47897315,0.47008
0.60778946,-0.11372026,1.0378362,0.35177225,-0.77932477
1.0873773,-0.5160468,1.0674745,-1.0066981,-0.4391984
0.2996603,0.10070149,0.56881046,0.5606627,-0.54002815
1.0855398,-0.5397528,1.2125338,-0.4366554,-0.35656407
0.4538519,-0.12305673,0.67352885,0.7049859,-0.1534647
0.68324804,-0.33297,0.50404346,0.19045259,0.32425734
0.4253858,-0.060955845,0.7103732,0.65706897,-0.36524305
-0.7464584,-1.0794657,0.13427758,-0.63976693,1.5499172
-1.2684038,1.3878471,-0.057591982,3.9686494,-1.0268445
2.041237,-1.7450875,1.751332,-1.4787216,0.085115425
-1.139653,0.25604787,-1.36724,3.622326,2.032078
0.5488057,-0.20987448,0.96506244,0.8733414,-0.7772393
0.008013524,-0.6773609,0.3436792,-0.29167718,0.040416382
-0.59743756,0.22324386,-0.48471048,2.21574,1.1463389
0.7540553,-0.29368576,1.0375202,0.51044047,-0.6164588
0.5784747,-0.4840344,0.42521268,0.46495074,0.6161705
-0.18157986,-0.08172687,0.30164802,2.025026,0.06935983
0.5530515,-0.8088249,0.6263318,0.89911044,0.25003493
0.006209828,0.31373325,0.49527916,1.2024972,-0.8629539
2.818896,1.6008216,-0.9388694,-0.47986937,-2.6105933
1.4635913,-0.7327479,1.4124485,-1.3718551,-0.27259445
-0.31782213,0.53300685,0.46005934,0.84817815,-0.6478697
1.1977583,-0.7047838,0.9596152,-1.0224888,0.50354266
-0.16142002,0.49284044,0.25364807,0.98037314,-0.3887978
1.1761565,-0.59549266,1.5988414,-0.36189348,-0.26595688
0.117585875,-0.022754036,-0.30109394,0.5934105,1.7222979
-0.053238295,-0.026010834,-0.57217765,0.49452388,2.3625965
0.16515413,0.16974989,0.23324063,1.0407075,0.30255127
0.9424621,-0.37045655,0.9806166,-0.45898032,-0.29929945
0.6996728,-0.14979538,0.8870555,-0.45838434,-0.6668248
0.43150285,-0.24813113,0.7476428,0.30520856,0.41313428
0.36619803,-0.0057190284,0.42551562,0.5913255,0.35071257
-1.1428473,-0.19020733,-0.01932464,-1.7081903,0.25565267
-0.12916127,0.58133906,0.7192955,2.1698155,-0.7976568
1.625954,-0.99115074,1.2821829,-1.486796,0.13718149
-0.5923682,0.46369377,-0.33709744,1.64302,0.65554917
1.0287241,-0.5018919,1.2320884,-0.3142401,-0.48173505
0.07987849,0.118458904,0.6631909,0.5865891,-0.38451967
0.4501281,-0.40119347,0.53021413,0.9868995,0.71662086
0.2310923,0.10903183,1.1080816,1.0812091,-0.9900556
1.0445843,-0.90239704,0.42676985,0.0873626,1.654714
-0.49067906,0.6839806,-0.24399897,2.1049533,0.08224606
1.2745425,-0.8382648,1.4089571,-0.29830384,-0.1902557
0.15582773,0.14061275,0.22858271,0.7903281,0.03759282
0.63509274,-0.28643307,1.1134648,0.43131584,-0.3702584
0.94220924,-0.40642437,0.8859264,-0.8160276,-0.28360176
0.4970818,-0.032378994,0.8956307,0.3373407,-0.61586416
1.0574055,-0.4806536,1.0911939,-0.8184843,-0.4596919
0.49035767,-0.11923488,0.62774575,0.4877379,-0.099191315
0.7250372,-0.23219761,1.3855774,0.68608546,-0.78169113
1.0133069,-0.5040663,0.9894472,-0.5711596,-0.20478144
0.27641,0.004974045,0.4129031,0.95208246,0.10161688
0.9229381,-0.3484982,1.1113329,-0.5038406,-0.654038
0.3625343,-0.14908013,0.9821919,1.3629673,-0.10138915
0.42694542,-0.6399101,0.5770097,0.32832223,0.28864002
-0.5256577,0.036905445,0.055101357,2.0212219,0.42332312
0.39127204,-0.6272334,0.21196571,0.7494784,0.86951494
0.013139226,0.37352386,0.6655918,1.2996668,-1.0657464
1.3034517,-0.96893966,0.9645166,-0.70681053,0.4936477
-0.1501585,0.3137714,-0.13109216,1.480001,0.385737
1.1401252,-0.6135815,1.3299853,-0.17441331,-0.35423747
0.07021163,-0.37125048,0.14966527,1.2677706,0.74762213
-0.03033223,-0.17448363,0.20461869,1.9401441,0.3968895
0.43107226,-0.2713078,0.5928283,1.0272417,0.19280574
0.6355133,-0.5188506,0.28918782,0.3627321,0.83464956
-0.30299327,0.19038978,0.6859783,1.8760253,-0.68729156
1.083213,-0.69043577,1.1205072,-0.1348264,-0.0035454407
2.8638046,1.3736421,-1.2952199,1.1393286,-3.71862
1.126727,-0.5533927,1.674572,-1.0517197,-1.0728672
0.05572573,0.11582676,0.30843785,-0.19652973,0.17261213
0.34669158,-0.27525124,-0.06786931,0.27285415,1.8610595
-0.58165616,0.5424029,-0.22704336,0.9150034,0.3983648
0.5640789,-0.40809807,0.64717245,-0.21131729,0.4950193
0.31572708,0.17387453,0.90825796,0.5844589,-0.8727253
1.0925506,-0.5775636,1.0869477,-0.36281598,0.15674332
0.25952837,0.17809215,0.5823437,0.65888447,-0.40286633
0.51634294,-0.49287257,0.98079556,0.1362532,0.26834357
0.24697134,0.1319057,0.32458827,0.64933884,0.06724929
0.6784027,-0.32327113,0.8863959,0.3685897,-0.099847294
0.78688484,-0.25521454,0.7634059,-0.7155753,-0.345447
0.59587955,-0.07230934,0.9633337,0.03210498,-0.765812
0.7503478,-0.4096788,0.8002124,0.011373293,0.19654974
0.20619228,-0.12837347,0.38751498,0.6590949,0.53282666
0.7241973,-0.22631583,0.86681116,0.063409045,-0.21691403
0.39736405,-0.323047,0.23923999,0.3468588,1.0918564
0.33019295,0.057912506,0.5361263,0.7189808,-0.15576538
0.86453015,-0.37841257,0.8727743,-0.24727516,-0.08566899
0.06747917,-0.30470547,-0.21531984,1.0081958,1.5996454
0.056718327,0.33777538,0.49589863,1.0693148,-0.5792806
1.0664427,-0.6169265,0.9305895,-0.3742656,0.2623689
0.15932748,0.19152465,0.18223336,0.7730897,0.104392044
0.82606673,-0.38737473,1.0648069,0.20989002,-0.19289345
0.41773418,-0.12943682,0.8436189,0.85123086,-0.19625717
0.4469225,-0.038253628,0.77889156,0.763253,-0.5407092
0.7161389,-0.38652834,1.2823766,0.38839102,-0.3025007
0.69819456,-0.47888216,0.21842203,0.056255233,1.0286369
-0.09630295,0.17714801,-0.16767493,1.7071762,0.9225343
0.5064683,-0.37264284,0.89403224,1.069187,-0.020370133
0.6873624,-0.1703566,0.8845867,-0.2679695,-0.5972409
0.76312137,-0.4791325,0.5096465,0.03073598,0.6036897
0.09762756,0.14701667,0.2976928,1.1717144,0.049425505
0.9805625,-0.47301707,1.3133241,-0.16964345,-0.48781863
0.49416533,-0.043024383,0.9252487,0.47080636,-0.62316984
0.6500793,-0.57674104,0.33771947,0.27629435,0.8134015
-0.014463209,0.4229838,0.5622035,0.93319184,-1.119159
1.4177542,-0.8685988,1.2513278,-0.92439294,0.04354935
-0.35774878,0.20167175,0.07868203,2.0544143,0.22375256
1.0140053,-0.46711144,1.6111623,0.14118631,-1.0094334
0.69301754,-0.41433272,0.7598165,0.25548595,0.07663005
0.044263937,-0.30235228,0.041941844,1.2239567,0.8513584
0.085340895,0.02671305,0.67304754,1.7457107,-0.36210662
0.64618903,-0.34090218,1.2987473,0.3084029,-0.8823904
0.5308451,-0.15255389,0.89241785,0.68243676,-0.6095481
0.72506225,-0.38585123,1.465312,0.6779816,-0.8296986
0.7351096,-0.36995587,1.0233698,0.26084983,-0.4450832
3.0730484,1.3820034,-1.2525342,0.96193296,-3.7114804
0.63930845,-0.55940324,1.5780766,-1.2433698,-0.66688794
-0.0054171905,0.2670485,0.35221758,-0.014226604,-0.19555539
0.37761727,-0.14657912,0.5573961,0.52154,0.5165145
0.4787707,-0.00278648,0.96439487,0.36674273,-0.65594715
0.9283417,-0.4106587,0.9979318,-0.3406602,0.0109638795
0.07996736,0.062788166,-0.013291875,0.88275915,0.9323904
0.6107735,-0.22587237,0.41833904,0.29430968,0.67452586
0.2376562,0.14562908,0.667457,0.7702317,-0.43548033
0.9026919,-0.58362657,0.62964886,-0.19507025,0.82505447
-0.33540848,0.36268535,0.11102759,1.4652783,0.3036653
0.3359082,-0.49614128,1.0318487,0.21378459,0.13828948
0.15897575,0.2752072,0.6614146,0.7856015,-0.8430844
0.42123517,-0.49353775,0.4573595,-0.77940685,0.45715314
0.024125375,0.3981978,0.47093973,0.9439983,-0.6773931
1.1617306,-0.9382266,0.38243917,-0.31805402,1.8393664
-0.58646894,0.9126574,0.15702984,1.856104,-1.0474473
1.5209767,-0.8348936,1.4527107,-0.97685945,-0.26094067
-0.17842433,0.23270908,-0.12921676,1.682784,0.8054105
0.8538594,-0.48013386,0.5973203,-0.057656933,0.5311802
0.1540328,0.12135569,0.13825998,0.87767655,0.3474318
0.8414676,-0.32435593,0.9400373,-0.07237564,-0.25889495
0.68104506,-0.19066986,0.8467882,-0.09334533,-0.41454604
0.4890271,-0.51916295,0.02795901,0.5807315,1.7021838
-0.16935453,0.5307347,0.49856564,1.2923694,-0.9446591
1.3484402,-0.8609456,1.651497,-0.4044662,-0.19415787
-0.12753782,0.15597644,0.14492467,1.6544737,0.42133445
0.8663351,-0.43201622,0.90963,-0.10654162,-0.16542184
0.28299895,-0.25642332,-0.09028522,0.92208445,1.3335375
0.15242812,0.19580665,0.62400794,1.156797,-0.5637419
0.49027506,-0.9024805,0.7785756,-0.5218304,-0.049702503
-0.28087202,0.62230414,0.19007471,1.5437361,-0.5480512
1.2011616,-0.8690065,1.2136894,-0.3486008,-0.16402346
-0.3242596,0.4268128,0.08468308,1.9266508,-0.097698726
1.2277677,-0.71069896,1.8239398,0.11360766,-0.6242882
0.3183106,-0.08605894,0.4803541,0.8406054,0.1180129
0.5410915,-0.376479,0.36051533,0.7740673,0.92510897
0.025796391,0.09537045,0.6462891,1.5377762,-0.71438116
1.2179569,-0.5887025,1.4508393,-0.5953295,-0.65390664
0.49698666,-0.30646262,0.5699832,0.49320012,0.344266
0.41361734,-0.19182858,0.824066,0.95220834,-0.26981497
0.88717586,-0.40661988,0.9233637,-0.3367086,-0.23707479
0.15907213,-0.0547665,0.87115484,1.7527524,-0.093412824
-0.39385524,-0.71355283,0.12793395,-1.5592704,0.32392633
-0.4480913,0.59712714,0.2939035,2.7370257,-0.3122371
1.3839345,-0.75112283,2.2575662,0.24273027,-1.2196214
0.69022,-0.29523072,0.5551028,-0.30530816,0.031804822
0.22553852,-0.055708252,0.6879511,1.331435,-0.59780097
2.6679301,1.3902766,-1.2147101,0.8707863,-3.460665
1.3589845,-0.6145614,1.429112,-1.1387534,-0.4549393
-0.4134005,0.37432256,-0.053495206,0.55259424,0.509373
0.780376,-0.26585993,1.0890535,-0.40879154,-0.5111418
0.4022394,-0.1827949,-0.006875197,0.3642565,1.4857705
-0.039901458,0.37412944,0.29360622,1.2562364,-0.16246086
1.0372719,-0.5764621,0.78114694,-0.45680487,0.7593727
-0.09338524,0.37509027,0.47984618,1.4611969,-0.22473046
0.6163273,-0.6116813,1.3607811,-0.12571351,-0.16746843
0.3248357,0.1488215,0.69220924,0.4342525,-0.5739481
0.92583454,-0.55478746,1.0207452,0.024841022,0.48675862
0.22491518,0.18862548,0.6528898,0.53225005,-0.53302586
1.1274555,-0.55830413,1.0278798,-0.5614389,0.087393634
0.0023671165,0.27147594,0.7880217,1.2956896,-0.6619037
1.3674471,-0.6949681,1.6394869,-0.8585885,-0.5864212
0.15523818,0.09539191,0.49320048,0.4763689,-0.17301357
-0.16538915,-0.6026524,0.26878038,-0.840107,0.649068
-1.4841307,1.2467772,0.15172413,1.6190232,-0.74560624
0.97686625,-1.0675257,2.5089643,-0.6787205,-1.7413253
0.06739906,-0.046529137,-0.097884215,1.0761422,0.85197896
0.42392382,-0.039233528,0.879828,0.90328825,-0.668982
0.90061784,-0.58071786,0.59871495,-0.4078887,0.44116592
0.13879839,-0.087379776,0.23795858,1.3253394,0.40849057
0.3982565,-0.017654262,1.4436197,1.0858747,-1.3409007
0.59677327,-0.8423346,0.5090332,-0.16354786,0.31871393
-0.8816555,0.8305484,0.52605397,3.4826033,-0.7408727
2.054817,-1.329059,1.848726,-1.6289045,-0.057080753
-0.55591875,0.6842238,-0.40311357,2.2037082,0.3651899
1.3569329,-0.76557815,1.5319396,-0.43025887,-0.46600106
-0.015463315,-0.12129959,0.16879866,1.7572803,0.5877491
0.28572515,-0.71065366,0.23930115,0.66207683,0.7322987
-0.4990917,0.4790837,0.16041258,2.538159,-0.36491808
1.5244063,-0.8752769,1.427163,-1.3449905,-0.30608913
-0.17138854,0.32922092,0.28119472,1.7892748,-0.28701735
0.5226415,-0.84243715,1.7582244,0.17158557,-1.2476574
-0.34252313,-0.08867916,0.05431258,0.7455622,0.44402578
0.32457533,-0.14453349,0.68114877,1.4124144,-0.16263285
0.5483651,-0.73150575,0.49046892,0.4937076,0.41387236
0.102668144,0.23311678,0.56367123,1.0829124,-0.69094133
1.0066178,-0.94013155,0.82957894,0.04372574,0.3265511
-0.095827304,0.46059433,0.4998918,0.9868287,-1.0782653
1.321053,-0.69446266,2.1513298,0.28013188,-1.3491501
0.7230107,-0.37014183,0.67243767,-0.1059535,-0.1361664
0.41782305,-0.063781105,1.0167334,1.3100287,-0.7132602
0.29682395,-1.4888495,0.49894786,0.36814713,0.5971921
-1.0441277,1.1774999,-0.3649057,3.0766912,-0.5368632
1.6587998,-1.0680693,2.1502426,0.13403054,-0.5692421
-0.17516866,-0.042774044,0.08361175,2.2887552,0.45436415
2.83883,1.3917834,-1.2746115,0.8109103,-3.6744854
1.1894896,-0.55514747,1.8865619,-0.19908284,-0.8703365
0.06251744,0.11909548,0.3024085,-0.1846513,0.17877436
0.48471752,-0.086562,1.2017145,0.62725586,-0.42803985
0.058717288,-0.17093596,0.4604846,0.5635266,1.1340922
0.022518195,0.31562868,0.32655087,1.1900091,-0.17870995
0.99623,-0.42213854,1.1439044,-0.38231045,-0.40222937
0.47524717,-0.15204129,0.25076362,0.34848547,0.7235696
0.1845592,-0.20182309,0.09601589,0.34932536,0.943415
0.121944286,0.31501117,0.7312314,1.1078002,-0.9283962
1.0784853,-0.7713789,0.9545416,-0.7290902,0.41474268
-0.28799167,0.52282876,0.10397049,1.8486001,-0.0120532885
1.3884706,-0.7810062,1.1412143,-1.165024,0.094306044
0.12777594,0.24750295,0.33602527,0.7617168,-0.17845413
0.96724945,-0.516681,0.8478992,-0.34396666,0.16855872
-0.026956402,0.25790992,0.18393323,1.2856385,0.25041175
1.0892737,-0.5279868,0.88640094,-0.98202074,0.010400377
0.101467766,0.06613318,-0.24154884,1.2774224,1.3600593
0.6197607,-0.12790856,0.8143747,0.20125706,-0.36321202
0.7344137,-0.32143292,0.61758333,0.085456625,0.30114597
0.5688529,-0.19776282,0.4795387,0.30311573,0.35860592
0.37794647,-0.023259483,0.6539702,0.74787337,-0.16969651
-0.7925885,-0.4500216,-0.08090369,-2.1835616,0.52576125
-0.43316355,0.60832804,0.20712262,2.881581,0.21284896
1.4261055,-1.0499567,0.8793031,-1.0220679,0.82746315
-0.8593565,-0.040575825,-1.746898,1.4598377,3.604787
-0.5742561,0.68973124,0.09830918,2.7989671,-0.31652647
1.3319103,-1.0667628,1.4732502,-0.5968303,-0.27402654
-0.327877,0.17515483,-0.3872797,1.6320268,0.7492098
0.7107666,-0.20942387,0.84214216,0.2268609,-0.3681712
0.39219955,-0.44022736,0.40316087,0.4617269,0.3374305
0.43721935,0.04541222,0.83462304,0.266137,-0.84819996
1.100231,-0.6418127,0.7341458,-0.70427513,0.47301504
-0.5322792,0.11201922,-0.34778416,1.5595268,0.49933544
0.4964747,-0.22746262,1.5251464,1.3174499,-0.81906813
0.9811996,-0.5622929,1.0272479,-0.19900613,-0.077579446
0.29836103,0.07278267,0.58130294,0.5882079,-0.46878573
0.89416784,-0.6779951,0.6192311,0.27527744,0.8328398
0.37530288,-0.051154457,0.477994,0.597012,-0.06990302
0.60458636,-0.5028432,0.3752054,0.6516736,1.1091824
0.115586914,0.17380777,0.4787992,1.2025759,-0.39881378
0.6872084,-0.91534317,0.89519304,0.37027144,0.20110011
-0.28986546,0.41545454,0.74843216,2.2526302,-0.74091244
1.3496393,-0.94658077,1.3281772,-0.8742494,0.045573466
-0.23950091,0.31122747,0.08297076,1.896997,0.03982263
0.56493133,-1.1749738,0.6648755,0.25318855,0.59339625
-0.8062683,0.6881386,-0.17327338,2.8629227,-0.42104837
1.4710677,-0.9630984,1.8263357,-0.4422868,-0.4491513
2.9859357,1.4008313,-1.2439221,0.89415175,-3.68407
0.0012243167,-0.50861055,1.7032404,-1.7701002,-0.76031697
-0.43826172,0.5680234,0.049288295,1.5925952,0.4224364
1.1294382,-0.55220777,1.252228,-0.8590881,-0.29584843
0.36275837,0.039156117,0.45213702,0.048595916,-0.08021546
0.82596284,-0.29118475,0.8824497,-0.56627566,-0.29342848
0.30281457,-0.13624606,0.11201172,0.49519658,0.9816951
0.4688197,-0.044490658,0.40317163,0.24853869,0.26372406
0.74880195,-0.32662567,0.37962833,-0.058127034,0.83663994
-0.10892757,0.16156259,0.054531716,1.2816062,0.49766827
0.85618883,-0.3944486,0.6894318,-0.20631336,0.40591592
0.44917932,0.0026685372,0.66269547,0.4037431,-0.26405376
0.99424106,-0.49517807,0.7001995,-0.63145065,0.37833887
-0.40846506,0.28822246,-0.0041787424,2.0034997,0.9573306
1.0130515,-0.40261206,1.4112056,-0.18045776,-0.63796264
0.66653913,-0.28776821,0.51445216,0.040631723,0.38527894
0.10664729,-0.014402233,0.19138387,1.3238347,0.8151525
0.6562264,-0.21716294,0.7328769,0.2528345,0.008589737
0.6461202,-0.14230904,1.1995617,0.112061635,-0.93757993
1.0001754,-0.43777642,0.9573955,-0.8164072,-0.22533458
0.16358826,0.02197329,0.28582603,1.0790297,0.26990357
0.84483844,-0.27339157,1.1239109,-0.22048722,-0.67601544
0.2582992,-0.41521487,-0.01712648,0.47168362,1.5758418
-0.16116342,0.50660914,1.024471,2.1116705,-1.1678044
1.3357316,-0.930621,1.6694124,-0.6067044,-0.44241607
0.12819275,0.28092924,0.48929963,0.57795614,-0.6581234
0.8915493,-0.71516454,1.1581104,0.2219022,-0.030012764
-0.0053558573,0.36655012,0.6571389,1.2972808,-0.75272524
1.062824,-0.92889726,0.7431248,-0.4549638,0.8522495
-0.3145139,0.6604415,0.29412887,1.4544404,-0.93040735
1.1268396,-0.97071826,2.0846155,0.2893628,-0.50286984
0.2122455,0.084283985,0.27513704,0.65326685,0.039372347
0.8447884,-0.34999546,1.1663889,0.09498651,-0.45946807
-0.07842871,-0.81474245,-0.4243132,0.22240575,2.2041469
-1.1795908,0.38012806,-0.796574,3.0081742,1.1281011
0.7899315,-0.5581873,1.3808968,0.42093426,-0.70446193
0.59900254,-0.08333858,0.8582099,-0.1004716,-0.7483192
0.90508515,-0.41743454,0.7637287,-0.57687753,-0.019513644
0.1343849,-0.04830774,0.22528717,1.4579318,0.4693834
0.55525696,-0.6646532,0.521212,0.61424446,0.34203705
-0.22783759,0.09097401,-0.44533047,1.6429335,1.3030841
0.20532736,-0.6388444,0.3373684,1.5516826,0.96756697
-0.35062787,0.074999966,0.20023483,2.1722054,-0.053709246
0.9284043,-0.3906506,0.9201706,-0.5785514,-0.35923553
0.3961762,-0.06943401,1.022816,0.85387444,-0.72044396
1.1401213,-0.5530613,1.2564273,-0.7230871,-0.5220523
0.37780878,-0.16788658,0.20864639,0.72843003,0.5999301
0.4261531,-0.5484908,-0.0036844113,1.2534945,1.6289285
3.683995,1.6016299,0.916383,-1.2363439,-2.7256377
0.188467,-0.74222744,0.6624559,-0.6563739,0.40589345
-1.1181406,0.7047206,-0.8173257,1.2442439,1.2293881
0.7433996,-0.26957688,1.0542,0.17672916,-0.052209742
-0.009293698,0.11647526,0.57730925,0.030311119,-0.4406063
0.68769157,-0.2973002,0.7264976,0.06666435,0.11767583
0.35677776,-0.026833378,0.44395423,0.638019,0.2245788
0.8963608,-0.43415007,0.68006784,-0.36688167,0.39772525
0.09123514,0.1296002,0.29632986,1.2431817,0.47414118
0.9847294,-0.37356314,1.2872984,-0.3201036,-0.7127883
-0.1430814,-0.19463715,0.039249353,-0.017074753,1.0950369
-1.0700948,0.24661842,0.30374935,1.5354906,0.45860943
0.6969729,-0.27413067,0.75226736,0.4475845,0.30829692
0.4560962,-0.32503304,-0.091292,0.73038715,1.565875
-0.17209074,0.28699222,0.33870474,2.0435526,-0.013832815
0.9859736,-0.8599466,0.8025379,-0.34151584,0.55574876
-0.298924,0.51373786,0.06660064,1.8209802,0.007153325
-0.36476204,-1.2157148,-0.39782995,-5.783139,0.4428884
-2.1727328,2.2422366,-0.6792652,5.6054535,-1.026943
2.7157168,-1.8513602,2.350252,-2.274362,0.08016663
-0.86708266,1.087485,-0.22042397,2.2909405,-0.76823664
1.6768568,-1.2707013,1.5320858,-0.76244974,0.25459826
-0.40969297,0.6472331,-0.047391094,1.6214504,-0.30496386
1.1627659,-0.82083166,1.1435754,0.118749276,0.35221207
-0.33972183,0.23561063,-0.33057883,1.3844168,0.82246596
0.737399,-0.3067654,1.0638608,0.43254125,-0.30659473
0.3305547,-0.411846,0.30622157,0.41469705,0.817951
-0.29164037,0.14946523,0.63557464,1.858671,-0.5799098
1.2109649,-0.662207,1.1084366,-0.78921014,-0.12212465
-0.16004065,0.015378632,0.07984509,2.0101323,0.47033927
0.7864993,-0.36643443,0.8264742,0.057557356,-0.06078068
0.31142625,-0.1079553,0.8404174,1.201801,-0.52093565
0.7621876,-0.60035163,0.81884915,0.36996263,0.16000938
0.064178444,-0.47921118,-0.43093032,1.6412321,2.0100186
-1.7797698,0.322302,0.023027023,-0.15863244,-0.031189464
0.45129344,-0.11664804,1.132712,1.8033228,-0.6192469
0.9442232,-0.68082273,1.0928411,0.1758755,-0.22786084
0.13916638,0.04216019,0.19335666,1.113833,0.15780032
0.65869725,-0.44811425,0.73660105,0.6882609,0.012637101
0.36489627,-0.31815943,0.31496382,1.0812248,0.4705683
0.51663584,-0.15363392,0.68238884,0.5271655,-0.31524086
0.6898057,-0.49394068,0.82101786,0.7157412,0.10234632
0.25164142,0.028608479,0.7617287,1.2211971,-0.5888299
0.9234776,-0.64089954,1.2764328,0.65166575,-0.19084254
0.39925787,-0.34020838,0.51225626,0.80759794,-0.062166966
-1.9800001,-0.81974685,-0.48206556,-2.9689286,0.67920375
-2.4900675,1.5974385,-0.6506727,7.2460556,0.65577734
2.261701,-1.3258594,2.0482767,-2.3607721,-0.5527692
2.9100142,1.4466578,-1.2932754,0.9281525,-3.2649534
0.36096093,-0.24034676,2.040441,-0.09053455,-1.0785463
0.12835422,-0.064601265,-0.030501166,0.034841012,1.3785356
-0.2133855,0.34207168,0.12234568,1.3149244,0.3615116
1.0427918,-0.5267852,1.0493921,-0.542865,0.034756295
-0.07748868,0.48777166,0.5278608,1.283585,-0.78273433
0.9730511,-0.85650146,0.61651313,-1.0220915,1.1626797
-0.7194405,0.82802594,-0.17254123,2.4817803,0.018533133
1.1856631,-0.6508225,0.9852796,-0.7847196,0.09994539
0.27431592,0.1803762,0.54791605,0.36287963,-0.5442043
0.74879193,-0.32983002,1.413119,0.34690994,-0.6500442
0.5919855,-0.4554957,0.35538912,-0.14744638,1.1035144
0.07559643,0.39136472,0.6825191,0.73893946,-1.149914
1.0273873,-0.6231826,0.6796516,-0.4211794,0.6710662
-0.0696493,0.41233602,0.36867377,1.2525405,-0.44326997
1.225924,-0.74228704,0.9619521,-0.752912,0.3128326
0.0030330196,0.3178126,0.28615162,1.1896412,-0.20029935
1.0729302,-0.50820524,1.5769243,0.18232907,-0.5016547
0.66856563,-0.36932883,0.32767656,-0.083728895,0.6865919
-1.2870785,0.22190157,-0.388774,-0.8356086,0.13924363
-1.5882714,0.51844424,0.85012114,1.1807369,-0.8813243
1.0895666,-0.48474964,1.2049149,-0.070377216,-0.17159444
0.45533141,-0.06674703,0.619692,0.33682734,-0.43766606
0.9906036,-0.43889698,0.93118405,-0.7574753,-0.29677492
0.47992852,-0.039982162,0.63959664,0.17597188,-0.36726543
0.71590734,-0.6837505,0.28201067,0.68840253,1.3385347
0.03436301,0.41864935,0.7167293,0.65690964,-1.391239
1.3762616,-0.7918519,1.1896207,-1.1223018,-0.037660666
-0.26021776,0.12780252,-0.24232686,2.1009917,0.87239385
0.8052222,-0.3985804,1.2738196,0.5871615,-0.55196804
0.45658687,-0.61759883,0.11477273,0.83335125,1.4288533
-0.09422388,0.3530604,0.5102818,1.6516943,-0.6869277
1.0511845,-0.9802073,1.0215023,0.27791512,0.51939505
-0.20791307,0.449608,0.5468408,1.7519401,-0.7493416
0.80978715,-1.1581558,0.7335252,-0.36854964,0.41138154
-0.636856,0.8134228,0.043012045,2.3631139,-0.6625977
1.504513,-0.9632057,1.2612857,-0.9652485,0.030067645
-0.19220927,0.29460254,-0.10083661,1.8088145,0.4776285
1.035542,-0.5038827,1.6423992,0.35052323,-1.0470939
0.009665765,-0.6021469,-0.059751637,0.52645737,1.1333464
-0.1487203,0.2580959,0.4554439,2.1714993,-0.28773555
0.476594,-0.9326738,1.5744289,0.983892,0.16020384
0.4047278,-0.04944738,0.44620958,0.33426243,-0.19125566
0.6008338,-0.70263326,0.15884125,0.89204514,1.4361848
-1.1848724,-0.0027221069,-0.31787515,2.1931927,0.32790455
0.61098254,-0.71315944,0.43543962,0.7508041,0.6614322
-0.16883507,0.35493436,0.12204953,1.616661,-0.15026692
1.2784765,-0.75833976,1.1597037,-0.5876407,-0.05985246
2.315508,1.5279323,-0.79222864,0.22216578,-3.463722
-0.13191125,-0.73310316,1.0650787,-1.5969355,-0.30555502
-0.66514814,0.68781435,-0.449814,1.4253275,0.82233894
0.52535516,-0.3868216,1.5308201,0.42740357,-0.5861066
0.416316,-0.14015612,0.20739046,0.023894917,0.62958395
0.30104843,-0.0028437003,0.39744124,0.81310934,0.3267378
0.5830334,-0.21359143,0.8965475,0.41542876,0.039784603
0.6415102,-0.16617474,0.7077334,0.04628868,-0.15325901
0.67469645,-0.24217305,0.6563065,0.10850145,0.14130318
0.4678997,-0.09006914,0.6255997,0.5460246,0.047705613
0.27001885,-0.36231217,0.6265442,0.56715363,0.23611936
0.33466527,0.008624233,0.50606155,0.8728929,0.119442396
0.65980375,-0.11162456,1.5678543,0.8398304,-1.1255279
1.2127123,-0.61271125,1.2252997,-1.0344577,-0.29257026
0.16589013,0.20581308,0.4032747,0.8140751,-0.22401744
0.66534376,-0.5109733,0.9636185,-0.16882716,-0.08879764
0.25602987,0.10505024,0.6468565,0.83296376,-0.3557776
0.57734066,-0.9148449,0.05942463,0.04493935,1.9553865
-1.6402136,0.76669514,-0.67528677,3.1728868,0.85224736
1.2643436,-0.7034868,1.4560839,-0.30314648,-0.3433745
0.3295233,0.07865492,0.56087965,0.43665612,-0.39372066
0.8763462,-0.3380507,1.323687,0.10808052,-0.90052533
0.59583074,-0.6541008,0.3464283,0.17328306,0.77555007
0.06340364,0.3231651,0.44044974,0.83020806,-0.63250476
0.9510024,-0.42433676,1.4185113,0.34327108,-0.502468
-0.3046868,-0.36917624,0.6545557,0.31227583,0.14070511
0.06129829,0.048890747,0.2398889,1.4711064,0.52926326
0.71693873,-0.28274712,0.87199795,0.10844047,-0.3725755
0.61326313,-0.18352923,0.87968814,0.46171314,-0.4554838
0.6103229,-0.5143469,0.89275646,0.78492486,0.18615952
0.061981715,-0.08441623,0.7770745,1.5304749,0.030460022
0.77987784,-0.4026955,1.1753219,0.36431944,-0.49490649
0.63331157,-0.1981276,0.88044465,0.22440417,-0.39838424
0.4636602,-0.38484272,0.27868342,0.63328063,0.48703864
0.3610185,-0.01441177,0.66790265,0.7464532,-0.44700792
0.7966794,-0.586912,0.85037535,0.35665423,0.08896487
0.03643457,-0.12704071,0.24550095,1.5176897,0.13471141
0.8314553,-0.44782576,1.081365,0.22403635,-0.32925323
0.537583,-0.19619164,0.53856623,0.13051952,-0.04087401
0.66665053,-0.2865666,0.94478637,0.55129015,-0.350057
0.6178631,-0.33457455,0.7103925,0.33690995,-0.2126627
0.47719982,-0.1279014,0.9459795,0.81595355,-0.52891713
0.65191305,-0.6664866,0.8503386,0.5517858,-0.19527623
0.1934525,0.12092415,0.88565916,1.4435474,-0.77828074
1.160146,-0.7207602,1.2069806,-0.4158057,-0.064611115
0.124856986,0.052750744,0.21751037,1.0885359,0.11085849
0.7859636,-0.8388132,0.3292881,0.6146339,1.2474176
-0.38084385,0.18233362,-0.21457127,2.5721557,0.6562535
3.057332,1.3786703,-1.2521015,0.94713163,-3.7766616
1.3436724,-0.69448173,1.5235541,-1.2600653,-0.47511908
-0.6993946,0.5454046,0.08991461,1.1369584,0.27588776
0.9720234,-0.6560439,0.41058433,-0.4398753,1.7028381
-0.3180324,0.5412585,-0.11205957,1.2465531,0.22783881
0.7090981,-0.53743774,0.96752167,-0.24876218,0.15893856
-0.01874777,0.35065952,0.42313683,1.1772376,-0.33610514
1.3165982,-0.68232477,1.2956414,-0.88091147,-0.12558085
0.29186973,0.16492668,0.5748987,0.31171525,-0.53413993
0.77699894,-0.42066273,1.1090963,0.025767457,0.015268795
0.3009996,-0.2741998,-0.4952126,0.78031236,2.5770662
0.098710276,0.20123067,0.08076241,1.262932,0.53368056
0.858686,-0.42873797,0.87184846,-0.013677824,0.17350146
0.23135266,0.084009804,0.85833055,1.1349521,-0.3227401
1.048835,-0.62352353,0.785272,-0.5867831,0.46482438
-0.63712263,0.555535,0.5350459,2.449827,0.03337174
1.5235727,-0.8323449,1.5942112,-1.0589561,-0.34809685
0.12479565,0.10295216,0.053325616,0.964787,0.5531015
0.69603664,-0.31063494,0.4704805,0.09830083,0.45392424
-0.07996579,-0.058314167,0.20385087,1.2510043,0.58049875
0.43944862,-0.1669496,0.78443116,0.74875456,-0.33864436
0.2550936,-0.12343105,0.42875114,0.057616364,0.015414856
0.09951512,0.13107362,0.80033976,1.5280516,-0.7314772
0.7654032,-0.600571,0.82180494,-0.21851437,0.23748836
-0.10538902,0.16832176,0.2453124,1.5214072,-0.16243061
1.0671111,-0.5131882,1.1091659,-0.5426093,-0.28588602
0.39998886,-0.0011223182,0.6128937,0.52351874,-0.29718804
0.8491067,-0.442211,0.75049275,-0.09502511,0.21714956
0.43929717,-0.052046143,0.4767845,0.2119927,-0.09210519
0.19476303,-0.77881277,-0.2787624,-0.5936537,1.8817034
-0.4874622,0.32536092,-0.5566886,2.5531826,1.132725
0.37540928,-0.59652025,1.0763408,0.33806258,-0.6254143
0.27804223,-0.008339249,0.5661067,0.77871126,-0.17557353
0.8582103,-0.5321782,0.6058491,0.09759666,0.63507986
0.068218924,0.15196386,0.5008414,1.2017715,-0.31567645
1.0064338,-0.55254155,1.2451948,-0.0061778314,-0.2335555
0.09788165,-0.7418364,-0.0947778,1.162338,1.1540741
-0.24649665,0.5072815,0.2434353,1.7541293,-0.5118332
1.5191729,-0.8844775,1.3068819,-1.5156728,-0.14302781
-0.8454827,-0.2297419,-1.2522889,1.8853232,2.7903414
-0.31083015,0.4826695,0.68436617,2.4312963,-1.041502
1.2372406,-0.7940906,1.7379075,-0.38683444,-0.94690883
-0.1064805,0.096564926,0.6042919,1.3018913,-0.13881537
1.1342283,-0.57615215,1.1267705,-0.67296124,-0.31644565
0.13826516,-0.06136831,0.48132238,1.4351603,-0.12851503
0.64744824,-0.4498094,1.3892965,0.82329226,-0.92711794
-0.08389487,-0.9382957,0.17572042,0.38343233,1.2090199
-0.91275835,0.66894114,-0.16063708,3.5840313,-0.05395945
3.002455,1.3778573,-1.0623865,1.2880597,-4.053375
1.3448403,-0.6979698,1.5694726,-1.2326951,-0.6784803
-0.82109654,0.36321464,-0.736017,0.3694591,1.3873373
0.17734817,0.18368068,1.0528535,1.3728629,-0.69646835
1.0177003,-0.6229442,1.0943791,-0.769517,-0.048021503
-0.36250648,-0.11325773,-1.242301,0.25171727,3.4255242
-0.5937613,0.964306,0.596933,2.5570555,-1.3179578
1.8946596,-1.1632437,1.6863272,-1.7297148,-0.063537695
-0.49369815,0.80773175,0.01877453,1.7779609,-0.56066257
1.1602912,-0.87821186,1.5681323,-0.5193835,-0.46030122
-0.022487842,0.3422481,0.13705161,1.0945705,-0.028208174
1.0130941,-0.5120843,0.8741061,-0.24200372,0.2386508
0.22988692,0.0013882294,0.34051955,0.8826844,0.38784236
0.88547105,-0.27895626,1.4462482,0.045659255,-0.911371
0.50632185,-0.32699284,0.28622806,-0.10934256,0.58847857
0.07056085,0.14346185,0.21397418,1.2151762,0.3749233
0.8217271,-0.51625425,0.67712164,-0.014891434,0.70261717
0.1477693,0.2518827,0.70281553,1.1289588,-0.679011
1.2424326,-0.74382484,0.91456765,-0.8027487,0.48163956
0.014245726,0.3022534,0.07375457,1.0846256,0.20698059
0.46052095,-0.7972878,0.28154522,-0.15113442,1.367906
-0.7113696,0.53211516,-0.5581388,2.257512,0.86860144
0.752338,-0.27810034,2.0422263,0.6607511,-1.739283
1.0162747,-0.7120389,0.5915214,-0.5567851,0.8039508
0.124141015,0.14522138,0.42470136,1.206919,-0.033644415
0.98346645,-0.4449242,1.4807155,0.18417211,-0.57788306
0.78099436,-0.35167393,0.70214057,-0.26247776,-0.002682902
-0.33298644,-0.0227445,0.3580431,2.2492352,0.66437244
0.90114355,-0.41668114,0.7534706,-0.62855726,-0.005682774
0.2211313,-0.13426241,0.22939584,1.1646373,0.47179988
0.35775033,-0.62413865,0.08368366,1.0923892,1.5361624
-0.022520386,0.28921905,0.15419522,1.0787759,-0.10366044
0.96641207,-0.62611043,1.1006774,0.2380627,0.15302351
0.17116854,0.0640947,0.58957237,1.0742362,-0.46784714
0.95158696,-0.5133408,1.0364494,-0.06736778,-0.22975445
0.091135,0.11250559,0.47060904,1.5053058,-0.14073491
0.853897,-0.7501739,0.84107935,0.29208308,0.42085218
-0.3245913,0.38623396,0.15661648,2.026509,-0.20385754
1.0618602,-0.7572025,1.0673018,-0.18160056,-0.12118346
-0.011283897,0.18814626,0.41931298,1.4011694,-0.1825231
1.0906092,-0.61886483,0.8723207,-0.64743215,0.11733618
0.13877836,-0.037459694,0.16625962,1.0233334,0.36363855
0.51219106,-0.15444455,1.3584096,0.7880484,-1.0771452
0.6224368,-0.49745736,1.2237494,0.92767453,-0.028982557
0.6862346,-0.23030934,0.93859,0.0054409616,-0.5071281
0.6647993,-0.41391787,0.6553518,0.32038164,0.066897534
0.41561505,-0.24800238,0.7555391,1.0946453,-0.031571902
-0.1116037,-0.58789426,0.27159008,0.5704837,0.6359709
2.5517695,1.477707,-0.9055686,-0.32302845,-2.7313468
0.7234576,-0.5019539,0.97338057,-1.1572015,-0.16807255
-3.1560202,0.37527624,-2.385963,-3.3890462,2.9713733
-1.6866829,1.76992,0.05198928,6.38682,0.0925222
2.2293186,-1.3529414,2.77009,-1.5124352,-1.2566708
-9.997934e-05,0.40937963,0.34789374,0.5923621,-0.67767227
1.0542699,-0.69098175,1.0831391,-0.36623257,0.3682788
-0.45236585,0.4335529,0.2641185,1.2759414,0.061646245
0.46131954,-0.56804115,0.8209431,-0.3392086,-0.17371967
-0.642744,0.25778595,0.02988877,1.2757977,0.25898182
0.85907024,-0.13114151,1.9219692,0.82044214,-1.6735848
0.9436437,-0.7165688,0.7480075,-0.2383806,0.6772189
0.123780526,0.19401374,0.083669506,0.79462194,0.25110835
0.87555385,-0.38905558,0.6370848,-0.35150403,0.25027347
0.053973354,-0.039579235,0.33762094,1.4000679,0.21727747
0.7368082,-0.3548139,0.49409118,0.12780513,0.57449037
0.58137363,-0.2440637,0.591642,0.43574148,0.24367565
0.5629812,-0.12509999,0.71876323,0.15545656,-0.3088548
0.3898839,-0.27201352,1.084198,0.8557686,-0.38218528
0.76011854,-0.36545214,1.1455777,0.34605825,-0.3174603
0.5107491,-0.33490595,0.6378096,0.4200747,0.13018525
-0.5899474,-0.35661158,0.058213435,0.5423877,0.62643975
0.12494586,0.2833492,0.92433137,1.6770897,-0.7824897
1.2934418,-0.7603973,1.4675593,-0.56906873,-0.46395448
-0.20721337,0.047135986,-0.06461001,1.5454513,0.6076281
0.55259836,-0.17178711,0.89669865,0.8325763,-0.40808305
0.6591566,-0.3864449,1.2108696,0.7324446,-0.5986817
0.5747672,-0.40597853,0.38295445,0.7111189,0.86098117
0.31753954,0.061317123,0.8063816,0.97504073,-0.62900364
0.90946233,-0.48946795,1.1011564,0.12325163,-0.50977707
0.6565731,-0.18487391,0.95169854,0.17022248,-0.57957184
0.95836866,-0.40636954,1.0093665,-0.725949,-0.4682326
0.15279362,-0.1535624,0.26016214,0.9167914,0.30979642
0.4569824,-0.103766285,0.70219153,0.595702,-0.32429665
0.88472253,-0.5101221,1.0620828,0.3053246,-0.034703143
0.5641165,-0.06813463,0.87376803,-0.059348512,-0.8077151
0.70647955,-0.5321019,0.8364763,0.72988164,0.22620362
0.4889758,-0.11967119,0.72365844,0.4867741,-0.39640334
0.84256786,-0.49299654,0.71898466,-0.02154367,0.16318211
0.0057404414,-0.3171676,-0.59970677,1.564275,2.0944126
-0.030511223,-0.12572703,-0.053548433,2.1195676,0.8178102
0.28937134,-0.83952844,-0.18942493,0.16803916,1.6619409
-0.84640396,0.76125205,-0.024893085,3.3686106,-0.4850962
1.7034328,-1.1475176,1.7973382,-0.8195445,-0.5179989
-0.24611238,0.03782574,-0.3172953,2.0378387,0.5093194
0.37863615,-0.12717423,0.9145201,1.4480242,-0.4386738
0.47325948,-0.8004254,0.6901079,1.4948947,0.6354247
-1.8419034,-0.18836197,-1.4131918,-2.4883645,1.1069694
3.0472038,1.3700682,-1.3760693,1.0786402,-3.5050018
1.2940501,-0.62864006,1.2045486,-1.4910328,-0.41980338
-0.2933264,0.34323755,-0.064313866,0.19016935,0.40293592
0.44021466,-0.042061172,0.9040559,0.62913823,-0.108811475
0.8862321,-0.34813818,1.2545242,-0.24663,-0.43509054
-1.2154758,-0.33291516,-1.1602312,-2.694934,2.5481563
-1.6618204,1.3610369,-0.2073409,4.3966446,0.6140695
1.7194433,-1.0296243,1.7639655,-1.3503957,-0.48530447
-0.4264845,0.53590363,-0.22526932,1.4961221,0.39628366
0.8185791,-0.23682055,1.2827475,0.48818833,-0.86825013
0.65046734,-0.4258388,0.40029454,-0.031842638,0.71941334
0.4769307,-0.07226404,0.3883066,0.18972088,0.18487608
0.114495434,-0.21532711,0.3355938,1.3633507,0.8436872
-0.28681758,0.015705265,0.8315613,0.48069423,-0.2973462
0.7657449,-0.28619942,0.75252104,-0.031132568,0.02800291
0.3408161,-0.0701135,0.24806377,0.6400253,0.4967245
0.788298,-0.33369717,0.7178295,-0.082153365,0.048623465
-0.09545805,-0.15781578,0.517233,1.3930006,0.27562416
-0.042944334,-0.4575127,0.44872484,0.58778894,0.568724
-0.49163535,-0.076267086,-0.09228519,1.5320013,0.8023329
-0.096579574,0.047918,0.56755173,0.73341626,-0.34277555
0.2865425,-0.43402848,0.51592326,0.38647914,0.3625081
0.105610885,0.23936096,0.47938016,1.2251232,-0.33057383
0.87359995,-0.6770009,0.98534644,-0.18785153,0.12906256
0.30107972,0.14719549,0.7497136,0.5982,-0.7935014
1.0367887,-0.62778413,0.9807072,-0.11501525,0.10042333
0.14727488,-0.1018041,0.118022405,1.2376428,0.4905519
0.53275144,-0.043851696,0.7021236,0.065159634,-0.5314356
0.8536241,-0.5571025,0.6450479,0.1424668,0.55037904
-0.077608846,-0.011360012,0.16102299,1.5711082,-0.019562908
0.5102359,-0.5049961,1.188452,0.847769,-0.161645
0.20474532,-0.24275717,0.542483,1.335062,-0.25388134
0.66487813,-0.27396855,1.1906694,0.70678174,-0.6908005
0.6430823,-0.28030095,0.61554545,0.1369672,0.07528957
0.5171991,-0.11797842,0.976547,0.7407471,-0.7027481
0.9650928,-0.51316434,0.8990531,-0.39989895,-0.044089086
0.23490497,0.039296784,0.7146665,1.2196687,-0.6205364
0.8140454,-0.7462019,0.97367615,0.63274366,0.16749048
-0.07043161,0.056169666,0.2019228,1.616301,0.109238856
0.77007455,-1.0107177,0.22192821,0.80215734,1.7722889
-0.47269967,0.011361279,-0.5039939,2.5590303,0.98689973
0.24581727,-0.14601406,0.7036961,1.5926267,-0.25672823
0.3237317,-0.9499544,0.5094211,0.66497415,0.66347796
-0.42476216,0.0067264214,-0.1058558,2.4737432,0.15308055
0.64564705,-0.7254213,1.0793775,0.8653772,-0.40772265
0.4462128,0.007749237,0.6347541,-0.06857942,-0.6136119
0.55722463,-0.48975405,0.44785112,0.74559563,0.6137359
0.1742039,-0.08715805,0.3456718,1.2461282,-0.022115953
3.425052,1.1646587,-1.1274638,2.5418825,-2.9034572
1.5753304,-0.7121533,1.5520719,-1.604705,-0.6843392
-0.114247285,0.37902418,0.6377875,0.39507866,-0.7767726
1.1577202,-0.6113332,1.1370693,-1.0052838,-0.031266816
-0.12632743,0.29305282,0.014049789,0.9748342,0.36013827
0.87413317,-0.31701502,1.1819911,-0.21635662,-0.3655075
0.5023527,-0.15611348,0.3876271,0.32222468,0.72736543
-0.38969085,0.38273874,1.034851,1.4741237,-0.4132315
1.3541015,-0.7887906,1.1883365,-0.8178195,0.45757577
-0.28752354,0.50891703,0.013270637,1.5569088,0.18054524
1.2193451,-0.67129076,1.1126019,-0.5393087,0.18589851
-0.28865632,0.1078159,-0.44901502,1.3499479,1.7223783
0.46528617,-0.10364946,0.5786654,0.62954736,0.09965672
0.1348981,-0.31362948,0.114752345,0.32730532,1.1204516
-0.31694093,0.29437128,0.28569013,1.6070504,0.10639887
0.5885922,-0.27949032,1.9186153,0.6512881,-1.3101431
0.7379034,-0.5110615,0.9648796,0.21719529,0.32506543
0.051332273,0.1518828,0.29143637,1.3440019,0.16654065
0.99360144,-0.53093606,0.8187597,-0.38140172,0.2849833
0.24213979,-0.024024807,0.054111563,0.8951785,0.75331855
0.41162714,-0.066799484,0.6873033,0.74267274,-0.051373996
0.6531447,-0.24975476,0.8702143,0.2934206,-0.39259365
0.5318377,-0.06259855,0.6810876,0.18403442,-0.42926624
0.71144253,-0.43539223,0.95071554,0.25609964,0.08812826
0.38744935,-0.08817371,0.4805353,0.5318409,-0.001529105
0.877683,-0.42473015,0.6425015,-0.424419,0.27283517
-0.03173413,-0.06604608,0.15737695,1.5660434,0.45646173
0.90592,-0.4726785,0.76905084,-0.29825073,0.18456408
-0.39270493,-0.15088734,-0.07277072,1.6525224,0.7764351
0.52259517,-0.107588135,0.9445746,0.71069205,-0.48499852
0.98727036,-0.46189484,0.935564,-0.57174575,-0.1826052
0.09645847,-0.004212223,0.10829773,1.0903672,0.32621405
0.6955372,-0.37416634,0.7845755,0.37559205,0.16098168
0.6360027,-0.13137993,0.94188267,-0.050257254,-0.7326388
0.59027696,-0.49888548,0.5710613,0.40725213,0.58905673
0.090775765,-0.011905991,0.6155709,1.1933569,-0.10238219
0.9443459,-0.515775,1.0479199,-0.049191166,-0.13711882
0.4853634,-0.10798868,0.5573078,0.32381004,-0.17316309
0.5140398,-0.4394811,0.7789244,1.0679479,0.18440765
-0.9130944,-0.6270069,-0.316301,-0.29169685,0.8886066
-0.20085475,0.47226253,0.42065895,2.2395008,-0.44384903
1.5369395,-1.0327214,1.0501775,-1.3495184,0.47118452
-0.5006313,0.6840998,0.07452806,2.039666,-0.58710784
1.5005527,-1.1428803,1.1759346,-0.72303003,0.4007476
-0.6432497,0.3417212,-0.56540143,2.5840125,1.0856336
0.53969085,-0.74899375,1.34919,1.0813526,-0.6448413
0.54410434,-0.105184875,0.6808747,-0.042385507,-0.44031158
0.60812867,-0.38706478,0.7774918,0.7757805,-0.021096982
2.8591914,1.3363081,-1.131773,1.5150028,-4.005988
-4.35795,-0.9719318,0.4769504,-4.808547,2.5253294
-2.527105,2.2021513,-1.8225302,6.5554743,2.34918
2.107517,-1.2802714,2.2192473,-1.4737827,-0.4224783
-0.62208974,0.72686255,-0.04563064,2.0266075,-0.012348868
1.0890296,-0.73043525,2.031144,-0.2646532,-1.046685
0.48395023,-0.08960899,0.6842529,0.36866248,-0.046006896
0.733376,-0.25819,1.0734484,0.30112517,-0.34754544
0.77270687,-0.24799046,0.89809275,-0.23103796,-0.43606025
0.5889176,-0.179221,0.8005997,0.46708488,-0.11393312
-0.0169641,-0.34021792,0.34011582,0.39252555,0.6326815
-0.1945149,0.24056736,1.0440003,2.0607617,-0.62135315
0.6086531,-0.6549448,0.9033934,-0.85682416,-0.34256035
0.39505967,-0.029382072,0.38149467,0.57686055,0.16263503
0.7178262,-0.29043373,0.96082187,0.32062948,-0.2560515
0.3982515,-0.21504578,1.2001517,1.1114175,-0.395234
0.888365,-0.5966442,0.5363613,-0.15798925,0.70998245
0.030070938,0.13271156,0.056328975,1.3548535,0.4359587
0.83435047,-0.4950994,0.87192774,0.35681355,0.15032354
0.17514643,-0.20048317,-0.1311233,1.3838425,1.4214836
-0.24932924,0.014317669,0.593937,2.5911999,0.034875564
0.73854053,-0.52846605,0.93859166,0.49896133,-0.015523322
0.09377108,0.0968248,0.3998693,1.2757348,-0.14746583
1.2025949,-0.6144708,1.1764437,-0.92233944,-0.34867418
0.06523488,0.04791323,0.3765893,1.4022001,0.25065115
0.9351196,-0.3775042,1.2714792,-0.04932295,-0.7133328
0.57539177,-0.19983467,0.9953911,0.49112695,-0.4325444
-0.3344935,-1.0751122,-0.033815395,0.09475835,1.3644264
-1.0560195,1.1535865,-0.05781848,3.672206,-0.9877463
1.7834952,-1.2683243,1.8967707,-0.8768989,-0.75019985
-0.1446285,0.4972941,0.61092716,1.4880537,-1.0338653
1.5252461,-0.9376019,1.4814001,-0.95931816,-0.27916634
-0.3040597,0.39521757,0.3486361,2.2037318,-0.38644698
1.2121603,-0.8738154,1.031193,-0.350196,0.35513675
0.14792702,0.106464066,0.44162017,1.2041004,-0.34503734
0.3523192,-1.0158771,0.9820345,0.6381567,-0.031489797
-0.28677377,0.3554136,0.18179792,1.9446622,-0.14053008
1.1971111,-0.6974548,2.0317485,0.6916618,-1.0186042
0.38277802,-0.40897068,0.5891777,0.49971074,0.16313717
-0.05732759,-0.09916004,1.1184472,2.2071836,-0.56848675
1.0278466,-0.5404323,1.0569016,-0.35587066,-0.3926265
0.17378709,-0.16512331,0.26048604,1.276264,0.2864396
0.82607675,-0.34600195,0.99299866,-0.10220449,-0.5103492
0.5785323,-0.27002987,0.6877931,0.5224487,-0.14621523
0.6195892,-0.27926382,0.68847996,0.42072773,0.017007701
0.45548663,-0.33379254,0.5141407,0.8089945,0.22951636
0.41867796,-0.31125483,0.86150944,1.3760494,-0.35220903
0.8919423,-0.37509617,1.0122669,-0.40616763,-0.5503579
2.9681516,1.3966805,-1.1133049,0.643855,-3.4957292
1.5155493,-0.671584,1.2360058,-1.7581352,-0.50480753
-2.5308096,0.36697212,-1.5928667,-0.69713706,2.6971414
-0.3552116,0.5217988,-0.19388354,2.5999842,1.3522437
0.6737414,-0.48455414,0.8416705,-0.25782394,0.41597253
0.15500912,0.27995172,0.7823898,1.0786638,-0.70901406
0.960484,-0.59796745,1.6583327,0.0070479624,-0.34844947
0.1829007,0.14562431,0.70532286,0.94368356,-0.1473189
0.8798434,-0.54133826,0.47213733,-0.07095353,1.1160542
-0.33446595,0.45826975,0.50841373,1.8515682,-0.48070657
1.3778938,-0.8591479,1.109163,-0.8217475,0.39831382
-0.51508087,0.35181108,-0.7477581,1.8771249,1.6363984
0.6557545,-0.2605146,1.0890473,0.53247035,-0.23872295
0.164134,-0.32712397,0.24633276,0.211796,0.6044943
-0.020565234,0.22867742,0.73400146,1.6407404,-0.23178893
0.3126066,-0.8013624,1.018573,-0.74146235,-0.098247536
-0.0031290874,0.34811082,0.1648055,1.2006326,-0.016164608
0.25315097,-0.9027761,0.68528914,-0.00358342,0.6215255
-0.69742566,0.626865,-0.1630759,2.7940812,0.20943812
1.2612795,-0.86471975,1.7881447,-0.08167736,-0.6015294
0.3729647,-0.011064373,0.45002493,0.47951013,-0.043376066
0.50377464,-0.17613825,0.65282243,0.58435464,-0.04330001
0.51817167,-0.28013167,0.7424719,0.7735264,0.010736577
0.59958833,-0.34987387,0.52782685,0.46590668,0.44527897
0.17551693,-0.03349956,0.9682227,1.2934315,-0.5581363
0.9940721,-0.5183452,0.8046608,-0.47710776,0.19059926
0.082016386,-0.29072222,-0.271613,1.6365547,1.620087
0.19494703,0.19041839,1.0155602,1.4610218,-1.0186776
0.5267583,-1.1685461,0.82045954,-0.094496,0.67780405
-0.66741747,0.45341793,-0.67636544,2.7087371,1.0315098
0.7576452,-0.34337696,1.1907073,0.60491127,-0.58478945
0.4505174,-0.3823441,0.87724197,0.9685006,-0.067330964
0.62677896,-0.17450508,0.9255188,0.20507886,-0.625856
0.63284093,-0.5691307,0.5897304,0.4861663,0.29130283
0.3408449,0.085998215,0.79511505,0.6372834,-0.7992548
0.8752885,-0.52118,1.5139314,0.41945314,-0.68026507
0.54847276,-0.16165909,0.99812204,0.6300332,-0.5376082
0.5916125,-0.5881112,0.745657,0.746585,0.48889595
0.19341496,0.03495518,0.7478591,1.3510239,-0.53643197
0.9257006,-0.8122343,0.6517273,0.2583636,0.72386605
-0.17027453,0.46933475,0.4202303,1.4022492,-0.8314211
1.5551943,-0.93141496,1.359062,-1.33847,-0.09224347
-0.2831063,0.2440578,0.10517376,2.281975,0.18803239
0.94043684,-1.1108941,0.59699756,0.34491348,1.1177101
-0.40626958,0.6326395,0.27846768,1.9446838,-0.9241604
1.4895102,-0.9263414,2.175061,0.01721121,-1.0167701
0.4560962,-0.0650328,0.65917283,0.15467764,-0.48984966
0.8295277,-0.44011053,0.90440017,0.17647739,-0.07683445
2.7186263,1.3361603,-1.4453182,1.642428,-2.9521518
0.14934143,-0.42252,1.8573799,0.38810384,-0.6930597
0.121921755,0.0094610825,0.24067315,-0.00078051165,0.56941456
-0.00020887703,0.15194002,0.8699023,0.8964354,-0.19656226
0.53051966,-0.4248303,1.2036992,0.0026754253,-0.2597886
0.031574227,0.010114349,0.35664392,0.72160864,0.10813432
0.6517816,-0.29002127,0.4803943,0.12346603,0.5418366
0.44431022,-0.11873659,0.28627053,0.43878043,0.49358028
0.6152596,-0.1675075,0.7518042,0.29945326,-0.0972882
0.2503309,-0.055674873,1.00449,0.86065257,-0.1683785
0.7974504,-0.36863264,0.89996195,0.09004749,0.011082284
0.13237718,0.08379523,0.51176137,1.0787287,-0.35491246
0.75149435,-0.76634586,0.08494412,-0.13888226,2.0883904
-2.9836571,0.6935054,-1.5294722,-0.335436,1.6454607
-0.20803073,0.5237133,0.8030323,3.2570941,-0.5176605
1.7139784,-0.96965015,1.6652726,-1.5944571,-0.46488702
-0.7825999,0.3697497,-0.4299711,1.6412576,0.77842206
0.8512121,-0.4406446,0.971354,0.53189206,0.11390071
-0.07308271,-0.11010822,0.30204552,0.9560321,0.3344747
0.33234587,-0.12546238,0.1424819,0.71331793,0.6375508
0.56014735,-0.35726961,0.42097378,0.60100883,0.53417146
-0.07240053,-0.0014751777,-0.08053846,0.96374255,0.78279525
0.7040012,-0.20285544,1.0395026,0.32116842,-0.59829104
0.58486587,-0.36724982,0.76329213,0.3306157,0.15744597
0.56862384,-0.1568192,0.7091388,0.25531483,-0.30201757
0.79319715,-0.44429716,0.6796437,0.16371186,0.23990571
0.21697566,0.022636093,0.68439394,1.3670132,-0.30371672
0.7454286,-0.49812016,1.4802325,0.55042076,-0.5110329
0.7698292,-0.3191584,0.6002676,-0.5376742,0.037154637
0.2710978,-0.0752848,0.82855344,1.2174225,-0.3339073
0.7148121,-0.70852935,0.6138173,0.5426021,0.7663854
-0.5219189,-0.12399133,-0.38082847,2.0686336,1.1401525
0.35869035,-0.04193958,0.7731929,1.0209514,-0.51914227
0.53397685,-0.3021091,0.9071096,0.40580642,-0.53224456
0.22085091,-0.75298727,0.1169975,1.6845051,1.258794
-0.12899354,0.4127628,0.51360565,1.5745425,-0.94274825
1.2973996,-0.9843701,1.2692256,-0.5063662,-0.2149893
-0.1456699,0.1686913,0.11171784,1.7924652,0.019380115
1.1771754,-0.60125047,1.092661,-0.9647253,-0.28115416
0.28686044,0.09785954,0.46631238,0.48786575,-0.3198621
0.7649914,-0.4765409,0.73921883,0.34604448,0.2804701
0.09015367,-0.25042948,-0.091790296,1.3405498,1.2088739
0.5089867,-0.06452259,0.73899287,0.10307856,-0.5928902
0.8659796,-0.5360907,0.8870618,0.2382889,0.10336616
0.007244982,-0.17805037,0.07093751,1.1569033,0.44543973
0.11888639,-0.2529162,0.6566791,1.8999631,-0.17741442
0.42067066,-0.6678885,0.088607155,0.47440392,1.082702
-0.3566185,0.49457136,-0.15561676,2.1764777,0.19043419
3.0313334,1.3906795,-1.2729053,1.0193995,-3.4999337
1.5963289,-0.6738132,1.4936162,-1.3887414,-0.7031448
-0.15626428,0.271495,0.105361186,0.18209107,0.22177511
0.10899047,0.023615994,0.76264715,0.58587706,-0.38988677
0.096459724,-0.031651817,1.2230144,0.3938198,-0.46863708
0.5228305,-0.12400087,0.88826615,0.35951614,-0.32363117
0.7035969,-0.21218476,0.8759781,-0.1045727,-0.40107644
0.7350608,-0.21267113,0.8508691,-0.15882717,-0.35114685
0.6637441,-0.27115282,0.4531591,0.12546052,0.526979
0.0085167065,0.018070377,0.14752543,0.95073116,0.2932673
0.5024203,-0.10821041,0.5959528,0.5698385,0.17247558
0.56379855,-0.07458385,1.0688454,0.5412685,-0.615566
0.6872297,-0.34636912,0.84186924,0.36658734,0.14835474
0.6733108,-0.17074999,0.7592746,-0.30142343,-0.39317876
0.62949264,-0.17743286,0.8409378,0.36679387,-0.23298076
0.78872484,-0.28610644,0.7621364,-0.25054818,-0.046695717
0.32132092,-0.093829,0.44942924,0.7914099,0.147398
0.23241535,-0.09478744,1.210146,0.94563085,-0.38520762
-0.55477595,-0.31974015,0.20713055,-1.2183717,-0.1031825
-0.04895874,0.4632813,0.7140917,2.0666606,-0.695859
1.5535483,-0.9120244,1.5403291,-1.1260135,-0.1897138
-0.29071286,0.35142484,0.36494732,1.9254194,-0.11092288
1.2876978,-0.6948322,1.5315886,-0.52195233,-0.5348936
0.25710383,-0.24203,-0.2048432,1.0562799,1.586914
0.13179138,-0.3243607,-0.3420028,1.5866216,1.8660109
0.12577572,0.16676965,0.5385957,1.2302116,-0.40086296
1.0784352,-0.6368655,0.86067194,-0.56108487,0.26962614
-0.07902201,0.06696049,-0.06340901,1.8112044,0.84883565
0.71625906,-0.36966977,0.9180053,0.37747443,-0.1406312
0.4481016,-0.3813642,0.22263092,0.5264377,0.8035022
0.28247824,0.15210214,0.94074285,0.9665356,-0.933453
0.7755495,-0.85990846,1.1108935,-0.15047155,0.19030109
0.16528806,0.26249233,0.54812896,0.40212625,-0.83315915
1.0686958,-0.59042865,0.91843563,-0.43759954,0.19430006
-0.31725886,-0.054964386,0.26610318,1.8388519,0.31813228
0.7573548,-0.2486485,1.5004587,0.6810127,-1.0267481
0.9512653,-0.6590384,0.64310056,-0.27666342,0.59074897
0.03925965,0.0026733056,0.26804596,1.6175146,0.41031158
0.7109431,-0.6699461,0.5503402,0.4630428,0.62396884
0.06225083,0.07365052,0.1734645,1.2665334,0.15724719
0.81965303,-0.59756213,0.53820384,0.20594825,0.7225437
0.17807665,0.16067806,0.54149824,0.8495629,-0.57349086
1.127458,-0.7024306,0.7397392,-0.7421665,0.51307553
0.006597854,0.3307611,0.45183465,0.99243057,-0.6723665
1.1711948,-0.8995575,1.0049725,-0.15723787,0.3702407
-0.1968731,0.33932033,0.054875992,1.6321349,0.025373809
0.9079102,-0.8973092,1.0098286,0.27766532,0.055242024
0.07713727,0.19384208,0.20034412,1.0699993,-0.17184249
3.0534399,1.4214402,-1.0728354,0.5059558,-3.549343
1.4787581,-0.6681293,1.395045,-1.0426009,-0.40082666
-0.27888682,0.2979857,0.01705428,0.40227968,0.48649502
0.10261432,-0.29222664,0.1803155,-0.07146494,1.2439113
-0.07474121,0.41978183,0.7250021,1.4315883,-0.5439675
0.89626443,-0.7425064,1.5363094,-0.42335093,-0.34086898
-0.2476432,0.40822807,0.039045505,1.5792416,0.4083376
1.0505912,-0.48020062,1.1164031,-0.35550284,-0.12766719
0.26514474,0.087855496,0.32746366,0.63598126,0.1775808
0.62843996,-0.34599242,0.39139375,0.47052312,1.1700544
0.12033085,0.41465107,1.3462636,1.4294542,-1.8202077
1.671104,-1.0363168,1.405584,-1.410136,0.1881119
-0.22773746,0.53018874,0.031000873,1.3605301,-0.1825352
1.2025849,-0.64673364,1.3853436,-0.12868951,-0.102099575
0.42406902,0.05921427,0.6912404,0.06919582,-0.67553836
0.5554122,-0.3282207,1.2891092,0.7008081,-0.13942036
0.67019284,-0.21435437,0.90151006,0.1788633,-0.27518725
0.5591047,-0.2145904,0.68521214,0.4455861,0.13058108
0.7151726,-0.2712792,0.53913134,-0.15683071,0.29322582
0.2976075,0.04236523,0.85591775,0.8528162,-0.46901217
1.1858684,-0.6284374,0.9572392,-1.0540309,0.04146128
0.11398599,0.18720451,0.08079525,0.904852,0.3480679
0.81552994,-0.38653073,0.9463413,0.13794477,-0.08762742
0.6281821,-0.16014275,0.7877635,-0.10670881,-0.31924674
0.50075305,-0.22444662,0.6801465,0.5346635,-0.15724155
0.5421204,-0.21592078,0.4740099,0.33751577,0.21652123
0.7788352,-0.23458657,0.9196746,-0.565721,-0.61523414
0.555461,-0.25050816,0.7848796,0.5119137,0.031987183
0.35950145,-0.066155754,0.5494965,0.48960453,-0.16308054
0.28697184,-0.70215166,0.33289337,0.37636507,0.6579734
-0.47730216,-0.1102775,-0.71101904,1.7357678,1.8808495
-0.16886261,0.05392138,0.08260553,1.7280416,0.17566386
0.74948037,-0.37359175,0.6730453,-0.00021796301,0.049452297
-0.7031084,-0.13487515,0.13794231,0.5275215,0.54136217
0.61442846,-0.12906727,0.8260393,0.2390619,-0.42339787
0.5725617,-0.43585953,0.51948893,0.7729225,0.5510454
0.42287365,-0.10415729,0.2964686,0.39552712,0.31886518
0.5459005,-0.23479876,0.8979229,0.89285356,-0.23202142
0.719725,-0.37756857,0.6570936,0.11002584,0.04578089
0.1766372,-0.18526968,-0.070807554,1.0380226,1.0314459
0.22510168,-0.26795086,0.26424363,1.4800521,0.6439369
0.2683616,-0.4363626,0.42958465,1.0565886,0.11488252
0.49684396,-0.03019508,0.9934426,0.53922683,-0.9041812
0.7202094,-0.5846446,1.1999394,0.34442568,-0.20041516
0.08142308,-0.16529974,0.0058132014,1.0737268,0.49067202
0.62099236,-0.18238959,0.71088904,-0.028921712,-0.30723342
0.5226978,-0.4248303,0.37312105,0.5887331,0.48749498
0.07759664,-0.109347664,0.1933091,1.6526306,0.45216805
3.0491202,1.4047652,-1.3277999,0.9520864,-3.501901
0.43560466,-0.6266278,1.9179919,-0.8348808,-0.9735784
-0.1384764,0.2548677,0.1772623,0.44187248,0.28698063
0.6537906,-0.32086787,0.48368645,-0.16942511,0.75245947
0.19128832,0.18216196,0.83209306,0.8630365,-0.5077158
0.8085555,-0.44466195,0.7025511,-0.5623437,0.36508793
0.1108918,0.25725427,0.49234942,0.92261356,-0.42694137
1.0589938,-0.5328577,1.1709749,-0.36907285,-0.051164843
0.25866345,0.11869494,0.3347852,0.6985874,0.17446944
0.8805744,-0.5906313,0.17359927,0.043767046,1.7976032
-0.035141252,0.32942834,0.09640887,1.2036853,0.1459564
0.99778837,-0.59421235,0.5960117,-0.12674223,0.9966694
0.13866821,0.27881446,0.5307158,0.75959444,-0.57467926
0.7387245,-0.62433416,0.5580796,-0.4255303,0.6476921
-0.04010173,0.3407294,0.13283762,1.3430145,0.23074189
0.6369928,-0.35375533,1.1929151,1.0681465,0.09960746
-0.066458724,-0.4262918,-0.32915077,-0.75547296,1.4141287
-0.16970125,0.3659493,-0.27605236,1.8260864,0.937869
0.7608758,-0.31724867,1.2875781,0.5975352,-0.5289759
0.83266693,-0.34253773,0.9980088,-0.26373857,-0.24635789
0.03726194,-0.2925652,0.09313541,1.0794073,1.010776
-0.27007362,0.06884638,-0.007012228,0.9891556,0.805605
0.5961161,-0.204398,0.6249349,0.32792097,0.14743948
0.7160976,-0.2386683,0.63287306,-0.3735752,-0.06287826
0.4561688,-0.22856173,0.60286325,0.9028634,0.35016462
0.5235552,-0.09898599,0.83812976,0.2966897,-0.4390532
0.42227033,-0.34239706,0.8148537,0.35323566,-0.016495623
0.2823318,-0.1072615,0.68422973,1.1653081,0.017815791
0.122674026,-0.60800487,0.6877093,0.34230924,-0.14856344
-0.030871712,0.2442843,0.58762336,1.7348119,-0.32088625
1.0733646,-0.68196476,1.2726943,-0.33512127,-0.15307924
0.16565606,0.0043541566,0.069127224,1.0107017,0.7390607
0.54609704,-0.029889904,1.4672049,1.19567,-1.4456092
0.53541255,-0.67228496,1.5948901,0.28526562,-0.26829904
0.3771917,-0.016831718,0.45380178,0.40885913,-0.087713845
0.39682207,-0.45584616,0.6670612,1.3351958,0.30431005
0.67413193,-0.20004448,0.7967758,-0.33717477,-0.5449191
0.54563266,-0.2975267,0.9724723,0.8580601,-0.2095643
0.7432932,-0.52436286,0.40692243,0.03409357,0.70707506
0.2783564,0.1590282,0.73519564,0.51366824,-0.88033086
0.7596429,-0.6514925,1.4224076,1.0076371,-0.07306538
0.24684992,-0.016543232,0.37039006,0.7364749,0.049377106
0.4455106,-0.7897037,0.5699033,0.7490201,0.25868365
-0.7928088,-0.08547958,-0.841258,1.1988329,1.6612478
0.023265459,0.23527923,0.384549,1.4540312,-0.3188725
1.1940308,-0.66391885,1.1659591,-0.697497,-0.3216494
0.1412004,-0.050494038,0.30548885,1.4916118,0.2862097
0.75769526,-0.56136304,0.82309484,0.21605642,-0.09273351
4.307532,0.9646398,-1.2913615,3.1300428,-3.7477708
1.1877222,-0.65141857,0.90827835,-1.8783947,0.009788476
-0.8758483,0.45570436,-1.0367278,1.6336554,2.4411108
0.5299852,-0.10646757,0.7991558,0.109659985,-0.17287529
0.5548239,-0.17699656,0.4390262,-0.100973174,0.391022
0.4404913,0.049298443,1.2797266,0.7720551,-1.042362
0.79123074,-0.63808143,0.89750385,-0.37419087,0.4175455
-0.0073297843,0.24034563,0.08274596,1.2223359,0.5323245
0.7122774,-0.35994467,0.7617882,0.4039929,0.41313946
0.14302787,0.030046143,0.30155686,0.90891373,0.4706772
0.8206406,-0.35949168,0.7393332,-0.2422791,0.1414406
-0.10871353,-0.061103664,0.19279495,1.1704084,0.5666195
0.34101763,-0.19901928,0.42194998,0.5914573,0.47246018
-0.33731982,-0.003351532,0.37174395,0.1532752,0.107022874
0.4117761,-0.14304814,0.47860667,0.5898149,0.25794297
0.31371936,-0.33284363,0.32524568,0.67969483,0.54160243
0.1087952,-0.05729612,0.34860608,1.1139765,0.20035511
0.6878643,-0.18442568,1.0832852,0.17006709,-0.66402376
0.63812935,-0.19073185,0.7744273,0.104850784,-0.36767596
0.5076787,-0.26866612,0.5892847,0.8849818,0.551481
0.10692016,-0.26109394,0.34844413,1.1419269,0.4587382
0.5617858,-0.6160777,-0.29283696,1.0242186,2.4435246
-0.18116555,0.48680845,0.15787014,1.2531345,-0.40506935
0.6963258,-0.8734435,1.0110868,0.8246691,0.5641097
0.0901374,0.33817115,0.8265371,0.85835516,-1.1856186
1.2978841,-0.90937316,0.8473805,-0.84384423,0.6811617
-0.56899273,0.283075,-0.7608717,2.5232573,1.6562756
-0.45994487,-0.36504444,1.1926513,-0.5032171,-1.1645253
-0.001491867,-0.00609573,0.4700275,1.4737579,0.30686915
0.6744987,-0.4168671,1.024402,0.744443,-0.33761588
0.29603288,-0.42422947,0.23636913,1.0372044,0.6276247
-0.26652756,-0.11420902,-0.03303511,1.2882191,0.61293906
0.5741476,-0.15343127,0.67252207,0.322681,-0.1436812
0.5188426,-0.34755167,0.7855161,1.0908294,0.106761
-0.021529041,-0.41644034,0.16113228,0.444044,0.35523874
0.17750588,0.22295061,1.2058096,1.7887025,-1.2002498
1.4628979,-0.9392017,1.4470975,-0.84617114,-0.1676698
-0.04506471,0.3457338,0.63440704,1.5275756,-0.86280525
1.2980894,-0.6703943,1.8154434,0.03213842,-0.91297853
0.79905385,-0.2824658,0.9164368,-0.5465176,-0.58813417
0.66356134,-0.40627655,0.6397048,0.48869777,0.20829514
0.47033802,-0.20807919,0.63049823,0.73489934,-0.096596785
0.7789015,-0.33071217,0.9125603,0.03620411,-0.29879472
0.58772725,-0.20428833,0.51561296,-0.023524392,0.020876162
0.5557927,-0.49255547,0.39733365,0.62223226,0.51284134
0.029323675,-0.20707068,0.21687788,1.7126443,0.12904614
0.6443265,-0.17146763,1.2800431,0.75759405,-1.0963864
1.1443684,-0.5782526,1.1692603,-0.7804257,-0.40987727
3.3320727,1.4433867,-1.1732328,0.6288078,-2.9896798
0.62795806,-0.4126924,1.2410578,-0.22034363,-0.21237057
-0.018971823,0.107038654,-0.038670935,0.23996474,0.9279204
0.3904046,0.012741722,0.8470719,0.49290115,-0.31370938
0.7818255,-0.47738013,0.43987218,-0.42395282,0.91370064
0.25448653,0.18910947,0.5763211,0.087193444,-0.6921747
0.9817203,-0.31073746,1.6637839,0.1383303,-1.1574444
0.7907476,-0.4459637,0.59732485,-0.3309887,0.669253
-0.3471056,0.39004865,0.64237577,1.6510727,-0.35816556
0.85449404,-0.41866717,1.5901246,0.7209025,-0.27545518
0.63419026,-0.42681393,0.06078305,0.06641455,1.4217895
0.094507076,0.33759657,0.59943014,1.0687995,-0.68367285
0.5154943,-0.7104653,0.98985714,-0.62058324,0.1407682
-0.29070786,0.50840205,0.5396557,1.6926935,-0.3749652
1.0968815,-0.5212348,1.4172922,-0.09378593,-0.7175513
0.54033923,-0.163874,0.6247707,0.29032266,0.012368314
0.7371987,-0.34088787,0.69392776,0.050765466,0.13054737
0.33640888,0.12436215,0.59286,0.4342879,-0.58154327
1.1032802,-0.5257314,1.1025176,-0.7466433,-0.25036377
-0.23275551,-0.0134580955,-0.04909209,1.5630182,1.0787921
0.42905703,-0.2792376,0.61351544,0.6780839,0.0032191798
0.26362267,-0.2225512,0.15459895,0.6287311,0.78940517
0.5420678,-0.13495383,0.44642588,0.1351871,0.18150976
0.71198076,-0.19289908,0.78391075,-0.38689148,-0.4241662
0.56803304,-0.2711719,0.55665433,0.44794446,0.14329705
0.6428057,-0.16662535,0.9294565,0.055948388,-0.46171603
0.6095193,-0.5910652,0.1310868,0.35883164,1.3211241
-0.18653283,0.3363258,0.35888398,1.9146544,-0.27984047
1.2787457,-0.68060815,1.2178774,-0.87800825,-0.19201276
0.12790737,0.14327827,0.37503552,1.094368,-0.086610176
0.88595295,-0.58192664,0.54535496,-0.15796958,0.7385992
-0.8696805,-0.19524035,-0.5996807,1.5077035,1.3980101
0.032560565,0.43737713,0.89298975,1.2000307,-1.51634
1.5835115,-1.0057801,1.3713902,-1.0696564,0.11659291
-0.16759714,0.4660732,0.09373846,1.1298734,-0.3075169
1.0317907,-0.6451076,1.8916247,0.50304866,-0.9986646
-0.2786202,-0.24720368,0.31288174,-0.67436564,0.06953614
-0.019348584,0.12939993,0.8120152,2.4596167,-0.08688069
1.2893175,-0.68121374,1.4311249,-0.75498515,-0.56517315
0.24293962,-0.124875866,0.19055036,0.95870125,0.3951117
-0.13551489,-0.767588,0.07016062,0.54542667,0.8161525
-0.26456866,0.6365138,0.4884865,1.354464,-1.2621849
1.195698,-0.81225574,1.541072,-0.058642376,-0.7325204
0.073145606,-0.22418913,-0.0650296,1.4808762,1.0127984
0.45686725,-0.05080398,0.7586229,0.67090255,-0.5118159
0.76580125,-0.54023916,1.2384553,0.6731783,-0.27230492
0.38724908,-0.45212683,0.39586368,0.8136935,0.257357
0.32753184,0.047526993,0.854992,0.957704,-0.74580675
3.0438192,1.3809353,-1.1779009,1.0808157,-3.5773947
1.5559466,-0.6838387,1.5523357,-1.5908576,-0.7150354
-0.6949498,0.60801333,-0.43715504,0.49402624,0.70924866
0.8994137,-0.32242236,1.313704,-0.27935225,-0.52294767
0.37425146,-0.049392544,0.40961888,0.29962242,0.2824389
-0.4581174,-0.1605433,0.4916484,0.122514024,0.3664457
0.061420955,0.087946095,0.34144762,1.1581424,0.73592687
0.4362956,-0.25095162,0.6337281,0.33932734,0.03543388
0.37826064,0.03542248,0.70985454,0.44559985,-0.31474045
0.9622339,-0.43687043,0.952972,-0.56497747,-0.099416025
0.21299526,0.061484016,0.39445317,0.9815061,0.17940354
0.1981714,-0.5888575,-0.11074079,-0.4595114,1.8777987
-0.5591782,0.45249286,-0.5168981,2.0981987,1.1038947
0.901658,-0.48114476,0.74181277,0.026898455,0.4908371
-0.29829815,0.27183834,0.13873562,1.9266468,0.3546908
1.1087313,-0.6402987,1.0961254,-0.44484186,0.0884152
0.28370366,0.06033484,0.24469575,0.54264146,0.22236195
0.64676106,-0.6367582,0.3306199,0.21056469,0.9844893
-0.004698716,0.28335872,0.041982614,1.2347592,0.3170675
0.87183505,-0.34910616,1.5817391,0.6585973,-0.7964563
0.85366917,-0.40398058,0.68869,-0.4644996,0.15814689
0.31108454,-0.0853866,0.55926925,1.1317047,0.36027223
0.58071274,-0.62594354,0.12831616,0.627484,1.6763898
-0.13916609,0.4550201,0.35329232,1.2911184,-0.71094656
1.2276413,-0.9247726,0.82637966,-0.4879437,0.87897956
-0.30697367,0.5491931,-0.06985853,1.7162596,0.04403334
1.3087075,-0.70450485,1.514672,-0.42730844,-0.36792314
0.052158393,-0.066933,-0.17417994,1.1203436,1.203371
0.44264796,-0.28537926,0.41954118,0.7402986,0.368475
0.51068777,-0.12951311,0.719586,0.464221,-0.29374135
0.26570424,-0.5094951,0.39098945,0.9957331,0.74971366
-0.20552608,-0.14796194,-0.103195585,1.1876173,0.75578517
0.562662,-0.33285794,0.31570956,0.39493704,0.669896
0.101077236,-0.11801418,0.30588523,1.5120603,0.27862316
0.470144,-0.28061804,0.78426015,0.8589944,-0.11733661
0.28891447,-0.4191464,-0.10659192,0.63581014,1.2631222
-0.0032842979,0.10941092,0.09275489,1.6787438,0.468902
1.0043622,-0.41865048,1.2657534,-0.42530805,-0.71489626
-0.016878985,-0.51351005,-0.2746243,0.83457273,1.7408113
-0.8755848,0.41530672,0.72907,2.8686564,-0.8469775
1.1250122,-1.108622,0.54760915,-0.8868792,1.1982166
-1.0939647,0.8060199,-0.58416563,3.3064961,0.05188132
1.2657067,-1.1638898,1.4087362,-0.20652775,0.14490372
-0.17186919,0.33501926,0.052023254,1.4905714,-0.10322399
1.15202,-0.724172,1.0877506,-0.35568184,-0.052572735
-0.6680571,-0.7772678,-0.53404963,1.3806934,1.4440644
-0.37281045,0.50914115,0.030737003,2.085138,-0.19612062
1.0239788,-0.65505207,1.4432353,0.11577524,-0.79050237
2.8904212,1.4834625,-1.2263702,1.1585497,-3.777053
0.9502251,-0.5585688,1.6698382,0.41809398,-0.13503075
-0.20153067,0.34682813,-0.03988836,0.24319841,0.49981424
0.17115101,0.044601597,0.56205744,1.0570489,0.3080143
0.7346728,-0.2217358,1.2032388,0.15346207,-0.612255
0.73522353,-0.20577368,1.0364562,-0.07599877,-0.44584462
0.7032539,-0.2858394,0.6483021,-0.02634697,0.22968143
-0.017891608,0.05019013,-0.03991554,0.5950293,0.98912525
0.20831016,-0.07692989,0.5031284,0.56737393,0.363502
0.5478269,-0.26836333,0.43641752,0.3763985,0.5312355
0.42664126,-0.16501126,0.2644118,0.38238198,0.62610877
0.5747246,-0.041510426,0.99866056,0.25361538,-0.7579013
0.65122837,-0.27974543,1.1311232,0.59959656,-0.23023066
0.81091243,-0.31367478,0.82948095,-0.28577632,-0.16654885
0.45426497,-0.134446,0.48532006,0.7089375,0.34133872
0.69240797,-0.32727417,0.6876085,0.18358202,0.20075268
0.48853144,-0.0674456,0.7021587,0.5024743,-0.19759852
0.6930063,-0.20956215,0.9667097,0.28447688,-0.35142428
0.79482186,-0.28804478,0.92692477,-0.21861272,-0.30764395
0.4150643,-0.27725634,0.19772354,0.59666383,0.8938726
0.3742527,-0.08310255,0.3934917,0.8359791,0.4031615
0.44615898,-0.15700278,0.2839778,0.5303952,0.62082636
0.46426353,0.054090656,1.0715407,0.7677042,-1.0660645
1.1269785,-0.7310194,0.87452286,-0.6093893,0.5137367
-0.042891763,0.106571354,-0.29002103,1.4847472,1.1341052
0.77082556,-0.22193131,1.3607963,0.31104845,-0.8479623
0.6816684,-0.37975726,1.2287414,0.40429384,-0.28837165
0.73988736,-0.3778809,0.4908885,-0.01584344,0.5276255
-0.053093098,-0.14574942,-0.12824565,1.1035851,0.9821169
0.60025924,-0.19283232,0.48467,0.036931884,0.17801899
-0.072107635,-0.46507296,0.11607056,1.3174559,1.0806909
0.1743078,0.27982774,1.0427172,1.4015195,-1.2719364
1.5290864,-0.9021944,1.418594,-1.1919379,-0.042186834
-0.24051604,0.3490359,0.14225483,1.9463872,0.04025995
0.9867659,-0.61993057,1.6416166,0.17935504,-0.6705628
0.46690586,-0.20675597,0.5245274,0.5224625,0.2568488
0.5550379,-0.34015593,0.34836712,0.4642446,0.6103307
0.38529143,-0.3371924,0.16028574,0.7930228,0.7784739
0.17770615,0.107443966,0.82084346,1.2258804,-0.71880704
1.1490735,-0.6993979,1.0701743,-0.47664356,0.11243232
0.04113344,0.19497219,0.10011663,1.1973419,0.27345312
0.8766516,-0.6661004,0.9076334,0.30585766,0.1747339
-0.3585411,-0.15965399,0.17777646,1.7017021,0.4707204
0.3592699,-0.22965369,1.136344,1.1698852,-0.7898256
0.16429797,-0.66375196,0.011958083,0.4655959,0.9486464
-0.115973376,0.5144817,1.0874199,2.016458,-1.6745623
1.6890246,-1.0206884,1.785835,-1.0291666,-0.5359981
0.025159277,0.13929906,0.15258822,1.134659,0.07736554
3.0567505,1.4470106,-1.0126873,0.64229125,-3.3974826
1.0866513,-0.591852,1.5220882,-0.91025054,-0.7427801
-0.25365135,0.15538278,-0.3321915,0.25860554,1.4058801
0.113494076,0.22627416,0.55506206,0.9170982,-0.19354337
0.7694687,-0.47048745,0.5650625,-0.34913778,0.7850527
-0.37224594,0.4092628,-0.1589678,1.3996725,0.74944746
0.5366492,-0.47126707,0.75969875,-0.07382725,0.36369473
0.24574092,-0.09535726,-0.10531334,0.6348188,1.2114486
0.14633736,0.17766777,0.25658292,0.9829577,0.2439237
0.8267489,-0.31530556,1.0245503,0.052759957,-0.15070683
-0.023648165,-0.25005755,-0.3657947,0.3970102,1.8838183
-0.16306975,0.25796714,0.01699709,1.5707896,0.34625468
0.8771848,-0.5053633,0.5765227,0.036001515,0.8149987
0.04799149,0.28313938,0.3252032,1.1276646,-0.2510042
1.1460632,-0.57179624,0.93293035,-0.7956047,0.12705919
-1.3892515,0.021246113,-1.0168135,-0.7092948,1.6653124
-0.3065869,0.6247813,0.51863164,2.793208,-0.3827894
1.4529169,-0.93060195,1.3340657,-0.92132056,0.034203164
-0.09288957,0.34076515,0.023017963,1.2384945,0.08118387
1.0009414,-0.4454058,1.7664905,0.5876945,-0.83470184
0.5078464,-0.24630722,0.8997717,0.1729054,-0.19267565
0.45952085,-0.20039019,0.70258284,0.90035945,0.17894807
0.49553218,-0.52180463,0.41022363,0.42523205,0.4706115
-0.044900738,0.18997732,0.3111343,1.3198438,0.15428275
0.9032251,-0.36048827,1.5292976,0.41836149,-0.8457074
0.68403286,-0.5108016,0.6486096,0.12233503,0.24282175
0.14535603,0.12280766,0.33643636,1.2395861,0.11742001
0.9181416,-0.4398435,0.88193214,-0.37055594,-0.07500134
0.3033553,-0.076665245,0.21517405,0.80711603,0.48767734
0.7659452,-0.44422802,0.6567142,0.14956357,0.31078774
0.32616875,0.054307617,0.9189447,0.8174917,-0.7632304
0.65323985,-0.8113593,0.92519605,0.21737821,0.5078571
-0.15579864,0.46721998,0.39647183,1.5310906,-0.66731834
1.4140717,-0.7755393,1.3831267,-1.1122999,-0.37020826
-0.10855081,0.18552604,0.25687,1.733492,0.1384122
0.8657706,-0.49749312,1.504337,0.60412645,-0.76755434
0.76059544,-0.32540497,0.7690706,-0.2884789,-0.20247212
0.5053906,-0.062090717,0.60320073,0.19396557,-0.28208756
0.6085004,-0.33856568,0.75647,0.4537745,-0.26493618
0.037153043,-0.98030984,0.016181698,0.7126767,1.1191949
-0.9321321,0.7004291,-0.3792209,2.7672324,-0.0980319
1.3962876,-0.90695083,1.4247603,-0.5624322,-0.25351575
-0.37692103,-0.004786812,-0.30898964,2.0459268,1.0893492
0.61144316,-0.21345076,1.055157,0.68278885,-0.5958356
0.6945158,-0.48960623,0.92877245,0.65111893,0.05649867
0.27955052,-0.27347264,0.26158568,1.2081975,0.61812204
0.5260799,-0.16143021,0.70105284,0.4833457,-0.26468036
0.7422581,-0.3290933,0.9277566,0.18071814,-0.22921947
1.9173611,1.0704309,-1.7318654,1.98646,-1.3744438
1.0278441,-0.2356976,1.8834312,0.4172777,-1.1049945
0.36287478,0.04095856,1.3623484,0.35022426,-0.8824768
1.0155963,-0.53151304,0.9515858,-0.6814506,0.24229196
0.08152447,0.008090176,-0.3812543,0.8024642,1.6699467
-0.25370517,0.35229984,0.4828903,1.3140235,-0.53675693
1.2212163,-0.7283157,0.9047682,-0.7010198,0.6056887
-0.2620252,0.49253526,-0.06125728,1.509584,0.23013517
0.9647298,-0.552954,1.0287479,-0.29045373,-0.07103435
-0.7235461,-0.069288574,-0.6275988,0.45334572,1.6274351
0.17374453,0.38024727,1.0510324,1.0025703,-1.487069
0.90233517,-0.89307964,1.3380854,-0.9349004,0.07437863
-0.16257659,0.47718826,0.31789866,1.5668026,-0.33125746
0.8834358,-0.85514724,0.98333347,-0.51008373,0.23742095
-0.2472389,0.5169565,0.29512262,1.558624,-0.3567041
1.2261118,-0.6745523,1.047263,-0.6465942,0.17633885
0.04677359,0.27200523,0.4386655,1.2051743,-0.40237457
1.4118136,-0.75436056,1.2832458,-1.4425907,-0.29423138
0.2926921,0.084005035,0.26972714,0.4656077,0.12682238
0.54566896,-0.41586098,0.3583868,0.48869187,1.1008283
0.06380544,0.26734415,0.65640676,1.1776567,-0.7285828
0.7572722,-0.97095907,0.8322567,-0.22091012,0.557269
-0.41771635,0.5644328,0.20152077,1.8852366,-0.3240806
1.1238681,-0.6805366,1.2664261,-0.11223398,-0.099987306
0.22678271,0.14203373,0.4934332,0.6658396,-0.34597075
0.89794296,-0.6637448,0.5285307,0.07303335,0.9082817
-0.1417571,0.42635027,0.49486524,1.6878529,-0.6865051
0.8926458,-0.85291564,1.0155402,0.5206745,0.6358957
-0.15277955,0.31155887,0.32510638,1.5445052,-0.27806267
1.1448202,-0.80512464,1.1237468,-0.11632328,0.23824027
-0.50391823,-0.43973145,-0.5405071,1.0961165,1.2597473
-0.086059056,0.37159505,0.6779648,1.9900713,-0.68451726
1.37595,-0.9572023,1.4338089,-0.5269779,-0.17423823
0.063213386,-0.009874664,-0.106604375,1.1743344,0.68126714
0.25895008,-0.59262687,0.23100284,1.4325266,0.8356141
-0.26096377,-0.29023585,-0.25674343,1.4680891,0.97779816
0.41799578,0.06787602,0.86140186,0.47499597,-0.879171
1.1530877,-0.6616324,1.2505305,-0.22457652,-0.06791521
0.34749517,-0.28471407,0.17595598,0.93372685,0.71625185
0.302205,-0.086547695,0.46029943,1.0457861,0.1216506
0.74881446,-0.43143448,0.59991145,0.048247766,0.28913784
-0.051994108,-0.25412497,0.27402437,1.040324,0.22359699
0.38281432,-0.098275505,0.4383116,0.8897969,0.2998729
0.8438934,-0.3162783,1.0655628,-0.41496778,-0.64007574
0.63170815,-0.3638881,0.65260893,0.50675637,0.10658815
0.57750714,-0.27651724,0.5552625,0.26282662,0.064659946
0.19156244,-0.22000727,0.11888593,0.96246797,0.7983849
0.60134697,-0.100793205,0.89974165,-0.13917927,-0.8302967
3.2632487,1.4756161,-1.4565293,1.3312678,-2.8064067
1.3778588,-0.73079526,0.98918843,-1.7634578,0.15526715
-0.47759506,0.57071036,-0.3683728,0.8633335,0.8197798
0.32565054,-0.04702743,1.3003995,1.5840607,0.053646587
0.27262864,-0.521118,0.18003294,-1.1159112,0.8463975
-0.97224087,0.9010607,0.31198764,2.418637,-0.034509547
1.6319947,-0.9566635,1.6046466,-1.0081556,-0.0005714968
-0.906968,0.22449794,-1.0610462,1.0845214,2.1296418
-3.4910338,1.5432793,-0.38853166,-4.699596,-0.9459832
1.3444284,-0.36467728,2.0339298,1.9970992,-0.42310748
1.0341251,-0.52573615,0.867703,-0.80492216,-0.45437407
0.043479122,0.3385264,1.1064938,1.7936139,-1.0805868
1.3482311,-1.1092418,0.57319605,-0.9660471,1.5939896
-0.7097699,0.96322596,-0.0007574953,2.2796483,-0.8469187
1.7787224,-1.1696833,1.8350977,-0.7379612,-0.13788283
-0.5302815,0.3603274,-0.22459719,2.3940227,0.56179255
1.1741763,-0.6090062,1.1056422,-0.7305792,-0.17307493
-0.2578846,0.16756359,0.14853391,2.472563,0.57651967
0.5980425,-0.49847063,1.1140124,1.4122355,0.21655235
0.4779308,-0.05673822,0.4976472,0.18858595,-0.10314707
0.64090437,-0.49974856,0.4242076,0.6990182,0.78457046
0.26929286,0.15083614,0.9519511,1.0994761,-0.9140425
1.2849077,-0.6944984,1.4153969,-0.46579581,-0.3881418
0.33452383,0.06966654,0.8276073,0.89178944,-0.5995684
1.1063519,-0.66750467,0.9175642,-0.46822304,0.23126131
-0.04476305,0.045426525,0.019467613,1.6282915,0.43373927
0.5881353,-0.63057363,0.6505195,0.69141394,0.20378539
0.19497582,0.16983333,0.46081415,0.7184084,-0.411821
1.0631182,-0.6452054,1.078005,-0.076303646,0.05365955
0.18688986,0.13446632,0.25841245,0.9036049,0.02904176
0.842285,-0.6055706,1.1490437,0.71437025,-0.12848306
0.3869299,-0.18357453,0.6123575,0.8932804,0.012747727
0.9239019,-0.55754834,0.93279785,0.024811517,0.14806435
0.47382274,-0.028335415,0.67872864,0.09903647,-0.5113172
0.779983,-0.6639117,0.9744825,0.7644312,0.36061966
0.0014283434,0.09580914,0.06530508,1.3769739,0.3741973
0.11139373,-0.49625334,1.4994226,1.2270842,-0.83168644
0.7542819,-0.28716263,0.7695587,-0.30622476,-0.30330878
0.5115915,-0.16881642,0.7641279,0.71196467,-0.14915979
0.8832493,-0.3962582,0.8559166,-0.4172455,-0.23473522
-0.18203798,-0.482344,-0.23935974,1.2558194,1.3428473
0.047284283,-0.21018204,-0.18766788,1.9791881,1.2158657
0.44555566,-0.14200625,0.89368963,0.5417386,-0.8515957
1.0058968,-0.45836863,1.0678012,-0.7083782,-0.49430755
0.49587014,-0.097894035,1.0849912,0.8229638,-0.7478577
0.9240809,-0.65447986,1.249684,0.31181753,-0.085170306
0.27372262,-0.07025417,0.53896827,1.0661815,-0.110164054
0.8498252,-0.8407992,0.28976992,0.49055654,1.4171857
4.6266766,1.3473779,-1.0412827,2.255248,-1.9571095
1.4177867,-0.57131463,1.2472004,-1.1172409,-0.42682642
0.087419964,0.12552801,0.30654433,-0.110979065,0.13161734
0.42190233,-0.033387505,0.89572924,0.6480623,-0.16850469
0.86157364,-0.4519504,0.6122567,-0.40830767,0.6495935
-0.09575721,0.3204209,0.0329714,0.71861297,0.29171422
0.76952004,-0.3204578,0.969063,0.15988614,-0.0031755343
0.40123555,-0.009846054,0.60701215,0.6134793,-0.017239757
0.45390573,-0.12854752,0.5640784,0.5870651,0.33782375
0.50303364,-0.07908519,0.5540496,0.30330652,0.090924166
-0.095215224,-0.07248338,0.106948934,0.06208725,0.8460086
0.31908038,0.09825293,0.9587692,1.3029083,-0.34710553
1.2794929,-0.645532,1.1612043,-1.227105,-0.27173796
0.057846107,0.3355724,0.5284877,1.1693797,-0.44119227
1.3291177,-0.6503457,1.4115754,-0.98615724,-0.5196116
0.29592523,-0.02420362,-0.010657707,0.6024644,0.8803987
0.38449785,-0.15544829,0.76464546,0.934612,0.07909062
0.74167603,-0.3618258,0.48279914,-0.04535364,0.5590416
0.22979805,-0.12117084,-0.17921668,1.2271156,1.5859019
0.4637741,0.06951634,1.0328809,0.4915223,-0.99947876
1.0055777,-0.6424278,0.55972964,-0.3382979,0.98535705
-0.10886749,0.44889513,0.5849722,1.580705,-0.68806076
1.0818586,-0.8606285,1.359486,-0.043250967,0.089556895
0.053311206,-0.0030463561,-0.22181806,1.0690454,1.0230702
0.62769896,-0.11843618,0.99057233,0.24763586,-0.6380335
-0.6629264,-0.76933324,0.03832694,-1.4253327,1.3471203
-1.1943909,1.1236054,0.05288168,4.1034055,-0.55152595
2.0192223,-1.3741153,1.51186,-2.0297616,0.33184302
-0.7582181,0.59612817,-0.4943757,2.5026948,0.65932775
1.0799911,-0.6799573,1.0483338,0.055484187,0.3065753
0.006789364,-0.06638225,-0.14999679,1.3769484,0.8984999
0.13639262,-0.3906053,0.1904071,0.8563548,0.37556285
0.50598514,0.072310604,1.364422,0.57392585,-1.6331353
0.114543,-0.9939021,0.5836517,-1.2295008,0.5599949
-0.62190324,0.90482295,0.1559268,2.3897386,-0.812695
1.5976957,-1.0178131,1.638188,-0.8148553,-0.3704684
-0.00024392456,0.31344476,0.321748,1.0042402,-0.517081
1.1254765,-0.62220746,1.351075,0.0007281415,-0.49684504
0.05324737,-0.13764557,0.5836863,1.3397748,0.07205289
0.7361623,-0.31553206,1.1315247,0.46628827,-0.5583506
0.71690243,-0.38242754,0.7743265,0.12441607,-0.15684658
0.5159111,-0.14072832,0.7024735,0.41586542,-0.36840972
0.785692,-0.32242474,1.1482248,0.33420146,-0.49988985
0.8662875,-0.3312939,1.0549775,-0.4043423,-0.57869637
0.4678484,-0.24300751,0.6792717,0.95926774,0.11400183
0.62605673,-0.31413016,0.70272154,0.30663657,-0.055764474
0.6471416,-0.34724173,0.6179899,0.36089104,0.14806089
-0.2113665,-0.44130263,0.3222848,1.656059,0.5175144
2.9791226,1.394611,-1.251024,0.91142553,-3.744765
1.2690125,-0.4129022,1.8088686,-0.31058943,-1.2342458
0.2676544,-0.02543386,0.66120625,-0.15892945,-0.005897112
0.12905017,-0.17642912,0.2141718,0.03421552,0.7942753
0.34343466,-0.02678331,0.2581967,0.4696498,0.57962155
0.47337964,-0.13611016,0.3595663,0.51257265,0.7625835
0.37926325,-0.014979206,0.55993176,0.60021615,0.11883914
-0.17981246,-0.13316807,0.5271938,-0.41903543,-0.15545857
0.18881997,0.021947064,0.6245674,0.8688508,0.07316088
0.51989526,-0.2656072,0.89189637,0.0016270392,-0.12670872
0.6741294,-0.16641077,0.8084422,-0.06803261,-0.3651912
0.38086417,-0.19699511,0.27643657,0.8171829,0.80731016
0.42719325,-0.14567074,0.29839778,0.7263293,0.6346961
0.40335092,0.089438595,0.8456376,0.7504363,-0.7154347
1.1047834,-0.53312,1.2979138,-0.40389383,-0.4366687
0.29383364,0.05379025,0.41817823,0.63155955,-0.15163592
0.9224687,-0.3443807,1.3297089,-0.034981895,-0.6837351
0.94924253,-0.50295764,0.71136075,-0.4718796,0.36866254
-0.017026685,0.24157348,0.5633077,1.5251032,-0.39631173
0.8125146,-0.61527663,1.0099667,0.30107403,0.22729951
0.31125227,0.024927296,0.524456,0.7035343,-0.09587685
0.85528386,-0.5666631,0.43782577,0.07517733,1.0434185
0.09687779,0.271197,0.464574,0.8110873,-0.5397663
0.9723151,-0.61957294,1.282325,0.018068802,0.023722194
0.3145968,-0.12801346,0.4224041,0.618975,0.23593614
0.63049024,-0.33039746,0.86116064,0.6932393,0.22441113
0.1303995,-0.23167309,0.19705877,0.3294493,0.290302
0.46721002,0.025711693,0.88451874,0.43896925,-0.74046475
0.8401108,-0.51668817,0.7025494,-0.20086096,0.30979815
0.0024359599,0.049739517,0.26635006,1.6635275,0.27916247
0.96518666,-0.4225367,1.2894615,-0.30090415,-0.6020921
0.39708242,-0.06824192,0.59914756,0.63387465,-0.3072585
0.5431155,-0.4034942,0.75029683,0.2074687,-0.042152263
0.5269836,-0.17035899,0.71295756,0.52929175,-0.11482764
0.6146713,-0.31536755,0.93233865,0.714207,-0.1869689
0.3199378,-0.37980255,0.39619154,1.1733018,0.50819415
0.62272596,-0.29706654,0.52668417,0.22706546,0.2298828
0.13110545,-0.15058216,0.43101102,1.3623004,0.41656715
0.6113931,-0.16018328,1.0440291,0.34968925,-0.88089
0.8521759,-0.43766198,1.103333,0.07512815,-0.16876483
0.32767454,-0.30437407,0.31951472,0.91075873,0.488953
0.5305885,-0.048884712,1.2244589,0.7651314,-1.1395203
1.1432344,-0.6270236,1.3274779,-0.37020582,-0.3074348
0.23629811,0.007210411,0.59716064,1.0596296,-0.20085248
0.90324014,-0.72348297,0.68391263,0.014046382,0.49901566
-0.22901294,-0.29744086,-0.25755203,1.8305061,0.80718744
-0.28316012,-0.12562451,0.85608536,2.1809583,-0.36121815
0.8617013,-0.57981664,1.0245956,0.3042192,0.112501465
3.3368397,1.3155109,-1.359304,2.602024,-3.1986244
1.2077969,-0.4181951,1.6430509,-0.91839767,-1.2141222
0.06678698,0.11220757,0.46863568,0.020708453,0.08836161
0.35158822,-0.18430647,0.18526617,0.51509625,1.3966151
0.16777518,0.09973828,0.07423928,0.8153005,0.77542996
0.2714145,-0.048853718,0.46610287,0.6752967,0.4447509
0.56701916,-0.121874176,0.7978908,0.28242338,-0.0069454685
0.81552494,-0.2512711,0.9411245,-0.4900995,-0.5210955
0.31242636,-0.35534558,0.006150683,0.090899184,1.2784525
0.3144203,0.12965265,0.6170426,0.76962787,-0.23534712
-0.9228877,-0.49177107,0.6501843,-1.9685166,0.44969192
-0.21385613,0.4303557,-0.34237257,2.3090777,1.1258506
1.1433032,-0.566675,0.8542564,-1.037357,0.06223654
0.0930889,0.15882078,0.21793166,1.1268797,0.21192074
1.1141887,-0.50475055,1.2563916,-0.57957226,-0.49087727
0.53449255,-0.059179626,0.8086075,0.19787784,-0.47200513
0.8876052,-0.36106285,0.91739714,-0.46924388,-0.30908555
0.21454361,-0.05865749,0.33886725,1.28233,0.605617
0.4396902,-0.18032011,1.2038335,1.0118287,-0.4462223
0.49406144,-0.5524104,0.17581329,0.13607617,1.1818136
0.009187616,0.38124624,0.58241564,1.2432624,-0.7491904
1.0287153,-0.7981628,1.3655013,0.1710722,0.012662165
0.22425428,0.11450831,0.2114527,0.61459064,0.055197947
0.78870857,-0.39843735,1.1445352,0.58544433,-0.10702676
0.08280871,-0.4525536,0.192821,0.4677084,0.7943332
0.34635863,0.03500048,0.4794028,0.6232669,-0.11913688
0.6663088,-0.24353442,0.87929744,0.31776363,-0.35012442
0.7559391,-0.37526068,0.84890765,0.1868098,0.0066771135
0.540527,-0.08440908,0.82283837,0.12474258,-0.50053895
0.9675148,-0.3735083,1.3797497,-0.23656116,-0.9427318
0.7161589,-0.3694528,0.5837593,-0.107196614,0.19168651
0.18436393,-0.06193336,0.49914774,1.4580183,0.054194532
-0.2683588,0.01570288,1.1304935,-0.16233818,-1.1499822
0.99755305,-0.5125039,0.96700126,0.057590794,0.18926829
0.3624079,-0.18698153,0.12687281,0.7322164,0.6736996
-0.067358695,-0.18566546,0.8127541,1.4313779,-0.31065074
0.9233136,-0.36007342,1.5321571,0.2154919,-0.9258077
0.38380316,-0.26056466,1.0230373,0.3384009,-0.68458724
0.6003669,-0.36982712,1.0363073,0.7003675,-0.5440531
0.71079165,-0.5127638,0.72947377,0.44260222,0.22603768
0.20016286,0.04136864,0.48747745,1.0539038,-0.103835024
0.99358016,-0.4615396,1.3469188,-0.022462238,-0.7306605
0.14188632,-0.6601256,-0.34369475,1.2515984,2.0220344
-0.8118715,-0.093314014,-0.29630125,2.4735918,0.3729519
0.61891955,-0.3709906,0.56575954,0.7059851,0.3507169
0.34515324,-0.36503252,0.14779213,1.176801,0.8222992
-1.0231862,-0.41613278,0.25969443,0.5862626,0.25025272
0.071847595,-0.07079061,0.13344803,1.6434488,0.53264517
3.0734293,1.4078313,-1.167529,1.03544,-3.6920576
1.1312143,-0.66443145,1.3987607,-1.4786764,-0.5321867
-0.11984613,0.4185063,0.50279206,0.52121544,-0.6514677
0.8903364,-0.4655927,1.103273,-0.09664784,0.22063687
0.3099405,0.08166615,0.41021118,0.10302152,-0.08181954
0.78740555,-0.23353991,1.3546181,0.18794473,-0.6731305
0.58775103,-0.24829087,0.9165206,0.20451237,0.07556268
0.56618804,-0.09146627,0.8408585,0.31624907,-0.29269817
0.53548014,-0.35542902,0.6326103,-0.008986641,0.47378683
0.080643274,0.15702549,0.57094693,1.3857543,0.2357581
0.81722474,-0.31432804,1.0998988,0.17663671,-0.21290901
0.5033791,-0.095023476,0.83302736,0.41476,-0.27641365
0.47241458,-0.3498381,0.72956437,0.30642414,0.27371672
0.22521308,-0.012235008,0.46708134,0.7953438,-0.09405238
0.7551293,-0.30886588,0.693998,0.012006652,0.22043031
0.198791,0.05549494,0.35714447,0.835332,0.31688774
0.47366503,-0.2503794,1.0140239,0.65592813,-0.49951476
0.36483493,-0.27548012,-0.21373719,0.6197716,1.708276
0.15994081,0.22532049,0.40823385,0.58384126,-0.42584547
1.0988579,-0.6127446,0.9475734,-0.48136032,0.22512847
0.23277584,0.13766351,0.4737483,0.53824335,-0.38433558
0.960101,-0.502662,0.9532234,-0.2943306,-0.092025675
0.37287208,0.00036541373,0.23796877,0.4502989,0.38052374
0.63146406,-0.2937549,0.6817326,0.4155802,0.11699306
0.4650183,-0.08546289,0.9837661,0.5359853,-0.55394375
0.39132962,-0.6053441,0.5218088,0.48529494,0.9081736
0.1939657,0.14721933,0.4380987,0.8568072,-0.2365208
1.0040706,-0.49075302,1.191106,-0.18749355,-0.39255303
0.36330286,-0.04531797,0.48357093,0.62553084,-0.082688995
0.8592442,-0.35100636,0.8992309,-0.32060713,-0.24868017
-1.5272924,-0.6472677,-0.2940844,-1.1128998,1.0010962
-0.7477627,0.55937356,-0.70345,3.5569463,1.4761931
1.2635576,-0.6055468,1.725034,-0.1862878,-0.9908551
0.34281632,-0.19362387,0.42028862,0.88977134,0.31191215
0.6039843,-0.45724568,0.16173986,0.4059205,1.1244911
0.08106259,0.12763801,0.4662014,1.3345054,-0.32216105
0.4626889,-0.6629652,0.9057773,0.20522834,-0.23791918
0.028058209,0.030012764,0.22147408,1.3350405,0.10946702
0.96532685,-0.46225008,1.0053824,-0.49998146,-0.3683812
-0.27750245,-0.0531834,0.20175067,1.003597,-0.093717046
0.8059707,-0.44464764,0.59707737,-0.08173834,0.32363766
0.031743206,0.29158416,0.77531177,1.6357266,-0.78578
1.0437707,-0.9793061,1.3084447,0.29458702,0.19261733
-0.15497628,0.25953355,0.26182294,1.6805004,-0.32049388
0.8988955,-0.5296915,0.95877373,0.022683274,-0.042061515
0.32163385,-0.08681949,0.6909946,1.0896355,-0.26970693
0.4520382,-0.87412536,0.5051335,0.82142955,0.21953148
-0.16290078,0.26726785,0.36213875,1.7699063,-0.38138843
2.9943953,1.36787,-1.1091906,0.7239552,-2.2239857
0.71500236,-0.5459016,1.3764416,-0.25624645,0.0604622
-0.05932655,0.12904945,-0.24432173,0.14158954,1.1492575
0.16500142,0.16556087,0.7098619,0.68008626,-0.44756883
0.77607894,-0.45969185,0.52792764,-0.056065667,1.0812786
0.30429158,0.11997763,0.37860003,0.4928618,0.05792471
0.6803679,-0.2740973,0.7674704,0.021406721,-0.050201185
0.5654508,-0.10644611,0.74908334,0.15764971,-0.08617286
-0.8557028,-0.41392264,-0.2571568,-0.9987713,1.5256364
-0.6942113,0.8884841,0.1052536,3.1546357,-0.12778518
1.7577478,-0.9890169,1.6108277,-1.7846164,-0.4258472
-0.15358189,0.4416329,0.102652274,1.4600068,-0.01294262
1.2790548,-0.7111043,0.97960985,-1.0179274,0.26687518
0.08613572,0.16582552,-0.07180301,1.0695273,0.7242143
0.57807416,-0.18921074,1.1579376,0.5948975,-0.700603
0.8303125,-0.30754742,1.1174178,-0.27629167,-0.54536504
0.7891141,-0.29336867,0.74521023,-0.31421256,-0.061291464
0.35582522,-0.10749515,0.3021333,0.75430137,0.5255417
0.650212,-0.12592253,1.1426626,0.13464226,-0.80430126
0.29999575,-0.34945664,1.1704828,0.49131382,-0.022729583
0.67046946,-0.21456894,0.6560177,-0.18643533,-0.073822476
0.57705903,-0.10163482,1.1568499,0.7008553,-0.6097996
1.068389,-0.5216592,0.9722288,-0.870762,-0.19548452
-0.4421933,0.06731335,-0.07789523,1.3086557,0.75301343
0.75065696,-0.13668475,1.5466564,0.4930113,-1.3194141
0.649466,-0.52863294,0.92785513,0.49702585,0.3729545
0.26137713,-0.05037006,0.34489718,0.8955463,0.21207112
0.8384548,-0.36727127,0.67391217,-0.34735376,0.14173618
0.23619297,0.057821907,0.53373677,1.1813506,-0.12571481
0.8799248,-0.68894565,0.5239458,0.10319461,0.95913774
0.15040913,0.06054703,0.11797484,1.0971433,0.44660303
0.57042,-0.3398889,0.81365615,0.83398265,0.059036158
0.4818211,-0.12841639,0.8964331,0.50343025,-0.54685587
0.35403904,-0.5615633,0.03204106,0.23546435,1.337355
-0.897308,-0.059274994,-0.53394544,2.5596046,1.171216
0.41802958,-0.27187046,0.66165864,0.8645432,-0.2103698
0.65123713,-0.38574156,0.52589256,0.14944555,0.2064724
0.2999144,0.024345554,0.5528752,0.8732824,-0.18398803
0.71359795,-0.35913405,1.3476696,0.81972224,-0.496355
0.75695175,-0.44541535,0.8565089,0.30248433,0.06430214
-0.4619238,-0.5363744,0.027985623,1.3700109,1.0961864
-0.2753032,0.41427198,0.62636524,2.198356,-0.77100104
1.606982,-0.9599227,1.5895658,-1.0621387,-0.340194
-0.18785587,0.46278778,0.357914,1.508329,-0.6968564
1.2282183,-0.79348505,2.1152277,0.6093389,-0.947799
0.72790986,-0.24978814,0.89497954,-0.19545971,-0.5140379
0.11183182,-0.23281273,1.3099482,1.7934998,-0.42472625
1.1260786,-0.6594318,0.981539,-0.5720231,0.02625104
2.8482409,1.4194232,-1.152903,1.0608236,-3.6605647
1.6929961,-0.8365506,1.1424979,-2.3168502,-0.20801207
-0.78531235,0.814088,-0.074517585,1.4569305,-0.05989308
1.134356,-0.5949276,0.98765165,-0.9071231,0.21633455
0.038277067,0.35819116,0.41496763,0.69427586,-0.5387473
0.9527385,-0.5193656,0.6017919,-0.36876798,0.9482454
0.24222866,0.15479627,0.28691152,0.5537823,0.10301267
0.90327394,-0.3739756,0.82679015,-0.26629168,0.22580951
0.24333265,0.061407723,0.13585117,0.8198599,0.8096083
0.6521684,-0.18843588,0.74157554,0.29278135,0.19621873
0.5776348,-0.1655024,0.675667,0.30054492,0.022756808
0.015889205,-0.22415099,0.16661352,0.12855847,0.58996856
0.25578955,-0.044500194,-0.04892675,0.9026234,1.1990238
0.45318225,0.0966293,1.363832,1.0615553,-1.2684431
0.9821797,-0.6425828,0.96425784,-0.19028465,0.5673636
-0.1344209,0.33358875,0.13979506,1.4047315,0.25605628
0.96278214,-0.44761118,1.2626843,0.04218365,-0.32368734
0.52222466,-0.1410931,0.59503096,0.41278124,0.13413408
0.20834646,-0.11310276,0.5660336,0.31396544,0.13128632
0.166163,-0.30324635,0.3623109,0.26095802,0.39421374
0.3505343,0.15300098,0.81741714,0.6978852,-0.77963763
0.7115702,-0.5100959,0.8752726,0.5874919,0.53055364
0.08766279,0.22238079,0.59344494,1.249474,-0.45449594
1.2584982,-0.6903857,1.1579008,-0.84658027,-0.09376804
-0.26893458,-0.15404877,-0.5269138,1.6206833,1.8190206
-0.011615597,0.29799524,0.7031751,1.5858939,-0.7687876
1.2373182,-0.78039587,1.191687,-0.52705264,0.09377452
-2.1965857,-0.27465042,-1.7528137,-2.061286,2.555309
-1.4424142,1.4308554,-0.3235976,5.2249875,-0.016096763
2.3537097,-1.3691634,2.5967798,-1.5526732,-0.97269076
0.04859481,0.25118175,0.18322656,0.88325876,-0.18094149
0.79223585,-0.58485204,1.3822496,0.715635,-0.33369297
0.44218108,-0.14503893,0.42776248,0.39151847,0.13063467
0.7017619,-0.2973741,0.5406783,-0.06874268,0.22970822
-0.90171397,-0.10517057,0.057601325,0.044728886,0.29802597
-0.58162737,0.0887138,0.08446395,0.9275172,0.54235435
0.4857464,-0.11010345,1.2624788,0.8630562,-0.9373163
0.37796274,-0.4402822,0.93565625,-0.23144315,-0.33609822
0.37216112,0.06820742,0.5981346,0.6612114,-0.34822822
0.44362178,-0.81522167,0.49392867,0.6437173,0.7379
-0.00702437,0.43673578,0.61757994,0.66071373,-1.3130566
1.401974,-0.8430284,1.6400396,-0.44542998,-0.30896455
-0.22218743,0.00740353,0.24015334,1.6516589,0.27358016
0.681378,-0.33072647,1.1596131,0.72256655,-0.5784189
0.7652067,-0.34964737,1.113744,0.30054295,-0.4560352
0.70542186,-0.5379599,0.63077116,0.5339613,0.3701076
0.2893438,-0.23322281,0.05568459,1.1941298,0.90004694
-0.050523363,-0.58577234,0.040735744,1.0876232,0.5157297
3.1364613,1.3976628,-1.175637,1.5430025,-3.8231688
1.1266481,-0.5402892,1.1412408,-1.6791286,-0.61918986
-0.27260205,0.33802572,0.08122673,0.29549968,0.23431477
-0.46255967,-0.29689488,0.15599701,-1.2908914,0.33519033
0.17495367,0.17955604,0.2696088,0.9018091,0.35731298
0.765969,-0.25592503,1.230435,0.19402654,-0.46972433
0.70586246,-0.32268462,0.63678074,-0.14491884,0.24017882
0.26067117,0.20643535,0.8625394,0.82285166,-0.7518307
1.0401332,-0.76636255,0.76292974,-0.5474716,0.7035825
-0.59767663,0.52782124,-0.26497152,2.105567,0.5973295
1.1281326,-0.53488666,1.3754586,-0.15551285,-0.39789593
0.63321143,-0.109838806,0.82862705,-0.26824683,-0.608721
0.35646608,-0.07797178,0.5448459,0.79775727,-0.09591315
0.74368125,-0.30086932,0.8070475,0.014606964,-0.08759112
0.5155694,-0.15618262,0.5289701,0.46213603,0.18815166
0.6863673,-0.2382296,0.8995208,0.22241165,-0.21607137
0.6896467,-0.2512258,0.8580599,0.20571221,-0.07379482
0.45147368,-0.15874085,0.6266144,0.8074111,0.31991872
0.5768212,-0.29290614,0.67505884,0.48657936,0.24972898
0.03748224,-0.44463572,-0.43127233,0.2145222,2.1460714
-0.25937662,0.6686765,0.6615839,1.7379059,-1.2757711
1.8003267,-1.1406344,1.4494735,-1.5968962,0.2207691
-0.42605516,0.38431945,-0.7458612,2.2598941,1.589518
0.89123386,-0.35295662,1.0741018,-0.37493438,-0.57692116
0.52062374,-0.3604692,0.15355423,0.6762389,1.1435326
0.43381348,-0.114366375,0.41408655,0.47168362,0.18858898
0.4808623,-0.029148422,0.8620768,0.660818,-0.62370306
0.84496236,-0.4051393,0.73931336,-0.23753087,0.17052838
0.25518999,0.08013073,0.40204027,0.84765494,-0.117475756
0.51856846,-0.4757565,1.0393107,1.0987936,0.09963425
0.4636089,0.039706863,1.2796717,0.7802081,-1.2021546
1.1824713,-0.7207531,0.7203544,-0.9908268,0.56744057
-0.24681708,0.45880142,0.115136825,1.7305948,-0.15608776
1.2519693,-0.7692808,1.0940647,-0.60268986,0.1875484
0.086852945,0.30007187,0.64167535,1.0044093,-0.8413463
1.3946178,-0.78480184,1.1385937,-1.3575829,-0.025820203
-0.0041304454,0.34609142,0.37762722,1.0934926,-0.527358
0.96260566,-0.74908674,0.95022345,-0.15256242,0.49675646
0.22508666,0.074237026,0.29524776,0.7717581,0.04385098
0.7288549,-0.46205458,1.1867329,0.44600898,-0.31174576
0.41975692,-0.22911963,0.81101686,0.8450074,-0.20789972
0.466444,-0.4051369,0.5955247,0.70141196,0.16331002
0.57339156,-0.23772177,0.68724555,0.3502754,-0.16276336
0.60773563,-0.1891726,0.98438835,0.27453983,-0.54870284
0.78324866,-0.34274754,0.7736266,-0.19689755,-0.07183207
0.53252363,-0.12787756,0.8297454,0.46580046,-0.3921425
0.68630594,-0.42617258,0.66635793,0.54953367,0.40659955
0.31450418,-0.08393224,0.49044627,0.9399562,-0.015131809
2.6015654,1.4041358,-1.2429018,0.6938274,-2.8750253
0.17355177,0.06986443,2.3569715,1.1016929,-1.7667555
1.350856,-0.8116883,1.0148846,-1.8515065,0.35510305
-0.16518763,0.3796679,0.07347032,0.87638426,0.22724852
0.8628266,-0.4137772,1.2648231,0.28667593,-0.14016536
0.5721173,-0.12353834,0.5930095,-0.29650605,-0.13648185
0.46681324,-0.06556209,1.1097894,0.93499947,-0.3600514
0.886749,-0.43851313,0.81907624,-0.2998184,0.26940575
-0.67893434,0.050957836,-0.38155723,0.589748,1.2830919
0.10216872,0.12373272,0.21180546,1.3177922,0.45111364
0.58238,-0.34113583,1.0410224,0.39065892,-0.24042815
0.51118594,-0.43749747,-0.26493302,0.57502735,2.1985352
-0.1376653,0.5025489,0.4732568,1.5154907,-0.7547684
1.5221633,-0.88620365,1.2521652,-1.3510231,0.048777305
-0.28918955,0.45872036,0.036678035,1.7261238,0.034902357
0.821289,-0.61172897,0.9816053,0.19636919,0.16262293
0.19325224,0.035670437,0.18650737,1.0065435,0.50256693
0.83481234,-0.3200477,0.994262,-0.13973396,-0.38456115
0.4778795,-0.21243986,0.6273782,0.43348932,0.14454678
0.422761,-0.14699873,0.73256034,0.81814474,0.1033748
0.7718219,-0.22466835,0.92188746,-0.45705664,-0.5748322
0.45839807,-0.38486657,0.043175124,0.64969486,1.4205476
-0.021089695,0.42865577,0.6056605,1.1173184,-1.1388721
0.9639913,-1.0146588,0.9083848,0.0827619,0.9622353
-0.86114144,0.60579604,-0.2282472,2.9220395,0.4011084
1.263704,-0.7343286,1.1800908,-0.51961166,0.0406022
-0.10510739,0.39160314,0.71482784,1.6737419,-0.8025572
1.2149316,-0.82209766,0.9605755,-0.5638878,0.4694076
0.18374935,0.26805225,0.64387405,0.31560194,-1.0390276
0.10559211,-0.9747571,0.5681474,-0.2528574,-0.037990816
-0.5720494,0.7559806,0.21043119,2.3878562,-0.70553666
1.1863929,-0.6907171,1.3980575,-0.04582374,-0.71725917
0.4080498,-0.059835277,0.83998364,0.7820354,-0.46814185
0.5111947,-0.23227629,1.2033294,0.29742533,-1.0022504
0.48188117,-0.97171724,0.39822719,0.40549958,0.73488975
-0.4116231,0.475238,-0.38458097,2.2542117,0.7840579
1.1025629,-0.6339139,1.6459326,0.28181362,-0.57474923
0.2168943,-0.19243416,0.20843348,0.771703,0.43170306
0.5022163,-0.22534546,0.44832337,0.68360513,0.357765
0.5214173,-0.35303292,0.53088003,0.7604973,0.31023893
0.56780523,-0.10322746,0.81080735,-0.13238542,-0.67265433
0.18084916,-0.75430095,0.3016231,0.7895118,0.80373126
-0.10444399,0.42459074,0.428391,1.3104299,-0.73964715
1.3036957,-0.79524934,1.4820982,-0.2983235,-0.2915487
0.07574663,-0.020450912,0.43738523,1.2583666,0.025948547
0.80527854,-0.34810957,1.4167577,0.676829,-0.79953134
0.52353644,-0.34711298,0.5464574,0.5242072,0.14578268
0.31048122,-0.29640374,0.6575896,1.2234277,-0.22843471
2.889,1.3895065,-1.3892753,1.0475152,-3.3843968
1.2934343,-0.41210112,1.734873,-0.4954732,-1.1978774
0.21995345,-0.027047954,0.31720898,-0.1411895,0.552538
0.1423482,-0.11390384,-0.34155434,0.64958274,2.2806077
-0.21842232,0.459829,0.57263094,1.5441806,-0.4965486
1.2257525,-0.6935233,1.5601579,-0.61180276,-0.17018396
0.36918083,0.0845677,0.53979385,0.05174304,-0.4048023
0.058514513,0.07896248,1.2883018,0.563859,-0.5061325
1.0017737,-0.43898997,1.0612701,-0.3849029,-0.077939846
-0.95895535,0.05349938,0.24451002,0.5705604,1.1727837
0.008330204,0.102613606,0.085104935,1.1208884,0.715194
0.6909047,-0.183081,1.215746,0.39563334,-0.64553446
0.64534914,-0.35654482,0.6184542,0.0077973716,0.095979266
0.17146143,-0.31892237,-0.45918703,1.0346375,2.3802958
-0.048047505,0.2728397,0.19323945,1.4527469,0.08389508
-0.38166746,-0.7448071,1.0202565,-1.257701,-0.55099833
-0.21038517,0.55349654,0.100559436,1.6656007,-0.09503592
1.3628534,-0.76051414,1.4642129,-0.515961,-0.2831947
0.1508247,0.06813113,0.41636625,1.0992893,0.023169063
0.32029828,-0.6734723,0.3410133,1.2990707,1.1643623
-0.35904804,0.532468,0.63616294,2.4512806,-0.58819985
1.4561738,-1.0649222,1.3838521,-0.7563935,0.111134194
0.020474173,0.27166906,0.109475516,1.0162052,-0.038168855
1.1988084,-0.71500957,0.8346072,-0.81887376,0.4265114
-0.0045572743,0.2621943,0.14606962,1.2820094,0.018057786
0.97254413,-0.4969209,1.4145346,0.25631207,-0.6538807
0.4954408,-0.20313439,0.562404,0.45292085,0.003475003
0.119340755,-0.26553807,0.40423957,1.1233137,0.45955494
0.5067086,-0.10470327,1.0051599,0.8248835,-0.6319024
0.42949137,-0.43029484,1.4063637,0.72617394,-0.57237166
-1.2262967,-0.7186955,-0.2957735,-1.9860421,1.1775787
-1.1271416,1.175397,-0.17420825,4.2256966,-0.33791146
1.997175,-1.5846676,1.2230841,-1.7954404,0.931107
-2.1742473,1.0451537,-1.4550457,3.5965471,1.5339849
0.6944795,-1.2235826,1.7125319,0.06971116,-1.2853897
-0.27340814,0.4782063,0.40607646,1.6539248,-0.58796734
1.3535308,-0.88597715,1.9285325,0.2620241,-0.6728047
0.35726967,-0.123764835,0.48512867,0.8251215,-0.12918484
0.766347,-0.42337593,0.7913937,0.19532473,-0.175838
0.50968266,-0.051364265,0.7345207,0.13436885,-0.6550008
0.71560067,-1.0893291,0.40670386,0.70684665,0.9992501
-0.4294773,0.7100588,0.41103902,2.0022526,-1.1773182
1.7436248,-1.0625905,1.8860495,-0.80105317,-0.49738348
-0.99342585,0.12914243,-0.44578856,0.92632717,1.0074874
0.5187725,-0.07649835,0.98623717,0.87484217,-0.71532404
0.89295745,-0.6919068,1.0982726,0.58511585,-0.23662364
-0.6835193,-0.25096115,0.04781776,0.6072244,0.65199786
0.21540353,-0.4558867,-0.01759986,2.2590032,1.4108324
3.1525924,1.4599353,-0.852075,0.21492739,-3.217321
0.40611717,-0.49502787,1.0657084,-1.3307635,-0.00079793483
0.029890694,0.21400753,0.19586399,0.26650876,0.364075
0.6340463,-0.38660464,0.008681228,0.23546632,1.959242
-0.13164213,0.51566666,0.6568473,1.2220999,-0.9246764
1.2538356,-0.77605426,1.3885429,-0.4058057,0.28538865
-0.50393826,0.5112774,-0.10147477,0.9880108,0.16939533
0.84329635,-0.46484408,1.2458159,0.14992549,-0.07029108
0.35962287,0.035555996,0.5567755,0.55530864,-0.047531463
0.4307681,0.021851696,1.5467622,1.1274403,-1.1064137
0.90516275,-0.8052653,0.41011265,-0.65129524,1.4270694
-0.955251,0.9499365,0.05317896,2.6989102,-0.6055729
1.5828793,-1.2081712,0.8860482,-1.2854999,1.2458524
-0.897395,1.084581,-0.5216568,2.679158,0.018491648
1.5061603,-1.113357,1.5034995,-0.75015235,0.13100111
-0.21766129,0.45970026,-0.08414034,1.378095,0.15905091
1.0420133,-0.65165937,1.1698191,-0.015259255,-0.04987795
0.4128413,-0.08943971,0.4608736,0.30667984,0.06388643
0.2951767,-0.36456522,0.3024889,0.91369146,0.78291106
0.16934857,0.024848618,0.24119297,1.1817007,0.61029613
0.9282791,-0.41740593,0.86592555,-0.5132033,-0.12297509
-0.33098248,-0.23384508,-0.20272657,1.2022436,1.1895169
0.17799404,-0.17049488,0.033037085,1.3372985,1.024275
0.361757,-0.011247955,0.8625745,0.9657331,-0.5048421
0.9431117,-0.5380505,0.66177076,-0.37889582,0.43761724
-0.077933036,0.11739794,0.09536471,1.6092396,0.29652128
0.6936196,-0.31472144,1.6314746,0.767775,-0.9827362
-0.22180691,-0.4018515,1.0295917,-0.5987697,0.14833573
0.19038084,0.16601864,0.7756068,1.4960828,-0.23382947
-0.3480043,-1.3529676,-0.15500352,-2.7546978,1.0949565
-1.7387542,1.4561468,-0.7618468,5.2199974,0.3157309
2.0963807,-1.41967,1.7367728,-1.9383593,-0.092402495
-0.5314318,0.5262334,-0.19502395,2.1749985,0.0642814
0.9439854,-1.1754054,0.7413145,0.018932294,0.8019768
-1.1841984,0.7873374,0.06300103,3.116581,-0.6606267
1.4080697,-0.902037,2.0397162,0.10616864,-1.2747962
0.29612675,-0.32702145,0.27454814,0.73026323,0.4901232
0.0057354346,-0.22702155,0.31384775,1.7347194,0.4255106
0.3572484,-0.27252135,1.1139915,1.5006126,-0.60046554
0.57910305,-0.70265234,0.5175773,0.6038845,0.62770593
-0.4235668,0.060046352,0.2648512,2.521306,-0.07018218
1.1685036,-0.6761116,1.1839793,-0.46925962,-0.23945758
-0.56992525,-0.0014227256,-0.21041107,1.2596451,0.51260537
0.622194,-0.16692814,1.230063,0.9851804,-0.8464879
0.8557595,-0.6182235,1.4787076,0.4762686,-0.6766801
0.37886146,-0.16560015,1.0550183,0.8917127,-0.65031904
-0.12658152,-0.6963104,0.14052495,-0.3956818,0.485228
-0.49164912,0.6152517,0.4162966,2.733033,-0.5991847
1.8362529,1.520248,-1.3215536,-0.11254476,-2.921535
-0.15311,-0.3552383,1.7500116,1.235072,-0.5773118
0.5178049,-0.14675078,0.66790545,-0.13055812,0.13814256
0.13946804,-0.052821003,0.0492815,0.48524773,1.0109082
-0.4191095,0.011547245,0.036747683,0.43067658,0.740638
0.43321642,0.08629862,1.0337331,0.5318822,-0.8623178
0.82719076,-0.43098864,0.9562358,-0.3966869,-0.028659321
0.07724116,0.19340816,0.73565716,1.031512,-0.36010584
1.2102214,-0.6308454,1.0309517,-0.91216046,0.07353338
0.096984185,0.15785518,0.27055272,1.0503751,0.106291704
0.76801676,-0.41890797,0.8824814,0.30596387,0.22094801
0.18733922,0.055428185,1.0956537,1.3174145,-0.4627618
1.1748072,-0.59288675,1.2799186,-0.679285,-0.2711079
0.07012776,-0.1435512,-0.3067156,1.0976862,1.5034447
0.41122285,0.032168068,0.6388594,0.47259825,-0.32588863
0.99279034,-0.5703371,0.6700504,-0.4936518,0.47904676
0.18964234,0.23994508,0.5803143,0.51358366,-0.7249779
0.9543282,-0.43623146,1.7830372,0.58273387,-1.0818028
0.6419032,-0.3801888,0.36804298,-0.10122691,0.5797771
0.4539871,-0.038196407,0.41941038,0.33554095,0.06694075
0.4790323,-0.2201837,0.70353866,0.76916564,-0.07241718
0.54363245,-0.38622078,0.7543398,0.45812148,0.2254422
0.26005033,-0.02283033,0.46836275,0.9404145,-0.11356149
0.7791268,-0.35011706,0.81356156,0.01807667,-0.12126384
0.37267432,-0.30496058,0.48317456,0.81490517,0.32858905
0.5430529,-0.04158195,0.986702,0.1685368,-0.8550303
0.7539339,-0.4646462,0.83723056,0.48194522,0.24707136
0.3154492,-0.0061291084,0.4936948,0.72882736,-0.10243664
0.8527204,-0.4237264,0.9427553,-0.01982652,-0.21072847
0.16460338,-0.097061954,0.99084073,1.3379692,-0.48714882
1.049332,-0.52086526,1.0278277,-0.6375856,-0.17444652
0.39819142,-0.19273219,0.1391252,0.6456567,0.7665202
0.060743786,-0.3740233,0.08755054,2.1540425,1.0996866
0.30203226,-0.4094666,-0.0056119063,0.65893364,1.2772382
-0.046763264,0.30553403,0.82184345,1.7814956,-0.99935687
1.4989318,-0.96117437,1.0575691,-1.3875769,0.3598306
-0.21836224,0.3604323,-0.2190763,1.6239072,0.49240574
0.9764244,-0.5286401,1.3114555,0.2627263,-0.3784482
0.24566707,-0.3665608,0.10263529,1.2089764,0.8736755
0.08242569,-0.21988568,0.12927991,1.7572391,0.8017806
0.4967864,-0.28943953,0.41344386,0.44243306,0.19773898
0.38905653,-0.09296354,0.57637775,0.52259034,-0.25286323
-2.9497123,-0.61842614,-0.740261,-6.23258,0.17563188
-2.3318403,1.8647939,-0.62116855,8.627588,1.3389478
2.5062578,-1.649124,2.5712495,-2.0803595,-1.0341756
-0.6073322,0.62213725,-0.5593732,2.4119692,0.22487783
1.2222953,-1.0063332,1.2063476,-0.13784175,-0.13146564
0.062068082,0.18799368,0.08704545,0.92920876,0.10937714
3.0325665,1.3953,-1.2903949,1.1060024,-3.6564429
1.6602417,-0.76090753,1.471022,-1.7370161,-0.5973654
-0.82295215,0.6112272,-0.377867,1.3262285,0.9785345
0.9718632,-0.5467432,0.6776154,-0.90901333,0.6848262
-0.39305666,0.38454357,-0.23833483,1.0436993,0.7981654
0.726518,-0.3996223,0.47483152,-0.0670629,0.914042
-0.88379407,0.2160627,-0.64102787,-0.065355584,1.105135
0.3574274,0.18024746,1.0245968,1.1251684,-0.79402167
0.9563935,-0.36928114,1.8602253,0.2822798,-1.079955
0.8695144,-0.44535813,0.780827,-0.47879148,0.20993379
0.06561414,0.23514333,0.24964246,1.3461459,0.29600272
0.9922471,-0.43678698,1.1308955,-0.29802257,-0.31345528
0.37905172,-0.106677376,0.52006084,0.68200797,0.30639467
0.88677406,-0.3919643,0.6457438,-0.5505656,0.25234511
-0.6535549,0.3421575,0.7940918,1.7153646,-0.011114694
1.210269,-0.7646245,0.818489,-0.74704653,0.6637052
-0.57101923,0.66598713,0.60573184,2.1994338,-0.8720149
1.7340143,-1.0143799,1.618041,-1.3902776,-0.17401525
-0.24936303,0.4497749,0.24462327,1.5999241,-0.19174483
1.1372463,-0.6844467,1.6395826,-0.24444275,-0.45407504
0.22235796,-0.18577275,0.12032928,0.80400825,0.6400485
0.14878443,-0.16718325,0.24411535,1.2670841,0.7283153
0.47385153,-0.30454096,0.18946487,0.8181546,1.0742227
0.41628346,0.10774914,1.3734722,0.8610597,-1.5158621
1.2875888,-0.7597178,1.090784,-0.9256164,0.17791268
-0.4020451,0.3719026,0.090684704,1.8174869,0.033497058
1.2150204,-0.5250352,1.9113837,-0.15243457,-1.2573122
0.7691658,-0.51378185,0.35404882,-0.13578038,0.83109397
-0.011580549,0.14464203,0.14057139,1.6128352,0.49984363
1.0069107,-0.4158896,1.4606937,-0.105188355,-0.79788494
0.65683097,-0.26795802,0.64800423,-0.00054841116,0.026856028
-0.07229038,-0.6567496,-0.7867502,0.4105448,2.8679483
-0.4813752,0.8016974,0.2761291,1.8223826,-1.1114217
1.6007485,-0.98689735,1.4078099,-1.1199317,-0.09239385
-0.53257084,0.20684066,-0.4337921,2.1627975,0.5573079
0.4678146,-0.23226199,1.9721735,1.5159706,-1.4282047
1.3674885,-0.7170671,1.2487757,-1.428104,-0.35533854
0.16866013,0.103347935,0.05427464,1.0450662,0.53785753
0.40204665,-0.5900615,0.6638036,1.3232348,0.42019707
-0.4492078,-0.6774944,-0.14848945,0.23359574,0.7430882
-0.59390277,0.59710807,-0.024736801,2.9264395,0.016298138
1.4091287,-0.81970155,1.2722102,-0.97421587,-0.2144405
0.033879854,0.18050495,0.22993603,1.2166947,-0.10813389
0.9281364,-0.55880004,1.1498024,0.3681137,-0.18412027
0.26090398,-0.63853204,-0.2350342,1.4788896,1.7648182
-0.2767314,0.50317353,0.628859,2.1458068,-1.1967158
1.459283,-1.1434001,1.5328343,-0.5951171,-0.27135855
-0.50275165,0.09328667,-0.181553,2.2441742,0.67267287
2.9047456,1.3953167,-1.2048303,0.6311091,-3.3650503
1.0371016,-0.5942243,1.3936844,-1.2952816,-0.4978787
-0.27802065,0.39805236,0.09544625,0.58805054,0.1153233
0.41647872,-0.43273863,-0.04341323,-0.28623068,2.063878
-0.6513682,0.4323918,-0.51503116,1.5955752,1.2672853
0.5019985,-0.257315,0.7656443,0.3854229,0.051249973
0.40860054,-0.20449337,0.22052959,0.24087937,0.68751407
0.5283129,-0.04576858,0.711098,0.1289322,-0.35968754
0.9656811,-0.47972378,0.8352385,-0.39271957,0.33077133
0.3176234,-0.00017818063,0.3405524,0.7172892,0.45665792
0.66138464,-0.16579327,1.0973291,0.1109208,-0.6115714
0.79160875,-0.33617672,0.6739728,-0.18707065,0.2655494
0.20943293,0.030315556,0.26919034,0.8425684,0.21795073
0.7843802,-0.26339945,1.1213391,0.2347051,-0.44803727
0.7077488,-0.1826733,1.3307282,0.010417353,-1.0762732
0.6364771,-0.39611515,1.0968745,0.27684313,0.090701185
0.5133714,-0.08494552,0.72060186,0.3631255,-0.25097308
0.8650784,-0.44152197,0.93455493,0.007020425,0.17964381
0.33810118,0.05347792,0.5030888,0.52371544,-0.14483154
0.8376274,-0.40943083,0.7781085,-0.010153044,0.2585376
-0.051666163,-0.08202251,0.01583912,1.015564,1.1013201
0.06475673,-0.003907047,0.588821,1.250249,-0.32303914
0.89924973,-0.47536787,1.260369,0.1448114,-0.40802255
0.78120464,-0.24620947,0.86002415,-0.5934334,-0.5255353
0.6207608,-0.18900809,0.788187,0.31546032,-0.23199031
0.7408587,-0.25596794,0.89489293,-0.031055856,-0.30737603
0.70628554,-0.30961928,0.61544406,-0.04305624,0.18961313
0.036475874,-0.2526134,0.15729427,1.4163247,0.8692583
0.19532755,0.020974316,0.79657197,1.2068875,-0.4460918
0.8975299,-0.47980008,1.1595175,-0.16991095,-0.25413024
0.21796075,-0.39018092,0.02071335,0.97975355,1.0442543
0.10887406,0.08458439,0.3595946,1.1800936,-0.12178067
0.53773695,-0.2757686,1.6783319,0.8259752,-1.2060992
0.7262038,-0.66055715,0.657533,-0.044472445,0.6680119
-0.50097924,0.44958892,0.6027387,2.6728265,-0.44012058
1.5668138,-0.95406234,1.7154855,-0.8199025,-0.34618336
-0.3977768,0.19745174,0.2940111,2.1338162,0.19022417
0.92415476,-0.5228179,1.0934838,0.10761042,-0.18259224
0.37440792,1.4938414e-05,0.6940682,0.6371949,-0.57935923
0.8156689,-0.73016346,0.21644923,0.15398331,1.381723
-0.33441713,0.4787499,0.16716787,2.0376697,-0.34594396
0.9980287,-0.6619209,1.0892347,0.06744327,-0.007177092
0.24815544,-0.004107319,0.5238943,0.9366635,-0.25907645
0.83178574,-0.46161827,0.83470625,0.0019909255,0.04052528
0.36629066,-0.030843578,0.6242197,0.6890477,-0.2598949
0.95681655,-0.5475729,1.0097668,-0.03459244,-0.014573492
0.3043867,-0.05794462,0.5930701,1.0195903,-0.21143284
0.3441281,-0.7482499,0.5237539,1.309411,0.6809145
3.4020295,1.504243,-1.0698972,0.7748285,-3.196563
-0.20186111,-0.61079913,1.2691503,-1.339776,-0.021126367
-0.6097555,0.6865674,-0.030579308,1.5781598,0.15781674
1.0898432,-0.7714504,0.36654016,-0.36972392,1.9834872
-0.44791856,0.540126,-0.51820326,1.7293359,1.0685506
0.6411685,-0.19328532,0.95657957,0.47509235,-0.11346642
0.77110344,-0.29362854,0.8695818,-0.16117375,-0.04880453
0.5147095,-0.21402773,0.51315945,0.23001982,0.50352365
0.44140127,0.07034842,1.0385886,0.66323733,-0.81300443
0.998786,-0.6441444,0.49770495,-0.6576603,0.97659165
-0.15644076,0.4634625,0.28412616,1.539163,-0.2313205
1.2396839,-0.83011806,0.9126475,-0.6215608,0.72275805
-0.23404476,0.37501875,-0.15423003,1.5054199,0.40400934
0.8278479,-0.6498951,0.6417354,-0.064283594,0.7356927
0.012255527,0.21523777,-0.08593873,1.017704,0.5834935
0.909953,-0.36497292,1.1676346,0.03411324,-0.427504
0.5935777,-0.17384228,0.91306764,0.42234063,-0.17807904
0.661277,-0.26901183,0.6126644,-0.0695865,0.17351443
0.32427368,0.03958527,0.48469493,0.6922204,-0.15940827
0.88948023,-0.4108995,0.6789506,-0.44172817,0.25312123
0.17627046,0.117057,0.48590556,1.1636893,-0.004060544
0.8139265,-0.6197303,0.5833414,-0.105239496,0.5967124
-0.10835805,0.09861294,0.035387,1.4119384,0.6982941
0.7281652,-0.21893677,0.9543412,0.088814214,-0.36743137
0.5926289,-0.65393627,-0.27763218,0.7880346,2.5214262
-1.608403,0.47161403,-0.96359956,0.8571494,0.7293148
0.87212044,-0.3913301,0.8454983,0.2739812,0.23922467
0.16935107,0.032387413,0.3317841,1.0745351,0.093279295
0.81101006,-0.3808826,1.0661834,0.06376703,-0.43880084
0.44596747,-0.111119114,1.0733397,0.8826746,-0.47557455
0.5435348,-0.48965153,1.0489249,0.33939815,-0.23339301
-0.55177563,0.051384605,0.06599023,-0.22233222,-0.08837155
0.048266865,-0.0022643432,0.61670965,2.552972,0.3930487
1.0337934,-0.523979,0.9217114,-0.7190312,-0.16515306
0.19891617,-0.1161116,0.13695648,1.363516,0.72135276
0.5204898,-0.70287645,-0.13118616,1.0182548,2.053384
-0.32113037,0.58927125,0.11297717,1.7664484,-0.45587704
1.3851637,-1.0072488,1.364025,-0.26043016,0.20359612
0.07635746,0.14919105,0.06742623,0.9809829,0.19335368
0.9568654,-0.39147553,1.2694243,-0.15501325,-0.6614629
0.6934181,-0.24928507,0.72543585,-0.06119548,-0.12835255
-0.0956796,-0.16781506,-0.009272108,0.55705726,0.59989035
0.4351428,-0.067426525,0.9655149,1.0594703,-0.50140405
0.49278846,-0.5510157,0.43198156,0.0036628358,0.5907533
0.015389778,0.15546861,0.38055754,1.5243144,-0.28376943
0.7970799,-0.26140627,1.1917906,0.20277555,-0.96235156
0.2942029,-0.37810025,0.82388026,0.574453,-0.03913597
0.5513742,-0.08750375,0.96024996,0.41062742,-0.6940553
2.8992977,1.4018708,-1.1551679,0.69748,-3.502008
1.6391069,-0.85121095,1.0479481,-2.209193,0.06896832
-1.1146691,1.1424333,-0.30255428,2.4149234,0.022898547
1.4395638,-0.8707708,1.3948536,-1.0596879,0.06508171
-0.4291068,0.55735415,0.25135592,1.6458505,0.0004111752
0.8874575,-0.57042533,1.2101754,-0.01444887,0.32471368
0.112012066,0.11461083,-0.09017197,0.8948441,0.9879161
0.6201412,-0.07746633,1.4317994,0.6715949,-0.9173189
0.49907824,-0.5458277,0.5369519,-0.40217078,0.55167633
-0.038898848,0.34446064,0.069764815,1.2498124,0.2711723
0.8609002,-0.4272097,0.72943187,-0.27106154,0.303317
0.31499234,0.11718575,0.4164761,0.522909,-0.10569752
0.7071342,-0.29318032,1.390365,0.62957096,-0.6058421
0.60324955,-0.37218508,0.44828656,0.20723857,0.7898425
0.18104693,0.10250632,0.38406202,0.8937741,-0.07130141
-2.742185,-1.1593813,-1.3478681,-8.353959,2.552113
-3.7396724,3.3034377,-1.6500256,10.397311,0.28963175
3.0561185,-1.780619,3.877821,-1.9427043,-2.74591
-1.33471,0.1227266,-1.4995468,-0.16807185,2.6333914
-0.33701065,0.5073387,0.51654786,3.1790848,-0.16365832
1.3825576,-0.65493286,1.6551034,-0.76828766,-1.0147685
0.47757283,-0.06110128,0.8172733,0.550289,-0.39810336
0.73892856,-0.6794852,0.36117443,0.28771842,0.97556317
-0.13000241,0.43416324,0.7808179,1.5557444,-1.2468753
1.4036676,-0.869171,1.1286492,-1.1030867,0.16023237
-0.40837994,0.11700932,-0.52762616,2.190506,1.282493
0.59706366,-0.25225577,0.80848914,0.6221595,-0.21732974
0.52154,-0.13193068,0.9297175,0.67721254,-0.47906187
1.0028777,-0.46914038,1.007238,-0.5335711,-0.26649618
0.067732014,0.100494064,0.8311961,1.6207994,-0.6699915
1.2112291,-0.679037,0.93459684,-0.9465015,0.15381864
-0.26576653,0.17214361,0.32416245,2.5019298,0.11233639
0.7649601,-0.95236003,0.9403255,0.28916413,0.2489641
-0.38691583,0.35678688,0.019063314,1.9842412,-0.29501095
1.0294976,-0.66601217,1.7469765,0.21763392,-0.89934903
0.5160563,-0.13921914,0.5714786,0.24892618,-0.07307834
0.47309425,-0.24906573,0.4770665,0.6650902,0.31472188
0.2337797,-0.09250339,1.3876108,1.7764248,-0.9443981
1.0598325,-0.76180637,0.8213542,-0.21966504,0.5352872
-0.40342698,-0.41108546,-0.58019286,2.6295555,1.4992669
0.25776598,0.004757084,0.7617921,1.2015098,-0.71734643
0.8979605,-0.7284659,0.6818985,0.26173693,0.5933444
0.06946436,0.07025782,0.40908378,1.5379336,-0.24118352
0.7698017,-0.48385558,1.6763523,1.1351469,-1.051073
0.73848045,-0.43655333,0.740088,0.0949157,0.032235228
0.4722168,-0.27554688,0.2988921,0.6022244,0.47587663
-0.07889935,-0.51439935,0.37253103,2.03205,0.2746795
0.09655235,-0.030624233,0.9396177,1.4446942,-0.6951218
2.9330401,1.4136249,-1.1127528,0.76299137,-3.6498036
1.5743302,-0.6922811,1.3208994,-1.4442763,-0.36301583
-0.8933764,0.7904464,0.4388818,1.6485846,-0.1781067
1.0067993,-0.7538241,1.0692117,-1.2927265,0.6354212
-0.19768545,0.5771596,0.3890393,1.154836,-0.7619547
1.2951466,-0.7431048,1.6534002,-0.6273869,-0.31484243
0.32710126,0.080917515,0.34479752,0.21322007,-0.033792205
0.39168885,-0.43866572,0.31136817,0.1756847,1.0072852
-0.23165777,0.41525188,0.13454089,1.4570781,0.16830894
0.94352853,-0.50503427,0.93559456,-0.14957069,0.12864166
0.45439515,0.029647984,0.7398139,0.1877618,-0.5956783
0.39161626,-0.36662754,0.08514457,-0.02280252,1.1024956
0.15422055,0.28447452,0.691528,1.0524089,-0.7033453
0.9762091,-0.60026103,0.74612135,-0.4510417,0.5396907
-0.0475268,0.3538901,0.5643768,1.5944638,-0.45047104
1.3628033,-0.7072967,1.3153257,-1.1542904,-0.3385631
0.16444066,0.2039415,0.37049142,0.83936423,-0.16183427
0.45423117,-0.5766552,1.0611099,-0.1850742,0.2289131
0.10083816,0.04535023,0.19188273,1.139775,0.4694508
0.57273567,-0.3175443,0.11480557,0.48369777,1.1757232
-0.39115533,0.15943351,0.38921484,0.90959233,-0.07951368
0.6725235,-0.41633305,0.8215983,0.7200233,0.29811844
0.48143056,-0.049888454,0.60460615,0.076843336,-0.3419251
0.825158,-0.339784,1.0540398,0.16144003,-0.33228162
0.6888043,-0.55472785,0.32205603,0.1232595,0.79754657
-0.1566473,0.23510996,0.0965425,1.7653567,0.22191253
0.9420866,-0.5424922,0.836841,-0.15305023,0.21896538
0.06556407,0.16937557,0.7242258,1.5321507,-0.4848343
1.0957049,-0.95710933,0.73729867,-0.45411998,0.69119847
-0.56620395,0.46824995,-0.5028994,2.2962985,0.6822645
0.87058836,-0.7064146,0.9740748,0.18181767,-0.05682925
-0.7110942,-0.14491972,-0.09827719,1.0565808,0.6166891
0.5253051,0.0042373314,0.9662793,0.253995,-0.90170246
0.14567772,-0.8348292,0.26407036,-0.13188384,0.45548683
-0.23150256,0.5474693,0.40550965,1.7756459,-0.7712093
1.2671962,-0.90155303,1.2691803,-0.40107125,-0.12720221
0.033713378,0.1319057,-0.02200524,1.1539273,0.44755632
0.7134903,-0.34865794,1.1298101,0.7006114,-0.4199961
0.29712686,-0.56204253,0.48126292,0.9572339,0.48348305
-0.038175367,0.20851913,0.7719392,1.6671212,-1.0390743
0.8133069,-1.2025088,0.76740247,0.15818276,0.61526567
-0.5544092,0.7762581,0.29534233,2.3442922,-0.88383114
1.4007962,-1.2685245,2.0661032,-0.03332572,-0.39142862
-0.08772757,0.3279597,0.047662042,0.99636644,-0.1000504
0.8890697,-0.77970445,1.5257999,0.99221617,-0.43251243
0.11481211,-0.121189915,0.68547034,0.91943693,-0.515916
0.7590333,-0.90235174,0.07558637,0.8562702,1.9233057
-0.686442,0.76041996,0.32504863,2.6737921,-1.3655107
3.0806742,1.3617212,-1.2952607,1.3248142,-3.6376796
1.1084647,-0.6085413,1.5563085,-1.3491604,-0.7539395
-1.4402049,0.56568927,-0.22562379,0.7931054,1.0778561
0.6274361,-0.08927997,0.9570127,0.40528518,-0.25626153
0.6080185,-0.3894299,0.34770066,-0.31129557,0.77607125
-0.19811603,0.24676862,-0.33686018,1.510953,1.2796358
0.6733834,-0.28313574,0.46122977,0.22790535,0.77508336
0.3560305,0.17271104,1.1628594,0.9199326,-1.1113374
1.2353618,-0.69274604,1.5562984,-0.39145482,-0.3132954
0.4945496,-0.03939327,0.4382731,-0.030723441,0.02113112
0.7503891,-0.31272587,0.904621,0.3117841,0.13154387
0.23267695,-0.39581951,-0.011184314,0.13066508,1.1801015
-0.39734372,0.5701358,0.14789349,2.509412,0.14883181
0.8640545,-0.7639688,1.5034252,0.031442117,-0.2317751
0.1437814,0.22538248,0.48177537,0.8312132,-0.3858005
0.5637973,-0.7057971,0.68139905,0.18292113,0.7630545
-0.110352,0.3690082,0.020524224,1.3488406,0.19624552
1.0077331,-0.7782167,0.72438437,-0.2013409,0.6491285
-0.43361542,0.5963213,0.1331853,2.182162,-0.2806961
1.1186886,-0.7480091,1.1904174,0.23369016,0.39183527
0.047416963,-0.13789114,-0.4540274,1.3689251,1.7760718
0.35620824,-0.05793508,0.2758437,0.8353733,0.48094124
0.48899207,-0.16890225,0.49602094,0.19755723,0.024398051
0.46555778,-0.11953529,0.6846051,0.78260386,-0.107573844
0.62838864,-0.5023878,0.49430975,0.15183343,0.42252886
0.23410138,0.061991848,0.44821748,0.89794207,-0.16165105
0.9672282,-0.45714077,0.85980445,-0.3687483,-0.036320187
-0.326022,-0.066515766,0.05432447,0.70375854,0.4216862
-0.31676194,0.16526523,1.144021,1.1157173,-0.6670288
1.1934787,-0.52388126,1.4978925,-0.303591,-0.6297823
0.27805224,-0.382809,0.4505759,0.88983035,0.3141195
0.20555767,0.03474299,0.39641747,1.1758136,0.05377104
0.61653256,-0.40734944,0.58727795,0.16018905,0.21038753
0.39530376,-0.16339716,0.35000584,0.67075896,0.2512302
0.5092158,-0.0989693,1.1204885,0.9557449,-0.66281116
0.97906923,-0.59617215,0.97360766,-0.29166144,-0.03828553
0.22941628,0.067020096,0.52591974,1.0580069,-0.28868365
0.77430403,-0.73396146,1.0771097,0.32817078,0.022768043
0.3720272,0.06399218,0.7102492,0.318694,-0.7075621
0.6471403,-0.5160516,1.6596254,1.2492892,-0.59987867
0.7547588,-0.26718077,1.2061058,0.24856819,-0.6919093
0.79015803,-0.39915976,0.7345875,0.034982633,0.021508805
-0.10628148,-0.31416115,0.6282429,1.6471173,0.034103774
0.41164842,-0.5176156,0.4216544,1.0352099,0.5075183
0.23469844,0.03303591,0.61168987,1.020918,-0.38714272
0.99206686,-0.5163544,1.2568475,-0.05427574,-0.50241524
0.6030831,-0.21848616,0.6850253,0.04370017,-0.295692
0.6562389,-0.48657832,0.32603785,0.5112115,0.9049871
2.9463158,1.4317781,-0.77680695,0.9633472,-3.7282403
1.1139847,-0.6178611,1.430104,-1.0459801,-0.65699464
-0.8567843,0.37113252,-0.7971487,0.28107405,1.8217725
0.23238656,0.18727842,0.82520014,0.96601045,-0.36628017
0.6557545,-0.37566122,0.6472574,-0.21696047,0.51330024
0.049725093,0.27231517,0.4065974,0.9620864,-0.1992847
0.54839265,-0.41646656,0.88163996,-0.48023915,0.09117135
0.14401045,0.1636559,0.8423783,1.2805853,-0.2754958
1.2267877,-0.6821674,0.9770532,-0.9483445,0.21577537
-0.60373485,0.2740461,-0.6746299,1.4456383,1.786335
0.5426599,-0.03644403,1.0384115,0.77488357,-0.5892439
0.9937016,-0.48127112,0.799222,-0.6746902,0.14826399
-0.048896156,0.22843185,0.048592947,1.3930911,0.6449178
0.991983,-0.40542063,1.0883524,-0.6718932,-0.46276006
0.33682445,0.012114681,0.8042939,0.93353605,-0.30155778
0.42036524,-0.3369182,0.8891438,0.8440338,0.32059976
0.36054662,-0.009238087,0.96468306,0.67490923,-0.6831802
0.66993624,-0.3595656,0.76683396,-0.1201195,-0.04051534
0.29689655,0.02804581,0.7616149,0.80360305,-0.2538407
0.84230125,-0.6794733,0.23694387,0.061778437,1.5068974
-0.25355747,0.34434858,0.10542347,1.9033345,0.22841269
0.7067374,-0.5920761,1.5791361,0.2602381,-0.39046496
0.23940358,-0.04332479,0.25943905,0.55772406,0.3283047
0.6456821,-0.1816648,0.7954157,0.09216197,-0.3069845
0.8597562,-0.3642982,0.66516143,-0.5082466,0.13025093
0.28417805,0.05101029,0.48215702,0.8125094,-0.08959363
0.5351672,-0.44591364,0.9716116,0.30021644,-0.3035335
0.2537668,0.07675473,1.107274,1.3338209,-0.86136794
1.241788,-0.72900474,1.2144653,-0.6678019,-0.11040259
-0.063848935,-0.1188248,-0.3077677,1.7193398,1.2743205
0.6330512,-0.17702278,0.80894613,0.14315523,-0.43044424
0.7277008,-0.42449412,0.37611422,0.26953197,0.88436824
0.26514223,0.021761097,0.4578408,0.91143143,-0.020127274
1.0843858,-0.49747166,1.1304007,-0.9114661,-0.50385946
-0.7296168,-0.074524246,0.38816333,2.1383324,0.86598444
0.41520575,-0.26836333,0.4803626,1.0305147,0.5936158
0.09948883,-0.52143985,0.19541213,1.3805616,0.63009214
0.045362927,0.18800798,0.75332963,1.5370505,-0.8278543
1.2123368,-0.8881968,0.92275894,-0.5759688,0.43738303
-0.39511946,-0.19009766,-1.0358784,1.9267766,2.5900095
0.087413706,0.396691,1.0862783,1.418215,-1.6485617
1.1253263,-1.0744375,1.2392474,0.015476357,0.24619845
-0.24211946,0.56469506,0.37262502,1.5287558,-0.90986025
1.3124375,-0.82225025,1.4697604,-0.25087076,-0.44195023
-0.055361174,0.023046173,-0.08177004,1.3982347,0.6966511
0.53562284,-0.15036282,0.888299,0.557905,-0.6904055
-0.8980415,-1.048972,-0.14181796,-1.1473608,0.35021734
-1.0825661,0.9527594,-0.58521885,3.931771,0.5337968
2.9095309,1.4417106,-0.9953908,1.068237,-3.7140982
0.43589005,-0.09911951,2.3542292,1.1443659,-1.904453
0.6807121,-0.23625311,0.7102888,-0.625239,0.2395989
0.09792922,0.29432836,1.0265214,1.3679652,-0.60841936
1.3281313,-0.70535123,1.2179381,-1.2204567,-0.10435445
-0.060230277,0.2572519,0.23052776,1.1511106,0.31186807
0.83419025,-0.35058436,1.505449,0.5754955,-0.36020178
0.63088953,-0.2073091,0.55661017,-0.2379931,0.098164134
0.16374972,0.00024858862,0.7087368,0.9811068,-0.32592407
0.8315767,-0.4389685,0.60155356,-0.15621702,0.5650379
-0.07817461,0.25803152,0.33005026,1.539637,0.043072276
0.8041157,-0.6579441,0.9036748,-0.17674612,0.12339901
-0.87363464,0.21669927,-0.62508357,0.29551148,0.96373564
0.39384553,0.059858,0.8760268,1.2222769,-0.3571656
0.49744853,-0.5554312,1.3500643,0.1481867,-0.29438004
0.029144682,-0.0410622,0.3445195,1.0337268,0.25467345
0.7985294,-0.33419785,0.6397484,-0.19821934,0.21833447
0.45059624,-0.10952648,0.4108935,0.5139495,0.29236934
0.6744974,-0.22293028,0.89350617,0.2629407,-0.3797247
0.6645064,-0.48041758,0.26144752,0.16319062,0.9931363
-0.07043036,0.25761428,0.14141735,1.50946,0.13455757
0.83315384,-0.3199452,1.0993801,0.058159243,-0.68787235
0.80734384,-0.270645,0.85907966,-0.5901289,-0.46156737
0.5881616,-0.17868218,0.5867525,0.21211858,0.005308114
0.60917884,-0.2608126,0.5607585,0.25662678,0.17410818
-0.34078577,-0.46212372,-0.23945543,0.69066256,1.5932024
-0.43458548,0.42014185,0.09006693,2.1515307,-0.3427116
0.97503626,-0.6959194,1.8034146,0.6491579,-0.45063353
0.58207333,-0.07610973,1.0217316,0.11594637,-0.81994015
1.1344625,-0.610246,0.8477095,-0.90764827,0.18645942
0.19830033,0.17968717,0.43977365,0.715635,-0.33712757
0.9836367,-0.5610054,0.96066046,-0.009675074,0.13754708
-0.04928919,0.00081602484,0.17671248,1.6438304,0.26484242
0.38829425,-0.4550713,0.38013852,0.43230325,0.6384323
0.28827485,0.116568245,0.62897843,0.62302494,-0.6510571
0.40506575,-0.38655218,1.4444792,0.21700056,-1.0174918
0.59822774,-0.35183606,0.48973846,0.28264564,0.3389983
0.46099284,-0.1102322,0.808599,0.80882335,-0.42854545
0.5660616,-0.9176749,0.30036944,0.8324602,1.3612865
-0.578612,0.6260067,0.02735879,2.3108068,-0.5513129
1.5473161,-1.061191,1.1113386,-1.2221857,0.4594884
-0.33557245,0.28427187,-0.56530404,2.1842372,1.2257816
0.8490642,-0.4278725,0.82285815,-0.22167526,-0.091971226
-1.0138636,-0.4911345,-0.38111952,0.29180574,0.860543
-0.3415706,0.48409525,0.28401178,2.3389597,-0.46803382
1.0706221,-0.528416,1.4261642,0.17971303,-0.9703849
0.69749737,-0.20355639,1.3816092,0.4681254,-1.0387658
0.5692284,-0.9508413,0.19352993,0.543741,1.4566178
3.0016327,1.3779837,-1.1988927,0.9259436,-3.7421472
0.9268872,-0.6278986,0.93774456,-1.1810213,0.45691115
-1.1950017,0.5899913,-1.0414451,0.7503576,1.8275536
0.48459235,-0.0097626075,1.2626764,0.8959299,-0.53647345
1.0654839,-0.52987987,1.1192904,-0.79711336,-0.15952754
-0.12764046,0.2434999,0.5078645,1.3119445,0.2642288
0.92437005,-0.5053013,0.7575385,-0.420727,0.42470077
0.09830222,0.29733244,0.6036356,0.9853456,-0.6051265
0.99397445,-0.6063979,1.2621062,-0.14521979,0.13764647
0.2519118,0.19115749,0.7893484,0.6536445,-0.83209866
1.1758786,-0.56846553,1.4985749,-0.32067204,-0.48405647
-0.26027408,0.19959512,0.29358017,0.73074514,-0.012519129
0.9569004,-0.5398887,0.57974637,-0.27838647,0.7584341
0.08975313,0.35799566,0.6783261,0.7789394,-1.0660619
0.04352293,-0.9636587,0.9179226,-0.81236315,0.23667681
-0.35520032,0.5785782,-0.038874783,1.8550714,0.005606286
1.2748153,-0.72225034,1.4196007,-0.30713153,-0.23485968
-0.21326908,0.2885801,0.18409574,2.0536196,0.38450888
0.719526,-0.73262393,0.8705699,0.1168433,0.1496762
-0.1434857,0.26419702,0.22304541,1.5882207,-0.026021577
1.037362,-0.5953973,1.1891303,-0.01508813,-0.07551644
0.12318597,0.13509336,0.25924483,0.7408415,0.0093796775
0.5765759,-0.70131004,0.4526053,0.62041086,1.1035811
-0.0069154724,0.15498224,-0.11333815,1.3294425,0.6882418
0.80727375,-0.37016806,0.926512,0.045472395,-0.1811083
0.3105,-0.3888863,0.07400315,1.1703572,1.2514943
-1.2641693,0.49021545,0.3186665,-0.056474794,-0.21430135
0.6926095,-0.4906815,1.212946,1.6733819,0.1917038
0.021571912,-0.30895886,0.6512381,0.099982575,-0.10103998
0.40515462,-0.23086247,0.23839855,1.032222,0.8052973
0.36005095,-0.29557166,0.47212827,1.037521,0.11039265
0.73603964,-0.2339333,0.77361757,-0.53685594,-0.43299037
0.5037083,-0.21666464,0.90762717,1.0810103,-0.4174906
0.81091994,-0.51883155,0.5494098,-0.053095568,0.50733423
0.20783451,0.19989076,0.6440711,0.62962407,-0.90192455
0.9618609,-0.5327576,1.156902,0.23092265,-0.15419069
0.31053755,-0.29714045,0.2287322,1.2098143,0.7544896
0.08010254,0.096114315,1.1810772,1.9251736,-1.1300194
1.1541567,-0.8867806,1.1257313,-0.23442702,0.16578615
-0.1713247,0.3136069,0.14431313,1.6631007,-0.11418808
0.66492194,-0.94364107,1.0883819,1.0942932,0.25125787
-0.08982792,0.060558952,0.027308961,1.8075045,0.50832206
0.28128538,-0.772385,0.69609594,0.80826867,0.044411026
0.048184253,0.07370774,0.24395737,1.4607563,0.081660084
0.81862664,-0.7247752,0.45367494,0.21156193,0.8493274
-0.2977111,0.018773712,-0.32957092,2.0858836,0.70130605
0.4972345,-0.374369,0.90730387,1.097342,-0.44467008
0.62145674,-0.15724358,0.9731699,0.5065105,-0.7933631
2.9985127,1.3581043,-1.1287565,1.2921942,-3.7640789
0.8455632,-0.6078499,1.0332433,-1.7206825,0.064066194
-1.414597,0.7175356,-0.77138007,0.906459,1.2559972
0.9717956,-0.4014772,1.1667365,-0.9230633,-0.4888186
0.21823111,0.02113644,0.24380222,0.46357977,0.3751143
0.58922803,-0.27389464,0.20686895,0.2451811,1.1890769
0.14537606,0.29194418,0.663418,1.0550643,-0.70412314
1.2604859,-0.65513074,1.1307602,-0.92474896,0.047305457
0.14515826,0.15855852,0.0818881,0.857114,0.48969972
0.84491104,-0.31883416,1.159629,0.19343843,-0.3386046
0.6621845,-0.2252787,0.40979555,-0.2963369,0.3665062
0.506815,-0.077382885,0.5711151,0.38289928,0.04911091
0.60583556,-0.26026663,0.70922995,0.27913463,0.07851242
0.18049869,-0.10137733,0.30644637,0.7932215,0.564496
0.52523124,-0.1620191,0.6623093,0.4742505,0.03861352
0.47248718,-0.26565728,0.36251813,0.400594,0.6490369
-0.14954266,-0.17668423,0.025379768,0.7260756,0.7196398
0.3738434,0.12042586,0.78239775,0.50813717,-0.7061611
1.1026593,-0.55863076,0.9488214,-0.81141114,0.01621949
0.36310884,0.11093203,0.6410836,0.03006525,-0.7038708
0.84568834,-0.31048712,1.0605539,0.14241369,-0.39944038
-0.7979357,-0.12530264,-0.31945157,-0.86626554,0.9114509
-0.054197095,0.37350002,0.34953246,1.9416665,0.07125171
1.2659445,-0.70148885,1.0800151,-1.0070876,-0.020848937
-0.03475698,0.110946335,0.020353219,1.4994502,0.6663741
0.4578298,-0.2551287,0.6133184,0.6338412,0.3290791
0.21662769,0.08064572,0.9390011,1.5201976,-0.4789521
1.0755888,-0.71153104,1.3051203,-0.4736715,-0.018335648
-0.15666232,0.18976513,-0.18055075,1.5741669,0.90177804
0.71716404,-0.3202885,1.234824,0.5881528,-0.62299955
0.6949189,-0.35382447,0.913049,0.24748243,-0.12385578
0.4661999,-0.13430771,0.6772553,0.69506264,-0.03389419
0.36729077,-0.49374756,0.5479727,0.9995883,0.6005956
-0.18712112,0.16760173,0.287826,1.3470054,-0.3444652
0.92253506,-0.48611578,1.3750719,0.44244093,-0.46857744
0.16448447,-0.37018952,0.19114944,0.9544133,0.8034011
0.28373995,-0.110298954,0.40950733,0.7441283,0.0396057
0.3745043,-0.24764714,0.7072283,0.8380464,0.11386787
0.5559266,-0.19890961,0.64428854,0.25095606,-0.20643911
0.59896624,-0.29437003,0.9614249,0.81648266,-0.28208843
0.78267664,-0.3235596,0.8948963,-0.12477331,-0.37743354
0.40079746,-0.20861325,0.6556791,1.0673696,0.05405625
0.69647723,-0.48681673,0.48270968,0.18737824,0.43879783
-0.06545987,-0.14051852,0.23113081,1.9847349,0.6525035
0.34961054,-0.6204575,0.54149544,1.3040727,0.4771134
0.15146556,-0.3378218,0.2798646,1.2969288,0.20406196
0.43011722,-0.29188094,0.6013627,0.9404086,-0.13115796
0.5460282,-0.2200931,1.0129536,0.7969587,-0.5163706
2.9128723,1.3934499,-1.0672313,1.0740434,-3.6434486
1.158704,-0.5927127,2.1235425,-0.13677172,-1.2206689
-0.3358741,-0.07276472,-0.4048293,-0.6908723,1.5217482
-0.34570494,0.34083667,-0.12300394,1.4693774,0.86875093
1.0496211,-0.46623883,1.1872386,-0.7479041,-0.41412687
-4.4286447,-0.13482985,-2.4613647,-7.9452634,3.3154361
-2.8826826,2.8612666,-0.97050774,9.08593,-0.21447097
3.0512843,-1.8602055,3.6304488,-1.6979622,-1.3574868
-0.24070379,0.597325,0.15325639,0.904374,-0.7408545
0.7998299,-0.5787199,2.0923424,0.38102674,-1.095562
0.64311236,-0.22370037,0.6068349,0.0025102012,0.030845486
0.16011605,-0.08498605,0.94511026,1.2129399,-0.27611202
0.7242061,-0.51257783,0.5347407,0.015785169,0.5307861
0.1077951,0.085986294,0.16320133,1.1746157,0.33379626
0.6375561,-0.25487122,0.95944136,0.769978,-0.10506574
0.79635394,-0.29330668,0.8279249,-0.28932667,-0.2467736
0.54863924,-0.11885103,0.5985881,0.11921348,-0.12812611
0.16390869,-0.6179517,0.0397669,0.45870763,1.0116472
-0.13374373,0.5759103,0.92610204,1.8127012,-1.6115355
1.763274,-1.1230272,1.5669177,-1.4058874,0.10531076
-0.3770825,0.6295854,0.20927945,1.9064069,-0.6388692
1.0148314,-0.9151095,1.8155091,0.490887,-0.32183176
0.4186379,0.031278767,0.57536304,-0.031927217,-0.51352197
0.8300797,-0.44876274,0.93540996,0.34833205,0.019134663
0.09610299,-0.3320926,0.16196692,1.1099482,0.65806675
0.33575174,0.08541409,0.87686825,0.99102026,-0.8614259
0.86434615,-0.5727809,1.546337,0.60056233,-0.30038238
0.48412296,-0.3635901,0.037092526,0.6119333,1.3258662
-0.32580045,-0.3418034,-0.5302569,1.6109941,1.5895507
-0.0844694,0.08291546,0.18878707,1.9470559,-0.15823027
1.1370897,-0.534808,1.3956605,-0.44389182,-0.62117165
0.42498776,-0.20946679,0.25881222,0.6175037,0.5003276
0.42879918,-0.114099346,0.7787506,1.0112721,-0.46789208
0.7391689,-0.5188721,0.77436334,0.1955116,-0.13458046
0.20958313,0.10783736,0.5065904,0.90744835,-0.5267219
0.7794873,-0.8050221,0.5515366,0.5846615,1.1513698
-0.2783536,0.35100284,-0.30826882,1.9048294,0.57568914
0.987393,-0.6553501,0.98271906,0.085824445,0.05481162
0.122689046,0.052984394,0.42044377,1.3731855,-0.2936575
0.9363663,-0.50818855,1.2122864,0.1813161,-0.38224232
0.05053369,-0.23464617,0.6335446,0.989488,-0.029384442
0.8402422,-0.32869753,0.9053656,-0.50532174,-0.4583523
0.6038291,-0.14464554,1.1578487,0.64899856,-0.8365713
0.5042816,-0.875749,0.7823604,0.6144215,0.34862795
-0.31663176,0.3072888,0.18343154,2.024611,-0.060130753
1.1370785,-0.7875794,1.491648,0.4300983,-0.4202139
0.2780197,0.018883385,0.48168704,0.7352691,-0.22351962
0.984424,-0.5193823,0.81845504,-0.49253458,0.06673246
2.7881582,1.3859826,-1.1644951,0.63783807,-3.323155
1.0408342,-0.5590289,1.3712842,-0.43478286,-0.18767327
0.015580036,0.14312091,0.26847574,-0.12712578,0.14495644
0.42312273,0.015638508,1.4826611,1.1358805,-0.8396178
1.2035837,-0.6036466,1.2679764,-0.94541967,-0.2882014
0.06277279,0.19148412,0.19320151,1.04842,0.39518258
0.811353,-0.38458046,0.95135933,0.08022256,0.011367492
0.3567815,0.04917208,0.62718797,0.64413625,-0.1457952
-0.31834784,-0.2912086,0.14296263,-1.1779135,0.26166105
-0.059579395,0.44411245,0.26767394,1.4584411,-0.12887284
1.0877166,-0.6532711,1.5647914,0.039022755,-0.42421287
0.6732958,-0.19394097,0.5838907,-0.33397454,-0.053029068
-0.32619724,-0.014945827,0.3575284,1.515943,0.962759
0.5304533,-0.14271197,0.55634403,0.44632763,0.20874801
0.35807577,-0.43432173,-0.09119857,0.6207,1.6869087
-0.08666738,0.13662162,-0.049995817,1.3521844,0.6141473
0.6015272,-0.23484167,1.2274084,0.6263589,-0.73909575
0.78109074,-0.38119492,0.87394416,0.020088863,-0.06559379
0.17499873,0.06503407,0.3420286,0.97747976,-0.0885349
0.96366084,-0.44592795,0.8709991,-0.51464903,-0.026905723
0.080790974,0.11175219,0.9386698,1.3795899,-0.5469484
1.1909891,-0.66838443,1.0706483,-0.73425347,0.015428685
-0.40365228,0.24302068,-0.16162461,2.4709778,0.935093
0.9554785,-0.6593889,0.53482056,-0.023813535,1.005307
-0.16942087,0.37396732,0.11522742,1.6533426,0.012365721
0.84617776,-0.7063359,1.1161251,0.54933304,0.21671396
0.28718588,0.15049997,0.9555178,0.86102825,-1.0190017
1.157351,-0.682835,1.0626371,-0.47879738,0.1606066
0.0155149475,0.28570238,0.31195536,1.0812445,-0.25944808
1.0861044,-0.6370944,0.99728346,-0.17407893,0.14616296
0.06559912,0.19013706,0.4945759,1.1163821,-0.3133343
1.006589,-0.62230045,0.73552126,-0.41769397,0.45514372
-0.46226177,0.11288945,-0.11129231,2.1041605,0.8955847
0.5846143,-0.3407949,1.1184694,0.8342423,-0.4701919
0.529124,-0.34045872,0.78870857,0.43626076,-0.055515565
0.48153445,-0.23343977,0.41821843,0.5325982,0.26975405
0.7412467,-0.23206171,0.94389397,-0.24787901,-0.6129706
0.3939031,-0.39728102,0.6536061,0.92184645,0.09540712
0.5181554,-0.3220981,0.6798294,0.6457452,0.18452
0.13942298,-0.15877423,0.07763674,0.708434,0.73148024
0.5030712,-0.08802589,1.0800117,0.82935244,-0.65178657
0.52404714,-0.26682076,1.5193661,1.3275818,-0.70382756
1.061456,-0.69699705,0.768903,-0.59150577,0.30117276
-0.119946264,0.043383278,-0.13695845,1.7882795,0.7003528
0.5865932,-0.12223896,1.1132661,0.59407926,-0.7864792
0.6616375,-0.39143977,1.0329194,0.8586679,0.006617479
0.48107883,-0.5257862,0.53741336,0.85909474,0.6219482
0.25191554,0.077009834,0.9180517,1.1339725,-0.814892
2.9775858,1.3752943,-0.8722978,1.1818659,-3.918417
1.4546754,-0.7058662,1.5012889,-1.4173841,-0.54019845
-0.7242558,0.47031227,-0.45649624,0.2976358,0.9149469
0.7086387,-0.18137631,1.3744354,0.5161171,-0.5877945
0.93016666,-0.4064339,1.001562,-0.8162066,-0.2443476
-0.33888695,-0.078772865,-0.64996713,0.39162862,2.3222835
-0.576558,0.597542,0.49164897,2.4453266,-0.24323142
1.5661204,-0.84145725,1.6908747,-1.0017669,-0.51075196
-0.22786763,0.410257,0.40775198,1.4268303,0.0014189109
0.58452916,-0.645296,1.3175993,-0.6625993,-0.6558521
-0.07235172,0.14877859,-0.04043535,1.1048715,0.6776986
-0.120698534,-0.22409853,0.94898677,0.36913258,-0.7259874
0.36372843,-0.33838686,0.04930585,0.59147894,1.6266633
0.04003445,0.24655405,0.37096593,1.1333609,-0.35952505
0.7604715,-0.48261103,1.6541612,0.6557747,-0.57554525
0.82985437,-0.35081562,0.6401538,-0.4752903,0.17135894
0.32111564,0.06542269,0.53722596,0.7610972,-0.16419113
0.93997747,-0.48251328,0.867301,-0.26689947,0.061066322
0.30072674,-0.09581026,0.47355917,0.78662825,-0.054432638
0.8793515,-0.36061224,0.9594838,-0.414716,-0.3811205
0.6130278,-0.10778602,0.88651645,-0.022330452,-0.62454486
0.624402,-0.2865642,0.8733252,0.7215929,0.12438255
0.7380223,-0.38592514,0.5512671,0.026609313,0.4025565
0.4358888,-0.16874966,0.3834822,0.56308794,0.28606364
0.4604133,-0.27707276,0.43865022,0.8209634,0.44825897
0.3113837,-0.038136803,0.46800658,0.8375015,-0.17686129
0.7560618,-0.43021616,0.7579921,0.16286804,0.07213413
-0.20191243,-0.4499739,-0.50562304,1.0447024,2.070213
-0.027253054,0.29207054,0.27297285,1.4210278,-0.173724
0.9190954,-0.8227986,0.52896386,0.13844241,1.0598162
-0.67136407,0.3722197,-0.22670418,2.754699,0.26859334
0.5830972,-1.1170787,1.1541512,0.025712382,-0.3657089
-0.46914735,0.26510778,-0.2328366,2.1829095,0.3961523
1.0863698,-0.552203,1.0750242,-0.6268165,-0.2883172
-0.34459093,-0.30523,-0.30112395,1.2000189,1.4610697
-0.23747692,-0.17069277,-0.34080917,1.8297253,1.5691186
0.42756,-0.17245707,0.63232607,0.82459635,-0.18354899
-0.77108806,-0.7793921,0.017294934,-1.003551,0.06904956
-0.44220206,0.3712136,-0.58154786,2.8059459,1.4332403
1.0832956,-0.4562157,1.5246707,-0.2624758,-1.1349907
-0.32591435,-0.81193864,0.34398496,0.42344606,0.74095434
-1.1562767,0.5725247,0.05687087,2.8425705,0.062492363
1.2027326,-0.95482767,1.7825038,0.5302123,-0.54197884
0.23251423,0.048251785,0.47355577,0.82197046,-0.4651074
0.8080736,-0.5072492,0.993108,0.43837327,-0.3269612
0.3025104,-0.17189679,0.5860843,1.1062405,-0.3810358
0.543471,-0.13016161,1.6367503,1.5750087,-1.3160919
1.2102414,-0.76903045,0.8568147,-0.8667789,0.281031
2.9223933,1.3553029,-1.3389368,0.9632351,-3.565637
0.7676738,-0.5753868,1.1193175,-1.2174139,-0.26549363
-0.37673953,0.35813633,-0.24108282,0.64736795,0.9340766
-0.68973273,0.31648937,0.7049129,0.16957732,-1.03295
0.61610574,-0.18310246,1.3006493,1.0810221,-0.06218425
1.1037133,-0.4858416,0.996566,-1.2621286,-0.39734626
-0.1730558,0.24229112,0.10951912,1.6313914,0.6544965
0.96125257,-0.4665607,0.78813154,-0.3916515,0.21732241
-0.07933744,0.047016777,-0.3267884,1.0172752,1.5451646
0.5879688,-0.016364418,1.0163743,-0.08155148,-1.045335
0.37192956,-0.40234265,0.8654805,-0.010229755,0.13414359
0.009165086,0.10260645,0.16884452,1.4515961,0.5241606
0.124840714,-0.30802664,1.1172117,0.38471872,-0.7075811
0.7370948,-0.18603739,0.8888392,-0.35653156,-0.5723993
-0.07255199,-0.2788299,0.29767412,1.4484333,1.1248126
-0.14084461,-0.18044886,-0.45906755,-0.020804096,1.5139844
-0.34554848,0.5034763,0.8289011,2.3665934,-0.86336094
1.7600496,-1.0379618,1.5573306,-1.6269296,-0.16382468
-0.6631429,0.6210095,0.1468584,2.4184995,-0.031128533
1.4468687,-0.8699435,1.6374927,-0.5589173,-0.3704805
-0.73043543,-0.07777866,-0.5927635,1.0633963,1.2239536
0.2592868,-0.027741753,0.6970382,1.5811456,-0.025389798
1.0406127,-0.62006646,0.7556042,-0.58331734,0.3042167
-0.7547747,-0.40033993,-0.73796827,1.5457581,1.8040974
-0.6928307,0.7316619,1.1566738,2.6634324,-1.8534021
1.6080835,-1.342122,1.6177052,-0.6812834,0.16103959
-0.16754082,0.5739934,0.4158453,0.6727987,-1.2921318
1.3551192,-0.8642763,1.6097178,-0.23737155,-0.17805398
0.21396533,-0.08911785,0.29026198,0.98770005,0.24660984
0.72930926,-0.31037506,0.7012799,0.16790344,-0.031440534
0.5206425,-0.17532048,0.7371605,0.60629994,-0.28134775
0.609498,-0.36334452,1.1062152,0.82590044,-0.5732394
0.5331745,-0.33825812,0.97493607,0.730456,-0.09194789
0.6758818,-0.46566424,0.7020262,0.54108757,0.20495042
0.40751532,-0.07031616,0.65578216,0.5556135,-0.37109587
0.904065,-0.40569004,0.92736816,-0.25240695,-0.26895848
-2.364628,-0.3553861,-0.7148027,-3.0605218,0.7510075
-1.0169872,1.327892,0.70630985,5.496602,-1.1007264
2.4938223,-1.6236752,2.2074592,-2.2955678,-0.38428545
-0.70662314,0.93336403,-0.0021821656,2.0304036,-1.0071625
1.5611223,-1.098823,1.8149954,-0.16184251,-0.800826
0.036109127,-0.08299526,-0.055743195,1.5036634,0.8037105
0.53787464,-0.54953986,0.5143763,0.9256722,0.28140783
0.25315097,0.09079758,0.57728374,0.7951707,-0.63354796
1.034174,-0.66966,0.77239674,-0.26134872,0.389793
-0.15720555,-0.5499285,-0.5250803,2.4076004,1.9301646
0.14135936,0.10751549,0.5441143,1.3512049,-0.5647877
0.9453097,-0.8665389,0.71391565,0.22775586,0.30373877
2.972873,1.3940054,-1.2443899,0.90779257,-3.728769
1.5901129,-0.715124,1.4419764,-1.4293314,-0.4454946
-0.25100276,0.38668695,0.18403062,0.3018254,-0.10476584
0.51910794,-0.41778025,0.37882993,-0.2575761,1.1584525
-0.30405346,0.41549507,-0.12862164,1.258398,0.60737145
0.88723344,-0.33511576,1.195333,0.010793041,-0.23346302
0.6183663,-0.19864735,0.3709161,-0.10571353,0.52831084
0.2880771,0.091500916,0.52669156,0.82445276,-0.1057053
0.9459881,-0.2922314,1.7319422,0.19743527,-1.244375
0.7617245,-0.47286686,0.5995043,-0.35118145,0.409653
-0.088350914,0.17931047,-0.08365507,1.5133998,0.9948778
0.8074402,-0.3306645,1.1875987,0.31758857,-0.23135507
0.49318776,-0.14697728,0.81656325,0.40043074,-0.09063507
0.89778274,-0.46378073,0.56150085,-0.2304223,0.7059809
0.18646678,0.2554852,0.52610886,0.6527771,-0.6042804
0.9870563,-0.47021803,1.6193078,0.3933025,-0.65446323
0.66864324,-0.2388781,0.58395636,-0.095420465,0.17493787
0.51208216,-0.030497871,0.74774534,0.21553124,-0.4355512
0.7743228,-0.33427414,0.57093275,-0.11247788,0.3270567
0.3893732,0.016840138,0.69786036,0.65249187,-0.30470544
0.65418863,-0.51691943,0.8723145,0.27800167,0.20169473
0.10693268,0.14218155,0.7401169,1.0278475,-0.6186307
0.4600115,-0.8462542,0.60884166,-0.09366201,0.53120184
-0.2463915,0.6355125,0.5309627,1.6187105,-1.0834553
1.3020347,-1.204111,0.9827174,-0.89576787,0.7017961
-0.8949417,0.85106194,-0.61707515,2.897952,0.6833142
1.5144128,-0.86654127,1.3558966,-1.1643002,-0.107213445
0.059768714,0.13782564,-0.037048083,1.0753239,0.5529088
0.15411165,-0.011519752,1.5538743,1.5569816,-0.97433895
1.0087582,-1.0049528,0.2782525,-0.35181874,1.932977
-0.8940492,0.9471804,-0.10863946,2.9988253,-0.42516488
1.9158934,-1.1763352,1.7649287,-1.6420023,-0.23564011
-0.18650779,0.4196054,-0.12868223,1.3426269,0.25834832
1.0291947,-0.72190225,1.4584904,0.3902616,-0.2188085
-0.35571602,-0.19426045,-0.14737621,0.46523988,0.88327926
0.18455169,0.15475097,0.90410006,1.5218124,-0.59454614
1.0104468,-0.5218547,1.1825857,-0.2625997,-0.53712076
0.23387983,0.0021821633,1.0530291,1.1286657,-0.7655743
1.1528736,-0.6193178,1.1167367,-0.7226681,-0.22827914
0.19558665,0.113270916,0.64119405,1.0204282,-0.41949657
-0.30015817,-1.0649151,0.35132575,-0.7979021,0.6618246
-0.7087535,0.7335907,-0.38755885,2.7620828,0.2739345
1.3231283,-1.1801738,1.1439775,0.058159243,0.5216828
-0.7360305,0.6386262,0.21941012,2.6278126,-0.27653378
1.3400538,-1.0084051,2.178753,-0.160444,-0.90028936
0.12751183,-0.14909682,-0.051150955,1.0498577,0.7148016
0.2235358,-0.618748,0.13404825,0.48804474,0.90822375
-0.5318123,-0.03503021,-0.015010992,2.687374,0.48719767
2.6628213,1.3164479,-1.4928006,0.95302856,-3.1934016
1.176542,-0.4583734,1.5836995,-0.5257446,-0.78402466
0.27255479,-0.009400211,0.52091414,-0.5126978,-0.09389249
0.46535376,-0.103089176,0.78401834,0.25763386,0.04316821
0.6111365,-0.114485584,1.0323939,0.21047224,-0.44338492
0.74142945,-0.31632122,0.7204954,-0.14042829,0.1656444
0.30060658,0.092690624,0.37579826,0.63378614,0.20746976
0.7905999,-0.41324314,0.32579777,0.09026386,1.2829813
0.2791575,0.1395351,0.38546404,0.55823547,0.006336592
1.0441412,-0.47262606,0.88631374,-0.8128254,0.014941238
0.06887857,0.019231476,-0.44145906,1.1268128,1.9996439
0.45653054,0.033641495,0.71226275,0.24691398,-0.4986211
1.1124338,-0.51673585,1.0935365,-0.7346508,-0.19179842
0.22142169,0.11332337,0.4637524,0.6710442,0.00837367
0.70815307,-0.38268504,0.9092693,0.2899627,0.065674596
0.49705175,-0.03906902,0.8354967,0.36584187,-0.3729644
0.93256617,-0.4794329,0.6781284,-0.30590612,0.5006906
-0.018507443,0.23554388,0.5859099,1.4541198,0.014032893
1.1084647,-0.527932,1.0493631,-0.7813856,-0.18854791
0.18191311,0.16739193,0.3533127,0.91937596,0.04118385
0.18555555,-0.47465977,0.8950973,-0.18608128,-0.5297762
0.5127443,0.027604736,0.8476098,-0.09460418,-0.8801986
0.5666762,-0.27415928,0.8125627,0.9458354,0.3775472
0.34936145,0.043724217,0.80495125,0.71865034,-0.65586334
0.89969784,-0.47249016,0.9813182,-0.25260365,-0.2409519
0.6343455,-0.22467312,0.50827444,-0.017228175,0.21270117
0.5498509,-0.10690149,0.69255066,0.33595794,-0.18152487
0.51339895,-0.22457299,1.1445601,0.625639,-0.27546555
0.1937742,-0.12787518,1.3141938,1.0439864,-0.49455732
0.9570644,-0.42791304,1.48222,0.01951648,-0.552681
0.85136855,-0.41897234,0.6833152,-0.31359494,0.19665259
0.43724188,-0.05111631,0.5199934,0.45266712,-0.06449271
0.79651666,-0.43036875,0.65263444,0.1388594,0.5260145
-0.21696785,-0.043703876,0.31152162,1.8370246,0.37222937
0.7864092,-0.4416221,0.91184175,0.30459684,0.080438875
0.49428925,-0.09836849,0.6220465,0.15908755,-0.28732243
0.662217,-0.24588045,0.7814652,0.2812078,-0.1469343
0.47875568,-0.3136104,0.89600164,0.89893734,-0.031922795
0.35071078,-0.17330584,1.1799577,0.9836481,-0.495801
0.7395682,-0.6731528,0.6025071,0.06957348,0.3384175
-1.378428,-0.27696308,-0.52412564,0.8322458,1.5939741
-0.82251406,0.93391,1.2065996,3.937908,-1.7640338
2.2529907,-1.5306467,2.0256166,-1.9093212,-0.13300058
-0.905501,0.82609475,-0.13108593,2.8658555,-0.3809511
1.6555078,-1.1814374,2.0776613,-0.2850033,-0.58865273
-0.5011157,-0.008322559,-0.07680748,1.5054848,0.4940487
-0.14307263,-0.5240291,0.59323204,0.9480443,-0.0020995215
-0.48981413,-0.016774498,0.14457813,1.0454184,0.037408732
2.450812,1.5218359,-1.0895323,-0.49040437,-2.7356656
1.4236221,-0.6666559,1.270447,-1.6191798,-0.29804713
-0.6889567,0.74333966,-0.09040526,1.317865,0.018229775
1.0284437,-0.73030174,0.8961353,-0.78167474,0.62454444
-0.25709477,0.35429302,-0.19982287,1.1325269,0.79767793
0.6488902,-0.16187844,1.6173576,0.53102267,-0.9973855
0.62808573,-0.50607616,0.88272715,-0.31035143,0.59792066
-0.06871053,0.41855875,0.6247044,1.350902,-0.73264915
1.40913,-0.73565185,1.8208215,-0.48295748,-0.542799
0.39643404,0.051024593,0.58549654,0.18989988,-0.32947275
0.8107209,-0.29108223,1.1313876,-0.14391963,-0.4555564
0.86150604,-0.314216,0.8493935,-0.7149478,-0.33208975
-3.5986304e-06,0.1332933,0.6690164,0.9652827,-0.31012353
1.0483457,-0.6086677,0.6187249,-0.49013096,0.81620264
-0.27371857,0.45442644,0.41686738,1.8813775,-0.1636864
0.6874287,-0.91118515,0.877379,-0.6386084,0.17976826
-0.18085387,0.63007176,0.8208486,1.6088108,-1.5325848
1.5964615,-0.9407085,1.4136218,-1.3597623,-0.13887674
-0.1753464,0.43457094,0.12416842,1.5899477,-0.0907673
1.0917407,-1.003806,0.45584366,-0.11020605,1.8050377
-0.55227506,0.840798,0.2726331,2.080974,-0.9803979
1.3721023,-1.0961813,1.5693916,-1.0767983,0.0017689392
-0.27446458,0.4930717,0.05144795,1.7192513,-0.015734203
1.2202125,-0.7226199,1.3930411,-0.3312326,-0.35824594
-1.2478272,-0.014848076,-0.61503327,-0.09639017,0.82798517
0.1907889,0.09805504,0.5423958,1.6005063,0.11230182
1.0090148,-0.51272327,1.0156394,-0.43590796,-0.15285453
0.48863158,-0.1878613,0.31840602,0.34885526,0.41317663
0.15438452,-0.23380217,0.32870883,1.0117363,0.59017855
0.4245985,-0.0648826,0.9885939,0.97579604,-0.512777
0.9865206,-0.564503,0.71092075,-0.62309504,0.29131752
0.13059977,0.22192064,0.5482281,0.9819644,-0.4854903
0.5446676,-0.898425,0.63305086,1.062283,1.1667469
-0.20359847,0.48287216,0.32852593,1.5799615,-0.6366956
0.0008500591,-0.7685131,1.7930292,-0.045782436,-0.5431793
0.08067832,0.01708094,0.06752702,1.304474,0.5154056
0.81660515,-0.2864736,1.092486,-0.08464746,-0.71711916
0.5237192,-0.31199154,0.89537764,0.78893745,-0.09556831
0.68044174,-0.30181584,0.9800962,0.4239909,-0.36490944
0.20604959,-0.90729654,0.026750078,1.964971,1.5058612
-0.26605567,0.5673725,0.3036497,1.8182776,-0.8673392
1.4190284,-0.96740186,2.1285589,0.24226607,-0.8045346
-0.061231636,-0.31752285,-0.59468585,1.010383,1.919892
-0.3480769,-0.030817352,0.3657967,2.853088,-0.1001809
0.9912633,-0.9631938,0.46951392,0.12948884,1.1763679
-0.6214138,0.58323926,0.055629097,2.490173,-0.69526225
1.5690606,-1.0130614,1.6914767,-0.5468874,-0.33827877
-0.10519626,0.23533884,0.18015185,1.4010966,-0.176099
2.9982455,1.3884073,-1.3046387,0.9626686,-3.6561742
1.4018952,-0.52838975,1.7374914,-0.69870865,-1.0965922
0.023499526,-0.03917869,-0.10919551,-0.2113999,1.1866769
-0.42039123,0.35755697,0.094069146,1.3357033,0.45901045
0.78416365,-0.4519361,0.665833,-0.04021399,0.8601558
0.07995985,0.24806085,0.57281893,1.0613586,-0.24120599
0.8082488,-0.33962664,1.4517521,0.28145564,-0.410796
0.7367193,-0.2642363,0.71709454,-0.20914577,-0.00842423
0.46231464,-0.1800197,0.4021388,0.30878055,0.6777695
-0.27437696,0.19190851,0.5798902,1.8895226,0.5651088
1.152373,-0.51196986,1.3582239,-0.63824254,-0.49403012
0.23089829,-0.10843452,0.092668824,0.76379585,0.96990824
-0.10519626,0.34656826,1.3821267,1.6679295,-1.3238357
1.2139039,-0.97225606,1.2780885,-0.6949852,0.115656905
-1.0735726,-0.0050800666,-0.9916977,0.44346178,1.6959662
-0.47025886,0.47576013,0.78854716,2.8270907,-0.596884
1.4059957,-0.85267246,1.3998417,-1.0299042,-0.3155183
0.139438,0.2541906,0.2357525,0.59254503,-0.16458264
0.56270707,-0.36461768,0.9786246,1.2476192,0.24207503
0.5195022,-0.19083676,0.33709547,0.2997896,0.5082927
0.19849059,-0.27630982,0.11444261,1.4002174,1.2358675
0.38041982,0.05748097,0.6545398,0.7447066,-0.497584
1.0369714,-0.508961,1.1233679,-0.32520586,-0.19367906
0.589954,-0.21731076,0.5859558,0.2512747,0.13360775
0.2678459,-0.05101379,0.7307263,1.1718305,-0.55051434
0.82131904,-0.4374021,0.704495,-0.18449788,0.20384589
0.1578004,0.07631127,0.7172316,1.4117949,-0.5124632
0.76733583,-0.25664267,1.0896764,0.12600143,-0.7045812
0.52600354,-0.2906054,0.72960454,0.5629424,0.10625886
0.63255805,-0.16454634,0.9879178,0.3681668,-0.554152
0.07897351,-0.56009704,0.76235497,0.247925,-0.05572904
0.11429516,-0.38594422,-0.4890632,1.7079924,2.3024988
-0.3429149,0.09643618,-0.3136119,1.9612298,0.6909772
0.83279335,-0.29405054,1.5517588,0.6125273,-1.0872468
0.3057373,-0.6009906,0.2699293,0.058912586,0.33443496
-0.4420506,0.2882487,0.23121744,2.647795,0.13934648
1.1264917,-0.75715244,1.2599748,-0.3116398,-0.31995544
0.022976317,0.14593187,0.122086905,1.2564371,0.19340295
0.7777224,-0.55770093,0.8695456,0.21675862,-0.17627704
-0.068213604,-0.2587479,0.22405389,1.8549042,0.4980814
0.30868128,-0.5861133,0.32391727,0.89564073,0.29029682
0.27737007,-0.03712114,0.60181683,1.0164785,-0.37123156
0.92476183,-0.53567344,0.7841463,-0.031502355,0.27904233
0.32943818,0.030043758,0.50606155,0.56507653,-0.31078643
-0.08272203,-0.7704705,0.8180049,0.41585755,-0.37748885
-1.0303923,0.29103342,-0.24779451,1.0179734,0.2578358
0.48164836,-0.6072419,0.8755342,1.4279573,0.002518259
0.44992283,-0.09352382,0.78303707,0.6760914,-0.6209063
3.014499,1.4113075,-1.1499822,1.0281997,-3.6775336
1.2368801,-0.448181,1.2270455,-1.9227849,-1.015402
-0.11900624,0.14006439,-0.16147795,0.20788373,1.1126446
-0.5183653,0.3108317,0.6991072,0.38580644,-0.5412191
0.13649401,-0.17550883,1.3573275,0.92474574,-0.044228233
0.8084691,-0.30632672,0.7539655,-0.48911208,-0.027165867
-0.12505946,0.066409744,0.6149786,1.3281128,0.106030695
0.052049495,-0.53544694,0.35127252,-0.36057365,0.8852446
-1.1061487,0.72182715,0.28074342,3.0996397,0.8214159
1.5257969,-0.8942956,1.3763386,-1.1413479,-0.0827106
-0.059367858,0.33217016,0.19246086,1.1685221,-0.123857506
1.1611173,-0.6531066,0.9150127,-0.76206225,0.26944464
-0.032319926,0.36244217,0.49229223,1.4436831,-0.6297625
1.2965072,-0.83756864,1.0446198,-0.78368104,0.36708784
-0.06818106,0.44098678,0.5334927,1.2264941,-0.78486645
1.2940739,-0.816831,1.5053692,-0.33533764,-0.33533248
0.38979253,0.059986748,0.6080648,0.09012027,-0.5587992
0.8394787,-0.48808512,0.7300887,0.11834605,0.37529147
0.30012843,0.10784451,0.84566027,0.7076708,-0.75432414
1.0107647,-0.44250426,1.2447639,-0.3851999,-0.51452017
0.52035713,-0.17638144,0.7084299,0.5339062,-0.1092946
0.54651135,-0.3194445,0.47238648,0.5027064,0.35533726
0.37995544,-0.004748665,0.76873314,0.8320747,-0.5022994
0.8846562,-0.4534143,1.4209807,0.2347169,-0.6466528
0.7465414,-0.3301185,0.5986368,-0.20912807,0.19183517
0.34480777,-0.049864613,0.6351137,0.99999744,-0.17760542
0.69533193,-0.27584013,1.1892334,0.40760618,-0.8418649
0.1939632,-0.80976427,0.079948716,0.23121966,1.0375121
-0.4028875,0.42591873,-0.04767818,1.6641235,-0.014396317
1.1911093,-0.60185605,1.3098966,-0.54748535,-0.4058904
0.24998292,-0.086793266,0.13674697,1.117576,0.7893827
-0.43611756,-0.42250094,0.32659164,0.27303314,0.27559304
-0.52444357,0.16655985,-0.008038828,1.1962935,0.39324662
0.8108298,-0.42849,1.1631556,0.44551724,-0.500322
0.46835032,-0.2938002,0.26657656,0.6066343,0.64876294
0.29488882,0.071399845,0.5730358,0.74772584,-0.3720405
1.0282159,-0.45431075,1.4745762,-0.088738725,-0.95925313
-0.2496284,-0.6190699,0.13244805,0.42052513,0.8701597
-0.41806683,0.4605991,0.5041952,2.809209,-0.47624436
1.3671918,-1.1173457,1.0118529,-0.83071285,0.42571282
-0.52480656,0.65290034,0.120995186,2.29716,-0.5835674
1.106303,-1.2664098,1.5310223,-0.11103217,-0.512936
-0.18033817,0.53068227,0.3992702,1.1973537,-0.9898871
0.6146788,-1.4317435,1.2228966,0.5617091,0.23789716
-1.3185211,0.15375677,-1.3757557,2.0767117,2.0622125
-0.27575132,-0.1872271,1.2545683,2.7900116,-1.0694801
0.8177492,-0.7080692,0.6316964,-0.29889983,0.26935735
-0.39769545,-0.2355927,-0.47750163,2.2837002,1.3092802
2.9592934,1.3981539,-1.2296256,0.9990041,-3.689769
0.94552,-0.58971816,1.112953,-0.98431027,0.1693478
-0.26059702,0.3365976,-0.18318889,0.4651789,0.8414237
0.36773887,-0.19883332,0.29491764,0.5405565,1.2623167
0.021543123,0.2686006,0.4414101,1.0571276,-0.03815762
1.0254709,-0.4690331,1.2348427,-0.27054226,-0.2660943
0.37070915,0.012157597,0.38153544,0.41725606,0.20613274
0.6189233,-0.16938385,0.97315127,0.31847173,-0.42280844
0.2344043,-0.21236834,0.82489324,0.26471686,-0.18717632
0.82021755,-0.22461113,1.0863627,-0.40685803,-0.7080953
0.1743178,-0.19296584,0.77004856,0.5611033,0.05489286
0.57894284,-0.20383057,0.55099815,0.2923565,0.20767719
-0.21222767,-0.049826466,0.5713948,0.6132964,0.105145685
-0.26676914,0.15662494,0.976222,-0.26715714,-0.77290416
0.6363319,-0.6050127,0.30147192,0.527075,1.4482318
-0.13882187,0.24222437,-0.2862572,1.5728077,0.9355398
0.6919949,-0.43433127,0.870917,0.42435086,-0.05576966
0.3038247,-0.08528408,0.7144445,0.9170628,-0.16929808
0.8793878,-0.34011778,0.8854321,-0.51792204,-0.29634365
-0.11228462,-0.34538683,-0.15380082,1.4612696,1.2540681
0.07982967,0.3333527,0.9133372,1.2907466,-1.3274362
1.1620536,-0.8622545,0.8853506,-0.46260935,0.74290586
-0.18500325,0.21650854,-0.26391038,1.6145838,0.76631796
0.82722205,-0.26907858,1.1385285,-0.25280035,-0.8868915
0.4372907,-0.18995222,0.60767746,0.9226962,0.25532684
0.4551762,-0.8200139,-0.38652658,-0.60275674,2.161585
-0.9651757,0.7762629,-0.6328541,3.6466787,0.8610192
1.5379959,-0.7503146,2.1398122,-0.38162398,-1.3440751
0.06767068,0.0943524,0.99515325,1.2119249,-0.750371
0.9895059,-0.66458166,1.3585048,0.29343832,-0.21559861
0.18362668,-0.096179806,0.20431349,0.98741484,0.6030354
0.18590227,-0.36770758,0.06896641,0.92677367,1.084466
0.08540849,0.21797481,1.1266952,1.8484408,-1.178854
1.3810556,-0.84658325,1.2982173,-0.7526248,-0.07951454
-0.21020368,-0.076739155,-0.11642418,1.4829396,0.68012285
0.23714426,-0.08197483,1.022671,1.5126524,-1.0809022
0.97137004,-0.62826335,0.8198197,-0.27594352,0.20738593
0.0683854,0.1850492,0.6814257,1.5256913,-0.53776985
1.1780978,-0.6137102,1.9372413,0.35243315,-1.00969
0.86073625,-0.37749705,0.7832856,-0.7427507,-0.2631921
0.26778457,-0.020925365,0.7614331,1.4455969,-0.3520837
0.28172097,-1.0321468,0.6308221,-0.64652735,0.24507922
-0.62697136,0.6168086,-0.40268493,2.712858,0.5608082
1.215963,-0.8997482,1.1400042,-0.11799322,0.21715388
-1.1743118,-0.4756492,-0.801562,1.3656069,1.3760248
-0.23516253,0.52410907,0.27597225,2.253163,-0.55253327
1.2747377,-1.1136645,1.5723763,0.2092901,-0.2725089
-0.33046302,0.40673557,0.464544,1.9718277,-0.73923576
3.0187116,1.3880259,-1.199314,0.88662815,-3.6527076
1.4634448,-0.8045262,1.0078218,-1.9198523,0.17000291
-0.6385045,0.61099356,-0.22794029,0.94354,0.40319693
0.8835409,-0.4663461,1.4453524,0.18609186,-0.13787419
0.0136524215,-0.076181255,-0.08746306,0.291731,1.2793359
0.34497425,-0.058769546,0.20152417,0.510824,0.7472514
-0.12390413,0.032234825,0.7016157,0.7517522,-0.20706311
0.3224174,-0.13195214,0.6754088,0.2812491,-0.13972199
0.5791018,-0.27744946,0.28924388,0.3229426,0.9687026
0.37087438,0.031455196,0.36363307,0.3829288,0.1339984
0.67716354,-0.22803482,1.0423355,0.46039528,-0.22147217
0.56445193,-0.18761334,0.7840178,0.22865869,-0.13528916
0.62876165,-0.23265299,0.780566,0.46601683,0.098522805
0.3763931,-0.030836426,0.65291584,0.83578044,-0.05843074
0.88018763,-0.34360108,1.1505527,-0.08567028,-0.49952513
0.17525408,0.025742687,0.4752024,1.3252332,0.31690156
-0.7410949,-0.5457538,0.3553993,-1.3675082,0.3150503
-3.8279595,0.9863192,-2.7508276,-4.03544,2.5147529
-0.71755797,1.2744457,1.4983177,7.682682,-0.72851276
2.780088,-1.847226,1.792152,-4.0047126,0.3061976
-2.11169,1.784113,-1.1577528,5.2633886,0.019619517
1.9044918,-1.3663906,2.3932602,-0.7843301,-1.4604089
-0.03609129,0.31679693,0.037645184,1.0444683,0.062148385
0.6736588,-0.94238937,0.6691133,1.335725,0.9590263
-0.2845007,0.44970337,0.23787704,1.8295836,-0.61153936
1.3535346,-0.9854549,1.0539701,-0.5448929,0.50408024
-0.3683131,0.29925886,-0.3160592,2.012577,0.48528937
1.0630156,-0.43608126,1.9362612,0.46432722,-1.4829923
0.8418719,-0.5888503,0.61820847,-0.12734215,0.4096409
0.037952878,0.17850462,0.38143578,1.4156895,-0.16844851
0.77524906,-0.7116574,1.5061399,0.59646714,-0.3768778
0.2688022,-0.039147697,0.77091885,1.0685438,-0.38672096
0.88199884,-0.8096069,0.40202442,-0.005859185,0.9896023
-0.21645966,-0.32947955,-0.61918724,2.791351,1.8986508
0.08252958,0.2646238,0.84257877,1.1434965,-1.222668
1.4477248,-0.8380836,1.3547013,-1.0912436,-0.11467812
-0.1637707,0.38929048,0.3753464,1.8520954,-0.3364811
0.63105476,-0.9500998,1.0093863,0.53795224,-0.59669816
-0.01983925,0.19083801,0.22455445,1.3596628,-0.1731
0.78846073,-0.52833253,0.8408132,0.6638864,-0.24462071
0.42977676,-0.11576589,0.7765541,0.8712466,-0.4401076
0.68565005,-0.33271965,0.67063874,0.35064518,-0.0870812
0.5446163,-0.3233975,0.49549207,0.7196279,0.3401901
0.6274937,-0.13214049,1.0863701,0.1960348,-0.915045
0.5355778,-0.21203455,1.3092132,1.4298298,-0.6011664
0.9301504,-0.65258443,1.3030287,0.10947706,-0.23406455
0.21591422,0.034936108,0.37485376,0.9745293,-0.015639998
0.46590576,-1.0408562,0.5434886,1.052879,0.53943396
2.837455,1.4834553,-1.0917106,0.5870828,-3.2100146
1.2990382,-0.7090372,1.1579043,-1.239196,0.1354132
-0.8367603,0.58782166,-0.57869965,1.3985652,1.4767207
0.72406465,-0.48668322,0.49899033,-0.41131514,0.97557956
-0.25259492,0.6164748,0.38812312,1.3607525,-0.85833526
1.3255002,-0.7214421,1.6581566,-0.40196228,-0.38212132
0.04034237,0.05335871,0.024374684,0.7874996,0.72609496
0.56291735,-0.19089875,0.49421972,0.2497759,0.32180455
0.37513265,-0.1248711,-0.18005756,0.53151834,1.5822728
0.2020767,0.23589435,0.55684066,0.92835706,-0.36641672
0.4862859,-0.38457093,1.2478566,0.7407392,0.17501998
0.46726134,-0.11156496,0.7269817,0.44512975,-0.00096733123
0.7001159,-0.20924029,0.71486014,-0.019446898,-0.0068417564
0.31527898,-0.03596481,0.14197227,0.43653613,0.58824694
0.24781874,0.07441107,1.195542,1.6340842,-0.44483775
1.2533787,-0.6941384,1.0044917,-1.0959427,0.16598406
-0.37119326,0.3695399,-0.1381419,1.5716374,0.48122904
0.8296003,-0.40526804,1.2170445,-0.06192522,-0.43612766
0.583842,-0.3457063,0.092119,0.24785419,1.1886232
-0.24818268,0.30114236,0.49886972,2.1679902,-0.19209659
1.1641089,-0.69542825,1.2539251,-0.3081681,0.015921317
0.1829445,0.060501732,0.29259434,0.8979775,0.09316521
0.74708086,-0.3292435,1.02968,0.30953586,-0.10739667
0.34043685,-0.17283377,0.69251895,0.97788495,0.08979025
0.67053205,-0.31168637,0.92668015,0.44077492,-0.14014462
0.69452834,-0.33406433,0.46231243,0.045928728,0.5054052
0.2912514,0.05345408,0.4655049,0.78565264,-0.07120893
1.091359,-0.6160372,0.80963635,-0.6748613,0.33865863
-0.3012897,0.18301311,0.023395648,2.09789,0.4592369
0.9742302,-0.4007357,1.7955048,0.46324342,-1.0568229
0.16142657,-0.84113777,-0.014581779,-0.00060741976,0.93885255
-0.5011795,0.7033068,0.13328043,2.1913714,-0.6657034
1.1132749,-0.99532306,1.3594425,0.33036786,0.34470505
-0.30837306,0.3683907,0.16006038,1.6067593,-0.07025651
1.209508,-0.800907,0.7550436,-0.7358211,0.69491136
-0.100164436,0.3391606,0.2829512,1.5448278,-0.23708603
1.2729089,-0.7962817,0.91350704,-0.8482817,0.44894
-0.912451,0.23881021,-0.11199672,2.1693258,0.6386657
0.5978222,-0.47619042,0.3173358,0.56761783,0.8029629
0.13318703,0.21390978,0.6280498,0.98906904,-0.74443257
0.9705477,-0.8651084,0.78237116,-0.11121903,0.4131775
-0.24386057,0.36249223,-0.07960472,1.4213444,0.12704623
0.87256855,-0.7927674,1.0313493,0.44561952,-0.010800965
0.20208171,0.093055405,0.29938135,0.77314675,-0.17657003
0.49349317,-0.37297186,0.75013375,1.0460812,0.007576816
0.35519937,-0.5255621,-0.09320138,1.1643265,1.5588633
0.2762936,-0.033978783,0.34123132,0.8539295,0.016838305
0.72686845,-0.50463134,0.6175675,0.24399109,0.29093897
3.6085281,1.5351921,-1.0980724,1.283701,-3.3039732
1.2183838,-0.702886,1.3859687,-0.75799066,0.076609306
-0.18161115,0.43084684,0.53579676,0.5436584,-0.6370223
0.90455943,-0.44773516,0.99432766,-0.4087168,0.17486787
-0.71318704,0.061247982,-0.60641617,0.17658557,1.5807059
0.20773938,0.24813,0.53875875,0.7073089,-0.40545222
0.84403485,-0.44464287,1.22266,-0.05946063,-0.11018307
0.6191674,-0.18524107,0.47444704,0.031105768,0.3221131
0.6354908,-0.17089304,0.7576574,0.27662677,0.034689747
0.5345952,-0.1953071,0.57359296,0.351192,0.19148082
0.6379754,-0.230481,0.37140307,0.021546375,0.56116253
-0.2503669,0.11220042,0.5214674,1.456071,0.40361178
0.54332954,-0.30534682,0.69945943,0.2629053,0.032229178
0.35494402,-0.06776746,0.5577891,0.5703952,-0.16893682
0.66101915,-0.41788992,0.65765476,0.09143616,0.44446483
0.25751314,0.0565416,0.1416733,0.85535556,0.6134377
0.7408662,-0.4036635,0.5470214,0.05119426,0.48571545
-0.14543334,0.14973941,0.54866576,1.4700619,-0.08159224
0.80507827,-0.31747994,1.3799926,0.2028208,-0.6492508
0.90294975,-0.3903645,0.7590017,-0.60961354,0.01627221
0.42986938,-0.047604404,0.41494045,0.4701081,0.2098802
0.37815675,-0.46557125,0.14744616,0.43821985,1.0731605
-0.625612,0.356167,0.08750524,1.5911771,0.22422963
1.1656473,-0.6202834,0.97515464,-0.73972553,0.107146464
-1.5638269,-0.030259453,-0.66342676,-0.12981658,1.2995597
0.09025506,0.32587114,0.549839,1.4905517,-0.40707445
0.57629424,-1.1209124,0.63390476,-0.5157033,0.5619222
-0.8864539,0.81427634,-0.43790248,2.1573038,-0.0005740896
1.2848551,-0.9655231,1.3765204,-0.12416355,0.041320406
-0.16348532,0.35656515,0.42150775,1.4594443,-0.6079267
1.3182642,-0.7957667,1.2106562,-0.6525482,0.0071299896
0.08036289,0.08067433,-0.07143382,1.2409768,0.7427036
0.4933392,-0.31554875,0.9836681,0.94658875,-0.6417032
0.49504277,-0.5458086,0.4000873,0.82991105,0.8087708
0.2248238,0.11452023,0.2971209,0.75714755,-0.07001019
0.11183558,-0.79461515,0.594031,0.30840683,0.2958748
-0.4433311,0.4285771,0.2480785,2.6389673,-0.16647625
1.2272032,-1.0282296,0.7927238,-0.5961537,0.6751602
-0.43536028,0.59426135,-0.12542406,2.1347742,-0.18258274
0.49772266,-1.1843389,1.2449774,-0.50460577,-0.26995584
-0.4839224,0.6168801,-0.116872646,2.1367235,-0.15949729
0.9629824,-0.6894845,1.0766958,0.42666203,-0.4958788
0.30631307,-0.5524033,-0.24216095,1.3937953,1.8125681
-0.08183207,0.25273147,0.3291369,1.8504845,-0.54651016
1.0856638,-0.8553928,0.944159,0.14715011,0.503133
0.10268191,0.2610356,0.6155811,0.8276156,-0.8307573
1.1110507,-0.751974,0.9016516,-0.17499356,0.32706276
-0.23036352,0.28975073,0.4861802,2.3727875,-0.4710743
3.066885,1.3830096,-1.3198798,1.2183332,-3.6360245
1.5827855,-0.64882696,1.7866651,-0.44861645,-0.52458197
-0.49701515,0.39664093,-0.03884817,0.55127835,0.3252331
0.53509086,-0.35708842,0.23561943,0.30092257,1.6384597
-0.06849273,0.34026924,0.56800073,1.3850423,-0.08527661
1.2233392,-0.6992167,0.8947666,-0.8430791,0.5795282
-0.07391258,0.254069,-0.3702114,1.208947,1.2346593
0.8475496,-0.22013363,1.4341023,0.00901885,-1.1155187
0.44769105,-0.28570113,0.7103058,0.47709668,0.48429373
-0.75392604,-0.24464545,-0.48399022,-0.5450404,1.4285663
-1.0208586,0.39983574,-0.23871818,1.6220858,0.5512438
0.68272233,-0.22277054,1.6065972,0.757834,-0.7753293
0.9538801,-0.53098613,0.5324304,-0.5732367,0.6612205
-0.11003908,0.374921,0.25594363,1.5025363,-0.21299025
1.2428156,-0.61757976,1.3416742,-0.68834084,-0.44132796
0.36607912,0.07825676,0.57797116,0.26909333,-0.4150819
0.75946766,-0.4314321,0.7786226,0.16871579,0.26127473
-0.030318461,-0.054845177,0.18770668,1.3565097,0.6140081
0.0752785,-0.56040937,0.26412755,0.4214909,0.42525822
-0.20757511,0.5413801,0.88613427,2.2599945,-0.95709336
1.3122311,-0.99235237,2.0439365,-0.23003678,-0.41108897
-0.2581024,0.25980058,0.2041238,1.822062,0.25878564
1.1898338,-0.57462865,1.2360443,-0.7887558,-0.4142686
0.087826766,0.058167614,0.27027187,1.4790647,0.37781945
0.8351966,-0.41685757,0.81693697,0.07966001,0.20461076
0.18133858,0.055502094,0.37183908,1.0653731,0.091120355
0.88434327,-0.55901223,0.76715785,0.05359001,0.3566354
-0.068929575,-0.30218777,-0.26440868,1.3661792,1.2783325
0.15822223,0.07968251,0.42117932,1.1135733,-0.17111045
0.46815255,-0.75283945,0.113703094,0.4632572,1.6009436
-0.7251608,0.75376093,0.48155057,2.8405054,-1.2998562
1.3398861,-1.209299,2.436334,-0.7544718,-1.2826922
-0.2328256,0.20086828,-0.44744426,1.534633,1.1399416
0.58380693,-0.2114385,0.99859035,0.7999563,-0.4757647
0.6660172,-0.4663652,0.56687903,0.27906775,0.37495267
0.3382589,-0.23954806,0.049734496,0.8154441,0.8737602
0.44147512,-0.0062101707,1.0515523,0.9217304,-0.99819183
1.3113736,-0.71285427,1.12192,-1.4456257,-0.2121355
-0.0249274,0.3538734,0.51585364,1.4291788,-0.6675629
1.0124857,-1.2118453,0.66825086,-0.053457487,1.0052576
-0.5713935,0.79100907,-0.022218147,2.0097053,-0.5675145
1.243071,-1.2804383,1.2849689,0.52468514,0.5196232
-0.60446334,0.22650304,-0.5144202,2.3078897,0.51291823
0.5001635,-0.674538,1.515052,1.1702038,-0.34732246
0.42927483,-0.31753954,0.50337815,0.7557687,0.1583595
-0.25150844,-0.7138938,-0.0049516656,0.83361286,0.31401405
-0.02537676,0.5060894,0.9328137,1.3064547,-1.7372667
1.7388709,-1.0884517,1.5077128,-1.3716564,-0.013301291
2.983869,1.3702351,-1.228565,1.1823105,-3.8444953
1.5287609,-0.70890844,1.4891169,-1.6045575,-0.53185654
-0.4796441,0.4191691,-0.19360098,0.6284321,0.5891769
0.7227053,-0.29355225,1.231871,0.26364487,-0.25098345
0.53885347,-0.14663872,0.8529744,0.11545463,-0.23093072
0.7547963,-0.2562898,0.75982386,-0.43540835,-0.1489757
0.086999394,0.048318543,-0.4504697,0.72305435,1.7789991
0.34070346,-0.17610726,0.10014155,0.4431215,1.0156341
-0.0908105,0.16443554,-0.17443079,0.90340036,1.1232612
0.6472605,-0.09864267,1.4898694,0.6962448,-1.0380518
1.0054187,-0.5487841,1.239449,-0.4511853,-0.14898434
0.52954835,-0.017990433,0.8056291,0.051381122,-0.58802956
0.98109823,-0.42374548,0.8660739,-0.84196776,-0.13413277
0.13169375,0.1099259,0.6078745,1.2143186,0.010888688
0.7451307,-0.3616279,1.5419236,0.2802086,-0.66391224
0.696108,-0.20893273,0.8277018,-0.042534996,-0.2187022
0.61818105,-0.16508755,0.9548689,0.46599323,-0.24058631
0.73372525,-0.4100698,0.4904355,-0.028575528,0.58940244
0.1611124,0.24139467,0.6100212,0.90766865,-0.7168728
1.0304701,-0.728423,0.9702204,-0.3889135,0.3613422
-0.49169168,0.59766835,0.38269114,2.519471,-0.15816545
0.9801332,-0.681805,1.0701517,-0.8134135,-0.1880354
0.095797576,0.245989,0.4312126,1.1241673,-0.22813395
1.1253088,-0.7097715,1.1283474,-0.25605565,0.17572868
0.34440598,0.07707182,0.53305894,0.28394777,-0.45023596
0.83359194,-0.47883448,0.84600794,0.008112084,0.032425366
0.19928291,0.009427704,0.2931368,1.0833963,0.31434074
0.4869881,-0.21185097,0.55881345,0.11798413,0.040106975
-0.048359178,-0.20987925,-0.03929154,0.55551517,0.9175397
-0.08977785,0.1995379,1.0655046,1.7928271,-0.7851102
1.3870087,-0.84453523,1.089703,-1.0893456,0.25494742
0.14709714,0.13191524,0.15909436,0.9522752,0.17771995
0.65544033,-0.76724946,0.40761212,0.69925225,1.2231144
-0.4319031,0.16230646,-0.4486747,2.1529331,1.1557853
0.69496894,-0.84769905,-0.23771197,-0.8448769,1.7487221
-1.3259699,0.9075123,-0.3584035,4.015949,0.11346988
1.7723701,-0.9840697,2.0511646,-1.1314206,-0.8818839
0.07351736,0.1102883,0.22892925,1.1183766,-0.03720347
0.8484033,-0.5086606,1.0363837,0.21695139,-0.2683388
0.47562143,-0.09840425,0.67569697,0.34445125,-0.27238962
0.6670861,-0.384528,0.85905814,0.4171282,0.13083431
0.5509436,-0.1315516,0.9002881,0.421723,-0.5954476
0.6575369,-0.45105395,0.93008614,0.81035167,0.07783916
0.5106252,-0.13101754,0.78234625,0.34708697,-0.44125277
0.7984956,-0.53616697,0.59223485,0.056298506,0.44997713
0.15555862,0.07499758,0.66283476,1.4027666,-0.41385636
0.96110237,-0.6974286,0.8503035,-0.1482312,0.35871136
-0.12939033,0.24345699,0.615952,1.9245639,-0.45742148
2.887446,1.4530069,-1.114686,0.8296829,-3.4579003
1.096491,-0.6763953,1.0305599,-1.431446,0.13569409
-0.6802768,0.755499,0.0786254,1.4749656,-0.18540803
1.1644306,-0.7058257,1.8060635,-0.29599464,-0.4461091
0.42110375,-0.087150894,0.2663931,-0.09292047,0.44749236
0.5372388,-0.037168823,1.0919272,0.5756017,-0.6322723
0.9619585,-0.57072335,0.43185982,-0.52704674,1.1101693
-0.08370837,0.341211,-0.18805292,1.3799696,0.8096247
1.0106633,-0.41791376,1.2224635,-0.39389777,-0.3619476
0.5732113,-0.11598285,0.60092103,0.052205276,-0.0020416155
0.6763274,-0.11973318,1.0687882,-0.04087292,-0.7459252
1.0256786,-0.4641002,0.8533425,-0.889749,-0.00854782
0.40220436,-0.13314185,0.046408378,0.4930585,0.99645334
0.036256827,0.32790723,0.4673401,1.2950306,-0.5197222
1.2377901,-0.65229833,1.5927905,-0.27723187,-0.33326516
-0.21074942,0.005565323,-0.0872779,0.93557775,1.0174369
0.47951046,-0.10908779,0.5777945,0.77418727,0.2845218
0.5554998,-0.3998774,0.35344124,0.29233682,0.7782241
0.21926627,0.17822328,0.6157476,0.6590084,-0.59131986
0.6423413,-0.61004573,0.17947009,-0.3986047,1.4849986
-0.33423564,0.32369915,-0.47366193,2.208891,1.4023288
1.0107609,-0.49323973,1.1357403,-0.14629374,-0.14610115
0.3167685,0.097623505,1.2194046,0.99096715,-1.0438935
1.1868547,-0.61660224,1.4199734,-0.40006614,-0.37613627
0.16001716,-0.17535147,-0.09639726,0.963121,1.1258221
0.08325306,0.099845566,0.2711671,1.1012267,0.16595122
0.2854022,-0.5366939,0.6912115,0.03336973,0.051308744
0.02791176,0.17597261,0.3876656,1.5135355,0.037897043
1.2278666,-0.5442398,1.7267774,-0.368469,-0.999477
0.09963403,-0.21123585,0.042091332,1.0696591,0.67642033
0.22152433,-0.34111676,-0.11868576,1.2807171,1.462055
0.45232233,-0.097984634,0.41985998,0.3455783,0.09541749
0.36602655,-0.31253275,0.83952045,0.9814156,-0.22451785
0.55457354,-0.25510725,0.8731503,0.5070593,-0.24510124
0.8594633,-0.39097485,0.63798624,-0.5503276,0.17939404
0.14635363,-0.06113466,0.1608248,1.4286556,0.68246245
0.6352905,-0.26182112,0.7207174,0.350299,-0.17907727
0.5668915,-0.22862133,0.7695174,0.2875178,-0.31323144
0.30093452,-0.20533499,0.29804614,0.6828144,0.5950565
0.42194238,-0.016242824,0.9309242,0.76551104,-0.7120122
0.79318464,-0.3340691,1.0532986,0.13949473,-0.49490562
0.51656824,-0.50603324,0.17986307,0.7662506,1.2533542
0.23297235,0.11516873,0.38475737,0.65662444,-0.19473779
0.7998299,-0.5170315,1.2916585,0.63288724,-0.4777136
0.30341038,-0.42219815,0.333386,0.88993853,0.65760523
-0.39572653,-0.48568186,-0.15119383,1.90349,1.0005232
-0.2220535,-0.017418228,0.13607767,2.2006161,0.383171
0.97750586,-0.54568464,0.803081,-0.5072395,0.06452685
3.087827,1.3987833,-1.1897937,0.9781387,-3.6963677
1.2435942,-0.55890495,2.019408,-0.122076616,-1.163164
-0.08381852,0.14387432,0.15356839,-0.03858142,0.33644006
0.6436318,-0.27094302,0.54606503,-0.12154947,0.57500374
0.19913271,0.24885479,1.0375259,1.1614372,-0.8445752
1.1857657,-0.7532805,0.6974402,-0.78424555,1.0497665
-0.5803719,0.49828354,-0.51623446,1.9707676,1.232133
0.92245245,-0.36240515,0.96025336,-0.21362256,-0.03574372
0.49174204,-0.04980024,0.5339921,0.0864106,-0.052056767
0.5408149,-0.16781744,0.6292174,0.37316287,0.2873635
0.29778776,-0.09352621,0.31675088,0.69181126,0.48964527
0.6353506,-0.1018494,1.0714371,0.23449661,-0.682927
0.45003548,-0.43824133,0.33740747,0.11715408,0.78703445
0.17572597,0.2591354,0.6078847,0.72318417,-0.61745703
-0.69111085,-0.7308048,0.2802038,-2.5889447,0.14791569
-0.9147711,1.0175973,-0.23106822,3.330143,0.012328558
1.6590089,-0.9624618,1.6728098,-1.2056043,-0.47902903
-0.064726375,0.33785406,0.26743045,1.2618226,-0.14898434
1.0310948,-0.6723708,0.86330384,-0.32755244,0.2857741
-0.086639844,0.10384623,-0.25131598,1.4387598,1.036857
0.3532242,0.15708509,0.74360156,0.57263553,-0.884755
1.1864805,-0.7330841,1.0835276,-0.4149953,0.31063476
0.061544873,0.35503212,0.93013257,0.9950132,-1.3821409
1.4220812,-0.81448257,1.339305,-0.95484924,-0.03368417
-0.050429486,0.28229538,0.37616688,1.517497,-0.16514528
1.018594,-0.4752272,1.1140447,-0.18203132,-0.34632164
0.5072769,-0.17672476,0.50772405,0.40754128,0.1437603
0.56839854,-0.17493662,0.6369817,0.3688513,0.06913944
0.615376,-0.19301829,0.99303716,0.49687243,-0.4124381
0.81007504,-0.37325796,0.70725715,-0.14767061,0.17329922
0.3579193,-0.12922463,0.29300544,0.82063884,0.49534598
0.25303957,-0.16647515,0.9592964,1.078469,-0.33341295
0.5091757,-0.29234824,1.5102485,0.8178025,-0.7960181
0.0011254326,-0.31350073,0.978094,0.8207588,0.42466274
0.43037882,-0.12606797,0.612165,0.8764413,0.060882233
-0.06821611,-0.3603762,0.320107,0.2647267,-0.06792385
0.36426416,-0.021910034,0.8384882,1.201858,-0.33897018
0.9166596,-0.61401063,0.69079477,-0.19483028,0.30687606
0.17831448,-0.05357202,-0.0036317506,1.1759984,0.7821012
0.3439341,-0.35529074,0.84880346,1.5209844,-0.004564412
0.09480248,-0.51834995,0.33602753,0.5121694,0.32988372
-0.23386952,0.017874874,0.053444527,1.9804332,0.13403556
0.42606172,-0.41669783,0.79566485,0.32204568,-0.47258592
0.6236034,-0.38530287,0.48759806,0.36973053,0.33962834
0.44753334,-0.057703815,0.5343398,0.54411274,-0.21996143
0.46241602,-0.42301354,0.98957855,1.491781,-0.009008475
0.50496,-0.51094943,0.33398566,0.7678655,0.69984114
0.117261685,-0.20223317,-0.022804776,1.5152231,0.8285271
2.9501722,1.3037616,-0.6760166,1.6817986,-4.037089
1.4299783,-0.7228464,1.0540771,-1.5862982,0.093613766
-0.79626095,0.7647115,0.11642333,1.6077428,-0.07263411
1.356625,-0.74089706,1.4695865,-0.90099996,-0.1296187
-0.4029288,0.2971107,-0.31433612,0.97949785,0.96790403
0.48087355,-0.04630264,0.85121626,0.57262766,-0.24738896
0.9111108,-0.44888672,0.832037,-0.39548117,0.3392783
0.19796363,0.15841547,0.2815118,0.8556919,0.26352355
0.61988336,-0.3219622,0.65170354,0.12389876,0.4552751
0.08592544,0.22953811,0.32978356,1.1210575,0.0888819
1.0312225,-0.47276434,1.2175841,-0.20762335,-0.29755536
0.09079579,0.028637089,0.33218783,1.1449738,0.5876748
0.6748992,-0.23219523,0.94143194,0.17207731,-0.38818416
0.6154899,-0.20224985,0.7940641,0.33148706,-0.025066562
0.51978636,-0.34927067,0.08381107,0.38750786,1.296292
0.21348467,0.08485619,0.36377066,1.0404145,0.21559301
0.1330168,-0.2256101,1.0934198,0.38636506,-0.717311
0.72905266,-0.25709328,0.6954119,-0.059391785,0.07841649
0.47921255,-0.24996218,0.2509856,0.53452384,0.76417804
0.53528863,-0.1704782,0.46633843,0.35775375,0.2867101
0.4368601,-0.14607129,0.88211673,0.90340036,-0.18142289
-0.050798737,-0.3324097,-0.045997,-0.48159242,0.8678772
-0.030667685,0.3525621,0.6326732,1.8918535,-0.30941743
1.2265499,-0.72035015,1.8199353,-0.1235833,-0.6374769
0.40028676,-0.014170967,0.5850707,0.32339305,-0.16241851
0.55613816,-0.33784804,0.42148057,0.49824733,0.7382941
-0.15956625,0.16562524,0.8484983,1.3132406,-0.54360795
0.8935733,-0.7656187,1.0729302,-0.09410851,0.05471223
-0.9149169,0.11223618,-0.089805044,1.5821271,0.8185915
0.7643418,-0.45565543,0.6224417,0.14536412,0.33540034
0.41153452,-0.040699802,0.4000471,0.44727176,0.08477404
0.83449817,-0.33909974,1.2508023,0.1937551,-0.5380689
0.68429196,-0.2606934,0.94237983,0.26783842,-0.2999727
0.22986189,-0.22505221,0.560015,0.83630955,-0.18775278
0.5385305,-0.62478477,0.49090436,0.6447362,0.432232
-0.8995648,0.13931337,-0.12170214,0.58249587,0.31826624
0.8653287,-0.4483455,0.8747465,0.3203541,0.1198365
0.4529319,-0.07669862,0.6194044,0.35591072,-0.35109067
0.9086625,-0.3749126,1.039301,-0.41136628,-0.49534467
0.30373332,-0.4215258,0.45690084,1.1469584,0.15040824
0.28979316,-0.07926401,0.5670166,0.996333,-0.38743916
0.57588995,-0.32508788,1.2430114,1.2621392,-0.43852255
0.91514754,-0.41657624,1.1136489,-0.20581375,-0.48901823
0.6305353,-0.21058258,0.77727664,0.14179607,-0.31051937
0.22126898,-0.67727983,0.2990569,1.0727177,0.6867483
0.038186945,0.29021087,0.5665704,1.0576705,-0.90903574
1.2163861,-0.7650298,1.3665856,-0.17339443,-0.15939099
0.38115957,0.061853565,0.75072205,0.24746473,-0.83447975
3.0450666,1.4197236,-1.2187288,0.8992265,-3.3675575
1.3622376,-0.65434873,1.4732207,-1.2396523,-0.48661125
0.0039480105,0.18179002,0.39489427,-0.5787717,-0.42120004
0.769485,-0.311529,0.8894751,-0.37506026,-0.06560329
0.45027706,0.017903484,0.9839014,0.349823,-0.5819564
0.94739753,-0.43088374,0.9510864,-0.4840688,0.011731349
0.41979447,-0.03398355,0.33410004,0.28932738,0.4250171
0.1826103,0.06285731,0.99902296,1.2530007,-0.253858
0.79489696,-0.4146832,0.59924495,-0.30795765,0.39695087
-0.15729943,0.17708364,-0.15286765,1.2964586,1.0074044
0.69480497,-0.24581131,0.60677207,0.13109781,0.35449547
0.37064782,0.17174068,0.9402451,0.5883141,-1.0757011
1.1861012,-0.5966204,1.4043846,-0.37365586,-0.33650097
0.3279086,-0.009087883,0.25931618,0.65959257,0.5056169
0.6423163,-0.15776572,0.86440235,0.10881813,-0.32670796
0.6245184,-0.26282486,0.9106894,0.4533949,-0.020464338
0.75394267,-0.281195,0.6433429,-0.30855364,0.10951369
0.48854396,-0.030164085,0.6558354,0.2971421,-0.22806308
0.5541004,-0.45555052,0.35674074,0.15236647,0.81960094
0.23862877,0.19326273,0.44730923,0.4349134,-0.38515922
1.0391694,-0.57078534,0.6990387,-0.6465313,0.5076877
-0.32073608,0.30031028,-0.09239448,1.1365964,0.53548425
0.6154248,-0.24468598,0.5286615,0.36214596,0.29515487
-0.48658726,-0.41883406,-0.74515224,-1.3198764,2.070028
-0.6730301,0.942474,0.5760731,3.489183,-0.754
1.7661041,-1.0414499,1.6473612,-1.5102067,-0.31148043
-1.2066,0.47554317,-0.87032956,1.3186282,1.2457055
0.7853515,-0.32825407,0.70246845,0.19773425,0.25693092
0.45165142,-0.103937946,0.4405562,0.52388656,0.04080444
-0.8039101,-0.70863426,-0.28674984,-1.7735994,1.1646821
-0.60468364,0.89220583,0.060046934,2.5288434,-0.53661174
1.3635557,-0.8685416,2.4621716,0.26102686,-1.3556969
0.56660986,-0.26322302,0.5737934,0.094203666,-0.088505514
0.10002831,-0.04699882,1.0468717,1.8692807,-0.405441
0.7368695,-0.90699136,0.58236635,0.106650546,0.4331317
-0.12513706,0.48737112,0.42512605,1.0384868,-0.9551271
1.339448,-0.7746142,1.4358515,-0.42747366,-0.27879903
0.23527548,0.06466929,0.51868373,0.9145589,-0.27850085
0.53794724,-0.32049355,0.6612844,0.85407114,-0.27473783
0.09502027,-0.2033132,0.90133846,0.693554,-0.47416925
0.06251369,-0.4167479,0.32425475,0.8345137,0.7087474
0.078351416,0.11732403,1.1637541,2.0034387,-0.85405713
0.7847845,-1.3750046,0.11156099,-0.87168056,1.8733675
-1.3371658,1.470831,-0.020867089,3.752322,-1.4793204
2.39358,-1.6003102,1.9588809,-2.235566,0.15094236
-0.8125205,0.6798488,-0.7711338,2.944274,0.86634356
1.0873798,-0.48731503,1.736125,0.5010168,-1.3353745
0.49567738,-1.1326903,-0.21841776,0.51973826,2.352043
3.2193336,1.2622195,-1.4918759,2.4087846,-2.075706
1.3628434,-0.6204241,1.2340108,-1.1905532,-0.24873722
-0.51904374,0.45026842,-0.31288937,0.7106311,0.8841608
-0.7456761,0.013969578,0.2536979,-1.226399,-0.4273856
0.30633685,0.06453339,0.51861805,1.176984,0.4411063
0.760096,-0.30796465,0.7508557,-0.13750736,0.13834825
0.18759581,0.12997928,0.30338186,0.53284603,0.10269462
0.5974354,-0.225386,1.0630499,0.37889653,-0.2226614
0.7834802,-0.25981602,0.78750414,-0.43529034,-0.19740665
0.48243192,-0.07481035,0.34689942,0.25869602,0.28946885
0.51575464,-0.03206905,1.0151988,0.5805899,-0.54635376
0.9642416,-0.43657956,1.0177583,-0.3048833,-0.13127291
-0.10333248,-0.12448724,-0.35906714,0.73179156,1.6302215
-0.17596099,0.27821365,0.61479515,1.843008,-0.23617509
1.2599814,-0.60431415,1.4856538,-0.6685218,-0.5596289
0.15608934,-0.08115228,0.23454356,0.9567028,0.28727362
0.54921377,-0.3800815,0.2865882,0.46743894,0.9005482
-0.11672815,0.2247316,0.31568465,1.6792297,0.11400183
0.10944233,-0.76239765,0.9740759,-0.66934204,-0.32129678
-0.12137195,0.33567014,-0.04230056,1.5779946,0.505852
1.0607412,-0.40522274,1.4021196,-0.1276667,-0.8735982
-1.2072421,-0.8804029,-0.8928502,-1.630299,2.0213482
-1.3735745,1.0896021,-0.9824374,4.509583,1.1275157
1.6118524,-0.87417305,2.0472903,-0.5525778,-0.90497285
-0.087554835,-0.15862879,0.036376227,0.9969467,0.7917456
0.5035168,-0.18816409,0.6259768,0.46252942,-0.12986761
0.62570375,-0.2607697,1.0724257,0.7685539,-0.30929556
0.633463,-0.4451793,0.429968,0.44208688,0.8788309
0.11783371,0.21518293,0.32969692,1.0314137,-0.16874668
0.9319228,-0.69833696,1.1661018,0.2679053,0.16770396
0.3037571,0.10478083,0.583996,0.43060774,-0.5006435
-0.42147645,-1.1632127,-0.12370155,-1.5486056,1.1297216
-0.66803205,0.8638555,-0.15076914,2.7109754,-0.19092077
1.7103822,-0.9921092,1.6099273,-1.4222897,-0.36547035
-0.596276,0.14376226,-0.6234318,2.071348,0.95532376
0.5079428,-0.09947952,1.0570482,0.86019033,-0.8134435
0.73882717,-0.41289744,0.79823333,0.2708577,-0.045869477
0.7334161,-0.36740002,0.71934307,0.21718152,0.112058096
0.6107685,-0.2942079,0.51004285,0.3841306,0.1748912
0.33284155,-0.16788897,0.4872147,0.88060534,0.23410043
0.49754992,-0.58815175,0.17454433,0.8053497,1.0357015
0.032635666,0.27583423,0.42331973,1.2872081,-0.5317027
1.1471133,-0.8673781,1.3453498,-0.0016263016,-0.32729134
0.19220456,0.19004169,0.5705828,0.5412272,-0.7096873
0.92591965,-0.7831615,0.6673477,0.46166593,0.9434409
-0.36949345,0.22526327,0.23119536,2.4713356,-0.16834134
1.0837262,-0.71225584,1.4676641,0.10260256,-0.53701013
0.27250096,-0.11020359,0.42668208,0.96222407,0.23239437
2.8585124,1.4048249,-1.2087917,0.59301317,-3.516417
1.1536021,-0.5383151,1.6208683,0.0942253,-0.22560337
-0.02547314,0.13676706,-0.059812225,0.08168991,0.7604617
0.11749951,-0.022298656,0.41798174,0.6052771,0.5562224
-0.07037278,0.10049883,0.56549627,1.121327,0.34504384
-0.4971328,-0.39452252,-0.02795873,-2.4680262,0.873978
-0.63994896,0.57806796,-0.6254516,2.6701317,1.5640662
1.1527348,-0.54182464,1.1278536,-0.62299275,-0.1572718
0.32244745,0.05672995,0.45950952,0.5781745,-0.10526971
0.41960672,-0.20360169,1.381672,0.710755,-0.868391
1.014158,-0.41632113,1.17819,-0.57847273,-0.4784154
-0.016533516,-0.0049370155,0.7420449,0.9115573,-0.19323137
0.43602648,-0.24397787,1.2848556,0.7079108,-0.69015574
0.17874256,-0.05982574,0.93232733,0.16808636,-0.56602794
0.85398334,-0.4071754,0.5353103,-0.3963427,0.44434643
0.25232986,0.17139259,0.8634505,0.9554656,-0.88732535
1.0941415,-0.6944388,1.400926,-0.054543246,-0.1026916
0.3752065,0.005260147,0.51480776,0.4112234,-0.19154432
0.5667701,-0.5134719,0.646066,0.7830425,0.6211833
0.29724702,-0.006961189,0.2874823,0.685993,0.24156511
0.834363,-0.43977436,0.65551263,-0.17286335,0.2668769
0.021033682,0.10923687,0.1367481,1.4739624,0.45792493
0.50577986,-0.40278134,1.465757,0.854378,-0.6400809
0.22836486,-0.35845932,0.34499514,0.23042108,0.49312308
0.3179163,0.056181587,0.54212904,0.6224663,-0.31181145
1.0174199,-0.5557578,0.8190649,-0.5248752,0.19003576
-0.12761793,0.031562485,0.30794805,1.9734721,0.19938108
0.8337071,-0.4940146,0.6149299,-0.13804828,0.40556762
-0.22617784,-0.04063066,0.31263033,1.8561139,0.17648405
0.8630156,-0.41487154,1.2117943,0.1866249,-0.59701884
0.5074221,-0.27006087,0.6778034,0.74652797,0.09215575
0.6053937,-0.18352446,0.8452288,0.24531879,-0.43854156
0.55829483,-0.39659438,0.60934335,0.3314615,0.18470237
0.40231076,-0.32165942,0.15197101,0.77803266,0.80650467
-0.5967829,-0.065228306,0.5984245,1.3403295,-0.7449693
0.7193983,-0.6947702,0.3523501,0.8038076,1.370631
-0.0047976,0.42030635,0.7577231,1.1673753,-1.3415947
0.88350964,-1.3195413,0.9407089,0.17735465,0.8161439
-0.9999021,0.8114821,-0.20641452,3.405131,-0.26706704
1.7981701,-0.99582136,1.9903097,-1.1763439,-0.7796662
-0.028239392,0.27397695,0.4008036,1.4301131,-0.5010151
1.1848795,-0.8679646,0.8655541,-0.5088544,0.47218794
-0.37306455,-0.19164738,-0.5190532,2.2307734,1.620915
0.131874,-0.28207716,0.36694673,1.6237499,-0.1243994
-0.12596443,-0.6160944,0.6080846,1.5326642,0.4433171
0.26251242,-0.031895004,0.67151755,0.88760966,-0.5095861
0.55367357,-0.38521704,0.69406253,0.8098678,0.0034447536
0.6043673,-0.12687382,0.9036023,-0.050961424,-0.7698057
3.0590143,1.39314,-1.0850799,1.1421,-3.9809968
1.0925757,-0.5243104,1.7058966,-0.26211977,-0.9063038
0.28858653,-0.0736421,0.28219357,-0.47505623,0.5319373
0.29602537,0.109351315,0.7121178,0.42531466,-0.4319325
0.948106,-0.38665947,1.0160006,-0.7794285,-0.36894816
0.24425516,0.12071196,0.88323396,0.7212762,-0.5190887
0.9451808,-0.49378332,0.6530444,-0.44246578,0.6622308
0.050189473,0.17726246,-0.182677,1.1315395,1.1815587
0.4665191,-0.11442598,0.9958967,0.53382164,-0.5087737
0.6477374,-0.30126032,0.7433966,0.009951185,-0.06394217
0.40554515,-0.060631596,0.2792774,0.49271035,0.4936909
0.30920324,0.033956207,0.60060227,0.9824601,0.03448146
0.76948625,-0.22102293,1.0217226,-0.06644724,-0.5981493
0.68097997,-0.2136558,1.2663054,0.4770475,-0.46170998
0.6357511,-0.46420273,0.21133038,0.21268113,1.4270443
-0.5809502,0.39930406,-0.14320922,2.2025633,0.6882746
1.066877,-0.49809632,1.2952173,-0.20723979,-0.34125444
0.41003373,-0.023772083,0.6302112,0.40678596,-0.345186
0.5926477,-0.13753113,1.5406371,1.0512818,-0.914249
1.1003149,-0.61819726,0.84416705,-0.7106874,0.47496396
0.013321973,0.29311243,0.3767184,1.3979534,-0.07058752
1.1176534,-0.5330127,1.1996268,-0.5638563,-0.3211611
0.36411896,0.029290356,0.9268387,0.79762745,-0.52956104
0.6561513,-0.66820323,0.9449347,0.0059386007,0.46104753
0.13277522,0.07763211,0.08354493,1.073292,0.52763844
0.7900579,-0.5211323,0.41388723,0.0037946217,0.8563625
0.20630494,0.20426336,0.54404294,0.55546796,-0.61740345
1.0985775,-0.54260427,1.4813933,-0.019810785,-0.539125
0.1325011,-0.032646023,0.15059957,0.9107076,0.27790323
0.5872679,-0.2246469,0.5881817,0.357441,0.16297555
0.59616494,-0.10343965,0.992014,0.19054307,-0.7072587
0.3320054,-0.42194065,0.5946703,0.17302145,0.28523913
0.11337266,0.1621038,0.57345706,1.2841003,-0.29831937
1.0135435,-0.55398875,1.6361008,0.30361336,-0.7066425
0.74309045,-0.25488314,0.8572762,-0.27799505,-0.38062182
-0.60418546,-0.5239957,0.14895973,0.44909513,0.90478224
-0.21845737,0.63899815,0.78738296,1.9643435,-1.5030562
1.7605791,-1.1718196,1.3362038,-1.6213789,0.28400755
-0.3934572,0.7088262,0.20560226,1.484226,-0.93063986
1.5871226,-0.9344739,1.7961458,-0.66930073,-0.43030336
-0.63979,0.16714159,0.03665482,1.1655245,0.25526375
0.7730173,-0.6643194,0.4903902,0.5076061,0.88952965
-0.24699733,0.22996011,0.33758923,1.849857,-0.15487605
0.8947887,-0.9864801,0.7188635,0.16607024,0.64687103
-0.28127757,0.35934272,-0.13464704,1.6231459,0.19800603
1.0935332,-0.63343704,1.285526,-0.03765892,-0.3438801
-0.2420406,-0.32437977,-0.5734942,1.0581564,1.6347511
-0.0017597303,0.3784329,0.5491969,1.1057724,-0.888824
2.6942062,1.352728,-1.3208265,1.4294621,-3.3303714
0.8148878,-0.53882295,1.210373,-0.64605135,-0.031855382
-0.020860635,0.31036678,0.5729712,0.22182156,-0.47590816
1.0015734,-0.42696175,1.4048399,-0.29939747,-0.54482746
0.12695733,0.050614513,0.22066775,0.7536818,0.58212274
0.7145292,-0.2074903,0.82452124,-0.08420293,-0.16756177
0.5507909,-0.15428004,0.29021385,0.173405,0.6857665
0.52726024,0.0032335892,0.97492075,0.40245867,-0.75600165
0.8958664,-0.5358713,0.6005694,-0.2573322,0.7755769
0.15881178,0.18929544,0.10956838,0.86396295,0.4401703
0.7846155,-0.10813173,1.7810067,0.6636307,-1.613768
0.6203052,-0.6473726,0.22349218,-0.81504804,1.357253
-2.9262893,0.8050519,-1.6524299,-1.1114581,1.737054
-0.4799082,0.8883673,1.8409283,4.150099,-1.6546185
2.115836,-1.286127,1.8378525,-2.2323694,-0.3167084
-0.45179132,0.78947365,0.11654564,1.5928352,-0.8446971
1.5669827,-1.0351843,1.4317274,-0.93658805,0.08595031
-0.61196727,0.30938688,-0.7365255,1.6532974,1.2421248
0.7504204,-0.18266854,0.9998627,0.00014198944,-0.6725169
0.3380536,-0.23148951,0.50451857,1.2369249,0.5633111
0.11022214,-0.25768456,0.7593828,0.97395104,-0.14839664
0.43159422,-0.7280439,-0.46520677,0.14046444,2.701424
-0.41032383,0.7139617,0.2661111,1.8063794,-0.9197937
1.6094767,-1.1188787,1.3140546,-0.99817336,0.33431137
-0.37783977,0.64009964,0.12032815,1.5820308,-0.5863183
1.1437225,-1.0923141,1.2018278,0.16227992,0.56547004
-0.15924957,0.44370714,0.24674556,1.2778533,-0.5677202
0.9401452,-0.6179326,1.263836,-0.112115964,-0.46777368
0.2098485,-0.077571236,0.4388722,1.272863,0.19613576
0.7997035,-0.52441293,0.53661835,0.1296639,0.60631096
-0.24455902,-0.0964516,0.3387472,1.2679929,0.29857132
0.19456527,-0.6441659,0.66402614,1.1281661,-0.08549268
-0.16860351,-0.09358581,0.17800409,1.6755259,0.41813838
0.70494246,-0.21560606,0.788657,-0.10714547,-0.33334726
0.6915756,-0.33047614,0.7129547,0.31243712,0.0662865
0.11009071,-0.61913186,0.069878064,1.292985,0.8914492
0.17952487,0.1103336,0.43184227,1.1084907,-0.36600274
0.69903696,-0.60021335,0.8963697,0.91780436,0.1703996
0.29452834,-0.25662598,0.3393276,1.0225545,0.19778824
0.21076098,-0.10992464,0.3958665,0.6998325,-0.05523122
0.6831742,-0.45511422,0.61457205,0.66416967,0.4395169
0.5221183,-0.1895779,0.5728478,0.3957435,-0.11270068
0.5981414,-0.26275572,0.81996125,0.6062724,-0.23714826
0.53581685,-0.2626842,1.2054513,1.0976017,-0.5577621
0.8069308,-0.39410767,1.3433475,0.60620946,-0.5108998
0.5422055,-0.4268354,0.6754518,0.68975186,0.28015205
0.5652167,-0.15782294,0.6507879,0.11452623,-0.26024494
0.61224425,-0.520932,0.79089254,0.9924286,0.14915505
2.4683583,1.4958626,-1.1168876,-0.27284753,-2.434409
0.8407917,-0.44691262,1.6809264,0.5615124,-0.38847715
0.11931697,-0.014986359,0.3567985,-0.14425598,0.56551754
0.58097184,-0.108756386,0.87769157,-0.3218522,-0.50666744
0.46077004,-0.23889479,0.531179,0.38907355,0.56948197
0.5216251,-0.04768785,0.68313855,-0.0036758669,-0.32359487
0.58797383,-0.18536505,0.6047375,0.45780677,0.50104237
0.40310934,-0.11446651,0.1611085,0.6678931,1.0371655
0.4683716,0.02269093,0.82331795,0.46627057,-0.47579667
0.83237153,-0.268082,1.0937488,-0.120843336,-0.6245414
-0.020460092,0.040016808,0.49959564,1.3674834,0.68996257
0.57047385,-0.23777422,0.6058881,0.57445496,0.5594841
0.43805298,-0.12961802,0.7906972,0.6813589,0.12543523
0.7939732,-0.2807897,0.77584517,-0.321209,-0.067011185
0.44793263,-0.19545254,0.17125615,0.38105035,0.84184456
0.5254165,-0.10416921,0.53022885,0.2759049,0.05448752
0.777785,-0.23238358,1.0103178,-0.17216115,-0.50336766
-0.2812012,-0.26923832,0.24671838,0.12807263,0.6237182
-0.9952383,0.27215067,-0.18712598,0.5055821,0.6385775
0.65072393,-0.12361463,1.096062,0.7117365,-0.55493593
0.64828813,-0.22763428,1.0212797,0.26428413,-0.678661
0.55224913,-0.71367204,0.35432288,0.04807074,0.7539192
-0.41460088,-0.0727671,-0.43977278,1.3879279,1.0963212
0.474023,-0.0014561042,0.68301624,0.3255095,-0.42979085
0.6868479,-0.33068594,1.1924542,0.4221341,-0.3962763
0.3080329,-0.43710646,0.65215653,0.68565273,0.4915674
0.09806941,0.096176304,0.9087455,1.270125,-0.5367967
0.9119357,-0.71982324,0.80411154,-0.15159665,0.22383812
-0.3506116,0.013371147,-0.20724916,1.9196111,0.66740865
0.5651341,-0.6624311,0.6086095,0.46276546,0.3670187
0.038240768,0.2341086,0.42267194,1.3255184,-0.34494227
0.8352104,-0.9944624,0.8578566,0.064707235,0.283145
-0.20126781,0.55134124,0.8864689,1.7722449,-1.4598109
1.170117,-0.83922803,1.2566595,-0.19398843,-0.39009246
0.045596994,0.16956869,0.50277454,1.3659983,-0.2553843
0.8040907,-0.7642621,0.8358059,0.09758879,0.28662196
-0.061952613,-0.16827998,-0.19265535,1.5756243,0.9454011
0.5000934,-0.08230861,1.0753074,0.9568346,-0.8484921
1.0112591,-0.67552745,1.1046518,0.0656081,0.16445518
0.27702835,-0.27077374,0.14485785,0.9543346,0.5221322
0.48857275,0.01489941,0.887333,0.0946541,-1.0199602
1.0350238,-0.64848125,0.7426916,-0.36014485,0.49112058
0.0724021,0.24771991,0.67772925,1.3959334,-0.70603406
1.3446362,-0.7318038,1.5018398,-0.66565204,-0.51946205
0.33464023,0.046168007,0.39800295,0.38031274,-0.15553722
0.8743372,-0.65525234,0.54025024,0.0816132,0.74144006
-0.43082914,0.006206669,-0.11506916,2.699933,0.5089798
0.6049794,-0.44962344,1.4851073,1.0117736,-0.73480207
2.1231947,1.1380607,-1.5119646,2.153071,-1.0320504
0.9567227,-0.29551205,1.0036695,-0.40699965,-0.5081808
-0.19066092,0.15732828,-0.12303621,0.361548,1.1068558
0.32505348,-0.035898052,0.33935422,0.48653018,0.71521556
0.23756358,0.200277,1.3179934,1.18769,-0.8819764
1.3164229,-0.71106374,1.1194886,-1.2560468,0.08777391
0.008949794,0.3345162,0.28827164,1.0051903,-0.07188738
1.0785141,-0.5051988,1.176041,-0.2770037,-0.20010576
0.5239933,-0.09096082,0.47034517,-0.04684459,0.07468631
0.51594865,-0.08003887,0.58863693,0.4735129,0.08499702
0.8466672,-0.27900872,1.0079758,-0.40378368,-0.51066124
0.70238024,-0.30416426,0.54779035,0.02695353,0.4443663
0.38338384,-0.0036543235,0.5601311,0.49210256,-0.18965417
-0.373037,-0.33718047,0.46593243,-0.23174803,0.75807804
0.21779302,0.1566321,0.55374897,1.3104279,0.095332794
1.0740693,-0.5836981,1.0282123,-0.4340846,0.027811043
0.13495317,0.20131889,0.47488928,1.0274895,-0.38122508
1.1510336,-0.5645054,1.1545023,-0.7134608,-0.1826536
0.14918873,-0.008980595,0.0116341915,1.2143422,1.0932262
0.27402928,-0.13174948,0.5598882,1.1606601,0.22694689
0.7884207,-0.29725966,0.6755588,-0.49860066,-0.039843805
0.23345551,-0.20798859,0.2915083,1.0297791,0.7916194
0.35448465,0.15553775,1.1316736,1.1715846,-1.1591444
0.9364239,-0.79861104,0.74017125,-0.105032966,0.7468754
0.082001366,0.2241117,0.07950648,0.8767324,0.20001027
0.84259164,-0.47110257,0.76151186,0.23700054,0.4204987
0.16566607,0.118048824,0.5084551,1.1780343,-0.17844635
0.33729258,-0.79868734,0.6042285,0.1752146,0.6257414
0.15546349,0.25094572,0.44870105,0.60488373,-0.5443564
0.5882229,-0.5031555,1.5171878,1.1147121,-0.1573349
0.6632509,-0.30594525,0.48149565,-0.11838071,0.25560772
0.3866057,-0.0029509887,0.627778,0.658851,-0.2261107
0.7622477,-0.36862788,0.697148,0.037221026,0.17667505
0.13823387,-0.16677079,0.3897539,0.67070585,0.09750902
0.48506048,-0.15792546,0.8771904,0.8308611,-0.17161259
0.7400313,-0.35237965,0.77544767,0.20042701,0.09340202
0.34933767,-0.15958008,0.69269735,1.064842,-0.10533539
0.317323,-0.8632821,0.31350857,0.5632099,0.6200217
-0.283259,0.6157381,0.77421665,1.9131535,-1.4082677
1.4218397,-1.2197226,1.2779112,-0.30861068,0.5581834
0.010003723,0.2822596,0.17426631,1.0246375,-0.18356109
1.1174794,-0.77415884,0.75387603,-0.40254056,0.62781566
-0.27701554,-0.09976085,-0.38218236,1.9094989,1.1108668
0.4295915,-0.33009228,0.7044905,1.2074245,0.11740532
0.64700264,-0.1448935,0.9554482,-0.118235156,-0.76353204
0.87679553,-0.4481047,0.93845636,0.07763405,-0.047514178
0.32899883,-0.23802456,0.18408385,0.63360125,0.55298567
0.0386701,-0.22302088,0.8145921,1.329114,-0.011439659
2.9754076,1.3714725,-1.2769755,1.17591,-3.5907555
1.3200366,-0.528385,1.5995187,-0.34328216,-0.53257644
-0.641446,0.3319246,0.44090217,0.7499013,0.50971615
0.83687514,-0.37983117,0.6852971,-0.23829602,0.65194774
0.13486305,0.23794714,0.86716735,1.1432998,-0.51273376
1.1253026,-0.6537479,0.8940067,-0.5533469,0.5996622
-0.25882712,0.48755231,0.12010958,1.4351603,-0.10933954
-2.381481,-0.32948193,0.40026453,-6.289543,-0.71551335
-0.9569201,0.66524327,-0.81232804,4.1430216,2.3179064
1.0677245,-0.6910151,0.8979195,-0.34348673,0.24544308
0.05359409,0.3175861,0.4932905,1.1592696,-0.5422433
0.94442475,-0.56876117,1.0465099,0.14029135,0.13306671
0.32176402,0.09361807,0.40341625,0.45999992,-0.12144447
0.8388115,-0.3432339,0.7797647,-0.3078298,-0.0057467297
0.1283004,0.06698672,0.5962563,0.8792619,-0.33687952
0.5850311,-0.597586,0.46699527,0.18700452,0.8682782
-0.2513332,0.25357547,-0.0724423,1.9311099,0.78056455
0.801914,-0.25595126,1.803016,0.94288105,-1.3422575
1.2510581,-0.6606144,1.012003,-1.3945262,-0.12716159
0.084183075,-0.027281605,0.19862387,1.3486694,0.59749633
0.7276107,-0.24287161,1.0205911,0.18019296,-0.5577915
0.4320248,-0.013171993,0.93661547,0.84010774,-0.71210724
0.8132331,-0.5985468,0.82499236,0.16146363,0.4742449
-0.17150494,0.17384353,0.4180582,1.6630594,-0.16423693
1.0833356,-0.54354364,1.3617651,-0.1635754,-0.5933163
0.1748986,-0.31907973,0.40710023,0.7244076,0.48094124
0.45501223,-0.043618046,0.79831773,0.6471339,-0.4828854
0.6733158,-0.5626815,0.92566884,0.6617916,0.06894671
-0.5662628,-0.12153562,0.5257725,1.3164468,0.30602995
0.6205217,-0.35108027,0.68558985,0.4030035,-0.029945351
0.66105294,-0.22201237,0.622752,-0.16767256,-0.13299885
0.5592624,-0.19490418,0.91446686,0.8022773,-0.35177344
0.58124596,-0.5184763,0.7129315,0.9122654,0.45972866
0.23159924,0.039923824,0.9100694,0.9421592,-0.8050125
1.1473386,-0.6182831,1.2520633,-0.45832926,-0.24273401
0.0509843,-0.11153396,0.28534076,1.5256205,0.34645
0.7381187,-0.22496876,1.104491,0.03435124,-0.89321274
0.12270407,-0.65246284,0.114126645,0.514455,0.56080556
0.0453066,0.35879675,0.4876292,0.7347066,-0.8625157
1.1721573,-0.9008497,0.74043226,-0.2892893,0.8754205
-0.23297581,0.3093249,0.23808372,2.0527875,-0.18356022
1.2998104,-0.8005518,1.4864272,-0.22060524,-0.24056989
0.047359385,-0.12892184,0.024743875,1.0629891,0.44895124
0.6328021,-0.28129992,0.8106239,0.50295424,-0.26427588
0.14807597,-0.294587,0.5450758,0.6359557,-0.06293271
0.24029353,-0.5461233,0.4117491,1.2193561,0.31134605
0.1481398,-0.0028365478,0.6536548,1.5253923,-0.4884141
0.8291872,-0.5677503,1.0486379,0.37923682,-0.22217742
2.9501166,1.4553314,-1.2294728,0.66554654,-3.4259992
1.3820332,-0.61651164,1.1851633,-1.4765521,-0.30461988
-0.53132665,0.67843974,0.62477916,1.6562104,-0.48710388
1.2666342,-0.8156985,1.0962873,-0.89622223,0.8091364
-0.41510782,0.58646506,-0.043599524,1.6053942,0.15314278
1.1889701,-0.6405419,1.0702242,-0.35743636,0.50012535
-0.20768401,0.35543504,0.42859656,1.3024932,0.028151564
1.0475821,-0.60669595,0.90202135,-0.47992837,0.41319478
0.1997911,0.29206577,0.8607082,0.75944495,-1.1014199
1.3231621,-0.72385967,1.1124926,-1.066877,0.13658082
-0.17851946,0.42933527,0.11362948,1.3838661,0.11200883
1.3885646,-0.733518,1.233204,-1.3200121,-0.16480389
-0.06374755,0.40248695,0.30107215,1.2960337,-0.30404687
1.1542143,-0.7068008,1.1543448,-0.4763741,0.1405772
-0.22524908,0.3024918,-0.056045003,0.83059555,0.2825262
0.7074033,-0.39718565,0.926948,0.4187588,0.047837846
0.5748811,-0.15093026,0.40687826,-0.10276507,0.22261086
0.3033528,0.13481441,1.2149018,1.306024,-1.0822228
1.3996221,-0.8203238,1.097828,-1.2223096,0.21156725
-0.013478123,0.38824382,0.18910417,1.2071471,-0.18032354
1.0581502,-0.6074303,1.1391898,-0.1514983,0.032576613
0.4266688,0.024560131,0.5750833,0.009292256,-0.44402102
0.48167965,-0.39289173,0.8946121,0.6441933,0.26832715
0.42252943,-0.09872373,0.36897275,0.50338894,0.33605805
0.557321,-0.13104853,0.89183235,0.50566274,-0.40126398
0.7516596,-0.3690022,0.5079415,-0.13041256,0.4819118
0.054196157,0.14777246,0.4519128,1.574574,-0.032789655
0.69958645,-0.5279129,1.0975721,0.33467746,-0.08390502
0.16558972,-0.12468275,0.39202794,0.94605374,0.13555494
0.48395523,-0.24785933,0.6725968,0.5821556,0.08167564
0.36355194,-0.20885405,0.36916697,0.96517056,0.52364814
0.3179789,-0.46854195,0.104152255,0.7532628,1.0566815
-0.44844678,-0.011522137,-0.15402052,2.0903466,0.54388237
0.7500411,-0.3934234,0.915921,0.32626283,-0.060421146
0.59203184,-0.123912655,0.76665163,-0.12882327,-0.49505427
0.6916419,-0.3063577,0.88666934,0.4611624,-0.16159919
0.3268985,-0.34849104,0.54651463,0.9566812,0.29662153
0.6306417,-0.1666039,0.69609535,-0.27627397,-0.3626226
-0.13687924,-0.28944668,0.7450421,0.85617775,-0.114998765
0.25922546,-0.142948,0.50186175,1.2263781,0.12566254
0.76049155,-0.2405065,1.3659525,0.37809402,-0.89277714
0.693169,-0.48627076,0.9216134,0.12656595,-0.12927559
-0.3267655,-0.07227834,0.5562699,1.9818474,0.22435409
0.6641722,-0.3736728,0.93969303,0.3600669,-0.1604281
0.42580888,-0.15808043,0.5462026,0.82966715,0.1276538
0.665698,-0.3561872,0.869327,0.35356218,-0.20375124
0.33563408,-0.16377863,0.41560918,0.96896285,0.30896327
0.80086756,-0.26814637,1.0516831,-0.37803626,-0.7511773
2.5130327,1.4261657,-1.5495127,1.2459984,-3.3362796
1.4646915,-0.56214267,1.705904,-0.5611616,-0.87848306
-0.1312128,0.16869369,0.26917675,0.0713575,0.17998174
0.80660284,-0.33327755,0.8404457,-0.69189906,-0.06617198
0.3897625,0.06805722,0.84931874,0.43927217,-0.56646353
0.9538613,-0.4769009,0.7716255,-0.49258572,0.45758268
-0.2855396,0.2061111,-0.3549817,1.0941103,1.545964
0.5931321,-0.15549836,0.87219787,0.571538,0.08871769
0.40543625,-0.10443147,0.9535626,0.608678,-0.025871195
0.467931,-0.18678841,0.6961429,0.5813806,0.1268388
0.63205737,-0.13401446,0.95362604,0.26597178,-0.5019944
0.6294138,-0.27334628,0.5643819,0.35982102,0.5413129
0.38736674,-0.14296469,0.4723542,0.5739219,0.4417519
0.5911031,-0.20398793,0.5653145,0.32780296,0.26205084
0.4136674,-0.080270134,0.49993142,0.44603652,0.0014923736
0.7914473,-0.23746666,0.9837185,-0.39020187,-0.62083286
0.61883694,-0.21114048,0.9622029,0.5125412,-0.1641047
0.43438676,-0.08823808,0.60656196,0.65041476,0.07407787
0.8224193,-0.40097174,0.5704152,-0.1715986,0.49124417
0.28011504,0.116289295,0.5085621,0.60878223,-0.29243112
0.63128257,-0.3462523,0.816604,0.1756847,-0.009259112
0.19076511,-0.019285046,0.38795948,0.48850304,0.13114372
0.5372325,-0.22088227,1.035937,0.6270493,-0.6120744
0.6603983,-0.33748326,0.55620533,0.1873094,0.4321058
0.2530183,0.075984634,0.9306846,1.2504044,-0.61767393
0.53075,-0.7034248,0.81310743,-0.019887496,0.42010114
-0.40960285,0.19990745,-0.36355293,1.6268104,0.80744845
0.5836054,-0.18588004,1.062962,0.6514238,-0.81303984
0.6068194,-0.35138306,1.1286459,0.28185493,-0.3940361
0.18691114,-0.2993172,0.57910085,1.1220509,0.2849107
0.5072293,-0.46125588,0.35543498,0.45591062,0.5482988
0.10494999,-0.15222725,0.054409407,1.2764468,0.52739215
0.6412811,-0.10915216,1.0728618,0.014728915,-0.92611456
0.67775434,-0.5394142,0.7591529,0.64411855,0.43401757
-0.04757061,0.26356044,0.39390108,1.6365606,-0.24127686
1.1391,-0.72562635,0.8476257,-0.58074063,0.4123115
-0.7306557,0.4112083,0.21927139,1.9621052,-0.2144016
0.47064844,-0.2586263,1.542299,0.35951418,-1.287005
0.23028997,-0.9407419,-0.2704924,-0.7397629,2.2194798
-1.4988168,0.33062044,-1.1425067,4.1100793,1.2807645
0.9335813,-0.8045548,0.79774296,0.10957934,0.24290904
-0.037353,0.01610104,-0.13829932,1.4692811,0.6712823
0.29872528,-0.1908916,1.3320079,1.0795391,-1.1558826
1.0358287,-0.7709664,0.9854948,0.003147494,0.30785182
-0.42851225,-0.12304958,-0.105506994,2.3350081,0.46237937
0.7680956,-0.2835625,0.92162305,-0.079273745,-0.47461867
0.44545677,-0.2041882,1.1688673,1.4355439,-0.5517943
0.66617113,-0.95006883,0.35624358,0.49041688,0.97029114
3.0464404,1.3854676,-1.2580148,0.94827443,-3.7560842
1.6113793,-0.7516259,1.3177799,-1.8551335,-0.4657314
-0.8367947,0.6478578,0.013732692,1.4271647,0.335912
0.8994625,-0.629279,0.7140362,-0.4719504,1.1084995
-1.2463552,0.5333192,-1.7149715,-0.23945455,2.8132236
0.083976544,0.48792186,1.4692712,2.2578564,-1.4325018
1.4321212,-0.97605884,1.3383,-1.188777,0.32239398
-0.30691984,0.25316063,-0.8608144,1.9229116,2.3400874
0.6034611,-0.22471604,0.5110145,0.3225984,0.32560128
0.44777367,-0.011369549,0.5995434,0.42213607,-0.10776485
0.51208216,-0.20787653,1.0053287,0.3041346,-0.2901339
0.651858,-0.19740757,0.96700126,0.3594001,-0.37981632
0.22861645,-0.22001204,0.28660688,0.7665476,0.5644554
0.15382627,-0.2752703,-0.20981425,1.1354989,1.5689423
0.31634542,-0.034288727,0.18096384,0.5823798,0.47789815
0.7632991,-0.26154932,0.68420875,-0.4049796,-0.072011836
0.099498846,0.15513006,0.4380098,1.6062204,0.1619635
0.9525545,-0.40501532,1.1562984,-0.2534514,-0.5511297
0.59428865,-0.21552977,0.61832005,0.26357013,0.105690174
0.39585075,-0.30015883,-0.035623413,0.5920474,1.2673329
0.024943985,0.2423245,0.23178765,1.3511065,0.096045814
1.0452702,-0.5283969,1.4746069,0.18003757,-0.5950751
0.2000477,-0.22865471,-0.03478877,0.68699026,1.1230841
0.30753598,0.040202774,0.6801907,1.0332881,-0.3017989
0.4669309,-0.21586594,1.0954758,0.5747933,-0.75053
0.9005465,-0.35116133,1.0771058,-0.3196079,-0.47522193
0.44314614,-0.30380902,0.48819488,0.8902906,0.5829498
0.33511212,-0.28869328,0.5050848,0.83283395,0.010493718
0.41629723,-0.40698227,0.19175759,0.7620256,0.9408663
0.19378045,0.15790048,0.5367599,0.78933674,-0.47983626
1.1095799,-0.5542796,1.191508,-0.4834689,-0.24729735
-0.17816773,-0.011710487,0.22159299,1.0849403,0.5028011
0.50625175,-0.2390736,1.1884452,1.1579006,-0.4264807
0.8851331,-0.5496281,0.8900532,-0.07020216,0.122717105
0.041392542,0.04311148,0.37846017,1.5840646,0.02723544
0.7862377,-0.49648222,0.6869675,0.18273427,0.1826748
0.50335157,-0.26557145,0.4941699,0.62803084,0.27715132
0.34392658,-0.064925514,0.9724168,1.0028712,-0.6576109
-0.17948201,-0.89960754,0.16389328,-1.0456438,0.88644165
-0.65738386,0.5607254,-0.4412909,2.8733592,0.5755392
1.2013168,-1.0719055,0.97472143,-0.17841409,0.46535245
-0.31836537,0.6020147,0.40838844,1.8034192,-0.9535645
1.6459073,-1.0400933,1.4421588,-1.1967982,0.018579803
-0.22444674,0.19972149,-0.34141335,1.8609959,0.87547064
0.9860512,-0.5058592,0.9321518,-0.44360662,-0.11743168
0.1593112,0.0143248215,0.73767185,1.5861456,-0.2503145
0.787746,-0.82565725,0.94064146,0.14367647,0.009600066
0.059289314,0.21685186,0.42301622,1.2738564,-0.34016287
2.9657702,1.3798314,-1.2479991,0.89237756,-3.7198284
-0.14313272,-0.49940285,2.016836,-0.3245784,-1.0350875
0.011369325,0.17032447,0.061837398,0.47919542,0.7937611
0.4446244,-0.1277369,0.64452696,0.27441198,0.31034955
0.371882,-0.12200054,0.5134182,0.47747236,0.36489952
0.6704094,-0.20107207,0.6559362,-0.2088999,-0.025223859
0.23579869,0.15097442,0.91917855,1.3015786,-0.3691841
0.7717005,-0.59658223,0.44517052,0.24722083,1.3774103
-0.20537463,0.44907632,-0.05483494,1.2040275,0.18347684
0.6999745,-0.30564246,0.83839136,0.19340695,-0.1665428
0.3330581,-0.09538349,0.52715075,0.60422087,0.15776834
0.7979899,-0.25085148,1.016196,-0.13052468,-0.5107589
0.44562575,-0.45009312,-0.027856806,0.576119,1.7553674
0.24827436,0.17924848,0.47126588,0.44714588,-0.43007606
0.98134106,-0.43567595,1.3823719,-0.2644683,-0.6922429
0.51136744,-0.24482903,0.4842793,0.27644384,0.5788186
-0.46189877,0.05448643,0.7423128,1.0684336,0.12571958
0.9532204,-0.37547764,1.4739013,0.13614698,-0.62959826
0.5159687,-0.2456325,0.5118152,0.49785787,0.34550017
0.30290845,0.16405407,0.7275044,0.94647664,-0.7367432
0.97027355,-0.94834745,0.22477755,0.20299782,2.0934956
-1.0259374,0.69263995,-0.63369554,1.8100833,0.2524808
0.713643,-0.84851444,1.4004221,0.2564714,-0.6867713
0.28096244,0.18625322,0.71320385,0.40847754,-0.92991215
0.78299457,-0.7910365,0.6883305,0.048747372,0.57001
-0.29294965,0.44392648,0.19878298,1.9993179,-0.21635312
1.1878899,-0.67393005,1.5040164,-0.16754077,-0.50526905
0.38670334,0.0006562844,0.50906265,0.31893593,-0.20488343
0.67190516,-0.7435912,0.08902221,0.7251118,1.8218969
-0.28903934,0.4107696,-0.07015524,1.5150815,-0.08349795
1.0403811,-0.7566446,1.3549651,0.4384185,-0.100549944
0.2483432,-0.0029652938,0.60974085,0.7636031,-0.559017
0.7396558,-0.5283564,0.88568693,0.45563525,-0.04984943
0.41345462,0.00015798956,0.79282516,0.5414534,-0.6696285
0.9930194,-0.513696,1.0741664,-0.25823307,-0.33097225
-0.3926486,-0.48761067,-0.057106145,1.3946686,0.9576037
-0.18468407,0.36261383,1.3181293,2.5308144,-1.4106582
0.8772374,-1.0227913,1.239979,-1.4275336,-0.29491416
-0.292479,0.614031,0.36150625,1.6103647,-0.8121842
1.0813004,-1.2677544,1.2835861,-0.23997973,-0.22920218
-0.65703714,0.30372205,-0.3561476,2.597925,0.28140005
0.55161077,-0.7254976,0.48705447,0.6471614,0.16350448
0.08394901,0.19682947,0.3511406,1.1972809,-0.24637085
1.0651046,-0.5494326,1.38062,-0.021044064,-0.77248496
0.48442963,-0.23875412,0.32624963,0.33233285,0.37010068
0.78397965,-0.4352611,0.759936,0.15593453,0.07833698
0.37381962,-0.15873846,0.40099838,0.66773576,0.1101956
0.35509297,-0.35027918,0.42439333,0.78718686,0.3879789
3.7500482,1.743508,-0.54044026,-0.42573488,-2.6492147
0.37662467,-0.6595558,2.0003831,-0.017401267,-0.67715025
-1.5724655,0.36965433,-0.7834671,-0.6048948,2.0778973
-0.017434739,0.32938543,0.5115649,2.0995657,0.3797148
1.1151563,-0.48311886,1.3989391,-0.55563444,-0.6889328
0.3991352,-0.07410701,0.48993155,0.23231919,-0.04147295
0.9665172,-0.38783726,0.96797633,-1.0337771,-0.48118278
0.15409538,-0.073942505,-0.33772823,0.792952,1.6118947
0.43735203,-0.035178028,0.33414534,0.40593034,0.34553128
0.13799605,-0.094613396,0.69124943,1.2547671,0.24190736
0.8003744,-0.24798808,1.2218977,-0.06483041,-0.6862285
0.0150430575,-0.02449926,1.0667672,1.2248281,-0.07481206
0.95098615,-0.50645286,0.7305417,-0.22453128,0.5175265
0.21526209,0.022111572,0.11151286,0.9311482,0.59543246
-0.026032649,-0.3239101,0.35715523,0.18021066,0.34746724
-1.4865334,0.3198153,-0.28284898,-1.254186,-0.28202015
0.6914842,-0.083910786,1.0355554,0.46807426,-0.57075375
0.96954507,-0.42913136,0.98174626,-0.5048064,-0.2505513
0.4475396,-0.06823715,0.5453374,0.4594649,-0.14920473
0.8122843,-0.31794962,0.98693025,0.102746144,-0.3637323
0.58559936,-0.2824014,0.49313197,0.30663067,0.27322495
-0.48580495,-0.050260387,-0.2384192,0.33396345,0.6785274
0.5760952,-0.24639544,0.4115277,0.79937804,0.67992926
0.6151482,-0.13726887,0.8930113,0.18741955,-0.56951785
0.5729422,-0.3263944,0.6602425,0.18642427,0.049575023
0.2536504,-0.16159233,0.46232885,1.2840707,0.2453359
0.50627804,-0.60603553,0.2668931,0.87399834,1.0771474
0.071442045,0.16151252,0.118818544,1.0756878,0.1811027
0.60564905,-0.46368298,0.7634263,0.41197872,-0.12991688
0.30270693,-0.02300676,0.57431096,0.8995786,-0.040141977
0.93288034,-0.39042887,1.1368972,-0.2251489,-0.56670207
0.44382206,-0.58629686,-0.051743247,1.0619133,1.6929828
-0.09000566,0.11916701,-0.20894167,1.8046446,0.85557175
0.82911086,-0.33267912,1.122924,0.05632801,-0.6620973
0.66258,-0.26909766,1.0322003,0.5061584,-0.36094245
0.36907318,-0.77284276,0.21689656,0.9600368,0.8766115
-0.34090343,0.2538139,-0.31123933,1.7281911,0.70660836
0.9745431,-0.45871195,1.0285016,-0.3842184,-0.31642318
-0.08387985,-0.18772301,0.23697558,0.8487997,0.05817794
0.26665303,-0.6320065,0.058553748,1.452977,1.4084427
-0.021014594,0.11807982,0.12283888,1.7597175,-0.10876048
1.078479,-0.4773539,1.2506318,-0.7014683,-0.77044356
0.2299783,-0.1595181,0.26448485,0.9653358,0.49785322
0.7143853,-0.20141539,0.95654386,-0.2714805,-0.71500254
0.39351508,-0.79245746,0.20729476,1.1448636,0.9705988
-0.25765678,0.3705913,0.25383946,1.9892924,-0.43073636
1.250506,-0.8162421,1.5735614,-0.13240705,-0.4580982
0.05554674,-0.10667499,0.23268571,1.4998652,0.16485015
