c0,c1,c2,c3,c4,c5,c6,c7,c8,c9
613.2260977201827,374.48254023069916,73.25937329929295,65.03103549609804,375.3308820354025,221.12306237311734,408.1633408587425,881.0866578719764,708.5602000694176,577.6570303565878
366.3075008856075,680.6947885039114,403.67304276752947,434.31573448152517,381.10649971139185,449.9790026634343,592.0722756220506,-495.4014750933206,184.96154413860478,44.82090261154634
-393.46838886681803,-168.2074564788841,-44.49047441805567,-231.7507217330546,-218.17823171175314,-373.3972030645843,-500.1676960023121,105.35488303212514,-412.7600912802035,-268.81551680354534
72.5414807639395,139.69983284020773,-45.46517330028514,3.093960258177772,17.43776021695769,301.6136028279115,705.1640887605481,-18.487389335078205,152.1219436595923,272.2076549415862
989.1953459012894,409.0568487073263,296.09101096253636,273.0705884212218,350.80127258065096,450.5832125017579,510.3122244654085,840.852249327711,806.305952727603,716.0576220359096
-340.6330314159724,-250.4776615295889,-48.31841561819031,-239.13073542556623,-65.72121802046551,-468.15711279582723,-860.0953150367117,-285.02410814135754,-705.3863066677619,-563.4051430881804
-36.330092117302115,-324.3959216888777,-117.58432294391466,118.32998403608222,-152.06677057117696,-110.53316529601156,93.44002621282986,109.98735297299656,-211.2806117566924,215.9466971578247
132.3369453518915,557.8669037097645,-23.39820122795404,151.24377540099417,352.4899274210541,183.5452449258604,110.05518467965386,123.33714524902746,196.2181627363959,68.07318775003142
-178.66464299045435,-70.36136329392193,175.80972284593057,-19.208313618804958,-233.8692121538388,-2.5542887305200614,252.47141266797823,281.7428938215447,453.1654911576616,-134.22593420008144
580.246447596717,343.4681931787327,175.4787972651766,237.75033113528508,304.0693163534666,396.9226314365571,316.6786669965889,59.29662713713412,317.37588538869954,271.5530123269548
4.480921340366799,59.565862287162574,265.9770326826212,106.81898974831593,-46.09989262295615,-263.91040808827177,-433.01909431600524,-119.71583247459417,255.35425919659164,53.20992370346285
88.71435375844645,267.66866349237563,-66.36266192194967,272.19200771832334,439.5134000355869,366.8017367652288,404.61338269203134,16.500337917085183,-36.80316857013109,517.6220693191141
208.90559095711896,-385.60734043866694,200.93708547703108,139.48199161528834,192.7114208659844,4.951471347301544,678.6401105745824,329.73589535952186,-185.16309953301953,-53.46199288216536
263.21367101989057,160.98722788776058,45.14245618055074,74.22744294673267,94.44253026144655,-20.365059244714175,-226.6271743691481,404.9541486562398,586.3352080666789,-61.89529795480044
-203.42481681016997,-164.20648305293855,-332.53190131894246,-497.6053059706588,-222.94093191859375,288.1417523277992,-223.1735145222437,-243.43274430771766,-259.29532601347023,-313.2330133821674
-421.1896041439167,-348.57856359509873,-83.53969625788163,-27.5421742820831,-256.7182512106385,-507.6167409682692,36.05900321116226,-276.5055098225472,-562.399226363251,49.970462228336665
316.4914960331974,-28.624680167336436,10.141276956104429,-0.48994307324325476,130.39376517323421,57.27373603693048,-128.0489493013564,-351.78668354029116,466.8942254700722,-239.5777605669821
-226.406466831167,309.6535924607772,28.6983911887175,157.443967078529,8.312585002580349,305.9528108356698,391.15508893660586,71.71768407575675,-225.85819825624492,296.2321081499272
88.13124807994653,264.4736926614272,99.47707987427836,-190.42714284104355,-25.93921965243251,-281.7631399110314,-394.4509692335603,172.7358894952388,-136.04440831733072,74.68379419879457
-26.844321015670875,45.14690227140288,-114.18286266272575,64.00377131510098,87.30532565008868,222.75975527054982,-13.3316383576627,-93.03605310588314,263.01390520430533,213.03787415686358
-155.5683703441874,-102.40175667399285,27.19407884177013,-52.50403887557068,-215.06001914512294,-264.53672807636815,-237.22667270581817,-275.1176491113842,57.08130822391194,144.32078658135518
-3.568949416155391,-305.6092087249705,41.89997693398344,-284.8157382956384,-189.17986446888355,-111.21364289021768,-107.9991304137208,-274.7967116633264,-220.20824295815308,-188.60505497212068
-115.20963739687942,122.99017240040084,-393.54560117907016,-12.311478958832367,-76.45399462405221,-153.75382104012593,-394.2341847975471,-604.9721346642502,12.567748175809106,-136.1413326027397
-183.5647195157775,59.564419128849984,330.2293692923155,91.74423794830625,71.32932570262429,29.55382339400024,313.499703648179,551.1371877228091,-212.39608817463912,-200.67840134326602
133.09500973095473,37.48224142196001,-6.0628535186249195,269.49779120463455,-80.0252355338227,-70.15994954760579,465.97274257335897,467.6994340813383,525.2276971606508,192.49545861762925
385.8276417412658,-238.70175001619356,280.1901603990383,12.559591563952038,399.6677062076307,389.1891827127521,-58.395489937182056,-735.63069060324,-351.16602990989225,66.30471224256397
381.091762120273,325.96084160627146,10.0733298214424,116.362249149824,-131.45915977390226,149.41941354751705,561.876948542421,416.12271989854645,224.79518592981483,17.378896970562625
-380.2441929290193,-35.022467614314024,-162.00046147984938,76.81434406240544,140.6287198465494,97.99252404611872,-230.17422149080926,-136.3681319909104,-294.41883749154954,-44.20372904808714
-541.6239215076679,-360.64407767203767,30.92492406634912,-438.37869067910924,-461.76475986542977,-259.1552180610693,-621.6012008363849,-641.0763908819647,-254.3621992362006,-374.93237595907397
-224.5218889815613,-78.0466510215092,-93.07427964197055,7.115435426050538,277.44785729270325,-25.51176053054566,-655.6673445482037,-358.92523802741897,303.7670053210008,123.13209333415584
98.32404527175542,255.74531670676538,-47.530526528676226,-23.115485506958827,-377.5290034588557,-106.94068713417262,144.37059195823568,667.5792177538193,-287.7854307145374,-56.45725161120234
39.80525824893432,-649.6201667396158,-190.64245971377687,-585.6318213885768,-269.5006357246147,89.71029568697142,660.2778592088897,-707.3088495013151,-486.8057827319033,-444.6350752241232
-367.2161607506204,45.53738655212544,-59.233408904048176,282.10377737249934,-99.1193400804447,-101.62287696608892,-525.4979318121847,182.82384431882963,-128.85625418354087,158.47501822060883
390.2167779825832,174.3892240162506,380.9050598074663,-120.67290099660386,86.3485476576523,-192.57797513826452,214.6580757210598,-116.53049661516899,177.80202788875405,168.80367544144718
-173.7466984086173,104.39996243288893,-124.09979975533206,175.9226796488746,-26.384060427877472,123.63183243248382,-323.72343780725856,-192.0907089939807,290.75466917252595,-178.43353925026156
-10.297613932728959,-292.100738266443,-287.22136499877234,-147.5482286189324,246.99817964864047,-277.09821545958465,-153.42343758043432,-87.20727551095162,-70.65064254838363,11.448727637480847
557.3709324909161,367.1712582373894,275.56070967172064,45.2901609513046,51.62376038387973,271.3368863138999,534.7647060724844,228.64870089932836,-474.9189106856825,203.00719288171132
-150.2037178855481,280.6091982731963,229.9094852475562,151.57793585310833,139.47599546880446,-61.327168814769344,552.0304477469102,361.23250167395355,768.3252826320762,170.9625315774489
168.01840927493168,-71.17778755027835,-278.36750435161144,162.78563651062612,230.58351985998414,85.52825918378974,-521.4440446461208,156.0312702973103,-121.59747147445995,230.39791143031817
216.75491228449997,-64.43305709591594,289.55775538051927,-34.01936177751552,-175.78964037312824,-72.18159094154798,177.92761940603364,563.8937489457003,-144.05505976158926,11.698771236210362
221.9321470486202,-20.510853391546156,77.6339949848628,53.68988931457714,44.22882680506506,520.4408340690688,-25.958990931402735,18.320011791358954,477.93901970738267,-99.17477830875613
-289.8351713747957,150.35284874076854,166.07578949618642,-61.636457467958735,108.99822973676399,-407.2737370163822,-75.89736027449794,-350.17022156336463,-177.30169067348456,471.50855658292664
99.96614139679532,-59.937396185261505,-390.65683645534233,-114.43277047636019,-220.89904786773172,266.1076850783457,422.31303402856275,-328.8775386467798,-273.4472544713761,-159.50667628553649
-38.00540507776586,36.04667744814161,173.6805603602102,-175.82955839210112,-44.1144609278521,-383.6264079637063,-298.26080763027784,-403.5757717069519,-421.0967104401719,-145.47144713097353
-345.97825382858554,-698.1894275249933,-194.59503040572082,-68.62083412186406,-215.82085521122005,-452.17925706536647,-744.5712919265563,-352.3940050185628,149.89934564684623,-107.82661932937663
14.421137165576573,293.32368345539436,-44.47653638678415,47.74384293698695,209.1721798627809,766.464337362352,712.097049642928,-95.37108268907342,-238.6425428078201,-39.61437621785996
48.762087640353926,76.20551505983059,361.81564860037025,29.492159624957868,224.25376536727626,51.459477959557304,160.52262320846665,126.66051520823724,125.24714146139192,168.8683304238597
251.7023536526611,-89.38623869464413,-120.30650070621155,105.54634851959615,49.49409120124122,-150.71273561439094,-374.05286690934076,762.366202651945,167.4252828615802,217.2667593481127
413.85152775958625,392.76326410544226,29.44880812622628,-45.70942418934797,-193.31073624230012,104.7001389640014,551.9850390372101,1.5989767297606061,-31.95304174297491,65.57468087535634
-392.42197244609724,-452.7037776902768,-493.65435047115295,-417.7127530976712,-41.10374879512336,-479.09145387258684,-914.0053008428237,-210.17193085004442,205.36902996970204,68.83680488094087
-19.646077831872347,147.03823018869096,402.37722883412346,368.62457388287265,96.58559986784236,230.57751756815344,1051.2636576072427,-18.615617451709383,-551.1678679714037,-86.41891319909438
-427.28223533087237,-181.20452164555826,-51.09935017853726,-197.25059702702762,-226.29805233500235,-318.4939150743638,-950.4231157256888,-52.43668048865869,98.64983947132157,-596.2048823293396
547.9696866859165,276.3584178679214,-243.36715130072503,-1.8086819217540573,200.73243763305183,256.49390690628775,158.8825634484186,25.841638223850097,142.37450585941056,288.72454969908165
-393.57762524736955,76.9321871569483,501.980535458767,405.32600743619537,265.5779174837211,46.135591478051516,532.7074913762197,-26.267827052535065,767.1228210761934,547.277994532063
442.17125247395643,78.25807106217617,-75.83186183128518,-305.3902745786641,97.58236684867383,369.1880367662988,33.709159999433886,285.5105665887444,-69.46565314338316,38.516858260515285
-146.6133439559329,248.23959357141413,-73.50433067066733,-190.73539954352768,-173.35458920287093,-158.1444045150678,-310.3429085744537,-275.12847483977026,-469.24082614058796,-141.9026861214532
-48.91348491474864,-252.5495285413624,100.31017074817744,247.00081003117478,145.182743856853,4.054527931858913,124.87053958870763,369.4791990699001,70.92075767404422,135.2626981583855
171.97718321172442,169.0323985322621,-52.70212679276778,124.83925944973291,-117.63056532101427,-258.301781259273,-81.12188588840472,252.14676947330278,270.7718112650415,205.5189518658759
165.87782810117469,-92.08613371870196,-22.318268977774384,-147.879539649795,-201.6711924193858,313.22016731663996,436.5994333656126,189.88207058586173,92.01313553616791,-432.6390969580623
-141.77570553157145,-366.3048537525475,-128.61285383024043,225.76037565853213,16.743926042692372,-90.07815902189171,-537.2112012179867,-673.6580912716585,-476.77143079179115,324.85317640883363
-180.72229161667516,118.231547550612,-10.235133157243666,-179.00164481865085,-28.18480929068821,42.47215418941049,253.81356801552417,160.40215461858406,-310.3713403359513,-162.37194476256343
-60.41735945338688,-396.6839999915477,0.23735303266264218,-247.7344410375222,-165.8021465812824,-57.06137156195619,-637.7664612387796,349.96366329692563,202.18089049528425,79.69569502093663
-64.3353922854157,368.1507900813028,-177.86913195069602,34.46067768340424,-151.65591978672143,-211.95541295814294,214.95478181499377,-658.8548500281476,-51.67526558648055,-95.56144588722759
-59.317007859353716,8.267165767072614,-93.23296134003829,190.1821116616889,204.75271502351765,-60.30101917640728,-356.01463559200164,203.51990345989705,421.8774701278034,-110.73828141722375
127.39774370981145,-89.7101090835652,-80.23666032445234,-125.24639636734992,129.01159852347914,145.6740741184877,317.09346512090804,-44.261541254282655,-225.18449877341558,-71.76567060489454
392.1804458716748,-14.591334057058173,94.28905051418644,255.4882115264031,10.121074079291787,262.0854062122307,799.4748437280824,514.1155889033126,441.2499861924118,182.8532117322694
-614.9476078304137,113.48874677941907,37.75088779975703,-35.994802292577596,-28.974805266726815,-300.2143892709494,-224.46821600523842,-397.72093713571707,-523.8117511594643,-85.92734951378041
77.23202192861912,-7.201861176118165,26.967588611011813,-524.8497708600024,180.7709295474643,-96.27798519455489,-405.4364335861107,439.3249422252047,-23.927369190842292,392.525938905687
-147.68142333072225,120.85302041558053,69.92574703777443,218.84494179264524,-243.48789380205744,41.18586757805713,73.87845353944554,260.3681345839067,-227.00580618179765,-174.41459027261607
367.52006444664767,-340.7332344789092,199.38494117673233,225.51639761359232,43.31859375554843,152.37065401586096,168.99755950366762,-37.62218104697514,-136.43081045923392,75.8664235273947
-413.6032560107912,373.126965886849,144.22432608390596,-252.89080020059535,47.11726184059129,-299.92534878939426,-28.63757543865423,-40.48631914568375,542.3042387722638,-179.0716098611171
101.3132192230885,22.540809169050846,-103.3440769836903,229.4832149376574,134.07380458232038,509.0935175953648,264.6628040804084,-312.28311205603956,62.716333964980805,82.97250811909396
133.14229421248433,141.87028020264256,359.80076849825804,191.71587561536035,274.67856865302304,121.86069932828765,108.04927809390942,505.0856338760786,674.7597862364161,223.69494968792063
170.54759434628642,209.78381088766713,-92.17282976360652,49.664054347646164,137.72878409762217,64.98166464682882,49.765442045088285,-240.96017427834195,116.06872190578045,9.340783733804829
219.37781341673335,-141.54148104880045,47.152516880885216,-58.52482076254026,-110.9586756543943,85.50759835098192,-208.24846516372887,-408.8899346379145,-446.4269211200129,266.29860575858896
175.20009494756587,559.4032260264523,-42.0993691453499,352.2408010946345,-45.4946575914837,78.18301994182305,433.3625851983001,803.3258040727534,-22.924565809331714,220.14581019359377
-127.41183430962494,-466.3420565911831,103.7890320250195,-239.42539404417298,197.66360478695753,-77.45140922483309,-512.740879570711,-333.1402215495829,402.487622605337,-66.44151107212174
146.91808198624176,263.42763028640604,45.88105755596635,100.95809229976429,21.60096532002221,131.33470454086287,677.6830161745157,-79.99906910822725,-87.28111219296447,79.0240654107437
-420.6342589326132,-206.78966688157658,-280.9271348656225,-531.651237788625,-423.5609039174302,-268.34779805631507,-1144.7798547681186,-449.0675588800602,-383.8698625973218,-206.2870380423506
303.6397052317728,99.93714712596383,282.7336031984264,465.84622535444294,248.13086551945688,357.4447700987014,873.4910390509772,552.8253915272102,463.63984755021943,276.44753156080304
750.4726176721769,520.7839651628975,388.69103804675365,99.67353944732601,509.94402681720874,202.24292484701618,467.0876598442499,449.95082783419184,-47.42417831148379,62.93036844245339
-187.7665184016671,-103.45354332913791,-76.35874100649183,246.6827563126298,-239.2068729045175,-197.82273196807859,-214.16718249665138,-224.40332692874816,388.5794092141625,-134.74065413948807
-324.0576689328142,-52.14928291631874,248.6820401566224,-170.558994601785,-104.84506770643999,-353.14011790904584,-877.9761326287626,289.7487504962493,-646.8494869758794,-52.68053939558045
14.964678352071646,91.42893745092019,-349.9253884995715,-16.56110601217339,231.98143211913623,447.41896711591363,764.3495458369197,-486.4133513613853,601.5251179117801,70.08741134100462
433.27383980092526,-78.39638049451028,166.711382963306,394.5461478646017,263.6309189088686,-66.6614244037668,144.6984199377002,92.94365115979812,225.9839064334327,-127.45150198938947
-256.01904947266905,-211.1729859947643,-20.05661107766525,-142.82767935483042,-295.0207791012645,-28.325984490250065,-97.36533167843021,247.73708573052807,-441.4100334173477,55.84364459069693
353.81915095916145,183.17505760116885,171.50714364744096,-286.1080366084564,199.20259331674524,-78.44138631613964,-66.58001468828174,94.96951882444664,503.34723544302386,-87.40983131993976
-401.81568868928554,-293.83178957097965,-182.01358057445398,-95.18359909464728,-180.48124557206708,-365.5565760923131,-584.3957597550241,-197.7146936521985,-425.7312618761327,-250.24894186660214
205.99234941793875,-335.19560265202585,-1.1741146225454882,140.30629856149847,234.3123539657773,154.78383296981497,526.4623985465911,-463.4432493851666,-117.63506666189679,176.87377070608187
69.94975595531025,469.80696809154546,204.57433648122475,414.3044294704507,235.23280715375336,366.4746419868163,412.60325917823315,-268.27574735044027,520.3212095440248,380.23226694638106
-10.245886586612169,386.0483085268638,127.31232007741006,3.768290663885662,1.8262935860731602,11.693594194399193,-328.5929296941698,21.02414399632393,369.69088552337666,-68.67166629498995
507.5041818220444,236.1892089958977,296.2090113671929,452.9243415915711,332.19039836483586,287.10078602923954,679.9015565319806,842.8823619591027,169.47577879634298,517.8002301646707
484.15539722912627,50.71764722789545,368.85383366143066,77.4298925537468,319.3433491337701,418.73011339677697,96.72586719925876,-260.50768510521294,289.5652773255168,120.86800837658922
-431.6060495621378,80.14679986812617,-102.88654112730305,22.340699164332307,-202.07201955353153,179.23062326828418,22.692154054676603,452.73783548291027,-540.0860507802836,305.4001598389375
336.3252376377259,461.1196885891384,41.42150239279879,185.95350073092754,32.266998060602894,-118.41870651958433,194.36549834957714,254.24129338963814,778.0380229080702,-164.8162057815633
-347.3816035580781,-626.3039204247774,-360.7381582350178,-539.6385614384726,-561.484421954416,-184.64029244841626,-42.69986051155697,-673.5958257580629,-902.8423333190105,-515.2848694895089
33.613468578867156,516.1440177995328,284.07585876980454,119.37776147391111,527.4147613465947,-11.793714683942712,-494.0190697629931,-38.543365650108626,694.0436369507484,513.722642382138
-7.463031487362264,-444.3344387911627,-249.38009557879616,33.67231747447637,48.39649028937424,-159.44986866058102,-306.264543849038,540.816872780186,187.26840768586322,23.33257769120017
430.2162080420111,632.203921486214,226.83890716876954,31.348877877291997,138.13473401803995,260.9263766511841,1081.785211586911,-14.367613834369648,-380.9669928756017,182.6395494806568
-389.0017519595514,-405.1251452787906,-212.5806870061719,-117.13597732548654,-106.7537004016784,28.37061445554658,-821.5845561729169,-787.6386272877638,-212.03534195698947,-288.980213393661
-568.0256127709084,-372.01752479621246,-346.4952977709991,-204.67861985387538,-232.42336767949328,-617.7776659284402,-394.6804785696692,163.5196076476545,-358.9075229493697,16.677920284433597
862.1403919367559,-148.32681534345397,369.0557496366481,33.57834823563428,312.1646458653926,306.1191833065967,683.737346499334,442.13323005380374,452.5921966869006,63.15140105942907
-11.206939082586088,315.8831662309036,262.2399336216294,327.7471472019954,-138.6172763564106,90.8509848294552,-43.78757138773902,60.874656653893666,-238.63254151367218,19.654292469411757
370.02794965622655,227.67839915357882,-126.57253957443329,149.66887211024383,37.14166993857537,299.49127256517517,304.9527377234858,-304.5889012364482,658.2740810859952,328.80096134662557
416.78719373813675,461.14126584138904,175.411549467684,29.045788189726697,356.3994981436884,364.76422236903846,381.0806587902318,426.914023616509,419.29959440304606,240.31688103511104
-217.7485811973253,-245.73117252283168,-111.79973448848007,28.0158298899042,-41.363777035709255,-167.7055930111259,-666.3505409232795,32.13626492297923,-184.46874216699615,-43.4811609323954
-3.0543435887004113,112.69391200583004,-15.357888297374416,86.25037547335509,-355.4087269217588,-242.07467997004753,157.54288322940516,123.72753602399825,-390.6858407742631,-56.50989853490727
-142.50934164190477,-247.4710179896676,150.08876240959748,-6.950291460808175,150.02703679745804,5.200982720630161,274.92317041402055,303.0794258336976,-171.17903866540152,-197.02793656206012
205.39609037404185,268.54048920630856,-223.88341665680235,-8.8244923033048,208.85697271301288,-161.46698400515677,-178.41910660031897,201.9623242164182,395.9318601750425,288.00989554240505
60.7205243604257,438.1579838732295,229.8074691040102,373.3442200439578,320.7987545389041,389.98647528022417,376.09369874378183,-203.1083853710101,641.5376751152837,153.069516173295
-85.62921503161671,178.62813552807063,67.35480961864943,135.45319401112727,-111.7023101594323,148.1832182766032,68.17191411373042,184.2712309880923,97.0182949152327,-99.19016060379857
350.34479298027185,35.00528658062213,122.3494685290804,11.412804513323245,-89.3265959556424,-36.38933370484208,222.1551598877385,451.6126501281571,-177.40761048318961,-23.22923748301082
-187.103138502821,-211.3108417354652,-188.53465119246837,-200.65787986777124,98.2343848344023,-146.39785758928386,109.00629621507697,-522.4281187962985,-563.5895085975963,4.119623329157379
-309.0463810269721,93.98218486031092,181.88906683564838,243.83488884342984,-40.47991789534741,-95.21528701887988,-408.0737617704535,64.1190637114113,189.58530213143356,-138.33496401712446
358.5311941579871,416.92216862736694,35.800690701095135,-252.13145823006627,17.028884202418446,-77.50771678801036,-327.7815169007431,-32.14409191277792,-115.89947852014616,236.37322516249347
-88.33619465939115,-260.532702153439,2.3810441368821014,86.0494275586589,-182.6322182633151,218.93887201025075,241.42574529484756,-228.3278292416392,-20.459553619799845,-174.4950079594227
-15.446537082177622,-314.7063083041734,224.62991572078425,-196.37705467554218,90.9240039429771,-51.110288225868686,10.998370657134846,-92.61332990211937,33.16546309299546,-92.95420033421642
60.16214797589953,203.22854341847324,-128.879811255408,479.4346457396198,66.1477412493437,342.9966092962873,245.70728749436273,425.6261230986439,63.60395544942009,259.2374263717321
-388.5292792012779,-110.14912891895504,-111.1215681782483,-632.7927138905709,-411.0190479643411,-240.24096360353033,82.44811395834492,-85.56012102247512,-36.890385816565946,-136.48304719528542
359.0523489449459,-0.9894449133145032,-256.07060051644004,-6.621204724493276,139.7348886912207,-143.79782690389536,-558.195474984728,-450.65257515143793,141.95167423588111,84.83478136375953
470.227567719182,7.732655484658021,249.98160140746535,128.80730887192573,392.8629238019206,106.66333065252331,542.7119639555765,630.2710184464275,136.0081742129118,313.3682715600151
-203.5075972481335,237.8455483586339,40.898505451142,528.1672397842177,242.78491887514716,191.0240768321772,109.88461375762935,-140.51838692045646,204.07652014365797,73.83893369812819
76.00448661557834,338.0979090918996,196.9654416425945,312.1641993103137,69.86302137413246,-32.10530653328236,75.05693808740912,80.6279050897458,-374.4806121295796,130.58714095489802
-6.4036888415170425,-282.2177229999347,-308.2900462792069,-182.67671392226896,146.0083589735384,36.4860533018572,-174.33801230687743,367.5528253817769,708.6724337791818,-16.70443056420455
-200.66947936059296,67.66717358313458,157.12212873064627,-105.79537011202245,-254.2059672044907,-47.55351789613406,209.50697125228115,-219.95284607591245,38.012113675341084,-68.272113584082
171.49173330431574,-226.33497456817742,-51.50111778340394,-328.6062793636288,111.97095391745388,148.25944840509203,160.88509052516017,340.47842779140234,-618.6711120625232,-193.0108031549216
-281.1756567462848,-157.58041550791702,79.14200897700297,2.6845600082403593,-328.8406077367274,-46.955632571989604,24.20024359872918,-681.2104165739264,410.7860621607988,-35.001264734139326
260.5580723220666,273.9473874993986,-82.81137138141216,441.9889852890186,396.18180994903753,-164.77370096197924,-104.89370893330167,100.75082239382701,231.40363852699855,453.9866498792863
-232.3363292795384,-1.714259099254455,74.24546114779324,-189.6095103658591,7.457784739810695,-201.35014292441141,-189.30485614299866,39.32781374608849,-230.54855337752218,-157.36939338029273
210.28484333404427,416.86360937515275,99.41520813158188,-22.20821706972616,192.01393684629036,168.84328556313486,193.14863460407668,314.4915532727526,-363.77317442383634,90.87346793707917
-208.92842018319809,-33.58404547879254,204.91490749186391,-141.02973695708417,-142.58850169932833,-40.54142774391541,-562.5241580827674,278.49244145844693,645.6643678484132,-89.20284465513244
112.1214496910271,-122.09789401468234,13.695599389490683,149.82269455565134,293.3260071605478,468.73817816931904,635.0977921029021,-248.2141223251894,-212.05022976596365,510.4298987003478
349.79758599363555,229.01589358673135,48.80633384621006,298.5140313694061,121.90357091545319,119.58876368850324,187.48106662235855,89.0445793237326,-72.60948928887026,186.39034120399518
-80.8103616333417,-53.73590465266757,-104.04214501582479,-29.353003404788222,-222.4705277410701,-376.59767781467946,-120.32588506860566,-41.81355400851422,130.7843776657508,-285.36738589317576
216.49447291460058,-91.21539832129588,239.68622942420575,46.65597980379008,64.81149007009263,113.07267634075014,-300.362799694709,129.88816132151624,140.54354323475118,-2.777462310788413
-189.86977993374464,70.65516241673959,-68.64342092389053,-243.50357299482488,-246.1563255555525,40.23499481639253,309.6715577558725,251.96238538221894,-52.440441734692456,-3.502763230057376
273.4624871676942,352.73930439286994,167.76360507993587,160.43511816946332,416.9575261121023,-162.5185723956681,-49.6152548556182,512.2186079954189,78.03482420654608,242.92628352693663
-29.986783708911453,-115.13836442254527,-88.67430384584912,301.19448497087365,-372.3546878404284,372.4489256677861,681.5584980618623,-600.2220059590476,-71.08182542792453,-132.73250249924504
327.9467385923452,-253.44364403583427,89.36392443821887,-344.5080868906091,427.53566860213857,-391.9157555739726,-468.9080888140952,-272.7038400729349,-171.2564350597785,-53.15243664359326
-3.2771735514433895,85.72565960003459,79.68860045436708,24.770801599581983,45.27894769122341,71.09939020590639,90.93021667663503,640.2242536352252,273.1276350097012,-74.13986609491138
221.7718933318285,-189.88984995081506,-16.093975574245952,63.473787307912914,-190.2775338100314,72.299352002491,225.75989142273167,23.640382747943832,217.74648435897308,-206.7633469125517
-604.7423896679735,-50.56581712355887,-40.70652025969992,-202.88406911440927,-161.16852337310763,-136.40532499046265,-382.1223126791426,-899.2013301674729,-130.03224892155296,-194.2047289562565
116.70989891763578,392.8048845834145,-254.51333185042455,115.50672056249432,-118.32157550945283,74.40906821865296,-149.324953143686,-3.296053746226619,-424.495146324758,262.6804543516896
-138.10490953000252,-278.6986557830355,380.0172256959352,81.55445390283562,-358.3939977961635,61.27992262093652,-151.9176078349348,76.54520314000604,36.02386334474123,-20.612034692560446
-197.1104957840367,-225.8997091941315,-460.88540257568826,-83.96196072985131,25.392341982395063,-83.16913202204005,-26.37987444213628,-524.7538419258292,-172.8113481310841,-284.57566887857996
-15.345462766884333,-521.0447546192222,41.40454264265341,-74.16769705556267,-195.35826332455568,-61.20163424681827,-310.4742663580298,-171.85120276617624,-525.6889430467911,-101.25380618260367
-384.65685951291954,37.09203338144229,-56.95000874788455,-479.7128626989202,-194.96377126754655,-152.41729248340854,173.57530425789903,112.10367089193358,-137.30067700046516,-11.124126087243706
-338.7482991612733,-138.76132663021758,-609.7985659243006,-100.47167101015748,-97.71034408035132,-209.62495795659572,-554.2985192157652,-538.1236337762369,-2.8050401096538113,-577.5530801924963
-393.2579138250361,-415.6554107718236,-140.70233092633484,-314.68544312552007,-342.71445984893495,-175.46499849841408,-216.0170939034313,-321.32841281641043,-986.5777895511188,-291.6358344510174
231.26933249232314,223.7032779026028,500.85584012596223,62.166796979296244,335.1000041840522,-109.53195439951152,-91.68514918760239,-107.34270436211133,184.89040893693132,151.88705804607656
-695.8806908372452,-290.4641183503977,-330.70123895967447,-131.6361053065123,-536.1107165829724,-55.263511623185124,-226.55997008948538,-52.61663953058381,-398.68009341636537,-456.8990430620635
-110.02646727527232,89.11037479571392,154.3580194114586,-205.65278401710134,10.000201140072178,-100.86304027198777,53.09170440205784,274.85196387110705,636.7213176650012,97.38046233818739
372.361335339713,79.4022363407125,-102.15130368710724,97.83183758062788,-22.9128185655626,-92.28481395071505,-540.4963406460228,-316.0425418711748,115.06602647987535,-54.6400926277365
44.108479026701616,-17.986796075167863,9.283884659256492,-248.40669557684217,-61.79744012803086,7.218970724265034,304.99452755128436,-119.86315624094546,-534.6307057411086,-241.2566791237513
-102.05917295679049,22.878875142330557,19.611670901632795,585.4314237652194,390.7999930963893,38.94585102665245,461.1333788801561,85.21070228837861,333.8769878434769,122.5652019195759
259.30817824541026,209.05645479648004,507.00966862073847,70.0259872779486,178.3844179076125,204.75749327639247,131.68592634103737,745.7681515062252,-26.354077928979102,426.86587801930847
-126.70931183325902,-160.31509833845683,-409.188315210898,-18.833252512215996,-379.1287115920253,-254.43881047183413,-517.2112354487358,-552.7821505220371,-80.05289748104462,269.588622182033
74.65533239473508,322.09433405151736,132.77024742002132,-165.42093818565178,369.30314504305727,-112.35143287116612,-70.86802804114902,300.9207217861456,88.8004555715879,-246.83540487117722
-761.5464039276826,-61.87722563796776,-87.07725633795003,-236.52910256848295,-578.9305308051856,-123.74043087743505,-20.520569602610095,188.85367219370497,144.81252094088094,-273.3992497445039
217.1761518795992,-141.23491617308736,-147.3199106301356,34.60090866687948,153.55296953773473,315.33725375869386,679.9437354955814,307.9083395836091,-6.73966296716213,108.64582153339053
539.6168718028362,48.90530779264012,108.54098180995196,182.60336683377716,206.8379094262219,3.2033470487969056,-277.8956117517419,-57.9658098435025,-271.1245905981987,12.209001765500268
209.26186824588387,-126.18452924150736,86.42520531262919,142.7327125680978,-61.642731112937824,54.2096702512367,354.44112134023686,-779.0107902025452,336.51567298390495,35.60745812083267
-667.6700149958928,81.3490448337984,-230.31984392339274,-119.75548473547715,-409.89624160174776,-172.41638196860114,-912.588976664357,233.78454358304833,-274.43003151619945,-21.02882936722692
129.08105340260258,-210.33030626441467,-181.08185941412168,-260.60192565222746,176.0587674856328,-247.3832349711162,-61.55012418167559,136.70255105747447,-135.27473079660905,22.533835633898335
84.71332821189579,265.7295831913944,269.016508785825,261.7402550863943,170.69291381756761,175.45603842236724,527.9157176014588,182.56931925253284,-30.501333413441607,-82.94395845724496
74.99657589484661,42.31194866353761,0.053634798433468335,-182.70705256446138,4.820851488920177,131.84628680822462,-202.0085374774051,-229.57882916123717,-106.08168423282378,-123.24690911387017
411.5452244150388,420.26678892839095,-27.121700707922283,482.1604744897814,359.17246920294014,267.50191633437777,764.8675461379797,959.253684774821,820.3777440385812,656.2440489911957
322.46064621230107,303.35147089267434,291.9407442557426,65.01446648364708,246.81673376225373,453.39181697176497,21.676165961625685,-240.4141914051124,-689.3617406061046,-78.9766263143091
-530.3123321387429,-233.87671089114636,-44.211115783785836,-304.3121564479852,-166.61074836036218,-616.9721369208872,-596.219055732928,-195.29831968507068,143.29092374865664,39.93762842902393
-204.33826976269935,-184.03974819223885,-371.973519387354,-127.7186843039177,-231.01496898223874,99.2666377432218,-79.36682193539829,-31.99723915553604,-60.57692009096731,-249.19291794038276
-226.3016933230331,-364.1421994921789,26.105068649729642,-276.13321517417313,-184.58006811835378,-683.5991911997282,-318.0409636996027,147.43824347693513,-154.47977307174583,-265.0745309018437
215.98515209164316,6.086298304980873,75.15194571673605,223.06270092059546,-15.239819799605096,598.987430042634,478.76155420660206,-146.83937787285632,75.84219406214447,222.09893952986366
68.4653831781842,187.25807156665567,159.95434197128245,150.38905226372157,31.541702482104395,-62.252205055636445,126.77971061962685,556.1555396011742,97.45800400535707,-75.64165326247661
137.63113612634672,269.32236001434717,39.23992961140975,375.13224922598727,273.9222097096299,166.7288198713405,82.96331350465105,311.1291167689144,241.4257706730845,435.89386413316305
186.0006396795402,-111.8753566404231,245.33699258069473,-39.111094793727574,-117.69692773011104,-9.837950611758014,-116.4397302481506,-95.26664016637362,-40.64255655564467,-154.68967404925402
-208.63841546749674,43.813024184761005,-193.23167074384534,127.269869336339,205.8937391832244,-353.87787693069663,-271.0460088257413,-205.26702524977102,-40.251614339984584,159.16358449496286
-342.35283294042404,-326.00501794697936,-280.9486701530404,-118.98078560379476,-296.5424199609629,254.30519209599166,-51.332797517653944,-452.4308221228827,-370.9111725148168,-215.5648928814278
332.27102572746054,306.03566503636125,212.6089563912212,40.96821725198176,61.6591561370674,-129.45412195823522,668.0106014715949,335.60855546729624,-49.04113838469466,173.0631981941006
-387.25941483183203,-421.7818933865739,-534.5145790445634,-396.5989328778405,-159.99357906198128,-64.04934725849135,-697.9771200936653,-735.5380382356401,36.0261329538154,-430.82112391394077
196.18589082643922,-17.493188480164694,138.1823791426129,81.96335667442256,-372.1598445719752,-54.83555370008474,176.11148658167147,362.1071748499173,-195.34277124230016,247.8810442298874
-615.5455541539299,-477.33392224129244,-65.39902311235981,-187.34425506785786,7.893219311499424,18.674223096855634,-686.2479634150814,-475.6433283847912,-415.6943301700994,-588.6123355611355
244.01287069642422,204.58604769958814,75.11588032259301,-36.44319637336911,-65.83962833635951,-137.04412563388144,-20.237343917459206,-357.4989235949972,-309.2376185482055,287.26664804990656
428.88701389943344,508.22058197887577,127.32301427370726,256.3856593273931,300.13426126000525,379.734438556869,708.0165174905891,630.7177481282871,682.033316806598,62.94379666823768
-134.6200154708481,238.6515236062009,117.33685464223792,364.67009783769413,123.03208638102885,45.28585527596093,-28.633957034289093,293.07433825718846,656.1288829631625,363.4983973387918
287.9265282270762,-145.0418900331209,-8.51121511143202,-64.03445994047321,169.10001722833087,278.54061628711185,119.03403549373989,-100.75784908668824,-257.41114178259613,-49.39755516554336
297.4937648876041,264.3424101618593,177.8397115204866,84.4404848623598,224.30108152016274,335.88618783290843,632.8843690587277,278.71832575640167,455.377845698751,459.5523934699664
-265.67779907105825,63.47220797378407,-297.48766968259247,-37.11889190821045,-616.0923454966866,-254.67936174231582,-660.8361861305533,-161.98065672634797,-158.02426710900463,-0.36197132424672535
1.5081949756103978,121.86701602993924,122.65785049018572,78.07238636803939,655.2277347495854,121.26171946717896,504.6959948223131,402.46232788816627,62.03375751118857,-404.4554403337493
224.3096232138974,-251.7987576705483,40.14291285799142,-165.57128168329638,-424.6897526851455,138.40628715035032,-36.26799450692282,69.98182028883645,-125.18385433393634,319.5958636412208
-93.07940833419313,152.06892309249704,80.79648661583578,153.9154004100945,-72.33194612329659,-442.6824651277977,-477.6733578838109,-449.643697766985,156.780096177786,-285.2035009268085
-229.76753921226492,-578.1570994479034,-399.40241137355974,-297.4889807383708,-186.28124348644798,319.65030934556813,203.21072965787596,-105.35423450706217,-560.6568928453812,-235.7953318201238
426.0455644652643,-14.20752337472054,391.38454856144193,175.53707457532823,134.43731818944778,-146.22426196303107,-12.148736152372976,282.8309612951332,231.70791161924035,98.57716073838908
-23.82424629129023,-215.15448828564618,-12.45817282222351,165.40811818225052,326.87826295939976,283.4384840697779,241.74679787547996,-35.91215511015836,250.5440804879986,158.34994038261303
-488.3083545335959,164.04479463224777,-129.38514669960793,-222.69771771244513,-339.67338135058895,-460.2193570631234,-292.07062998972566,-452.28357329741067,-234.75559973763197,-33.41426482089668
-363.6952867110707,-521.2478458902768,-335.597855217628,-452.1828394665676,-464.7041069509409,-189.1526779411592,-623.4278224608646,-751.8311152868692,124.2175504480553,-356.06351108562626
11.347266183141434,329.4867269955625,13.472355562291659,301.852222691989,341.64253409268747,136.27797100247906,12.299642041220178,51.588115727228555,-415.94254845238675,54.44143298860398
-195.63584116090635,225.66711759405635,224.59364371662892,77.7030334489045,24.907634469524094,-298.70949684485015,276.458629632951,358.6930269300221,-68.7339860590101,241.15075796982302
-297.212834957957,-595.1053061058218,-345.8376830467573,-557.8185467320707,-350.46367098341005,106.515819828235,187.07451203408462,-238.62519913152235,-223.2683074474398,-363.17330309213924
1034.6681248504597,612.0173054080205,608.6073526366167,597.9453555298761,627.3866294829785,272.05267060495703,-41.31439083591555,886.6807164490261,324.9085414635331,343.42902349216814
-660.479430178017,-74.65075327256218,-386.06227552600956,-278.7118469866401,-551.4873648017032,-169.34438691072268,-288.44187752104483,-392.32304613850687,-206.6395326844911,-25.50244053312461
-236.10431439169034,-414.039208880893,27.086917079670535,-105.49863167464183,-141.99131665581945,-79.74883257072865,-197.00996705764342,-667.6240054528131,-161.25538045915556,-265.08477730773416
655.408270866486,269.1536065637829,154.6995774074937,607.7767231118403,398.12588228944185,138.10520777952118,631.5242222523646,-107.64009665590595,-97.58793164480375,362.68459554058273
236.0010196044422,52.626897219835,257.35884532771047,-99.95641038917714,33.33592555130146,271.3410805144738,669.0252569079423,796.5150830356753,787.2183633616329,152.25374302904947
-345.0817559043219,509.27125569226297,135.86210046034537,78.5231815042789,54.55832242006761,10.352442128529363,-1010.1157648282882,174.9817208852603,-235.98003019183218,290.77802829981505
29.9429029609272,26.799431553400822,2.5484346903547843,43.05224056926504,-19.841888992853143,41.129904718293666,117.57581548703727,-803.3008237149941,51.3927963465289,177.68211805512573
169.6423104914042,81.8668651243685,97.04480334932563,43.151425969139844,-170.86542540856507,-185.62978186503233,310.17645237412273,624.4563752471399,-241.2109351087301,-156.47633545092862
34.025421450490505,-88.83811824094182,-220.46884113915144,-154.30701842640923,206.67928706416075,270.8122843715912,-274.87917511047664,-335.5810259104328,111.06518239754794,-52.17276798116246
178.88559516410808,62.8176804035245,171.22125362236244,348.90208872027466,55.23071233578707,38.23166263694993,765.6209264443087,602.3817977118055,205.96332414266382,57.07480657739799
-552.3368753964943,-561.9660010373415,-804.866975447783,-537.3648844604124,-452.174517572958,-527.3447779961449,-1232.2751330489868,-319.32555667787966,-169.0082617819373,-320.7316270781758
-151.21152434577027,-130.61113962028506,339.35854396919086,61.76670574834788,-44.54500382994385,159.16753115147358,280.50685566647866,-526.6323142314126,-97.28092027797837,-213.45889869574037
247.5188436308817,133.762520267578,71.1294495013006,-5.067780446951917,429.4827490188758,329.3385059497681,514.8831597909026,-106.03322386338289,183.61934227647643,8.862886939971581
-92.99614328177988,-95.9933340312685,-171.9873790435819,44.150991036485316,-304.167139090251,-493.9178736443631,-797.4130619829864,98.19820470304207,-338.83512738980147,-153.88038920699128
-575.6185351544235,-302.15412235894314,60.31425238097438,37.39001500631683,232.17788538411452,258.8443345118319,-41.346027220625395,-28.97386468538694,113.14188173652211,427.73188941220576
878.8421787321912,441.49805541399076,124.76501119690997,484.69859724869553,206.2437193979367,480.6713824300851,554.006437848253,107.19740129649544,504.8560416344892,335.4256448773599
-157.23637625040277,-315.03789108494107,18.86118033246526,-285.03164131657877,-379.19521175304715,-191.91531912371602,138.1757643113626,-315.8312113486099,-388.3403327529239,-487.22323811908313
59.14210706777424,668.036964461301,163.32210332097165,-141.41847347953325,364.4521236864425,-115.58525087577466,-125.60472810468319,599.0252141036674,-109.78423807577066,-2.8497513512011525
-294.7182709717764,-297.23977150626445,-58.94760754296543,-129.58746484045818,-449.77195693853986,-115.45728647665238,140.71603681726066,-66.29071827065965,-3.7800286294467775,123.8042769884698
193.88767793049934,-247.8244734330324,140.08901592751815,-331.57836546853383,20.61612875340717,15.162728969927791,79.6253466496314,119.9252083394369,-213.83134484733492,-106.88883728727167
-30.064675077366086,230.49291786858632,-7.8627138112767,194.36514423191008,346.70991255501974,183.48614617875558,82.27206509829082,-214.5483694426372,243.49850254493313,188.4645755595068
370.60221681291904,73.95875980036851,59.361663174397954,185.09742568716936,60.198782990939016,-90.93591603956594,-443.9350477617309,-420.08066026802834,340.6383478840181,-77.42367517620579
-63.94273313892427,-135.3049656869336,-53.07799155081341,83.69466367197117,69.25885175790182,68.73698336467021,149.16265494318625,373.2620217369671,-318.97638760953197,209.0308814993107
-58.91886327094912,-311.5375245280081,-245.74510421385597,-24.602663066885576,-15.606962816932546,-139.75749831112324,333.9183464902127,142.90899701373598,-231.8327250491631,240.54466400376216
136.39014629735996,231.2647467818003,121.89017831655825,17.679347979257745,-88.51250483539708,297.8236612751941,332.41457868755333,116.17695510340049,47.226138686113345,-73.85921517290986
110.98295197111085,-168.68114672321022,-137.42522835320472,-36.041842540958285,102.45091245220527,-37.942984309766665,-425.4888934409203,-6.1376391067474065,-16.952744493087064,-506.5437597405535
8.965813162458057,-3.0167044045256572,37.78633545337897,234.52775903263986,78.87969873514032,115.43218284190624,-9.84655306769856,-165.0162072567827,605.11477194521,188.41122057853215
-48.35764885012995,245.5117625372855,46.285446804606295,-221.49626171894786,81.55668885404988,-260.1981843922749,-603.4626122957637,114.2798177649064,-235.4822413015859,280.0456263232282
-18.224846970801845,-50.135921634345415,104.69649040553769,39.888328707813436,-34.299922109411966,235.99403316856686,492.45074298672665,274.34368048420794,346.0450727099653,-48.426171457061216
59.23639711539317,146.57476038797233,-95.81623787461018,-59.643336021658065,8.78427334526131,-50.63427950902482,439.39973318194757,-836.140644870468,-213.32630776130145,-78.81963950349945
-80.41672454817862,-185.85455138374832,-57.50716129234952,-77.30914599669175,-233.1677327850909,-423.62637144890516,-816.6940589946388,179.216672748807,-10.307910198695675,-228.0757403855183
118.72854603916217,-319.4550911118356,-70.80206655048545,145.03245179342446,-81.33388762401984,187.1521289529127,396.0646691834815,21.723583094622317,-605.3803529773154,-30.15745341461507
30.054418143411517,167.15583194376234,-98.42141990297623,134.66335063805317,253.87773653966593,259.4394641544662,-135.33324463254309,-208.85600229385412,192.18073036255058,121.88474944752186
286.2454696902225,260.99417154716383,331.2015066202568,348.26374211832746,319.73379011301364,62.089132401332186,-107.45559263596827,587.8894440729687,483.78287131548797,360.6841406927854
-353.9475940790908,-516.2481911129338,-222.92475802290187,48.16075626831257,-585.5940328705841,-157.88744868343946,447.1125811191063,511.133328998298,-349.9784428779083,-263.9633860970397
49.860963983609146,72.50430945568476,-189.5322342491181,-605.755866636461,23.49824322358646,-275.82061274570117,-756.5353439122937,-1253.2469313619486,293.9536387125826,-237.2652818432358
-2.8354311059114727,-286.69269032172366,-304.2914685227551,-59.13646767901418,34.346188855933605,153.5173673906702,339.9390945882719,518.8846385256365,37.459867519849155,-94.73894728977535
308.26777972831866,129.75608102248617,360.88863442739165,28.921662312397775,-181.33381030942547,92.03524556829997,217.8513826279198,-266.8680540972971,-404.9015767264452,69.48231678431272
-577.1880553771738,-186.80440760059636,-464.5249480419392,137.6322400773968,144.07038713133772,-389.0523406007676,-456.30325507698245,-365.73299904088896,600.0879380823188,-140.32556524643746
537.2942376596368,397.97662597157046,208.72229131972426,-321.74063651652193,230.6370860433053,-56.262675262551156,308.5655484463516,511.3356931066926,-389.9004606835761,328.02842628251653
-56.811431360948,305.0154944723189,35.03319131275862,351.34464448896915,246.10969917971065,203.05762131704893,154.2967500111445,58.03032798293184,477.6045654243715,78.99475675887143
-453.82776915235445,-359.2034359075745,17.19511741135419,-45.17078062539311,-347.256786633356,-99.91481604292933,-16.66788088518159,-750.1460868895432,-256.8939561589512,-296.639249993402
-26.22480352113776,-112.61228406597375,-104.66895495128941,-180.84079524191165,-180.63044155734585,401.08956285315395,-155.11273707293196,-200.74592008928576,51.124505811312346,-74.7080358548985
86.58277066360431,-299.03615128394387,-14.999173655834134,-196.66425414797368,-28.355600973089256,-123.36625364676972,35.78368344525801,155.65770971917973,-471.9681033481236,111.46728167049955
184.00943315013353,-109.18780166420636,199.6197165786744,289.3899739128502,364.0602077242567,44.70934246970664,-380.46943378867354,-395.5213133945613,-545.7254940639136,-119.5923607870439
156.25807382397073,757.7042300510176,139.85870844138688,-70.35851053056648,53.444266555694654,230.8245784104702,944.6258849930103,336.8035227638616,960.9167778311306,63.44329483819114
-338.6115334703413,-618.5501839383157,-197.31615110574756,-65.4936531814992,10.114559274823671,-108.35405785112962,-526.8864474294028,104.7338200716377,350.43692918167466,201.71937794871033
73.09541642274394,378.46904216682765,-37.392313224733044,264.88747928822744,-113.42556430589511,-421.4788149844003,-169.19305881372932,-239.93565946069523,-291.2858588975256,-74.96700355844742
648.3855262390249,344.8782181409385,66.5710181268442,124.49110457011739,415.26463076785797,616.7755793023841,890.4516282999112,432.48046930352683,92.26851466434194,381.10828263660125
181.04757471394265,106.49182273537156,232.40321601134647,176.6736918928626,352.6684480843549,-58.610987945989294,132.8682676673741,145.02564295102061,516.6160156142566,214.31294766352465
568.4951195076671,107.52521837512259,354.0967166532975,121.08134272559485,259.3385405333151,428.22418624574675,68.8089849710513,850.3886231191508,340.84839244670997,457.8927246957373
57.71950279023852,129.1582198053006,102.22616389438797,164.28252642575433,28.480492313123733,175.5183886959817,213.1037596666344,-506.139130871021,486.51238431607527,149.90837429794328
-110.68031400358406,504.8796759379481,-36.82536426112511,18.90817446510618,220.00204356779076,-59.86132326904048,243.56116554337692,228.52581204308606,-148.9452448537192,62.16589920663933
6.567585518847351,-317.41740739221655,-139.60729885222995,-230.1018288887452,85.7209059527427,-332.255500410167,-371.69156189649107,28.22884781950074,98.03099421127973,-142.91717016273512
-237.37979331028617,48.508177202320375,78.11795162756337,265.1529421501486,-297.75390569679064,494.5498766849551,154.64319150725512,294.1114153319661,-76.36912931817984,-86.58956394444067
28.99198265285117,-30.256677627913632,95.91563909169363,-302.6188360771198,181.01912973799142,-504.7413783597989,-402.57484627985116,-192.28634974776122,-288.37796408202644,-180.11460896163547
-157.81230336641784,-319.76812065872474,-283.66442016011166,-44.66731250351554,-167.16202544929124,283.844236585111,391.26526751923114,-430.26230432038426,310.78603902158795,-117.95847566317218
280.4646381587209,147.00828142196045,301.7515619316781,134.17803595626373,86.6560449354064,112.9063025809497,12.357711396542179,317.9907601720997,-225.31564511982927,233.32025933858506
242.37827094028452,365.25282345485533,-14.25502440317955,221.63755503717695,156.06093621789483,-528.221833651013,-133.30965952572836,661.0115632152396,282.99664916360865,309.38043757803354
40.04512273694473,152.3046632326336,398.17291403880716,98.13995480400419,37.823836080106716,645.2801287896892,502.8946871142034,-100.61908511354785,99.38619220296196,-146.08867239871498
-399.26375592727373,-353.8229180407951,-393.11963195480075,-332.7846859077994,-256.2821642796074,-346.85063903387106,-332.264473700452,-660.4146323130194,-462.8136904565351,195.6053020430474
394.24254597321345,-74.3986226896298,54.7449592506549,390.85093667019623,60.95540309082631,-60.38714298749525,221.78822352915043,-157.88096162999213,156.3443022909568,220.42266504000088
-617.6913958982958,-72.8453081840724,-173.1181168362823,-403.8687658736202,-322.3753757817097,-80.72809361932977,-492.3071100787564,363.81681928109913,-443.0953187705576,-590.9654688350571
131.60337884227246,74.76467367601535,-193.70105630533152,6.546335781550575,60.295122116727285,-189.69741774859315,-131.01698816224865,16.41042121154418,329.1729657531004,145.7615428087195
450.6313154877855,204.13989699335897,132.9696364401517,159.96680617171583,309.3826053798617,402.4759805438324,539.9630303067783,302.606544220456,249.94772354869713,114.85058617505183
-79.90527779910654,-178.89434396819632,-153.27479103826826,84.90830941206052,-300.2620575438664,-37.95109765008125,-444.911778884703,-273.2773691464265,52.29100276337524,-23.02241786895362
259.5783327680426,-50.05487976326411,375.85124308885133,169.10131137551326,233.1929872344763,160.46987856525917,461.1785406290259,738.4923481290526,324.588776368646,202.72666952310823
164.84825242336612,196.93466351696225,-104.12274380437795,101.77998563165531,33.963913877050565,115.2587426057491,-4.390013284065235,-298.5954531436392,-331.67724206342467,-127.9022284216592
-71.4588867435762,-139.82453247616778,145.8706204922045,70.99623830506786,-6.951886163875845,-233.64537369134993,-292.50495656849677,425.19218429987615,228.1801542010145,26.856661000193704
8.798458957510139,201.8928687461461,-2.1484643825847716,-68.03404053712461,139.83398810638963,360.9931435015484,492.91576830418364,-231.05897986710477,118.24096521085896,356.80910514842924
220.9400264069079,-142.46022253509074,298.68885563065356,231.65454722199962,-37.88241744462784,93.06256376496512,-375.8556868185599,-48.310608425015054,-25.121572055685373,-196.36486430005155
-257.3794594889348,12.52853046886441,-94.50307493624973,-319.19789148423865,-269.3084245124485,-309.31652154875286,-82.34456887489787,171.61118794986498,-110.86817310252522,-173.2657411191563
-89.80276091970758,279.04379203501685,92.42606471444024,149.15569513439422,217.95706164300714,284.4348421825972,466.3510646886751,-358.7446794748012,120.90868714792543,16.291963900126966
2.0999565654836516,-200.19235453080813,7.783944113465731,-112.36765520318545,-282.652247828789,-246.5585448322202,-659.8699591366915,-13.980763652212998,-60.75461657068849,155.2564087579668
-333.5222569448966,116.52009273852637,-237.43839424232877,-2.8328092132534115,33.1109128058742,21.30797506996714,-66.23404694966976,82.38394092625242,-75.28118466554808,-192.90357076257428
474.6770581590803,15.45042419221279,139.6468596550208,-201.01460409170957,233.33219288899812,-365.81508447523953,529.7786300340418,98.18436542248756,-474.2300026136816,22.153098832026696
-217.15108791876003,-384.3780425579883,-108.2061259559549,-49.873042333180535,-601.151033157799,-119.96479239694573,-674.6700270406776,-565.9994348600188,560.7733904735345,-269.03415037101
-103.9860502740606,162.52745675106547,56.81907413531084,253.04724131996045,487.335661152269,92.08019827018931,183.51130883152885,395.6118422217838,-80.16918186380828,-51.55271721114681
-491.0807068414756,-316.48978155141896,6.840900624081081,-195.7605746023779,-215.2552362465769,-227.88511735143214,-350.44898852726317,-693.7522258378804,-346.51355807201605,200.6092798993393
537.015646482193,350.6273204910343,56.28256573430471,189.82953119587614,228.60534027293423,426.3171876610517,652.896218500962,548.6460568938289,595.9535296671943,228.50425468034098
304.83093813353986,431.90767207427007,107.5398595257866,240.31506568541803,272.15032419702953,68.5641190454363,494.76165916857764,185.7584626094721,-347.44076912071887,100.4254161149822
195.89905995563637,253.87446799556952,45.46501063366128,50.22780789033384,84.6295333613754,250.9582865125094,-41.756114298012974,138.42432507970747,-81.96859422021916,229.85816287888528
-369.5359022597095,-417.5639874146343,361.6846252510895,141.56771808891287,-68.14264734258096,-42.318988290540275,-65.24932750431304,297.7402057745137,501.5547307579851,-173.63554044182672
-117.04230543997883,-226.8515409511778,-266.78125588982095,-29.877095303658407,-169.9004404427598,-32.56707149841212,-16.327781635330705,-378.06748620230195,-325.37428994677947,-5.966071477859009
-332.1794350785719,-273.97269029119343,-361.8855835744099,-430.4407610516352,-29.873395021013728,-108.43489597299703,-109.31852438834468,-706.3215717958833,-694.1407804419625,-115.23301004684431
-68.26702911944123,-77.6684333969869,382.7876947809809,65.25820162329276,-406.31581549659376,-361.64387193811257,-644.0867820648403,218.21764804142921,129.8215191095049,34.18796969026537
161.38495841729272,509.91712359613325,-189.50045353301564,-41.048932135564236,74.60585568249209,130.42877597480344,26.90336721600307,429.7292828464295,361.95347699461286,-51.64608710207036
678.5199786001995,-12.2178453653425,255.1099824723048,195.06648192145923,415.0640375321768,352.85398592011586,853.7760522030522,62.13540233134776,383.4313338143328,218.95539237184164
-87.98811611863961,35.21591117015805,-153.74948007216588,55.51191691558168,-14.880822549337843,-87.96790076202227,-381.09639236386494,-439.00014499575906,43.613048971049466,134.12969999695065
-264.5080435966603,117.20401590373238,-11.955123355774612,7.713471976582533,167.05870765173157,259.85988031143825,419.4960697154033,462.66066883660915,-437.6812018011921,67.66524904722571
-217.1206172991716,-486.3297461129909,-251.35309636248726,-204.58826774002304,-258.99174384173875,-285.7909319987123,-810.8362266444509,-601.6180203220704,49.90497157522458,-472.5669692705255
-637.6637580106692,-306.9768910382837,-76.50823295608342,-119.70442712822518,-351.47841611284997,-226.7485554412683,-125.04938826434025,-357.80770939190324,-359.02837214502586,97.88294548198691
-148.50922602052978,163.60162752545477,-217.7034637641813,-210.57189618372956,-170.4979593562104,101.77082164308518,-267.6369202672903,-214.90891413805994,-155.63888379314596,-79.32225612786948
155.97493750727725,102.02855346802332,187.60320995345745,-75.43210488330465,12.150998448929226,-50.34923149725693,-285.8963664244641,-52.52971390810943,-211.96191151465374,-342.4722846973323
455.02563941025517,-30.4021195620104,400.1677694872486,55.225918680685,74.16937775208964,152.2317307376237,786.6965293991362,353.9495624358348,366.21639925749133,507.68588768548267
-15.727726030813136,523.8562549851237,98.64697350505207,621.2839891928222,358.5426345032001,274.7369009658869,396.83328988569536,-36.73047304735335,145.84952966003482,94.4622193740359
485.53782394270485,360.59868418826943,73.8645729557329,165.23552291104934,-31.612685833174368,-5.913417529709901,-218.0333650032299,541.1029367489057,335.6811578112073,81.02235919308028
91.11693395377128,-137.51210985005332,168.95009089086489,254.28296317891724,213.06323890064255,253.37684388819136,-1.261611104928082,266.8774273223688,-48.927554503543256,142.4069569974905
-79.53978630899677,561.3896530384425,136.68115589671385,-73.33412259227948,-184.22040111225007,65.73466343376903,635.2966450693797,-155.2737415110934,89.51781298405739,-83.39647089882953
313.8156894430377,-65.5169509065973,120.45108147263328,239.5773010227861,77.15592874630731,164.84110908740635,-86.56331871730849,-52.98043217424179,-72.93624811864552,60.493672608956395
-338.8396498524102,-206.2531929011412,-59.45304771315788,-351.6760241178538,56.78714469119308,-627.8672113065066,-408.38709529485936,71.56689533910154,-377.18411163801943,-23.212659692028904
-122.72703313252501,-34.910459013317784,-253.04415532724954,12.091654175521834,-36.19180522341781,351.66794224137027,146.50498225184717,-38.23628106001048,197.194929035715,73.70888125233425
104.05666002836887,68.28360762261049,228.30536707216862,354.228589590102,244.8169279290415,10.479125737689918,-97.06409171641356,-220.05189282900068,507.54171430237653,-161.79190143293567
132.54669253828604,626.632405216042,-195.25695919384236,-224.88012578554012,-96.40526658401642,139.97187147582858,529.3106261127857,282.8041019137361,-263.4485017494678,-141.89010721621673
233.2341342382709,-265.7189236236555,344.39456952805097,201.1227653949817,32.05879556757259,90.70478712417281,-182.84204066456684,-242.89776855158684,-241.50120757481315,226.01748098913723
-488.47411939604734,-89.86325889623609,38.30105611448857,-112.36919614193953,-236.96954015382508,-347.05385615808643,-687.0602810273198,164.403269629333,-455.50083929982554,-112.51674575176942
303.9922167710102,-483.6791331982888,-229.14699197689404,-144.5318838514039,-47.12510171198383,212.7899653281912,670.9229725048472,-503.94099122786116,294.18851839810065,-236.13765594071864
71.29763095500981,424.15383287046234,-232.77933552093089,-84.23802220553134,-212.8256549111609,-283.99164881765387,-947.5235256521864,392.1603081456322,-586.4245154753653,-67.58546955636949
-504.6515538002355,-807.84624332975,62.36033491647806,-339.5222349583129,-296.4556720959864,-500.7535763319781,-556.485244783083,-299.2910908982026,250.03635435526826,-524.9548714767103
264.33392029145375,622.5739669948346,84.77493453049371,570.8842353488704,178.56368769719924,876.3547906908091,1169.5990859406313,-338.8157432790289,275.8572283961723,185.05941258498302
286.7713815954895,-528.7001766766205,136.40750146027165,-208.05849138086785,140.57071153236663,-29.40790771334058,-395.8120127995534,271.95587007508556,51.45849146160205,-66.13581287767443
-338.91064162989414,10.77713974925412,-304.0433421547625,196.75119898095332,2.9962166917869784,14.99563380961828,-211.87757033283904,-594.225414597662,-331.6784846030308,228.31758916070086
-226.08604582425053,486.7493803802053,30.38643563808292,-262.54426297949215,-38.14477598484833,2.418271151970009,71.49749605260413,500.8001876847096,488.3091969480887,-138.78601175487069
-134.63965086309622,-276.84823645364213,-220.23126562575138,-155.20311277010478,-199.1401017427034,-87.9232898217668,-196.04365655178782,-1.4495769237184837,-711.4767902108148,17.030192998600196
-120.6974479326149,-311.08047176638115,-89.57198626639406,122.375868924511,76.1275494204772,-417.5235645003457,-195.1443356616532,-332.6635948577486,25.281092220496443,-426.4758595347106
597.3688916343878,-266.96306465360914,227.20012588817096,-99.11546232802186,133.5227516833699,817.6970263601411,1087.5887892438361,501.6132420060356,332.2277213747165,285.0241281059853
217.45677736990984,488.2734503327981,-24.30908361346602,451.0815481803093,484.8195792712779,-56.306111152890345,-416.21813080474925,-2.5860248363234155,634.9567818920281,388.8205901072886
-276.9258421477352,129.2722135262982,-136.85554001189627,-93.41998913147546,-50.33480619687474,-200.37759668041625,-472.21997584089536,-467.6003566493608,55.61340496865165,-212.64150289536522
123.35483772871282,254.55077097935583,251.553340927046,360.03414322011236,-35.35001641559052,552.8901803283119,1335.448684978532,211.57678874166257,73.23240294068562,339.33127622403197
16.71728556466483,-538.0689836428857,-46.04028474932835,-453.5341724614705,-289.1965898380857,-188.99357728584104,-680.8464578888086,-187.3330172956685,-804.943819072591,44.85320688008058
-271.5203766902861,496.72824329732344,-67.82130187626281,117.52627146575149,272.49963269577245,86.0297752343602,-396.8159982574084,507.53087127893747,189.1442141821606,125.0220815421663
540.5039043540097,337.2370870622467,410.384526917242,-9.613875915808315,209.51294908891225,104.25322575046671,575.9639421914961,74.04901189152218,189.95868385401138,309.00450186924905
-167.76559887024024,-233.1042542234636,77.8335413443197,55.83435721142662,-308.4012046966373,4.294262059830551,90.98924895233921,-81.01960728923372,348.454548204552,-30.31095150918352
212.18665203041044,-131.68921293813182,33.29492453850144,56.02755749392471,-56.205878085073294,-139.05128288729264,-718.6794776840735,-288.1856827814435,-248.81678582852706,-476.78063353516285
96.8737768643601,376.9382338163869,-31.71297497328937,-37.1900585065085,168.83172142843776,-79.74983429409973,389.5063365225319,116.65747604941137,-400.1653808109615,127.75045036737416
-280.25934247437334,-229.7278126819197,261.55459365776744,-128.33748495046555,-336.94566329725774,47.44326341267224,-201.3671558684804,-186.0969407461146,301.0673128358601,115.53673737905058
-354.9724177430899,30.722127307241262,-31.575048441504684,149.35321612871732,-2.4607609411263005,-187.3399418750476,116.24819037175496,-374.79168840487876,-231.78905933041494,100.0779647254105
388.25646257131797,58.11622537498494,64.48282717291914,248.67783888927693,95.18901246069461,183.2542292035856,6.110945974883578,358.0399752789967,326.3841397238139,203.45770631387526
96.65295121533356,-369.22036514776113,235.44527690758727,39.082546371772864,77.10157829344924,252.15758073743672,99.67340844147361,-399.4019907713671,-184.94295279950728,-48.61894412672018
348.740649763071,526.2132351843032,29.817255208134135,571.6887535227246,207.0238444235427,409.0894890675375,166.4328814186468,408.41708233413414,620.7570134999518,136.0630309289493
-45.273500078892255,403.7791560253893,16.07259013873156,-321.67560723257554,232.19985094129134,-200.23933927905964,-117.0812887545621,-30.14683798040048,382.7186296664623,93.9647856059937
464.71490550491313,269.12255732945573,200.17407567950784,446.97900172145665,219.67095879256195,436.7796337851369,740.9017569677983,223.91596440771607,-102.29598207590367,214.1448840795219
-221.17294194871127,-222.05955820050374,-61.4860320950375,-167.90383781922765,132.00490127826217,-125.6461411052736,-143.8568039945455,-360.6198928161797,18.921650482166566,-2.517888120958004
-251.746320000243,-83.05191754586386,-276.4373992081501,25.729176791891764,-147.38882561594252,-55.12853943874838,-294.4188724575152,404.4672964863584,-106.5024297235157,-18.67057783997805
653.1379869984455,-35.533141391067865,198.78685081910794,136.74949069742067,65.95460701541414,102.24864078478325,308.960114575499,160.0309878241841,-45.310408642841615,280.53666308631534
-286.79538128328574,-46.53529815378899,70.97661564226014,-162.81130169490555,-191.0403045120497,-90.90779628200231,129.41070147914684,-518.9553885261755,69.37813722671179,-257.3544046444562
-464.2245883062122,-37.98343804823337,-177.9008801799452,-447.803352630569,-251.53379868115084,-261.9698905716959,-645.0961257890611,-266.257801286493,-352.013822652483,-280.1640649832195
317.41721189958633,68.42465331803493,1.8079224636831444,145.75606275315914,72.24744084625142,60.75653499132037,-172.11828547188705,278.1460375249539,72.34629532991502,272.7257347314883
127.87358912775748,-465.21496220635305,216.71395395151757,120.9395167702824,-109.9498843827815,-128.57220464396,8.849738016194985,-491.5907665598833,71.46634147893762,-65.79999966079251
-91.40837225690926,475.4407395541151,-22.304676785946764,-9.361623955716228,192.65524783750575,373.0092173174345,320.4125216552763,267.0490639540314,59.84259845038934,-65.48724084961448
311.4386805063017,-258.30793046091856,424.12120449310686,220.0427938091391,-167.0329512894304,-46.66886155210221,156.6657760489621,-51.30182450025947,114.08468268758695,31.13980343547874
246.6335241640829,589.5744107476208,82.16568203743071,247.4980296347849,275.08464849126136,-11.260471852746418,121.19619515893046,440.25343298072573,220.0310489878926,434.25588092370816
-374.79086777969474,-144.348761790003,-23.730592685828174,128.4189082021487,-52.39557308075488,315.3421096731895,358.2058163705761,239.16650827002238,-180.69819654541436,-34.91198353910834
-275.64141718120686,191.30717790181768,-36.11222861403115,-311.1799289749595,-79.58401345316965,19.110868042497838,-362.78665576934895,-413.86986631048126,-429.2542609588576,-279.79098294743454
171.90097479280925,-577.336612479458,-56.454334820192386,-29.669213635753565,81.3778472421652,-385.0185364853189,-430.6125471842912,-146.54656117674327,-337.8173935403172,-126.54730606115992
174.31442933771368,351.7276269621555,-43.43772798923354,-111.64893203246864,-277.5521008923324,-237.63305836297897,-262.48275058541896,-322.9988023322085,249.13145143810743,26.939848586978737
-364.757903817655,-579.7341964201729,-484.7890133849583,-358.9931390963008,-170.98717969088503,-51.417000607329165,-14.33038395959119,-118.08231875048888,-133.4529993575516,-50.7331324918353
-67.59833244529713,220.60036925019344,190.10811244807041,255.78808749126236,113.67381053482285,133.9612641341572,259.5486627283373,267.4389863542582,236.28170403395484,127.75354245226328
56.30144258115941,62.45236363790399,-8.486908434324999,28.265569216221465,-18.218095270976917,-149.7378765548049,-299.3551500239927,-142.78256809732648,-348.47096005961265,-79.23201451887739
238.48507769797513,298.3078174850284,23.25919164960644,47.15615701895263,83.31921892558009,460.42457749515216,435.2468551714904,641.1704417764258,364.64913373647835,-173.64734103878018
-449.48722266504643,-516.2271626014915,-387.1118227705916,-180.89401284746702,-261.83529848063137,-295.16495909235715,-430.53881266962935,-281.6303524252512,-794.1951085684161,-45.754818998184234
-71.89659985313072,-348.32749611381934,-63.612963832260824,-256.62319391703545,-73.89287001943971,-395.1204862361216,-398.43513290954894,-794.8732641563137,309.58084373474145,-255.9709357020414
-789.178474415355,-302.7078285974982,-14.791003022890008,-369.6683433031723,-396.43384668828367,-149.00524569277383,-180.80391363669287,-534.4459332117644,-855.231478327483,-45.16021115477459
285.83577174376535,113.41844609395153,213.30062771464063,406.96563577262305,147.24366658671912,91.77193614375597,48.23957406142956,388.740415963153,283.01975028028636,-144.916712756245
117.47642930203612,60.32840600653022,0.5275609704461515,-233.8406370438102,62.99480925654776,59.35402896395407,560.1776056550066,57.14451692628884,306.35041055059236,-18.5608579166595
129.08300696256777,-115.1190509409105,-148.38043186080594,-116.71357058343625,-283.8938003716332,-140.87804548212398,-392.64835168999673,-63.553369169167844,-823.4537570765881,-34.3933815629164
-265.6734334392488,-268.60476043026944,175.02823190505043,-299.86968219963893,-98.47190138749836,-161.01860777139447,-59.63860189990661,-178.62684653773866,318.3241743783803,187.0665349033708
10.425014088689029,70.20826640996853,-97.27874203297073,40.471318195794964,197.89881795988245,-27.85735547639583,-275.3696171250336,702.8477572370915,99.41838324208003,111.20121499136349
122.17011741873404,34.213988659041505,-9.626061780654238,423.3311450208958,182.19475805854003,487.6455527347923,83.86978737057807,-708.0575688097133,-28.357751903566257,116.05055918435903
-1004.656452587808,-126.00434009848637,-91.6462680545647,-448.4425840789497,-339.8523451228568,-201.0345332306778,-282.95225571405473,-275.5118011591487,-268.1676171798239,-315.67802670059785
403.0285337505183,-165.05268653424827,-59.51201064927884,25.419555959198682,-50.82841322513524,-367.6557075248622,-65.91012786789749,211.60013102186096,-341.136093594919,-153.43795834596028
281.57712519711475,85.11420795756314,42.6030231464646,-72.0915030935999,-5.040232505277802,328.5245052503328,110.81218591131811,62.772716349773525,290.3481030878262,-45.8656292384335
-294.5705929843219,196.8761292501775,-93.23828456151968,118.3355613589052,-53.35505516414232,69.19055892181295,299.1888181296223,109.70069722845767,73.6217006277604,274.58922270653017
91.72287899758989,171.76898101542565,57.1678155978766,-143.19404147395892,93.9154705085677,29.83264700279192,-2.8242419844632534,-88.65748690016507,79.1640171738984,57.21310393806465
-17.214171687345978,44.71465269960327,-5.670715302780356,429.1975648039327,232.39672379131397,117.02973554273271,145.5189787782922,198.26448921025624,-166.30006259639202,-143.90234286599207
755.1833991260661,511.7968884984306,393.79775897945063,-78.95457574819747,216.1641534921914,558.7522661261283,700.3981482235802,229.95294325421418,327.0957092707503,682.3746676619879
-160.9250476020427,307.83794669153707,-138.03642409617075,253.56187601502435,127.67236357322963,-552.6367358392189,-526.2650701096139,233.3431649990083,760.188250008265,-175.99265849082713
-319.5393874603363,-666.0729522851165,-255.2891612371629,-310.60920663751523,-221.8267036848662,48.63640804921994,382.9991504233162,-146.25613426066428,-369.60336926301125,-104.66524320605451
660.2394453641389,337.0783706082895,644.4695508068785,104.37523605948414,562.4406400839651,378.0126801565938,120.92727672596085,511.7892385917608,451.30432935857647,640.1315604790666
-249.2623200177244,316.457679809417,71.03188788850387,221.6566238748831,-65.5277250095289,-81.3935905674778,-66.83887689525854,342.7597732772375,-53.173357059435546,-322.8397039805883
-34.807318423637504,-331.5108994202496,-130.5055547797976,-40.94109677401834,-118.10789495440373,71.61937775744171,71.58736654983032,-303.6350361942713,159.52189519286173,-116.11544018066844
4.709083490234872,224.3285118246085,82.73501588564362,-186.86514908123348,-8.882272923757586,-107.37475623884625,-359.5577536667938,-738.8811857656866,92.3074380987136,245.4265418193941
-335.075197219014,-94.78882625505412,87.10278852820721,-19.04043045039261,-60.08524746897059,74.61037520390722,146.86884009957728,241.5998808761178,-522.0782563258595,-364.0046579861038
-129.12511279404276,-424.798488955214,-196.89791661527295,-277.3562382809539,-325.0881414347235,-356.06093465682613,-144.75122317614404,-540.9977445446822,-723.6609207097014,-409.5270736074246
-416.35580961759416,-286.24205132268673,6.531390974413829,104.94746285682572,-262.3080528019896,0.9020088907896091,-215.4320587950084,-234.83249378944038,8.90623772527496,-165.7776076106744
-31.171808772119004,-66.78864371291748,-281.0389556722141,-155.79181633345456,-181.04230487299344,16.95893048537426,-475.27093262039233,-449.7549444365078,-278.1974985716131,-146.49994095688362
184.06600401906488,-243.1227856765575,132.02695641050732,-25.668996317616568,-24.356648057010556,-66.46531952958712,53.8347642814537,-14.302281518712784,294.107458064934,-22.292996284309364
-67.44637848036488,159.03207439647022,-337.92722708334935,-217.99528135285962,-82.58200566269144,9.600762246283292,68.37047803093195,270.0010907041693,-193.030477781809,-301.54117901261765
-319.2150245785378,-794.5470543893326,10.721467994627277,-97.1654154324081,-309.5907162356508,-311.3802777882636,-380.9813739582012,-269.8432591324267,-834.9781882498572,-518.3059964243018
226.61842868727936,374.0615446262586,-54.20192313719676,111.65973268485173,119.1563934680219,129.4694813966885,90.57605678949975,-122.9178385843913,767.971849551739,648.4515603772705
-68.82431076845874,426.016794467201,-130.4824276202732,-123.6548285234367,-38.28751556190068,-95.55291780214122,534.6504469848851,178.5495065755827,-153.22567639674108,-203.8054100030371
-302.5833724788801,-380.7942444002482,-108.73777994858834,-175.86271866412366,44.440381474550634,-176.7074473533486,-702.1424857473622,178.80543473885237,-203.84538052988464,-64.47020921556529
159.56556199208785,198.01666409988357,26.165749580220616,-78.8906249410032,149.1103278729933,168.23984749704664,223.34491001521553,-101.93362005028857,435.01269709808105,91.84687166857678
144.87504002810257,21.66362937962623,112.27928250044582,73.88250112945933,237.00066239821538,384.4959886914306,127.79449124626478,-225.3687568781796,141.10341417382247,10.05253351618282
-452.55939377187855,31.242451167023283,-229.98980928019378,-313.644619445097,-99.55908712671891,-381.7702576157994,-488.9259607283923,-328.2597373021894,-377.31501634582855,-215.80571263456702
14.401285282936444,-171.00215906058835,-42.07004016157128,23.98403421259051,-290.6375352585342,-391.93159870966366,95.78398784426223,242.4139374905248,422.6866532015119,159.2147523640862
-89.66439896362405,245.57419886535803,59.16506060312131,144.4062069718185,100.98008952712453,217.04598937648188,463.1856769457031,255.03877799561076,-621.7293359782038,-197.60675534177085
234.13595553976617,-93.3539150272663,-98.50586112259361,17.472588357112134,-108.01789466226458,-297.2620307648903,-87.68497614431699,-53.110452746318124,532.5231423638793,-65.58612820156019
331.2956121006247,-116.80768797399259,227.46909829439642,47.39837772068795,134.65582230743067,169.4467863818162,-520.0440469251247,-325.7405547587596,85.35309964139968,201.32029922563362
-286.4649043912939,34.051051116093,26.099438311568356,-51.793630176356196,-236.52635336603208,134.9867590498683,541.2903780955718,87.87921968747483,-640.3843269949704,12.833928340693351
40.03127348617272,91.56005801144936,23.06788828954344,42.34606766885596,179.55144077894676,-41.076920319539084,-7.516525653992768,666.6238374199742,289.74697679873657,4.934388674850506
308.2435869146959,-126.77021874066695,-158.89272664065317,297.9881646349448,205.7561849939491,188.81506885069672,-134.24365581502428,17.742717601885982,185.5056208982433,226.73475243361707
564.2650998435029,470.32477644018985,318.189160520703,194.96585826773162,-41.45275133943878,84.74874450362536,213.7188959502535,460.2725457835867,63.920762737382205,308.14418274455215
-190.4285365536089,288.8340226779271,93.05193015284088,-477.15475121948526,-205.715951646938,228.96136354591053,-287.6563156955719,-746.4963363305618,-42.457304736373366,13.908283961387257
-397.2940216720855,-448.1280375974054,-245.96499387688812,374.721885755409,138.65150570507365,-408.02694644852727,273.7655580737819,251.4952744574222,181.3049159633442,-230.34862114784266
156.54684294864353,134.103684135919,100.31925738180026,265.20634955732464,-5.609639486234695,370.26433170270883,-287.9348503544983,-249.668339776985,-152.61037810755784,368.7695748005661
134.78094176155045,287.1901679200142,320.05814640005696,24.80848289040615,267.68035118403606,35.954793492296936,325.49026402231664,466.5752340003971,562.5717362983929,-314.27837800145784
-132.20697264838307,41.440922653744444,-208.65292306410385,-354.0166638101153,11.396338439138862,207.22014357287242,462.63570247602854,-559.1593568281805,283.7475838082577,322.9481703761342
365.0045662140125,-409.2109656395698,143.2206799576074,359.6893265644543,212.9766619740099,-157.1288793185477,81.62896935380951,-0.37976666626480177,-389.48857236406445,-9.015826650704573
12.243314931047243,124.98294889676929,-168.4583271115897,-333.8464716382585,-248.1669899226351,-28.10122513783648,-75.69194909589771,356.9491062721093,-244.30938762396752,-214.63218646414097
-82.04938010346005,204.63886845288633,186.27213198017125,52.31008534594276,-137.64535934755727,19.374334597136812,-88.66557769323586,183.29874473403703,128.54208853450885,291.1921616755932
-334.49249398076455,-31.610753311781824,16.602393757312594,-380.51008197182597,-157.32723597688937,-656.3869041343794,-1113.8066329714125,-305.6371143861875,-520.6454774214752,-489.9235322592791
-75.25663660223677,-507.37800461604496,-239.60069496924964,36.70515052997468,-161.6328038703464,357.66039038576844,710.2792967019178,-654.6553599225952,59.37447802878265,-305.5955233982732
198.02570466029772,-71.54845360029492,136.78831276658357,101.52816397812774,37.08373346590133,-288.2493646617358,-282.21723932439113,-42.18279853406639,-476.2767390869628,134.0265979009111
-341.03954719505157,-58.706016009743706,8.621182850653469,-35.82829050407746,-195.31327626128623,382.4961401360449,46.91386202665858,-334.62396743618456,203.8411006224874,-21.488685963906033
-220.0859596307303,-155.9582857961107,21.7555976809806,-33.1208037814687,63.44351368309855,-138.84383119092988,281.4618707325691,349.475450750539,160.85571109359012,-306.29846117137987
110.24563013727197,-16.180638410074664,71.68617206433747,-110.29306386873286,44.1136726393187,-224.27806979414672,-130.28657922982853,473.708389296924,-171.3279004423722,246.60605620580313
-144.43368085159136,2.4720155286735483,-374.50154967464414,225.29479158146876,-78.85391199069582,342.3714238010622,-294.5675671477725,-620.4970711510039,137.98143360084592,-223.35367658787587
248.73536181268,279.77324645412295,47.84104804868019,-272.74201537958845,29.61043219421991,-540.8241656465012,-85.88375075136526,347.6939091734279,-325.06713600361024,85.20941929116412
-487.7562945635986,-370.1301309103459,-369.4732119015589,-207.67162896672426,-193.6484298729283,16.364213001603026,17.431293785993862,-502.61978910075766,-230.01776524818527,-341.1476560272456
-98.54090244548671,-31.922499131749642,-58.99447652669271,-71.0763526391427,-264.3351666692563,-330.70744215981705,-459.6041539630266,-305.4432107406204,-4.354276209472836,-241.61036844352765
105.1988205797948,-526.5262435743372,-261.25414367421575,-140.9395144159802,108.59944987806828,1.6536960689167017,298.691988038799,26.306083740089193,306.66548826595636,118.2478864653673
-72.66613483618504,95.81835281026565,-9.285616593082443,169.96790002871728,-212.27942572851978,53.37391978235587,23.823971900795115,-460.124458777505,-217.57513695340137,116.7151730166411
286.57770249255174,-237.39751350276862,123.87509831281746,-241.21909335021934,-62.038551648565715,128.13529014210533,-379.7773869882371,337.02307728145996,-257.02786032107883,-239.198106937215
-403.3987921491871,309.93099921517125,-189.00920090395948,-170.2126999021253,-196.19992237246865,-159.55486112591893,-101.77376813812485,-226.70972039762387,-110.14146839155389,-129.43525194341714
-554.8087473674591,-238.6153729415258,-243.09269266071368,-115.20064973461706,6.23241781512858,-29.875101928498133,190.8956803717604,-313.2072793138001,-123.97662274728005,-250.781259046882
384.137800499482,313.8507368262067,49.83706439590971,291.355095278059,129.51951226342558,-91.35342536409654,-254.8201990443913,239.30676905564337,33.570939915361734,246.92110080250137
-621.5834368711664,-560.6493652344312,-253.74912998795378,-740.6842750775896,-437.66488458264087,-481.89582905861636,-417.2480305343159,-393.62053639158296,-939.8419452538409,-440.03148256271015
-416.14071823895864,-440.4608192780938,-321.1709456552524,-115.12541470680173,-151.44128866753445,11.764400889415864,31.232343050203454,-933.5094387066317,70.54749646849343,-380.95949457645423
-152.76053609632135,-35.16276051996151,-360.35594653241975,-390.3954640205301,-83.5214955034787,-425.6383581956606,-1256.224841706036,-20.065437878470334,-215.90345155380584,-185.36841173953857
564.1754497657341,277.4516891606014,443.6425488441822,550.0937338152781,328.76995596509767,593.517467803254,1299.0000191874728,759.0577967023168,37.377957623898354,243.02830097233272
-14.42080785238889,-276.11931153288765,-154.7980645206992,-145.0136345147566,-389.7783747128806,-17.278121297853193,-432.6800919278844,345.9637609008344,721.6234812689283,-218.87710688889203
-388.18316900272293,-334.1616245249771,-37.17458641136,-85.01059349308356,-271.55447739548646,35.27393936253258,14.617274118821086,-641.5877814001926,-662.7897210211099,-330.5366585241326
-430.6156295051125,-479.69253022301984,-136.92510077190667,-273.0995260178961,-339.8344896448286,-682.678228518487,-764.0847307885631,-954.0943446485244,-766.8315603392218,-462.7947183857068
-148.1925709591316,-95.21302853561602,-241.96426397863686,-153.74860778526863,-64.74309904216557,11.253167894300907,-6.693302854640625,263.64045256174285,484.76771020567446,-142.589340972841
-571.8021314239495,-168.5148165121434,79.19755145124282,-105.24520123771555,-237.93782971238457,7.196418895877198,109.73021671561986,-556.3335863457435,-169.02046787059706,54.30244559326419
253.67960513160062,178.1770571206238,-70.06990280960991,80.14661762406804,213.74738643163383,-129.80471641412785,152.8115283572765,-400.1261827480092,209.49761825811748,-135.4237716318615
214.23547389133304,182.10220398083723,261.373254990637,357.9834996265811,288.6793293752394,-19.546570448640896,-189.09516394599157,1407.194863507558,252.63873609634123,17.282552060013423
289.64687007168664,267.2148639067349,-14.407414394583618,-104.06904570526986,237.08570895349678,130.71450941543856,265.3811228175292,26.16580969862655,233.13844952613823,414.94257673606495
37.160825046445886,352.7380611228434,47.02783485124529,233.71905020650536,293.8478396913923,-12.046971075931607,-63.540467033361864,-269.3639103919788,-71.53693744177554,40.62916587365915
160.5238527763034,97.28249835019066,-27.35591640061529,318.11723263453484,82.7553896872341,401.6073704863857,1135.8722510833147,586.9568008060505,186.82748005511223,117.73973097334977
119.06146045573303,3.578984435050076,213.89115291736942,-124.71025588871674,-425.55999599603723,38.64315478871696,-307.2387982432234,-328.8087706381186,-262.43710953635275,95.30929679623496
-119.58529899793754,-265.25486117220294,-220.24740018305573,-179.39692092909212,479.96122729395876,-391.09065863203705,-334.5004287986773,-467.91396066486095,471.7963330911038,-51.866944231335246
-80.61124891417055,52.90977277678385,-86.78870566948099,-133.55543921580127,-183.1023543214231,122.50036744241869,-51.82196461566151,172.26324455193694,36.447805203567874,166.20221647375647
43.386199498786695,309.7710438851228,156.76133322268913,277.4722000006254,25.377817339920266,43.27829152855216,-125.81317582628361,-400.9265388561976,-289.11098530315826,-168.93312406087088
-220.37984212001035,-629.65434627638,-381.76696761259734,-330.1244469115928,-229.88798026129663,-155.62110600130754,-158.09814494883378,-416.529497792797,154.36811487387078,-486.76069534239844
186.60561626217742,205.41537659727828,-92.39932496336921,-48.664199768654306,200.24420652547633,-216.77936196976302,262.10952594955756,-85.42607414745876,-595.6710723180767,117.48954717115565
-142.04271905206627,-347.02993302392014,169.09832930078957,241.66564048427233,-108.5577283527234,193.30300182176165,-361.4041813125327,341.6679584927605,369.9865551897228,138.98983338273865
458.06837915877276,864.3010200652302,158.34654451906056,265.3715629778389,509.79798056243663,130.2223161844553,81.8254073574362,798.8515714831577,432.5285811045923,664.7816723935738
-19.175626340538937,-444.5168025207794,-232.67626317942464,-76.41389125713637,-129.22157630947407,-173.1239371809737,576.7219674606976,-213.15153224998886,22.09683060312226,-356.87485765893877
-364.59310696690136,-140.6143054292741,28.18005728739783,-289.94301815296774,-437.94991312200466,-92.122749246259,20.166418827881966,-400.0717856058494,-318.15793954598917,-114.84106319897063
79.82393749450435,-81.45036003137633,48.53064285818643,0.5412047327190647,283.29637309686336,-6.187263153294377,-291.377940311307,595.0937937102964,-172.88793541723354,98.60902415334822
1014.3374656737714,332.8226162308507,330.45870289875984,441.71351076168844,-109.10261898648065,378.36994256697636,390.7412123435438,177.79326193284373,422.71380684999934,247.53847945680053
-679.3028721211579,290.8882118906003,-95.83665298103553,58.30258537535886,149.4340109725259,76.99464776498166,271.8922508475673,-614.0329373280565,-217.9013426819415,91.32758694069571
-20.632455325501894,201.2811030440225,135.56884750502687,146.41472687032282,345.43550015337394,247.84901878254774,-47.33470008955872,474.19805107743093,328.8548297373971,10.532386507723045
607.6091355259626,403.65285303148164,-113.95686909858331,184.04674861594683,255.31799334477634,260.93591840737923,825.394615526817,480.06145987182555,250.04918277631336,301.875863115694
-278.8953273112911,-283.8942865958372,118.03881497861491,-17.146189163098484,-244.00460230020275,-129.22361096926141,-761.0225527811137,-19.73961969024736,-16.604082303338913,-147.5851791360024
626.3233208080632,194.5826980739214,365.75212846284,-50.415565819657196,315.1941914182725,118.43627963409054,507.6971782864901,361.11585169582577,834.0238680478535,368.26799377604567
-280.20596612033245,183.44575155578985,-81.34310119195327,99.45641018024679,92.00254493944594,38.59851625067299,-306.5565558042692,35.72133894378519,-695.2042549569776,148.33692523187662
387.26373183638435,50.33989709796798,78.18853699899505,287.0652908794572,175.46324185349107,35.31375446923112,105.62610805555133,468.2856957898788,24.818922937627793,111.47621910455743
-405.17299142509285,552.0870502440176,0.036234525475224204,-141.2683167074497,-403.3006494448817,172.37445740145105,20.397824349243038,-225.10562394801218,446.6327534756925,3.7858826270541224
-705.0189396783638,-701.3726884978303,-479.0912867713812,-206.12935123938644,-69.99845518059996,-530.0545444681525,-781.810376397072,-898.6635622123249,-704.8507381402984,-244.1633060119938
176.462002309228,-521.5518710618552,213.60250044712276,-370.37849781925615,-195.7271323003364,219.18425887249006,448.16613760472814,241.49954713345866,-327.06656506945683,-359.0617516516039
-646.3857503779558,3.6074338682111127,-473.3851483397598,-61.01977211510234,-163.35045668415037,-386.991212572245,-132.03905075074522,-418.14338296884074,-99.37933871686236,7.929731135339965
102.03841785928327,-174.3466210634048,178.6641842962418,94.74147768364347,-86.30303207002433,-109.3378546047918,-304.94086373858016,-191.62619292622014,-251.52116105741672,-53.909435209333566
218.08694726477432,470.50565209110687,-320.7660596374897,-215.68244922091154,146.48096329974769,103.51199019458747,396.42757081473854,210.4696585500024,119.66588198953508,285.9493119116532
-59.773364903887455,-305.850027867901,52.3825641380649,-384.7497984909583,-58.96729405371166,-74.56359663038913,-528.9568709585075,-33.594838433142264,87.62580184178913,-355.1627445836765
-246.34584995260892,81.160887078713,-298.2306499792764,285.12420808029555,-67.78705854481306,-144.10227443239117,-74.74259830002323,331.604516893758,-186.41831925593715,130.73583372335784
-489.0006267794481,-344.33057926013703,-150.05898122945285,-499.21085311493505,-62.87814143931121,-324.0749941286727,-153.90792618520877,-66.55105322771495,-247.94143838784555,-409.8555879046699
172.14674460056608,-315.3213960678931,35.96859768895384,141.26384116066768,-102.94657864696362,35.25414239633872,-206.41144295170287,36.00510756841498,-516.1830314024127,64.34039990604883
391.0819778586893,-5.687409185406799,210.79744826299614,-39.88520634798633,167.75111074529923,-21.646700636711117,829.7220855750838,286.4208610821051,-8.056500116813327,-54.50147848845283
162.10488686733422,443.44051290763315,256.7559045872572,370.91689877847676,155.69970995911117,182.36755380715152,182.44503603725258,432.6911190820591,993.7443451470945,186.2988956868255
-424.7126493548037,-31.705872757044204,-237.18596001922754,-254.86623858441274,-82.65336576958605,-154.0359022344537,-645.2031357408582,-636.5712809255855,-213.40707996045236,149.29272278810828
47.13532209875958,-554.8284469054105,153.12271430838288,-81.3435398163072,-48.50342869295368,105.91399387274025,368.23498399318623,-502.06656698278897,-241.26192005332746,75.73367651674953
-598.2064856887883,-283.42196284288735,-529.2642693484298,-375.0560719466875,-214.24877831646174,-513.2473444858331,-629.0815467370445,-295.92923981708856,-699.8815461739864,-343.5908519925212
388.21528853322553,538.6338902938445,247.0816358796159,240.42434886290434,36.604844777310014,320.4328460457585,484.070292045693,-20.189628438118095,472.60186849266466,107.879408502415
63.262232835099674,-209.84171157323433,-38.635742249771916,-49.71240085880944,-16.649753371124227,167.97203875547208,243.1555635290017,-166.8344828722638,166.35161204547995,128.1393502376077
10.987092022765319,246.72441170231053,-48.260608031298936,121.40115543825779,8.091032592546481,-176.38899371719899,-754.5264827027984,97.55513570854885,-534.2264571005381,-324.3174363808424
-722.5874463748928,-423.337716684187,-106.78884634479024,-201.32198758333516,-455.142563175646,-296.1806341736547,-502.1684341437196,2.4337708337728894,-510.21371413276063,-508.66808143682346
605.2711420388714,-281.9225511270362,345.77717925220287,319.9023817186582,432.35201234308374,245.54041155689924,1252.9201181030362,-171.3725605832417,610.4206558402583,162.8760057915902
-199.44078444472936,90.35195726671229,-268.68878529305766,-161.54622090284772,-69.80584746067386,-153.45298079478727,-532.9980524008156,4.980840923992912,-255.7521880766779,282.26861170408245
-395.56305596906043,48.050517431717815,-71.69408929144075,248.49314043135396,176.84999602571824,-87.57719270329326,-201.52238327736487,58.74818005569512,128.62072807548634,-167.97160402930942
5.8739048790906665,-311.60489020444777,65.91974006471904,-542.1539268123312,-264.4335803039035,-212.2982261375513,-15.352928935078127,-408.88130545267774,-207.49438996213664,-310.92664524056056
-102.405811513297,-76.19001850532061,-251.7632739610838,148.4808599280245,-58.16138512510361,213.59343262697635,-257.3232186551478,635.0218393968148,488.5201440196919,176.0230193975585
640.1081753859901,371.7536595363338,489.1525099416706,578.1487898374572,542.4459138308619,175.4508638252263,454.48874604270526,40.369448568588815,498.6184541470123,330.8287245038036
-420.4184785630078,288.5562111469585,98.26396364575491,-372.30188410891157,-207.7664420528956,-135.67170302264987,-504.1871513484954,-476.4029712015635,-560.9509281381704,-203.96572356729268
-144.61333691406165,-328.2065893593797,-336.5716080331451,-182.97261413580273,-105.09893983573042,124.47761502309925,408.0219086347271,-173.5140848164505,-171.9670460915096,-246.97953764854108
424.23216815302817,163.97086492320932,380.5742038097031,679.8265729776879,137.75090642640077,367.1183848106285,289.9015856384896,525.1879249579252,49.40494808059581,124.22429956335026
-144.29321411908165,-64.48196700409378,153.31543291401582,-294.55750482131987,-67.5306886663684,89.93674706706594,106.13886426558327,-411.3644234701656,-201.22553879536312,-275.4646587483271
-96.88532042657863,-43.88510691342562,-226.89714003464752,-181.07681558703638,-294.04804971514716,-322.15921004226084,-967.3488358099581,-386.0146268672322,-7.57245489936787,107.53835185012309
68.23471844201794,-25.819831753562326,28.819986316593788,32.16405922839468,350.35135556368976,272.0545792375175,756.7146123115394,339.3682288451504,278.5683131413509,69.82289678470615
139.05118633457218,212.96052950432798,116.21147294644572,126.38046740015069,-53.051989328274175,-285.2283707868258,-423.87846607388605,10.719209026752807,12.719922315357095,63.80331522735669
123.64639385184766,155.61270108702695,43.36282481681819,370.0725295734323,174.2887444893124,379.85443189324934,247.65483523530034,291.06290481196265,617.2105869733944,245.31396634463434
219.54205846881115,269.92163645403343,-34.147590186681754,-332.1814253028041,62.35057457573765,97.6533316104686,484.8453588633024,441.2015297834018,-149.34184525649374,72.20680477996343
-137.77118666830222,-110.77463631333497,-34.3358657117902,346.45342847785054,98.55668924226556,5.112917884304813,3.8063862412680436,411.1461165912663,118.77806948286133,202.07395986887434
169.07730005097366,-64.04122556062478,-175.15210311286114,-185.6040480662476,104.76521837133829,-332.8076782681041,-235.2317314846381,319.5488925798107,-26.209947841078243,106.61354515728192
6.23541986550608,-414.8438075890443,-84.54707844106625,-96.57922491858056,-246.420875677258,66.15826409096023,-231.61144939937643,-732.2535213475829,-380.66209871913935,-306.5530517725818
188.32295418442013,156.2060667685893,-169.6368117202394,299.8604939511705,185.57842673817217,178.26921860997786,471.19189596861156,-112.58037496730864,-182.64212144177068,184.50330911266292
-366.41566584555085,-260.8733080771446,-148.09818572139324,-454.5530972919901,-226.34806354351252,-218.29396613545794,39.89681646323868,-5.35681350374927,-385.3158861392183,-247.68636622894977
206.41933785474205,207.07020012580028,55.43529789401802,-43.21393849152551,-442.1178521643786,-201.07931243034102,-23.135763535199047,204.97593157530275,-39.38386620640755,94.5371788703901
-715.1277415375821,-303.7830967823129,-216.42555400930183,-275.67301129828803,-120.68062522540089,-303.905595374142,-691.4286534798092,-518.154094035016,-138.1464339018392,-283.2227688203642
693.8218921698684,528.3101869060869,101.0089208100052,171.95719333283344,591.9568591099475,565.6646906587414,411.9648314243364,543.9306637562124,544.901172980824,167.24036570817682
236.52957103472625,-340.90594313837016,177.31933809888375,97.28801584705968,-159.27181902270164,-227.27587299411218,-458.1645404573954,625.1213832605783,285.2900382164204,386.91259871194023
54.752988724826956,247.6043770679132,-373.0814290961526,323.17485642286647,325.8784277751212,143.85687806976924,504.55407607879204,-316.54444977622995,339.16435210563856,190.21512446407428
-182.73080727219448,-16.146506867753473,200.32158829598808,-142.86629929834385,-247.324755742051,-258.06510650014474,-139.10691551306314,171.5910637708608,-596.9596813732996,-327.15180635032755
-262.71301596734435,-50.86889893633207,35.290708396030915,-227.94825581494297,-20.23405864875427,49.94514280126665,-557.970880531151,-537.929636245592,265.49184017243306,-77.78687925760654
-157.37854235386763,-88.07123911329705,-112.27873907434127,-20.840875531325583,10.578735779690879,190.45790007996393,899.6316170548498,273.7655409744417,-572.5968735004858,260.05619178754444
499.3776113434205,295.6354586328617,28.499661856413763,183.51923199885852,186.726120229441,-5.9201066311604045,-330.32267109760335,495.1286772700145,170.08781621853765,149.40391970954687
-550.7856235101988,-401.4900386902785,-370.6594889002241,-128.43716241402473,-443.52920669336686,-132.16168464682076,35.77209897271658,-54.172057826916486,-104.35553184062104,-165.04244141529315
195.7945184196454,184.58711281507883,242.68702981564346,-102.48695867758217,-74.12780092621986,-237.97888167343314,-17.47287304960129,174.54062140052378,-340.78625455770435,-152.47452819724097
45.95255421361529,64.67826829648165,-250.44478201816545,-123.10653932222296,-90.94676257205437,143.55777973556025,-463.84144585144816,-260.0559732267522,326.45721340576216,-102.41004643054566
-528.1717221750748,-233.55055636781432,88.66486614466588,71.244928860496,122.4037093193259,-237.16123279966774,188.31292925020549,-578.5850321233407,254.37072171925416,-84.63669383862921
360.41371963210355,-125.12914952788664,-103.61975859633334,-128.47080145732383,9.201473075409996,-174.47474247245057,347.95786376337793,-192.3857537350807,-694.5867544865695,112.16765073874018
-216.55838921830318,13.769372816602012,226.0733746235523,213.42675567224842,-104.08084958737433,267.1222540327638,-647.6819077683119,713.6288530119864,51.43152762285671,-311.8150923076225
-50.162098738953425,259.4519987566106,105.56498282775812,61.94270819048463,230.17183348299451,-98.26065612559178,-99.78730703393404,-91.79243628321098,131.6625167926774,156.75438191056185
301.94598860941676,53.01092635696117,129.33932537940217,30.470957768416483,-39.81304794593829,390.7063549061681,754.8780923898355,-115.57981030998951,-40.538137383979006,-187.92584010469002
-249.2139143401941,-286.3396186591294,-23.70397259512363,-142.0102814059737,-53.17300156896014,-87.71331735002417,-531.4879139874638,-536.5863372873458,233.87746971581802,236.6105404327282
-35.05838606912369,66.49851834030575,-237.3345830497178,96.4653277752631,-71.00675162007454,-300.39949451735043,1.3440680844877233,-19.5921233028473,-15.06271941708416,-200.1768593450166
270.2384200955402,-59.60667843764121,284.1185083973502,-5.036130597314212,39.78608028974963,311.0112864388737,14.649675909929046,309.09901340090863,249.69678923780918,-1.319622301182466
-252.22752939047132,-84.93815375183321,28.747226482169307,35.422737574307604,50.618798437777144,-290.7740619015461,267.85864117017144,311.35348687393366,-444.86326840901523,-40.740338351806784
-247.09041775646637,-41.55682102520247,-128.03305857860067,-0.430909597990057,-18.569591779468528,-252.09923491784951,-158.14595895608707,-209.95388057526858,250.30300824962555,139.3804059043385
345.2016963504658,253.48987783394202,-75.0371604364716,208.7277655844022,71.21835666352926,341.44307612664375,219.33310435726477,60.10468067939786,-101.81298985269717,178.2169167468984
-232.58842880014723,75.51715981180925,-34.57383713329022,28.08220760082839,-37.072157884943806,-82.64322833711407,-90.06052999619801,316.2865100109067,81.53467964352976,-184.50247968157467
338.4068664894914,132.48910966360154,-48.11645737533769,154.48503174987698,284.5492458027623,-17.531171963353444,542.2570831564445,231.51898999857244,273.7574452273327,216.67291999481148
25.770484536231294,127.73159512135963,-74.45976860305925,-210.28653883184822,-16.961350496260923,2.376707107578071,-726.4438169111347,-262.6064722872203,23.76705848720086,30.03434023628989
-114.3196619325758,-103.87293818998971,-84.14866248099504,-118.54740665444112,18.20509805863265,36.74834480376317,-31.58948615213814,-353.55960841727205,-284.8607234986429,-134.95719072031767
-112.90446118240062,148.79004693916622,35.05530032018859,110.03686118501525,20.770118185233933,100.63068829603232,630.0186313790801,19.955195957931632,158.8030040058588,-85.0689301946463
-367.20734163221596,-613.5462973599888,-459.38173694482674,-229.18877599652487,61.3078521097047,124.77266829276482,-443.0869423396905,-333.00684107871285,-415.45995688518235,-96.85647335079581
-130.30547340429374,-253.0034908632393,0.6959185619452598,-242.33735023797695,-229.01229589073938,-87.32803555846517,-116.87844988976549,99.96205201293655,-24.09659835774057,-85.9943607356649
-192.984190705133,275.08252601269726,-186.8799008548137,-142.11702313669855,16.687310921579748,-131.70778303860513,-69.30785334249902,255.1961369897304,-269.57580738444244,-65.565315404694
20.12975736420285,-179.40839457611727,-40.630146399705296,-146.3338579253082,-338.6421277267684,-139.05566644485762,-245.93880427043126,383.0829307531939,396.481974638593,70.80064304286267
-478.50819928970066,-718.3397427592275,-181.9832340192029,133.81969696955028,-341.46067985705895,-207.8043171699409,-216.3364994858175,-961.3491331233661,-170.0820378019802,-562.855987290211
119.04941661644966,776.7282356552879,72.6985304211371,73.9199463651047,8.780970825160052,244.81159357159294,585.5219383152969,141.91861918446583,-9.811447952221531,223.50740459636478
-145.83698229481357,-484.1195387467447,-46.75588701159933,-398.0092281396664,-185.0634406732108,-363.36820858183336,-467.3218153300333,100.7831886544429,-504.35228818968255,-308.91881586071065
-179.536915360645,-291.7375095436734,-273.05243576015306,-194.1894349929124,48.473456856565214,265.8387620702344,178.69517167163525,-152.74956121597194,-401.8382584083811,-102.74275855864471
733.9414542006768,712.3934874924428,338.1240411250907,191.91560793436017,135.08070603872721,64.39237244302576,275.89670875966766,193.46666812781186,177.23889921769495,280.1624867146231
-391.836696761458,-430.89935198224066,-142.4816917552077,-171.0405725284438,-73.39093047019387,-179.80188358096765,-522.6469229838409,18.612038663449336,432.80382443017277,-278.6698899184611
59.89417961405859,-132.53688368884494,146.99215475460352,72.24329358451061,170.63756167474446,171.78167515373462,-48.129583003334005,-44.763844601788534,-55.3165981017316,-81.96187192133547
-55.84431553953712,-135.271119306559,-276.4516597334419,-157.44499650509113,-315.3867291707793,-14.538690236754642,102.65094312947743,-297.27397996015856,-730.9270008110266,-11.422552793646807
90.05059225689216,119.0724283189624,-21.301954684324432,59.82159415203099,211.63825251849258,213.06702795683105,-54.50531878798907,-232.88282909832438,320.23751427217707,1.4681921527052038
-124.26436459045773,-184.78340588071745,-335.0176986636418,-160.6660874978921,-204.19862937044968,-552.9847312877033,-476.2896508915875,-55.59864633729755,-241.46995922046085,-12.512520356658266
31.067534286737033,-143.3767504038579,104.93095680034855,-33.37721484087814,22.35650085345582,125.86134327537151,137.04929645404755,539.5306283321098,-92.60630874218054,-12.027113301740544
197.85019645272416,169.36167105782346,113.08905489714932,0.2098389070765667,5.668112221287522,-14.805703846998846,-371.2891503343005,-278.5270122621962,208.13324831340657,153.76350472982693
-114.75746572244793,-44.03962877139949,26.049828591264262,-247.66315573225214,-244.79346579897037,-166.08325749797172,37.366731899089984,-67.57787456530139,-160.14408422131166,-135.9728241368499
-267.49487171368315,136.44739241763253,-251.34475294095776,70.56558686215183,122.82198836322036,-77.90790758050257,-4.936216577991539,-332.48433001591377,309.1313696581625,183.41878103121113
277.0123239889767,98.27328388310515,324.5494958636278,56.900576859851995,118.8221202991944,200.74492041318376,334.45520482799617,627.854686829483,-335.48707142818563,523.4235336064557
-40.114891553522675,11.856212621010341,-20.33921847456605,-11.448535630534476,180.44583590168264,151.05376961132905,-143.5260708129888,-174.47793474418432,227.94792239120991,-123.77673611550175
76.3036504239826,-352.7630453554889,-224.38827434497827,108.7171437302036,-122.5617035395374,118.35620664547041,415.4008705907859,-80.16688435732588,-54.708719531948475,-306.32402736446886
-242.5098391590512,259.12232233464783,-186.7609258315684,-268.5313049902953,196.7192692899244,-216.53520570188542,207.40122933687329,36.62356096493266,-104.01397200233386,55.819440112368184
236.59794961153435,-394.2552965883402,-190.3224739976293,-16.546418637765086,-243.78984649711586,-282.98156664507604,-1095.9316508319264,-12.93082169735186,223.50040150337034,-116.44779037830025
-561.991793014097,-173.58687943941968,135.3869843798472,-135.07623997571747,-137.00888728530845,-81.03803222241514,229.50590349865334,-97.26122856886437,-378.0983042956564,-392.4228446301293
59.32294438399226,382.44568451997924,-83.55136443456267,-48.32854729756092,83.56557194705734,27.193559825706597,117.34414332382828,-345.8290004178339,221.66387095126095,191.02380773517888
-79.42215938542667,-149.56192217268304,184.5858685854734,97.80659460276713,-213.74328047782177,54.28640804724699,552.0279480537095,178.89948029531223,91.51115357238953,-211.21714091324006
-456.98939638932393,-347.972053794962,-264.2334177470729,-298.9974164977631,-41.946823086382025,-269.79219665919356,-547.3352215021272,120.55005440556273,-230.3096204897509,-358.8097517709411
484.3007624690579,-57.57248648889972,438.5228830050077,182.73523025102185,48.95631626094764,86.84937483514992,-87.91209928803876,-308.39835169792934,-311.4408218899434,151.6786237468713
-460.83207707328916,-138.79184083458426,-482.2224303986504,-123.67720509590912,-236.186492374884,-207.9778190312057,-312.7860943393544,-561.3628703826942,-27.465263532133324,-332.1180236615927
178.77599200098007,-516.0003658200449,98.90528933811744,-117.8842844781642,-34.109934405802406,113.2481258000886,333.634831197745,98.23651835238404,10.595442645182574,-26.321141713070176
458.5165055698662,386.7859869793702,-80.24375112204059,156.13941541261553,114.31051483783571,-91.20637629429874,-414.51807967011945,-289.54848980634034,111.45051903168635,43.64748333940002
-784.2868894634848,-509.5822912497507,-104.7101637124566,-460.52465682987474,-474.569540589152,-205.4319209610237,-84.96228941989091,30.80706504598513,-230.8839929190129,-264.2469774348608
60.753260343440026,658.1560610603872,436.06511098095,273.7167076475703,245.91727467568344,277.9063113956793,842.5716308141566,136.57847095786192,45.58439582078037,315.6301809893338
284.2234400573096,-109.84009073137915,49.1048529786891,121.36148182161759,254.41466632853817,-347.89763666825746,-1249.0993053021414,-76.62224240370116,129.6951377320078,-87.65353838732229
-339.8752388692502,-517.3000111829533,-130.01539567212777,182.93546865925785,-122.14580036856476,6.232408673108347,590.4240013615498,-495.3932580292318,-297.57689273284353,-59.361887382533055
320.82894527730934,564.8611695383092,81.91147657251967,142.09381607806992,1.3619417829261427,202.9559082160011,152.9737852392553,448.48673775257225,248.46688247862141,80.12229438244978
602.1928602880624,-437.6147556441896,-139.7343255169674,-144.94914284112554,80.26904027913078,373.8939935156744,457.67732169652896,20.986084238814293,66.95168568550925,152.32079183999699
-895.0462297295311,44.28288107828244,-207.6913010217071,44.92894387858831,-127.37519098090797,-52.97409166543493,-496.09379386861224,-497.23108062823786,-196.48758501156524,-145.261279198429
-357.4795936752057,150.4060308098424,-55.30382212880323,-488.8623561889931,-499.7528961834033,-329.59440505398237,-486.8709601073094,171.94032220040475,-256.87044597114544,-198.8187487117745
356.3291331629493,-186.94950088787584,-170.6838153218092,-10.3124099992579,269.4734862261081,-42.06955411969553,75.57296036037533,-79.81593110025605,-209.01814732960486,-45.97131007668822
-406.0216095710384,407.0686206831532,-193.1076621122841,-180.0945618550269,145.75934973053407,-118.6170929772985,-194.53280531514386,367.78997481573157,126.3821125932877,357.21118969597154
235.14706284463054,-147.3788064428035,76.08135624068153,-61.70929314759133,-141.5301507846369,173.37984490720967,1092.6649212197242,-3.06903357511995,189.44282112034927,-121.80222367319143
298.1171987148422,-63.28458832562687,28.633238744271857,152.969020935295,117.02099302627185,-237.77429124977485,-1058.4238048859754,-30.273649782657273,-124.98152428560614,16.327849528400094
-56.420668646646305,-83.02732444301363,-116.14279223836964,384.6358854414052,187.12848435446875,200.31154599148326,828.3239727172299,517.762410876765,322.2402077613441,151.74178483895273
-531.4657220548349,-163.32636387279786,-34.1633811336511,-273.54080252513387,16.704676046351388,-345.94240227353833,-450.8325674747531,-309.3478235682682,-613.7846636505512,-164.21555230191018
150.8717271347651,452.27430497038483,-70.27609943321917,28.416189330471664,186.26251714066302,420.3282682946516,109.36141604068229,258.5617048068468,591.584702287223,272.06080011093525
422.62469938177713,-152.3255082892637,320.66422639820723,104.04981094772059,-72.94523374077245,41.6673404254524,266.15928736030884,88.08542950846754,143.23940935267024,-8.503098792998394
-592.2857012217764,-344.4605323332792,-408.90777689506456,-240.20032779253708,-464.77193800165327,-115.13358230038337,-397.63982702110036,322.2978239141919,-851.0855916630313,-82.02140892633027
656.7870912852007,234.798429609496,284.9915065867315,24.051899555451005,231.61372386323927,-136.31286223945264,368.8304596466378,-582.3771162342891,609.2333375676043,-12.10083121077885
-409.26895653463095,300.3568894660878,-82.18387918015225,174.90676340300615,-184.25750143077784,88.44814142055291,108.0777084360484,-304.5723803513285,-172.8952897806346,-321.58798551457284
68.88222363916505,-170.7852516034091,37.4148375497622,151.3817770060281,220.63609051984395,152.54792444763254,145.08129592867328,458.3504933609469,111.36183563029415,298.41347827150145
557.1460682893297,-38.022482347926264,53.64858479053648,11.811053226199485,420.3656368947277,-53.01879199216038,-623.7758373593828,-360.83452270103754,250.58819214739756,362.80948058351754
-84.75233283415707,601.7803884824069,202.02477736240385,82.20544071602731,-16.297074633322964,360.4274965276513,869.3689366844537,295.51567912799675,393.99558458883587,237.28184651630542
77.4099987210074,-135.83749300446934,21.153717786430047,146.19531519008217,8.902786011987596,-85.60545816908716,-154.93719704545467,333.46726828669483,-93.0121723250828,116.49740634034154
282.4742567148269,-317.219992037964,41.149916435241856,60.80517782696286,250.3928622019392,71.53594581151518,-72.87380977349754,44.550766115135126,-76.13459241362249,-181.31419310905306
30.376765385767893,-65.92248885729356,-21.056222698847414,-401.38606905011756,-453.6385583775499,-32.34829844860948,32.20705281138143,-359.1020490806495,-409.6584591551761,-172.45589311868824
-975.0820916474697,-149.07768537465935,-122.57427841960403,-381.77462567228287,-112.51078850099537,90.05076961819277,-123.39903766895183,-398.4793154330814,-114.50577975188786,-560.156844732168
-44.70841788755929,-113.75312796906485,-266.2489304508962,29.450808297712985,-70.73068354081279,-281.478586906569,-345.7207543998477,126.99371002676776,217.03659231518816,-103.25989277725753
149.34652310556726,220.072711124457,-45.071801222718044,265.3698846253312,139.54091515892787,45.69328966254819,-48.669365328189805,-286.0115197740499,-7.548147822200531,145.3718899010776
325.42171451098847,-147.96859890195293,54.21862608873144,72.85278266857883,-47.69374856808609,-231.1268549297488,-650.673877526427,35.64703536721942,311.0330368210136,-231.8443090626692
-488.26013980260836,-319.71509224096854,-37.12540885152205,-179.32732294063737,-219.179415322474,-170.6139205221636,418.0028726463609,73.96072387049512,-360.1685794295847,207.54313614893755
855.9840911196482,137.89084904614336,288.6878205379592,485.5193511412078,535.6498394278383,570.7237945573938,633.4961367349147,577.3293078042703,157.2876511908906,410.1440605209886
-545.4648842898197,-353.1698961187756,-111.43525470764259,-487.9256504549466,-410.89173141441887,-353.09538108748524,-379.8450835589559,-229.97705606689374,-293.9002063236108,-338.5537159488306
-385.7736748496323,221.9018137247824,-176.298703738672,-229.02323877334103,38.328472703553025,-125.93417221705276,-548.3816797984241,-305.39955596587964,-195.58261949347036,-234.36478890894003
-403.09159537658434,281.65488354445836,-79.96220850538677,-179.96122017635736,-476.68722262608253,-306.71223255189466,-237.2424602217133,271.64686091385965,-257.27357881833353,-165.09569772595353
-13.662756107319039,-282.8139855684546,-215.37153087046568,-113.75390099101472,126.24367434520272,-172.4364440568504,-65.70875011225517,-534.7600511212539,326.7202825406625,-165.3638673363008
287.92995753578816,-162.7184118437458,268.49406463867524,393.7329400403784,261.44072822056177,341.52928226283103,744.1014692663753,187.4639637035304,-199.7062558965371,332.5526741362888
-68.67226464498026,-178.11484085587944,-229.12238635655237,-398.52683970820465,-113.91660532547158,211.06601219678947,-52.6459046405509,-300.01658267201765,285.68154054113717,86.00972392924245
402.50001490674623,507.04787742232884,376.27580511348543,594.114049014743,369.20208926518296,-60.712459414331875,71.81042556588179,928.0194824848874,-82.58646912450905,153.3467481387029
81.66964405838473,-6.226356892206796,54.73008607089586,-91.34724343815223,53.633399021281676,50.100882853774195,-311.4182900658391,600.2206145783437,-5.095201882191605,-177.2405065763192
-657.4751831308325,-346.3445013888712,-263.7842565016675,-249.18367794023803,-599.7742735072359,-205.4818829481485,-193.8833809521855,-1071.4123717101688,-116.23373897020048,-343.85495759006454
319.8475832044497,-257.25231927726645,41.01849477228815,23.083539304205537,-104.46149126734497,-24.240644708994807,-75.41756825171113,-180.1817492301977,-142.29631204892877,91.10369859626509
-606.551042332111,44.35561808878604,-172.37075303552828,-329.15997589977695,-315.5507651343418,-126.91254940682097,-140.18518594442185,-97.76083671086651,-292.21919972609993,-199.5278556648576
129.92442367908595,222.51734964175208,-0.11659126067990577,171.447790481885,218.9416626387192,-41.20638925030889,63.456405381100204,185.78102803114783,-73.25554565794936,149.35769408021144
702.2276721044668,79.36992954050062,489.23410592575544,209.30469703375547,561.9958227120347,482.7477269463364,658.7647694373219,500.6662437044293,496.11772942058445,314.7150482189735
443.4444728199362,595.6527089556472,74.42876529818263,240.70784304659568,-8.879891314553674,158.1474521816224,300.0616942672499,-172.8978004256372,194.44029719529397,460.7415715480411
146.0930674176109,168.89595905731892,32.54161006857566,552.7465160527217,328.04324117668045,-47.305700356537926,-364.95733331886555,338.8853916829915,-117.89309100486295,11.775715947630724
-32.99768613805907,-253.43875899663323,-85.75178496385708,-313.70056829604283,133.78805045246787,-16.476205939221682,-67.36332748357586,-127.61402773713115,122.00154838249308,-117.25859961810878
-507.10413525537916,-63.504291719764005,223.16085948089832,-269.44889773123344,-492.4931155799105,-99.93519773822828,201.32457832134696,-205.23867368806032,-320.53230446347914,-368.1662767052747
129.627955741127,-320.6171255261365,-365.33171231298945,-47.81055513180616,-417.00321390080654,-165.68287966126152,-239.0993652031536,-650.009607472788,-94.43025803966654,-211.9813448018638
-448.353348990475,-155.26337646870823,70.38360071135861,-51.12170162121649,58.80968723560311,-93.32561495038381,-247.7872817056644,30.80335946528875,-291.9415313269661,-47.84837208773942
77.8460972495762,-184.89875850286265,-114.70090975810389,-330.10707830308274,-57.03625338576387,-22.49096015498739,-34.9434055456024,-234.91371671471217,-27.51878723597119,-22.37519004812146
140.91807390363923,-105.70724254559666,-98.92606640334266,192.23913695523729,-78.25604746701615,30.0267029317436,-264.3642679373136,-222.83961933483954,-418.8406481211257,-152.50959212737595
-240.80932745012655,-334.86994882553694,-205.3128650622524,-112.10613318401958,-66.98090637711209,-401.0615804103123,-455.1482536395079,-442.2507318823286,176.5270551071646,-235.15595886701996
48.26816073644467,438.44243548419996,258.4940250665482,-20.044124871739587,27.492269467209272,532.9942078031893,800.3859983708505,607.9678439815697,169.46084707308373,627.5683211779486
103.10360571273038,-15.932391410708776,-72.81000020294373,32.73975989469837,95.63710308485204,-211.21744404863063,-257.46011532288946,37.606173044256614,-377.2700021818125,-453.576915996371
-142.97165798310917,-318.9509175232996,-21.50498723848821,108.64291177247685,38.86152891152511,351.61351596274227,-111.24938893537323,-142.73388142825115,169.63144408884875,110.9260004184337
341.9708060012135,561.4520345951046,314.2743347131589,-12.830590440813051,270.29876471069775,108.17663278041557,566.3552087413968,413.5181279416393,267.71762936992485,319.9798630554073
381.0987415378394,-83.4806775021089,267.88031351706644,401.3359550344723,284.0601998105773,-296.63868576944657,-650.4588128966275,-1.2069351393899954,346.1067122674728,13.135750147536296
-1007.2422978727552,55.61650533808117,-441.7821168843571,-349.94188590105455,-196.67317421802662,-15.779506632836076,275.4100041558253,-97.7122998934166,13.33637519310102,104.11550841238527
466.3677300205781,201.96253480816424,135.0240295437492,160.12234283252909,199.41399060863344,282.27603495815714,384.7873736840173,597.1782010329542,254.9196775445329,-30.385340996921446
14.795142968765605,-164.02724954996827,318.3036990917693,-44.671557070447584,-214.10752527803712,131.33616945293417,163.10255489316222,-18.791531190425726,-132.99958655569162,145.4627860475844
140.22525392682957,-121.60076382382705,-195.89930019007818,-36.66249008256663,-68.86422522297131,-86.61374983194425,-831.4083786958311,-790.2528700644943,220.41471103618196,-221.98296545633502
24.598687059400234,317.84138506697246,159.0733618769001,322.9915096997494,199.3566926579931,182.67656112988573,518.0817430287176,549.9131706076994,148.5884421129599,320.0423922512511
-117.98825313585795,-228.6652281303023,-182.22695525129464,-248.90988617623708,-18.79558815853783,-150.1477173470139,370.71062045714575,40.442432722274766,-556.3812997684869,-158.16544882815285
-244.56555384901012,-146.73916398776998,-209.90034989674504,-326.12424115445833,-434.72804001212285,-34.94799815300563,-267.21001704430927,191.01679441235936,213.67817139234674,-262.8269127634354
-57.858459565136094,-252.1255912341686,-129.2931792320486,278.7222611185658,-72.91566762578002,-636.7290606088596,-405.1999768659206,125.23824397859575,-153.87778312113332,-97.19988578181454
-363.97407259293647,210.50652048692714,-305.63370264073933,-339.39503154751026,177.30231761128667,161.07893773692066,-136.6914800102693,-373.4054721336883,-189.87692203351173,-31.090200739471285
-46.043277376619656,-369.03529859281053,-43.887762331900866,-224.58740578661303,-263.10950570537074,-55.130041415816535,-226.82668035160327,-532.8183957226347,-206.08324258095786,-193.0858145416101
-425.0993132137608,-239.90136406012434,-97.82911190998368,-109.20271613260796,150.840103680877,-248.99075187010152,-57.22142982658267,-460.4842659261551,-53.904036184184505,-47.99954605786531
17.876103146607946,293.35353652034587,106.57731120833324,147.71306190517407,-172.60570027987444,117.70715054381057,-106.11028868168655,757.3592142600613,-12.717336801500606,-18.93066701804636
142.3292150895228,-23.617712646063374,-227.58041493849527,105.80552444826073,72.96908127809992,-45.4779736856773,-345.3632343057801,100.39135707938205,-29.415262274582858,31.749458632596582
-40.792315452337014,-178.25219191232875,234.56845256639625,132.39975867268677,10.665085637920798,131.30708707355447,1009.9419409251435,-117.69311816277816,39.41379530249955,22.828574853051816
112.14981190513333,160.73932481695041,-62.75062490098519,-333.28605011641156,3.1745453287024077,28.736606376117923,-378.23218432920595,150.79551177143668,-277.2767441692485,-151.96399774706325
508.23896195079544,241.82377162033544,282.71201881608437,334.97672484431126,310.55199877277636,391.0589856872946,280.12237935114644,38.47719131402485,479.17093528699655,425.6343791902038
-432.34215238367347,-280.51224487379335,-244.56449148765967,-55.66404311488857,-349.6027878478052,-468.2199358873733,-228.09259373088082,521.3577090524082,-295.63395154216704,-230.28297476706345
535.3230195424042,195.20694398009184,418.93061665060293,-3.843729484970511,407.13873482052355,367.4893408727748,743.2038001690241,61.89623171830511,523.4505047071989,349.22095565753455
-29.05483170595003,-46.0485588809822,-363.3153572929217,-136.89715134239322,-5.368702625227803,72.12713154867383,36.8784507165659,-194.5252245560706,-318.2699144142548,-1.6926300500051104
-78.89056611087864,138.6689557465814,-37.37841458755564,-153.88074393599908,-26.898340728146014,-337.11563844400297,-214.47303959502162,253.72239271313762,-99.47447045360498,-123.39573211740885
-188.9114757474877,-258.2174960612644,-203.89471328753208,15.141018216818267,-143.50777050146417,-370.17753954595094,-1133.2165056733004,-283.4552875559276,291.5109429063314,-137.00279102484535
-256.93531749071474,-140.90184929123288,60.461289739722346,22.123787337630404,-8.178496267477295,293.84528891125626,892.3168162421465,6.37088238996722,65.45761954273225,-53.65385528224817
413.9574494983656,252.58610176295855,-198.39327018011093,253.62214461013104,82.98521331380647,41.71740960663237,-394.0093394091926,443.5343323648391,227.1383149174129,185.1924034536967
-252.5881823317944,-97.24712705082842,67.65005294685466,-212.97685890788293,-410.11010330371107,66.58809753587855,204.88938809245838,-467.4049006727745,-282.5824722966684,-645.6562130049736
140.22017233212264,-133.7901707330489,-114.15587865919497,110.98228010449708,-149.79966481023988,-312.31115569450935,-345.8687157290326,77.0716120521789,104.78394535665359,31.35291952688265
-434.454523358723,-290.34659464051896,-34.131183398868515,-154.354965597181,-66.82334893097362,-371.7711581311621,-256.29201676252484,-523.5099316314606,-395.5836530472957,63.48585317812176
-541.5847278820296,-301.66399538981943,-65.51523112652626,-356.9624623130966,-373.5114313646631,250.35993777660215,258.1282208165464,-46.77922399982706,-254.1507241920603,-68.51727090575005
-138.64147908685547,-518.4372039803077,-344.8277997262217,-154.33205730513896,-5.130123926049101,-182.6702642631996,-283.8304217860594,-33.975257209750716,-198.92189552877323,-754.6908904655509
241.84219336094648,540.2006359861986,70.02928076593929,213.0112890295272,-1.8423701575060378,78.24116168706692,308.7799927599954,570.0169450529569,22.549793765339114,552.2693728586586
-182.60999891658707,-313.4620451649246,-37.404001883846284,-301.01025351641135,-71.15568962971157,-225.73794725701927,-548.8043614257532,-249.70053495357232,292.14347032715943,-67.94659467663043
-59.10550180086234,-162.20041181523806,-85.97404580839311,-126.65796268896439,-181.65154576697432,-127.06567721193235,-146.5560854804088,-107.16081586378175,-794.5831802078912,-137.4741586387171
84.91099724924459,628.3575552116538,230.99941049221937,474.1718623888327,168.40420334721125,297.2013261648613,340.2595336326627,-293.81306384837126,684.3668048449765,-27.548473498340122
329.16809831755654,-285.7295346903182,-128.99073488539355,-181.30146830014405,54.61150370278729,141.0330210826814,168.40878166844732,-77.97605707902558,-536.9473607645016,-196.74107953010827
194.4863146602504,-22.406567615736023,130.300742188146,148.20913699248652,339.2764621635971,7.107983194782769,253.31467055672806,-109.3614712052559,184.78875324951568,309.29562150832527
-207.58670637774776,204.1630331065371,-167.30539550837946,-309.9499010447765,-179.56600076830614,-258.9819354721482,-252.25455531416623,199.68210306249026,-9.910866639947566,-23.703050253543214
-247.67423503691657,220.44422830553458,87.07238123227391,115.57611211206007,-215.23773070227583,-94.19735006463505,-104.97523824494846,121.96658123206093,-180.76085826546935,3.3591535765270466
91.71230950435819,110.20828833988946,-105.94986188625053,426.5384968892098,537.2418847953257,396.4856210179997,367.5352932317239,-58.02449445230597,806.2248143851691,124.55682482502299
-23.168842018582676,-134.2928026666402,-124.55394609546401,-85.11876915837541,-350.3812584615365,-129.9000577337243,11.741587542155997,303.2919069277938,5.156980732445299,0.6425334399263662
136.7720888463176,103.49775497176893,1.2058900677592905,-260.5595627061521,99.04780720791614,46.058394088316184,-60.17322632553476,-71.27578649529967,-274.0635479529603,-68.33714703037832
-6.188656145231074,86.05269508121245,100.64224118001196,-89.07234804034111,81.76988067447212,19.140971280490213,-123.99698226487148,135.67645209024752,527.3719336956689,-32.69876927837921
-362.4180849854412,-135.78946700604504,102.23708879362597,103.68226526409764,-36.69044224970014,-93.59494698980798,504.82708902877,130.813649202373,-90.08855663524048,345.5385268729232
174.88977270199828,32.53907615796474,-1.7842245667407985,36.7421247851125,69.06192833814633,287.71701283283744,-108.75484927805827,130.46321556251607,-373.7199373258215,-323.43797348872283
58.68935924440628,43.354329106818874,-20.286184626228,-26.029456012683323,157.58071743577003,-329.6892094726868,-290.0186376283758,-615.868192071425,277.40650808409265,290.5503254375594
-63.58442791409286,263.4355246732189,-440.8703426099343,5.208669699923168,-344.3130072009076,-36.66163967023065,-158.15539432371742,205.50487414368183,-17.790221643759576,-275.6178749715381
-204.310369361725,-878.1206000787821,506.5303518966262,-176.7632273786547,211.6791435124008,-257.1001555909856,-268.72925535374355,-85.72101080107905,-491.38561677438753,-43.91700065964574
83.9065926665635,734.7616650553817,-82.41879481723574,58.25645372709008,-227.777233628289,104.26822363972622,89.59098203837809,-109.51304491899367,33.74442092628666,46.98779208062601
-184.88611660019552,-218.81009299178282,74.6414296742408,-138.1598460256668,-286.75461726837966,-98.663850360364,-14.497736570385438,155.5888756368523,220.19309853564806,-338.3691500283019
439.5814378720557,-237.79040951224482,-81.9058519162602,67.7118669570097,188.64455811786635,-171.05601367665722,121.86194006198382,163.32350003243704,-220.8255547049096,71.30767358069947
-359.47013478665934,-141.32795969130675,-570.5063502503829,92.22594778433896,127.34018176465399,264.62413709005216,26.154460870529032,-284.1804393344885,-215.37474961534292,-152.9530023927435
0.8419664589503995,25.20044478447794,204.76004569623,-24.129722807593883,140.30798068945722,-272.5452657881128,84.84894774287481,573.5078477754512,97.19489444120927,170.89162759779398
337.769489034418,70.49558383533989,71.60464050075625,318.45675353501485,387.6905284708665,508.49672530669733,693.2352844420752,543.2665262446083,798.0334498142669,371.6171312354654
103.2106373425233,151.3141501438698,41.10658385879917,-253.85405466790297,-338.95538660928395,-553.6584532325448,-715.415182521374,189.33578042359343,-635.0939255224598,-66.00050755131237
218.74089570043944,-76.8327810059674,193.2817770933214,414.74448686223184,-147.1623757197033,311.30080177210954,198.98198407877356,-304.7713578296881,475.4850738317147,106.97145321150795
-350.5958609655856,67.40423241006242,166.54131017561377,-35.716952997642544,105.59195816075226,-166.7384216693444,-103.00939409462826,-356.03267827319456,-4.443948890125349,-54.66060284730074
337.25799287194724,-251.25671146308028,-201.36722632482252,-349.14076925995374,61.84593144750005,204.33484490346603,350.4952449944294,-25.969650637304223,-75.6602759414781,222.6450087540813
-315.0274833280104,-60.22652215698137,-173.26722892996767,141.1871021651022,152.8666320782491,-55.85627279542874,-490.59177411046886,686.6760838271158,-108.0223747388787,-49.87671506811191
-104.61350879725703,-202.2771860670377,0.670543282028331,-260.6098805050578,-462.2928763282199,-314.92586723647366,-203.54939978690425,-279.5253598131136,-269.1117523619978,-343.3002828458519
286.94494225675555,428.2176015920656,-1.2562819146110888,-53.15136822997413,154.6251935698462,185.73856589762627,397.39996664205444,74.43931249896943,-289.12620466644563,-95.5798079948724
-457.8910910498311,-447.450490876204,41.93882190565074,-56.226497319797176,-25.24928194456807,-164.06523589908383,-588.9931908597212,-313.6248016147086,268.0075108833913,-92.76790713317571
-314.0392161628548,-102.66104168242748,-419.7217906182612,-338.2979123189089,-314.1467936160044,-437.11881526293354,122.86514580915096,-59.50484144351038,-628.7107573042183,-426.70494954300244
-198.75627929154982,-108.79309629146677,-16.753918137751057,140.83717235697816,-52.600023908496844,232.96479403108913,-353.9004431756198,-317.90555149061095,385.42087902380297,8.08613754853667
-214.40281669313833,167.81861106384181,-149.9034773927696,-140.8460165725431,64.76993429313575,298.931035501945,-49.44676026000249,-106.95482702848369,119.67828599783384,-73.84153274799269
465.0431410891921,63.53536253968434,176.9398790313643,186.07750958587928,-229.17707341965507,-211.42846225578597,-140.96789042628725,412.72400269942824,-617.395165973181,253.37348025489956
160.45099298482396,-110.14290197663948,-111.66501074195125,121.03165320769256,91.28126071036068,46.63010787818481,627.7300949540227,320.15278645615456,10.408866594460884,-277.89018813124045
-141.65582166664277,173.2133477389415,-112.1836294654343,-268.04595308988905,75.02870942105285,-101.61593188773595,-180.58838536341585,-124.08046264289386,178.78477123615724,-40.36915467125295
206.57939275968064,147.9515530015935,361.4116461638256,367.6023468800929,197.66746123720912,405.33738672604096,81.33312835324445,234.81935251878622,441.51555314110385,486.03918815339256
272.4068506988521,150.70458129634068,-97.1318241851748,-134.5626340496487,65.4006882610822,-11.210811862321089,252.8082402022874,-607.9346594752077,-204.87009630386038,35.67727493239436
-85.81581567424037,81.61836904100906,127.29762372909899,108.26573104735485,-5.324035709406161,137.0415581181527,17.348355470983915,351.45528191830067,49.44584320815709,-228.3790199116201
582.1235135090144,-134.7735839462681,231.03137417184377,243.31314110209357,404.0106306642192,70.12099468148588,437.2145019590462,374.22599409307855,431.62102614259885,52.48089130671279
-360.95117761453497,-13.622074830063669,-121.67793488519722,-55.64015701512613,-105.28291991207911,151.57321010262777,-324.1866769379758,297.39430990242823,187.6496470790634,279.2956175393431
-295.33918122533146,-102.98329047737883,16.771965196878046,-37.76955758511144,-426.57771111234587,-333.2949942725269,-170.03806271548672,-500.3139400811675,36.898813809544016,-48.2688962470739
-5.104369502726223,-463.4469895777393,-241.87180415431666,-492.2369709679429,-93.1305476504421,-237.3677696183216,-244.25477802409074,-219.67309402223438,-285.08944442975104,-502.22748434039056
-219.0224804296375,533.5029957530808,100.33615078088847,188.93554304003882,-55.564512063171065,177.277851975274,8.880940099104077,-55.55340048647117,-179.7820393990722,-211.4439904567576
475.74763735293317,-225.164456528742,275.72568843896374,143.16194188133292,297.0616163835579,102.55226270300064,-98.84016229015465,170.22575480262043,-48.120350623625704,151.86899016652316
77.04672778135078,603.4472785667399,-45.21334368756605,28.88056474559311,57.708937397029466,84.74251512398874,547.9246845131331,887.5101463057835,255.03166017466475,231.796311867425
-38.30324480715494,-127.77864366938167,420.85006254465316,564.0717192100317,-97.6476493191106,6.276277612544172,-153.37272126118856,-636.9929027639404,347.6338525023656,-67.1674905308979
27.483602749957978,282.04529536483284,234.90648095599764,181.84917649768494,570.8537325307316,25.47917487323671,515.9156222906028,336.24859187495855,92.75039757005743,369.15542044820546
-41.172466439371085,18.88305978510245,115.09258377556411,-348.22418112381575,-72.93408656201395,304.91413030463417,-289.97628446777463,-143.5164860845002,186.3925993427657,-112.68762586280143
405.84068539706544,462.2651109091589,350.8700656685774,497.0842532614704,71.8107462957625,-207.81770373874224,-1.6149141352011658,31.914249164846,267.0999572719072,204.43847466120053
-168.69860384721844,207.21168088333204,-7.475524742476051,-181.3313358229792,-12.57435115787073,357.89377925430375,467.16246967527195,123.42442190537366,-419.367855609252,-199.64739601814256
64.16638940344085,-346.03624478991117,-214.16607403747,200.4443182543156,-31.26581491988368,-38.39719682471607,-516.5547323832384,247.05269026068427,-5.9530353435604395,685.2811021042323
-1.5191305911997508,326.2666685925859,199.54910752429817,120.41141684695062,60.11603298944271,-105.97083603241273,208.7186735624273,-214.39180803715223,-150.7392795294244,-318.05392247413835
-385.42644661295196,-312.2959902779979,-144.89719701532576,-268.69251848823006,5.03505462938465,125.51107413088747,-221.77072628873051,-917.6243951093883,25.779138443678498,-214.98361273005074
51.049224487361066,314.6512380925623,216.46342464542536,226.6366849693287,-153.11661507958135,-412.96965849509337,-202.93994212767277,212.93460876231993,554.7114560136816,171.80705738541639
13.941125365547737,11.528893590671952,-23.548213818915606,-155.90235535620778,-18.490267027457033,787.1248131572396,897.2649884800693,241.63257584529148,-381.98030038009466,-339.5127284603726
507.8773559044151,93.21068384248768,201.2576673512392,345.3002663158957,415.9422996499775,358.9675582670639,243.167883821485,600.787282022194,598.2237265665972,562.9313262816892
-531.3466821790809,281.92278169365557,-226.5120949119295,-327.0596616495102,-380.1257692721641,-433.3039303070914,-699.4165681753313,-608.6534486079537,-594.1811126401113,-320.0800448292346
312.19525439959074,-93.48271309447911,-31.99036590198529,163.69869009252443,18.713782190928793,48.73812582496282,87.09858426594907,-433.65804748738435,-94.85458332220577,1.5286063052637273
322.6599485511841,-182.33498356759068,145.14365151286015,261.50726524299563,241.00478905718313,215.99417430448779,412.5942874600252,1060.436597930335,128.02793001891627,321.46359586238066
-356.6090510039646,16.095767672462127,-152.58097587348715,-159.3523448863677,-107.5530236333412,-252.09260139613303,-567.4798156101374,-273.574308003288,-280.9020500450663,-52.148824261450144
-26.686183577310224,-108.4668196470345,-258.43509636197814,-334.72975783383043,-234.36638917758768,-361.09564030988486,-140.96542084318918,-602.1605342083521,114.30603558498713,-89.22481670354571
239.47139674879455,-115.38789745754778,270.5681431290204,-228.8630395672104,-37.71854897325457,200.72542761425137,695.8295650646952,214.09111911023882,-166.1957694261474,-279.68749113361685
-76.33937160521614,148.68407663709763,-102.17082729948356,205.67578480855587,15.347146088211483,-15.816843199596473,-559.8391308318866,103.12743006060073,217.1556375765063,467.7114304453675
273.2941190929995,-13.950189379484666,-142.60542656963804,20.166542021783,141.49889379301482,-65.22362987989942,194.43165011209095,638.8497197777501,147.1758853991491,98.78287306582422
-153.18073220481634,-66.82013170138517,-207.79905473636245,-169.5845090675122,-86.13814895323722,-395.09353876309956,-242.29616159456612,-309.8564266856694,-628.8285910159782,-326.3833122712465
91.52633789651135,-45.558269595471,203.70387462250883,-129.43556496292325,146.10340290924975,217.66086954525093,550.6334643383213,56.16776920576359,255.7698330734911,84.77528763288991
-205.82914294664485,-258.1532044902457,-218.57119965533442,101.41803956722183,-274.95671310736935,52.01939559299057,-586.4737154275939,-108.59128493769184,155.66189246606268,180.98513508672275
387.28346016032606,435.37559502429053,422.6933646670711,329.39773839663263,216.39715871658186,-25.229967531433264,-115.7522413007938,62.50365618643902,394.36316000118313,19.200828337216336
-309.54704183577013,-366.1724874377589,-70.89668189340892,-241.19266669599338,-121.62467180214422,-260.22855414845736,-257.44439654744224,-518.7423627536008,-121.57484416421252,-278.92291211361703
-241.88326507222573,208.82025852018825,-128.32252235694105,16.23440231032317,199.04069054007866,180.25447272018445,-38.88403750151693,613.2793121949295,-173.0794887313301,-10.416750828281845
666.2304740489473,18.2214953705804,322.449264687701,333.4362076852123,-2.1280482126571187,56.978205372604165,875.0627144028948,74.60461313951697,295.6227767869666,127.95859881349742
-814.315062263657,-473.2119477474901,-488.49172087007344,-462.812692888175,-502.5215591091656,-499.0701498990872,-1150.2835517109284,-1001.5941383161681,-649.8094138210322,-648.553829156892
50.9092423858577,95.5170370583459,83.1049111224546,-207.38747120136716,209.14224977782516,78.65178263020697,614.6818510139489,420.7317446263438,236.75031162239023,43.07588690281487
495.82675494069883,-117.51598665080743,-50.06140846003843,266.3059384564045,83.21091630820742,268.9249926468156,-215.0676040723576,-392.5256362017252,167.7536325223609,432.7184501529514
-527.766841968705,-260.04666854698604,-121.00470493593643,-451.746766799021,-263.87298419068566,-121.80693123844212,486.3502604993894,-236.62088217578918,-485.45164559274394,-513.6388310354281
-127.37949928569562,-92.10568361842321,-20.9674819252536,-469.70074287764925,-175.66865788921186,-502.5798948527323,-657.7188628272985,-988.4036147603425,-428.49226106470024,-127.10052297337526
-404.67139374418,143.61373583943643,-126.95031849744475,42.516673955765334,-39.49513230892925,72.56156665317101,-48.44661078490528,261.28263464447633,386.9348082953036,233.95908799275026
667.451016145585,-264.65241803841144,-10.457461310672205,668.2210296224739,366.146423792304,-80.56003522510116,2.2179136085071627,222.95069385428704,-31.54463346213713,206.3180953339297
128.5635182618039,-117.60223488656945,-125.2369482351294,-443.579555959314,-535.4851766720865,446.2710988992386,877.9622744079344,52.29592066841072,-362.27172674237784,-297.89717494778733
-206.5362262320863,-347.00038590722784,80.26191168421664,26.105316327746674,31.9521522009575,-558.1469400944507,-985.141066077203,-398.99317541788673,-83.160128385011,-496.3318442019125
-96.59543294089073,-122.90889461363416,105.48330503274853,-73.56571798699736,126.84909429084166,425.95424062543475,500.0360599398582,-36.42182449911783,437.18490012537825,10.333003352785296
-297.81356946996306,64.03041915075198,-148.98644108574538,-15.557088337908121,37.25896435117635,-348.4595315956379,-553.6831858803312,-468.68355498054945,-302.6773453310594,227.44400102956425
263.27141154678685,305.68533259169436,-150.51008220184028,235.1499643621386,-169.6064134071678,112.57140225849508,-59.09181456646734,486.1662374437629,137.59787775401855,226.69797678426102
147.76353822185177,-373.47323092956344,284.2585303549916,195.97463427706344,75.39656140676348,192.14579969364763,696.3696209877126,-74.28253668944065,87.64263960906784,-212.5508136342286
10.958286103730035,722.087567974084,243.31276609340702,-15.707099252418542,164.82350989192807,6.051017652668612,-417.4750403586406,136.6993303609407,-181.21224979891474,294.25644771299415
-262.5594639564368,-321.45359378327663,9.681416432241758,-246.88886971374544,-45.70885529348933,-154.27869588691968,-250.313277996166,-375.6989675045128,123.847988038715,-217.92881581967626
-79.23171817463809,-177.05270569134797,-251.0557902135794,43.113018024071906,-302.04715665994047,-484.67268443374905,-72.49421064771781,-63.64512092247296,-147.595444114363,-215.18253038976798
32.86816822407393,3.1341723934514754,476.8842352818907,-202.43673852372143,10.318569951735235,679.2019219692411,440.51341443964793,-65.4245022673876,92.50222471676413,115.45556795041642
-26.372876639098862,134.62193534669342,-159.0273360927315,-36.69740732814601,43.63542445251137,-435.7688771157088,-336.82808137359564,126.63507669849716,-22.564742371773296,-107.7596366578349
-150.8648065110162,-100.13539777154033,-97.64715882435137,358.88193083040306,-84.2168840783418,32.67269376104312,-351.017509670701,-449.76315872175826,53.693156528225344,66.04178938584687
21.785202641471724,80.71858670190176,3.2215237154321903,-69.54887714176783,207.86314862367198,125.83846621425239,470.88721636389363,181.13311270078893,536.9028498777891,-71.65554606785923
-202.61230898764867,-265.8603321088406,-61.52409984094189,-147.65754140684174,-298.85851297445254,-204.6639470319092,-393.4106635007299,-608.4542557932416,-971.6235057854483,-324.51596475114013
191.20988370775524,-268.07911388736744,-101.02256495727495,-182.98565785764418,-239.22436852328156,130.11844941717663,-67.10250154227329,359.7088368436572,-114.36662423626572,319.3560842734635
-67.51526372419255,184.36723492792007,99.26832416708898,134.89588727333143,306.25270003706385,202.73984121789965,405.829722669354,172.61445680345605,121.8124747689322,-28.22376746768585
-297.57818737139087,-167.41440109087435,-217.45108169223698,-395.26486400443343,-366.6664014711443,-533.4719396084928,-244.18871060431619,-889.2720521334203,-397.0038673552209,-355.473066249141
-160.20583710986182,113.67220384234143,14.620040262544395,200.32506943265997,277.51920100280154,342.6881504992663,62.15466600770142,160.56880683064375,347.00028641684713,236.3324187900196
48.97894103859546,-181.44184817677004,-253.66596225821624,78.23690897495575,49.35449082425628,-203.49755148375442,-37.4500647574389,-159.82327779300994,231.80239596359664,-63.43778168904943
176.5831026831583,1.6692126548690176,47.0794610115066,-224.96774628599263,-134.2722136221979,-60.10490146358757,28.232378120386855,435.86736284027637,-270.28242187837196,192.85409653620755
-447.53647636898916,97.99923992011513,-354.95027144266123,-253.7574484979714,-275.32710830494034,-330.7293886796754,-479.84727582060464,-287.22312357595905,-556.5087004169687,-148.10439880716368
239.64423424314276,-1.8622312541594794,-123.61197901001665,108.1726499038168,60.8766547801209,213.12500325635364,425.1073029313677,176.2637807285132,109.8128127736414,-232.3565240178212
-274.6228554169874,-527.2290322670333,-160.00790513452293,-165.27574034236576,-155.60424586898813,-362.4052603627502,-651.3616126561894,330.1761997035586,-252.00361543420516,-143.8974730116129
-105.80982358921587,22.79197464880157,43.83791083476461,-103.03021971424107,105.97918583155703,43.61880395522105,-59.83450452809482,-170.74633549215295,-23.14197463509881,158.70119404087836
196.41961300379262,-203.00487691427247,-129.73261051697273,-6.583682014466342,81.88022972119634,232.61882675341303,264.613814582118,-89.77335712257492,99.91645550212787,-49.63927309589931
-242.3381926154219,29.930423239968732,33.10429383131637,-131.03073948801938,-288.01814668181163,-190.63435198031812,73.91314202861652,-225.74200430849632,71.89035327485476,-177.01658938941318
122.88365139195515,-34.99305179098088,78.54782452613377,227.58858755400342,295.8610273568384,-128.32530996504607,-283.2163268153309,314.28151608369285,-38.11718669240191,184.55435334024256
-305.30714723318385,194.33728875738004,-51.77027329245877,91.59717934660425,-281.91006914148454,446.79765512135333,970.5731405792656,217.44769129107266,-177.17813630740832,-218.0491774875576
460.22483765841866,12.331919427171865,128.69027700828133,139.08149561418494,261.21300202303297,-37.197734046192295,-475.81464024691735,-181.18924839144776,258.0555753329023,180.49794604061913
-8.71771147786108,125.20487735582579,102.23190977407774,-94.33245769635454,79.26650135509668,243.28507470455818,488.2211028005892,164.18129384740428,230.17461735230287,100.58625026063908
-55.058296049503774,-122.29042677015289,-121.37224151546101,-232.37773733026904,-35.81259047318866,-322.73159867910033,-492.5774839361856,-386.9483751348281,-110.78508418370373,-213.32240271181308
-380.80596013900634,-95.93265689615725,-239.50694903677854,81.1063592467394,-99.63288900271394,-351.79662858577234,-626.8167184371144,-627.551789918453,-468.3787128644091,-175.45128844966703
-140.48423280591257,96.42837371768125,-192.69291579107283,-97.53783175021866,168.7481713274604,323.7497457749631,717.7832568473713,98.01005993162593,67.9741763922725,511.58704294115097
239.19499396898397,-398.1542702115927,-303.0494121742837,-225.0410322489504,-433.61888208145405,-579.0659161427499,-694.8377402815732,-115.6413903581828,-588.2671484446862,-582.576910500974
-164.88486612063966,-289.7883958911814,-12.040642456153307,-292.528340859232,31.432292132664717,173.87832171722474,194.37097642794592,157.72045738744038,312.6621753017614,-267.3144149769324
-106.87466708836146,230.15681315176596,-179.00541973293318,243.2041314874924,52.13550278198738,-86.36263687930905,-70.98852686759436,259.0177491968617,128.2516243263441,226.57883906463005
260.4834450925452,-138.93566571073558,287.81533792494645,118.75075873740121,286.30636871467203,19.54978793548046,-80.96170077769852,69.6462001537384,394.08678613632173,287.6280045802793
263.93575691813044,252.22846413602088,286.817089855838,241.83355924640884,106.44631846150776,704.5113308700331,839.9089165845002,-98.20776807499313,84.09095243943332,241.28006262763265
-60.40801441556449,-156.88320759981602,-216.2200547443409,20.124726506704796,-51.83873422252767,-300.5536799890337,-568.0451444709169,83.4160921316836,-182.73139303751682,68.13809785373725
-174.9270328613365,277.13395110821267,397.0762968522681,-426.52775730998627,-36.26602752988267,137.8766225494277,-264.2013673359344,-4.319113166615757,7.497419817203696,-96.18197557285805
464.1406841342743,101.35767868335756,75.7925502121274,245.61793539206468,68.48582229469912,-161.74068062985623,-168.30956590654486,-205.26771779973035,404.12094542774594,-14.433158613110148
45.1918260209641,505.12534341421105,90.29849795067774,207.84432532860072,425.09220785634653,522.1863300402014,1141.5926499633408,744.4706905321547,249.72698258955145,262.8685590191202
670.633238108382,44.988620173688304,453.7328813668781,402.939436004568,-155.47389335446732,-45.19389651962906,-103.17859164759379,41.83456913723386,-112.51454660603798,352.5073474919952
-788.7020522624053,125.65067732838727,45.84610048460509,30.543419503708158,77.73596721887434,320.2567421842609,186.85510217106167,-351.07765178805687,65.12517956438504,-67.10417197186027
569.2164746427304,439.9843591541626,224.1684819204687,63.20152325023123,105.58317639754023,46.18319542883507,228.94978549934126,383.4046106813828,-44.4998126680016,-103.53510842937686
76.53111638891666,-424.36159417785984,-20.158699214073437,1.9273084417718598,-97.27742630773801,67.86418864246288,-267.91813349061033,133.67573572780015,-12.48683370679432,78.99920437067104
-485.9631020138651,470.7690245546015,-113.34972105016945,-184.87133203574245,210.6057161662548,-92.7022923084773,-278.94637584665674,-33.51278878953919,241.04668422824852,232.17509078085988
224.05573299535368,-135.5674443320821,132.2617199193229,-25.426184530394917,-313.1008133606974,-152.31166140521316,-224.9535377309713,-33.031624575955696,-32.49556274200599,-217.4137227016763
252.43909499019105,-71.41790795899395,52.258280526580116,340.1583041459746,297.36700577908147,159.24338256507653,186.3314017781397,549.9501384236909,-80.40882883322153,178.29877191023473
653.8560497107205,195.05201692727297,254.93431908093564,-34.188198198289825,60.205621519329284,-9.036133770787876,111.03680628419767,85.00016595825984,16.80590456496803,192.7836126936498
-272.69510068771245,-200.9451700708187,140.2228046392713,-135.59356485420787,-81.24635895568326,72.56118666501393,442.96835032358985,-499.59457865693355,-15.235983470233872,-265.26219171277614
2.4501742715578714,256.9852486346359,-142.64266370583601,45.77819982533014,-177.41364693265152,-170.41571557446642,-447.9579793533449,-488.24254927672393,-15.097931039137134,-123.9147369615353
-529.855465906945,-493.0679610202896,-256.96318222430165,-655.0795094771635,-188.62463947888773,-12.00063752258565,-356.1206506072068,112.20393203346153,-459.15404501832853,89.77781105426152
-259.3714852972788,-293.3507751617858,-76.05536984343458,1.4329573787375902,-74.95142210628055,-231.88996532236715,-319.9857525064847,-313.404282252629,-293.59148680629187,-440.0432616219561
157.81794053024944,204.69818257270504,76.0207696275748,237.44976778044185,121.77280229204854,-38.752285966123345,587.577322024738,196.49650495836298,427.39085193054046,-21.006926866102233
129.59601762323865,168.77106847122005,-95.90061164537569,-123.89025364898103,188.36842503291658,676.4626256734657,626.5791726735115,177.82658116515142,509.0579711381361,287.30114073270596
-366.43110859406164,-297.4981470932222,-455.1772772244249,-275.56284536182807,-248.87988419479277,-760.5081423693716,-1401.0357339852799,-673.1860580152771,-388.91375508741396,-323.07497814302593
19.315003774277724,-250.67535389873268,144.82755722184535,-140.35419077165454,-41.03853293089946,-96.83547238706599,582.781391394833,-55.55442087471112,-299.63550363587586,-256.86669995565904
-146.0086424635218,79.30094376671296,155.55389421200326,15.412442461188938,-151.6660037586467,-306.52168343207603,-233.0918224141003,10.412373692430458,17.288781994897683,129.51815571642302
-138.5228236902669,-35.870823419853586,56.94088551385746,299.11688444931525,443.88086899037364,531.7287237021,-280.1503935217026,92.0374433968724,106.94605947096592,349.003168744831
9.257708430572896,254.5640470435639,-72.18729460459731,-26.24085494432761,-142.5577347349827,-47.15698180190083,448.1243853948049,102.97208986209608,-78.67406040063956,-148.6441366197917
298.688503163988,-233.86179124447563,-88.20301529596564,54.434411965123154,5.63050924842725,110.74605734907867,105.42715106767876,80.15624945846015,172.2154291303747,229.13456602009353
-636.1709016487775,322.3979719553755,-46.7813582865752,-241.5387502179983,-186.57810144299702,-252.24025937419896,-266.4439488444545,-615.27845981108,-794.5592826883527,-376.983502780026
-41.060657377008894,-311.2596077742912,-214.9643748867487,-150.56928336819377,-315.297698783402,-148.24080141446328,-619.1833812610514,-70.02972293541157,192.0858770640558,-130.5588880660598
-113.66772480813947,8.078775674262547,202.40579871626613,137.44765364549005,102.10180594102918,291.27382119951085,379.72277388708,447.0305122697162,-85.77022728830016,108.64849429678264
641.9966976015256,128.08864566684346,108.7983625992068,207.74577022542402,258.3487924414626,251.3484950587602,272.4128133800469,193.99402404630214,-148.05774438115245,173.82730578159857
-42.325061744292654,-0.6346540573254416,-59.825225260413134,265.8725059426824,-161.92943780756679,-27.11582555505654,200.0616183859816,-396.6591217548556,666.9937086579046,-12.294083873108159
-341.23695912137606,-404.35500435245075,305.16362426272286,-818.9431011361124,-145.29680397806158,-19.234728138536067,-64.28669225026391,265.09096678890165,-484.5148215071762,-131.16772315931343
318.9393414874827,293.0434928310352,-440.26090970293774,554.7595924209239,95.27872135939562,-236.70675963564253,-224.89437365696799,-271.26327124351747,359.72571476082817,76.40350678996072
352.4703134433482,37.54314623926436,134.35692066086403,83.80819172825962,232.5929365445927,510.3563932972642,397.27556615350306,625.4052364159428,110.91738605754217,-1.0890657180430423
-191.8072425551177,166.93913295831686,240.00973732885464,111.10446705324618,225.39728255976567,47.25790074442996,181.54966017152205,-368.331142840882,370.0412896223501,321.2695903594098
-282.52718858150547,236.36386338481415,260.82464873379,421.33867049154725,90.28857737842098,238.3683236869997,257.6935686997947,-87.86243750711077,26.33183028201055,50.04954844331856
772.6971874347805,99.64859392836496,272.32138536307207,-37.23752644620762,192.36144109546964,212.55710184702633,382.6750634413053,-92.94013664746792,255.09996388787818,197.71045288194904
-386.4172473768675,-121.50718670618569,-323.9382528164472,-168.59598624943249,-324.4050556227258,-313.05786598779054,-1175.4155323662715,-236.25797873007838,-297.54545355996277,-181.50449346258378
-349.1692669693854,-183.81339475933433,-62.4654886970857,-457.74170887307173,115.1210845651784,-273.1553030726468,117.43287971299151,320.01715793747184,-361.57876608156215,-159.80951290113265
495.5539182722727,34.03956803830815,-1.7356838268429065,544.2399395563098,-154.2464413331508,349.02714094780407,335.8345568533627,260.16244881373973,505.4592015213716,318.24244436329315
-153.69434281160855,327.6131034085725,68.97610469082935,-228.65006460624792,198.60636545982015,-317.6136645316827,-93.74156389153309,27.27334394214655,96.43263619156919,-120.27231857386278
-61.626303738906024,-551.9972573843854,-24.861305760292062,-247.94644222094408,-262.93136092461106,66.58300370903275,-116.80826798203118,41.82581860385195,-569.945327400172,-29.933186343428375
-170.98730993196665,432.73648599902407,196.9096522607533,360.9991667807751,169.46936000242675,-155.95147432435442,200.61847299332314,135.47882404812253,342.1189274759474,-42.35300052704471
308.61907455934715,-235.80897215741606,-261.2541251433364,-341.2461095705484,25.854422618585875,-83.38303776619905,-121.09116133754047,-643.7719497479569,198.10148412375182,-50.57918211849277
-48.26634330259583,-247.31213248635487,91.72011043918988,12.27697731492203,-212.24017034805343,266.76934873895885,100.65767832278738,-107.33915768886486,-441.11244224066957,146.72989552945978
-394.0380598847407,25.049582325415667,26.03732257152119,92.16701043550664,-36.46877428403087,-599.2768967316414,-508.8079322178367,261.171960088658,29.82179359523465,-62.98833846915552
467.27286784925957,-10.77162390863881,-168.23132137459757,51.52752099066011,202.97134760824184,422.8321735501471,432.79875143982514,-283.299202641067,384.781302555064,9.499182496975191
-155.7367306165837,333.15810527384843,389.1329607791426,111.73775636613038,-190.85910366792032,-158.67400069760174,-202.7016289304817,102.76811204631574,-40.993031279337366,-190.89466321917016
-27.897257986018655,51.700370006570985,-69.9966342782658,-29.7657984899344,93.70901760992261,200.3296221726921,357.1310858528257,-123.65590379787815,-113.54968533720444,225.7870145419695
323.81383608440564,211.21837012730634,-4.189921830450393,314.97060164097695,19.612573164759052,237.29322855160913,308.67803342143833,292.46557222598005,-141.51349354526718,-128.68570959929679
-242.64529671023527,250.69461000736467,64.49054309912958,-286.77439102792994,301.03177415913933,-122.32635721803246,-195.366466248296,72.81031835487926,-76.3757791982005,272.3871757190495
178.278606951879,-351.1725770364825,83.47421684135996,63.719556612636644,-275.7406773876206,99.70758560960665,-112.45765898211727,269.89398104079936,177.861715738811,-231.6842259221713
-29.09278005963435,130.62300659790526,-143.01830063019457,212.7833410580204,222.55072158515708,-135.61478049705678,384.0107128883755,-147.26337612470445,-276.2934308048232,-120.60567731509484
-322.84645054230623,-68.90334162029734,-83.03488976198682,-296.35946344493595,-377.16857650725916,-355.444234682844,-908.208968783872,-504.1524756580698,-281.57939677689956,-272.611201047748
-137.84568821286314,-128.84084253877785,158.75921894254486,-238.68159643253898,-95.49724675781897,354.3418180846699,372.35122073679236,-246.61926275293004,142.38820469290405,21.160653171774765
72.15948403345527,198.75054091198274,-17.16284696101112,642.3190195114015,439.470260852493,83.01326756210332,-212.25965403731533,564.1532992101264,965.1512524168234,409.38229375481933
572.8182284940576,429.05036430089933,465.89536454318585,213.21666214733173,245.0597705896143,208.07015945526635,810.5055777151952,481.4551423342202,-140.63795838741768,206.9461075862723
-204.23758066305317,-146.96549344416042,-64.17871833464656,27.23340842667978,168.68028004633732,158.5133088992596,160.87514864981418,73.12396176507181,43.59748303419373,-137.86939806283783
731.1090713677597,565.3798977037235,370.8521934692316,339.22272414561377,207.7623435292475,170.9490007966835,285.71450595542564,528.5123745964008,361.08730163878533,533.5289381859511
-256.37958641805,-87.25749808964343,-17.636717920885676,63.01665548594162,-89.43137668102364,-27.769161569886162,-250.76439378513027,-249.63417314848127,76.75141159250332,-97.00703632856543
208.7799268620256,93.69520565504331,247.36799549414152,-174.4786925090941,233.87572686809145,237.86951464420721,287.7501712040815,211.75118830618575,-152.20410093487016,257.0777438245088
594.853391860534,188.88412871720928,325.2586769001208,432.74642138809423,220.69885366815186,117.73371470009779,414.8557578160253,-19.94905244335461,731.2126250815274,331.88728678310576
-59.31060303774798,230.880902034571,37.54559360116233,-82.87603682154891,136.2425874336366,-29.422975068061866,-356.3128412224914,572.8195904277627,-292.5593338369558,92.97458024717635
390.5422658612606,-116.33046038708098,38.35456076282248,298.3854639763032,65.50680462052654,81.23253234298137,387.38163210542234,-168.38345732502887,468.8142396171592,196.32256783453008
-166.59083230590187,122.43396382414528,-105.43929055861297,138.3133747062912,218.40715974577745,114.48484748356957,111.60591692319355,360.57916881965826,-59.84350835681087,-116.91519197961954
533.434505524147,205.5978629901491,88.52315008351562,-89.4303425082694,-109.83033542382725,141.80304290325182,25.788989278443104,132.6242282218048,-222.46065354427668,186.46990189478043
-197.9984861215638,15.549878640992578,-21.990554566180766,-286.53474390546523,-27.507872667577264,21.179214042524237,36.391095788892414,520.6470189258977,138.16583370467626,157.38012762605402
-45.41884395513293,12.328424224777576,-392.0586380778838,9.044463162630759,25.621371745383367,-156.93371230009353,-367.8045567682448,-148.48859508264246,-225.87701320048245,-110.6615544151772
454.3263538699566,29.22182087892472,413.005186216929,272.1774682777897,152.26806244628028,161.90793272758208,717.101040119139,-495.82168056136254,459.2308541507866,306.75216237329585
-724.3188922131492,5.33074523324494,-191.4729170473845,-164.8141371431474,-117.06181302371503,-336.5600561803653,-350.21019359679445,-271.6600486157492,-836.8231971099111,-467.0574366214364
-163.50677779841894,-158.89506075565902,-44.76805618998302,-182.919222774195,-194.80798787605733,227.19135131609542,56.74715958830228,-105.52546348565569,257.925921755031,-335.61578074922613
-126.34371907059199,-227.19121608489127,-121.60385393664399,-26.81127475840217,49.24230344838025,16.320096384385373,-371.13973686433474,256.73527103725286,248.27362308600763,-104.78155314908892
257.83414922432735,55.262275618852655,-15.062519804717951,102.97752261714658,-61.66037897804628,-213.04505220772512,-362.8273654389366,-54.63821374457912,-88.67260794991931,275.49994163224267
30.805213791879865,38.65637588359287,8.7663767923163,-115.55276829615633,-141.16762161608497,-346.4525360620255,75.46583526992887,-623.3032910815779,-95.96306176503657,-112.16620445930018
-513.6869187065325,-490.9161446440265,-425.41364689016154,-445.1167490051338,-356.63990639483507,-196.2689725295536,-20.661189451547536,-295.2165455407803,-539.0974825340533,-215.51100968540652
141.6774046386783,213.11285644819927,347.9517162615875,55.455144061411026,396.5734687210556,120.48358183033902,137.16843915102785,527.1884527166828,158.9062436961569,191.28945049961013
93.48479087381928,-209.7062219622977,-211.11957256063633,132.22287946718268,-107.53427705554915,-17.58448142686226,-7.960628519281414,-207.88254928542122,117.00855211008229,-0.5306960393571094
-551.6758106647079,-371.7839580874041,-175.81348605050468,-432.0819450039244,-415.76103444327924,-215.70896520668487,-87.67855428626557,-566.0708583088199,-477.9058036412535,-192.53347506661686
113.48344947397554,39.999868950737394,101.55799619394371,16.505615289404926,31.063855226935523,-79.64789768710617,-722.7883032815196,198.97635432311975,36.07879956542427,-114.46777720382649
391.9306293122904,232.74576739914966,251.821860380199,-79.25143973114176,427.0505571660694,-60.650638928565,232.1675732197384,554.8237109423087,480.1955068215951,281.1321565072448
292.8708730178612,390.27350071557413,112.03910741629642,145.70036426460325,-116.42731842756649,209.22398654421937,761.2246595813102,-496.01185987416955,-213.59610495626598,101.0034434339376
-252.12901860810052,-12.899374854251183,-145.44415653741245,32.79194143645562,16.402143662073343,-3.3901284371777134,-663.3302347385791,-202.0240454974708,173.20510885971368,-180.5171060030118
-13.476460325992157,-285.05715284411156,138.86886183398062,183.68135798223307,-32.49533350898054,2.0722310390250382,625.3102417659856,213.46507840300185,-194.48930834672618,217.21140394284865
-41.852055762056104,-164.81070498864702,-146.02159472947574,-116.00381650056292,-172.1794189738915,-345.1245604149108,-611.9713332519526,144.82862352346416,220.55274629095143,-154.68299945728003
261.85636923340877,672.1511146515251,52.83923527646899,86.60488700078888,428.92236608684766,595.601752970042,373.43148309784374,690.4388571476983,-24.933623034434177,393.8646913522163
259.8917410126039,-270.6983874688736,322.9898129307288,186.31492325002202,-59.035237540663154,67.17320062996157,558.9651061646717,-406.0583610874739,444.6253709819589,92.26799286630677
-285.018617662285,34.23103620265177,-306.17041992451635,-246.35068580789454,-322.366755287015,-185.52972601226114,-615.9483339050887,-926.3430411671415,-473.4914754525349,-122.0836435727819
-23.039400852741647,-122.57154388739143,-91.43096487918181,9.591813834916369,106.79142249984208,141.24890365916312,-584.7259575851683,440.8128432556455,314.7436092585057,-4.865889208205991
-246.67325128768718,150.70786716100682,-25.950241423485146,-77.06935097127001,-126.01551832919847,9.791094116804876,738.5401025283271,-373.9112068607192,-198.5833322232228,-205.3943225309436
149.32496760260278,-64.12688082312374,-54.45554166214581,-182.56762848641043,-175.74353196780925,-293.3365250611613,-606.4077115342848,236.35677325913335,-203.83960475732263,-149.58568722895328
-73.13086438233046,-253.36475884492884,-139.7676254633648,229.2786781646647,-53.35255895869896,42.14157464507409,245.17861297857243,-170.8572936188597,-329.6463570603873,-47.70858349698957
-338.5391540257937,-252.27955752032048,-110.35836335768677,-517.7782694621436,-389.50375679039337,-516.2236580776682,-743.3175775280225,-680.7097068982634,-409.6631371882969,-394.1246992456422
456.3603766160167,218.02598755798306,164.9310773516691,284.76740662452283,388.6784461693014,402.0472585560533,724.7400360477657,467.48938219037547,16.60363274358064,278.6373824388871
-130.83476960303318,73.6014350686735,205.0119565860776,246.45863218007364,153.9199953168011,-97.63384221931979,-463.42682166533154,748.3737868738764,790.1416547807765,167.0234017417832
-154.3676547875966,243.25516630385988,-18.594287064593743,-276.303331987817,-65.29957978122458,269.9249736069787,420.1276647077107,-355.80472894724124,99.46663399648928,178.51820055220946
627.3442857046717,314.8136553877418,364.23935104479546,331.67861075690644,411.0333430213286,797.613420797884,899.7770673207391,-26.588958787913477,159.82499584883962,176.7530197555857
-402.8921397562519,-408.9994348391722,-100.78711866397622,-210.87291039217777,-259.3191073805157,-558.3378201389577,-903.5815581684693,-337.75581861538984,24.866932775431824,-419.93302302726374
-1.0967209671272817,461.7061258559122,-53.37574882431525,317.25066253132076,74.89850818602102,-27.356201288288776,312.7195899334926,273.4228094068147,-50.79753472412308,111.01641798993745
321.3940046644597,522.3734431473929,38.552572977191645,31.099785993974614,-10.12880204071733,559.8319784928609,719.0782589994425,373.28426248502234,111.68048633097555,315.97422137021147
-398.49405055142665,-927.00181450587,6.539246387211971,-421.48808011485045,-271.148293670395,-660.7424997343754,-1283.0864548603015,-218.39170968764526,-450.8920456800649,-289.82717452967063
331.73551876606626,494.4878199057501,-11.765760554352122,524.7387101395196,153.22804216575136,191.18118295020417,355.1218914264986,686.7568402349093,177.71548660114442,259.23664722271474
133.21832529264057,160.22998079401145,-37.52347786964715,-180.26399609322706,-8.286442650770809,-163.60132542365247,147.11493757780715,-312.4927455897095,308.50704202640605,-219.83110468224353
-592.3910612690481,-497.455520247805,125.53416335048473,-458.750498980411,-137.38265092521814,-253.17365829952166,-47.174424698127034,-396.35627168982904,-685.134677125925,-263.7697055615096
-81.95631561677405,336.6825852421714,61.784721346895005,172.64880326992977,42.17021772219848,81.65325187917274,129.44015101117404,312.1744155948247,307.08306273458294,-158.84435272968562
251.9905412594449,-131.8040230206996,-132.20716853966243,-1.1629787419281163,92.45969106041476,-67.86516261369684,-413.44264662772304,691.6309361313766,564.6265519107211,594.5057679062489
-125.4374623349716,186.06948274338654,497.32742232485083,520.5666946566857,94.67335891690286,352.6771663352672,536.7416824388698,-92.0247394944378,-111.85753303930056,206.26051323274956
76.54785474241365,75.41937570626628,-203.41684239727255,36.806561146949534,299.6563380795112,-189.2589519625325,161.97342724288558,-71.13675672564196,-58.20030449576655,-210.95779939874313
315.93265596838893,-380.77022888103403,-262.6165336632756,-72.5899044048247,-67.11527954821514,298.6714371454613,-143.9463384155337,-306.91684685624483,-409.27839555221897,230.47194808077134
-356.0193582240438,151.497328412507,-69.31187839189822,-193.9547118316855,-385.7167986730239,194.1537378656005,172.1515759407783,494.04726579170165,207.583985986137,104.87158902675536
-19.737749766035062,-187.39380220424312,-217.80284016140993,-357.8272359716951,-56.026507960603205,-366.7543865449673,-395.00552580907487,-348.06360751553746,-927.3617277780521,-277.44552342789785
-261.533757014712,-347.41902706964953,-61.312776424942975,-49.807359039002016,-112.46382281331526,-294.58889162911123,-955.5328349360827,-314.67248921109126,255.7182856845876,-314.54456382779284
118.21534310577563,467.1674107829595,-60.06859686609162,185.94022317693734,-55.439860606482505,298.3228370400463,712.2988011334714,55.236993784102694,107.43787797889973,144.54432068648325
20.98040450063715,-243.66687461895367,-51.9324402763292,-55.12608276870738,-184.30950363704082,-31.29456329160078,-244.95051566928552,-318.9845761325524,-120.66306536002857,352.04321206573434
140.73734309933837,216.399266321657,-81.70382181650793,278.41218940296915,73.78435444596614,-17.846084461516938,153.4820816531085,573.5707231403712,-125.13491059386274,-245.76210329883213
242.87321411454948,27.470138881471556,582.6712170072615,108.50289628100394,241.64785273776994,360.74684046532315,393.5013200472778,262.659250281759,244.94431351081488,133.97130317194166
314.21434217880824,467.25040860006516,-110.63090583659753,-47.68587818774708,252.18729735859853,-5.709254598625796,-290.27118601173754,79.15076376914521,-2.902676906183779,25.71179756816042
182.9800847496456,-238.03393600357091,-257.66543220461756,-160.21627668370883,-419.9209596251292,-156.8246412498423,-637.940503232927,-173.56179368014318,437.0617144225017,-123.48198542068552
-761.2400163545551,-397.00201482352236,-70.85917846761609,-178.12381135406667,-207.7505755349769,338.8713131250109,300.52674169356766,-469.6405970893673,-704.2343309465566,9.844638585717764
-186.3566473873871,-138.75710399815856,-43.140263649089405,14.103119785428692,-18.17426649362222,-366.06411922005236,76.23571151834054,50.93040624216777,-597.8550320648488,-281.95274398203935
-313.2291631193069,-279.9609315601196,369.40939357875,-106.00651622330139,-148.18463565618578,-238.98415604140538,-257.86598277366056,395.4205936081833,390.1548183369684,-139.8016241223025
341.56190879954534,800.0695677305645,-136.6475151635183,185.544755896983,74.51821547199104,263.2000938149794,472.5065456449585,-732.770225001153,565.7295113700816,111.4465876505587
-330.0795251745422,-240.2129027382388,162.21024377853158,-14.09902455753173,73.47691057211894,130.78826398191,327.648339262767,-195.3559624024684,-115.93342908427651,65.07246372022031
627.7561495582797,9.513316268322471,349.5986378638927,133.17727935945646,124.4932541171675,228.12895897419145,-641.3842621026074,497.1404320493544,624.0473450522903,462.0920674992637
-38.959766295600886,272.86934886427326,-77.87853754823428,-19.883300561455375,-27.50720696842116,-208.6138591864478,649.5879863892608,191.40714532243635,-558.5597249042338,-123.9254380144337
74.818616218795,-331.09998697088827,38.83473303002141,249.6912602271492,-162.01197734656424,-24.17545858070616,-371.978878465309,-570.4011663454122,-143.3712329585044,75.9936028517764
-637.9636220640335,173.12345980078726,-543.9654260879951,-348.69805414159015,30.00913913443559,35.57857578543694,-67.1005738820147,-310.57936548452983,219.10661605725753,-0.8335223024538694
621.942704507193,-98.65305506177165,197.29160124636795,64.35427984064427,-132.12883479100537,-112.3291172700827,-445.1669850027641,35.856560209392946,-5.833171729144779,-146.581335763985
-118.82475311765145,419.1021123371168,157.969373440148,-96.31521579807729,300.22507818803194,23.938156565467676,477.514322681172,710.319563834382,-142.3141606648132,233.26748214509337
211.2384243923228,312.4987864097518,236.1033988440761,431.4209892217127,-25.655332345201113,400.96344726194604,295.5036522763645,-22.099554911644905,329.95636168442024,-240.2694565414671
-499.1137042122607,-656.1072174599713,-472.9739575763291,-444.1383366323108,104.42591143192216,-456.5811054221214,-474.06766797716915,-488.23482204403535,-277.5591584761609,-99.12315039138434
248.02047677616167,203.11305500014208,-77.6537189399571,317.5503531817759,-197.77612441342913,282.2013599375311,784.1679779100537,-540.9212545212974,215.3883453488841,133.2184952601559
-131.9730675179609,79.106496653118,44.61441753412218,-264.1327672610133,81.52196690574867,-32.70457509324503,-178.86598644083887,-249.63157486676906,-97.47606580088267,-250.71870273491143
-227.68731156951876,69.17883715624714,82.29002388789456,-19.359199745625364,-71.99168566615994,-104.99993172439572,-353.0521351344438,349.4880173160774,39.221037669474114,272.8661979395822
313.23030346893046,-232.3571978284995,33.010621868608894,294.4503429286041,177.08708912440963,-19.188126722211425,245.7459339836382,0.2778331714791596,-19.69628989238359,-92.24409898597702
584.160515311739,-116.32690433847687,-28.626153212875163,14.322247576903685,171.85475563292644,368.7891596099798,265.73430741246955,214.82117695474454,212.7411884716499,22.5615241785315
-410.6259479188107,115.38773292028527,-21.804457986609002,1.8318093759788532,56.96690808822811,-248.57844881108392,-493.1189478881547,-412.28348740183327,-165.96075305101374,67.35439005810717
-66.35061729235615,245.1465271408593,270.45375727889376,-44.15079696174817,-91.07293629851868,-62.58033206733271,222.80057789434414,-188.02112560444925,-18.88663925164611,53.8013177320235
132.80332696740118,-96.68039380831532,-273.70330587829403,285.7079429983599,-173.17936252933512,499.1682183894613,-256.53071388759247,254.272594309679,-126.07954000473539,168.90210300686383
-230.72614775219662,91.5786553147624,151.14389299122564,-190.6849657079755,-249.64688079773467,-513.5876838122456,127.29044578224124,-438.18641685534084,-231.55324870400395,-356.3302581523709
-310.2197155230456,0.621306076370366,-105.3222341630703,-223.2830873527747,131.82968578541227,84.12463319792742,-192.63266593722182,16.569721386944977,-139.20963655890665,75.16383049197168
356.2398934100383,46.521854250777764,-69.21541165312296,408.66105786695545,321.94084444872425,207.7170894704083,235.74587991585557,-159.65133507130253,204.65066699273487,-79.84253844420508
339.0165641229192,329.21153284833053,61.199890681514674,-264.52370339417064,162.25102124982948,24.144145223019752,-243.25083523756632,540.6870111315867,508.91656877184806,237.79162675345202
4.657177796421786,-87.66964157510718,157.7913485965265,545.5371035171958,-92.2223429268409,167.6105502381654,638.8079840511849,236.89802918209904,404.89934274423524,538.4734812023202
-94.41786783780154,-476.01708797958133,-412.76613082169075,-189.60655131028972,70.31972623936994,-70.8270552449193,16.508466904206383,-766.6498918646076,-355.7392370293178,-177.81846298487747
71.10433119269388,260.38062957158314,296.20307516116543,-198.21440610818325,-95.11510280815726,-160.8026368619824,67.5764845065475,273.9939259532783,-246.52578520880968,188.28828413100644
-229.6747639712003,126.29531289940802,-332.317745395411,-76.82706256180074,-165.58574438659878,275.7777673553568,-376.5831577917557,388.8633625803375,-271.39407974233535,-387.9761463181011
488.03563392520283,-231.51715490748862,275.19029605405456,254.5358622671408,353.78946730776676,128.92648733994884,165.52739864675797,-59.45069593015519,127.72999130689873,289.4299949734735
-176.76724988138238,309.6901233592118,77.04807166524766,-107.7424134076276,116.66422313691552,208.84785741109985,137.05701623618512,244.2886837096946,-24.251367821510772,37.631225194597
524.3060882876231,729.2443405678737,177.49926635558091,560.2175230707179,582.5127805901627,157.06574014279514,-28.391631112170543,-30.315485169393956,889.3072215588383,510.7022263912205
267.95397630178473,89.78734222219403,33.60886228740518,63.54454686139774,-107.7798109088004,187.1220670261761,482.9528680822622,324.9923512411485,27.701240665453962,126.0176309513815
-470.8123530373657,-534.0709315672531,40.42920370473209,-331.94497162671587,-361.00030309239537,-157.40136919418305,-467.84278545614734,-246.8794902929027,-288.2732579046559,-310.90905005788636
133.29848831430357,100.99127933756235,-54.46128940382751,340.97474427697324,215.4477273735588,68.57185788369931,516.0056409440468,-109.38561611176546,82.79127439514052,179.4738806741532
-368.78651591391673,-438.35018063743956,29.743209367968017,-246.18601550954313,121.28449994187359,-173.75411865670927,-223.9599957281815,13.34453621258243,-79.36759163363672,99.83611370316736
-229.74316414896637,294.6716631474079,-310.302134040532,-130.58350191368694,-618.729695113263,-116.9302970514946,-239.9871456053763,55.27015781764041,-240.32345604290495,-378.33005530393547
100.54271857313965,-235.26468202931017,91.16388356758162,-203.16615013896887,54.461645976923286,96.27446048230266,130.6046751414008,-364.0750144610112,298.5467445974122,153.66758074418107
-305.5986702945043,401.90299859610377,-295.1865615655567,-113.41016535967563,-4.305010994733984,-292.55773079091745,-909.1484133330529,175.61073711960083,-286.65784597511265,-320.594874339954
612.2843776617217,111.64814153459263,373.650904630261,489.578145173218,243.31162232506335,339.24721539592423,928.367190965227,778.8656982746614,392.48738189536977,438.5051606018589
337.7886094212693,290.9389358884084,-232.31582022249256,68.79542257547082,248.65969381747232,218.68027488033502,441.16240885226557,-479.08281567853334,-406.2810580671671,-30.060837125590474
-675.4670054263888,-609.511666202091,-238.40995900219212,-593.3825789415581,-542.9812556897584,-387.7910287111961,-931.8599148870751,-505.96005453255185,157.94176127434537,-374.38440278912753
224.85820563669208,-176.13605061083436,4.749353668553089,277.7261198344449,-5.54150914663085,-185.0136216893723,-408.9595834744787,-170.41130731917067,-336.6438912311741,337.4770104185891
-98.60283629677664,-48.40901709292954,-68.26643887680825,-287.99873520155285,66.1466078647709,36.919691590245996,354.6806808553996,205.58694154825176,-365.32876787578283,-244.92599277119896
137.23591502466576,203.90565699294942,11.302648383524515,-7.47167979695104,-87.57168928519032,-522.7952859472058,-449.09765515869327,26.10556090045323,193.5226360027694,-40.531841926747276
-278.3116076036629,7.13039632185663,-178.8586027244141,74.00760313914783,229.02924311891715,162.75640407335305,426.47011823210266,364.93605930513723,443.86784493613584,239.89157752486312
455.65574862097895,370.3608547599111,13.899110818526188,512.4450772910883,275.93932387803926,426.37444560513615,552.1059380514637,392.0928580381779,413.50950315270035,379.1691990411593
-58.999105912758175,-415.3062532532785,68.0714981693505,-236.85623041784396,-246.45460662298976,225.87166825725436,593.35157478986,-528.6940222950783,-435.8635823644493,-84.50740825632776
162.80836461370717,282.9653946790776,-164.23471190617627,109.8337894858843,332.6101417721416,-66.44579270658195,-227.80383023302693,657.4920641423031,-59.85299246319474,189.12667457241162
614.5102132688249,507.60679600338426,501.64459976201096,256.5391054281566,112.80075371481917,184.17615083254788,19.08819542056744,552.7743270555779,1035.60500820051,169.5363653931741
-98.50154157684142,-353.4936236225911,-90.54238531828683,-19.73716869614631,164.81705568520965,244.47793769696673,-32.261563147447184,-233.61905407085547,-98.86586518022682,72.3643614245879
-50.636172004256046,331.5816151046132,-61.78366306829808,-115.25057398938732,249.38643810513022,-194.19044827321395,318.28323139252194,-109.50490930383606,-197.1020686940938,390.51952416068053
260.1633645562676,-83.30119254750973,-21.5016752334116,78.46601970539776,-236.46823546644436,-61.7680975644644,472.4399073694021,-75.33813292878831,352.1194395313554,-291.06829901274125
-528.2793635548983,-203.14876241803643,-14.951918885934631,-203.0496646000513,7.90794512605623,-173.29036533936574,-1072.7381087597744,-142.22217397809524,-541.3629739511584,-126.33791214555175
46.84510780100079,-202.79432413142405,-182.31125531029647,-97.95026358722939,-186.70968521872297,-71.36945268125714,147.97798362871958,194.24870123394535,-262.66344976050806,-234.88053297251156
89.62692519142114,-423.69877378146,30.646701255026326,234.22462382241704,-173.85533936255237,30.653943088097627,46.450186798305964,-645.4550956572828,198.89830498797812,-31.39045136340724
-497.71787614769175,-47.49211018863707,-221.76395433775352,-453.9072622992901,-208.90317463667904,17.0240373892269,-195.90560045910962,-552.3810426462458,-417.3488868719008,-71.6193384146775
-170.49848581770243,-407.84570603645784,-22.717711565151205,144.75133767872092,340.5082596739754,-62.09501601890783,-248.00339010353855,-46.69065688279906,-40.87074460364768,-175.58879255807997
367.1931478980017,386.56751468721603,83.54320304593591,66.00215736856168,-174.4872449650499,-29.606572669368443,187.37764919250256,233.24051921220163,-42.78309437867644,-23.975856352570275
-484.4805528443065,-477.6098883533256,-52.13613741367285,-160.06628730512074,-189.2920307590262,-107.62000276576953,-406.4144301980885,-18.38525482736156,-20.62419161324503,-95.08964801620213
303.7182449772706,191.7794961515521,129.429735195587,142.46386466411985,110.9811796503597,415.64812268237756,589.834511954277,-560.9815554042791,-208.10559889373405,3.5364255087964778
-100.4957740326094,-48.421799029789895,-144.36524137344605,-213.91644408477117,-301.4387913919841,-295.58147282419975,-107.39525140334014,-88.2056653618379,-144.57303817801724,-355.96275821128876
-257.9198723511842,-386.8426609159642,-177.22423002624402,-75.54820743109069,-8.029833003341507,18.083784654529982,-641.005177680327,-210.89447279371024,401.15876894217257,211.40247209286008
384.2134558046684,699.9743232013474,69.00080567096235,308.1401940519513,156.96427584616626,258.2245714117626,448.09749791570414,192.73217116130058,49.99577589005993,299.98615870683506
-82.00197640007325,-175.15433880515246,-154.76810724503756,-273.8133257287098,-188.77519083112648,110.3963646313079,-59.843915827376186,-1.5420176668885137,-446.4305313103676,-478.2471323085568
392.0504660141324,243.98487023142957,226.69834437301373,492.778245298372,440.2594620803925,345.90897044570636,405.360136447558,-117.36573925340655,799.6898698410901,355.63796120865214
115.03997475187863,-55.40153767983617,-39.492244695515936,-211.1223673075168,-40.193530714000644,-87.98010352056976,-435.05617518310703,216.33524702410622,-321.9711097307143,434.74786606043773
349.5582604454317,287.91252810024815,196.0817472418431,354.3703052214202,225.4148941540118,254.94699287377054,419.39598560550485,755.9878934012897,580.18860555875,12.859342005607012
-116.6009234676543,242.96623590630415,-67.98919140139428,218.97335579406854,3.0256871634224627,271.2526589583581,412.2602655036378,-117.5306464587904,-232.52610219685857,116.42807656920321
-289.66925568042495,-157.40547843160562,-16.531280537343907,-115.27047100555792,-242.91458324099642,-406.83387366899296,-651.2149787670133,-954.5926417061253,12.239029037754328,-493.7050894673095
56.181777303655274,-326.3590865667629,270.2232269487453,-52.88999553490672,15.980798311923307,-278.6619167984694,322.23202299205985,604.3026586938798,98.6965335953616,87.36761614973554
-119.97792081089737,-88.30367303078802,-344.4108801036825,-335.21089533353296,-205.598060407157,-165.27392757988247,-1080.0204175355345,-14.497343689323312,-558.8600831030889,-26.449965985812018
-10.658694631678673,375.5324148636552,139.7293022019513,140.0602251097944,273.7215028017538,97.36754962113928,480.25967656679154,471.20785585982225,361.77382867728846,293.07956781575825
-207.68250097213263,-202.58482691200012,-153.6776731488691,-91.7045155633835,-507.60047955684183,-95.03472421270433,209.87311811699695,-537.0294090803419,-68.10201955309039,-364.35427392497326
96.75935684388517,99.17715451368473,99.61453034953965,-88.3957562835978,585.0355220568543,289.32592370091385,344.49096603496406,89.84198634504673,62.39784137289085,176.400551961094
185.66065133843406,217.93144257261037,-4.686308778523042,297.26255201307686,232.29799084576308,-137.68854716184188,-170.5935444096684,3.233855360678549,106.83326176633952,270.6185293788465
-237.4090006017774,-220.30957821905437,72.72976145694219,-315.2583972295129,-193.46293830755522,134.5668477112901,435.1173047015105,-115.71390827085402,121.12500312988935,-146.96867591695403
-351.3566864549425,-286.48276172313155,-329.5308563837211,41.55444044299153,-523.8585348714779,-221.93138433557942,-722.9842841621124,-26.18405018452878,-21.847282408536806,-401.8401804255879
-90.97754051926941,-140.41843192806078,18.18482683282436,-291.5554087992557,-120.60538171814564,-125.92991563118917,6.899462489920312,313.58914755885246,-524.2347515236899,-123.71714612572045
-105.9159211514096,134.9808572472817,-9.23384338353106,153.33556314629809,52.22829804859598,-175.43313463705942,-65.20557542626652,-58.73001684976669,-150.97931134704126,-12.817939266490185
87.03633292390433,-20.23405812830012,-181.1898563033402,-349.40149395584774,-84.29053419623239,48.0677911707072,71.43854528083524,-317.3227576133769,50.16787399412062,-79.083458348371
-27.409799302221668,-339.26471759249466,78.03319122767113,243.7909036007039,-25.340253974737823,-169.36048167016847,-710.5694030393631,-346.3398835049861,251.03442512904212,-177.03288092895974
43.7181508067152,296.99928311276517,332.2035075805731,47.22492414054217,141.81610580908014,165.79613121552825,639.6573299132582,190.8659584115224,-330.45937213917114,78.55915270431633
19.90648679266715,130.06414329799077,-63.223959063276546,-66.9809117012621,-81.64068455784914,-21.342876464837328,-163.06353525529283,111.9959297818028,699.9446632389979,402.61507473047624
499.95353051359723,189.37151623421585,147.02928936368187,498.2574880497709,433.59518435780853,243.12292698517427,477.9190541313316,409.22282153204094,0.6921487887163348,404.4445082582153
-30.923696857883254,-263.0628637816694,-231.6876338143298,-284.79946798696955,-259.42511335412263,138.6974929533148,-469.4472356860115,-311.13159871724105,-81.43449890750698,-306.1773264454892
-472.5818463108991,-160.99777996825048,-25.913674962832676,-266.6956638559269,-369.5149018706381,-834.8969990646242,-637.1273522943769,-612.0705296184965,-326.8665444317399,-487.2403263429735
-16.069741403867344,-92.3465675854941,-220.2072858083066,378.388485136055,254.31644732229967,642.8047954780599,776.9861382877176,720.9409806945176,136.46302739549049,227.62032316352875
188.6768371486821,244.60588511401502,396.82310879825,-316.9740617653663,110.55826888209162,-110.07356078830597,-32.984209269965106,-281.54529943062954,60.926748035857024,23.091705287963
-232.22769954696693,-154.08491309375373,-136.55155311488522,4.925767213268828,43.72566536278519,206.9414859346994,496.56464087887565,-46.4915256636547,351.49089547157024,-392.3740867632964
402.3481335308666,-53.27870286241034,-106.41285792792992,-162.2570785244301,-296.93388869654217,-455.3624980350435,-592.3521298576973,170.65676285042707,-518.7176373846662,442.2304098425753
-909.9902096753626,-651.4750619402547,-333.55552315813804,-240.42609329179697,-335.7457404301547,-319.48009935222643,-462.3717421846701,-72.33160176137162,-373.9382073048468,-538.534623087537
-203.17229485441771,-101.8650281242835,-202.4061955265464,73.5218973125917,-137.16525574750642,8.94589971182361,68.57813054114793,-614.9289591461118,-149.13224795546384,-486.2905471113707
248.8948173306238,-236.23433503406193,16.016947004910133,4.521966334223956,145.2663032065194,-84.87254356614787,-264.371590718259,-312.1744278824283,-356.22681174598597,-153.8976658768454
-304.2708934556509,164.06657846713176,48.18476579982,-129.71326572915942,-38.71958990356758,358.27555831282274,308.62959353046585,-17.06085899382556,-159.4461353662466,145.05244356944553
273.9461324107873,82.28110527695237,225.28469376686752,2.5107629780420155,-56.41474310604614,-134.70900842560746,227.99967432744057,-3.3765238594655425,245.37339691595105,119.28027773317586
-25.215178759789307,52.75892052769442,115.91224798551517,-1.0224793328546633,148.00495529589136,351.5020143332244,193.48896458158976,479.41530447712057,84.48815295848016,106.13354500768604
135.23077825763926,-175.02404254376444,-110.26398036761735,-70.11222733284434,103.09677294731681,-467.52760464968657,-790.1070125020127,179.22965751470684,-254.05564555903482,-50.40417326462287
-693.5500062846971,96.22884108625979,-141.24527650461255,-268.67808185873224,-294.3497921517998,-102.47111534343945,-182.2466293477142,-312.60958428305685,-277.16456135840536,-506.12322083586326
67.15466096013817,230.6304007021205,200.46655434946442,99.92563798118398,-102.37824298400795,89.57901577613175,296.69619411504493,82.2283244926002,211.7497192893108,565.0168887738328
210.44011729795943,-135.37576703756002,-397.5548613400354,56.1152584244166,160.71133342734163,-31.50664310662246,-131.32424772471344,-248.86577613358875,-168.8959712590046,-152.08657996767133
-325.20578512743043,-437.80633809877764,-31.34910295115829,-263.10016657300264,23.722581736877707,72.25821612624215,191.68926303912073,-72.5695698524238,210.99319591895616,-50.570083773001706
612.5740061836424,797.4439598653038,415.5885796066842,54.84199967015687,-73.26493597482795,91.12993495714412,234.72751904709017,91.4697129058564,-187.40178607247177,108.90814231811618
-99.7773244677487,-389.50301755550623,-28.004452955772663,159.58317014249403,174.62184580149508,278.3408376372007,-40.33520529780606,458.5401487278676,169.93754971339305,134.42518912813253
21.67365336767211,371.1180744996698,227.89891903334043,188.23378497617512,349.0902180601845,-229.13772459418433,-149.03042259443924,-115.2479720253288,426.42063647056364,341.80088764651447
205.93535553602658,266.0031715649434,99.89053727057826,176.84177173382034,-23.083457114449327,88.73935902615672,-181.219803381217,225.95052533488382,284.7606005029074,-5.788331803202769
370.100061072146,151.7143962272905,306.3397052913617,391.3785444128873,340.243228623625,551.541841107423,1360.8551238171021,301.49365457118023,-6.98042032866695,380.2008730604614
122.97791571642328,476.8260492186996,77.17593071146969,-115.58700639872907,50.59572245060599,-184.12488789136438,-414.93735912576074,749.8752257099527,155.51227410536265,293.00613125006373
129.00936680242017,-53.087479194379725,43.18033281384189,-104.86029810952665,95.25170104587008,389.60165786088265,465.23348556261425,246.47374438651812,-62.8682612765396,349.53150052792563
190.01716327071256,568.0690254065584,68.45296749796532,351.43005821905285,45.3155708179786,-312.3025534328724,312.2400189304136,44.053247150953624,415.46480462847956,-44.52559440637037
210.65238919755436,-406.3380944210396,-398.4905458394572,-200.0929885443259,275.20678026155286,236.44287055201042,-654.2813889007901,-48.26526334668465,337.60575077566233,-15.61158043613075
-486.2475131586899,12.441163940283536,237.7655850685308,-112.25773791273187,-292.5329433529782,-158.04053928980295,330.314931372108,-383.5759081972583,-695.4309266810482,-102.05050188951243
492.52135137522544,-331.86544266485464,-229.84949931505597,147.11869603022072,33.41382490834711,-108.7748994149117,-154.04576275390346,88.0108196974699,-118.45736753952211,19.324426386066733
-303.3147545834367,148.47965576471827,-97.9139117947995,10.904994848491725,89.26423391560229,-88.07801883893922,-244.79372232042664,-171.13469547388624,435.3440523591406,-319.4016374132921
-355.0938082162465,-20.25894692938067,-148.11388034296013,-359.2977818276547,-365.7728164139638,-40.421841252389825,137.41839400188667,2.8815065765267076,-371.5456887169954,-115.37824821930816
202.10889530284737,-192.48398813877196,137.66412245871595,-149.48477308306764,-44.8476230419344,-206.85111160998417,-458.10056795837,-173.59298613646064,-184.59343955412604,149.43218579078598
-644.1755841106507,-281.7881764416137,-342.96245175696436,13.369107862754513,-217.27408395266332,-368.2706166055252,-453.54673881207015,-384.70519006038035,-423.9538996116021,-140.02668112993692
319.0128366699415,514.8309316360723,326.8536227195912,-81.83566472998822,410.5199099699894,152.91764405183605,494.23204378923947,-79.05080860169187,484.9954537470658,529.4387522610363
156.20351027573207,159.3780379578844,-16.043085154409443,110.66357502471227,354.1718097594819,565.201281866624,544.5822140263249,545.9233544501849,212.09208324729215,-10.36021451060297
-235.1436486277458,-123.28349542729994,-87.23793427242198,-184.97561722019884,-360.0594833897316,-265.16414157691463,-1072.1073364451963,-183.02059627148768,-352.08110082117946,-390.21724223091826
220.6359404114263,-382.7076060488268,232.6196971111379,361.425517487368,-126.62735636930623,14.974111922379011,1206.1899804144784,-191.04602759541464,-44.84085894297345,152.68398331793088
259.4205286557466,134.71854088862503,-5.970823634481702,-434.7997725136205,204.6591210029707,-82.00550962547341,-408.09572330347254,-31.132894951003813,-18.856759276782455,44.623666817983505
-180.85287297191286,349.65459753881265,31.758688953730026,87.78289901179663,148.94617878020517,-19.954011499137216,-163.89293753586202,219.7992953576504,148.77548440897343,258.2284907397743
190.47240491012883,283.99448716760907,36.82338188527412,379.4249604344393,89.52244468265864,72.01839782780581,172.8818648637213,478.9055713438547,205.36428005981352,-15.265713509625257
31.62161949958015,-210.43859327044126,155.2769563478787,-228.05493681331936,1.7812855555778833,-112.17267825361725,200.1361994588969,-167.31105964931342,-60.52685993564649,-236.84525966025032
43.3665573985632,-348.34415233871266,195.30817351915204,77.97937627355488,-285.6429944949177,137.21970062302304,313.53646557798896,-513.5832783511556,-109.59857857973456,-2.22499776492629
-591.171630586715,189.61044566663904,-421.6801328333811,-495.97847371669417,-72.35519009833205,-416.61825912076546,-1125.0519152364889,-783.8721281262747,-412.21999876068105,59.21120970716407
281.19239008987773,-87.35123580890622,323.2848190747757,193.1728506737274,185.40429328070277,137.9201262323234,652.132239740057,701.5206651283341,195.6123179824599,-162.4651203929395
-288.36722341669235,6.00850822429443,-387.2140462937138,-51.55965132692729,-193.25853427132617,467.6833150481683,136.41243424114032,370.37753021599104,-127.0568651369122,405.8026867284927
375.9538367454003,-184.9492797099902,23.910551367817455,-156.57329905602504,93.3357224083658,-706.4646965098283,-515.5537403929764,-285.2033311123113,397.3508544007212,-77.99823345539065
-271.14272705739455,-430.4641194865855,-99.03767571212657,150.9772393646593,-116.79084226907636,254.40726105026403,183.0770923807498,-144.14345979437041,-642.214973096451,48.47193333581255
386.5133711735045,818.2425724871545,67.23370008878562,130.15393062072084,273.94234318182293,224.89432937563933,792.4408634706008,366.66490663009677,564.8540759970808,197.85002083942913
-442.0019558094046,-483.4007076499184,90.42012579608043,-395.807378222956,-298.20699241729903,-217.57881204575986,-838.102015601971,-347.8394620939258,-48.56296691947232,-26.494149463076692
316.6826573082833,121.75846384005469,216.68320366451374,492.79005286755984,337.74123964957244,-218.90541990405825,67.88859998183965,287.0901541964329,61.88840347501433,161.14632829048128
346.31945331938306,365.3690411547986,64.39461883752386,-6.615071906134947,80.68172580482303,241.39296637385053,383.94925055100543,533.7388664318571,441.58705082879356,162.77782206477102
-6.060202779278884,-126.84238739576305,-127.6157188271278,80.76831026418367,12.767566446788836,17.019279515322353,-685.7920037820577,-392.00878201631747,-601.8726949403035,-41.45689269755269
13.768214277779185,319.2841767490876,-202.3342999029069,-273.64196797252714,160.237837461805,79.68023489513236,511.9991701012199,208.54856465664605,95.29445634423547,-31.39808043817274
-9.449766498884,25.71574445869912,338.64341406589557,294.1489667426688,-75.89495426794066,140.68690909488643,156.6898575804428,367.49451303470784,355.58304657973775,-229.59430049102897
-383.8660300573485,119.41728388839653,10.961105082489004,-388.68485504835036,314.44213667648194,-81.71523835800778,-112.14324495504509,68.7450521815573,-344.1392025780415,97.2940036688394
492.4048857453595,106.82433182972024,191.7797361299577,23.57258444205224,83.71055236759153,16.326491841283296,494.6368184217392,-192.10691406880062,38.71903947104183,249.1473225102483
-64.16311847577533,-55.122457571972184,-189.88124843045944,225.7536995295899,-67.40780429459377,324.280146989022,-2.2192303218850173,69.34687798490927,93.15722214054732,130.54867321769999
37.53498300264508,-383.3159752487441,-39.99186701690239,139.51854891051624,54.16386244354183,-211.34542982605456,-116.08366566476072,-86.81094488486544,-123.00364477107844,30.52429008342235
-262.39595834379435,-121.17728490315696,-39.820833144529054,-350.20231561094005,-526.8329253965926,-140.96284727217437,-213.3165640283956,-355.55501706653666,215.06935229896766,-389.91397919485286
645.1940037899046,154.91340827873788,-170.47306967888915,238.62978793554262,229.90213711386406,287.8804524047937,282.79606529653455,273.77275803653436,37.82506121605853,-54.26414166459481
-406.74525107420186,-435.138693729561,-53.22614486064128,48.636608005309206,-269.45854900391936,-297.39984189445994,292.39430160679314,60.101200732813076,-43.934006150038016,52.19327707858739
-385.0186732646889,-338.4930382445292,-197.45584752863536,-391.99308809916033,108.34369365036106,-102.84339860328062,-1136.8069544413122,-405.0277104799764,-321.0116082415168,-267.5627313907506
162.5241943369216,459.72996389536854,11.718257697571293,-49.75405308261222,-45.67142856528443,-38.662402334903284,-137.20175540995507,19.19179184413086,-61.72308315494576,103.94905224253549
477.203351696729,204.7277206891606,158.28199303421383,276.0269636906155,84.5751413176829,159.19589633296442,388.52061740005047,336.47002892617184,6.388418387034597,307.12179822262794
-142.61643170988023,-201.39567280106021,9.498370662986561,-48.04528622898017,191.1129895974788,36.70631600030975,138.04341183858335,-44.882012508728536,505.75646631880653,221.8511809397308
216.17221052635117,57.224544979953556,142.98582473414197,196.1085795840137,54.13772118201629,174.60418300068434,199.1414059543726,15.987798078144149,199.32340461675759,-50.086180437383156
22.383651868467435,149.1987191076049,-135.03589489808965,211.50958929796667,125.13125567326522,90.38939206365127,398.1182099848461,-297.21078697109317,1.1686159411059052,27.315303478601432
-156.98214587330963,-42.98533506867859,-161.88035271914424,-214.3536546054023,-2.8217930593996843,-95.12738557188887,-396.30446190314234,497.93087774765917,-193.9625133364262,-158.74799476789156
-133.1054244277908,-260.50493530757313,-67.83097559542327,-334.6763172329068,-257.4918315082976,-27.584614474367537,-559.5854940590547,-819.2635144193924,-209.1615988085149,-182.29901839352976
-465.4279733627118,-469.829141191116,-193.0038672871539,-48.88018287797121,-285.0102654130942,-617.7919889228937,-124.31714773843069,-221.12032153293117,-130.9486958628967,-313.18436820677
-292.0576767581693,-381.52051261854854,42.47023723791355,-382.19539310927195,-220.94162227956235,345.9960992531951,243.73483881324606,-486.32158358359237,-293.1060503262963,-107.14485507269615
293.4736203637369,50.5800880181587,470.04395706228513,128.42453041359028,14.214291059638128,-282.3254080572243,-507.7036380928583,487.1730302960817,-0.8711703597293871,264.2360487862548
469.7198144749447,493.23428286387673,-242.31442205726617,264.5164829150686,344.32198728457433,233.23668721351774,1052.8039482996744,385.60513597709013,108.93828281628343,-3.2071233152866565
48.52205889156474,-156.7187214210489,37.60559283597675,278.51571304362193,-140.30103478022616,4.209881971514042,-108.42355461302904,-52.34211186919325,229.75590641434096,177.9820224652068
430.2009605996397,-256.7166904333936,-1.5219050948263853,-21.42435210097112,-20.02026251185413,179.94037329626522,-408.7804577649362,-24.058907263211875,18.109719317433886,158.32446038437263
50.828261602128606,413.8368591096591,159.8199534431739,-16.51198119112943,-54.09248140915843,-70.28184791350347,797.2403327879094,203.729088402472,476.15318271801027,95.74019456179822
380.06711958659673,-104.83139128934071,-61.12943324455932,105.24561235446564,484.2284728460591,14.907881753985558,-569.8357675872174,581.1569515418656,34.98403222762091,0.5455074766068747
-118.87567326627943,334.118782791005,-71.01247096848759,-46.11720530203582,-45.691498218401954,-16.062228522998446,242.3462991052672,88.27081547712392,-27.341725905460432,-32.788203983631284
-528.09388288588,-678.7281267349022,11.988374481677194,-112.52100782560028,-144.1384553626627,-68.5599087376653,-213.2587814180734,-498.3680679219954,-332.92380422743923,-350.7226434621852
65.71473579820893,471.11391491534056,8.002820038295388,-51.751646504468475,-138.2879825358785,-103.29620210557219,26.364853324204258,-324.6031711578475,-177.30426286287332,147.4079956239182
201.14849814717562,219.39856161558495,239.2029877339835,308.21225291435655,187.22980414169788,141.225432943161,393.5459002956247,478.7226746701781,835.2650873401898,509.0545713054878
158.199955287586,-387.81168325724093,-404.36161370847753,-162.5420763036612,-184.73335714227397,-192.95328176339194,-324.52659061583665,-61.89426791371574,-410.5878520412492,-317.6307061378049
-351.04568580278493,-403.30871536413673,130.1029876415237,35.70957178751165,25.270345591918236,27.86245567116275,-9.062806437041761,-280.91509247382544,14.962290306516243,3.9240755965381235
-366.6865307547349,-172.04526507015143,-187.64387834109675,-373.7575432030683,-475.66185047589533,-196.33034936292722,-262.12057535762693,-412.0356870589454,-417.2490490155778,-505.3922153185223
-59.484060190438846,16.956806069811794,-107.69807945252599,-230.11311933405452,38.08312932862072,-373.4675974883952,-514.9306715009811,-665.7329091966401,-484.31501517062657,-135.0355001605574
-25.067621284911997,-77.31713804539552,-100.72242542884734,536.4097303061676,-145.56601822395805,105.63294489551996,-25.483397731720203,146.12729333979976,200.08772971278967,103.23614373298919
-219.88038287672074,-128.53309681143836,-171.93151188966613,-648.2898401956527,150.17113531175772,-20.357750695066198,286.5582353524302,139.79774080628462,-20.959574086033246,-323.49342809360814
-325.00186224884976,-12.118664137438248,-65.32738428759198,19.740296409112986,-310.3821108874251,-290.1172629651693,-481.3629247119404,-586.8589504199336,100.9974538422671,148.51169205978044
-45.782846026771225,108.12941078368335,330.4035875012208,355.10766561235766,75.34607077845799,406.46462408641554,176.07776642344527,236.94161010513798,-177.8926026747026,27.312607538390335
739.1959481767032,207.98982546120206,-16.125923820737995,113.23820551124956,375.1882625150464,-143.36623765249558,482.0474203578619,687.6111096722042,324.4306360515455,15.215131797713909
-812.1871766184524,-619.892291971776,-283.4930006953941,-420.65154338422127,-815.045789676394,-468.563050593609,-1037.4430651817308,-728.6243250690163,-281.79201960884535,-297.9640330005457
-516.7851748371603,-209.73392599928556,-682.037565146101,-386.36640285078823,145.25930049728345,-464.5213559615086,-203.33057654388162,-598.519310931442,-826.4454234642924,-402.4209970931865
460.4695808852219,8.63243353064185,264.36711780563746,285.903516018961,-140.36681773626415,386.3717246108484,474.86518647637945,37.21332261340036,558.4908972646056,315.172129498012
46.26201259153826,459.5677216284948,-56.744327341319924,-83.39219794098425,164.87631373092682,-346.250267118033,-401.0794353703604,288.65560369864113,-187.10156047701545,-135.57123313403372
105.24816068537918,-272.1103303961623,5.228686941077592,-229.06705733557783,-145.49668657073175,-175.46129947536446,712.1974727800193,-127.91773180400762,53.59504863972416,-0.09759694057423066
278.7196652570401,406.9520919270648,246.33281134402267,356.5416029693909,334.8819352267657,674.9068875171208,41.7182149799875,235.3691336912282,136.45097347168885,252.2085996985014
-172.1498064303684,90.23666449834799,203.47673423261023,-97.19969432594841,175.76658445613052,27.902274135436038,-362.870359356828,-348.1985167660712,7.5771026059003574,82.93503807019603
355.68901712185954,327.52179308209196,-78.72365665562683,35.741425468729425,-92.51822080061558,16.485356876326083,69.11131428985931,325.64036525641916,-102.35181817559716,9.18859359560679
-363.38007121563476,-776.1544100922331,48.427657212100236,-1.6535746307077699,-124.15521741011815,-53.84621633626729,166.7919067073835,-339.1962995968022,308.43515055675067,-80.10330301595742
-147.4986995736982,433.0688588514838,-118.39964852415831,-296.98742003518635,95.12403523804439,8.572126802713818,97.2638401505166,329.48452997567705,-49.135615561459694,150.13489357888128
14.155863428868786,-152.95289560706775,248.16348738538537,36.52686017707953,-311.65435659840665,99.22359574708766,28.10956361027196,-270.3392416148602,-139.19856567851633,-297.59738204159237
74.10517018500428,243.45337923955634,5.00344949968656,313.96271309980585,447.47898563138693,42.78294667332072,-432.728488312023,-29.36844451575127,88.9593546421969,215.53437600972885
-114.49939720424285,127.60552620997387,-298.9378454312641,-235.0230301143558,-313.29080187470913,3.210508605386304,84.84372278491534,530.1049361918211,19.45795695526422,51.169811247420064
402.0816842864054,-116.60635890167642,85.0631302193139,303.05005526995234,123.97699863845257,27.13108904618655,431.71599343780457,-93.94811324603992,200.66809149761406,-17.87620972682313
214.81965454900026,79.85950739400438,117.56481679998657,206.10146730605646,64.47319676233363,-49.646412189372455,28.21199849441367,41.174243367057436,214.3930023848081,202.23162674592638
395.52752638708114,162.5732856707573,160.241915683762,272.4032137162912,480.6183574826666,219.6789755039298,716.2775880415754,181.28992395852413,488.43997618415585,228.27523290206096
-151.0621840841904,172.6890588890029,-158.91781519065182,-180.2476750477372,121.41807537439198,-132.09749280657047,-372.83079614759646,123.80869473188851,-58.52698105063928,69.47916932578543
-286.1720407111895,-833.9304610874398,-144.94405843547392,-287.5273134239355,-511.61333184370034,-71.39027038577242,-713.5465772013272,-720.3210784882455,-81.33687554190236,-79.00987612585406
-219.8936204968621,169.73278613233057,65.3240112370298,242.31304021140744,245.52069270207443,-105.09140715457941,190.4190504426134,-82.76973492613499,-498.3307121221563,-63.82292830683627
200.9747362571589,97.29886009459236,-4.85599906884278,-36.36356023139351,-38.58396333066408,50.824961428235824,225.27721245399945,290.74920652043295,503.21897474493517,-52.81858013336514
-54.95157939077559,238.51750860704877,316.4109927654533,325.2184782943647,-169.60375887934242,337.78439776417395,641.8236986357867,-75.60238143191721,175.68717657087566,284.40599056269696
21.738560688783995,1.6281806770513263,32.94757065000858,-155.87384205967115,65.12122568886544,-309.82317449220847,-336.8130013315002,491.10704247944915,-164.33196476387556,-174.887896001423
382.49870969706706,-37.17075786184017,-124.8489440672299,132.89031914627324,87.67538128466437,197.89782622796656,209.21204964360456,-345.1434445754984,114.05206663436124,289.9563834426508
-226.41886213373036,-14.31836373241155,-202.60739474117403,-446.7769104100663,-205.3149961584453,-155.5000893783863,-552.8047920212348,592.3285639028916,-594.5850474274672,-225.27110497711357
-20.124560034418035,85.37459023049543,-22.19253048517774,85.85077825243211,169.08068397301258,142.77268466674155,528.2884684405038,76.05061794101282,518.786231657001,295.2822500209756
131.838737481432,-73.20113459620934,-99.98799786635614,57.75936981436114,141.921891953087,190.47763088731725,61.05416451518775,-53.08232198691211,47.68884819686688,-154.4551827672217
-420.3167530086463,-635.6766723647268,-220.71936816739802,-291.75484797180604,-344.38631809657926,-310.0117653946912,-469.6765427560604,183.88046129365793,-669.9602462405687,-317.28783279878036
340.9450118097912,661.5528536869035,-46.74928778865799,222.4542383295251,265.91713677390163,122.58843293322515,162.5889469503988,-163.53753830920553,48.885940151287215,193.00790284885449
-152.34511007171372,341.6064726725486,83.47510899764303,-24.943081196798182,326.4970674554324,237.87527089357312,269.6383214642789,453.1433283451181,651.8823526167924,292.5714838969899
226.81716691892024,-651.9607021099481,-92.75630023243087,65.1700039238942,-323.0490640407942,-146.24268716465036,-593.4237075066663,96.61121645780688,-113.86304600631529,-14.502220377447294
-78.41976426193935,206.0233185799938,-177.53145806129677,-125.8175204667097,-162.8582248877661,10.56204418385837,352.9212387483156,-154.32692169528497,13.988060539162783,-335.28806922287316
76.08836815419996,196.12320688003135,-170.0421982296618,-90.53778704736293,95.59806309765492,-44.88592452222686,322.70011380606906,-86.95844150357645,-391.34041268294413,3.482071704949182
-185.21767132970436,-26.807847849851925,89.1868608033007,-79.89361782613003,134.1376786051255,213.16814220278346,-359.41556890437903,-117.58922805437028,27.693182929880088,552.5223545658008
370.33010656535265,-168.8277741504681,35.43322687542276,-10.992434483843116,-56.04039450686698,-305.0832634697926,213.84471759339408,552.9777325221652,116.12508173610543,-124.28978693853325
-98.39534707249938,-169.9319887101289,-86.42327932522622,34.21268625150027,-148.951778448126,-63.5142035893587,-482.119978938853,-117.99474271966213,-250.27290973662207,-29.734056382424022
357.4946779918994,187.67965163257674,44.776402297791726,216.1203807142184,210.8447743459975,158.84184260430962,337.85543069464325,21.588852447299452,527.6072254741804,66.69424292387805
-378.39740034317697,-60.58109879292556,-22.52460147546347,-376.5523820462839,-110.36478621395985,-24.666768289089635,-310.33389307117795,287.0150824710883,-228.58932108184618,40.994125730732144
-160.26056791862237,181.4657666662406,-306.4918058173536,374.89821084336836,-78.33008441315171,131.0841565182174,366.96674242639597,-395.04456700261846,430.12808462770244,-25.615523349010033
186.27424276653431,-410.69887881296313,64.54050723284097,-195.67947075748728,-24.97768560790428,-481.2762668561349,-182.09174565949763,144.2513389274279,-257.20046812622934,-395.8532102233139
22.919733642051277,-168.81335805326722,-92.57187699400927,-108.0393745376913,-66.78317089992781,-105.61200317049195,-164.72676137972095,-201.3459311247339,-191.41638460829455,57.814856997921744
63.73414884486067,164.72449190438482,-192.7441505448162,77.64049383722205,136.95393956743942,61.10933779919247,327.4054400312669,129.72320250226204,55.87094794486526,-48.41015209776247
-574.7748666979528,-244.28044599405533,24.798936184662924,-544.7709029698163,-459.1070294028921,-505.42170224100136,-544.5664793071711,-343.66607852425255,-245.03633704517296,-77.21783067831556
278.95237463127233,82.26602952684478,-145.78327613848174,392.6890706688068,500.3392997316254,268.5442567491438,319.6187434277568,-85.54339753319857,372.84077863000846,37.27111741381707
179.2043532743881,295.6097215794928,-161.1344696678157,-317.75414003568255,37.701262419162084,-145.90499970452734,-102.32564079826241,249.27010163410088,234.59484536937796,291.2365842447601
-199.59651839886857,129.3043797565771,107.36620717975036,175.29051421646886,-5.400944128397361,46.54734641680182,329.89835097585063,-6.002110051068711,-400.6260538930407,-214.96126552262552
-4.1711040078964405,-404.8355952957361,93.10173962176513,-131.49762796646152,239.17228860551532,101.00330248954802,-56.02476720455829,76.91774702119254,577.6220218862513,98.26001434146634
51.58967929440257,10.134473013331524,-279.1672072284514,-90.8649561229378,-246.65112777795161,-148.42671824365283,167.67929491519985,212.17756185330566,-596.239718035474,-314.33388012258274
-82.8183726781815,182.0179602078575,194.84731023431328,155.74734073924049,145.99291931790543,69.37496821916778,-114.58513496923652,27.604445326345658,571.4190833724555,565.018671051736
-215.45046389150178,-443.30555106900465,-222.23887497616676,-235.00312070512757,-390.758791016484,-344.772325363832,-482.767582443276,-568.89786438873,-877.8900611755981,-761.4793169520848
160.33859607817087,-114.27083930495697,108.18814267011129,42.5954290858526,247.5298760619953,-9.188996973968937,71.65225295782132,339.56555380893826,557.2443602302436,220.07888829426795
24.862308762371356,306.52081533301634,-93.52695888855015,-62.79239909407344,-56.02193950614098,-63.56792788152174,235.53428784164842,-18.99695627342411,279.2938102072619,246.98805362686315
-311.73222433520436,-162.67478477972986,164.30647878611748,381.5629239421194,-65.61877168136331,207.22673930666357,-434.4023251496445,-309.2900109314806,-313.85876244275244,-124.46170725976629
-513.6672862774649,-101.71651821466114,-353.65015423738157,-265.26407086244774,-98.05392275591528,-376.63136264441454,-291.480317595269,176.63764314479687,-283.8091113684974,-160.61841884165082
526.8438763987798,-161.93807043509884,403.57525215727867,8.834806707351598,327.99243645346195,256.6591575109232,923.9473598185847,13.178027331950402,132.47178371352683,82.14874575258597
257.58662614060927,484.821066717531,-88.88616733951898,369.9050884261634,88.78321997132333,49.39366368387685,298.70217058107505,388.7881528931338,162.62149087525995,72.17956832327438
88.74602581989221,414.90107758645917,189.2534236316427,-328.6623123311525,-160.86220486769588,-52.9694291369365,-81.50336517736568,155.98388835443168,413.3235914818689,291.61466327062044
386.8904550109213,196.0356159838595,-295.3908895079598,265.6429472348493,154.37191380808696,197.48061372240468,-91.16060880177318,-281.7369887916166,-69.88959062440406,-20.016608295270792
-35.13858646893383,-156.17691613249428,187.00543970097746,-49.479120753029605,220.27446627571942,174.45060361557424,276.914458965792,397.77607414326724,312.8722627996168,6.021459049911181
-44.346732122002976,247.65749236086933,87.44353641861022,-31.059422239067867,-39.08715027490468,0.31690229920547874,71.76330107492562,32.448480737197116,-272.48654995246113,-116.58570853546523
368.0119595371248,-278.8280762022949,299.79591397238664,255.89000952925397,284.5722434110901,23.44975813806526,-321.42335068591643,-56.41926963252762,-71.04617065498832,494.6728900956118
-405.07165137921714,215.7073930095015,-387.4164534058124,92.85855871310339,-178.78732935716795,-4.3475339715315675,231.0995099181426,375.47774175430555,-60.90020702996065,-291.8527511176153
-295.34864743692697,-148.9806045262512,132.61333012662112,-330.7550229018228,-145.5316092282843,-109.96130516304066,-43.773223733917035,-88.7255739512281,384.3354827757494,-102.9018101959051
163.55339539564176,-511.2914261389734,-87.85869689706118,37.18328676722893,16.275305361213015,45.87201352063443,73.17195302111107,-561.3381981138965,-406.8787556107537,-263.52262008732606
-125.6441833683852,500.60872332050957,51.68790159369668,-96.74009256405253,-314.50858942863886,-141.6176226620466,-390.37892498388976,-379.9665046848367,-352.09955341801816,-188.74051469953898
101.2193417729264,-460.484624682757,-155.80924160540067,-161.38668038578038,372.1635019051041,-73.28753756630852,171.4933443330223,451.4042953072192,408.71708010485287,440.07497265273673
426.2754791143862,358.9784438673174,210.41936152796472,271.8512614275838,205.09685272795784,275.5713005531115,554.2388184172013,361.98472106563685,101.28982303668428,318.9585573384867
-415.32967176813736,308.0933214372048,22.454563802633245,-53.44523063355239,-214.56558020357247,-74.5737168051014,-243.43256469594334,-225.1693539513773,-251.7730481662485,-90.18441610320711
686.5429329184308,-240.67627082232707,19.641003067305878,-109.60730870559293,-46.99527399736377,-47.03613235900484,218.30939211783567,409.26927729706455,628.9691924543456,-219.19908002605013
-166.75847702054557,177.4460543420305,36.56523420598559,357.66716747587094,316.1556583449493,119.72333779067041,-330.8343505766049,-585.2121930704067,-68.01728057760846,552.9428682836098
-794.4807120457019,-394.3047998496748,-264.97667564418487,-350.92302133198694,-392.73666154966224,-460.3763032474372,-531.5939344874918,6.134307064966664,-459.76335766618826,-530.8222757875054
-105.2994088841933,355.5114734507968,-58.91986685880647,-34.55750459506023,15.008093423354515,320.6629073288808,682.3800312412496,559.1365306676234,490.92824494751915,553.9439652710826
892.2318128317569,141.69034875162743,-22.841694627643893,481.0649261300678,252.0848792617429,-93.66008339869263,-515.9562929906376,348.0737835806384,0.42211478857776813,-4.482469204601532
-767.8707543933826,-591.913604118663,-94.94041221302342,-325.1111415546205,-401.3381823745119,38.12597331102284,-117.71827221896727,-460.235129918686,-701.6592773167545,-587.5909894345001
-208.60105514223542,270.7187073955239,-98.46647802485772,-111.18059780025264,-96.44950510864568,51.516140763618964,209.29825409377128,-543.7323333334797,11.799759682643185,1.5947011637185264
-128.02810742972738,-454.663098312609,-92.36139201386298,-59.13375121407836,-10.751953110401926,-103.98568688115265,-649.1875582937741,-434.06498820435934,130.78359922409388,-197.39587197654822
-6.905860222102726,272.97552775933724,217.8728898588638,-22.868268330074553,110.1566369371685,376.1563243475852,784.2786496069195,-54.38050121158455,-251.58329905283068,100.50870673861635
311.2813288210985,2.4801067406638895,-331.4157506505656,-190.27286259780655,-266.3754793210606,-308.29151789959866,-260.01421736054687,-80.3915174544827,63.885034152182776,75.78054059888065
58.389576182490345,159.3323171053939,275.1850707105696,253.51418103319898,90.81189244433021,43.8613075279256,-365.2259626464906,356.3916911195751,188.0692557793473,107.4396136761898
-260.14313669424735,-200.67266697939417,-9.065325765042179,-400.0664274454898,-192.21639496458096,-102.64651761653703,114.64100241533203,48.8516435411698,-326.3361367125062,-1.7599201217119154
-77.0541084922775,-425.55395781272745,-146.33560659655936,-151.7630422245184,-111.28062365679111,-65.4216640975511,-330.6260867215073,-564.8300409179819,-88.47864659283061,-323.5810850403501
-497.29303236646007,-252.74588155734767,-109.42428115924373,126.32767627592004,-97.97357995463885,-478.66012326300654,88.60227133847735,577.0289718027952,29.514383454186696,-31.993159880520558
81.02448364796527,0.3557602727894736,-95.80280934659355,-261.3794519630113,-45.29153354086105,59.68124277833733,188.1469652330239,-558.7573674978202,29.761810252824226,-240.8487069577327
-297.00882852736595,-83.43058226247231,104.88438774593574,-118.35130586250068,-215.53989819922356,-112.33701802720914,-414.9892085328762,127.59999727456798,-304.4988862243742,-156.26670311461515
146.83471346897934,554.4975948278776,95.50790930326662,211.42448710523476,216.5263021701421,208.02263626011032,289.78762939284985,-178.14416538122904,220.9850028389453,282.04875433941856
-176.44731223001736,86.42161141798569,-99.11166400560238,-155.00838694796118,-171.79632830524136,-140.3923073829473,-343.6994230363434,52.83575097536728,-422.2686950075068,-231.94598412881837
216.12544871103242,-232.76354930311862,252.9493075060066,192.5118948534304,5.112647534709772,117.92853995505291,310.1812100359284,249.91356381217926,86.01145720118332,63.6083992756741
101.65203554739587,-115.70990860290797,-112.75166203982826,-115.90718806889238,90.21886090177004,-142.56256115217366,-477.2860273041338,-456.5232158480271,-79.03209819173264,410.3740452181104
-229.21073256009555,128.7306417743811,252.43452705192738,-161.95448248184417,-360.17574041770644,455.04533882305975,767.4379665210923,-415.8312446542999,-49.52839230110526,-329.38805476076107
-397.0679586376244,-190.1193958068179,-557.8093967748817,-205.19658850823052,-3.100664199303403,-658.2364562830877,-1210.2312332297513,87.00843039457772,-345.81405354591226,-331.5416047883521
-288.5837524178646,-289.9189496719853,185.31758299978299,-275.35139241251903,-125.98451463337807,-91.11838897242312,159.7259814233283,-109.22384389032679,-326.34633674790814,-268.54143268363254
230.44853731609837,331.44867909090584,39.69232535961102,498.0915033531057,-96.18336774919791,284.3517710578124,-64.0247911712648,361.9202165045143,207.39734746401518,233.67289031985825
682.8777577691144,36.17699573648384,340.42484829376264,-95.98014030347218,142.6627792875165,219.65901461350512,989.891505746598,-399.97607350311495,139.43347243264938,-112.02496388421046
-274.8752136597958,174.04083578473424,-246.9121368922444,-191.55032991702157,134.30310494701936,176.30283760721693,-402.55839295261,-394.20415306241324,-29.665324028846495,63.16017368748742
-181.85560686692565,-149.90618823721746,-78.65171225083178,-272.99295631255393,-197.71837954336243,-376.2586793049509,-75.52735405448514,146.3522725745311,-313.89650929257897,68.0063415525417
-189.02938944592213,245.1842540507054,-86.23643551221245,257.097282049152,98.34586821379587,253.66197790589717,-114.72194503378277,341.17498560190046,141.78410622186658,-158.70370640473826
-67.25214542665205,-200.0184735286019,55.18260506421301,140.2536945814697,168.99522972796518,-347.4542020815456,-261.97631566493317,-241.66957405899683,-315.75599938381924,260.5981919773608
194.9876777320223,529.2892460367445,-25.194208763537574,-77.7998389523278,91.98225618799516,297.31682174769054,526.5516532210264,-159.89580653530405,339.94493559140034,5.455529691341153
-21.317491405720897,-17.042369792275515,18.976660651676095,-169.32121432332622,132.56208096860914,71.57671001170812,-241.53277716429963,456.01326980687554,472.15120256995107,-211.1919513003522
-149.32408514060154,-288.0108473775053,-45.707643160882945,-104.73848749969879,-396.4078536370591,-197.7573049778627,-640.5355691031002,-347.08551786379377,-497.34932603631034,-324.0209675051701
-592.8897966753084,73.88958025729329,-394.7255804223054,3.729058228749883,-337.6326587542861,44.56333864851779,-25.043370964518004,-192.88020242923554,-136.7435252082964,-276.336024662717
47.834317522958635,80.19626471840559,66.3493242244596,157.93494343818787,411.63123323173016,87.61419158707021,801.0341371591397,284.4922863705909,337.98350679777025,167.25334035267846
302.8668357420779,45.86266434297442,146.2354410073642,-51.24397539821249,-177.74771578440198,299.422071376211,99.44835459770817,90.74293989393593,-115.8880993435536,236.66692961547255
28.045159943538483,-240.2200073615673,-277.9797126127851,-4.162838256184292,147.1056474389088,-359.4219104161138,-276.4265594015927,29.0826211496914,57.55223939341905,-197.6370709320728
-164.02313757383544,252.4176144087646,90.27998012996267,-173.24864573090474,-34.53281936330893,-174.34579590850953,-82.83351461934554,-196.55399327172915,-338.07647876362205,-282.4916586685674
67.60160282347155,-266.6254150226999,-229.33604234515084,108.46975756393826,-143.63337571747846,220.61842970668656,-8.999290015485771,-217.5815853854024,147.69576975592477,104.50770953235325
-557.821727927861,-404.9534969030496,-200.44778000774022,-495.3166005089078,-363.7710661846954,-453.86711418636634,-535.6962379609922,-303.865852093918,-566.7214108325855,-295.58595609260306
-322.9404833642238,72.28357201521106,-116.515527599534,32.38790056207428,51.692609838116674,-147.49246237930396,-421.8787396310095,-483.9595194523699,150.94817945154244,54.84893990871751
440.47873899545795,-10.32364225562001,116.09545877979997,182.14853384919664,135.3517995852397,187.88885872582202,597.2643904762904,489.1164724723574,-130.6288753129817,56.00125521466847
-9.982245995247377,117.10544137354121,-43.87912466662527,-294.88927126744784,-82.7115418465078,180.63039907008144,172.4264137259966,48.827387465857306,-63.4805227002477,55.32312462010312
-308.4048245661296,-66.23110100964597,57.380478819234234,303.340168485328,-127.33598975885356,145.60403493681102,-323.5534606995002,-111.13327613604554,19.447514196497114,141.66193860828545
239.7436100149853,403.2068495652349,53.56554984446806,15.47621338590734,39.21929672662347,-79.03302287744896,605.2481206003604,186.41269423392518,230.1181062681254,282.6110821522401
223.08258165623783,49.65473188155688,-66.64234024550767,179.07018989748417,153.4675097858983,77.94887555798292,-557.6248489504292,381.42884259565943,219.9747914969913,-321.5288922155607
532.1593621836904,285.4378532853897,142.68064627894654,183.5982304059941,76.88678401935188,437.4761083496739,970.2732168065047,-14.744284280613288,104.3745645328522,227.60503578363335
-448.77013677775,-313.37920304078364,-306.57715798980814,-619.7537026279845,-210.50534651941885,-110.26989327643292,-541.467790179544,-395.8567630392907,-328.2936503424202,-248.07753210382495
379.2855853650434,126.72423371888615,166.60937978081014,316.6257090602769,434.31037983248893,-374.2302316893029,109.86021385804071,-16.341920328610236,341.57991498479385,342.07629663501643
34.42075494892063,28.189756237437194,107.06998785392993,303.58561689196773,243.47307306705605,211.78924868363416,-67.23925008142348,536.9222052364626,383.20513351953457,168.16603209844496
165.95726920920754,-327.60234763856056,-9.24916380115372,61.48924405163485,-36.1326948660217,-112.52587155064168,379.21620550967907,-465.2930430804044,97.0363510645035,47.087064846449465
-238.79220372764152,252.15550086212218,-220.24537455992848,-261.0762800275389,-313.14697110532484,-16.280970590113945,-921.2925231561632,197.96690186217162,-208.7141707834168,-102.799312933185
223.93507920154195,-201.60656988954793,384.9161479692684,417.6937956234879,292.2211550745245,77.24956402899204,279.7499197276314,202.71278095352335,197.17198545011917,-108.99780920386152
202.23435753633245,105.85817546983607,-116.72993970090982,149.63749238749392,210.57197127595225,167.54122534771219,842.4911800334985,81.49145673158814,-290.0379245690925,257.70294448008343
177.92885337511592,561.2456438775464,395.33273205366874,287.3800999140047,301.6728579581267,287.51686161017363,26.07691865574228,190.33944277183457,868.5834830498484,274.97511586036734
-156.5311411962221,-220.7237551049807,-232.51462096203855,-219.9802065285208,-275.66050954304933,40.24999566031785,387.59810168428174,-657.0304628168647,-408.8549641798739,-290.7212156564106
-298.63662377479193,-238.95181519903275,4.240831873351043,-460.3600229508776,-187.0257257163738,-388.2068065473362,-778.5494553691713,230.54464955764038,-512.1482150157632,-110.1228125666251
281.6377768107209,211.35733958529534,-6.120719976943712,406.1435213372408,-63.1111280311942,170.89227559588727,309.12831512239245,-110.00953388315114,187.40334963455606,20.595754182553744
112.94771860516336,-108.4520072001232,430.56215220751835,64.25276729129492,129.24588999501532,-153.41880316624437,-450.4947442883523,184.57469270298617,-98.03758920584353,-4.898262977598969
-263.6367815630687,143.65505885853895,-133.71696321110457,-135.60624424007932,84.06308247681919,-166.61760994779613,105.65551007147944,22.935893490847953,392.0611919596664,86.7972245150859
-85.34376347411286,408.5945356835925,-11.046351439913272,225.52171103505137,116.62252409944541,46.47863836373867,135.4332537535505,121.32261079689289,-294.72858437366017,-145.88154078267257
96.74518404992021,-667.9817326898901,11.112327782748014,-386.253677002989,-207.7055617635031,10.739475789589992,76.11368477965428,-161.37625937523566,566.8155178661953,199.6002767277174
-190.5989005411645,-113.39965212586374,-32.40317205916635,-55.98573021084134,51.01231865065031,-86.77813256854947,-242.73623426903683,-0.9642406108808002,-728.5959209318138,-376.1974733107935
284.6194046024981,14.251576476744486,-42.67797869106472,-169.8942143767087,-91.32346763655386,-173.2911820206598,-90.66277240993493,63.444076265262666,-136.12827528732447,74.53633954699626
-488.45928157730583,-329.9467484037394,-182.14988130830585,-227.18712028254228,-312.1843445646052,-248.9711364915604,-363.78803571604396,-544.0588127498745,98.253884146634,-45.01792713224894
-61.613715052224464,296.69734347339977,565.0861360268375,165.53329493778512,79.01343147586616,-154.4129793321648,502.2358923017348,92.26608916589433,419.2527252566934,84.73751520107217
634.4338809378016,279.2274629847935,28.53634116210846,145.2959889348239,370.1862035901797,417.1358060456221,233.3313717716633,-16.32234499964599,-75.91955790442529,38.02092253011805
-308.40485367942676,117.16054912481881,70.02893701224377,345.628056812339,-106.3408282842221,67.9979720906164,112.13721962988357,-177.23427794379555,18.549452116386576,14.059899927707768
273.65848951010327,166.4061813992046,254.4304512761493,-9.960904975681373,374.87925610964686,263.16961560276974,-211.18863201134775,729.0770841787463,430.4482183720849,406.8706230858059
494.571840537131,52.18876061263333,-143.91497220589142,141.02634178075988,6.836141735115645,342.6245379398058,834.8247059767272,200.88571945152913,85.6222464038919,269.3755520850865
-54.50690438756134,294.8384893409079,502.2684693191699,227.55536290070316,186.5271602800215,-209.331124467376,325.480115521548,263.4888586128298,197.6131254137818,483.3741099315649
-514.6779372903814,50.66575100797126,-402.5699627184947,-139.71618761795912,30.90599057563211,125.95239817618003,-500.0754278754276,156.75903811192563,33.47420025955444,-229.3740875086236
465.57063372723064,151.91935762983059,260.0307296611923,62.741913038754944,-19.987483636321734,219.87684951894784,632.4054731703744,244.82355230992403,181.482107371686,-2.9118683092557758
-309.60448993463524,-548.3531560706532,-171.50387106592507,-125.63051645585851,-151.86798164845263,-138.39640114042612,-792.2830732819522,-667.174850762291,-318.04887535796405,-73.83216545110433
-309.14435804231766,-18.013217631749285,-128.81692800918833,-227.9305353543951,6.594557866152148,54.75522968692833,322.5951394731573,-192.98488318119223,-217.41501303898,147.71703620199054
76.62947892932891,-324.50876229096565,-110.37039492694828,74.55004061511933,-125.52581691013779,18.89957994012444,-496.7164465858507,68.24612482459138,10.78071775434186,-274.40401802055175
-99.84365522389577,144.50778010729442,-16.925232110934875,37.01490740159556,-8.963075482461889,-163.32951272080265,146.30085591806403,160.1788213479873,53.39451928857029,-9.560495409579842
-26.16842078239776,-50.47894467896759,32.688679094981275,3.4305678804756523,-26.813063825021448,162.82175046062306,359.34745444780697,-328.528569806635,-455.65941698991253,64.01045518788462
-443.344035131687,-244.2028521263865,-285.17612066028767,-408.23613645187277,-418.24733332057025,-284.8804235075209,-538.4280840941649,550.3179632898457,25.73588662654785,-306.3474053621088
301.08183546907304,0.675597449646106,-12.57566144763608,-197.73920157319353,62.534268230573005,42.995212712465445,205.46412970227544,-588.0920855437336,63.59458935903353,380.81981619871175
-194.95877310155268,-28.28607495074041,-135.85912526702595,169.72172277259946,-31.985489172577722,-234.5876831082761,-461.7047792473684,238.4262033869853,-120.69221810575628,4.27025937513913
89.9432319516835,231.11104328748962,67.99820469047962,106.33322353959298,337.51162644184484,266.6455754459806,271.3943430305696,208.15768137138443,56.73716019379669,60.675692606742615
331.90769046060745,-266.40444183914616,-40.529488999428416,58.527274562880876,-114.26163849983111,-158.32550118667075,48.23378488166814,393.1853539517606,19.494756478425252,-22.3171389844006
-14.889972109247282,286.2310520499881,-96.38518536199177,-49.23342782306046,4.191872127964553,45.42271590678723,-740.0183088178381,-483.83808144213526,-36.27195986431781,27.848745301506774
-490.06485424679335,-574.3866820988211,-294.31808621543416,-244.91964071445793,-132.27126739274198,-169.43671913109046,-10.246018977886916,-91.64093983477649,176.91033141867376,-430.31254798024065
-51.50054080743614,-630.9279149186667,-5.063964069718854,-220.3392747023693,-388.69028256001457,-770.1354293354216,-451.75999920039936,-275.79305993232856,-481.476160236923,-293.05827286012425
210.16188004797752,587.2384266890563,146.51507317587908,175.44586871082498,284.30312098647505,404.0902817098768,648.3653986012883,8.356140411157925,115.68854617016295,97.2844562770647
77.81708599146887,160.58209020663355,-104.97588783351291,147.43507522837305,-81.53282828976135,134.74356748430083,13.02424495797428,343.0624848455196,421.85289782661437,232.58161749485046
75.99511933256389,-179.595182491931,-12.289610898624547,71.93143318800362,-172.5319203384482,-41.23792661116508,219.93345116683128,-299.0339429655766,76.0409724860023,-267.21164757579595
-186.387922271553,-597.688762224413,-326.9617304616191,-444.08537673078087,-143.51996545422554,-255.94171021912436,-833.0501446349041,-396.37608356185706,-866.5137563975543,-84.48955407265899
-247.8520991610189,332.26189260609925,96.75486740839688,-109.1854537438438,120.03761882504675,-86.06131630670409,18.157276187486573,406.6113900362481,-60.64788288581309,-16.231044691955585
182.82756835198632,-131.87828319170632,-4.260867770512274,95.59015027795412,-56.481214739962745,218.7427033431868,509.65643922148973,-37.28731426837692,-111.43308126249865,-134.11391848032542
129.57231540553067,-237.4134248902236,-296.2904112139503,-326.57417026079486,5.840697782330225,-385.52775452812295,-713.3498574149445,-350.863040269421,286.54395889752794,129.6124214504257
102.29525074178498,225.3947036914746,216.08674235949306,689.1502111079808,5.383194451729606,307.33948052477837,328.0195377397073,173.28797663878186,17.410055724135685,182.40265187187654
75.26792014173319,222.69521165108,-357.9746603845373,-465.6093374256771,82.63405426915314,209.27166691993372,684.7450491640312,326.2648660142404,186.23058768082743,-290.28990016941566
-295.2332636534777,-339.57963478349984,146.6208563983734,-106.70778734482252,-107.35255193166985,-304.3658804277105,-235.27298125194906,-58.173695826925304,-136.27606419657994,-166.3424980512891
-264.4092500167224,-23.24000664030775,-85.21071093990165,-6.546340913627327,-172.48802578496796,-220.48463738590988,-310.5719688848305,-335.1379683807539,-49.383267959936816,-193.81704957981572
82.55204387580778,-225.64547291441352,97.71882293091605,-179.12409606600852,-130.69214393810267,-96.27344417106126,-122.45972475003153,184.8767263306054,-118.86064213931829,179.91265633331147
529.2620313149752,654.0810453108598,234.92606285972053,594.7528028420099,595.5452876547165,502.095137590812,854.1910727622894,707.0597321256198,477.0382049744564,193.4240562333154
277.49762001024135,25.964787619176928,131.77709121560397,178.3748497928293,165.36461611895152,507.9532446230232,233.08502195779923,-133.38010316761327,447.03271202454823,224.0352280343188
168.10645067491473,351.1941900856046,414.34789165040127,16.670319834965245,63.80983187071426,-247.3307341826945,-462.05871584247774,-47.68708977067373,-195.13993458573498,303.17377918680626
153.01436647427784,210.89140666241306,-271.47645857867917,100.00943762745479,-19.54787186806897,-148.2463564784033,71.2368541812146,527.0636312898216,423.3946734006311,-55.27344340921281
-278.64927105157597,-188.50335976047634,-73.31924426960128,-110.58272420142913,-189.79349400824682,46.48056026255809,458.23499014022843,-181.51426886336273,-464.12783253541943,-472.4512789586322
436.8719806730393,-134.0700140565772,75.40030214366068,163.65525567436043,494.9619212260375,284.78583653477693,-35.228367869391434,127.79254471938933,328.31408905263527,424.3336493721611
-230.90373864862704,238.15992553888503,-20.282295493782755,-102.23996421263453,-163.33832357294457,249.0925550780708,137.6220891339717,-399.97618885013827,214.33933993636802,167.6843837303525
-166.51991867176406,-265.5112764913152,-74.07767040445401,115.34109216741572,-15.271690260521536,-99.38182875638047,-288.89194623314086,-383.627900055379,-291.4766125253504,-155.0849717787917
103.24649914647371,128.47468651525807,-193.87654590878304,148.58670328058568,-96.42636540507932,161.70914567267062,195.50766761937078,394.02762233056467,67.35574679807377,200.44271183407355
-136.65781865912228,-73.19942272444995,51.55088807357233,-381.9225228444512,137.48372213809617,-185.15749421655545,-242.99718815087817,60.04267961106655,-231.67686871618733,-233.48438325842957
-25.408483358566357,-134.9019690054719,43.45600749891683,32.483307355017544,-322.304296319115,4.670199983286659,-496.9466894437338,-373.8076123591532,162.88266214900796,-157.56302951224006
161.0085410359226,22.90610053302607,171.89096336252223,162.7419561917914,134.62919723757224,-212.8416051965068,669.8123440757955,184.23264262084464,281.8350499145513,520.5132592989141
-33.315730275339,60.837576079813914,250.207858889013,90.53193296326411,232.67229046177314,528.0132352802792,221.58712086969075,416.51383952086985,357.4873732563728,69.72907066827375
98.94254283336133,-106.88859724007192,-234.5318666179476,112.02746714618952,-117.11692859893239,-341.3253941537296,-581.620760260963,-91.74323140651205,-449.92561694212174,58.61669198016154
-222.77970961515416,447.35454460124595,-167.47072137745968,-211.0765998994643,29.957577134293704,90.81197736169395,51.08515455734024,-135.5327427178356,-10.959791652840764,-211.91594167547197
5.013287377306129,-570.5631905112235,-80.62180785703963,-5.706965365803835,-258.3089231016046,-163.4868035503234,-342.7618732815068,179.49826052840314,242.04092298151647,-29.640311692426636
91.76615788936466,35.89120935832805,-120.38371208937494,-103.19736693409317,-263.1970647322917,-127.4475118467291,74.45912823539851,32.84612543528439,-479.2010208102619,11.054866657047297
-104.06206544265608,-123.53097701043197,-45.31729813494702,-113.8503028423939,-208.77277263460175,-62.55235730756032,-281.3863559429957,-189.99827093477788,60.834483053437374,-263.24056844929567
-202.5547301535709,141.63540564608468,-123.50554892388175,144.22511304497084,258.6002190136612,-110.84724611845985,331.84068475288774,-103.38686669903792,231.7474264773387,177.4808981515011
798.2599922865516,-85.44740196177636,325.02044854202717,126.46725432209567,217.46302566430603,221.08097917258138,-200.3220191129729,514.082162901809,-63.982553797140156,63.27323476050733
-144.9970696829814,-170.50017431401744,-127.04186405416877,-177.69273868256016,-325.14191093202885,-244.68781180168077,-65.9641381713146,-144.65927522297952,-190.41628810087198,-236.49630060027212
-571.2503876163628,-530.2983514826454,-87.93870661563831,-530.1436414234845,-365.74052077526625,-383.8875508629727,-14.205616021737734,-731.7866698774158,-597.6557019351205,-264.9390941566516
-543.5620103028052,-129.9920634871007,-465.09418902794624,-97.68333982363777,-156.14286522952708,-154.464548752907,-463.00777386901586,-601.69789061085,-191.379339882912,-425.26391153788006
-384.8952223569308,-109.37280074413307,64.91375159949908,-276.5539173028709,-304.88982473534656,-481.08077002270824,-213.20632603978348,-336.99746919074954,-14.248915137049488,0.8715856230453841
204.3785204956279,102.8687749260376,23.676588570303153,-85.12866343621799,135.7490443290505,290.75075469483545,294.692084948943,407.5743953991267,-430.9983988747216,-261.8867052002366
-607.3750353105312,-190.31221219077307,-281.837499627977,-32.76852766756362,-240.68566391207185,-93.9225019207425,-931.8096667108725,-185.1586993899212,-181.93294864506072,-142.74905853247822
425.10080568485955,-59.75437686715761,261.7976494656638,-49.26027113363117,-36.20987441441566,99.52630905563431,387.5491945697256,495.3034745284266,247.6319030375983,-57.64441391410901
59.39012429244737,231.41231664810473,-291.7289992573878,252.64697440025873,-70.1243916630544,-143.82877516380486,334.11323018141184,-297.0145243889096,-138.09139932579356,-89.13925016351963
-187.96938390071904,-468.93546992958085,86.33604837957603,-179.74520313634915,17.55877068628911,231.8901592460652,166.76779141210193,116.69459537790888,257.86267425522726,16.82539593778249
56.21123305927606,338.37839162586585,-5.8339264147594045,-194.33887166037582,-175.29319618750682,13.300704855703136,-127.74211752557048,-587.6794014549798,-419.8840148250684,10.639403519276787
-108.3299978716396,-368.7577336427334,143.4470476291869,82.14623063191165,-116.65817880848756,-423.7481764219645,-279.33474586766863,-129.0943221562484,339.83539768926005,2.2870516034408297
18.39870751464512,28.02895582566552,-123.77693075812118,-47.907056443574845,-131.00186686542293,334.61801915394,322.13746194666214,-246.23012871736037,-581.2300847939582,-153.28174588557812
14.248571263245587,2.1533773985590305,137.4772402289514,-97.03745685895846,324.2217593674427,-193.03215733321628,-111.29171707259253,115.08463383022577,387.8509704248571,150.63902128443948
139.5201714990507,409.4371470930078,118.24295691271571,306.5181805688572,91.50940424220107,319.24094448196126,169.82407217328003,610.6020225421481,215.2916774341925,81.06794244514043
-7.090440722307029,-69.0668561474146,-83.79199844826354,-231.74265115058685,68.61218268027386,-109.36290078621995,-295.90741543740296,-65.86541413281265,86.40759932117807,-220.5969797880037
105.79681146902293,159.60452030261865,35.73938019136464,208.91977519331158,-150.38658101743385,31.263296326532373,204.93745723892354,-101.19109051435068,-264.0953462975031,48.735243444959174
-474.3376772727572,-636.4467172052344,122.69169978852999,-649.053254957769,-289.3953646352662,-300.284268210665,-743.7387481544865,-436.0629490692664,-362.57099862554963,47.85457027866101
126.66841362601264,480.09493559038043,202.57310349950197,477.84873951162535,317.0294361608126,137.51649277798856,503.4987839093639,664.1836606447804,323.86463894771174,-8.401505767796213
140.1387107934689,-832.0895849013178,-94.39964223054079,88.18514648240374,-265.0131423562644,-125.70285393390691,-408.86809394634525,-1040.0059741776697,-135.15665621076465,-492.59217754310197
-63.67268483631315,336.46902802366134,99.8448267305429,-2.013552214055927,228.22611634350915,26.578539013648456,349.2558763252282,-39.8963734186224,141.48972543096178,228.55505242027743
-291.06763694235497,371.61288857414564,16.060258795050412,40.48030363798463,-207.32889246232452,230.59484077041031,162.54683158322143,580.9087934150339,-34.123320871609536,308.8626266509442
1073.6615624696044,426.21596682367516,426.31440965035284,377.1314509306457,479.1153673762858,96.62706491478258,543.3741417951769,868.5839466415805,784.1113387479589,182.1703624273246
-422.6774949762549,-228.1934216537603,-244.1108423106039,-358.0124964266294,178.03412807846684,-113.79247047649875,-853.0604521402787,196.03067801756927,-308.1808357266339,-62.964466590775125
70.6441635946059,-460.6830329698509,-333.9906633332677,-182.67389238801675,-543.1735406399528,-46.47922860507151,264.39487478198765,-196.37041252304365,-292.9509847993707,-252.83690907949094
-55.50243769737821,-161.46007273069833,-1.443390659774416,30.95989242640278,-25.817663802820764,-468.89992232004806,-335.1565705250158,256.5974916630624,233.9545582362949,-94.99863561726617
-112.26760204860446,45.75669377186065,267.2679732868993,306.11293523101097,180.69843026610886,210.20653077361723,168.3397525864122,-161.47864109562622,-146.61726940046617,152.44847761137035
291.7908886818004,327.36392524141,-126.69331269074462,201.6935334408407,58.203388367984516,104.26221501514445,68.93883706341313,-453.0281626986859,171.15409126143385,153.36852168336281
190.66003728089223,-278.4691621326601,223.50821815013188,-58.80370310617922,-109.09249131268442,515.8658498845759,597.2972303441212,232.08052198167974,32.26937794468846,-53.58061193557165
-107.04543529833124,230.7233292379483,-95.85610841301919,107.3183272794752,-58.90884451962995,-307.7352122945001,-546.3500376847386,-353.34353056060075,-407.3039527024282,141.4180328793258
-670.9443573606801,-326.75690460338495,-145.43518076855824,-370.3226411005501,-151.47612575957274,-571.1774204716163,-748.7402631753246,-348.4861442329172,104.25690881886592,-440.99480917560044
273.19580850919135,370.4164877048631,151.16799905132393,86.130024204101,162.5962618298304,264.6715555413599,543.5597463336189,669.0951943701656,-346.19970741970644,287.99275335979956
-15.69839113991594,-678.6515921017157,173.40180084556755,242.4319075494367,-167.98159138317442,60.20715754439341,-26.05101753657537,-542.7754781467404,594.5915629431901,-177.14102690334826
-294.0000424258358,338.47894850713703,-196.60388969571562,82.33199021804242,97.66353393676025,144.62787604335264,212.83946251905752,-98.70625515719965,-396.199315134214,-174.61612867358207
23.744825036043007,-513.8576779866713,40.207436663348766,-411.46163068785404,-267.6005280697451,-189.50427611307185,-458.58927732310985,440.02169976772944,3.830028236428398,-94.71248710789885
-255.59561797654862,463.07680303208804,-118.87702165700038,79.79032542981074,119.92433946449395,-120.54170039325655,181.86157084981042,-869.0973548259573,-147.9575916028077,234.11888091295856
281.27672645759293,-69.50456505681937,212.07437874510276,-195.24323635183268,-140.2383661204142,-243.33897650572234,-319.8047595753777,693.8749011269501,180.20483280221242,239.69230635770307
170.84334588715816,136.95919410201003,-8.804509107017257,345.2817075446458,618.1545928563764,293.0089286960614,610.3368938946807,11.80040585637531,-364.40838269218165,17.119422927685196
43.273743560008356,-597.698247123236,281.9424567790234,-99.57437491562443,-427.9261425696966,31.023623243014136,125.05435190771695,-564.0355959655989,-93.24624066645774,-315.4725577252764
-42.225443011033676,374.0007168380939,-66.43254442199824,-399.8577808322966,204.46948058951313,-366.35401005060345,-191.50441219700457,61.39154878733652,205.3418379933724,183.37413233276186
463.7716760909092,28.815762893253737,-151.0540574203803,647.9081113929507,-5.6972651477478395,516.7357662573111,266.8186486847003,420.77237820697894,897.3837458436751,320.7568441423129
-220.1998158240114,584.2984685005547,341.65471813474915,-228.48030974725484,212.4943685445921,-295.1497751419872,-493.1232289446752,68.22338583039246,-20.325604792460812,-89.52164802610469
107.5147207415251,-65.47459607371982,110.46457280251416,250.36055367780398,-0.9534185377023146,257.3092498419705,329.4721070154244,32.39884440537254,-148.75501885097648,-46.0215578701882
-489.7644645719276,-404.87988039546354,-7.4251702645931905,-548.0385799527261,-174.79613931145062,-160.46355647276187,190.55442606639718,-988.8156147168227,-333.2468750487237,46.84610916838523
-281.47413598844093,-100.99336426351529,-117.9165469299864,80.93220184810765,-190.4816148489469,-274.4984526495844,-263.2459886376488,-64.62019436029749,43.892396246952856,155.01597708196974
512.6857210561834,150.30779645856032,93.88239100670992,151.23366811248013,74.69913529189729,303.04031622977317,25.13067574772024,1129.3493585568028,-146.61728893000728,-22.920275503935876
-420.12032432263004,-568.3758524575584,-667.9736497293819,-383.2829220584272,-269.9321671319189,-116.84866446615047,23.73576133330024,-666.8850636107888,-211.07200613898843,-401.07540349581654
-203.5324770202223,35.290728012515494,154.1575080736737,57.7304504825424,-97.47761866857931,19.977045305032537,-382.5562756068094,-312.3235481385392,-193.77320817974038,25.564525976911337
-47.60166406498465,203.5926529343501,-15.473230440398593,35.36612707873535,197.75700303643546,-361.134820741558,-57.67367535950545,366.7048666203124,332.256022083059,-204.6016046636282
-190.0466234127347,-740.0008469696106,-36.86206521355014,-287.4389010480567,-133.89341734145057,182.4595591700696,-151.7611786226953,-746.6387259317862,-420.1261309762084,-164.33453760400758
445.54092679457034,483.72540614738955,339.95325190015274,405.6615812314634,161.0569946278623,412.9176201351494,257.60972630137076,278.0279119673208,575.1296678895071,263.7321950574358
117.92405415677476,326.5188130386947,141.75378936106068,224.10743239871763,217.0655210356977,162.32409261630022,24.9400534463075,583.6999089463463,114.31193748907307,-53.19592887599245
51.78259377056972,-133.19673594851076,-148.29115648921135,43.29321173300982,-31.428962637089725,-131.91421425265082,229.6356981436898,-69.48749255317679,-19.8648976340506,432.6826246177859
40.41280696852953,939.0668943960713,174.37778993446375,-254.41341441539223,-43.616973265445125,494.57361342882274,735.1448612440428,380.80255977025513,362.581800856506,236.34542209813495
4.011528895984613,-578.6929696021643,-318.06195914724884,111.42625986457749,-61.578240116899195,-660.3000093919024,-612.2064376641238,-35.22485090382158,-151.91011154356363,26.365683907873304
178.35768441702922,110.63093134058768,116.53623339341921,151.72619669661927,453.3141860748448,347.1102122490323,530.0838845908986,31.80159927109102,-157.73069401425357,121.5271152139108
-302.45272440838534,32.66060896269755,294.7406697479119,-72.79476971056344,-479.87894122990144,43.798375433093774,-810.5307825877439,-459.69975338497574,-88.41654650821408,-224.92829821240534
372.1103707523171,29.058881349288203,-184.0690861594333,203.1324277846114,156.13239157834022,384.16566544556406,625.1404079811055,109.58194085817928,131.39773059950596,-60.2310133663151
238.74552313704214,36.65420157214941,112.67023459681495,-63.08042554203901,476.91580884669145,-236.62140495207169,-198.2516102254111,22.63408227969098,-22.216724563949107,261.76696576924644
-433.2790633486742,177.12787102502352,-48.595028889448876,102.89906298570932,-221.94308372857284,-129.58505174173413,-166.00172228655723,310.5891631681182,-307.13240112122895,28.64367650556777
514.9468574135186,70.7694884730547,575.1542940452665,178.3941422225745,104.80344375879577,492.7209411476751,482.7997637746841,311.94723687992007,597.5281411018163,374.6671042829215
352.7165271851583,583.8659201418374,-58.96989358212279,392.1564513065946,685.9806802085923,195.05216559772018,675.6314033763203,243.36951472403118,745.1449004187975,363.9312873592096
202.66288326115546,143.82483577773866,86.64848312545938,116.62148590619334,49.52833817153698,239.22982125083672,-14.458543406635203,380.0884420468336,-145.73416248885678,-83.47292037124868
-276.83965859986245,-267.6849683146788,-161.35268232793587,-138.37593367341734,-91.59661956318318,-217.97133492526058,-571.6157621365471,-712.6431451526178,-95.56259332933584,-226.49120105548033
54.710652159089086,-445.60415967017923,50.138786606546795,106.73826742570733,-59.30460961672135,512.7402735609396,852.9563223898031,655.5703484052952,-262.94809723509496,-58.817626594848335
-285.0961786294112,208.03629786374577,-151.38619081021383,-179.75957612469236,-257.1440521990509,-545.5378858898329,-532.1155768374564,-392.07605558057065,316.31478393344474,84.49209984829174
56.17325031599417,-197.8655783555776,173.3395855116747,-26.400369069492662,-315.2019602801021,358.1667229683162,-152.6531018816989,-80.01458693704083,288.5219123074276,-359.8301272096618
-429.4093904853468,-17.94050619880346,-235.7960168028843,-342.30280978351766,-191.6774215511662,-121.06193456717408,-326.70642118927924,-421.65771780184036,-521.6128247664216,-143.4611301302925
458.5359130012945,337.66803997727067,260.32427867305836,300.4646943717228,440.25316743477896,391.8513358656432,624.5523688016023,350.3173966262398,-164.5451026576262,279.4609916477303
-129.28705711160987,101.16217556131383,-222.30100628893183,-114.363031902545,-214.88951670327242,-228.4545397923785,-506.89453228561166,-61.75990482825878,469.34876534534175,357.77454343663845
30.051648084398003,-173.29487658165243,-85.12889975455877,213.80757165841567,16.40153133168949,8.02790377271232,38.17665196694421,-76.97822096153293,-260.25465819974244,-566.9676819294332
96.69021519193343,-314.88530750573824,1.6910396186760441,-466.107906544761,197.68706894070272,-85.52814894229141,-19.287441160174193,282.2850065177368,-137.90401430645994,40.241848829245235
115.49825845884247,159.2124411228511,191.02933622315115,200.38392147360304,-128.15997529104004,-74.57476083857456,373.9023420770715,-124.87242306487026,-239.99219045519436,47.93886521779069
-542.6763551620894,-573.4441096759263,-178.20269361391175,-286.8431335750841,16.380021335527747,171.29415096181404,-254.24997333987952,-287.1258901159596,-233.90983548546845,-98.3515480263366
280.9115163579077,671.6536635966644,105.04600315991358,329.10345404408525,144.03724314332825,-32.3589816276185,-136.31144183946685,812.830088591404,439.27443879640373,298.7236241151004
279.0128801113729,94.44222806032441,71.63991837862672,-31.446914786114547,73.87185438865635,235.10613292792462,67.88018716499339,83.50618047468188,160.22106285486134,255.95180900692796
-8.466842893594205,-238.92227408225116,-79.38512099932697,-7.299585991801149,-215.32337412143175,-222.19804045874537,-653.2299467949022,-680.8849378816628,-346.1483481321166,-85.98662940416772
-279.3880105139615,-202.1505201679093,106.86735315130903,-108.27343088585754,-146.79802732199195,-47.76905687114375,61.566102427884786,-316.7827397765975,-167.76737196025937,-108.37422832614051
65.87985862878237,275.3499972788324,-152.38969597172132,204.28879435565062,147.30264304164675,205.93478757687413,768.3246290077485,-191.2335633848516,-50.23409965778964,-0.6584273878541058
10.08789413093163,-318.86919967169393,361.17805028197665,-306.94160897015,105.0781571772235,-209.62943954516075,-199.66087882120735,327.04421801129894,377.53562387930646,47.97640682371272
583.6240903262205,731.9059972306223,26.28167983345835,752.5182640555081,283.6799737275945,656.1314736819563,331.1151966855211,916.158653537592,333.8584721335326,293.49838997243114
-81.97204407859415,-266.0585930733193,302.20563840364053,-127.04163183976564,-185.44949016184276,-104.17154941454174,-102.83182621454552,-280.8763291203809,-247.67155491123276,-191.0565383305052
-285.27820552992097,141.70528300113665,-386.9323444154352,-210.8703197316814,-123.27128737449334,-155.33619483841912,-320.43975282883235,-315.21621947970044,-311.8292304464462,-317.1644249989549
121.90618814314551,-518.2223443544102,28.159198367526187,-14.132185360797113,-248.2419206948352,-52.661765424303525,45.94005488426548,112.98377518099494,537.6266762959077,128.68160504404108
-21.868712927650034,355.0524922211996,-85.93147655254715,-113.46436333235523,260.44722534171325,-39.99570032395001,153.95764311110526,44.67772628861702,40.16318892045865,192.0963301001147
-25.67837262864921,-418.0825783622788,7.480536120648833,-29.549205713082554,38.02987634948913,113.21551433657471,183.88115294925979,-388.7296434236374,-176.72123002511643,-50.102572398146634
66.51250956066616,216.83641551308867,-215.41343244757397,77.70228159912182,178.01345321540919,-150.65639566658817,-254.1065613307127,336.50888824873476,-178.96192639734988,-161.99354783991785
220.43111897288637,354.38316177880466,166.51315054390534,455.0030956459571,67.25778473497758,371.5563000423358,565.5841897591813,550.4507469305756,1066.17389653109,424.75365174883257
546.4544683289861,-96.72999377879657,403.9235690966682,-303.8813531715112,111.90453698511918,-57.0183105699185,-247.43368744536716,-29.18277465401757,-420.9826219821381,74.94963623286507
-155.24690983824428,222.99766331166322,-46.58581077720084,114.1801453414472,18.546782254867402,281.58571349338706,-85.37604615911991,291.9931860177413,-310.1297911858745,-116.6633080246498
0.8000212573338666,54.115174869389556,-67.81386025727005,123.8174638888295,220.64526512089972,-356.8778015687721,-30.155861853554974,-193.73721221777265,531.2624101454783,183.79339985727532
161.25622597587468,-49.28402006316746,50.35945047486161,325.6509141872974,-12.717055190798632,22.909183217435206,-42.51088920326018,353.34779921491764,53.94202773716021,64.36528341967468
-271.501968153441,-522.1724582165831,-44.80504287708609,-305.35790372264756,-534.5805826643799,-114.22925158536249,-280.77775954610587,-364.5016482625657,-268.1440143235693,-398.0221785121616
-194.7373039619241,386.0118386342079,154.29835581658048,58.00154100963916,285.1662365769028,240.2012897070718,584.7913006361673,-368.4678933140371,-614.4969260150039,-96.6065846205136
57.51879455824303,-234.05248606602956,164.62164942535952,28.99473689815115,-282.2470451054761,-85.00510993802862,-239.66178478772085,479.8435008036836,365.3864362237508,-206.91673879457267
-302.1130693531218,5.80958414697485,18.286019242950115,-421.60195541845206,61.46113326242001,47.38611219623919,-605.4342475512401,-392.03849978377343,-47.41287521664883,-119.61980108860473
-202.27124814582757,-127.79665811670993,91.4885015940449,-27.093854453602102,-341.56901827743127,88.81542513269551,362.51571290374744,-430.3484055432671,-348.93819694718457,-98.97452142881968
404.0749906162999,181.0590699648014,286.62192392976493,414.6629234077397,185.72783931127944,86.63269036255734,401.78147823707974,538.59237922981,101.51119634896232,94.6808062401652
-166.89627820912895,67.9495407234505,-282.54566140634245,-334.9653608575724,24.365779369421148,-291.7867077217501,-640.1656260686982,-122.09283499680997,-427.2159650721092,-225.67780475274697
363.1418856085747,-12.783824189504903,-61.26354217936373,346.4921666967542,-27.565041300023058,500.44956277735974,449.79005860994243,-431.24205963731805,644.4459031764138,106.65739339388499
66.2885221315008,202.36756450204524,161.59878153292826,35.08250604850829,94.58475993925757,96.7638173120269,-22.55255898655815,730.1286474613286,248.61232768420197,-92.55327626389256
-318.0317548247567,-120.22813046016783,84.83621472504343,-150.303455790262,-204.64357194044263,242.21026394711055,-43.15699126322057,-141.44121936760433,-560.510537400634,42.712603976468124
157.10653187155452,70.00394694917641,206.05451446723927,375.5624896752645,105.48409443061851,-534.6593611512765,-141.10608868246706,151.02644675735795,-13.448178760124799,-129.4739942453999
265.1500364169667,195.12682865806326,-55.16138602506525,-57.57740888605836,-194.29617403932514,261.77112669679116,298.0568469936394,5.048137169502608,254.88548080032083,235.7506220721105
19.568982718825033,47.118528894493004,53.002750333712484,152.27669357070224,71.30316489515269,-91.03036731850167,-243.090489873601,567.6906436198519,284.9806472792626,-16.29969557673269
136.7706334370434,-64.73581610625168,-3.4492616726559016,173.6438159977141,376.2084198806219,68.96752055963358,-82.05634239556097,-209.41149123146332,-253.42833873149178,148.14423664816246
-256.3544722052737,-189.60918103451044,109.6560997655985,-198.05910348209534,-163.3190920216633,-271.4623563809402,-44.52285592272581,-212.74488963697746,-164.09406429329124,-286.65729292062963
-337.80675054320676,55.39325974359046,-345.42954224192187,-182.6070872423398,-190.06268999456918,-74.99933477404572,-276.4893250064456,-73.03531908860532,174.11727124127307,-226.5058582243011
158.65706897230422,-192.16568552641982,-165.92475361372706,73.24602079653606,332.64633572560194,-69.02054188063406,296.04811955031835,-169.2842229974795,-19.103639940387765,-12.601198429986393
-286.06804016255245,-392.7142227598382,218.01918005870596,-262.57919438042586,-233.93668868706433,-413.9422623670015,-23.465134678637654,191.69343613777158,-73.82468301342209,120.92651890843825
392.64509858049377,255.71688476318454,115.99405101275089,9.91787429514233,61.82423657063238,496.63761467658,132.60510379679482,-19.8703427604839,100.54717187087606,117.45088953877777
88.30576368528925,-297.11202784802657,-143.64216620426248,-44.44749996504923,142.93900867979457,-141.54307847425738,-18.390680276064824,-293.7134293833043,74.43231550463713,-318.3669010819165
-99.4800485419381,257.5429500588595,137.78442519931923,111.52457562863097,-156.7341362318504,-60.103019327953895,-322.8183815683157,-264.9463696976182,54.94569728728661,221.06836322981007
-188.1748656895345,-88.59122451282512,183.94254734870302,-204.09972528100928,176.42752934240744,217.4253495350529,58.23651052146753,396.399388630539,210.63027704759497,173.4804278966087
733.969606888335,471.9378063163267,371.02871688921005,249.59186161668666,217.06239879770246,271.34168613966835,567.1290414381747,488.6737130344615,74.03068492397863,265.4184661789814
-438.0849245763636,-193.6517706856827,-275.8154553926439,30.50751644375949,-56.38390652531484,-168.4584988706123,-41.399735018846165,-920.8946128462898,25.95399268885959,-212.75758874560185
-191.85620512888528,178.25091456133333,48.4902062660484,247.08966999292574,87.07912199628339,-77.20310782719484,-427.94843333047294,761.2348276936843,286.32026168275604,35.561692657018234
483.5738654830539,35.239161692940606,231.36350039388347,104.6298748595943,132.0670250429625,33.94999594970761,241.8743472402792,602.1017055222469,-462.11056690419707,142.8659469436428
-211.4919581954219,-353.70550712789964,-76.86842683551187,-25.34654771317695,-109.68010304473353,195.5074107518481,545.8998427075148,-805.5618594343053,-195.86554878406227,-62.586956985325024
237.5878296838771,175.9077001343126,49.59450057959745,-86.15264327235899,177.7377699572809,-68.1522695239321,109.54331706701062,272.9260155689426,612.9082220641523,168.24818666579222
-170.2781556232235,-279.24335832232896,-379.13493802029535,-171.7654599894051,-202.9885413559364,-361.41691400777927,-561.1435806273631,-405.8720051124418,-571.6920020936404,-530.2852820054279
-3.1363187996594073,49.32150489882508,209.09992744859295,-176.56543203110323,302.2222583693592,-50.356916048500636,-253.1602754074332,193.36870309701206,120.0243276233769,237.77354356888637
149.4333335260742,-113.98532840985095,21.913687522834376,279.7693299451876,-349.97514986308954,432.84221207613115,342.71850331277204,222.14433321299953,-206.22803096955033,140.1813833497636
-34.54658787784399,-234.15837459190726,-163.0164371419285,-1.9230839337334218,-191.49440267771766,-198.69543632825213,-226.23130372062678,14.661619222744298,277.6474461846355,-285.4828533626227
-774.2983855747392,-306.9530754459139,-317.1143819437019,-222.20121671282803,-562.9945310765626,-439.1546351203168,-434.3642063593444,-874.1888807955688,-505.6493100570993,-162.1236281123784
-325.76443555283566,-28.390412177485317,-276.7393927943007,-388.147667330563,147.5990381196819,-327.95230055849646,-178.85001950110387,68.56862868680406,-229.93486465700516,35.0639755122787
246.93475200492708,160.52811866947403,201.38624743117813,220.94107327167387,149.1832109747464,343.59727388720626,459.11051954664754,558.6559654851881,478.58521655283937,90.78236537848504
-66.99537169119299,-133.4656590601319,41.50037991257865,54.22997012801514,10.528272037937073,-202.12466964471554,-969.6200526212377,-390.12882860032886,-492.98499506228933,-218.2043533754109
0.9675566144996317,165.5109352718312,-175.73901628011524,-242.6014093166708,-201.05958626967094,406.267215031337,471.69395716643487,19.546677767757895,-431.72653981225204,-216.14932334895795
119.15994748689846,-73.52246986577003,5.9487569263687385,174.47114593063415,36.18267505166506,-202.1148842430385,-159.3569729679662,334.4925295676211,417.4582633966736,259.3113897796406
197.5687650542899,-176.89490100551654,154.58489515750173,63.63338971384891,-95.35270342813425,451.4276576282562,535.2283078767974,-121.91324847453922,112.2539222055002,66.9084964651112
124.95614909997285,218.6711915468233,183.67489779221302,202.6175414879633,299.97461396546765,34.02251544368402,-88.98170629474413,-276.90313796115197,-23.85227363716449,396.0113447984882
123.49411333570445,278.58050860742645,-30.640986313168163,-38.89903629470576,152.60804078534352,-207.245946463356,192.04795976523454,264.59401821330255,396.5430543679168,-213.1613534836513
-36.25052639837442,-108.04894370273966,-102.1862857392674,9.856556115572879,-254.00352313971874,190.80010604929325,-16.049169549816497,237.06963757640904,-236.51135794818669,-110.9507944295774
-511.6019916261352,-30.817319552513542,11.303520358746907,-72.14107731403442,-63.11524508907402,-148.0564070805529,-515.3438098394596,-785.1626784164765,-12.629052267829616,-350.11632128987566
106.42075036377668,100.61440532167906,35.9250911056139,2.6327060433942053,12.06609029354547,181.21412272905152,208.32275153259835,236.35593547296762,-87.88017222261732,158.9133882632874
-112.84979122326388,10.984983181734084,-42.75811573486626,-211.8436700475066,-219.41109919600015,-236.4010252597346,-338.0372942571909,-215.67312241302506,-399.58793507511456,-296.12146731938543
-164.6966319018812,-46.84916777860593,-5.897065398912622,261.8092005383134,83.29111808118336,35.68088717314936,-44.48158587062401,-370.5954692955037,330.4323492079771,18.819077133584198
147.58314493611343,223.9216931227677,235.5420082911221,81.33103979688556,43.12462601246688,554.7553349448858,1062.8690386615888,458.9030768142803,103.70265281753531,-0.8239094855613682
-49.07880127059444,-67.90119156995031,-249.53503527082134,68.45155804765335,181.99652065899386,-374.9494610424482,-635.3388713396447,-275.5384394112779,235.42015285492872,110.96072948410608
-169.22456791747305,235.9400183325583,-50.580033717165314,-197.5641479186258,-60.23619844378347,100.02168467032396,-206.22880677367755,26.29968949121949,-305.9990490006059,51.143720483103905
96.29467386505993,-188.8551383798962,-36.63409348375604,-139.14310079402034,-316.07273802871606,-7.37137489671343,-146.96331070981128,228.32890166019695,-7.219446573940447,165.1195840223599
96.89962157246693,307.5614621044121,203.61364203986295,207.07412147400615,-127.48252716021013,168.74507276006634,606.6470712628609,-69.78736484409062,3.4109328849544958,-56.357630770781284
-191.02236710148344,-525.183663901604,0.37250534871543134,-214.55656546795163,34.6078006390061,-191.31719480692206,-410.12782969485096,-593.3103190409558,-314.35756254769706,-94.70399109709007
-38.784523858786756,-379.6464236359558,233.0096249210907,-269.64090374944067,-145.00747756839084,-131.96213926688765,-4.0714273332327116,285.00956675111934,-124.04163650537144,-94.3164576609094
-380.81060979861013,-108.76091581051384,-327.7976812694782,-207.1551892643421,-334.5728260372014,-387.03063931662456,-141.25884709108217,-768.5015774673141,-301.4483228495322,-361.7342311001182
-159.6196876264201,91.12426979765604,296.36202944649443,292.0583388871782,379.9826101568778,-84.16903883273324,-49.06898081533342,-183.38076676852424,392.39479814668977,374.2320550796579
864.6942801097562,231.9557077901679,11.168172360081213,-21.362083647068705,78.89577968332834,457.3493048577389,314.5930001672237,766.5056929032792,164.30849754359588,-94.74782614364621
37.51258855320534,317.7665295410474,277.9633571767515,82.12511562107365,85.69059003727135,41.08785543416582,56.77906540737143,394.56832244012423,-90.32359434422567,138.86787624867338
103.2444864105659,-146.1551322807309,-235.03550843218983,246.32657821199913,-2.8270660148633917,-158.4694888174493,-20.920176909725782,-389.7471067178437,138.20191474983275,220.63565558921104
-368.5122543890403,-10.342317136400979,-167.14857269087545,-427.23237727601816,-344.05720348808177,-293.68145711096014,-450.23775431034284,-486.1879392137737,-230.10989938087636,-75.94970480901206
-362.9752404784384,-334.5207819186119,32.5845629867452,-30.300601384695646,126.79234671919615,-109.5448418234082,-360.9486934145991,-205.50037892243864,-217.2713971401244,-217.07249986825784
-81.13362812490993,547.032329862588,128.04691155016513,78.44273102189757,-159.29698847815038,401.2218893304516,325.34872092442316,325.91025224553687,371.7863253333118,317.8529829664631
358.3516909672873,-360.35858763874086,-28.505511023165877,-4.185389056324506,-14.003092276601391,-5.398353728681396,339.70186366837464,-154.78542404476298,-321.2418217099143,-216.86719201955705
465.2951238158907,-185.8320552091075,-232.63302826116808,-161.1301889515352,-54.748437691499824,-161.58722515240427,-473.2282943887683,-136.91896843648863,-197.70487594363686,-224.73551958786464
-133.89907553738243,-289.2603473288287,-179.500347770977,40.18490214349179,54.491070638480366,173.87924076326286,279.5156120175232,-11.85013162619724,-139.98523931594752,165.73262320347243
-289.31184546805093,87.82677262531392,-6.408230445120358,-543.9492066550127,-105.0946162502672,-828.0783688453175,-576.8272957129503,-383.00494321423395,-42.5932042679871,-86.92733813567183
-454.6287238822482,66.40870558298408,163.76686598464883,-29.64760417070063,-56.215422227322684,-341.44395537664946,-639.6026207172937,399.4642192892108,-101.07275002753673,-68.2977765036584
620.6894157250001,-7.486766528256884,-37.10674574418836,91.84795413652647,378.372645019774,725.4395829163149,1250.0294450412835,381.69394320169897,757.8243890612231,165.36936030394943
19.421291241674933,328.2752820011793,-72.64596138120207,15.163978329010556,-208.6689874310522,-23.882980777938503,-184.42544699062105,-408.2479206734543,-328.51451426338923,98.89415953034289
-136.8733057579815,-357.72941159903445,20.811370230449988,-49.501376298887855,-269.1534485438218,-96.75303345454651,-38.84889993152349,92.5889829435174,-318.4102077579369,-456.1782155455431
-115.72337510243813,259.7695048899688,189.24936384301705,403.7107678252825,124.43726381821601,123.49944701797473,331.9107642078132,282.7160091996362,39.682276453619814,-59.90950194140524
150.37608434538166,88.06026367460176,-105.0025520090604,-80.31403742804177,0.8876701255861322,-27.500657474926825,-465.4285069580322,150.18079830469458,373.9014478534734,346.23228774746116
-167.04907258448105,-380.56887261856684,-172.18076721054504,-294.0585105747473,-134.71753175484315,-8.595776152092133,-217.634443655229,-636.0995972214671,-140.47636645168288,-500.90421465655663
291.70999924242165,191.79725957005212,-100.30445490280601,175.4494777658872,-65.79824602416893,65.03215338639575,618.9304170468781,-313.96527332247103,-265.5723069855374,226.66159583385038
-634.3042884882351,-43.247076653867644,-3.658539278606267,-246.79549479311652,-87.26923351081143,-360.3852816033057,-226.36452387112686,-465.93667592498355,-399.54443324477313,-167.8341640000856
-220.6112822200167,-644.9341171312102,-132.27711503797246,-132.5508943243303,-315.50446953748246,-335.8772096528008,-1352.7141986651407,217.80606438820868,202.03076943094857,-179.58994091931694
95.70908170807678,226.82368881851212,-147.94830407528278,-192.1282141294537,-190.15249277583231,152.58316207408782,647.6813271754683,53.25720562375863,-817.6415901737507,148.43582600711014
108.69057495443965,95.95481556180505,213.63925127370518,237.30935538810238,226.16621585280873,571.4729728739973,446.578030341117,-485.79022194672257,873.5938966301724,-8.979844087659929
-456.4383974342931,-186.24089595041286,-142.31977738641493,-199.0005211815702,-389.2445463292263,-386.745050469452,-547.5453087965772,23.42044894631274,-673.4134653099286,-149.69694473897204
236.8404563827646,154.75110548138397,-78.58152565601151,-257.7832486751053,212.08234781599296,-133.80048565550737,4.992138621305467,-615.3401271772298,202.83516876184171,-43.016058117918135
-270.65124296867276,-612.6274523659431,-80.59782878551836,-147.84994512102114,-172.39637572693897,-585.2658474724278,-575.1675656366377,-566.9368223885638,-21.941769019590843,105.54659479881398
-201.9823978319364,11.19956823550666,-314.34315843290267,128.85499138922864,50.02118921932123,341.61266893443025,611.9602913648765,288.76918958872034,-94.89615650487391,40.300941288804836
244.54909764800215,-248.99683890935762,-123.29607426008226,-318.30004445634273,91.64345289141377,-180.48802562518046,-35.149892503044995,-146.71690131410998,-318.35102239670067,-353.0029430000346
-361.4598358654462,-131.48658961540883,-128.53979737860746,-224.0963105341762,-433.7229939247084,-257.0458739294043,-216.79054603471405,162.61585070891445,-388.20068744675217,-66.73572956312245
86.13223941953629,-79.50927971284833,125.14102748437332,-3.470632091368085,72.81224269300522,40.170015895077114,-345.93683571893524,-284.62528556457875,97.46344124034152,-192.7734739358623
104.25043817716293,330.4480573468638,-95.75955798162602,176.44871738262594,178.19238287546216,-138.33946116086844,105.52630992096992,76.51430633005576,31.438660691012288,112.03644767257084
-204.90496927474,-182.9554165737996,-126.07952679840356,6.646576864064189,-285.2223400747461,298.943584279573,-177.02879268251795,-235.56993304682464,51.54291023627484,11.985495136022664
122.35487924204001,194.1161466113077,-128.18230285103564,15.338054509378392,327.90435776236365,-253.07131559415348,71.0110660310958,519.213834533552,186.9950213883898,101.07668807553362
744.6026167677547,215.94726353724548,432.71955026646106,268.41810751130913,368.5829554831122,546.2221013048386,844.5964239995054,163.22864265054363,267.80892413801973,238.41160918982592
-178.99564077674714,-139.6241723715219,262.876981314818,-69.13925041159501,-247.9850655470241,-160.86508951208708,-499.1794663798542,-135.46080043420054,280.13531299203646,97.44664388760098
-240.09101090914285,42.743791175660455,-395.77894575997976,-35.35475373969475,1.344748302505231,129.73430575298997,-161.54583698594516,126.4273519494477,-20.531226355751595,-40.62004987784268
291.16793547290445,-51.34619479635118,101.00075188854844,-126.56529053311144,230.2364326372309,-12.309375832767179,46.065188671386366,-294.1311825520476,-29.25484458357647,-70.9863871320673
-193.39412469685726,8.048096889419016,-173.82910562309127,-61.42287882955404,-160.81279158211865,-318.3227447626252,62.12135187615501,109.07876109005495,-158.74400551906456,95.14299488359596
-233.83898035694344,-86.64974299086869,-148.01670766649403,611.9257702008266,402.9420015458977,447.46717212320465,810.6256968926017,338.7022399461084,-208.10299798370977,291.95511180400433
307.6989343733143,-191.10863819648202,520.978688436768,-319.14069011057455,-288.03896550869126,150.89639198964122,-226.79118729981698,-167.1313933549578,275.9410248851668,-90.40686563767052
340.034895283271,586.0277196792687,-104.18399551626602,-52.66897425809071,102.02378189372602,244.5821092536772,153.40489468090027,523.9772659802937,77.70346412892653,128.42542439799823
280.9585701428175,-186.13112909286758,-71.90209183233394,340.2580154117057,205.588711379955,-95.98444529284754,153.08717763414782,-306.7226097816351,160.61896563697428,86.85008949226572
-248.6123872096343,222.20738530269114,259.3534465477474,102.05296567445731,-144.88138736133487,-216.97256587137542,-602.9343106992197,132.62434425626753,-253.1512759043792,-453.63727634208374
21.651933793085387,389.20978866781104,-239.46994013209294,-26.659568308245134,-171.36915726195838,-78.49149622811893,-549.5027940798411,119.22137399921964,237.65733347779812,355.447065230045
-376.8487638513656,-678.8584626847272,-36.279395323341646,-262.8725439246737,-527.611535229584,-65.18152089650488,-48.530733173805594,-266.61083082524675,-315.33256073688403,-546.4918852179138
-514.9008928852929,-346.7576095706398,-328.5731314078102,-444.5878857630344,91.534719879629,-29.136133508983974,148.3058145572202,-191.8778407059874,39.25602626106063,71.12810833198691
589.2485527507719,-4.080377387516209,313.859345742428,316.84628730161364,329.8632934144116,130.06373294949748,438.8771926347752,186.58865580501572,106.39863271812438,-231.0265259281885
-227.45836833844857,97.6315076724893,52.2076640803968,-172.88143345545475,-108.55206780827874,-82.36689645565352,270.8853793554543,208.2677138017687,-134.50514516777056,-94.98263628277142
186.0299230938898,286.3383762829678,-200.20709834573464,51.632517450881,-161.99205342476327,285.8950556942229,-250.64934690958597,-142.4222065350395,-263.93964727783396,394.0883679740795
-94.03079146647501,-370.43835133803736,-93.77588032678068,-66.24817738751217,147.31970717892025,-675.8179449862427,-450.63987434319637,311.27019345195754,-131.89272514925082,-334.9346408321628
-706.6305413738658,367.6913776859841,27.632368138431097,-266.1136159283054,-273.8726333523822,80.47559271899411,100.63998463839717,-359.87483125280846,-49.66726733808516,-369.2922522533423
25.786446288117364,-232.02506669371223,-72.63913335593352,-185.3126456032446,-3.8108156506932125,36.196176186448234,-480.005186760461,-312.8409466093536,335.3503151829104,-16.880788403787708
-23.49570817720408,-206.65647811184806,-394.3888344048244,-66.42582273909518,-72.28613270661067,-35.83316734526157,509.43502559275123,96.32266406041886,-299.537229093432,181.0555172422832
173.537495826969,158.89680707518846,156.36465451129308,276.87115567861275,-58.12871400017171,-30.59479845365793,-21.344099914995777,142.73428283906614,166.29036989369263,150.45486670548848
-150.39143740320088,-124.07886077201194,-77.22577859361851,-315.7988441705015,-181.41394465445094,-73.13349737654012,-206.55881371744323,231.06335707316762,-424.7398079425573,-417.15671438661724
379.96037126539613,216.99660213536268,-16.031800779877262,145.16783249748795,368.18252230181855,-0.15603198806185625,-38.593785655536216,443.06222489818293,261.270345496112,473.20091954670426
196.82412060795806,153.97969349248115,105.16687271718412,348.3013516028221,82.4225456739694,60.274432313761196,473.0100773937805,-187.7808727055325,370.7555184789851,156.74828307739307
-334.2411937985036,-69.08921528008027,311.36665595436574,102.20840237359394,391.167805223812,240.5581977693054,317.34129764120723,613.6533121334691,-166.04748784791684,216.246546989085
372.55908941137153,-134.05975720532496,-139.72467435560776,-201.8446576838557,-450.1352676017655,-318.21479197944916,-548.3031262633386,-115.12977843207372,-23.00928189031624,-111.43328121165986
16.06635475819348,267.23869908952315,285.422165570825,-10.256620635226335,202.27144573410288,270.2542828368859,234.81653933805907,-432.7362349228485,330.9852370952203,70.17226721332943
189.79924709318158,155.6188840793452,160.49917419665812,385.6049616857419,-35.67668151067374,137.29413515535154,111.7759339464244,-164.77827149958725,-378.99380351745884,168.4466185813407
-200.00486805195078,246.33690955077634,-117.61754479193141,-110.64503873793751,-36.01241667091735,-58.75373748995492,-180.53367367778196,-167.4300598173125,96.27968176860428,-4.067032601677004
-251.05996236968193,-59.94574738825553,-239.08419556741325,-162.4657214045624,59.57741801243775,-179.45730554954085,-495.8447547536545,498.4848460372882,116.73920514723565,-157.18149314584593
145.834776544972,44.32311251495088,62.698911842989666,32.37901852197218,20.2640862583931,118.91721472764267,607.6276551226714,385.2045581831432,-2.214477081617822,-73.66742102184928
289.3118654357383,-92.82251197780363,40.420262244169905,159.29003011853428,6.562820837824222,11.38627751360729,-186.45662903771563,-181.9933956272364,-565.2109767499243,-88.92179766361213
-857.3907662509973,-88.55031778545066,-215.22622272537706,-178.32961017483524,-239.97824477279204,-380.6114723347595,-202.54744637862592,-90.96188528026495,191.69974241972469,12.208915670448112
384.7630546608907,32.28568795765466,-178.27134014601634,-103.22842714220629,51.197288620987834,316.4018296852018,509.52497421626543,373.0198185737834,76.15761465951512,-69.51472713387282
-79.10675610141847,-29.518433315430645,20.01442213769707,-318.80564538184854,-124.1325268369606,-187.0435865968787,-891.7758458826993,-326.4287147494812,-333.9155919951787,-207.7047719338735
-239.7678329303406,-465.32300598817153,-4.166998744070408,41.50062214655174,-490.1145957992216,-162.43621184768682,469.6971450456587,-700.7675156152,56.38339616570061,-132.71736769164633
149.77926348841376,87.71206951539631,-212.32543931612383,-97.97868752918036,187.36279242956186,250.43480504472942,204.30039545486216,166.2692684917351,-104.79381149625011,23.52600007762796
351.62932010498474,-64.0483699579816,185.02807935899574,-116.0843515119779,371.26600957923677,-168.59751547890772,-174.1912496821083,366.0784046716934,238.67508091806653,301.0465478059868
20.84368154487694,660.8201719052536,35.78841892351564,432.8761762619438,184.87738713825757,219.80215246468353,21.01463439985114,85.8131855994536,129.9945201334646,43.84952709470263
134.15075362758532,-145.2524309440171,175.2005411619796,-241.00509170855037,-231.61778033248467,42.11587283879842,22.788973964263295,-70.11500823694257,49.32273547115322,134.36983000332933
-141.09709309923713,278.2977609968871,74.46615072537263,252.33988395798966,-98.5990738774949,207.71445648832372,12.05661276383024,315.6374282273717,-412.06777099939137,-58.70650178251921
207.6028411497284,-102.14529489714316,18.07785772442546,-15.24023012075807,113.3430658663644,-485.34718329711166,-9.26204901861251,-173.47142008081502,-3.271466690651082,115.76806014530055
-308.7357803507453,-527.1640724614554,20.777731875709666,-99.85300600168279,-245.21634446089408,176.38913257540366,-401.16239396676076,-315.9664448173783,-18.455579054514807,-334.04499262149943
-150.40814405566326,-186.64179570869328,-156.78330335763184,-402.2131372734441,-206.47172047362236,-133.8376184206451,-320.4162214872558,419.8531534731264,-498.80330587074127,-279.4015877411987
