c0,c1,c2,c3,c4,c5,c6,c7,c8,c9
-3508.2258,-1842.2449,-1450.9033,-1979.5015,-75.7224,-1679.0476,-3654.8958,-2235.301,-2905.6318,-853.34076
-1321.6456,-1556.8484,-2011.7284,-1349.0375,-501.6108,-875.5763,-3409.6858,-656.7311,-2653.4187,-594.8666
-1383.253,-1560.1,-2476.9075,-1187.4214,-663.9403,-1160.8489,-3260.8835,323.4872,-3013.2634,-841.1551
-1237.389,-1395.8967,-2758.6792,-590.3048,-603.5568,-588.4583,-4064.5098,-619.8683,-2578.1187,-600.1208
-1429.9872,-1159.9072,-3015.733,-446.66028,-511.64737,-419.83014,-3905.0447,-693.38226,-1624.3944,-608.8602
-1202.0293,-1082.4783,-2894.6257,-852.40936,-355.44318,-1017.4703,-3986.7803,-769.3739,-1469.1183,-704.45135
-1407.9683,-1158.1312,-3215.1274,-416.31342,-485.5462,-542.20245,-3997.161,-1144.1318,-1342.4358,-674.81384
-1693.4437,-906.01154,-3255.1335,-219.02121,-613.8141,-765.4395,-3573.4023,-1185.3793,-1265.4146,-884.2254
-1658.778,-1191.407,-3359.9163,-1011.09424,-627.883,-1599.0546,-4114.005,-1851.3042,-1614.3463,-1072.7527
-1932.1215,-1259.0292,-3441.1238,-536.38245,-697.3478,-1283.8218,-4104.756,-2156.5095,-1562.4142,-1180.0759
-1758.6122,-1375.7527,-3716.065,-1005.37976,-683.3378,-917.3961,-4862.224,-2767.8333,-1057.0823,-1644.6112
-1993.973,-1220.4343,-3559.2627,-737.2036,-786.28516,-1601.0702,-4094.5168,-2256.384,-887.40674,-1279.4193
-1692.1653,-1306.1957,-3635.1587,-542.18744,-653.81213,-886.643,-4291.376,-2429.6445,-879.5604,-1204.6068
-1891.1537,-1178.3153,-3204.6384,-431.31244,-717.9106,-1287.2675,-3975.696,-2155.5032,-844.5173,-1347.636
-1797.5157,-1247.0457,-3467.69,-857.2721,-816.13055,-1424.9675,-4207.1616,-2073.5273,-1391.9165,-1372.9799
-1878.7913,-1088.6664,-3445.3293,-482.3637,-760.69104,-1126.4528,-4050.3882,-2187.111,-1397.7202,-1406.9167
-1986.267,-1063.351,-3551.7207,-486.3159,-757.61334,-1282.8365,-3827.2827,-2216.427,-1396.7858,-1369.591
-2063.901,-591.3653,-1888.461,-40.286755,281.52396,607.8607,-3706.709,-1177.0862,-1025.1278,-206.91925
-214.3736,352.1951,-1811.7815,716.8156,390.27948,864.5998,-1569.8093,1661.7264,-981.0671,532.5397
342.69943,-211.57121,-2328.9197,-171.17517,193.81798,268.60812,-3003.3704,1139.6005,-1045.639,847.4366
843.5069,-2.1255486,-2408.7803,104.19606,767.6837,390.41052,-2595.6333,1571.8552,-62.782627,1185.3945
544.78845,145.29146,-2212.757,-168.48622,541.1467,425.66364,-2520.2585,1198.338,-83.75399,1093.143
559.85895,-630.3828,-2513.8071,508.8386,818.8048,537.217,-2532.6418,969.72186,-356.5301,445.94592
188.27332,17.179815,-2543.8027,-417.35126,422.21164,93.598785,-2971.953,347.57495,-104.67583,613.9199
88.79712,300.3066,-2521.7437,-41.783142,552.61664,-148.90724,-2395.693,113.77383,152.27809,515.50885
275.4086,-190.00296,-2565.5356,-65.841156,630.9027,-76.72054,-2831.8293,-12.957869,160.73418,406.22995
-333.3625,52.435574,-2893.3652,-8.985231,179.15456,-268.9437,-3213.878,-783.8661,-126.39035,267.66916
-267.80835,49.74273,-2957.573,-313.31696,163.94643,-280.7621,-2959.6238,-844.8858,256.53973,239.44112
-379.8772,-530.3155,-3158.726,-788.3771,-34.29499,-993.071,-3345.9702,-1461.1371,-613.5347,-240.02837
-590.4127,-599.03894,-3322.4355,-491.61288,-68.627716,-681.259,-3728.254,-1768.446,-11.473562,-562.5566
-968.18146,-602.66113,-3516.4646,-579.83124,-177.56064,-868.4109,-3627.6047,-1973.6693,-370.60056,-420.14673
-924.77686,-602.9622,-3425.2305,-484.30527,-282.98276,-794.11084,-3732.5845,-2016.1124,-297.0537,-571.26416
-944.51526,-611.1763,-3439.827,-691.929,-261.53232,-978.5493,-3518.9988,-2007.2614,-291.45456,-550.35944
-1068.7593,-652.8973,-3174.3955,-460.469,-328.70084,-1271.3481,-3501.7732,-1853.1593,-424.594,-598.7551
-5718.792,-2546.7114,-329.54852,-4941.8994,-1496.6705,-4993.693,-3199.4568,-2567.868,-5830.99,-2113.07
-3960.8105,-4481.306,-3068.3845,-5352.3564,-1896.6323,-4895.593,-5794.356,-4339.9497,-5096.904,-2532.4902
-4497.5386,-4931.4233,-3313.1157,-5207.242,-2639.3416,-4919.303,-6363.982,-4123.2583,-5321.954,-2758.1729
-5169.518,-4871.1064,-3575.165,-5121.4795,-2769.9688,-4888.6167,-6326.627,-3779.039,-6131.253,-2966.776
-5069.6226,-4739.491,-3798.169,-4936.986,-2802.2515,-4724.5825,-6630.349,-3587.7183,-6107.0093,-2882.6025
-5135.503,-4469.625,-3675.7573,-4481.592,-2723.923,-4486.26,-6053.6807,-2789.6223,-5961.052,-3160.7139
-5145.869,-4073.1235,-3901.8416,-4492.193,-2547.1382,-4465.0273,-5979.958,-2932.3323,-6054.5425,-2845.9336
-5400.9204,-3841.8738,-3903.3813,-4159.4683,-2643.0173,-4290.6396,-5605.5215,-2352.2617,-5923.366,-3066.4683
-5261.2554,-3517.8508,-3817.0818,-3633.607,-2654.2278,-4007.2083,-5391.2456,-2371.9229,-5754.614,-3049.3264
-5113.3457,-3280.452,-3716.0234,-3356.0986,-2410.3823,-3867.9402,-5171.3315,-2326.1045,-5420.3003,-2866.0537
-5039.37,-2813.382,-3861.4775,-2787.6929,-2462.4634,-3396.1934,-5431.1514,-2465.0613,-5142.393,-2780.4387
-4892.3726,-2525.4924,-3909.7112,-2164.6392,-2319.9575,-2885.6873,-5279.0947,-2479.7803,-4949.687,-2551.4402
-4719.544,-2401.1345,-3889.1418,-2069.3513,-2150.8535,-2784.4653,-4980.2563,-2329.4075,-4577.59,-2489.6726
-4529.2812,-1950.6709,-3696.72,-1255.1449,-2104.0723,-2649.904,-4720.126,-2531.1533,-4012.8313,-2473.9336
-4216.2983,-1806.971,-3778.1719,-1258.8823,-1784.5022,-2340.9165,-4719.093,-2619.2341,-3844.9495,-2281.9707
-3997.5835,-1518.0798,-3908.1616,-767.5347,-1662.7579,-1911.5349,-4889.651,-2992.9648,-3525.0137,-2144.2344
-3788.5193,-1665.6006,-3958.895,-1062.6199,-1579.7598,-2070.8335,-4920.952,-3133.2747,-3165.9233,-2076.562
-2979.694,-799.42004,575.846,-394.38013,-277.50433,-1324.9326,-2666.9924,-1810.4554,-2186.7834,-1881.5162
-1093.932,-356.27988,1690.1406,-59.12938,-360.42548,102.84831,-4140.8237,-2427.9182,-1929.1047,-1505.0708
-1218.3523,303.62915,447.82962,338.6053,-136.02673,137.9711,-3389.5369,-826.3511,-2354.1255,-1599.2749
-1254.1743,570.7182,787.1047,240.39433,-206.38666,-497.19647,-3390.992,-682.4745,-1999.1865,-1547.478
-1499.8125,887.8249,1320.3823,114.37189,-130.2424,-542.76764,-3817.4136,-736.94086,-1984.7196,-1832.89
-1561.1571,856.72784,1076.7228,-80.12031,-172.21526,-770.0176,-3473.7175,-911.70447,-1812.714,-2009.2981
-1285.5713,512.3424,1601.0045,-387.04633,-486.49118,-321.95914,-4439.708,-1788.4866,-1582.7976,-2023.5137
-1719.8485,792.20294,1257.0651,-176.22633,-246.44525,-456.91693,-4046.3003,-976.82025,-1577.8273,-1963.4928
-1323.697,700.6304,1743.633,-405.27057,-296.49176,-555.9591,-4326.4023,-1714.884,-1348.6445,-1980.5898
-1471.1213,694.48193,1985.095,98.28884,-167.22887,-327.19684,-4256.8213,-831.6416,-1126.0237,-2119.6016
-1708.4119,925.3273,2173.6267,141.1719,-135.22017,-346.23788,-4187.7607,-1404.5393,-1147.92,-2182.8313
-1479.6909,989.1742,2589.5098,249.26057,-71.46731,-359.52512,-4600.6875,-1653.5219,-728.47046,-1931.6707
-1645.209,1151.1163,2262.54,287.90442,-113.373184,-374.3881,-3972.442,-1037.783,-1149.9698,-2146.7563
-1142.6067,706.995,2780.4146,-31.022224,-112.30225,-551.76764,-4620.5386,-1927.9388,-337.6816,-1807.6705
-1719.6449,1038.3846,2193.2976,121.274605,-40.375866,-415.4583,-4341.8174,-1029.1484,-894.1537,-1931.7206
-1773.2703,612.27936,2269.907,149.56728,-174.47893,-290.29608,-4473.356,-1322.0327,-957.3867,-2114.2932
-1676.3221,505.23514,1322.1915,27.621668,-211.01486,-327.19583,-3446.3477,-720.6585,-1445.3755,-1937.8113
-1399.0483,289.5928,537.67786,689.38446,656.8594,1130.6086,-4014.0088,-1871.6859,930.69183,-18.471607
-549.9967,727.7648,393.31027,1212.4402,906.4359,1111.7389,-2229.244,482.0351,-263.9409,567.6618
-85.639,1036.724,55.15631,611.8077,1154.3877,804.1045,-2723.639,2030.9304,-852.0952,681.02826
1074.0553,693.6107,446.73828,1315.5767,1787.6682,1335.4725,-1679.7831,3089.58,-304.91238,1693.0161
1140.0514,840.81036,783.2422,1193.5797,2168.3108,1484.9946,-1646.3262,4113.516,471.4606,1926.9681
2122.344,1991.3716,1229.207,1040.9398,3298.5327,1814.337,-520.3292,4990.55,1356.4264,3476.1987
2581.2595,1976.0055,1876.623,1935.2839,3857.8289,2732.5085,661.44965,5463.315,1962.5211,4455.234
3162.6143,2866.689,2411.8674,2355.1714,4520.1436,3199.364,2896.151,6029.418,3080.7705,5101.4204
3900.2092,4189.331,3496.3364,3228.8691,4846.2505,4389.2817,3265.1567,6253.005,3673.61,5732.7617
3991.8179,4699.922,4190.269,4475.447,4987.7397,4897.507,3272.3967,6370.746,3296.5928,5832.851
4180.2905,5077.65,4494.7188,4776.534,5059.9985,4985.858,3126.0725,6428.2183,4031.4001,5867.1416
4445.294,5243.361,4646.936,4949.9893,5088.025,5014.194,3729.252,6408.0483,4067.802,5876.6333
4680.672,5157.5195,4706.3784,5124.517,5098.391,5097.2485,3784.5908,6390.8,3967.1785,5878.463
4094.4976,5127.8643,4741.4336,5172.685,5101.4033,5116.453,3392.2012,6387.9,3733.2761,5876.2666
4037.4983,5083.9863,4714.1797,5239.107,5125.772,5134.183,3732.7983,6384.5503,3771.9033,5877.557
4412.451,4963.514,4718.0605,5281.629,5119.4717,5140.0884,3433.746,6296.841,4198.726,5881.665
4496.153,5058.7354,4774.8296,5239.0107,5118.939,5131.65,3488.5774,6356.5605,4088.6829,5878.522
-3731.1897,-1804.7375,-1131.0087,-2983.8418,-748.777,-2727.9233,-2983.839,-1400.5276,-4156.52,-1397.5933
-1984.4783,-1688.7782,-2357.6282,-3061.7954,-834.7248,-2493.6821,-3832.7458,-663.72485,-3020.7793,-1010.9725
-2172.4834,-2327.4385,-2996.1614,-2850.13,-1117.6677,-2752.6755,-4342.7905,-1308.692,-3744.6628,-1359.6842
-2287.4404,-2110.994,-3239.5,-2204.275,-1205.6334,-2574.3503,-4414.593,-1490.5115,-3291.1045,-1493.5592
-2465.3801,-1817.8354,-3173.0393,-1834.8353,-1068.0308,-2460.1113,-4061.2932,-1851.0336,-3097.5544,-1456.5149
-2269.3123,-1675.4055,-3491.2485,-1544.7397,-1062.5536,-2123.8584,-4388.536,-2157.8406,-2583.9126,-1522.1012
-2748.14,-1556.8479,-3318.9854,-990.41284,-1029.8668,-2227.4614,-3833.23,-2144.5752,-2266.8223,-1476.3593
-2490.009,-1404.7498,-3527.3242,-1516.6367,-1065.354,-2173.3875,-4259.5854,-2303.0623,-2575.5925,-1625.461
-2334.2305,-1189.9005,-3514.3044,-1515.4745,-908.3486,-2176.0735,-4091.1104,-2440.1833,-1989.393,-1488.9847
-2485.3918,-1353.6107,-3698.9734,-1496.2999,-1038.5603,-2144.9663,-4399.874,-2745.1377,-2013.4553,-1727.3231
-2347.7512,-1077.9801,-3561.412,-971.99054,-913.2801,-2112.9216,-3864.4639,-2752.217,-1533.1093,-1525.6685
-2248.1992,-983.5698,-3574.348,-989.27313,-722.06213,-2160.536,-3740.0342,-2694.0188,-1372.2361,-1517.3896
-2098.4731,-1078.3849,-3492.1106,-866.52673,-698.3106,-2202.4885,-3514.3262,-2758.8943,-1497.8198,-1366.354
-2153.505,-1037.5378,-3324.7688,-1063.8076,-887.2662,-2399.3074,-3494.884,-2628.5723,-1469.7831,-1429.0967
-2096.9043,-1011.9281,-3606.7583,-1352.5869,-815.02356,-2256.9917,-3854.125,-2765.5393,-1339.0631,-1448.8452
-2195.423,-986.6744,-3584.2485,-730.38666,-789.3603,-1826.8207,-3648.1165,-2647.1824,-1312.618,-1465.4437
-2185.7175,-1000.0395,-3644.0881,-1017.8188,-806.2564,-2037.1139,-4018.6956,-2860.191,-1406.9172,-1561.1548
-1109.2589,586.78436,265.04367,1207.236,668.93256,1423.3351,-2556.9917,-1359.174,145.44922,228.00664
44.88405,724.7123,1513.6296,1990.6083,1076.4979,1611.3414,-1744.063,1916.9218,-680.0117,776.31116
944.06274,266.0437,724.49677,1316.3934,1563.0198,1263.2191,-1730.415,3694.837,-306.6172,1731.9409
1139.0524,1279.7216,823.4953,1359.3271,2305.8577,1417.5386,-1635.4106,3995.7666,-248.18367,2692.2925
2093.8604,1428.0005,1875.7301,1491.8164,3266.546,2185.1584,-1463.7477,4981.6045,1481.4514,3615.0007
2849.5676,2405.2346,2072.9985,1619.2627,4097.612,2304.5952,1720.9268,5766.4224,2022.9528,4626.9795
3171.2368,2988.668,2673.8936,2710.5842,4479.224,3877.7336,2029.5508,6101.0923,2729.6812,5436.2705
3344.6128,4339.309,3637.889,3800.5469,4900.386,4544.213,3134.6428,6354.4443,3336.426,5760.0454
4085.0413,4758.6,4238.388,4460.207,5002.973,4870.562,4120.399,6417.1206,3180.3555,5833.968
4660.6284,4915.0947,4501.8564,4681.7207,5078.2715,4978.6294,3937.3857,6447.398,4181.3867,5863.545
5004.611,5011.563,4616.108,4825.7153,5102.039,5026.5684,3885.0723,6446.62,4154.1084,5872.6113
5081.87,5189.996,4671.021,4881.5327,5103.9014,5056.83,4184.4224,6442.333,4197.7817,5878.5635
5185.9585,5145.007,4695.2124,4873.756,5113.6133,5075.852,4247.327,6451.615,4087.52,5877.9185
5070.604,5277.805,4700.235,5045.108,5125.8174,5109.349,4627.301,6441.241,4127.2783,5881.5225
4898.069,5141.867,4735.288,5060.3857,5130.8774,5112.6694,4122.8086,6437.714,4360.48,5877.1265
5014.4365,5223.4375,4722.7666,5055.8267,5125.03,5142.524,4507.6655,6450.916,3896.8723,5880.841
4989.3267,5223.6934,4705.704,5065.3784,5140.0576,5111.1704,4436.3057,6439.2188,4340.2534,5879.576
-4939.2246,-2811.9302,-1947.6302,-3821.4912,-701.1442,-3817.162,-3622.1223,-1070.993,-3970.203,-1936.2242
-2282.6404,-2615.2688,-3169.4573,-3908.459,-1241.5544,-3147.7275,-4219.4146,-2453.0483,-2503.8828,-1278.6938
-2529.6204,-2763.9224,-3308.9585,-3449.3877,-1447.3253,-3287.6736,-4619.411,-2374.5203,-2874.6484,-1532.4197
-2485.4888,-2421.0093,-3498.679,-2525.6924,-1482.6614,-2707.721,-4807.3174,-2219.7742,-3070.2568,-1705.6145
-2951.7292,-2402.362,-3630.681,-2590.3618,-1326.7024,-2930.3232,-4681.4077,-2281.4072,-3102.9207,-1715.0437
-2971.0488,-2147.5918,-3701.8853,-2310.4683,-1422.0791,-2633.5164,-5115.7754,-2577.6853,-3173.22,-1856.2665
-2886.4553,-2039.6257,-3767.6572,-2128.866,-1171.0669,-2724.4673,-4572.8154,-2457.0503,-2566.3098,-1900.6207
-2818.2383,-1834.1998,-3557.5056,-2012.496,-1000.70984,-2712.123,-4642.145,-2680.5344,-2588.1055,-1825.7416
-2815.536,-1644.8099,-3806.056,-1865.8147,-1153.617,-2399.9426,-4705.153,-2704.1462,-2432.748,-1841.271
-2798.6633,-1625.5859,-3623.6113,-1282.9044,-971.53314,-2493.2007,-4001.3767,-2705.508,-1854.6925,-1664.5166
-2712.0027,-1317.8995,-3637.7485,-1332.6254,-1002.6621,-2154.7014,-4007.0396,-2526.82,-1850.9105,-1783.6827
-2630.1187,-1519.828,-3626.999,-1459.2051,-1034.4957,-2594.683,-3450.2063,-2656.1155,-1576.8367,-1604.6594
-2665.4626,-1529.904,-3608.697,-1446.029,-1137.1293,-2359.38,-4161.1978,-2683.5554,-2032.4283,-1765.4045
-2408.289,-1155.4943,-3524.4849,-1077.0293,-955.393,-2253.5403,-3775.5413,-2678.3071,-1642.1405,-1721.9751
-2563.1777,-1458.3927,-3701.7886,-1370.7108,-1004.7762,-2166.0378,-3924.2952,-2749.5168,-1312.3469,-1632.9452
-2406.4204,-1153.5098,-3707.6768,-952.7542,-962.2392,-1798.945,-4359.8423,-2803.5693,-1783.2886,-1842.6829
-2328.473,-1100.9207,-3718.0657,-959.60974,-773.29065,-2049.455,-4397.135,-3286.5723,-1224.2375,-1629.8981
-618.15045,2313.81,3136.7742,1668.592,447.6936,2165.5815,-3659.8884,-2089.09,2100.6802,-694.2162
-1235.3594,1885.185,3564.6003,2245.6597,1203.211,365.1072,-3575.2393,-2573.047,765.05865,-160.80092
-1253.5438,1526.3047,2864.0908,2129.7737,630.9841,903.698,-3185.9246,-2148.9604,-1014.78894,-1596.1238
-963.58575,743.49396,3156.9404,2055.3726,390.33258,1042.9364,-4368.376,-2460.3906,-114.04871,-1561.152
-1182.6023,941.59875,3260.2173,1950.2563,523.02747,643.457,-4253.459,-2336.5237,304.14227,-1232.1226
33.58241,275.4824,3381.5593,1761.8768,610.8154,889.54474,-5026.1216,-3745.9495,1642.393,-848.5497
-1149.6997,1024.6808,2804.6506,1614.2468,487.59396,627.421,-4452.8877,-2341.2017,42.070972,-1547.9276
-1251.6565,508.00977,2751.652,1363.4795,169.2364,455.18454,-4698.5674,-1841.9143,516.94275,-1326.9027
-1346.6603,1106.2589,2623.0112,1694.3763,483.81436,602.9984,-3416.2495,-876.3135,-981.69464,-1033.096
-1449.1163,822.7909,2768.5193,735.9377,155.62415,439.2907,-4903.805,-1467.728,380.7211,-1329.279
-1348.9036,729.9295,2906.8696,855.9652,339.4087,451.71292,-4086.6306,-2357.2014,-32.810654,-1339.066
-1226.0363,693.7325,2893.525,834.1424,212.72495,406.9919,-4788.8843,-2226.5159,58.68078,-1306.089
-1510.9218,850.1993,2408.8035,624.79584,-125.78109,21.436323,-4608.7,-1419.6874,-223.5576,-1718.3977
-1525.1448,976.90656,2587.2727,965.87756,53.533577,465.15454,-4327.218,-1149.515,-784.1631,-1623.5435
-1423.3661,971.18384,2409.5852,566.55096,135.91055,27.999853,-4272.844,-1739.2539,-130.84575,-1623.6644
-1689.0645,1154.6259,2396.1833,417.09793,20.162949,-107.59209,-4238.0684,-1531.801,-1030.1285,-1907.4833
-1709.9318,908.53046,2386.3809,516.5182,44.429684,-133.86111,-4491.861,-1325.4758,-736.01,-1591.0881
-4600.2456,-3459.5918,-2611.4866,-3277.4998,-920.5195,-2477.9712,-4198.892,-2356.115,-4468.7603,-1463.3318
-2303.6033,-2303.2458,-2960.9602,-3303.3594,-1246.7872,-2299.0178,-3863.2356,-1185.5658,-2885.5789,-1197.9286
-2345.0984,-2837.5442,-3149.5322,-3006.781,-1637.2164,-2640.1985,-5289.312,-1855.0524,-3926.3,-1500.1744
-2361.58,-2498.995,-3675.0889,-2240.8289,-1511.8528,-2055.5098,-5408.1963,-2244.6519,-3163.5872,-1431.2379
-2436.625,-1866.9066,-3593.5823,-1499.9551,-1173.7106,-2021.4315,-4871.326,-2228.2249,-2612.6418,-1418.7018
-2032.4148,-1833.8264,-3694.8086,-1559.8773,-1012.58795,-2186.7043,-5068.3105,-2552.5708,-2306.649,-1597.097
-2368.2683,-1564.7733,-3504.4065,-1486.8055,-792.62195,-2232.7642,-4367.339,-2358.754,-1695.9817,-1510.0895
-2057.5298,-1749.0308,-3724.29,-1261.0168,-915.65985,-2076.3105,-4811.0366,-2729.456,-1827.0795,-1647.8577
-2107.505,-1506.886,-3707.601,-1302.0455,-771.98285,-2237.8906,-4643.983,-2851.6484,-1829.6016,-1572.8528
-2188.9714,-1520.18,-3642.7488,-1140.077,-716.7776,-2106.932,-4494.079,-2740.0576,-1656.8796,-1575.4602
-2133.4841,-1487.8535,-3421.7715,-1104.899,-602.096,-2282.8213,-4146.1626,-2634.9697,-1482.8086,-1516.361
-2042.9529,-1562.68,-3457.251,-1304.0376,-890.81915,-2264.4817,-4349.5854,-2703.7986,-1725.1069,-1551.2448
-2056.12,-1367.4524,-3625.7322,-976.34546,-730.84766,-1879.4412,-4293.478,-2855.1777,-1670.5282,-1469.2294
-2296.2566,-1431.7777,-3640.14,-1272.2472,-942.1566,-2356.7063,-4451.9976,-2747.8252,-1576.6681,-1794.7605
-2001.3134,-1200.6952,-3452.5623,-1036.8993,-787.12164,-2081.0237,-4039.9475,-2734.881,-1338.4022,-1367.1763
-1969.4811,-1103.4436,-3467.4272,-674.39124,-695.0364,-1907.6978,-3658.313,-2560.27,-1214.7742,-1598.8079
-1969.1619,-1100.5464,-3698.4646,-1107.9509,-713.2534,-1993.5597,-4264.498,-3013.2139,-1511.8137,-1581.6617
-4301.254,-1961.0657,-1106.2604,-3414.5403,-562.1102,-3313.1448,-3488.9932,-1601.1144,-3913.864,-754.759
-2792.8845,-2542.9539,-2313.2195,-2907.3167,-936.54156,-2744.081,-3379.7283,-748.6115,-3001.4558,-1471.68
-2714.906,-2444.6472,-2887.7207,-2729.2017,-1363.2588,-2663.489,-5099.411,-1832.9437,-3987.1096,-1548.6737
-2653.603,-2050.3286,-3324.361,-2009.2195,-1186.7318,-2322.2568,-4265.237,-1802.4663,-2865.213,-1513.8845
-2541.2283,-2111.6838,-3559.808,-1772.5509,-1378.4789,-2047.0913,-4676.597,-2332.1282,-2957.502,-1543.452
-2647.1255,-1758.6903,-3599.2817,-1350.1722,-1121.7876,-2090.1274,-4415.8774,-2394.2034,-2511.3518,-1553.5881
-2631.6724,-1651.2429,-3592.202,-1555.1396,-1063.9397,-2241.8047,-4812.645,-2728.0522,-2449.8364,-1620.2875
-2628.4207,-1653.6772,-3705.0715,-1376.8362,-1075.9294,-2122.0635,-4351.8843,-2552.1997,-1881.8408,-1553.3988
-2582.3032,-1343.5212,-3631.615,-1180.209,-920.94604,-2032.0493,-4518.301,-2913.6262,-1918.3271,-1550.1001
-2646.5574,-1588.6637,-3809.3774,-934.49713,-928.9886,-1886.8796,-4650.9766,-3003.099,-1769.0996,-1563.7482
-2652.403,-1272.9312,-3875.8772,-718.11127,-855.65936,-1781.2952,-4020.1646,-2655.3452,-1626.8893,-1357.8701
-2285.7356,-1348.1254,-3605.4673,-676.0203,-884.33453,-1934.2189,-4158.7114,-2812.9016,-1541.4651,-1487.9219
-2291.4932,-1405.2511,-3603.5005,-769.09717,-905.6794,-1797.6721,-4187.3833,-2815.9438,-1366.6202,-1606.0692
-2337.7693,-1523.559,-3660.5183,-717.6774,-976.4271,-1792.7896,-4537.142,-2983.378,-1751.2853,-1743.2775
-2309.8137,-1250.2195,-3274.0413,-837.0212,-849.2641,-2024.9374,-3855.6118,-2520.1309,-1410.4146,-1619.701
-2195.409,-1510.3287,-3629.5654,-1123.1893,-1023.42816,-1728.9851,-4067.6326,-2381.3557,-1824.5443,-1700.7754
-2385.1277,-1181.3705,-3457.5676,-550.4122,-920.1885,-1848.5619,-3667.5562,-2444.5342,-1838.0365,-1781.3115
-4861.393,-2320.2993,479.94522,-4837.085,-1302.7511,-4946.433,-1535.0516,-1455.9354,-4858.2007,-1491.9872
-3742.3877,-4340.2363,-2229.923,-5149.4214,-1822.9436,-4687.2725,-4727.992,-3243.164,-4739.5586,-2564.6047
-4149.3315,-4666.147,-3127.3557,-5062.576,-2617.9153,-4621.8833,-6183.4805,-3543.2075,-5120.7944,-2699.358
-4481.4517,-4384.5024,-3543.353,-4473.167,-2481.7908,-4361.0425,-5827.077,-3014.0613,-5397.7495,-2931.0493
-4976.061,-4099.6113,-3685.605,-4382.6987,-2546.221,-4252.4043,-5627.7173,-2949.2288,-5539.6904,-2850.5286
-5017.878,-3838.0127,-3734.6438,-3800.0356,-2579.9255,-4092.3267,-5457.129,-2796.2334,-5259.3213,-3030.9119
-5169.88,-3541.4177,-3796.2722,-3724.3975,-2588.682,-3973.173,-5474.797,-2388.3486,-5339.8174,-3113.9363
-5015.876,-2877.8784,-3912.4758,-2881.0913,-2528.5664,-3387.756,-5693.8726,-2844.251,-5325.9434,-2570.246
-4996.535,-2590.0645,-3875.462,-2432.882,-2198.0144,-3324.3806,-4393.406,-2255.5706,-4538.6606,-2745.2698
-4698.9595,-1961.2604,-3799.9836,-1537.4714,-2325.272,-2586.0583,-5075.2456,-2804.8906,-4686.243,-2535.5967
-4433.482,-1918.4752,-3923.3892,-1610.2242,-1976.4684,-2505.3862,-4569.813,-2804.348,-4064.8726,-2357.02
-4306.0225,-1646.0376,-3762.653,-1183.602,-1838.223,-2562.6226,-4547.2686,-2877.108,-3562.8594,-2482.647
-4109.1323,-1608.8273,-3872.257,-1454.5906,-1768.0806,-2412.1409,-4456.169,-2727.2866,-3202.9976,-2326.3467
-3965.9812,-1547.4698,-3730.284,-1414.5306,-1683.71,-2579.8264,-4071.257,-2720.3184,-2985.698,-2531.998
-3722.888,-1745.4052,-3786.808,-1510.6938,-1624.1497,-2586.556,-4762.6836,-3063.4487,-2900.1155,-2289.2441
-3648.4302,-1554.4479,-3723.4036,-1269.722,-1470.659,-2392.483,-4386.015,-2850.0054,-2760.9832,-2335.6697
-3366.4783,-1495.6616,-3798.115,-1234.1301,-1371.7479,-2364.3958,-4294.6616,-3270.767,-2375.367,-2163.409
-4315.242,-1099.7307,-2201.217,-2345.2036,-439.21915,-2226.1343,-3205.3042,-1147.5068,-3727.6008,-524.3285
-1920.7161,-1806.232,-2737.4907,-2139.1619,-788.4658,-1714.0063,-3420.6453,-1041.6547,-2597.8542,-706.7806
-1905.913,-2083.502,-3260.56,-2010.8434,-1228.551,-1930.3918,-4145.2007,-1187.7455,-3194.6904,-1203.3317
-1966.5254,-1963.3113,-3275.2168,-1981.9409,-1016.11456,-2064.0532,-4210.832,-1550.0969,-2680.877,-1208.0591
-2256.2444,-1975.9005,-3468.9407,-1909.5585,-1155.8323,-2245.2976,-4338.2744,-2006.6116,-2403.898,-1618.9578
-2355.7227,-1778.9689,-3541.5396,-1537.6564,-1044.4723,-2192.4675,-4339.926,-2214.1272,-2174.5156,-1612.0853
-2356.4973,-1510.8019,-3622.5266,-1169.6439,-983.84283,-2021.9606,-4485.8022,-2466.247,-2228.3127,-1559.7306
-2576.4155,-1740.495,-3492.2183,-1707.193,-814.41254,-2444.7454,-4282.568,-2629.6172,-1606.9128,-1584.313
-2357.3286,-1361.3207,-3609.9604,-1498.3014,-762.0235,-2287.5452,-4203.6567,-2490.4214,-1940.7959,-1710.881
-2199.8008,-1378.9495,-3583.8206,-1368.0779,-816.7442,-1908.9225,-4434.6523,-2730.0193,-2136.4727,-1491.2748
-2038.6984,-1263.3223,-3525.1682,-1210.0594,-720.02325,-1999.0693,-3447.2341,-2435.6196,-1748.2324,-1440.7609
-2007.6307,-1247.7317,-3722.6072,-1972.6772,-674.28973,-2258.8381,-4213.7075,-2735.158,-1935.9363,-1612.1387
-1935.8555,-1371.8105,-3656.1208,-1336.909,-832.92017,-2054.2773,-3552.1294,-2549.3508,-1273.6552,-1566.89
-1911.9027,-1295.6814,-3480.857,-1326.349,-839.9935,-2371.8223,-3466.9558,-2498.0847,-1300.8737,-1637.8606
-1922.4539,-1277.9144,-3424.8105,-1223.0801,-811.9829,-2182.8657,-3175.9043,-2492.999,-944.88513,-1568.9369
-1890.8943,-1177.6404,-3474.7878,-1375.7136,-792.78906,-2316.7485,-3762.0122,-2382.718,-1791.5664,-1804.3445
-1948.436,-1292.8285,-3511.287,-1492.3969,-710.0313,-2293.9885,-3538.137,-2669.1445,-1475.0732,-1588.8109
-1186.4847,471.61847,2155.9573,1020.2159,232.02803,1492.7081,-3529.562,-1658.1813,40.242157,-1344.6936
-808.3409,729.92224,3660.7153,1272.1537,517.00653,933.5273,-5136.892,-3593.1743,521.70874,-791.4343
-98.87259,-158.95403,3326.1038,2067.4622,722.2838,1300.168,-5096.4087,-3729.9717,1520.566,-1294.2637
-710.3465,506.32074,2983.687,2195.818,782.4243,742.4885,-4336.6113,-2602.3782,457.49216,-1558.9647
-786.8091,368.03665,3250.9734,1881.3737,566.48346,685.84106,-4625.307,-2815.0928,271.16357,-1061.5249
-791.87335,509.65463,3140.726,1763.4113,644.5191,763.2656,-4612.741,-3089.6409,308.18567,-1255.6664
-976.43567,699.2257,3113.061,1636.5203,613.4461,365.35193,-4527.2056,-2932.667,605.74255,-1371.3599
-1295.0374,716.19495,2929.749,1543.0929,438.8348,677.96564,-4611.6187,-2199.1484,231.8576,-1647.3737
-1314.6416,723.24457,2821.9685,1234.011,370.94415,416.84656,-4398.659,-2111.8926,-72.87979,-1337.9158
-1317.4065,522.529,2849.2292,1230.229,108.89817,679.1995,-4553.4814,-2220.0403,219.20047,-1617.3292
-1493.0287,832.7673,2845.8298,1210.7012,176.40048,383.84448,-4440.9185,-2198.7434,-338.41058,-1414.0623
-1753.3353,909.13654,2767.9333,845.9803,20.431675,374.55038,-4743.8174,-1903.431,-157.81062,-1558.1359
-1919.6246,1171.263,2278.2573,905.13464,41.903236,116.96929,-3964.0305,-1326.7706,-934.61285,-1734.2089
-1573.2617,878.1916,2591.5908,571.4598,-20.985214,233.01938,-4238.5557,-1877.0846,-462.8281,-1729.2384
-1268.432,858.285,2697.8901,885.29803,187.98842,304.1371,-4209.8066,-2039.0541,-5.6550627,-1141.8335
-1815.0864,1185.5444,2307.9673,568.80536,24.7533,-10.596649,-4098.574,-1436.8762,-667.9431,-1838.2439
-1782.7638,807.5566,2027.5857,283.25525,-73.6352,-83.53134,-4045.8635,-945.8917,-956.9651,-2001.9937
-3995.1345,-1696.5718,-1850.6367,-2784.4797,-234.48563,-1973.9996,-3587.7202,-678.56476,-4046.6926,-1281.9625
-1304.9746,-1337.2169,-2426.4355,-817.3663,-664.1796,-563.38525,-2381.602,-0.67715937,-1790.0936,-712.1198
-988.4558,-1097.4608,-2371.446,-1318.3577,-631.051,-1081.4457,-3102.5044,121.47293,-1850.3002,-531.48456
-1350.946,-1401.4741,-3012.7385,-1063.967,-797.3072,-1069.4305,-3367.1748,-591.0472,-2249.0469,-719.0039
-1490.9916,-1351.1377,-2896.2607,-1132.7139,-731.4422,-1375.4811,-3710.947,-968.7276,-1785.8055,-961.01154
-1344.1154,-1191.4464,-3299.0723,-689.65314,-703.9656,-884.28644,-3682.0298,-1228.826,-1487.2656,-1091.7078
-1463.2972,-986.5954,-3223.2397,-770.67816,-612.6529,-1203.927,-4037.2703,-1777.021,-1423.0073,-1021.1347
-1797.2258,-1268.0438,-3342.286,-1038.0114,-756.61926,-1487.3153,-3697.8528,-1881.5361,-1251.5615,-1138.8953
-1441.3108,-1317.3297,-3310.689,-870.8565,-783.3608,-1262.5238,-3788.3284,-1945.0054,-1381.9215,-1203.7185
-1769.4696,-1082.9552,-3579.9202,-963.4951,-770.4711,-1433.2905,-4067.1157,-2127.2002,-1430.919,-1377.4825
-1707.8022,-969.6695,-3436.2952,-533.4312,-685.3322,-1379.3733,-3697.242,-2271.2012,-1021.8431,-1051.5603
-1887.917,-1099.9503,-3425.8262,-823.69257,-674.5497,-1653.114,-3786.7239,-2368.9546,-1135.88,-1235.6108
-2056.9465,-1109.9199,-3444.8328,-837.4349,-828.4467,-1674.9095,-3621.1912,-2246.4421,-1295.6619,-1300.5295
-1756.1652,-923.66046,-3360.801,-1070.7798,-662.56165,-1824.1699,-3831.06,-2540.5696,-1362.9061,-1270.0013
-1714.7168,-1000.246,-3394.9229,-820.6256,-617.1636,-1866.3057,-3474.8657,-2680.0774,-934.16547,-1230.8745
-1856.8534,-1071.2275,-3352.171,-753.6509,-718.5213,-1863.7499,-3460.1572,-2507.0305,-1032.3485,-1353.9222
-1822.3103,-962.2166,-3504.0413,-870.1262,-824.2499,-1843.467,-3672.6023,-2522.0847,-1291.2406,-1373.9937
-1454.8846,-128.42464,-920.1067,449.3805,343.94885,150.32765,-2819.1506,-1109.6163,-338.8168,21.950089
667.7366,139.3978,151.04787,954.89813,1082.5438,1375.7362,-2248.2468,2437.069,-623.06213,1444.7979
1441.0948,914.30035,596.39056,1281.0778,1889.5142,900.8863,-804.61707,4294.2534,-777.5196,2289.31
1757.402,1220.571,986.17773,1258.9601,2732.3655,1435.3196,-1302.6682,4551.836,-278.75967,2835.8167
2621.202,1004.1432,1473.7445,1934.1561,3325.179,2265.6416,61.618313,5247.6626,1330.6252,3765.454
3330.7166,2284.398,2336.929,1807.0364,4246.028,2680.0469,916.1909,5862.9565,2410.1946,4919.6772
4153.171,3299.1775,3126.45,2995.0266,4779.049,3988.353,2785.293,6260.613,3981.538,5655.092
4243.109,4589.844,3920.1426,4180.292,5000.494,4674.8135,3431.0098,6394.4287,3944.115,5831.344
4449.9043,4848.5107,4467.062,4831.4087,5053.3594,4945.926,2758.3115,6392.213,4305.7715,5866.2705
4423.2783,5012.9263,4602.3022,4896.759,5085.0444,5017.26,3003.0618,6432.9463,4202.8853,5869.119
4672.215,5095.865,4616.466,5104.311,5094.4785,5094.646,3777.8455,6397.287,3643.6807,5875.428
4763.221,5120.3647,4598.5825,5104.7085,5108.8643,5092.8154,4168.937,6415.535,3948.1836,5879.716
4792.22,5228.415,4703.165,5004.9067,5092.1753,5116.4043,4059.9763,6424.9136,3567.4998,5875.165
5255.8833,4885.0776,4721.0366,5214.981,5113.495,5120.8345,3563.9995,6296.1436,4625.6455,5883.0693
4928.199,4984.055,4743.4155,5172.268,5111.2036,5086.249,3896.7642,6380.1274,4398.9116,5879.1357
5066.2383,5098.5933,4671.2095,5170.417,5132.698,5100.809,4581.855,6398.1284,4235.588,5882.4023
5232.9307,5189.1636,4762.6694,5087.834,5117.0674,5115.8604,4535.5645,6392.42,4168.508,5881.3525
-1306.9373,549.8789,1706.7776,1512.2236,75.089,1855.4181,-3492.9084,-1812.3055,18.878574,-1368.2943
-1438.5168,1771.8367,2407.9443,1027.4781,635.25476,474.5613,-3407.4531,-1841.3232,-784.6051,-548.945
-931.34015,1023.8651,1874.8448,1302.3909,507.7153,973.3461,-3198.8213,-1310.085,-1191.863,-1227.858
-1401.2579,1407.6005,1582.7698,958.6766,169.10875,167.66481,-3417.313,-1054.1345,-1611.4752,-1112.0056
-1413.6482,997.0943,1399.7213,728.1252,131.46059,-1.4820184,-3645.7603,-1148.1543,-1546.5695,-1357.8026
-1449.2799,837.68823,1718.9526,851.7892,113.84103,-3.5456407,-3624.2986,-315.55942,-1265.2253,-1208.4785
-1756.4375,1123.7164,1261.4374,286.0182,-39.645073,-235.42851,-3390.7466,-353.96176,-2032.1428,-1481.4215
-1807.1271,1007.46576,1370.2465,469.7886,-47.443535,-44.048527,-3320.0906,-95.98968,-1696.8843,-1450.144
-1982.2013,1230.7883,1463.8539,-7.6249166,-145.21016,-201.73608,-4003.5698,-338.03506,-1372.9073,-1512.4984
-1765.6998,927.27136,1183.2423,126.676605,-73.25951,-558.55365,-3242.3755,-121.345795,-1768.934,-1691.509
-1848.3907,856.7024,1351.8383,-170.70206,-108.16594,-492.13922,-3331.6426,303.27054,-2000.0466,-1649.3794
-1972.3816,684.7002,1830.527,140.36395,-190.82164,-214.62039,-3748.6895,461.63208,-1486.3915,-1641.5144
-2274.416,1329.618,2140.2275,110.14647,-133.84987,-468.1579,-4001.984,-619.0722,-1443.0891,-1979.7747
-1678.2946,1052.6074,2096.3909,169.42389,73.25937,-189.78375,-3488.0896,-413.8825,-1721.9166,-1811.0563
-1909.8534,1032.2976,2179.9854,241.92554,-326.3046,95.338486,-3737.3035,-365.13345,-1659.0134,-2169.4395
-1700.8271,939.7532,1887.4103,86.22648,-271.08337,-171.26283,-3394.577,129.54843,-2169.0508,-2128.5828
-2161.0518,845.9189,1864.0032,-123.719284,-473.62665,-343.28647,-3862.3787,-12.799277,-1692.8562,-2302.9363
-3059.748,-1177.1788,-1918.6992,-1381.3596,-7.130102,-944.7516,-3308.5093,-1068.3939,-3083.0735,-848.98596
-332.18198,-1019.25806,-1733.9575,-376.23514,-401.00574,155.59033,-2885.1572,-153.85912,-1684.5184,-272.13626
-136.6625,-959.92316,-2066.3838,116.426056,-273.54092,410.3593,-3243.4165,982.7084,-1700.317,198.94005
570.2398,-53.226147,-1684.5951,535.12964,710.6869,684.67413,-2644.7183,2056.2634,-262.5858,1088.5695
638.3453,-223.98878,-1968.4827,-127.20363,900.2726,80.48598,-2784.037,1663.3999,-83.908226,1118.0968
618.2728,-231.11967,-1860.7098,221.06683,1174.9801,565.73376,-3117.7122,1623.3397,444.6875,1364.5171
1000.4936,854.9851,-1494.5092,142.54521,1674.9434,715.9859,-2687.619,2293.7534,1357.55,1793.4287
1456.1685,678.1638,-1352.3225,-80.635895,1944.0404,647.58636,-1975.2942,2581.3557,2081.072,2004.4716
1202.5709,622.6985,-1611.0334,-203.6691,1937.8679,347.5394,-1958.7694,2235.6973,1652.2112,2014.04
975.3761,470.81992,-1839.6798,105.406685,1680.6616,920.1647,-2223.7124,1891.5387,1110.6221,1760.1587
345.88312,652.91644,-2386.4875,-135.01671,1031.0107,215.64769,-2455.8086,833.13025,680.94037,1072.4601
274.2368,-133.66592,-2974.43,-555.82947,585.3446,180.41127,-2970.619,-172.76357,103.518234,638.37695
-221.86499,189.57314,-3007.3818,-109.38048,339.58603,30.211723,-2830.5454,-605.64575,252.83188,539.47754
-381.8096,58.72079,-2900.035,-491.01654,206.01328,-467.95886,-2856.2222,-750.9522,111.4385,193.56906
-295.96838,45.840298,-3071.67,-357.62204,121.23313,-353.8306,-2937.282,-935.9262,89.73587,1.7426151
-675.96136,-75.35828,-3094.5608,-209.52203,-140.99796,-537.47437,-2927.501,-1391.657,20.523573,15.475967
-849.37524,-149.35013,-3253.4602,-405.1398,-129.84554,-633.80023,-3189.994,-1408.1471,-309.91373,-339.9721
-2060.4717,1316.3041,-871.43634,-211.24081,813.6757,-96.07666,-2728.8677,549.22186,-1625.3522,-169.23726
-833.1018,1052.2155,-488.92123,801.46124,689.14764,700.03436,-1437.7982,1697.5769,-1309.7102,714.6751
16.569935,698.4714,-658.5768,169.02759,897.9285,-71.03241,-1414.885,2273.9731,-1864.058,719.37573
-186.33463,335.299,-1215.0143,-193.6561,609.0009,-437.3214,-2190.6313,1531.7891,-1532.0243,647.79114
-81.2043,-374.03574,-1741.8351,142.1567,464.64984,432.77887,-2399.7747,1310.4275,-1175.6866,446.23465
-496.94717,-201.88643,-1727.4813,266.04938,262.45297,214.37628,-2714.915,921.0012,-1161.6829,524.9061
-308.25287,-62.64994,-1963.5195,16.689842,530.1324,18.47756,-2925.2073,1008.02954,-943.8139,333.51743
-169.66245,-342.9611,-2149.4954,284.67908,405.67993,448.30035,-2935.5847,212.40869,-468.27524,423.2802
-486.7904,-23.628437,-2658.2815,6.0815673,199.27806,-24.865788,-3162.6177,-294.24307,-513.88336,51.447266
-625.6154,-242.30347,-2929.5342,-250.54381,134.79016,-302.85037,-3417.0142,-1214.6958,-514.3365,-70.352615
-793.41833,-819.3381,-3351.4463,-633.74945,-182.15971,-636.8302,-3425.6936,-1346.502,-588.55414,-513.1056
-840.0603,-621.62683,-3222.83,-434.1734,-333.77872,-801.41376,-3879.9233,-1783.1056,-832.6326,-552.6392
-785.23,-756.2992,-3523.4395,-426.95477,-160.41847,-639.0454,-3759.2734,-2086.7463,-621.3059,-714.56055
-1230.467,-944.8893,-3345.2097,-710.93616,-378.34424,-1144.3112,-4127.527,-2235.367,-871.1447,-814.78186
-1282.6982,-806.3827,-3370.8064,-963.7802,-362.1292,-1303.6466,-3901.0857,-2022.1906,-894.75696,-849.43054
-978.9696,-983.13306,-3491.9253,-1033.3113,-296.13333,-1302.2751,-4139.9326,-2300.5735,-1072.6013,-931.5955
-1153.4741,-969.2633,-3599.2065,-975.8365,-429.45004,-1355.2488,-3821.6162,-2363.5056,-686.4653,-1012.58496
-5916.777,-4358.6333,-197.92224,-5151.615,-2382.1646,-4799.258,-6113.0635,-1962.5873,-6185.1616,-3529.8872
-4627.12,-4933.054,-2249.824,-5459.4062,-1933.983,-5073.4194,-7437.778,-3993.5735,-6460.666,-2785.7507
-5370.903,-5215.0176,-3182.8289,-5389.6616,-2380.0715,-5034.0923,-7248.841,-3892.966,-6140.141,-3087.9604
-4794.7764,-5137.374,-3294.4587,-5223.742,-2797.445,-4872.11,-7344.3936,-3781.733,-6214.0073,-2769.7556
-5314.0923,-4819.399,-3793.453,-5107.5747,-2704.581,-4661.1187,-7031.5107,-3445.5933,-6396.7837,-2803.8604
-5181.429,-4348.127,-3660.0325,-4262.4097,-2608.8333,-4263.263,-6509.1807,-2810.6584,-6183.625,-2886.1042
-5188.1475,-3810.9497,-4055.437,-3995.0889,-2562.9631,-3846.7415,-6179.5986,-2687.1724,-5927.278,-2849.7788
-5139.8853,-3645.7842,-3955.2532,-3594.7944,-2598.5173,-3578.9646,-5799.0024,-2481.684,-5482.655,-2969.5933
-5035.9087,-3327.7637,-3814.1516,-3232.0964,-2489.3813,-3454.3862,-5368.2144,-2271.4287,-5286.269,-2949.3735
-4860.0146,-2707.441,-3717.4348,-2498.9573,-2302.0234,-3142.1702,-5551.521,-2694.5173,-5121.918,-2656.5051
-4931.91,-2483.155,-3913.8062,-2318.1274,-2216.6199,-2943.7932,-4928.115,-2191.0493,-4604.4883,-2782.695
-4527.049,-2298.9705,-3994.4517,-2079.6968,-2139.0273,-2481.9656,-5619.7075,-2896.9841,-4482.4307,-2453.1287
-4423.1675,-1814.281,-3906.6323,-1301.3993,-1841.4847,-2323.8784,-4919.6357,-2540.5615,-3866.0125,-2327.5938
-4290.13,-1772.3503,-3714.2551,-1577.193,-1696.3975,-2464.7507,-4612.021,-2518.226,-3661.1284,-2242.8713
-3741.5989,-1620.1726,-3799.712,-1022.5639,-1735.9962,-1893.4064,-4619.526,-2300.0764,-3204.2776,-2213.744
-3667.3142,-1344.6124,-3615.5735,-1299.9233,-1501.251,-2308.0828,-4223.4517,-2353.7341,-2806.786,-2235.812
-3345.2666,-1517.4198,-3583.5793,-1201.1185,-1567.7256,-1875.4614,-4236.0884,-2588.8599,-2532.2844,-2108.3582
-4991.59,-3063.4517,-2141.6182,-3983.7734,-1157.5624,-3895.617,-3388.4194,-2393.0422,-4652.3164,-1696.4031
-2036.2289,-3322.3525,-3144.886,-4370.03,-1817.0212,-3367.8184,-4062.6177,-2373.301,-3139.395,-1645.6444
-3038.0437,-3269.6665,-3334.372,-3757.9106,-1973.0057,-3399.3188,-5408.728,-2763.954,-4194.6997,-1683.7372
-3550.3928,-3281.661,-3574.8853,-3590.2727,-1861.0476,-3603.903,-5253.3857,-2531.9905,-4199.868,-2088.071
-3632.7676,-2847.7114,-3701.134,-2834.4734,-1831.3734,-3112.065,-5413.9604,-2841.3809,-3977.6462,-2275.7815
-3712.1636,-2404.2214,-3705.2693,-2560.3835,-1614.1106,-3021.1516,-5088.5703,-2652.318,-3589.927,-2328.499
-3791.8782,-2255.992,-3818.3223,-2421.0037,-1480.9265,-2872.5034,-5213.3306,-2826.5151,-3272.9097,-2388.1677
-3583.1182,-2091.241,-3768.9111,-2201.216,-1386.428,-2881.4988,-4893.2676,-2792.6199,-3073.6018,-2400.8599
-3656.559,-2025.0558,-3767.944,-2100.0916,-1337.7557,-2993.762,-4517.6216,-2697.6938,-2525.9304,-2402.926
-3522.6772,-2180.8435,-3748.8616,-2419.171,-1244.976,-3112.496,-4827.9253,-2981.505,-2869.3357,-2336.403
-3405.1467,-1968.6321,-3707.4397,-2012.6641,-1267.805,-2998.4336,-4114.6777,-2643.1191,-2454.2651,-2127.6855
-3303.8032,-1802.6831,-3603.208,-1693.7848,-1436.2148,-2911.479,-4438.943,-2912.8096,-2701.2898,-2191.6382
-3460.1665,-1791.1676,-3464.6382,-1847.176,-1241.6736,-3320.5535,-3549.0454,-2651.1436,-2309.225,-2148.1155
-2969.958,-1723.024,-3716.297,-1693.2489,-1482.6586,-2311.4546,-4807.2944,-2979.385,-2336.827,-2235.9097
-3047.1345,-1391.2625,-3643.1794,-598.7146,-1227.5658,-2055.1475,-3417.7458,-2490.815,-1755.584,-1946.2476
-2905.9683,-1100.3427,-3623.08,-1268.2776,-1017.32,-2525.4102,-3921.5884,-2694.9714,-2114.7004,-1904.7609
-2950.3696,-1398.7931,-3723.6753,-1140.9406,-1139.304,-2402.2437,-4318.466,-3043.5522,-2072.3845,-2000.6962
-895.0947,337.02206,-1690.8037,548.29645,665.7939,1336.7949,-3196.2417,-674.80426,-46.154568,617.19324
366.43417,1362.111,-782.9847,933.84863,1162.3021,1382.9045,-1292.7827,2330.1555,76.44434,1548.8342
602.97815,1125.0125,-1662.2262,298.66827,1095.7736,546.3328,-2253.1633,2331.6787,-495.24496,1530.3228
1037.3156,822.0029,-1882.9672,31.745977,1325.515,392.619,-1738.0032,2077.2566,-119.79809,1976.4767
885.20844,1057.7772,-1668.836,561.89453,1568.9639,470.1328,-1886.9849,2206.456,345.22958,1934.3866
1036.5668,1315.0117,-1428.5277,453.67346,1876.7318,503.41122,-1954.1404,2301.4248,1133.8268,2096.74
789.5805,991.56573,-2184.9197,372.10483,1368.565,525.11884,-1938.1349,1168.6549,772.9393,1605.218
1017.54193,834.6418,-1981.8871,-204.7831,1397.2296,187.73729,-2077.8286,1485.1644,1349.2062,1879.4742
1007.3558,989.699,-1593.2684,791.64734,1488.8748,612.287,-1515.3691,1935.6127,1002.49347,1723.4187
974.81775,1375.8483,-1680.931,275.73544,1795.8297,580.81506,-2164.2708,2102.1912,958.7533,2007.3591
980.5203,1453.6383,-1382.1428,962.21185,1990.3793,1054.0983,-2073.7732,1798.8588,1366.7308,2447.6648
1059.8384,1619.4362,-1667.1517,433.69833,2027.6262,1017.5516,-1764.5128,1826.3522,1496.6179,2206.7312
720.85803,670.0298,-2025.4596,601.4987,1623.156,943.4542,-2252.081,1085.0547,982.45074,1877.277
441.26013,1083.4855,-2077.4714,687.6221,1099.8431,975.4451,-2231.4636,913.07837,1004.93524,1791.0012
434.019,955.3525,-2175.089,567.24756,985.5505,834.1931,-2161.7278,962.4377,694.182,1572.8103
376.272,561.3287,-2436.8188,284.6384,870.5201,327.70532,-1963.0088,797.5943,331.9483,1033.0096
-231.7152,662.9585,-2876.6091,-216.31752,581.79144,79.546776,-2874.9626,-564.70496,-41.435413,668.6195
-5120.4673,-3566.9312,-2367.2153,-4429.3403,-1348.6338,-4155.111,-3561.2825,-2899.975,-5264.402,-1760.5372
-3566.1714,-3840.9255,-3221.6714,-4998.868,-1859.0276,-4392.4946,-5047.71,-3277.6401,-4360.0547,-2131.2546
-4035.4187,-4284.1104,-3401.9375,-4518.018,-2258.3406,-4246.6016,-5699.849,-3298.7632,-4721.8574,-2495.3816
-4285.6187,-3879.3818,-3761.0295,-4360.764,-2157.7686,-4162.076,-5466.7275,-2754.0344,-4856.0923,-2750.478
-4477.5015,-3989.5847,-3765.2607,-4159.5615,-2420.534,-4078.2375,-5994.5337,-3074.9934,-5085.6343,-2683.65
-4592.225,-3657.32,-3921.6245,-3766.39,-2285.3884,-3870.8367,-5731.0063,-2775.5552,-5026.665,-2736.5715
-4784.8765,-3412.3525,-3964.188,-3606.9429,-2199.255,-3857.8462,-5324.073,-2616.2224,-4904.652,-2669.2227
-4756.762,-3290.8438,-3952.917,-3547.841,-2238.5586,-3698.2659,-5444.3726,-2619.004,-4886.696,-2761.5732
-4754.1694,-3004.0483,-3859.3577,-2714.669,-2306.3513,-3365.1995,-5345.514,-2698.5864,-4736.924,-2731.0398
-4635.3916,-2844.3157,-3857.739,-2721.655,-2081.3103,-3445.9421,-4723.5713,-2635.8958,-4331.799,-2716.0535
-4529.161,-2522.3206,-3684.718,-2223.9768,-2046.2957,-3286.5479,-4764.4414,-2383.579,-4247.075,-2676.3308
-4386.7583,-2339.7202,-3802.56,-1920.2681,-2001.537,-2780.9036,-5208.761,-2763.7568,-4160.2427,-2551.1465
-4097.507,-2097.2625,-3893.783,-1120.4954,-1812.7247,-2217.251,-5166.599,-2889.622,-3449.8767,-2344.865
-3946.6543,-1672.4863,-3715.794,-651.5123,-1653.1097,-2201.862,-4239.218,-2484.9124,-3263.9238,-2364.9055
-3604.291,-1811.843,-3843.42,-1137.1726,-1577.0333,-2108.401,-4785.4336,-2957.0884,-3172.554,-2194.8188
-3758.0735,-1624.0938,-3621.8677,-1052.6409,-1426.1759,-2347.978,-4169.7534,-2583.2466,-2825.5984,-2160.297
-3432.5496,-1714.0881,-3673.097,-1469.2833,-1469.9131,-2419.8896,-4161.556,-2593.3552,-2842.936,-2143.2058
-5375.4136,-2678.4668,-2059.856,-4233.026,-907.89453,-4425.5645,-2834.2295,-1519.3026,-4945.1206,-1344.3613
-3820.0662,-4264.7007,-3024.19,-4938.042,-1685.8881,-4415.781,-4887.6357,-2899.519,-4426.672,-2109.5188
-4394.2725,-4572.8096,-3344.32,-4902.409,-2272.64,-4618.108,-5869.7993,-3004.603,-4997.248,-2642.9944
-4405.134,-4364.35,-3584.5037,-4652.004,-2411.7295,-4357.312,-6015.6343,-3158.1985,-5594.3877,-2564.749
-4493.5947,-3830.5752,-3845.2524,-3982.6992,-2480.1167,-3954.591,-5782.682,-2655.1597,-5355.3145,-2680.327
-4407.4297,-3561.4353,-3789.3315,-3336.2131,-2470.323,-3393.938,-5505.964,-2623.0286,-4946.043,-2549.4744
-4325.3022,-3043.017,-3645.066,-2725.1926,-2194.8108,-3224.7312,-4962.7256,-2101.794,-4754.5376,-2328.8848
-4399.666,-2486.5159,-3424.2495,-2564.9707,-2005.1017,-3108.3923,-4571.39,-1774.376,-4531.0806,-2636.5366
-4172.0884,-2335.8425,-3504.008,-1920.5574,-2023.6108,-2640.2322,-4808.1562,-2157.1123,-4141.8765,-2462.4304
-4179.593,-1917.6866,-3701.7249,-1766.2988,-1968.451,-2543.3723,-5034.5405,-2316.2053,-4022.1584,-2449.8416
-4109.5684,-1951.6661,-3741.3152,-1860.5289,-1865.9568,-2468.7522,-4555.377,-2477.2761,-3379.8176,-2253.2908
-3782.6401,-1720.0533,-3796.525,-1091.1245,-1834.377,-1778.1838,-4862.1343,-2419.4753,-3459.4011,-2327.35
-3628.2622,-1412.0726,-3683.074,-1118.1168,-1539.8134,-2124.713,-4154.9585,-2557.1875,-3066.534,-2116.5803
-3328.023,-1629.0842,-3776.745,-880.2941,-1374.0336,-1617.7245,-4470.35,-2824.6084,-2543.7075,-2091.0066
-3360.8528,-1504.4514,-3314.437,-1133.6661,-1455.8452,-2318.552,-4084.6428,-2465.099,-2253.2205,-2117.2668
-3271.7156,-1341.0052,-3910.879,-1431.426,-1588.2839,-1663.1556,-4923.1353,-2774.626,-2733.6316,-2054.969
-3289.4946,-1509.5873,-3745.9922,-1069.6318,-1243.4025,-2129.915,-4228.069,-2617.2722,-2467.8267,-1890.6805
-1335.5372,-1130.9529,655.11255,1853.1355,179.95612,2334.2446,-4360.3594,-3093.816,-540.135,-469.7599
-361.50223,-62.16719,1034.9243,1395.717,592.5573,1239.6901,-3686.241,-275.50543,-648.76086,313.27182
-360.10596,1266.2429,1635.4965,722.4874,906.4018,782.2761,-3858.394,780.4285,-341.1004,31.997318
-773.88104,2043.0553,1951.8325,789.6656,1000.1093,125.59252,-3521.3723,-247.72617,-532.34955,21.871191
-1216.3298,1711.5057,2243.3162,997.72156,781.62,345.25076,-3215.4841,-777.49255,-1230.726,-1239.5155
-943.345,1326.3223,2507.8562,458.45056,460.1372,269.33414,-4114.836,-1490.7266,-321.94925,-1157.3788
-847.8197,1285.5203,2745.3892,992.0603,504.40826,341.53577,-3813.588,-1826.522,-66.784744,-1031.1134
-1383.7631,1571.8927,2299.5005,742.4002,436.48672,-321.49777,-3947.5793,-1313.8335,-356.08517,-1592.6675
-1374.1766,1383.2795,2135.065,1013.54474,301.23422,164.19446,-3864.2156,-891.9552,-428.2201,-1044.842
-1269.7291,1327.4032,2271.9526,917.01544,388.3434,148.24092,-3671.3408,-842.6,-826.47925,-1346.2448
-1473.4984,1139.8827,2144.3762,588.518,174.38206,85.19734,-4147.179,-345.67786,-1007.33417,-1269.72
-1549.6761,1314.204,1800.9163,496.50827,79.65471,118.959854,-3537.8657,-182.8057,-1473.0709,-1486.6064
-1615.4055,1172.2942,1915.4991,284.24603,172.7842,-229.13988,-3574.0735,-86.80524,-1584.6594,-1513.0531
-1724.6292,896.5257,1315.4658,-192.99324,14.695123,-146.34636,-3775.248,-118.15654,-1205.3174,-1461.3474
-1678.845,1121.2955,1533.0483,185.45995,113.65713,-166.60474,-3635.9368,155.65996,-1104.3477,-1319.5731
-1736.8131,1187.1007,1509.2312,-33.900604,-3.6250038,-529.2882,-3540.317,-74.09459,-1374.134,-1632.1135
-1478.9723,584.6323,1486.0685,94.341805,37.1862,-46.38409,-3586.4172,368.01566,-1447.6323,-1514.9749
-4779.8975,-2462.7324,-759.95325,-4257.7676,-1107.022,-4203.458,-2291.74,-1604.2296,-4733.6343,-1658.1934
-3247.7175,-4043.7463,-2490.0376,-4908.7197,-1735.8724,-4215.557,-5056.2295,-2890.962,-4436.116,-1902.2832
-4021.6445,-4221.3164,-3184.0303,-4487.8315,-2269.0564,-4164.5977,-5867.0254,-2867.6252,-4712.1465,-2563.7832
-4047.4597,-3964.0408,-3660.2434,-4422.668,-2343.483,-3981.1538,-6135.7017,-2942.5771,-5041.3438,-2326.671
-4048.8184,-3280.3967,-3845.9905,-3464.0208,-2223.9558,-3319.5706,-5870.6724,-2671.5383,-4699.492,-2474.127
-4109.215,-2974.2095,-3937.2192,-3032.8105,-1966.662,-3101.934,-5694.631,-2739.6975,-4725.2217,-2286.3298
-3871.9688,-2624.3958,-3955.2668,-2422.1497,-1848.9891,-2471.0627,-5542.705,-2803.727,-3990.6333,-2310.7126
-3718.848,-2282.18,-3906.7039,-1704.9542,-1592.8536,-2262.9463,-5069.7188,-2660.0586,-3517.8372,-2291.1096
-3742.2285,-1937.3217,-3661.8767,-1520.5927,-1414.7295,-2393.7798,-4303.1655,-2582.7898,-3018.3098,-1973.8276
-3467.4236,-1863.1361,-3690.7761,-1488.0261,-1534.9464,-2224.896,-4698.036,-2718.16,-3095.3457,-2189.6824
-3529.0044,-1521.6768,-3708.7246,-1058.3882,-1458.917,-2018.3315,-4260.792,-2736.3752,-2687.929,-2094.066
-3154.0872,-1588.4103,-3868.094,-1072.9,-1312.9562,-1840.5255,-4997.6885,-3129.0156,-2647.7944,-2048.219
-3492.6738,-1425.3281,-3753.433,-915.637,-1224.7303,-1927.002,-4845.618,-3047.4385,-2697.4785,-1914.6536
-3069.027,-1328.5902,-3812.0908,-985.28546,-1087.7557,-1887.9429,-4332.128,-2919.5076,-2116.599,-1863.5542
-2742.4087,-1396.3795,-3773.3264,-847.5901,-1089.118,-1684.7471,-4593.4414,-3112.336,-1740.4015,-1790.2932
-2924.2358,-1284.1583,-3684.7957,-559.22675,-1089.443,-1797.5331,-4184.1763,-2812.276,-1811.5413,-1850.3625
-2768.4346,-1113.0742,-3622.2024,-1110.8898,-955.7386,-2147.0664,-4181.5923,-2829.9724,-1997.5892,-1880.2913
-4057.8545,-3058.2793,-3056.819,-2860.7964,-817.9164,-2551.9802,-3537.6047,-2059.3145,-4315.279,-1046.7899
-3410.639,-2666.0396,-3156.1875,-3624.8599,-1282.7861,-3095.0762,-4779.3975,-1820.6295,-3344.3945,-1291.6329
-2917.6863,-2375.2083,-3350.4375,-2519.339,-1370.463,-2747.8455,-4873.581,-1926.9094,-3525.546,-1709.0482
-3071.0754,-1886.8921,-3665.2139,-2454.7822,-1181.9418,-2506.2246,-4852.313,-2125.7908,-3147.814,-1615.5007
-2834.6782,-2075.6406,-3757.3103,-1958.0916,-1161.5139,-2524.063,-4009.1062,-2100.8047,-2380.7747,-1747.4893
-2790.702,-1744.1107,-3451.797,-1988.7281,-1080.529,-2698.6526,-4000.3354,-2065.8364,-2565.3867,-1751.0797
-2368.868,-1580.6895,-3532.5835,-1284.2108,-1174.825,-1868.7379,-4254.9688,-2399.7383,-2080.4404,-1831.595
-2563.8562,-1422.996,-3249.6787,-1241.1776,-917.8346,-2163.2705,-3693.8325,-2240.4282,-1950.5707,-1413.9186
-2634.6382,-1499.0767,-3192.2092,-1437.2064,-1061.1317,-2469.196,-3812.0425,-2327.6658,-1927.7559,-1674.6414
-2462.1306,-1207.8705,-3419.2341,-1194.1349,-1053.4727,-2017.8417,-3773.5955,-2198.827,-1806.672,-1698.1663
-2386.0938,-956.72894,-3408.146,-595.6235,-955.3031,-2042.8112,-3280.9814,-2340.3071,-1630.8484,-1456.3324
-2376.835,-977.3078,-3643.2117,-1166.3154,-907.4399,-2046.7388,-3989.912,-2468.8743,-1857.9493,-1691.6469
-2267.321,-1136.9421,-3756.3115,-1345.1957,-907.44666,-2093.6738,-4207.355,-2868.0266,-1550.4993,-1609.5989
-2271.5178,-1187.6375,-3814.47,-1316.326,-853.92865,-2057.8452,-3716.6548,-2850.4438,-1136.1484,-1557.1465
-2247.181,-1074.002,-3546.2234,-1062.0071,-725.5111,-2253.9336,-3787.4436,-2806.19,-973.0846,-1608.2511
-1995.3813,-1322.1659,-3621.1707,-1238.3591,-874.91156,-1917.6522,-4065.3289,-2885.4343,-958.6732,-1517.0038
-2163.0518,-918.1893,-3384.2979,-402.96796,-694.9024,-1993.9454,-3322.1123,-2414.282,-1113.6967,-1513.7439
-5509.108,-3493.313,-1620.6488,-4523.181,-1753.4181,-4494.7964,-3218.9233,-2238.8271,-5656.04,-2026.7295
-3457.266,-4481.9165,-3247.4207,-5270.222,-1878.9912,-4679.2456,-6101.43,-3911.9001,-5013.3687,-2074.326
-4364.941,-4855.0405,-3368.2715,-5061.9756,-2423.3257,-4761.8203,-6181.1855,-3633.1724,-5225.561,-2539.839
-4692.5874,-4781.392,-3651.822,-4991.344,-2593.4043,-4676.677,-6424.8994,-3260.0894,-5871.8594,-2860.15
-4700.229,-4361.638,-3698.3625,-4530.3877,-2574.2742,-4350.5513,-6633.192,-3100.9133,-6017.6562,-2534.98
-4895.261,-4061.0437,-3979.479,-4238.05,-2436.8604,-4133.555,-6122.6772,-2775.482,-5750.1597,-2689.5173
-4980.6807,-3802.0862,-3993.1707,-3965.2546,-2403.77,-4074.539,-5948.6475,-2549.4915,-5749.998,-2795.5242
-5105.0103,-3504.144,-3869.8677,-3714.09,-2372.6084,-3958.0647,-5484.0,-2424.1057,-5305.0356,-3008.3816
-4982.2876,-3195.924,-3946.3796,-3679.528,-2326.8516,-3915.2756,-5415.762,-2447.2017,-5361.7886,-2786.5007
-4787.17,-2966.444,-3937.5403,-2772.6318,-2316.2402,-3168.445,-5438.816,-2668.1748,-4968.2266,-2716.079
-4797.599,-2583.277,-3887.281,-2679.5076,-2071.6094,-3479.0042,-4874.644,-2412.9934,-4782.6196,-2532.5166
-4420.3516,-2498.114,-3814.998,-2238.468,-2132.79,-2839.2253,-5275.8022,-2590.999,-4454.445,-2518.3323
-4486.6206,-2178.0786,-3975.7563,-1985.8767,-2108.3596,-2667.8005,-5262.1133,-2577.7048,-4530.963,-2334.3145
-4219.785,-1900.4697,-3882.518,-1343.8866,-1824.029,-2340.2864,-4401.6177,-2450.991,-3672.9155,-2190.1294
-4053.5366,-1860.9517,-3701.2583,-1275.3755,-1824.384,-2340.2578,-4337.286,-2278.4717,-3469.0466,-2295.3108
-3865.703,-1696.9598,-3624.1047,-1220.2816,-1721.6852,-2316.4304,-4511.3027,-2636.085,-3278.6733,-2185.1538
-3660.3525,-1645.7975,-3655.4263,-1210.064,-1663.8038,-2156.9792,-4529.9844,-2687.9102,-3175.6445,-2257.034
-3506.6907,-2159.823,-1136.4773,-2483.874,-598.26086,-2293.26,-2706.5813,-1536.1887,-3463.0818,-1381.1144
254.6886,-2012.0502,267.71237,-457.71936,-374.1582,817.5943,-2381.9849,1130.5269,-1314.0277,-924.24176
-223.08081,-943.2677,-468.5577,-97.19892,650.7467,231.5374,-2483.662,2902.4565,-1851.2828,183.80925
-172.91438,-252.69525,-695.6017,-169.85307,1005.13043,133.84332,-2346.5781,2853.6128,-1467.6125,606.55225
-780.14197,-664.1285,-1627.6906,-302.96335,559.2676,-189.80586,-2810.3162,1621.6307,-1525.6796,-35.66933
-963.89636,-1183.7239,-2204.9983,-730.89575,145.25256,-682.3041,-3455.109,390.40164,-1400.6908,-504.31918
-975.0606,-636.0007,-2601.3003,-483.78323,54.766617,-423.37936,-3492.7632,-306.5903,-897.8269,-473.1145
-1313.3577,-993.40155,-3040.0066,-554.6207,-403.19763,-753.7908,-3598.4126,-1545.8892,-1338.3774,-817.21954
-1504.7892,-1375.6533,-3314.5405,-1036.7052,-568.6971,-1177.1185,-3587.7908,-1734.0852,-1362.5048,-975.19446
-1671.8364,-1184.1976,-3303.8706,-768.87604,-665.7513,-1425.7858,-4023.4092,-2098.4087,-1349.3077,-1246.6492
-1892.3217,-1203.2721,-3586.0413,-1074.8054,-683.2978,-1539.8018,-3792.383,-2132.264,-1263.1233,-1298.0051
-1851.9679,-1173.222,-3277.9001,-843.29156,-820.1615,-1535.2119,-3361.874,-2093.2039,-1005.4803,-1316.4236
-1748.2496,-979.88947,-3361.5386,-725.0538,-802.64343,-1516.4373,-3368.798,-2070.8928,-1334.0039,-1380.6222
-1962.1951,-1260.7634,-3717.4175,-931.01337,-831.27734,-1497.87,-4436.6416,-2738.02,-1567.3959,-1450.1119
-2148.2065,-1385.904,-3486.9724,-806.33234,-761.10144,-1930.6855,-3505.457,-2545.895,-1316.1104,-1378.6177
-2105.3699,-1179.9191,-3555.205,-1077.8958,-821.8108,-1859.4487,-3816.5059,-2425.2686,-1400.646,-1512.4231
-1877.395,-1195.6985,-3506.0054,-1087.373,-808.9931,-1892.7162,-3798.766,-2695.4468,-1262.1368,-1356.1549
-580.20135,1751.4852,1002.809,1328.217,1136.9858,950.2944,-2242.7266,-579.7183,757.4968,15.218588
234.8313,1479.0608,3378.4038,1694.4868,1563.4922,1093.2322,-3584.7534,-1463.2775,1388.6024,751.15753
-403.4658,1499.0782,2904.916,1567.706,1137.9489,913.04517,-3769.831,-1528.659,503.08145,-306.06656
-255.3767,727.80865,3089.431,1737.2506,868.50415,700.3868,-3769.2463,-2278.73,304.18283,-543.8077
-212.25208,563.8603,3079.3186,1567.1068,721.0155,563.97644,-4616.7427,-2737.5159,824.46045,-889.7141
-732.8366,835.92773,2792.983,1559.8876,449.0265,690.38403,-4326.347,-2079.6418,69.86269,-1220.024
-1056.5358,686.53406,2723.2305,1406.1626,428.4955,327.19705,-4362.005,-1970.8209,27.713455,-1275.1201
-1183.3746,824.63794,2603.223,1209.076,321.0254,610.52264,-4444.762,-1316.323,-154.58705,-1101.2843
-1296.7695,1018.32904,2432.9365,1226.2703,265.91837,555.16705,-3815.808,-1012.61584,-726.3527,-1212.2146
-1492.5474,910.25867,2734.6995,692.51587,53.305046,206.27084,-4647.0063,-1282.6515,-56.941544,-1622.1167
-1663.6122,1053.0087,2529.8127,885.2384,179.05263,331.17725,-4108.529,-595.0005,-583.876,-1358.3743
-1858.7642,977.9311,2027.0432,518.0032,-130.66122,349.38174,-3790.6487,-173.41086,-1457.617,-1604.082
-1789.6765,1085.4978,2210.853,391.1966,-59.331463,128.0218,-4007.5718,-452.08533,-1617.8053,-1735.9648
-1937.8143,798.35144,1870.6624,233.54158,-58.309444,253.87994,-4165.732,-119.66228,-1214.2671,-1582.5579
-2268.0054,796.31604,1554.3553,-51.776783,-317.8485,-409.9313,-4123.7207,-229.21709,-1596.3577,-1687.6543
-1814.9028,350.12378,1575.4303,-42.87697,-128.22449,215.92442,-4089.581,319.77856,-1757.6257,-1551.0687
-2082.9893,803.5821,1226.1726,125.30837,-199.37302,21.366192,-3657.8962,39.602158,-1318.908,-1336.6548
-6008.8433,-3845.4062,-1718.7871,-5240.7656,-1889.3982,-4601.2075,-4941.075,-1513.1045,-6559.4307,-3720.67
-4836.215,-5263.191,-2384.8035,-5468.3257,-2166.2087,-5109.637,-7125.2964,-4149.1855,-6107.3853,-3466.939
-5082.279,-5341.8325,-3103.9622,-5389.1953,-2634.6863,-5088.072,-7358.71,-4374.86,-6358.83,-2997.3677
-5167.873,-5126.3413,-3221.1208,-5270.6606,-2715.4062,-5003.4033,-7321.038,-3779.6028,-6377.7793,-2955.1353
-5061.4404,-4795.92,-3842.4443,-5061.125,-2883.9163,-4730.646,-7034.202,-3563.0503,-6216.701,-2622.125
-5330.745,-4499.724,-3961.9375,-4760.326,-2815.66,-4469.575,-6455.005,-2998.3928,-6263.9785,-2752.8538
-5030.9727,-4061.1372,-3911.2996,-4065.0444,-2736.0288,-4073.1365,-6256.8066,-2739.02,-6051.9497,-2688.5593
-5013.304,-3497.8171,-3963.2307,-3612.776,-2656.9292,-3580.1008,-6026.8203,-2549.9536,-6037.252,-2579.0051
-4884.5625,-2968.6306,-4012.0803,-2628.2593,-2643.5764,-2808.6746,-6044.898,-2712.2126,-5681.357,-2340.1565
-4857.596,-2658.606,-4155.1895,-2195.4585,-2296.755,-2563.7488,-5630.6724,-2665.5042,-5158.5884,-2369.6165
-4882.201,-2437.1765,-3946.4465,-2576.0903,-2124.1428,-2913.305,-5376.1226,-2246.6167,-4800.019,-2433.9773
-4610.3857,-2148.86,-3686.6697,-2100.9214,-1998.026,-2611.7676,-5277.4487,-2240.969,-4382.839,-2482.325
-4358.702,-2155.6633,-3828.3145,-1727.9304,-1939.8055,-2143.6917,-5019.394,-2274.6833,-3884.5142,-2481.3535
-4114.318,-1671.5768,-3732.4646,-875.4616,-1925.217,-1715.0966,-4774.3564,-2231.0159,-3664.1199,-2310.9648
-3852.1597,-1258.6573,-3589.199,-556.82874,-1625.2855,-1809.4645,-4167.749,-2250.9465,-3169.531,-2167.464
-3468.1135,-1545.3246,-3735.8943,-1306.6133,-1568.4675,-1953.4504,-4512.3174,-2476.5437,-3001.486,-2014.0796
-3363.568,-1742.0328,-3742.8965,-698.93854,-1477.8344,-1546.4918,-4555.345,-2630.979,-2590.9263,-1894.753
-4846.762,-2912.5845,-1341.7028,-3928.4573,-838.448,-4106.695,-3122.1821,-1810.581,-4442.3403,-1441.9144
-3399.4617,-3880.4028,-2709.7332,-4789.916,-1551.0463,-4114.2407,-5066.962,-2527.5886,-4537.134,-1865.493
-3577.2976,-3830.9634,-3273.913,-4334.2065,-2083.4846,-3806.6682,-6070.655,-2811.7468,-4920.8022,-2137.986
-3783.5217,-3613.358,-3596.4136,-3668.3032,-1915.1138,-3710.1401,-5578.7163,-2596.479,-4703.7515,-2253.701
-4075.6045,-3161.345,-3727.7986,-3404.8867,-2047.4275,-3458.5083,-5358.035,-2668.682,-4287.7964,-2477.3936
-3802.1455,-2839.5896,-3629.0764,-2530.0793,-1816.7186,-2952.4617,-5090.7866,-2512.3657,-3863.227,-2379.073
-3672.5425,-2509.1794,-3631.852,-2266.6638,-1599.8959,-2948.509,-4720.2793,-2563.4995,-3388.31,-2216.6558
-3613.7988,-2433.5845,-3452.841,-1883.5334,-1685.9158,-2765.4521,-4329.7603,-2447.4785,-3225.2126,-2239.013
-3378.3074,-2030.5914,-3507.4966,-1627.6763,-1649.255,-2567.2158,-4288.4263,-2171.6167,-3260.2751,-2116.0935
-3479.3928,-1690.2277,-3356.0217,-1407.4526,-1577.2233,-2490.3499,-4201.4814,-2362.905,-3002.1843,-2055.6482
-3191.144,-1663.666,-3668.5464,-1338.44,-1475.3419,-2252.872,-4430.786,-2767.7363,-2770.538,-1837.69
-3265.0217,-1470.9083,-3623.3706,-1283.6251,-1409.8469,-2224.7822,-4270.1426,-2708.1025,-2567.7627,-1863.66
-3395.87,-1476.3352,-3774.4084,-1171.4265,-1414.3892,-2215.7197,-4536.4995,-3042.544,-2745.4197,-1962.2019
-3127.0889,-1473.1472,-3680.0784,-1030.9827,-1250.4945,-2247.9143,-4163.0557,-2884.0876,-2211.756,-1779.2345
-3031.3513,-1282.5513,-3667.9,-1010.9899,-1186.1605,-2140.6296,-3949.5918,-2826.5266,-2017.1904,-1898.7814
-2844.587,-1537.7849,-3738.9692,-1211.9258,-1194.3253,-2118.6821,-4209.479,-2970.4092,-2005.7922,-1776.887
-2906.4805,-1377.4828,-3700.7056,-1149.8645,-1136.9067,-2247.3987,-4356.5664,-2889.8237,-2206.9978,-1905.1265
-5727.7847,-2765.7065,-1050.185,-4856.8296,-1443.997,-4947.038,-3222.6775,-2492.961,-5611.6216,-1786.5686
-4758.9404,-4860.3696,-2778.978,-5340.3184,-1807.2096,-4965.312,-5703.4487,-3573.2925,-4913.237,-3086.697
-4906.8833,-4927.4004,-2844.6443,-5119.5376,-2658.0667,-4922.6636,-6632.818,-3959.8667,-5641.3784,-3042.2173
-5264.9243,-4766.7397,-3587.3706,-5087.485,-2592.32,-4825.637,-6432.5923,-3531.402,-5851.296,-3077.0642
-5121.563,-4464.6147,-3582.747,-4548.12,-2668.2688,-4562.717,-6066.7954,-3215.3706,-5933.6504,-3132.0671
-5049.037,-4141.572,-3777.561,-4314.137,-2647.2507,-4448.089,-5859.3506,-3092.3367,-5866.2974,-2882.8733
-5174.459,-3825.0708,-3891.2358,-4271.4834,-2566.9805,-4238.1177,-5937.067,-3002.3315,-6000.7437,-2739.228
-5146.0957,-3085.687,-4006.302,-3156.2395,-2542.5815,-4009.296,-5074.1724,-2614.4294,-5719.4185,-2663.0962
-5018.0127,-2822.841,-4036.854,-2831.3372,-2548.4802,-3369.2817,-5358.513,-2701.8772,-5391.6753,-2702.8303
-4973.357,-2746.328,-3812.669,-2511.9,-2297.212,-3406.2908,-4463.529,-2252.9568,-4652.05,-2776.4712
-4833.382,-2193.1018,-3781.0137,-2144.0452,-2265.108,-3096.5098,-4905.049,-2481.6787,-4813.1494,-2743.071
-4591.819,-2125.493,-3826.779,-1818.3835,-2084.0745,-2855.5696,-4960.104,-2863.0127,-4394.1807,-2413.61
-4359.8916,-1862.5626,-3811.664,-1487.055,-1851.3422,-2765.1943,-4547.911,-2893.8123,-3933.1753,-2232.7056
-4169.215,-1854.643,-3818.8916,-1143.1824,-1802.6,-2282.177,-4861.722,-2807.522,-3525.3188,-2135.6719
-4134.9746,-1725.9395,-3778.7617,-1088.8479,-1758.0602,-2297.0347,-4347.4253,-2531.0393,-3344.1892,-2124.436
-3794.2573,-1494.5206,-3672.141,-1153.1063,-1690.3732,-2032.5005,-4737.3794,-2722.371,-3348.2576,-1936.7795
-3525.9294,-1320.1426,-3665.689,-239.3168,-1401.9688,-1645.5659,-4349.8403,-2619.4456,-2842.3108,-1863.4546
-4536.328,-2281.578,498.26782,-4293.444,-792.0723,-4422.0825,-1534.7375,-1076.9468,-4107.709,-1609.2118
-2049.503,-2564.1003,-1273.3386,-3341.528,-975.76526,-2971.759,-1710.2184,-576.0836,-3230.1436,-1843.3387
-2412.412,-2482.8528,-2123.8164,-3264.0215,-1511.8922,-3070.855,-4038.8232,-1638.2867,-3968.1204,-1666.5656
-3262.4326,-2803.7258,-2986.3977,-2896.072,-1700.9249,-3315.9746,-4120.5366,-1992.3809,-3926.1719,-2220.6592
-3260.6616,-2815.9497,-3296.9678,-2949.569,-1855.1919,-3154.135,-4979.727,-2051.0728,-3843.0415,-2319.2356
-3359.6719,-2366.332,-3548.311,-2106.8032,-1821.796,-2439.7424,-5184.4326,-2502.0247,-3782.7996,-2267.8218
-3526.3252,-2134.1458,-3524.1318,-1594.7313,-1654.0642,-2560.688,-4348.053,-2607.3208,-3147.578,-2302.6548
-3381.7236,-1929.4008,-3565.7773,-1473.2263,-1543.0391,-2338.7773,-4143.084,-2422.864,-2730.0427,-2298.9546
-3106.4666,-1841.18,-3516.9692,-1150.8695,-1612.9164,-1749.2733,-4637.942,-2453.387,-2702.731,-2221.2114
-3162.394,-1720.7479,-3816.2664,-1077.8932,-1540.1565,-1641.2946,-4484.0034,-2498.2388,-2599.5142,-2066.813
-3222.197,-1534.1862,-3697.9116,-1105.2772,-1422.9099,-2077.349,-4655.852,-2813.667,-2687.0276,-2059.4692
-3119.5305,-1839.3279,-3909.7727,-555.1473,-1386.0984,-1563.1646,-4575.565,-2999.345,-2213.1643,-1988.028
-3122.5625,-1373.6466,-3670.0889,-682.23724,-1291.664,-1644.1316,-4669.7617,-2890.968,-2101.3108,-1952.0635
-2898.732,-1532.9064,-3840.8303,-1048.8673,-1231.1332,-1853.0941,-4332.273,-2935.9692,-2121.4165,-1969.2256
-2793.1973,-1582.4519,-3568.6133,-817.9278,-1302.2434,-1835.2185,-3851.305,-2763.0486,-1443.8542,-2016.5817
-2706.0999,-1416.3949,-3438.59,-937.6577,-1098.2003,-2126.8862,-3702.6177,-2522.182,-1715.2675,-2143.9832
-2560.8027,-1669.7638,-3524.506,-1165.6654,-1240.158,-1793.6445,-4038.478,-2723.579,-1816.7222,-1920.3914
-1052.0238,1290.1294,972.93066,442.96994,812.0996,1191.0272,-3093.407,-611.3406,-374.72324,179.0362
-1090.7089,2339.1091,2273.3718,1360.5963,1220.4023,568.2235,-2304.2092,-546.0318,-740.2094,95.59992
-834.7829,1336.4677,2355.8855,840.56665,864.2379,294.74844,-2790.026,-1328.0519,-686.09937,-1079.1355
-846.2102,1671.9188,1888.5952,1106.3114,549.3824,220.46872,-2736.136,-1376.2849,-1844.3888,-942.4749
-877.24036,831.159,1873.2152,655.8476,271.32596,59.55997,-3423.3574,-1308.6552,-1708.8931,-1613.9443
-1331.4535,1025.6752,1639.7045,814.97723,63.436703,34.392918,-2903.7087,-282.0458,-1898.1862,-1497.3042
-1504.0183,904.7736,1663.9861,181.12363,-86.56691,-325.57388,-3960.0903,-691.5138,-1552.7318,-1412.9158
-1767.0325,1270.8018,1554.1371,359.35526,-83.78564,-687.50995,-3141.4504,-341.66788,-1547.3259,-1627.0175
-1715.2643,1087.869,1746.7814,321.7104,-57.498974,-235.84015,-3550.7822,-260.85483,-1517.371,-1811.47
-1742.4044,874.83075,1067.6263,-119.126366,-208.74077,-271.54947,-3683.58,-406.93265,-1710.8727,-1680.6249
-1612.123,862.02167,1423.6749,389.53192,-26.167845,-127.396255,-3302.554,-11.527791,-1520.5308,-1518.1742
-1947.7117,1309.1285,1809.3522,-195.55988,-228.03857,-214.5681,-4086.4153,-697.4588,-1570.309,-1913.2726
-1797.6617,1170.9049,1751.6624,36.02221,-109.09069,-286.893,-3429.2468,-563.1724,-1672.8601,-2090.7478
-1561.2627,985.4223,1714.5361,-36.65859,-82.51863,-96.42416,-3509.7876,-119.838486,-1687.8307,-1789.034
-1952.7871,979.05896,1374.752,-584.61755,-400.12506,-476.6644,-3752.6829,-417.87488,-1616.5629,-2227.2722
-1639.9625,875.11224,1942.0262,-125.87302,-227.04971,-242.18317,-3800.7246,-306.86765,-1449.4196,-2053.634
-1713.286,1009.8866,2152.139,-84.25942,-155.51453,-463.4056,-3913.0776,-970.0753,-1200.9884,-2078.8271
-3667.5745,-1247.61,-1889.1821,-1590.2161,-241.59987,-1722.7706,-2807.1907,-1004.0606,-2897.9136,-982.3166
-1607.4037,-1560.3892,-2756.3508,-2212.6565,-735.2969,-1232.3218,-3923.9834,-763.35724,-2703.863,-762.2799
-1784.2344,-2016.0144,-3400.393,-2291.9824,-1197.8993,-1838.4163,-4352.105,-1098.7014,-3371.309,-915.7376
-1938.9591,-1789.416,-3601.048,-2020.6699,-965.6249,-1796.4368,-4197.193,-1407.7257,-2502.7268,-1081.5844
-1895.0835,-1853.2136,-3512.162,-1938.8551,-948.52893,-2083.4097,-4204.4443,-1581.7393,-2242.344,-1181.6754
-1950.0634,-1628.9138,-3548.8474,-1712.8143,-931.99054,-1870.7113,-4102.3813,-1673.2268,-2127.8376,-1339.2561
-1900.1095,-1839.635,-3590.0464,-1885.7198,-922.2439,-2119.1082,-4606.708,-2176.118,-2186.3442,-1444.5216
-2208.7847,-1657.7253,-3556.2996,-1754.8313,-844.7636,-2324.5703,-4335.8623,-2194.5264,-2040.7871,-1402.5048
-1987.4034,-1422.5703,-3558.6436,-1205.8732,-844.6323,-1992.5365,-4310.7827,-2402.563,-1802.4257,-1330.7189
-1915.8748,-1282.1409,-3590.6855,-874.1706,-601.44293,-1568.0082,-4204.8403,-2494.141,-1293.3364,-1152.9683
-2075.292,-1021.90955,-3477.089,-849.2073,-839.7525,-1873.666,-3830.2278,-2198.128,-1170.1096,-1309.4424
-1799.0402,-1063.5482,-3456.4033,-1027.5944,-716.6285,-1876.0134,-3751.2012,-2472.5613,-1055.0045,-1248.0529
-1799.2596,-1119.1384,-3540.9167,-813.1744,-662.73553,-1715.3457,-3857.962,-2428.6724,-1259.4937,-1320.136
-2306.25,-989.1923,-3605.6099,-887.94324,-808.98956,-1884.6818,-3859.257,-2365.134,-1403.9193,-1381.1952
-2101.0073,-1214.983,-3222.37,-970.50354,-889.99005,-2017.4471,-3758.459,-2528.577,-1037.1263,-1436.5962
-1855.0793,-1112.0576,-3422.7742,-894.5463,-759.955,-1828.5295,-3554.2908,-2476.846,-939.2668,-1375.5659
-1932.8423,-974.38074,-3552.2654,-1086.7587,-829.6604,-1821.5573,-4019.2944,-2606.6465,-1203.7028,-1561.9769
-3436.2961,-1869.3541,-2429.1743,-2396.4272,-656.06665,-1674.5846,-3068.051,-1485.4777,-3879.2961,-1408.9086
-1775.516,-1396.0609,-2747.7246,-2772.5625,-846.38306,-1574.2389,-3810.1182,-944.43524,-2794.8289,-458.2153
-1182.8724,-2273.3384,-3309.538,-2125.3955,-1283.6556,-1873.8688,-4926.316,-1480.4989,-3615.6438,-1145.9219
-1805.0135,-1811.3845,-3519.1458,-2326.1824,-883.3205,-1943.5731,-4655.8047,-1752.4242,-2898.04,-977.63135
-2208.7644,-1873.7944,-3442.0288,-2060.232,-798.37646,-2330.2588,-4629.5366,-1998.0159,-2467.0193,-1391.4553
-2301.8328,-1781.6254,-3340.1987,-1976.8657,-818.058,-2139.0232,-4164.3403,-1589.6256,-2240.2498,-1467.3545
-1761.749,-1328.1565,-3528.4866,-1573.7267,-850.40894,-1804.5509,-4673.6025,-2226.528,-1949.0402,-1628.006
-1921.2878,-1392.7955,-3710.2722,-1373.0961,-621.59174,-1991.8992,-4233.7334,-2466.7502,-1344.3209,-1376.5747
-2027.2286,-1345.7423,-3621.5923,-1536.9785,-713.98535,-1988.2302,-4142.092,-2212.9133,-1759.8146,-1423.4382
-1893.6661,-1170.0469,-3606.392,-1124.4673,-748.477,-1755.6705,-3853.1914,-2231.04,-1293.5865,-1311.0428
-1790.5173,-1062.3823,-3382.7532,-849.65546,-590.3303,-1980.3982,-3403.8826,-2358.8643,-1108.0475,-1249.06
-1748.3878,-896.6943,-3503.7708,-910.29785,-504.5427,-2041.6534,-3595.2515,-2475.5183,-1358.0588,-1213.0505
-1821.0977,-1105.4794,-3573.6753,-1214.6235,-665.10065,-1897.5546,-3622.1038,-2483.8982,-1139.8595,-1519.3713
-1914.3837,-1056.6716,-3500.5427,-948.9178,-708.6764,-2120.8142,-3881.1711,-2863.8782,-984.229,-1437.1119
-2080.865,-1039.8447,-3654.5352,-1329.3716,-652.99524,-2294.2627,-3880.7104,-2789.748,-1205.5858,-1395.5093
-1696.793,-840.89954,-3348.6023,-1000.86426,-568.1082,-2158.9463,-3527.0967,-2634.9734,-932.39996,-1194.8737
-1804.1786,-1050.8628,-3711.4265,-1131.8026,-709.0594,-1802.8801,-3793.2827,-2774.5596,-1120.8683,-1556.6028
-5794.6187,-1144.4144,845.52515,-5157.1763,-834.87317,-5154.8154,-1634.6493,-1826.1068,-5393.023,-1429.7852
-4388.7314,-4600.9653,-2713.3887,-5340.7856,-1900.5455,-4996.1,-5174.272,-4052.1145,-4669.3374,-2685.718
-4747.384,-4906.7036,-2905.7178,-4992.875,-2666.337,-4885.7144,-6262.3794,-3762.7756,-5673.288,-2926.789
-4972.9893,-4635.037,-3577.1553,-4835.027,-2683.918,-4717.383,-6382.4453,-3471.9797,-6002.723,-2617.125
-5010.4595,-4322.3335,-3614.7715,-4513.8545,-2487.0464,-4671.288,-5877.648,-3229.153,-6163.476,-2641.9807
-5103.006,-3964.847,-4000.7607,-4157.695,-2773.7686,-4050.2336,-6363.605,-3126.029,-6059.3496,-2654.0225
-5267.1006,-3463.3635,-3973.738,-3515.1938,-2468.4573,-4085.804,-5227.0728,-2494.7412,-5601.3804,-2912.7034
-5077.4316,-3137.0925,-3947.1455,-3421.454,-2511.5132,-3896.1506,-5484.7397,-2769.0393,-5646.908,-2636.433
-5023.782,-2690.829,-3985.8752,-2619.2534,-2375.897,-3433.8225,-5437.429,-2780.812,-5128.4756,-2690.7317
-4925.9126,-2522.2476,-3813.0305,-2422.1968,-2213.459,-3516.5884,-4022.6162,-2249.9744,-4434.626,-2723.61
-4691.7246,-2453.8794,-3642.4963,-2562.0833,-2169.6426,-3667.4814,-4502.3276,-2633.8389,-4471.776,-2595.5972
-4718.905,-2337.924,-3793.8179,-2386.5964,-2071.3142,-3525.7805,-4538.01,-2619.8264,-4373.7246,-2546.2954
-4587.54,-1950.1693,-3870.698,-1868.8502,-2134.4897,-2767.1743,-5395.1606,-3114.958,-4455.7515,-2485.1724
-4214.708,-1856.6782,-3914.0808,-1165.2589,-1687.1755,-2509.7454,-4547.755,-3049.9229,-3620.643,-2329.246
-4128.3105,-1772.4038,-3769.4778,-1044.8105,-1718.527,-2387.5903,-4660.8164,-3172.6975,-3415.5793,-2370.9285
-3923.4524,-1948.6206,-3575.0552,-1086.6702,-1668.3165,-2493.255,-4066.5303,-2747.025,-2936.914,-2339.6924
-3765.9575,-1653.6266,-3700.2444,-924.04144,-1642.5299,-2133.5295,-4728.082,-2737.0884,-3157.62,-2373.9592
-2905.8433,-243.43176,-1240.1714,-1243.0264,483.7969,-1005.45294,-3104.9958,-277.21826,-1806.9614,-37.54168
-576.84045,140.241,-1218.3364,476.06995,531.6116,175.29236,-1309.7157,1614.6505,-1247.9181,748.7549
-327.0491,444.41092,-2145.209,-574.1118,577.7261,-389.85565,-2388.1982,1289.4076,-975.99805,905.1608
233.58862,412.17148,-1695.7256,-427.54318,1018.0249,-14.987674,-1916.8234,1695.5687,143.98373,1108.1913
-36.028843,188.67683,-2286.4739,-300.14493,657.68256,-236.23074,-2118.1216,864.9698,-299.22153,645.27496
221.4725,-4.641103,-2008.6627,115.00577,720.34906,160.18495,-2379.5747,852.1515,304.05487,779.0317
-148.49796,284.59375,-2360.365,-46.436012,689.6891,-201.64119,-2016.542,804.79895,202.64943,645.44824
-189.22198,190.29057,-2794.2708,-280.6005,432.46753,-277.49622,-2997.3818,-258.7579,50.636467,495.133
-609.0562,-316.0398,-3084.7952,-463.7441,36.186657,-773.445,-2729.9175,-902.65137,-185.87984,-26.421696
-720.559,-167.91866,-2816.3643,-473.97543,-0.3779539,-703.99445,-2926.8225,-1063.028,419.1559,-60.025227
-1315.5676,-542.48596,-3288.056,-276.325,-476.3675,-930.7425,-3528.5234,-1710.7822,-670.7012,-560.8645
-1259.7526,-727.3499,-3490.209,-959.33307,-544.16486,-1077.9303,-3306.5164,-1699.5104,-942.58765,-667.36
-1324.6002,-625.8177,-3342.1318,-325.78537,-591.4562,-863.4368,-3679.6821,-2148.0447,-821.04816,-691.3615
-1345.398,-649.7392,-3254.4045,-659.00006,-562.3039,-1312.9097,-3409.568,-2046.8639,-632.62946,-763.66724
-1307.4014,-822.1936,-3485.025,-770.67365,-532.18195,-988.0869,-3708.227,-2185.5608,-545.71674,-980.27606
-1668.3569,-800.0673,-3358.391,-533.6527,-701.7005,-1382.076,-3699.065,-2124.7754,-865.8579,-891.9642
-1532.056,-1087.6691,-3667.196,-1131.4701,-767.2657,-1388.4507,-4143.355,-2357.2856,-1132.8167,-1144.5088
-2275.217,-511.0682,-2104.3691,210.31885,273.5307,262.05798,-3329.186,-958.11914,-1363.1923,-354.56122
-700.16296,125.14601,-1988.6394,321.78775,355.2682,387.58298,-2811.2212,1192.5308,-1253.9475,774.0969
-97.19169,194.19943,-2715.0227,211.14983,526.4619,-18.766853,-2978.4841,1188.617,-1373.6617,840.98035
150.74538,-121.90741,-3023.555,-348.62082,546.6424,-101.6725,-2855.82,-43.628056,-729.75714,701.4395
-15.6714525,-517.9528,-3168.8152,-291.74377,374.69156,-310.25552,-3430.0105,-660.25555,34.576687,347.48236
123.58208,-269.9141,-2647.2014,247.15376,568.72705,-12.387663,-3136.3945,-192.86853,345.20404,827.33984
-298.62936,-145.68443,-2910.5044,-307.26743,297.0446,-588.69336,-3050.3335,-533.69165,-501.7707,250.73457
-447.11057,-110.65394,-3057.3093,-331.84952,153.31133,-557.5727,-3695.5579,-1097.0785,-94.65478,0.97959304
-408.1936,-510.63516,-3304.0867,-388.60916,148.62404,-697.26544,-3375.41,-1218.0098,-134.88486,0.6917087
-378.1434,-301.30466,-3072.6548,-81.71377,69.56708,-798.4608,-3081.2476,-1146.2267,89.73543,5.6331124
-588.2046,-255.23975,-3277.433,-508.70538,-100.22587,-752.76337,-3151.156,-1217.1906,-87.494286,-87.54203
-738.6273,-268.68,-3020.6174,-468.2321,-109.6624,-926.4917,-3405.6892,-1468.1033,-615.40936,-278.96246
-652.88464,-395.138,-3271.4612,-623.3041,-230.29407,-566.2272,-3223.9392,-1424.3223,-217.25246,-272.43466
-1011.0352,-543.5759,-3221.965,-341.86514,-337.6705,-985.4419,-3641.1528,-1878.7076,-1049.1024,-512.3922
-978.76227,-676.52594,-3563.5435,-1107.6285,-351.42236,-1278.4769,-3681.246,-1969.2092,-600.19775,-753.6195
-1122.2162,-462.50635,-3375.663,-844.5471,-250.95757,-1510.2627,-3686.185,-2294.9067,-397.66788,-630.55035
-1054.3204,-621.4284,-3601.451,-945.9753,-279.32892,-1370.3329,-3527.9573,-2317.4885,-481.69257,-819.0276
-2512.7458,-556.8921,-1524.5659,-852.1237,254.25264,-201.80609,-3563.7317,-684.07513,-1795.652,-642.84735
257.2238,77.57836,-29.235222,1263.9979,603.8783,1148.9092,-1532.4666,2141.9841,-736.99304,612.68463
1869.2054,-328.53094,861.8907,1726.2072,1809.1143,1596.8477,-1506.168,3655.702,747.9351,1785.6781
2368.0942,872.9351,962.373,1493.4865,3083.011,1734.0024,-586.4007,5025.857,1375.2861,3051.3008
3488.0012,2429.6907,1656.7906,823.8389,4162.5684,1962.2772,138.66034,5699.9204,3693.4856,4863.1035
3800.7573,3352.8584,2513.1099,2503.468,4653.4023,3456.401,3003.462,6185.1924,3818.191,5539.8374
4121.41,4685.381,3588.3613,3591.838,4949.5244,4483.8125,3387.2852,6373.4307,3987.4905,5794.43
4295.782,4904.347,4116.9,4146.7197,5028.5225,4735.6567,4291.494,6401.9653,3562.6099,5834.196
4726.442,5168.7896,4366.09,4661.8223,5080.9043,4983.162,4680.205,6449.084,4010.2815,5867.4346
4949.8394,5312.0054,4635.0005,4807.0205,5101.3647,5040.785,4510.793,6468.0854,3944.8672,5875.3223
4999.2246,5327.342,4638.8306,4866.8247,5125.8013,5075.309,4381.0044,6475.644,4145.6826,5875.1465
5104.4844,5337.3906,4748.13,4953.736,5119.7744,5063.85,4271.9976,6448.824,4387.3315,5879.532
4943.873,5333.6997,4670.0,4925.2627,5129.932,5084.347,4410.6772,6471.4854,4355.138,5878.104
5002.322,5390.256,4629.0073,4950.49,5143.9087,5081.0874,4868.3154,6469.906,4194.116,5878.9917
5279.611,5415.7524,4743.8223,4962.951,5112.476,5106.936,4884.741,6468.3716,3906.4539,5881.513
5577.0117,5335.0054,4603.818,4967.6816,5139.499,5068.324,5430.1177,6449.5933,4537.5386,5884.5483
4968.025,5358.2627,4674.5024,5047.9854,5145.287,5101.872,4634.048,6465.652,4471.4814,5881.288
-5255.9053,-1930.332,-983.1445,-4830.7314,-945.7986,-4831.304,-3122.6973,-2866.0632,-4978.8604,-1849.285
-3985.6704,-4554.2075,-2567.6948,-5242.863,-2024.2426,-4825.989,-5693.3037,-4004.971,-4938.4775,-2698.2466
-4667.655,-4908.1987,-3360.8997,-5254.0645,-2612.8303,-4879.1655,-6743.221,-3923.9749,-5442.545,-2783.774
-4990.8857,-4712.0586,-3598.9656,-5041.9263,-2701.0864,-4772.4946,-6300.913,-3488.2676,-5997.3633,-3063.0266
-4792.429,-4304.9023,-3726.217,-4617.6807,-3005.3071,-4252.772,-6826.8984,-3246.7031,-5772.305,-2952.7014
-5037.3335,-3792.808,-3976.6147,-4002.1357,-2633.4395,-3917.4504,-5948.4487,-2575.5503,-5767.655,-2797.0164
-4902.165,-3374.4314,-3947.8994,-3389.9873,-2592.4146,-3551.2295,-5828.2783,-2723.8447,-5503.71,-2773.5793
-4855.4883,-3006.8447,-4018.7385,-2962.2556,-2438.173,-3188.619,-5757.1865,-2666.125,-5077.506,-2572.1365
-4532.7695,-2701.2734,-3893.397,-2014.138,-2379.97,-2103.9934,-5924.054,-2999.363,-4516.27,-2573.6873
-4468.3623,-2198.7537,-3944.9226,-1501.2733,-2145.417,-2009.7408,-5333.6733,-2552.949,-4494.216,-2345.181
-4057.5261,-1888.754,-3675.1982,-1029.4495,-1953.4724,-1696.2711,-4732.3096,-2342.321,-3392.7603,-2275.2754
-3800.8887,-1764.2612,-3666.0032,-1157.031,-1782.7083,-1893.9534,-4524.493,-2137.0012,-3237.18,-2314.9192
-3578.486,-1582.3715,-3646.3103,-1059.5034,-1697.1544,-1916.1808,-5005.179,-2807.616,-3276.8123,-2102.002
-3492.411,-1533.9907,-3539.1582,-1024.2477,-1454.5302,-1928.4836,-4035.8887,-2178.3667,-2317.328,-2007.048
-3173.5046,-1378.9644,-3724.816,-841.86066,-1486.2672,-1364.5391,-4850.2397,-2708.8232,-2636.4302,-2122.15
-3321.7498,-1419.328,-3608.8438,-636.33923,-1285.1201,-1694.8282,-4172.0474,-2600.0896,-2121.6394,-2123.3884
-2688.711,-1407.2716,-3688.9275,-1002.6682,-1195.4962,-1496.306,-4523.649,-2780.106,-2149.183,-2005.736
-3553.6082,-937.9244,-75.88604,-3070.8596,-365.34854,-2687.5115,-2666.653,-950.7338,-2516.504,-779.6997
-1933.3983,-1141.3878,-1626.6133,-2134.2256,-712.99835,-1266.5745,-3066.6812,-233.66986,-3192.9307,-838.57434
-2078.3865,-1691.932,-2819.9417,-2538.3489,-1067.3336,-1897.213,-3898.5571,-481.59387,-3973.9004,-1295.4625
-1920.5494,-1175.8119,-3058.157,-1696.5767,-1023.2997,-1393.061,-4034.2166,-944.0316,-2837.9612,-1005.1847
-2442.4812,-1488.9735,-3169.4043,-1543.2855,-1068.6427,-2045.482,-3901.7153,-1536.985,-2599.38,-1373.5916
-2265.251,-1451.341,-3540.417,-1678.4202,-1166.5144,-1841.2458,-4375.3877,-1869.2078,-2685.6401,-1453.0458
-2462.937,-1457.5789,-3532.624,-1266.3538,-1055.5154,-2018.2948,-4064.439,-1973.5612,-2388.2756,-1603.2626
-2468.2124,-1326.3947,-3377.6145,-1216.2788,-994.7167,-2004.4198,-3862.5957,-1940.3187,-2233.9424,-1527.8323
-2327.4116,-1478.2153,-3638.8513,-1300.0072,-1099.2125,-1726.4617,-4070.5833,-2232.2307,-2221.8088,-1579.7
-2396.008,-1210.3947,-3373.413,-1203.8458,-968.1745,-1909.2465,-3872.7107,-2296.9883,-1991.6439,-1550.7314
-2382.417,-1297.7865,-3592.4624,-1373.2693,-894.3845,-1955.7076,-3832.9602,-2407.2832,-1851.9999,-1499.269
-2155.038,-1334.6665,-3553.2065,-1167.9341,-947.662,-1825.0677,-3876.629,-2592.1477,-1610.5345,-1622.4719
-2075.756,-1128.5201,-3523.0164,-723.8789,-927.03046,-1702.7905,-3618.93,-2529.225,-1437.483,-1605.3519
-2299.539,-1337.1338,-3408.9128,-1347.7245,-754.21545,-2337.6846,-4131.973,-2962.148,-1627.0864,-1344.1183
-2259.272,-1136.1649,-3481.9631,-947.18585,-771.646,-1960.5281,-3612.331,-2595.554,-1480.972,-1372.4789
-2188.2556,-1034.5051,-3699.0825,-1462.3368,-846.4386,-2251.101,-4338.3105,-2762.8284,-1947.7344,-1687.0461
-1972.7651,-1201.1078,-3711.1453,-1437.628,-639.7865,-2181.6743,-4024.597,-3098.2322,-1173.9308,-1436.815
-1719.406,-860.4942,-2924.3447,293.90198,314.74893,567.044,-2840.5305,-1148.8102,-1547.9397,-527.1449
742.56433,-985.7208,-1120.8203,1392.5055,517.01215,1376.6843,-1304.565,1645.6562,-262.9597,396.7791
1107.3806,49.26776,-988.42163,1141.3434,1366.803,1235.2719,-1755.8759,3299.1257,-119.530334,1480.9326
2186.6648,561.19086,-141.12065,1394.7041,2628.8384,1467.6624,-1147.1918,4239.379,979.23193,2900.0918
2727.597,1097.0627,537.34033,1475.9984,3385.1555,2124.9456,-467.16953,5170.099,2078.197,4011.136
2824.9946,2944.1572,1008.87836,1070.0138,4126.892,1769.1052,884.03687,5514.813,3191.921,4802.9507
3316.1758,3122.8877,2204.1729,2718.0752,4587.981,3495.7395,1991.8872,5975.64,3285.4458,5539.104
3505.4692,4615.465,3279.2551,3844.4927,4844.2983,4472.9956,3654.2393,6307.9106,2957.8677,5770.3364
4129.584,5101.5713,4185.8784,4438.1787,5030.5967,4845.508,3519.7146,6429.5146,3906.8901,5848.3174
4813.871,5191.4634,4579.1743,4865.6416,5074.3154,4962.711,3928.2925,6436.9937,3956.9307,5871.2153
4762.9375,5176.3726,4603.37,4902.5044,5089.067,4983.7974,3737.9275,6421.6504,4092.3525,5874.6865
4719.4556,5168.822,4633.916,5091.0,5093.9863,5033.5557,3591.5522,6414.357,4135.7393,5880.098
4655.278,5117.0405,4692.3486,5153.737,5112.1924,5061.906,3615.5847,6417.1377,4324.145,5878.8267
4928.7417,5131.703,4723.374,5041.1113,5115.056,5052.963,3690.5393,6408.346,4441.009,5876.4023
4665.6846,5187.2617,4698.7705,5130.4565,5111.632,5097.646,4194.642,6427.9453,3939.2734,5877.9355
5091.824,5236.7344,4719.86,5055.9673,5116.1274,5114.0884,4449.2344,6440.6216,3952.644,5880.0527
5093.4067,5231.913,4745.1133,5079.182,5119.518,5125.709,4380.884,6422.4434,3880.7544,5881.2285
-5427.0737,-2536.6562,-985.9169,-4774.537,-1071.5823,-4759.8203,-2445.098,-2023.6982,-5090.711,-1674.8589
-4051.8687,-4516.681,-2412.6562,-5048.998,-2175.9443,-4685.5015,-5155.9,-3680.8762,-5064.5884,-2524.3308
-4126.8794,-4488.3057,-3495.1135,-5106.553,-2563.3826,-4568.263,-6532.724,-3532.2246,-5075.7236,-2522.4744
-4817.8413,-4505.1104,-3697.4375,-4774.982,-2362.0906,-4470.6333,-6119.641,-3189.846,-5404.7983,-2685.0164
-4804.1235,-4260.1455,-3919.1624,-4404.187,-2601.3774,-4088.4868,-6083.8643,-2793.1313,-5403.8936,-2869.0168
-4709.268,-3629.716,-3931.4634,-3481.6501,-2402.826,-3627.204,-5888.939,-2859.7473,-5610.127,-2433.8074
-4860.026,-3291.851,-3875.4753,-3307.298,-2374.497,-3392.0723,-5632.0483,-2412.073,-5446.9585,-2757.5664
-4625.609,-2800.365,-3888.5957,-2534.0916,-2133.5757,-3140.5264,-5411.6787,-2330.767,-4810.5903,-2556.4172
-4414.6904,-2502.216,-3843.4866,-1882.1693,-2062.311,-2375.7366,-5461.7036,-2559.7383,-4316.9907,-2449.9426
-4232.548,-2024.3934,-3835.1099,-1202.1018,-1949.5457,-1913.7574,-4909.128,-2243.562,-3887.5588,-2289.7686
-3921.907,-1720.0483,-3663.7183,-1233.3258,-1725.1016,-2075.0576,-4926.8877,-2333.835,-3879.8623,-2157.8254
-3969.7388,-1796.0172,-3773.3975,-1130.7444,-1678.5272,-1894.1475,-5112.859,-2674.2625,-3748.2622,-2171.6975
-3845.258,-1730.7637,-3679.0664,-819.2423,-1626.4248,-1933.1631,-4335.1714,-2425.4475,-3236.4287,-2062.8022
-3694.097,-1565.8223,-3498.9387,-1636.9114,-1583.5641,-2595.954,-3880.4563,-2246.7478,-3013.6038,-2090.579
-3379.0347,-1298.2782,-3563.9949,-766.9363,-1553.0424,-2004.3218,-4479.0303,-2522.4172,-3170.152,-1962.1652
-3283.0781,-1415.1832,-3595.4795,-744.83044,-1382.3813,-2031.6614,-3735.5813,-2478.526,-2478.687,-1860.7522
-3280.5183,-1113.5486,-3668.2449,-752.83057,-1333.9163,-1914.0863,-4329.261,-2671.9531,-2815.564,-2000.8958
-1562.8862,277.003,288.44354,1227.871,575.2021,1172.3895,-3342.422,-1487.7992,900.24396,-165.22536
-23.41277,306.00098,-151.76253,864.82263,994.2564,942.03735,-2998.2065,317.3888,-457.93613,651.36334
-228.35542,280.7028,-979.57153,882.80475,710.715,650.2929,-2552.4456,2066.881,-1414.2982,543.5321
552.5581,19.9655,-933.8329,469.68216,1142.9291,778.92017,-2875.1555,2224.0276,-1094.7457,1168.4147
532.9718,-271.2419,-536.9067,1356.003,1309.3807,1690.8422,-2292.207,3037.4229,-439.31995,1222.9515
751.6209,220.50189,-1146.735,42.418392,1552.2198,831.72345,-2873.6704,2882.1313,-139.59854,1602.5134
841.3537,-191.96407,-1189.153,766.97253,1634.4547,1059.7081,-2642.6118,2525.3843,-160.08391,1535.6494
591.77734,268.3728,-1593.5276,61.51355,1515.91,514.47864,-3032.9614,1860.3901,187.20502,1470.9944
529.03705,92.89716,-2023.9601,123.24515,1466.7291,558.964,-2937.5073,1395.8281,168.33022,1240.3115
372.57562,154.16597,-2168.005,-247.97275,1365.5371,352.93356,-3353.4878,1041.1962,702.6829,1258.1077
276.9905,-32.802853,-2277.9036,258.3369,988.94586,313.1299,-2779.955,689.09534,553.4296,982.2237
523.5722,23.565765,-1746.7578,447.20282,1198.079,649.8945,-2761.5637,1529.8096,713.12115,1242.7043
-89.3257,264.2589,-2074.9546,457.7554,1173.6199,93.093056,-3070.2063,623.948,-295.38446,726.9334
-110.3362,66.3046,-2088.319,330.59418,916.72626,240.7494,-2955.6194,571.99585,378.71484,904.095
-54.848503,483.58514,-2079.4993,780.58264,1096.9196,604.35986,-2811.0566,1135.129,181.13156,1098.335
44.595074,676.042,-1900.5596,555.0785,1224.735,332.3979,-2470.2397,1116.197,123.37897,1194.399
689.9546,-524.34357,-1380.8937,493.55316,1593.8453,610.12683,-3014.4683,1367.9845,670.1198,1537.547
-4723.86,-2598.8176,-1387.6364,-3923.0203,-764.7246,-3913.2612,-2830.5693,-1069.7035,-4633.5737,-1412.8695
-2996.7625,-3188.0205,-3112.793,-4191.567,-1423.8047,-3490.242,-4213.6104,-2242.8313,-3838.9424,-1588.4406
-3676.2683,-3583.4626,-3212.5173,-3884.9048,-1915.6617,-3776.5447,-5055.9824,-2209.3997,-4352.1875,-2273.6958
-3800.028,-3451.3616,-3627.978,-3862.0889,-2076.1567,-3659.4666,-5533.823,-2408.2144,-4618.4004,-2355.55
-3685.753,-2974.309,-3765.4097,-3085.0325,-1932.3439,-3164.2349,-5805.032,-2406.7507,-4714.303,-2194.1274
-3835.9036,-2503.5955,-3848.0488,-2545.0837,-1637.9021,-2805.034,-5016.033,-2578.0586,-3952.0464,-2101.408
-3650.0522,-2392.5662,-3907.7947,-2228.735,-1711.9191,-2526.2449,-5263.1333,-2841.5461,-3731.7605,-2141.2383
-3620.5032,-2147.3655,-3816.2378,-1815.3562,-1521.4244,-2432.7188,-4903.6978,-2619.2944,-3170.687,-2195.4058
-3452.3083,-1931.971,-3740.7363,-1531.8527,-1528.5138,-2524.5032,-4116.102,-2401.8137,-2818.1672,-2048.6157
-2939.238,-1790.18,-3592.4675,-1234.7849,-1499.3369,-1889.1205,-4677.4263,-2633.6,-2615.968,-2037.3894
-3200.6304,-1442.1326,-3663.137,-1022.153,-1178.9229,-2219.0042,-4063.5327,-2634.417,-2304.6953,-1930.9386
-2924.7598,-1636.4716,-3569.2322,-1279.2625,-1343.9296,-2319.1072,-3989.3352,-2682.6853,-2109.2727,-1879.6979
-2810.1497,-1260.3195,-3601.421,-1031.0549,-1141.4038,-2070.5127,-4090.066,-2530.0276,-1931.1117,-1750.3566
-2939.468,-1140.4174,-3646.4248,-879.5642,-1209.5481,-1784.0665,-4075.6106,-2497.5042,-2023.7057,-1811.8499
-2742.2375,-1231.8253,-3332.5125,-938.0018,-1142.0455,-2118.2693,-4087.572,-2712.405,-1993.9358,-1676.0166
-2728.0012,-1417.9009,-3770.7659,-1402.3506,-1200.384,-1963.0382,-4162.7026,-2648.7336,-2037.7125,-1868.8138
-2801.5457,-1182.9838,-3644.7495,-1210.5677,-1141.7883,-2129.429,-4479.7246,-2956.596,-2098.438,-1812.6921
-1288.6891,561.89545,-1720.0784,381.01382,851.5174,577.4736,-2802.1196,-207.48833,-472.61215,183.77351
-61.51427,470.1698,-1368.1918,608.8967,799.75476,1160.0332,-2015.9293,2123.69,-746.5102,1154.2236
-77.6338,271.61737,-1948.892,-183.13193,563.69147,355.78055,-2636.243,2230.5796,-1211.9027,1077.9731
102.799126,179.93407,-2579.4133,-539.0917,634.74567,108.86233,-2697.7656,1398.9836,-1290.2195,774.7582
71.49884,247.16321,-2728.9531,-143.77971,622.0991,-101.031364,-2872.612,448.0418,-197.90723,732.83954
-168.93735,-200.84792,-2991.409,-355.386,398.6057,-436.55966,-2835.5251,-263.96677,-428.81607,367.19498
-348.46954,-341.5295,-2996.3232,-574.1905,96.4764,-638.95184,-3219.0474,-330.1618,-866.32684,81.14693
-209.64691,-515.9235,-3099.4485,-804.13116,6.5318103,-728.91705,-3192.124,-667.2801,-622.55664,-47.073025
-528.6306,-436.64795,-3293.2295,-729.0931,-88.28173,-952.6437,-3588.4006,-1294.6644,-766.42285,-375.40878
-724.6683,-365.15155,-3386.1873,-602.78516,23.436663,-948.11536,-3041.4324,-1524.32,-315.87787,-177.59477
-688.79926,-556.31256,-3503.7378,-790.325,-65.97608,-1456.6046,-3304.5562,-1865.9359,-492.29886,-603.1995
-701.5478,-829.26526,-3188.4807,-1185.883,-179.14279,-1709.8702,-3556.0178,-2169.2058,9.449642,-387.28793
-786.67285,-443.35168,-3424.2246,-1057.0277,-65.50777,-1556.117,-3486.42,-1919.8938,-318.66812,-772.15546
-522.8851,-451.34616,-3247.6387,-617.7576,-73.696396,-1271.7827,-2924.3794,-1894.7045,-18.180393,-384.741
-924.93396,-563.6288,-3413.452,-906.1742,-223.3734,-1731.9757,-3214.0835,-2065.2825,-588.34204,-892.41205
-1173.1976,-531.5704,-3582.7302,-1242.3392,-282.39294,-1880.806,-3856.0354,-2496.1729,-742.5996,-1052.5045
-1204.0238,-610.2429,-3512.5786,-829.91113,-177.4741,-1719.1617,-3719.5903,-2706.4927,-130.36903,-936.76776
-3333.216,-1969.7772,-2200.8442,-1321.908,-345.71756,-981.28455,-3505.6584,-594.5882,-3632.0461,-1074.5148
-906.95496,-1122.7605,-2445.5261,-881.93787,-223.9308,-484.6305,-2670.3755,272.4848,-1984.0591,-54.45308
-568.271,-1081.1198,-2794.8992,-981.7662,-414.71017,-938.3365,-3317.5916,77.50977,-2134.6018,-229.74442
-936.0226,-1077.3937,-3094.5063,-1037.8741,-422.2397,-1063.8453,-3533.3154,-711.6166,-1983.6699,-293.47903
-1307.2423,-1049.3507,-3099.9148,-880.25183,-403.39105,-1311.7991,-3711.267,-982.1829,-1860.0631,-520.0969
-947.91516,-1471.6771,-3383.7236,-1157.7672,-633.3895,-642.18634,-4408.944,-1262.7555,-1440.9048,-724.1262
-1658.2876,-1079.1608,-3028.2285,-448.8,-534.8847,-901.5624,-3960.3262,-1106.3396,-1589.6129,-791.3601
-1458.9619,-1123.7332,-3083.3137,-1198.7357,-449.8098,-1105.8428,-3823.836,-963.1096,-1434.1461,-771.18835
-1327.1647,-867.7566,-3258.0513,-748.68317,-560.43616,-949.5444,-4392.4624,-1733.6312,-1906.2749,-1075.0901
-1352.8109,-807.1782,-3286.501,-562.8682,-511.37234,-882.0864,-3516.3564,-1793.0536,-829.4801,-587.72485
-1362.4701,-935.4526,-3498.8816,-1048.3837,-423.67798,-1309.1779,-3757.0447,-1982.8229,-1247.7365,-1026.1716
-1484.0494,-1030.8768,-3231.3909,-1052.0565,-454.15054,-1690.1763,-3335.184,-1888.3855,-720.0263,-999.0114
-1329.6321,-1196.5172,-3330.962,-783.1278,-614.4501,-1198.5498,-3622.467,-1830.3984,-781.97253,-1077.5962
-1437.9586,-700.2706,-3375.7585,-599.32874,-499.4369,-1402.9065,-4111.423,-2231.0151,-1170.1703,-1116.0968
-1478.4694,-740.07837,-3493.8386,-317.5329,-509.10898,-1063.1654,-3580.8953,-2124.4805,-912.2777,-806.87665
-1619.52,-1017.97205,-3450.9116,-878.20874,-518.4385,-1493.2609,-4034.9707,-2312.4695,-1118.0353,-1255.3594
-1701.1632,-924.3276,-3327.9011,-599.82196,-586.267,-1453.8148,-3611.3467,-2151.3008,-1027.4918,-893.3189
-4005.7212,-2344.019,-1032.4243,-3405.6018,-553.70465,-3131.905,-2952.728,-2104.225,-3411.1975,-984.6611
-2017.2438,-2816.929,-2701.2932,-3303.837,-1345.6483,-2282.4949,-4324.227,-1426.4663,-4011.0146,-1463.789
-2355.433,-2848.3892,-3471.415,-3182.7864,-1808.3586,-2801.6775,-5246.939,-1986.8268,-4205.439,-1594.9556
-2649.1577,-2546.8916,-3759.45,-2899.5005,-1632.7343,-2384.187,-5438.7075,-2282.6543,-3581.4937,-1466.8334
-2951.4197,-2329.935,-3502.7131,-2241.4573,-1431.0015,-2464.9758,-4605.3657,-2108.1409,-2948.409,-1815.7468
-2830.77,-2284.181,-3557.5537,-1914.9136,-1386.5344,-2222.0583,-4658.3184,-1936.9857,-2699.9988,-1883.9131
-2932.6858,-2054.8306,-3530.7893,-1556.4182,-1334.9825,-2308.2998,-4662.372,-2138.7874,-3077.9282,-2002.8741
-2784.558,-1770.4305,-3572.7585,-1273.5488,-1316.4628,-1798.3173,-4300.5957,-2210.2468,-2506.8716,-1828.283
-2978.0652,-1586.2677,-3518.5852,-1096.1134,-1303.171,-1898.1162,-3861.2422,-2043.9874,-2375.194,-1939.8163
-2758.319,-1517.9631,-3415.9014,-1317.8933,-1234.7585,-2005.8666,-4084.8323,-2178.0242,-2385.0103,-1868.845
-2911.4136,-1578.8906,-3524.7173,-1239.5183,-1308.3713,-1896.6792,-4242.476,-2399.6594,-2551.1248,-1860.5526
-3001.1934,-1443.7747,-3518.9277,-1284.6077,-1257.3198,-2003.7866,-4265.7144,-2523.5278,-2460.806,-1928.3854
-2737.7417,-1737.9113,-3423.7927,-1814.5226,-1163.4072,-2156.2263,-3758.868,-2378.3708,-2253.9844,-1804.9686
-2576.6353,-1641.2202,-3601.437,-1517.0226,-1205.8937,-1984.8641,-4208.549,-2524.5115,-2409.6558,-1893.4402
-2860.1812,-1614.1725,-3534.7085,-1248.2401,-1265.3011,-2025.8008,-4155.9565,-2690.0295,-2513.3645,-1836.9486
-2749.217,-1453.292,-3619.852,-1307.1471,-1132.4392,-2002.6367,-3657.6062,-2313.777,-2135.8845,-1841.793
-2526.3474,-1582.1764,-3539.3162,-1525.5908,-1220.5322,-2183.1938,-3930.4807,-2705.5847,-2250.0405,-1935.0283
-1831.7245,-657.64374,-1190.605,426.5923,364.70657,1043.2037,-3598.1619,-1710.6531,-784.8815,-86.68213
-617.2753,583.95337,186.75195,540.55237,114.6996,1146.2527,-3087.4631,-909.10693,-732.46265,-105.13912
-240.38594,233.25389,-534.854,601.4434,370.31082,688.41376,-2763.9023,718.3394,-1768.4476,-306.39902
-443.45145,-59.55934,-591.1459,474.9285,285.19592,344.21713,-2824.3606,1171.5885,-1702.5612,100.21075
-416.30026,-830.0285,-559.8549,363.3623,333.44516,69.56446,-3092.7874,1679.3489,-2247.0532,-9.576401
-840.2343,-235.63658,-1136.5657,417.26144,458.39902,330.97995,-3429.9705,1145.0,-2223.2083,-2.0609112
-562.03577,-318.46683,-1517.0686,541.43524,508.1029,339.34424,-3297.4255,932.16504,-1416.9315,296.21915
-551.0784,-167.1096,-1776.7184,368.8695,524.1849,46.245483,-3064.1353,795.91473,-574.3791,274.23337
-246.52328,29.726566,-1881.2539,148.49446,633.4044,304.8687,-3319.6934,753.8471,-457.62976,381.31918
-366.3111,-506.58768,-2154.7473,423.78265,366.39487,28.130793,-3050.031,519.9749,-604.7495,25.797802
-397.76178,97.84616,-2420.0679,18.201454,487.34207,27.12725,-3049.3723,221.41281,-594.2061,113.30436
-809.88745,-791.41364,-2819.4597,-309.6632,16.515955,-178.91301,-3273.7664,-452.43033,-708.61127,-344.54752
-992.0744,-398.70807,-3205.1125,-432.79034,-202.58498,-814.38196,-3635.848,-1411.4,-990.9898,-617.3137
-1010.8722,-519.2534,-3439.3843,-625.4231,-203.53285,-905.5612,-3303.0635,-1850.4451,-160.44525,-643.07526
-1372.5546,-742.8784,-3332.9426,-660.14874,-397.7191,-1028.5155,-3639.8,-2067.0662,-587.16376,-609.4396
-1104.7108,-791.5236,-3280.4136,-900.7649,-453.1022,-1066.6902,-3542.098,-1960.244,-726.0413,-759.26044
-1272.4794,-870.7274,-3224.2068,-625.66595,-584.36145,-1068.2496,-3539.1436,-2110.2668,-996.64844,-778.55225
-4954.169,-3434.6907,-2409.847,-4230.143,-1436.4648,-4055.371,-3092.9976,-2498.5027,-4222.8027,-2037.7893
-3229.3728,-3871.3123,-3079.607,-4792.3657,-1572.7725,-4228.794,-4872.3438,-2717.3162,-4328.7544,-1892.992
-4009.9236,-3935.1677,-3492.133,-4568.801,-2102.8137,-4289.798,-5522.0376,-2683.0305,-4659.207,-2460.9346
-4493.5083,-4074.99,-3699.442,-4321.5137,-2183.091,-4275.1206,-5522.9106,-2789.1145,-5013.0674,-2428.5164
-4438.602,-3634.7092,-3626.581,-3754.2246,-2216.3215,-4003.7969,-5506.3345,-2513.6833,-5062.317,-2585.705
-4452.5835,-3199.0466,-3828.085,-3445.2998,-2170.0159,-3767.6409,-5459.285,-2800.2756,-5113.147,-2465.718
-4442.609,-2845.9043,-3740.0564,-2658.3628,-1976.5537,-3676.797,-4343.369,-2217.4392,-4412.696,-2484.0522
-4343.94,-2615.3071,-3602.6738,-2614.726,-2025.5353,-3570.104,-4424.3,-2133.652,-4403.3765,-2626.3406
-4311.8784,-2723.4336,-3788.4958,-2094.0774,-2241.9954,-2953.063,-4702.262,-2297.664,-4327.5156,-2479.9856
-4380.506,-2035.0502,-3498.7043,-1607.8436,-1917.8169,-2943.9675,-4515.3203,-2546.4473,-4193.3867,-2289.6382
-3959.2146,-1857.6962,-3837.3435,-1308.4321,-1891.6746,-1875.2135,-5233.963,-3058.5874,-3478.1304,-2132.15
-3937.2842,-1736.7081,-3736.9424,-716.59985,-1690.8221,-2011.9083,-4348.366,-2635.359,-3076.2183,-2239.9175
-3797.0833,-1562.9735,-3602.9822,-906.7372,-1687.3512,-2097.2852,-4231.248,-2680.682,-2840.818,-2139.4136
-3392.2056,-1489.951,-3700.6484,-654.8451,-1584.078,-1813.7573,-4428.9478,-2770.5752,-2534.73,-1991.2356
-3323.46,-1314.6398,-3572.9578,-474.96643,-1389.6296,-1881.741,-3698.7249,-2519.446,-2329.0146,-2076.7146
-3353.1667,-1364.8086,-3661.021,-894.85,-1437.2478,-2154.4487,-4134.2246,-2663.873,-2775.051,-2023.6396
-3178.4446,-1357.5619,-3730.3718,-864.82904,-1280.4098,-1823.0206,-4607.763,-3066.2163,-2692.829,-2032.8722
-951.9035,388.30902,-1620.6278,467.98984,941.3858,1714.5032,-2521.1052,-282.96976,-146.07837,615.70306
1928.2578,619.62006,1565.4371,2499.7441,2216.9458,2278.7869,-278.1815,4286.205,1334.5106,2686.0164
2611.0771,2038.8418,1010.10754,915.47577,3601.1748,980.89874,203.18135,5495.4414,1970.2228,3772.1619
2940.2917,2036.1658,1466.8486,1249.4406,4069.4324,1511.2777,1970.5077,5677.4316,2357.149,4465.753
3328.2263,3209.5862,1735.8484,1773.5898,4547.819,2954.2725,3054.5557,6072.379,2937.206,5242.1987
3676.1536,4270.8647,2938.3066,3027.3003,4858.9824,4179.7485,3728.9248,6308.418,3645.1653,5715.2905
3888.3792,4646.635,3925.1067,4546.623,4998.3804,4902.7627,3637.1216,6384.448,3409.4575,5830.259
4517.145,4911.6235,4449.4556,4726.886,5088.284,4977.1763,3228.3394,6448.165,4114.4565,5860.885
4959.775,5065.252,4586.2485,5025.793,5092.682,5065.128,3869.295,6439.236,3963.581,5875.193
4750.999,5149.757,4667.1504,5143.8574,5108.1206,5122.24,3844.0107,6429.7476,3791.1404,5878.1577
4881.082,5156.561,4705.607,5081.931,5115.2104,5112.378,4099.214,6432.032,3897.4412,5875.362
4960.511,4968.74,4720.857,5179.3613,5111.8687,5126.0366,4100.0596,6345.6045,3962.12,5879.029
4597.494,5041.9766,4681.8906,5188.1562,5127.019,5097.516,3884.5576,6355.2646,4434.5244,5879.3047
4644.5557,5142.76,4759.7075,5211.4224,5113.3306,5112.01,4231.7656,6382.723,3947.1697,5879.4644
4746.427,5046.202,4801.2744,5163.1865,5103.574,5098.302,4195.6377,6378.153,4247.6367,5878.83
4761.6494,5094.8022,4795.2456,5113.3906,5112.6484,5109.018,4043.295,6396.9434,4254.776,5877.817
5005.9443,5166.0913,4789.513,5134.899,5100.0386,5106.2646,4413.2695,6375.836,4071.888,5880.5527
-1647.6191,-122.810165,621.8218,1199.7598,552.9918,992.62665,-4190.629,-1894.0026,362.36343,128.23438
-1386.5709,1365.4381,1331.1649,784.9664,277.16257,602.76117,-3768.3657,-1571.2499,-468.29413,-493.0693
-1263.5848,1055.479,1246.1912,839.1075,-12.492421,339.30957,-3416.646,-971.2323,-1398.0636,-1438.9246
-1032.3679,1024.1915,2002.2739,832.6538,156.8428,141.48677,-3904.6665,-1259.1814,-1285.9261,-1478.8834
-1147.1593,756.4062,1955.3059,569.20764,-133.41475,64.8366,-3875.8726,-1255.9045,-1126.5682,-1821.7097
-788.6231,745.37384,2368.82,606.42426,201.63437,101.391335,-4503.0283,-2118.2122,-75.9202,-1526.7858
-1205.9011,865.48413,2437.6235,947.34467,136.34792,-87.05271,-4179.1704,-1924.3013,-589.7293,-1868.353
-1108.6338,991.94476,2112.385,699.94336,115.69183,-372.84796,-3999.6643,-1398.6406,-686.4348,-1864.0784
-1342.5223,896.224,1955.244,715.16473,103.256874,-103.5129,-4324.6973,-982.432,-668.5235,-1279.3403
-1000.9738,726.3724,2506.9072,571.7638,179.677,-166.72401,-4631.6914,-2314.7324,233.57259,-1541.8257
-837.0597,868.2203,2726.5603,500.9593,467.7185,-60.762287,-4743.061,-2473.2688,170.96918,-1329.8202
-824.89874,674.23816,2798.3892,934.9639,458.6969,-172.82622,-4748.694,-2578.3594,601.376,-1435.9224
-1611.5095,1288.9838,2322.3218,909.3334,255.31923,-241.55678,-3820.4526,-1421.0195,-999.68036,-1860.4884
-1695.723,986.94,2147.8127,593.0195,112.21519,-81.013016,-4171.0737,-798.8312,-1211.4293,-1661.9392
-1747.2089,886.8451,2010.127,701.3004,-47.90874,-74.58567,-4018.7341,-569.65076,-1056.3392,-1676.0109
-1835.4446,1041.6378,2134.9631,804.7396,146.76373,-112.10555,-4118.2393,-288.93555,-516.07635,-1557.362
-1842.0396,1122.7333,2308.175,748.69336,158.49777,-168.27925,-3725.653,-1143.6974,-540.0005,-1793.3181
-665.4661,1247.3618,1728.8718,873.65955,515.0741,1493.9501,-2754.7341,-1546.8258,-193.28888,-764.9323
-779.95135,1257.4354,2414.0613,1096.3265,661.50433,844.3491,-3471.1978,-1651.6058,-574.9278,-521.9175
-1146.0485,1264.4869,1023.88934,760.0422,155.03255,493.74078,-3243.2854,-1673.4493,-1714.2601,-1331.5554
-914.6049,1015.42084,1312.8378,628.1107,133.63115,376.2515,-3803.7388,-1119.0219,-1654.9016,-1487.854
-1007.2882,1204.8699,2177.8699,825.4035,238.48041,430.0765,-3949.6094,-1393.4316,-1129.3997,-1375.3633
-1198.5157,1365.4364,2078.0354,789.124,331.079,127.223785,-3952.4705,-1091.8109,-1351.9347,-1608.9275
-1152.5293,943.26715,2392.0774,778.5068,244.6642,100.982735,-4173.9155,-1566.8375,-763.95447,-1626.4629
-1458.6299,838.7754,1921.7429,618.25616,-26.678919,184.18655,-3741.1772,-822.31433,-1845.4825,-1949.9662
-1673.733,763.97656,1887.0483,-12.193277,-159.49895,-107.57788,-4624.6724,-1077.2745,-1042.8146,-1917.6506
-1451.4565,775.9153,1823.4912,735.03876,17.206928,203.88611,-3736.1733,-504.45508,-1657.8994,-1525.3865
-1925.0908,672.062,1891.3931,-112.93229,-280.62384,-147.20836,-4442.878,-392.03247,-1427.7107,-2021.4976
-1742.4584,641.26636,1681.1217,230.75262,-85.180984,-37.036396,-3658.734,171.5561,-1800.0046,-1624.1534
-2037.3524,813.8359,2006.313,37.454185,-325.7643,-209.25993,-4099.139,-11.587853,-1515.6573,-1863.8219
-1769.2572,751.12646,2182.201,-198.25584,-325.1217,-112.680244,-3958.4553,-1075.0016,-1393.9429,-1861.082
-1763.7911,630.7494,1524.4855,24.635311,-237.32736,-4.6553173,-3637.386,-150.964,-1434.613,-1772.9281
-2132.7468,833.2222,1302.8293,-449.47684,-365.2061,-509.54886,-3794.631,-430.26184,-1959.3597,-2298.512
-1925.4554,508.81866,1567.9729,-344.6463,-407.7562,-286.84827,-3709.4912,-473.47595,-1471.8885,-2470.5708
-790.4348,1230.8202,1409.3224,1776.8912,704.16675,2135.2383,-3309.4475,-1270.8242,992.33307,220.51268
-677.38385,1592.465,3279.1494,1289.8135,972.64026,744.34283,-3604.559,-2150.384,880.4577,-515.0869
-308.39685,1291.5404,2977.942,1428.2876,803.43634,762.8321,-3883.7983,-2277.8647,133.02615,-1057.72
-289.0899,886.20166,3044.2168,1700.5876,870.2628,759.0926,-4284.891,-2395.5437,166.36176,-1164.72
-637.2067,761.8443,3227.751,1679.7206,635.6648,458.20874,-4453.7246,-2921.6047,383.17105,-1279.7163
159.6775,500.99927,3324.763,1848.9794,854.56116,577.91754,-4958.3374,-3224.1047,1548.228,-1133.752
-600.66943,1123.169,3050.3018,1684.3265,813.7668,-135.24461,-4649.4214,-2839.144,991.1958,-1254.4901
-919.2897,932.6399,2975.403,1709.781,528.6852,370.5897,-4591.0747,-2151.397,197.93431,-1416.0593
-1381.8115,1056.0635,2606.4539,1379.8777,263.458,100.4653,-3783.2212,-1521.832,-702.0479,-1646.2349
-1020.93933,979.99243,2678.8718,1016.93225,240.7504,94.54266,-4617.364,-1514.973,-198.17838,-1419.4424
-1204.6671,1202.4374,2830.9058,1027.4615,282.32043,70.965744,-3906.4783,-2156.4446,-510.8006,-1817.0034
-1375.6791,850.0043,2532.3599,741.9641,45.254036,34.54313,-4648.213,-1185.2318,-446.78287,-1879.8319
-1496.7878,891.108,2051.784,448.944,-91.20979,-93.433235,-4297.675,-1019.8026,-478.4152,-1604.979
-1551.4861,919.7443,2214.6523,567.7163,200.9199,-147.44963,-3956.1252,-620.25854,-1002.6169,-1450.2631
-1231.2041,643.28705,2605.6997,56.61802,26.48433,-290.31387,-4341.0903,-1884.2502,130.99591,-1661.0763
-1551.6814,978.11804,1871.056,-22.657978,14.88788,-175.37848,-4066.383,-872.2843,-1048.4456,-1884.1493
-1837.1771,964.2405,1877.3649,329.21036,-249.63368,58.26027,-4333.6797,-403.03485,-811.8498,-1559.9983
-3518.9407,-1245.4962,-1162.4064,-2408.4912,-509.11957,-2093.708,-3153.972,-1031.6636,-3410.3013,-934.4396
-1399.3463,-1182.5984,-2016.9479,-1840.0983,-255.58693,-1010.1471,-2620.2104,85.4853,-2903.294,-257.09558
-1567.481,-1418.2313,-2850.9114,-2128.2434,-800.2922,-1844.7404,-3760.9456,-234.24817,-3063.627,-1021.3685
-1789.021,-1581.6249,-3471.0786,-2093.1772,-965.28876,-1875.3723,-4276.213,-1654.1973,-2676.2043,-1109.9669
-2255.2156,-1731.0262,-3366.2866,-2010.9169,-950.2059,-2160.063,-4356.414,-2059.4646,-2661.2393,-1187.3821
-2029.9462,-1496.4688,-3534.0166,-1678.6163,-904.2867,-2181.7446,-4039.9658,-1895.0103,-2116.787,-1424.0278
-2084.6267,-1360.5059,-3604.2378,-1442.0182,-870.87634,-2158.6084,-4324.959,-2243.6685,-2031.2704,-1496.8441
-2227.8752,-1083.1959,-3503.1768,-1062.8644,-710.7574,-1886.2336,-3739.0261,-2235.2922,-1448.8596,-1396.8315
-1911.668,-1173.0166,-3523.2075,-1511.3407,-633.05035,-2133.8516,-3712.8098,-2359.6558,-1283.6665,-1423.668
-2074.7646,-1219.7593,-3415.5068,-1137.9545,-835.5981,-2235.1318,-3909.495,-2289.7014,-1709.3265,-1516.7744
-1822.0865,-1191.8326,-3475.526,-1575.3408,-513.32837,-2269.08,-3740.0522,-2423.2646,-1598.0726,-1443.6832
-2051.278,-1131.1007,-3360.1096,-1012.238,-730.7883,-2198.0056,-3626.726,-2505.998,-1220.9806,-1568.8716
-1754.2103,-1242.9615,-3370.5874,-1075.4093,-769.802,-1697.0922,-3581.5168,-2224.7412,-1076.7458,-1389.1935
-2196.5066,-1316.3163,-3348.744,-1134.6946,-816.0305,-2117.9812,-3995.376,-2577.3174,-2052.912,-1488.679
-2174.9463,-1011.51917,-3486.248,-1240.5067,-821.1759,-1817.7971,-4125.555,-2660.838,-1835.6091,-1354.4417
-2366.4797,-1141.5581,-3658.394,-787.24725,-861.81274,-1606.4906,-3948.8762,-2585.8057,-1602.5712,-1476.7888
-2041.968,-1190.5896,-3353.0156,-1143.5516,-810.22876,-2166.2812,-3431.3523,-2402.5952,-1547.946,-1500.5614
-3883.098,-1995.0852,-1434.7449,-3526.7466,-300.1892,-2694.9585,-3901.1433,-1705.7592,-3522.2783,-928.2067
-2214.4192,-1690.609,-2374.209,-1920.3529,-702.02057,-1389.6543,-3120.275,-96.92767,-2963.7056,-1064.0172
-1254.5735,-1228.9329,-2767.7424,-1273.9708,-675.5931,-904.3101,-3697.912,79.22225,-2936.833,-778.3478
-1253.9362,-1121.3687,-2712.2568,-1071.1847,-432.81943,-826.3313,-2755.2417,82.00977,-2085.4036,-527.9436
-1273.7048,-970.0731,-3041.271,-1013.0372,-560.9404,-989.67255,-4289.2153,-1285.1038,-2054.8984,-882.9511
-1113.6453,-1182.3981,-3178.7676,-1066.701,-538.79706,-1205.7672,-3628.8127,-1628.1626,-1032.5278,-669.553
-1275.3522,-1199.4192,-3367.2844,-970.54114,-653.6862,-1277.6925,-3882.2566,-1964.8505,-1147.1912,-1033.771
-1486.755,-1245.4155,-3475.314,-1299.3862,-782.12994,-1657.2515,-4277.336,-2263.6182,-1235.312,-1234.5687
-1436.9283,-1088.4585,-3330.2659,-757.143,-596.25,-1387.4824,-3729.027,-2178.004,-892.2306,-997.3248
-1654.7186,-1157.5104,-3306.6284,-679.9531,-828.3468,-1605.293,-3275.7556,-1948.6176,-883.85944,-1110.5813
-1526.1703,-1104.981,-3093.813,-965.1149,-745.6735,-1846.1272,-3842.6562,-2225.9414,-1254.4725,-1265.6318
-1532.3558,-1245.0952,-3417.9846,-836.53424,-744.1875,-1304.8291,-4442.6377,-2607.4941,-1136.1401,-1282.4797
-2097.7017,-1035.574,-3416.9067,-518.49536,-832.9594,-1480.2062,-3638.6257,-2181.3235,-1367.6143,-1257.3375
-1910.1025,-741.95166,-3271.2842,-723.80914,-688.18207,-1539.3622,-3871.6543,-2217.8923,-1303.6409,-1182.1732
-1766.723,-1078.5608,-3555.4316,-843.44763,-812.9819,-1561.4003,-3486.0623,-2333.2847,-1109.178,-1214.9385
-1955.5786,-1215.0046,-3175.9746,-753.1946,-893.336,-1668.6194,-3259.8528,-2258.5916,-812.1887,-1131.5059
-1909.9906,-974.4444,-3474.494,-810.50256,-1006.25757,-1467.0035,-3776.5657,-2308.9658,-1609.7958,-1383.1619
-5437.8374,-2617.1262,-1553.4247,-4627.315,-1108.5647,-4218.5146,-3937.4836,-2238.0217,-5366.0947,-2548.7937
-3723.2178,-3942.022,-3198.401,-4660.7817,-1840.383,-4122.3975,-5033.539,-2979.3518,-4465.0063,-2403.764
-4451.697,-4284.964,-3509.643,-4696.929,-2276.437,-4333.4766,-5846.7407,-3052.5288,-4987.7656,-2776.0999
-4538.638,-4073.1467,-3662.386,-4293.1377,-2315.8699,-4140.189,-5791.5024,-2906.53,-4945.126,-2845.0244
-4605.742,-3660.7734,-3745.9048,-3922.0293,-2270.644,-3895.647,-5802.7803,-2730.827,-5059.9165,-2574.369
-4488.532,-3516.2837,-3973.638,-3618.7483,-2257.7358,-3508.9282,-5861.744,-2853.447,-4883.1875,-2636.145
-4619.5063,-2989.0208,-3983.5864,-3130.496,-2148.8071,-3287.5154,-5557.533,-2779.7795,-4905.4067,-2434.8494
-4344.3735,-2512.9473,-3946.9207,-2339.3967,-2032.0287,-2884.8848,-5182.547,-2489.6438,-4191.2715,-2524.3745
-4249.7407,-2470.9036,-3906.198,-2560.7869,-1899.4233,-2940.0215,-5112.058,-2603.9768,-4057.973,-2395.3672
-4010.1196,-2327.6672,-3770.6868,-2466.6997,-1715.4728,-3133.7087,-4850.766,-2681.1936,-3641.8992,-2631.6147
-4053.817,-2139.0117,-3734.46,-2215.9675,-1606.7545,-3012.9697,-4712.077,-2662.816,-3420.035,-2334.2888
-3813.7334,-1748.6084,-3758.9556,-1395.2812,-1667.3237,-2452.2524,-4616.1533,-2563.2332,-3486.9812,-2299.08
-3705.0352,-1732.5996,-3813.2275,-1510.174,-1634.0459,-2478.2666,-4229.368,-2511.254,-3101.493,-2154.4465
-3498.681,-1585.1018,-3797.9463,-1587.6466,-1461.8636,-2483.2354,-4484.0625,-2666.128,-2940.3125,-2130.0803
-3341.503,-1510.7621,-3848.731,-1272.9973,-1390.4062,-2176.8003,-4677.6377,-2907.2483,-2597.834,-2071.489
-3378.5237,-1529.7161,-3951.034,-956.36896,-1277.8834,-1959.2566,-4629.2764,-3001.4893,-2741.3428,-1982.9722
-3272.023,-1639.4172,-3716.2898,-1174.4104,-1298.0795,-2367.7031,-4420.2896,-2902.5352,-2525.9756,-1983.1228
-5401.284,-2958.319,-474.32544,-4637.6035,-1271.0474,-4844.249,-2734.2979,-1899.0933,-5583.6333,-2033.3857
-3673.9307,-4561.063,-2851.3674,-5156.9575,-1832.2772,-4640.452,-5598.7666,-3404.8733,-4745.907,-2342.7327
-4265.394,-4546.5464,-3368.8003,-4972.817,-2289.96,-4704.0244,-6154.101,-3350.7532,-5078.9683,-2637.378
-4503.296,-4459.4204,-3755.202,-4752.4443,-2433.0251,-4552.697,-6258.9546,-3255.267,-5517.9634,-2588.478
-4573.943,-3935.7622,-4005.9463,-4371.877,-2556.8652,-4078.642,-6474.666,-3157.2324,-5651.777,-2615.0784
-4974.814,-3740.1191,-3948.4075,-4003.8408,-2366.1338,-4085.1448,-5593.5493,-2896.949,-5348.9785,-2671.4568
-4719.79,-3219.385,-3713.8833,-3117.842,-2496.631,-3469.9526,-5815.1396,-2802.4355,-5148.763,-2668.853
-4884.1,-2917.2283,-3867.6953,-3180.4915,-2150.4978,-3585.932,-5224.171,-2679.174,-5093.846,-2568.118
-4851.454,-2801.5388,-3774.478,-3139.0151,-2015.5552,-3615.4338,-5288.5947,-2628.1523,-4692.2085,-2640.3833
-4574.3975,-2577.9329,-3883.4878,-2111.1216,-2183.4556,-2609.503,-5805.7188,-2943.9937,-4354.038,-2662.2708
-4378.885,-2112.469,-3765.507,-1371.9247,-1926.3998,-2281.4436,-5242.2085,-2493.2004,-4313.841,-2510.1978
-4134.7153,-1978.1006,-3877.498,-1579.0586,-1736.0037,-2395.2158,-4949.13,-2630.288,-3838.0337,-2402.8772
-4117.897,-2016.7902,-3685.733,-1372.642,-1851.8506,-2393.8367,-4416.4106,-2334.9395,-3277.5923,-2505.9253
-3841.1277,-1669.8062,-3599.3506,-1375.2957,-1668.1678,-2316.6772,-4451.064,-2296.8496,-3173.582,-2278.0234
-3641.7288,-1605.6781,-3575.1763,-940.7991,-1674.4977,-2093.9158,-4180.223,-2313.1926,-3029.8914,-2324.6724
-3520.7117,-1536.1344,-3853.737,-831.1663,-1597.558,-1700.6202,-4762.129,-2729.1152,-2949.1187,-2204.118
-3545.931,-1160.8127,-3706.7305,-855.99896,-1313.8031,-2089.2656,-4787.925,-3057.1926,-2856.1921,-1970.4104
-2545.7249,7.7910657,-1924.7551,-402.13516,196.07228,-235.32072,-2878.256,-601.6991,-2569.1958,-803.3987
-742.07654,-420.61053,-1969.8164,-570.06396,-20.256271,401.05356,-2583.0696,574.13934,-2037.6853,594.4664
-553.5528,-230.69662,-2757.27,-586.4929,-184.71783,-440.60208,-3179.3525,440.63712,-2259.6538,-86.5752
-283.75104,-140.36356,-2801.366,-456.8389,148.28302,-106.43003,-3152.2476,-341.72034,-900.7976,454.3908
-358.4236,-778.54803,-2982.6018,-595.2003,-55.483147,-559.88074,-3269.7114,-667.7587,-733.8976,-81.44617
-446.63397,-522.4485,-2837.1165,-231.49608,-169.20357,-264.0297,-3208.6885,-739.2681,-553.69556,-56.744286
-458.8058,-862.6214,-3065.1167,-381.1479,-52.912956,-121.22402,-3160.3699,-668.11,-501.06244,-236.03778
-786.2996,-527.77545,-2903.6426,150.68672,-95.392784,-417.0573,-3631.7312,-954.6264,-513.0869,-360.4987
-798.0467,-285.15036,-2996.0112,-158.62793,-188.32893,-513.31647,-3287.7961,-1015.0722,-352.95187,-306.52072
-747.2343,-458.56335,-3319.1003,-549.62305,-191.05702,-693.15186,-3702.5427,-1705.531,-450.24118,-478.44907
-810.0206,-582.2446,-3307.4504,-314.00076,-220.55386,-550.154,-3604.3225,-1741.7493,-301.81638,-377.6665
-830.20447,-542.18567,-3054.9363,-10.917822,-158.41849,-500.30103,-3333.7344,-1430.6635,-302.69174,-333.44574
-1043.816,-833.76855,-3026.2861,98.82346,-367.70786,-402.99435,-3536.5637,-1596.0873,-765.4085,-562.80524
-1034.4209,-768.36163,-3233.8274,-581.71533,-556.11365,-572.7182,-3810.8145,-1627.5172,-706.046,-792.12177
-1140.6874,-570.9987,-3159.3684,-78.47424,-506.03467,-446.75003,-3160.7332,-1481.5343,-482.8887,-553.46783
-1167.088,-629.7667,-3038.5637,-222.36705,-440.3127,-609.7471,-3848.1387,-1690.1796,-759.29407,-621.63995
-1664.3768,-713.46985,-3398.6765,-296.19113,-588.3614,-886.86847,-3673.4644,-1724.2277,-1077.0771,-986.4946
-2581.5564,-1675.3397,-2095.103,-1166.6415,-206.41704,174.11874,-3824.7053,-1420.9684,-2755.7998,-738.67377
-391.51575,-258.6052,-2010.6619,-496.4178,-50.03513,615.4551,-2551.9443,296.5913,-1310.9991,277.88757
-21.224442,-164.46637,-2049.3289,-431.59418,380.78094,-76.04254,-2839.3406,1260.4626,-1265.9778,405.75555
-235.48428,-169.65904,-2208.721,-278.8856,239.4304,-369.52103,-2455.9937,983.80646,-1099.5911,190.18977
-488.62695,-334.8515,-2564.5051,-649.0247,142.3682,-838.8238,-3182.751,-13.377904,-1041.9935,7.502446
-564.89594,-727.40594,-2996.2683,-902.75024,-173.48395,-968.79193,-3454.3918,-643.93256,-1121.857,-319.93115
-995.29663,-808.95905,-3309.287,-853.8028,-353.51227,-1116.7665,-3912.024,-1597.8822,-1025.582,-608.16394
-1088.1633,-728.6381,-3277.4714,-725.72144,-399.53574,-1224.1484,-3692.3423,-1571.7184,-935.5574,-640.2645
-895.8502,-709.54675,-3516.731,-1123.996,-129.84647,-1432.9045,-3675.4243,-2141.5098,-444.6802,-625.1776
-1144.6401,-809.30457,-3564.2537,-675.6854,-353.73853,-1456.6617,-3406.8926,-2141.6924,-620.9724,-817.6327
-1175.8004,-951.8759,-3391.2766,-1074.517,-339.0082,-1815.3817,-3561.3936,-2315.6792,-309.21317,-778.4342
-1369.7136,-1000.8576,-3395.2822,-1005.3366,-472.1898,-1872.8492,-3494.2705,-2223.9531,-657.9778,-893.85016
-1121.0822,-529.47205,-3338.021,-703.014,-315.27576,-1656.6819,-3213.981,-2026.9932,-532.0018,-904.8604
-1186.2571,-837.9909,-3555.6956,-1315.2428,-243.23967,-1864.5684,-3815.5195,-2519.6829,-975.2081,-1043.2335
-1273.8802,-1189.5204,-3450.8992,-1371.224,-487.14453,-2188.789,-3661.1296,-2701.8357,-685.38965,-966.58356
-1172.8611,-849.3391,-3517.8643,-982.9115,-368.9626,-1699.6826,-3652.5876,-2416.9988,-664.77155,-1129.1322
-1348.533,-785.10657,-3468.8367,-660.375,-433.71198,-1809.0194,-3497.5227,-2417.8777,-781.0676,-1073.8606
-1141.5608,2163.8408,3364.5442,1006.7515,592.4408,616.0185,-3348.2112,-3685.0977,2327.8516,-974.6703
-363.1533,701.59216,3976.6746,1733.2365,1117.5897,672.8209,-4903.8667,-3773.5635,2181.1218,-564.52155
-676.807,441.19104,3184.7417,1690.9132,568.9596,1147.2628,-4328.728,-3571.8044,558.95557,-1695.1407
-680.09216,721.02216,3245.8582,1347.0052,491.68427,782.3371,-4868.8887,-3398.3699,213.83942,-1602.5408
-774.0021,434.53107,3027.9092,1531.0118,336.17673,655.7601,-4730.661,-3140.9988,318.29077,-1562.7361
-1371.7156,783.2566,2568.1257,1460.332,238.01073,416.1015,-4448.616,-2164.4695,-998.81433,-1954.8033
-1159.2883,445.89975,2225.0117,693.6563,-61.287926,357.84073,-4533.705,-2242.0076,-504.80563,-1858.4872
-1016.671,392.95334,2412.3672,590.0452,-122.45946,419.5787,-4625.3755,-2022.1636,-384.25235,-1710.8533
-1280.1074,610.9501,2618.4634,414.49564,50.230263,110.21718,-5137.333,-1808.2474,27.460653,-1674.5642
-1493.9875,1058.867,2632.425,861.96423,177.98451,132.9668,-4240.4346,-1338.8184,-911.7957,-1715.607
-1445.3988,785.91376,2700.6338,701.3779,29.26263,24.899734,-4556.6406,-1592.7188,-607.45013,-1952.313
-1617.404,960.76685,2207.3916,422.25156,-99.7906,132.37215,-4024.5388,-1039.7589,-1051.0842,-1925.0763
-1507.003,788.3259,2538.3403,185.60583,3.6935005,-322.9221,-4581.0547,-1782.2577,-281.36127,-2092.2664
-1221.3766,583.9655,2631.323,226.18575,-114.22852,-43.774033,-4615.037,-1734.5024,-470.8401,-2007.9603
-1352.5734,852.27496,2601.7026,501.2223,71.4724,124.87052,-4494.717,-1591.2952,-738.5613,-1899.3632
-1504.4918,756.7962,2311.9053,487.08008,-190.72443,-113.40789,-4203.0723,-1433.5276,-610.4179,-2021.7178
-1739.9406,553.41095,1860.3622,407.58084,-174.82072,-111.956215,-4195.599,-677.18524,-865.1673,-1824.9429
-1286.456,485.2147,-148.71892,1020.884,751.34406,511.62305,-2487.0032,-1238.1405,95.513336,303.04486
-521.60455,1069.5122,1048.9086,739.7072,643.4668,863.94977,-2861.2476,-56.371254,-654.25116,323.84525
197.68243,864.0393,1147.7908,678.6125,700.6661,603.22144,-3138.3936,-613.6814,90.71514,478.52264
-706.18835,1434.5591,822.5709,422.24435,671.5098,484.81158,-3028.2168,-88.616554,-242.72266,173.28532
-754.4955,1206.0966,1319.896,491.94952,690.0397,178.62132,-3134.7341,-221.63943,-467.17386,-352.73056
-1133.2693,1243.0498,874.3962,67.55933,231.36217,-230.16675,-3469.8794,-665.68164,-842.7642,-667.8807
-1109.8899,739.1507,468.8071,134.82516,44.86038,-173.04152,-3411.6658,-396.56784,-1176.3169,-985.4475
-1185.5754,994.834,1093.2559,178.86241,138.33607,145.27339,-3892.8274,-88.19188,-953.05676,-740.19727
-1567.2083,1093.4824,684.2104,-178.31122,49.94648,-206.29163,-3646.0657,-248.1146,-1440.5536,-1293.7528
-1103.4495,875.05414,1596.4882,136.24391,201.20676,-108.257324,-4219.2334,-750.43494,-575.9465,-1170.075
-1535.4037,1127.0587,1095.1965,273.57837,266.15262,-351.16684,-3230.0325,-221.18147,-1341.9972,-1404.234
-1361.1082,557.0073,1209.0016,155.06322,-11.34719,-150.53712,-3692.1785,145.49414,-1129.407,-1364.317
-1987.2029,1284.9193,1595.1603,153.57901,-9.025955,-146.1325,-4244.861,-172.97502,-823.63464,-1393.84
-1725.6216,1271.2406,1653.5745,384.8878,88.43172,-200.82489,-3303.8809,-86.67218,-1141.0985,-1359.8379
-1806.7704,1171.9381,1888.8595,-14.0331135,-28.44914,-313.17868,-3993.7524,-167.40208,-1604.5714,-1686.7943
-1714.5596,1184.2303,2268.328,264.906,-18.632307,-152.65852,-3936.0535,-227.3802,-1370.839,-1644.299
-1841.9219,1189.2693,1423.0201,316.53513,-137.7239,-214.91843,-3033.0583,32.17561,-1838.4353,-1677.1112
-4453.9243,-2353.509,-1004.0957,-4266.036,-784.588,-3824.968,-3295.843,-1548.0782,-4434.911,-1515.0034
-2899.4521,-2849.8906,-2461.878,-4249.226,-1055.8086,-3462.8403,-3904.6536,-1649.4381,-3506.1494,-1387.2118
-3498.2922,-3109.248,-3080.913,-3586.958,-1901.818,-3427.506,-4617.5176,-1760.4818,-4232.0283,-2134.8508
-3499.1167,-2723.2534,-3648.2087,-3044.8413,-1964.5234,-2919.854,-5332.68,-2411.5312,-4596.4185,-1983.0441
-3554.9897,-2486.533,-3816.3853,-2707.4128,-1633.0286,-2673.2007,-5086.753,-2332.0027,-3772.863,-2102.0413
-3469.863,-2259.009,-3810.1946,-2398.2363,-1652.2919,-2754.4497,-5442.411,-2747.976,-3923.4792,-2162.8665
-3686.9392,-2061.384,-3835.4907,-2162.5715,-1275.0353,-2829.567,-4314.94,-2495.9177,-3259.467,-1965.0929
-3524.9905,-2010.635,-3746.0889,-2214.0085,-1293.1205,-2825.175,-4730.049,-2500.2297,-3192.9546,-2177.7014
-3368.275,-2059.3042,-3773.817,-2338.4883,-1250.1716,-2745.5728,-4888.909,-2664.628,-3168.6084,-2052.6423
-3495.6208,-1784.9215,-3592.9556,-1762.0857,-1320.6843,-2581.3142,-4465.8667,-2746.6194,-2834.7112,-1916.2417
-3044.656,-1666.6837,-3707.6404,-1919.9795,-1195.0409,-2569.1487,-4402.451,-2699.4658,-2640.825,-2044.779
-3046.025,-1448.2538,-3770.011,-1480.9536,-1128.5352,-2525.5435,-4035.216,-2734.9155,-2482.4854,-1883.6642
-2917.18,-1544.7897,-3657.0188,-1626.5214,-1100.5873,-2585.5317,-4057.9568,-2896.2004,-2221.1807,-1847.1656
-2891.0525,-1243.0287,-3724.3198,-1500.425,-1017.5489,-2441.9253,-3938.7102,-2754.4016,-1935.4921,-1960.1941
-2956.9656,-1370.347,-3714.8257,-1338.9022,-1085.3728,-2579.0547,-4034.0916,-3066.3284,-1813.6277,-1818.2216
-2809.2205,-1445.1438,-3804.1248,-1417.2102,-1087.0721,-2426.8113,-4400.863,-3066.9985,-2127.6094,-1946.852
-2703.906,-1628.4858,-3819.7554,-1314.9948,-1071.9469,-2403.9912,-4417.7847,-2951.7595,-2218.8594,-1904.4564
-4059.6477,-1793.7838,-2067.4753,-3007.0193,-98.35837,-2528.7305,-3718.8918,-1505.2109,-3712.5447,-878.62396
-1662.1854,-1948.8752,-2445.3389,-1924.7543,-967.25684,-1280.2948,-3553.7036,-445.861,-2460.031,-699.90283
-995.5777,-1742.8518,-3269.5613,-1970.021,-1051.6578,-1616.0996,-4525.421,-923.096,-3031.098,-692.0873
-1337.5557,-1215.6056,-3255.9143,-1310.2538,-644.2534,-1416.7433,-3628.6416,-1068.3696,-1837.5154,-533.81683
-1478.1759,-1419.9978,-3212.6345,-1315.461,-703.08484,-1781.3738,-3643.7468,-1461.9462,-1529.4508,-949.4216
-1398.1516,-1228.5968,-3448.2688,-1095.2487,-650.5067,-1471.0085,-4053.5298,-1783.9895,-1574.1229,-986.55054
-1694.4377,-1123.8617,-3291.9604,-1057.3273,-694.2664,-1619.4027,-3682.5022,-1762.4149,-1297.0006,-996.3274
-1671.0786,-951.4415,-3419.2817,-818.80365,-682.64624,-1609.8276,-3914.6172,-1896.309,-1567.0681,-1222.1586
-1543.3501,-871.1025,-3444.912,-980.5518,-552.9411,-1344.8798,-3587.3308,-1984.1649,-968.54645,-983.1071
-1313.9049,-932.74347,-3591.0286,-1040.5651,-500.39877,-1627.3162,-4083.1262,-2509.393,-1102.7329,-1242.8975
-1716.1803,-1073.8229,-3566.7185,-1221.5764,-514.70776,-1988.7498,-3848.4448,-2690.0442,-664.76013,-1092.9019
-1764.9923,-1171.6625,-3498.3333,-1125.5563,-636.80927,-1871.0299,-3867.0735,-2585.8115,-700.65405,-1220.6111
-1684.8959,-685.16797,-3464.6416,-1059.7351,-560.141,-1817.3047,-3703.283,-2403.865,-767.27734,-1179.7832
-1691.6495,-1071.9944,-3465.7913,-906.86383,-669.24567,-1800.2444,-3344.155,-2321.9075,-766.79285,-1339.9937
-1581.7661,-732.1148,-3460.0056,-897.26794,-528.8006,-1878.4911,-3839.794,-2566.982,-1310.6501,-1178.5983
-1886.8889,-990.35077,-3533.5945,-1035.8381,-716.09375,-2063.5623,-3911.0469,-2840.419,-1073.4847,-1309.9615
-1582.5139,-1078.4198,-3611.5083,-907.24915,-547.3582,-1915.0387,-3554.6863,-2669.3308,-721.81616,-1237.638
-933.13226,755.81586,-936.67456,976.60504,817.4891,1563.1561,-2939.349,-1067.2385,667.31354,832.9013
979.27185,676.2966,1016.6081,2270.848,1961.7554,1994.9121,-1193.9989,3624.6382,832.512,2392.461
2223.6719,1817.8851,1072.783,1525.8973,3256.562,1608.5894,-897.4016,5219.893,1721.8434,3744.6235
3442.0906,2715.2153,2269.2888,1815.3169,4351.3726,2332.367,1303.7509,5934.955,3079.589,5001.297
4169.105,3870.841,3154.4182,2657.839,4809.645,3525.6052,3480.5107,6283.9717,3620.8228,5613.794
4221.9746,4600.652,3740.0354,3883.5955,4996.4976,4488.976,4603.292,6409.129,3610.0781,5806.5835
4421.171,4767.081,4209.382,4567.7046,5054.2124,4724.4224,5030.989,6431.6294,3451.9897,5845.267
3701.2947,4815.034,4204.6646,4637.7383,5048.7407,4623.151,5481.5986,6417.831,3217.8774,5840.5264
4330.818,5218.6094,4271.1006,4497.126,5077.847,4817.115,5361.7812,6442.597,3641.0745,5860.547
4781.101,5158.134,4535.475,4808.943,5102.8354,4862.429,5388.548,6469.976,3781.987,5869.451
4620.949,5244.256,4443.289,4772.3613,5124.0796,4775.03,5681.8535,6456.8345,3862.8943,5874.3877
5091.5503,5274.888,4568.493,4733.2305,5123.551,4906.0156,5438.912,6482.411,4287.208,5877.0005
5044.8145,5377.1787,4638.171,4774.355,5139.6353,4894.872,5211.8657,6490.184,4487.402,5880.3677
5003.93,5382.109,4655.985,4750.1416,5156.678,4982.4253,5028.2617,6499.376,4356.9937,5875.6855
5160.8784,5286.073,4647.808,4883.615,5153.589,5061.8413,4821.8896,6495.004,4652.909,5877.7812
5226.066,5359.7217,4687.077,4834.5327,5147.0264,5042.251,4960.7827,6490.88,4582.887,5878.972
5115.2515,5436.6885,4681.041,4847.9067,5129.721,5017.9116,4923.332,6477.146,4538.757,5881.9346
-494.1137,1510.0154,2774.5056,2231.1978,791.88916,1501.8364,-2901.0874,-2170.2354,1332.4324,-434.57687
-449.96982,1111.5486,3658.9724,1561.2695,1063.6547,833.5878,-4390.2476,-3099.9695,352.34747,-847.2697
-335.91272,400.96027,3722.7678,890.4004,377.8798,1048.6942,-4980.7085,-3997.8154,1013.1637,-1605.1503
-35.517635,-60.518356,3373.0837,1588.5549,480.02777,945.1465,-5321.344,-3713.286,1287.8973,-1312.6064
-785.6111,619.2113,2914.774,1782.5754,526.3845,303.56607,-4332.147,-2613.5027,-273.53287,-1238.8252
-307.60165,303.541,3082.7307,1616.7931,625.7345,776.77325,-5377.9756,-2615.4568,582.34937,-1292.8767
-1043.5778,886.38574,2619.013,1929.7583,515.2439,712.27344,-4000.2085,-1238.2755,-559.5587,-1013.4068
-686.6857,485.7025,3143.2488,1458.2893,322.9413,406.0471,-5110.9146,-2852.8577,296.2817,-1053.6719
-1109.2764,714.4402,2698.1125,1268.0514,203.29436,508.8472,-4706.2314,-2111.5193,97.82887,-1491.9376
-1510.4225,921.4018,2733.2307,1038.2981,103.981186,24.71505,-4403.4434,-2080.496,-715.85516,-1762.467
-924.41034,782.9803,2948.033,1017.84576,228.41676,316.09003,-5032.2075,-2089.8508,28.940346,-1521.6736
-1788.9058,997.59955,2201.8455,957.10913,100.2789,141.1001,-4118.877,-1043.9545,-600.8915,-1626.3318
-1743.8014,959.2754,2293.3066,809.03925,21.911566,125.31622,-4024.091,-706.77435,-950.8519,-1560.8024
-1916.8011,1119.4302,2233.5986,288.42276,-111.87457,104.32135,-4314.77,-863.2556,-1249.6937,-1846.4352
-1828.1305,870.738,2171.5303,614.1016,-111.22567,107.201965,-3990.8418,-630.0176,-801.13367,-1735.9878
-1856.3397,1165.4913,2126.5305,601.35046,-75.81184,0.41884017,-3901.9866,-460.94965,-1040.7721,-1616.222
-1697.7166,1111.4191,2442.6099,71.074135,18.360958,-307.9372,-4497.656,-1373.104,-350.89304,-1741.9001
-4182.279,-1412.962,348.3972,-3918.9314,-563.4643,-3978.0627,-2970.029,-536.9182,-4454.7183,-1306.5751
-2425.002,-2347.9392,-1864.3098,-3241.6482,-930.2075,-2947.1936,-3012.8513,-838.5032,-3709.5017,-1476.1765
-2496.2488,-2701.3438,-2852.0671,-3452.5833,-1572.2811,-3097.0273,-4491.229,-1630.5098,-4163.361,-1674.2609
-3392.0542,-2830.2224,-3098.9827,-3254.7783,-1558.9137,-3209.0715,-4700.447,-2052.1648,-4189.943,-1934.9772
-3452.6729,-2324.887,-3544.1514,-2931.2458,-1728.4489,-2951.468,-4890.2754,-2133.8037,-4040.2483,-2115.5698
-3632.353,-2473.574,-3540.48,-2354.7815,-1612.0118,-2808.4407,-4252.725,-2223.7324,-3490.5466,-2092.5156
-3566.8352,-2202.992,-3716.533,-2635.301,-1589.8301,-2815.8613,-4790.6147,-2237.1833,-3540.5532,-2257.1516
-3451.7358,-1974.319,-3609.146,-2076.2744,-1460.4962,-2678.9268,-4326.9604,-2333.3784,-3090.6926,-2120.6328
-3420.7585,-2012.6919,-3584.317,-1898.9124,-1463.7651,-2744.8945,-4112.7964,-2574.915,-2668.2622,-1911.9075
-3397.6611,-1651.8289,-3705.8281,-1577.1396,-1499.5554,-2555.7803,-4127.3467,-2360.3655,-2863.1357,-2004.2308
-3074.7769,-1628.6583,-3342.0823,-1310.6445,-1373.7213,-2617.066,-3241.9314,-2188.1624,-2604.0647,-1981.8636
-3046.516,-1452.3461,-3684.1592,-1416.4696,-1353.1449,-2260.9026,-4115.9565,-2485.6692,-2663.8323,-1949.7765
-3260.0408,-1535.1655,-3652.751,-1589.2533,-1215.8536,-2669.6353,-3991.9592,-2620.3623,-2677.615,-1725.6558
-2980.8416,-1133.1116,-3715.1453,-1277.4587,-1189.9448,-2255.925,-4162.285,-2648.5176,-2792.6204,-1842.0311
-2805.7976,-1418.7819,-3706.6672,-1165.6095,-1192.3796,-2234.5884,-4004.5803,-3058.343,-1608.4438,-1690.5071
-2785.4575,-1169.6548,-3759.9116,-890.281,-1025.8925,-2148.1692,-4214.9556,-3009.0024,-1957.9352,-1816.9327
-2797.1992,-1260.8497,-3506.7324,-784.7056,-974.86646,-2350.2703,-3493.382,-2851.115,-1526.9237,-1678.4005
-5190.7197,-3543.1853,-1225.3606,-4726.5757,-985.57324,-4588.718,-2928.8062,-3224.633,-4779.8604,-1494.9437
-3929.0542,-4176.839,-2811.3066,-5039.921,-1910.1495,-4584.094,-5022.927,-3427.0151,-4903.986,-2635.2576
-4371.7383,-4673.065,-3440.5073,-5017.882,-2519.4504,-4684.8657,-6114.059,-3559.6343,-5354.314,-2898.2095
-4210.255,-4489.2666,-3889.4531,-4779.168,-3022.575,-4171.7505,-6815.2573,-3603.2031,-5246.8267,-2556.8818
-4613.9116,-4058.8115,-3964.336,-4299.6597,-2563.1294,-3921.7175,-6074.119,-2822.2502,-5224.349,-2652.6807
-4438.1094,-3835.7312,-3837.8335,-3632.6213,-2586.607,-3680.968,-5836.367,-2748.1704,-5161.4946,-2669.8337
-4737.979,-3276.7007,-3862.2637,-3632.497,-2294.661,-3717.4426,-5466.8687,-2546.2163,-5325.2964,-2644.2307
-4651.9062,-3216.944,-3833.9104,-3416.963,-2307.0112,-3593.643,-5618.893,-2428.9084,-5170.4478,-2739.8264
-4883.8877,-2649.731,-3757.439,-2926.7063,-2189.7458,-3358.7788,-5182.8643,-2219.524,-4922.961,-2855.6023
-4606.3423,-2351.3782,-3833.8596,-2597.6086,-2077.7263,-2985.079,-5250.179,-2251.012,-4442.9033,-2777.0037
-4350.8657,-2159.2444,-3835.3726,-2026.7992,-1967.5283,-2594.85,-5191.642,-2339.618,-4097.326,-2606.4023
-4271.088,-1932.1615,-3657.691,-1830.4701,-1717.4323,-2799.0186,-4487.7603,-2458.62,-3428.0366,-2359.699
-4041.159,-1761.9115,-3595.6575,-1398.2904,-1798.9072,-2520.8093,-4407.489,-2348.1455,-3251.1787,-2417.0273
-3852.448,-1451.2012,-3617.35,-998.65125,-1738.2727,-2268.5723,-3924.6357,-2403.2876,-2852.2405,-2244.4868
-3566.4934,-1591.1189,-3762.794,-1196.8757,-1568.3492,-2025.0845,-4642.2026,-2741.7795,-2853.579,-2217.4675
-3769.4656,-1247.4565,-3824.4958,-830.2447,-1472.4404,-2066.421,-4643.465,-2970.4011,-2887.0679,-2236.3435
-3532.3345,-1339.6871,-3819.8704,-1434.3247,-1361.9519,-2402.9802,-4564.915,-3000.4502,-2779.3103,-2119.956
-1248.9427,1224.8611,-969.8374,614.59155,928.1094,1212.8606,-2871.839,-1073.975,-329.14447,346.11322
-454.50116,1102.0372,1670.8627,1415.8507,907.49335,1168.4366,-2111.4216,-249.16008,105.21418,-101.128845
-9.096384,1321.3253,1471.6151,995.0791,1003.4341,831.06165,-2708.1443,-40.050446,-485.35437,-92.01289
-161.38805,1441.3616,2212.7678,1108.834,964.2597,424.43823,-3157.9363,-1193.0022,-160.09053,-451.8961
-715.08234,1311.8724,2285.7368,718.2439,674.6655,-395.14673,-3239.1316,-1375.4402,-576.01373,-983.46405
-972.24976,1429.5945,2216.076,784.5131,467.7512,423.5988,-4085.5322,-910.32965,-83.03103,-994.3302
-1199.7837,1726.4525,1979.9364,951.87714,486.2833,87.26725,-3083.2207,-818.8044,-1026.9261,-1059.4143
-1311.9373,1244.7289,1992.5958,567.08026,208.83427,42.10291,-3903.4526,-647.9253,-1224.712,-1316.3638
-1357.1973,976.08795,1224.3099,294.09357,107.15899,-208.23257,-3150.4453,-197.035,-1768.2655,-1349.9652
-1431.961,849.09283,1645.5848,220.59068,-8.283499,197.43828,-3891.9495,-279.85388,-1547.8337,-1521.3458
-1596.8055,968.66595,1455.98,157.4644,-30.533905,37.97294,-3883.1816,133.9068,-1233.719,-1468.3771
-1741.904,1188.7473,1694.124,248.39464,35.752186,-20.761782,-3494.3909,158.17757,-1664.1442,-1418.204
-1624.1117,1174.9589,2007.9176,-40.668915,88.11535,-26.826408,-4212.0327,-302.93564,-1735.3685,-1779.8672
-1814.015,805.10095,1128.6847,131.34004,-246.36194,-294.21783,-3496.8596,-293.07404,-1289.0654,-1520.5604
-1875.3893,910.7968,1257.2618,-386.47296,-296.44925,-411.88245,-4082.365,29.846626,-1756.457,-1836.2249
-1821.1233,858.66785,1221.5032,-258.5891,-177.9187,-161.61647,-3714.2986,252.80241,-1978.7223,-1562.5355
-1768.6233,529.10474,1806.4324,236.4217,-66.40327,-339.27393,-3887.7756,115.9746,-1014.9031,-1637.645
-2671.0842,-951.63055,-320.89978,-1708.567,-395.82678,-983.8105,-3505.2214,-1424.5765,-2356.3647,-820.71924
-950.643,-377.46112,248.58133,55.34594,-444.16196,556.2149,-2651.5845,-166.71007,-1941.4152,-1032.2487
-533.3704,82.27006,-10.988589,-155.45747,-101.069374,230.17737,-3362.2583,723.5281,-1590.7148,-502.1441
-705.5151,-266.38574,-880.44763,-75.41749,-127.02193,-140.14095,-2569.464,1165.6747,-2084.1062,-191.98477
-802.5609,-524.29156,-1285.4833,-78.03691,-297.05737,-141.94516,-3316.5247,911.63135,-2182.7017,-389.5939
-659.0714,-589.9336,-1519.8098,297.7198,-2.956632,171.72826,-2856.513,1276.1812,-1623.2585,-347.16028
-942.1798,-1001.11707,-1984.8615,-91.27214,-195.27507,-493.00082,-3335.7866,548.3194,-1624.4626,-657.9321
-981.3396,-774.27216,-2318.4272,-436.17603,-88.517105,-264.9394,-3672.324,414.99014,-1462.6115,-405.23615
-779.8086,-305.63773,-1938.7452,93.91893,144.13603,-145.48898,-3217.5286,253.35078,-531.588,-164.29768
-517.2495,-432.76154,-2107.2007,107.04208,278.2475,-40.18547,-2627.893,747.4921,-590.2418,-239.0133
-922.60547,-169.76483,-2539.398,-266.11685,-98.14403,-533.89465,-3645.6216,-567.8853,-1043.2476,-589.28357
-832.5443,-475.25284,-2830.865,-431.58826,-30.46484,-226.47227,-3197.6677,-589.26685,-413.40436,-395.1512
-1437.516,-607.89703,-3193.6694,-114.493164,-539.50134,-833.7509,-3555.825,-1787.1672,-1168.3794,-896.09436
-1673.9679,-961.4258,-3363.1074,-699.81604,-584.2063,-1245.6461,-3665.8665,-2213.3713,-980.4839,-923.16614
-1502.1404,-762.6047,-3323.1052,-646.7541,-680.63574,-1040.2352,-3692.8694,-2120.6257,-842.35425,-988.65424
-1624.3253,-658.3415,-3380.4058,-730.2387,-589.7975,-1386.3629,-3196.5125,-2167.0945,-722.5714,-1030.4417
-1652.4578,-937.5829,-3622.7603,-1034.8606,-666.6284,-1380.3495,-3684.3943,-2342.9958,-979.5866,-1196.4417
-751.72,1194.856,-805.491,1168.9651,781.5905,1037.8605,-2927.4868,-226.31602,-73.00265,64.789215
519.9079,444.73624,2245.5703,2641.8206,1749.294,1572.9965,-885.7671,3154.1958,-156.79413,1391.8124
1241.9873,1216.1854,1176.9844,1384.5563,2217.1218,1495.7845,-1617.1208,4014.5693,-412.22012,2556.481
2096.623,1222.9895,1466.2971,1919.894,3246.3079,2025.5455,94.50293,5058.0366,824.38153,3579.9426
2375.1697,1696.8278,1458.8488,1692.2831,3903.1455,2086.769,1320.9799,5516.718,1745.0754,4448.701
3283.579,2252.939,1734.8905,2284.9182,4514.475,3254.6167,2974.2014,6042.566,2911.7456,5206.5757
3603.7227,3873.9202,2892.0823,3129.7803,4825.9165,4196.089,3301.4446,6273.0723,3392.3804,5705.2617
3433.175,4559.4014,3611.1128,3891.1782,4971.755,4611.8594,3819.6072,6352.0933,3360.3945,5807.199
3672.8127,4850.662,4195.1777,4507.24,5050.3843,4886.978,3668.887,6435.936,3662.2297,5839.1133
4333.396,5094.2197,4568.8013,4846.721,5085.9785,5036.423,3445.0693,6455.9805,3988.9004,5864.3096
5066.225,5141.048,4700.085,4891.7554,5091.9233,5044.5044,4210.7485,6463.3394,4029.9004,5875.1675
4772.29,5288.887,4663.3794,4963.3735,5111.294,5078.6167,4638.3955,6464.749,4092.7874,5876.143
4819.3623,5179.033,4752.327,4927.011,5119.101,5103.8193,3993.5344,6456.0645,4168.9287,5875.9756
5249.224,5342.4536,4722.3447,4843.7163,5117.4805,5085.083,4946.76,6479.8896,3860.683,5878.12
5180.4463,5348.4453,4615.782,4978.57,5129.4854,5021.6367,5185.164,6443.921,4753.6523,5883.077
5168.7183,5331.8887,4719.5767,4876.372,5130.011,5009.3174,4633.1777,6457.6626,4718.2197,5879.26
5248.4155,5305.2324,4721.649,4851.9014,5124.296,5052.335,4727.6685,6468.906,4466.8604,5879.2134
-2119.7244,-894.11066,-1455.4271,151.99747,16.235296,496.8637,-3580.4502,-1730.4087,-1352.5078,-690.62213
-784.38293,-163.38533,-1865.703,-55.651413,-207.5949,446.8377,-3093.701,267.64725,-2217.7441,-132.78265
-363.39154,-452.3302,-1995.2133,68.747826,6.249894,339.30908,-3062.5032,1573.3992,-1962.054,262.03848
-369.54813,-232.9541,-2065.367,-183.28963,366.6408,221.6487,-3100.448,1450.9424,-1611.3467,480.92416
-626.6703,-736.3207,-2382.531,-325.32327,45.771374,-339.91415,-3290.7705,457.49557,-1615.0531,127.00335
-502.07513,-993.26587,-2573.0781,312.30627,226.11092,248.33553,-3557.3665,221.7559,-1136.675,16.948715
-670.373,-650.17114,-2504.623,212.43272,204.77216,233.265,-3542.9795,322.34448,-664.5247,133.79984
-573.7124,-518.5696,-2593.874,125.88499,221.1482,-126.146576,-3125.9846,174.07458,-467.35522,-29.695244
-584.5658,-628.83795,-2941.7666,-418.87033,35.121502,-390.54105,-3588.2373,-305.92285,-846.1589,-319.7885
-1146.1421,-762.2761,-3443.8137,-277.2835,-156.25787,-737.0163,-4077.7024,-1657.353,-949.10834,-738.9849
-1220.3228,-925.37134,-3320.7883,-685.6955,-293.6393,-752.4235,-3691.9214,-1252.352,-519.1557,-462.4534
-1316.1024,-832.85516,-3313.178,-285.6923,-483.43805,-792.2592,-3384.962,-1349.6852,-1040.1375,-896.15283
-1228.4719,-695.994,-3298.994,-660.79694,-572.7643,-968.2878,-3637.6746,-1753.0143,-817.13293,-810.1143
-1316.7936,-912.4677,-3591.308,-274.00046,-468.59137,-326.1875,-4033.642,-2020.7654,-891.4086,-871.86334
-1561.8933,-1154.3478,-3549.4224,-755.9242,-567.41986,-1431.1453,-3838.4404,-2162.8123,-1157.8613,-1045.7072
-1666.222,-1071.1533,-3184.0183,-833.7515,-627.2775,-1212.1312,-3741.279,-1936.2053,-998.4504,-931.65875
-1554.6945,-915.6045,-3443.3125,-750.77185,-644.13196,-1110.3524,-3768.4585,-1911.5068,-1379.2941,-1066.253
-1826.8911,-504.24036,-893.8908,506.46268,440.44656,881.26184,-3682.511,-2127.4807,-355.69055,-82.15397
-655.7794,721.45026,1427.8281,1016.33655,398.3466,729.36475,-3376.4656,-1163.1954,-966.7352,-404.94897
-851.3106,651.7465,991.2709,1242.9694,358.51865,287.38538,-3400.3816,-706.82245,-1383.8728,-1247.3615
-237.01186,655.53735,1907.932,736.70233,455.38553,297.02585,-4324.51,-2015.8328,-4.8268166,-724.1341
-926.2203,1228.1301,2023.5464,691.2329,395.85706,-26.25418,-4259.1904,-1800.2443,-247.5718,-1348.6079
-830.89703,1139.6365,2302.281,1141.826,462.8689,-26.10781,-4076.78,-1398.2732,-669.2761,-1122.5713
-1246.2296,1190.9175,1767.3616,612.5726,337.96594,-44.67259,-3856.659,-698.1312,-1448.9136,-1312.7429
-1432.0343,980.6438,1973.6437,580.8413,22.477278,-222.5209,-4193.4395,-1281.3081,-1260.688,-1590.0455
-1510.603,928.74164,1969.3541,241.54274,13.202041,-85.771324,-4331.782,-753.1661,-1170.2603,-1755.5132
-1414.3628,875.2113,2440.6584,455.7762,54.0192,-382.363,-4225.253,-1151.8309,-1149.3147,-1584.2462
-1338.812,928.6069,2356.1638,251.10341,45.86994,-202.55716,-4606.3525,-1263.3788,-1069.3534,-1748.3647
-1432.9283,769.8784,2352.4841,623.7279,76.339195,-100.34955,-4366.017,-1123.3014,-674.3837,-1637.968
-1463.1326,1020.62354,2494.0825,785.3956,269.5567,-5.5024033,-3967.2646,-889.4475,-595.46466,-1531.8617
-1490.1195,827.00696,2209.5562,435.41394,5.6945386,-124.25093,-3913.7876,-1112.2086,-797.669,-1790.5491
-1618.1328,897.20917,1958.4802,-329.91498,-112.55548,-406.7263,-4204.3584,-780.8368,-1305.6753,-2001.173
-1781.8223,471.5924,1824.7018,90.425575,-329.62692,-137.26006,-4197.1245,-501.4415,-798.6744,-1750.7528
-1824.5981,1154.6816,2039.476,44.477203,-104.946724,-377.61444,-3961.799,-665.534,-1016.7959,-1658.2509
-5644.4956,-2962.8496,-350.571,-4849.307,-1531.4749,-4911.538,-2517.5464,-1907.1499,-5555.105,-1678.7192
-4009.983,-4735.3716,-2973.8442,-5346.12,-2200.352,-4814.9277,-5951.8804,-4305.311,-5381.7627,-2745.5806
-4741.023,-5102.891,-3581.3386,-5241.4644,-2645.6345,-4832.3516,-6786.885,-3988.2195,-5499.5757,-2850.3896
-5074.7017,-4919.1665,-3562.6929,-5099.4795,-2570.4026,-4743.149,-6594.0366,-3429.0208,-5879.3438,-2984.3555
-5102.7686,-4646.0493,-3832.0803,-4823.428,-2691.0005,-4558.3945,-6420.8047,-3155.8374,-6047.6353,-3049.7473
-5187.348,-4091.2712,-3890.9075,-4373.0557,-2604.357,-4262.399,-6019.5693,-2943.9487,-6018.8115,-2967.9702
-5008.2993,-3777.8435,-3879.3442,-3674.434,-2547.9348,-3964.3206,-5837.148,-2744.1538,-5713.644,-2945.0935
-5099.1504,-3357.5906,-3815.462,-3599.1836,-2321.3137,-4076.1924,-5024.184,-2413.3845,-5476.5156,-2987.8406
-5103.721,-3153.3792,-3745.655,-3339.477,-2471.3093,-3780.0552,-5458.4854,-2488.8826,-5535.0415,-3033.2266
-4835.928,-2711.887,-3800.0747,-2313.7625,-2314.057,-3117.677,-5385.626,-2648.4658,-4957.7627,-2822.5903
-4720.3184,-2610.1716,-3923.455,-2279.9285,-2334.1973,-2930.3142,-5032.9766,-2580.9111,-4835.1367,-2732.692
-4731.5757,-2477.4978,-3789.6272,-2375.3833,-2205.911,-3011.1548,-4957.0557,-2368.6514,-4657.8857,-2686.424
-4573.7456,-2059.4768,-3856.6675,-1686.4894,-2126.496,-2525.133,-5134.1694,-2571.176,-4508.056,-2477.1511
-4428.487,-2107.0837,-3961.1816,-1690.5513,-1998.1244,-2366.944,-5578.9336,-3056.708,-4210.8003,-2395.8967
-4311.946,-1845.0593,-3898.2947,-1402.4563,-1830.5769,-2449.718,-4644.8916,-2809.2305,-3403.906,-2371.4192
-4016.3726,-1949.0332,-3740.1382,-1387.9874,-1816.268,-2316.0972,-4626.381,-2844.5247,-3108.17,-2434.1467
-3953.7402,-1951.2067,-3706.633,-1412.8145,-1715.4513,-2649.0637,-4279.96,-2548.0215,-3052.139,-2403.0244
-5915.903,-2657.7468,-522.9752,-5218.3315,-1171.2161,-5034.1855,-4493.782,-2139.9053,-5589.981,-2022.1536
-4758.3086,-4586.152,-2670.39,-5381.1963,-2044.4042,-5009.972,-5901.163,-4237.032,-5078.3047,-2934.659
-5103.105,-5009.2827,-3318.1372,-5249.0615,-2708.495,-4924.8755,-6722.2905,-3969.373,-5562.0205,-3133.2415
-5141.696,-4737.002,-3589.899,-4984.7476,-2646.5771,-4650.4404,-6890.701,-3219.191,-5797.292,-2884.65
-5074.8354,-4344.1504,-3628.4639,-4469.486,-2353.6045,-4570.622,-5646.013,-2740.2036,-5919.2476,-2994.825
-5058.386,-4092.7935,-3884.7693,-4466.0103,-2755.652,-4352.853,-6106.121,-2942.1665,-6135.376,-2818.8525
-5056.385,-3692.0107,-4008.1438,-3606.4302,-2684.534,-3904.37,-5980.1045,-2679.5107,-5843.8877,-2717.571
-5084.412,-3542.612,-4038.9387,-3661.3647,-2550.5137,-3773.8057,-5420.722,-2467.7417,-5516.5835,-2770.294
-5036.4707,-2926.1199,-3932.9631,-3002.4275,-2461.7854,-3544.583,-5340.532,-2408.2168,-5456.6626,-2664.3967
-4957.1235,-2763.3213,-3789.3652,-2584.776,-2368.5938,-3241.045,-4990.7,-2352.2732,-5149.7,-2693.1902
-4864.439,-2386.6082,-3684.643,-2226.487,-2184.4578,-3049.9592,-4947.0283,-2308.8804,-4748.0254,-2738.4998
-4617.8916,-1953.0149,-3882.0552,-1558.3246,-2161.21,-2600.5269,-4982.542,-2834.659,-4546.9824,-2425.7651
-4610.5547,-1744.1321,-3800.1729,-1456.3904,-1983.823,-2565.0376,-4529.6235,-2318.7432,-4128.8345,-2508.208
-3864.7798,-2190.605,-3702.1145,-1134.4066,-1839.0801,-1912.2178,-4919.6772,-2850.0527,-3457.8828,-2298.0962
-4106.6978,-1774.3418,-3370.199,-848.91144,-1723.6476,-2249.6116,-3786.1023,-1748.938,-2841.287,-2398.858
-3737.5352,-1586.1625,-3423.4243,-1299.5234,-1789.6315,-2064.5427,-4734.716,-2302.0063,-3347.905,-2227.4438
-3866.0881,-1603.3613,-3614.3694,-699.74994,-1671.454,-1963.6677,-4407.6836,-2479.399,-3032.17,-2103.8289
-1601.5272,1462.5328,2185.3296,736.53564,332.4735,2024.3219,-3726.975,-1976.7101,401.53143,-617.5356
-911.05963,1390.7793,2495.5425,2110.5657,1060.0024,457.19193,-2750.1528,-1054.5844,195.55019,218.2082
-999.30695,1252.5531,2716.0771,1427.8394,878.9777,729.69806,-3546.778,-478.77747,-734.279,-1043.4629
-918.2799,1478.2587,3048.8608,1528.8457,880.7643,844.21356,-3715.3823,-1675.567,24.268345,-709.0103
-888.4643,894.55585,2829.948,1589.7795,458.15564,795.281,-4035.2705,-2523.0269,59.60356,-1328.7065
-954.62634,1020.04987,2794.5496,1199.6205,601.8708,479.8392,-4267.16,-1954.7579,211.50018,-1022.0195
-1654.9478,1441.7689,2242.2761,1175.3524,264.2238,259.49316,-3938.4917,-1228.4816,-942.76166,-1044.367
-1766.7852,922.31586,1368.3578,673.04846,-77.3077,113.81412,-3724.8762,-980.0545,-1623.8593,-1429.8672
-1573.1603,664.71124,1047.1517,649.0205,-132.65054,450.78546,-4055.4617,-627.0966,-1324.4539,-873.8817
-1788.5546,1200.5813,1494.41,506.10126,29.084627,399.6572,-4140.12,-185.81854,-1371.8909,-774.14886
-1898.2716,1152.6881,1568.9147,795.3566,111.17647,229.60048,-3659.7722,296.07892,-1183.5151,-923.5012
-2138.468,1357.8975,1474.8339,491.0925,54.80806,-140.98244,-3255.6091,-322.33194,-1785.476,-1765.1097
-1825.2019,1052.3319,1938.442,408.09644,-0.74369067,-125.77392,-3796.9531,-277.29935,-1552.3926,-1633.3016
-2098.5864,1240.4823,1730.1469,77.94903,-115.25175,-315.48257,-4151.6553,-600.18365,-1061.7532,-1601.7186
-1844.8888,628.96716,2003.7375,117.53728,-231.6723,-206.17772,-4106.896,-943.36835,-1463.3766,-2050.5435
-1754.0981,671.4437,1929.1771,156.47646,-204.17097,-145.83932,-4055.878,-582.3007,-1479.4622,-1814.1079
-1905.3107,701.1914,1520.5125,-102.68292,-306.50684,-229.27252,-3886.9778,-382.76028,-1661.6705,-1700.2003
-3120.1567,-1290.0459,-1669.1929,-1681.1237,-355.30942,-1566.9381,-2922.691,-372.08694,-3513.364,-920.86664
-498.29977,-998.8579,-1380.9087,-194.9542,-47.343395,367.0167,-2116.2996,886.4493,-1934.666,44.346428
-586.743,-930.2789,-2656.3645,-891.30884,-244.84468,-596.47595,-3385.2854,259.37958,-2536.6016,-346.07626
-947.37616,-920.61945,-3128.4768,-1035.5514,-339.94504,-1014.98975,-3610.4258,-635.1122,-1608.2784,-353.83957
-1123.8618,-905.1491,-3059.2578,-610.7886,-440.9983,-1112.3724,-3692.1978,-1213.5148,-1500.1451,-573.18054
-1238.7137,-1103.7969,-3396.9766,-1284.9092,-418.15933,-1305.199,-3796.9138,-1395.8694,-1290.4083,-705.7294
-1279.0922,-1188.3119,-3309.0852,-910.0299,-599.7175,-1531.294,-3848.2766,-1759.7123,-1583.7312,-928.1486
-1271.4376,-1023.2191,-3448.8591,-956.84924,-486.26974,-1403.8823,-3705.0442,-2037.464,-1065.7784,-959.4277
-1495.9535,-996.9253,-3310.4487,-769.66205,-437.08148,-1749.4099,-3542.4546,-2084.3713,-1013.595,-1004.85675
-1248.1368,-885.2964,-3458.6987,-747.1417,-448.47028,-1250.79,-4009.0413,-2199.4053,-904.024,-973.2026
-1475.7483,-872.3117,-3446.4268,-613.7051,-582.4876,-1539.7219,-3628.172,-2292.0645,-1008.34625,-894.4407
-1668.8323,-822.32104,-3580.6208,-1100.5657,-543.1177,-1680.9381,-3924.4895,-2214.157,-1375.507,-1263.3359
-1583.5076,-873.5931,-3511.5234,-847.93353,-641.4279,-1626.1534,-3708.251,-2342.5593,-1119.302,-1136.5205
-1406.9524,-793.8672,-3570.1526,-731.30994,-489.7423,-1397.1049,-3406.8037,-2208.4507,-727.6544,-1001.188
-1533.144,-1041.8175,-3319.9893,-915.5825,-660.21277,-1742.0189,-3755.871,-2352.211,-893.45325,-1133.9536
-1649.2896,-917.4722,-3582.9775,-994.3055,-684.5815,-1554.2275,-3727.5562,-2240.6602,-1178.0321,-1374.5889
-1639.0608,-757.86926,-3492.725,-729.5765,-558.886,-1512.5802,-3519.9377,-2364.28,-589.61774,-1143.878
-1738.1383,711.60406,-1998.5204,666.80493,819.42017,1158.6682,-2594.9104,-232.33293,-1399.0864,361.23306
272.32874,849.4684,-1163.6798,735.4905,938.87933,1441.2509,-1521.6031,1451.0856,-137.3144,1400.3525
1280.1504,350.37613,-1396.9277,678.1503,1182.6659,1019.8028,-1654.1685,2763.8716,-679.6042,1510.4169
1498.4088,535.54016,-1415.9757,-108.73018,1419.475,982.727,-2574.4248,2480.1558,272.72253,1994.553
1134.1333,91.13759,-1813.4601,419.09302,963.03394,791.27014,-2624.1572,1534.1149,-298.47452,1366.5894
1024.6008,85.752754,-2509.7927,-62.267925,1240.2437,432.45114,-2953.489,905.0482,272.58484,1245.0284
683.767,88.49098,-2572.7866,125.9652,658.4963,388.95822,-2623.991,376.825,447.95477,1106.8041
649.614,629.104,-2587.392,-202.24768,970.3509,154.14821,-2764.055,433.06476,530.2033,1069.078
479.78867,-20.919895,-2950.7012,-442.97577,497.87723,-38.139744,-2818.8562,-385.77625,69.273605,619.1632
-180.52887,273.1191,-3104.1587,-188.53773,293.81763,-346.09024,-3132.2073,-840.5789,-111.86856,274.87866
-310.38,-224.20671,-3243.9177,-676.75287,98.131294,-677.70013,-3514.7844,-1570.6072,64.952805,245.23317
-578.995,-290.67725,-3309.862,-459.63046,-14.918181,-743.114,-3135.4487,-1569.4978,-261.58914,-193.06625
-474.39667,-186.458,-3165.189,-171.69824,-109.999405,-616.7141,-2950.8555,-1549.4735,-159.68367,43.174576
-513.6063,-106.34734,-3448.2954,-623.2755,-249.91306,-726.57745,-3155.833,-1578.995,-180.72092,-210.28004
-530.48334,-24.2949,-3330.4626,-322.84375,-113.04183,-487.1563,-2841.1958,-1446.4181,-260.31387,-222.2724
-574.0213,-387.40295,-3472.7166,-641.26044,-180.99648,-1106.1923,-3184.532,-1851.2955,-315.55316,-511.94415
-859.1185,-138.93022,-3352.1804,-733.8901,-164.22958,-1259.7098,-3527.0908,-2106.8745,-428.43817,-474.5782
-870.98865,1466.0469,2021.315,1696.0076,728.0617,1877.7902,-3468.9797,-1371.1365,969.1688,-370.80844
-1150.359,2076.945,2379.8682,1345.5862,918.9901,709.41785,-3392.7817,-1769.6536,-98.98352,-24.372557
-1242.2462,1460.5167,1745.1752,1466.1449,289.2902,247.87843,-2978.6372,-1253.4052,-1202.4368,-1364.6359
-371.5029,727.50287,2885.0522,1014.92194,351.41135,746.0414,-4661.1377,-2939.6873,523.2669,-888.1617
-1231.294,1437.8475,2232.724,1363.7137,436.2909,519.4956,-3445.5522,-1006.48444,-826.57947,-941.8659
-435.13663,430.4679,2846.7302,648.7921,405.5036,426.8066,-4916.924,-2421.9236,850.93146,-1067.8729
-1162.3865,1191.2671,2132.5144,951.30383,410.05756,74.1435,-3572.0212,-1254.3943,-497.6331,-1109.7479
-689.6962,644.18176,2828.7244,474.34534,411.46286,231.71248,-4532.8257,-2287.0027,302.2206,-1062.753
-1415.3435,1150.5138,2159.7756,591.68365,208.99821,48.91581,-4144.477,-1219.386,-950.45465,-1566.1962
-1600.6442,747.2974,1760.7974,433.44788,-7.6204677,-61.7871,-3907.2844,-966.35693,-1214.3525,-1795.296
-1615.5719,658.20483,1395.7334,125.6667,-163.2492,-147.42415,-3998.2297,-394.2527,-1398.004,-1516.6736
-1775.2076,346.70706,1501.9729,168.10486,-300.3585,112.64818,-4424.9106,-75.173195,-1355.8683,-1483.066
-1819.8119,604.68695,1039.3833,305.48248,-40.464394,-42.30771,-3567.339,388.0338,-1434.7328,-1128.6703
-2035.8413,827.3239,1568.7639,-163.82893,-186.108,-246.5902,-4521.0054,-144.44377,-1202.4176,-1513.4862
-2162.4988,795.8458,1484.5675,-3.3051848,-212.80626,-213.06802,-4026.1272,-44.75228,-1689.8746,-1976.1451
-2166.7314,740.42084,1854.5282,79.13877,-196.20042,-319.38232,-4032.7104,409.62305,-1770.3287,-1737.8434
-1990.6104,774.601,1409.2883,-329.28714,-323.9225,-245.79082,-3868.5056,386.89587,-1786.3217,-1805.3652
-2352.2456,-468.79102,-1447.6816,-864.5159,471.7347,-15.273244,-3763.967,-1467.1865,-1129.3538,-198.8756
176.38876,-30.34646,312.74426,1792.8148,798.12555,1420.961,-1001.46405,2471.567,-780.92554,666.5828
1061.7043,624.335,24.38027,459.80304,1754.8615,517.8148,-1654.0457,3691.7773,-798.6027,1665.2394
1820.4905,836.40454,528.67975,1283.2332,2429.016,1454.1566,-783.8794,4261.0103,414.70065,2709.3672
1862.922,2148.8225,748.5069,279.6057,3122.1187,750.1784,-898.76434,4660.3477,1553.0049,3456.3625
2273.925,2016.4113,1589.5111,1426.3464,3577.8257,1991.4276,526.77496,5048.5146,1716.6138,4075.6108
2719.6177,3249.3503,1769.8678,1743.7307,4132.077,2752.6528,2005.8969,5659.64,2329.248,5040.564
3476.0781,4262.862,2738.023,2321.0332,4717.217,3776.9758,2912.9187,6144.2554,3495.6428,5590.1826
3842.1106,4519.237,3858.1592,4030.2764,4850.587,4672.176,3450.1223,6328.646,3139.0032,5786.723
4262.0103,5130.0503,4224.9727,4335.876,5025.1396,4843.243,4246.2373,6427.9585,3214.4304,5848.255
4125.021,5122.9624,4463.1763,4807.43,5093.8022,5010.5234,3737.6072,6460.583,3685.0088,5860.7305
4708.989,5304.6113,4590.5137,4898.416,5112.4316,5059.1577,4459.043,6460.3755,3947.517,5877.85
4863.1914,5278.792,4696.605,4943.7666,5132.113,5069.3164,4255.604,6478.465,4323.9424,5876.02
5062.625,5376.279,4680.695,4992.529,5130.201,5084.409,4805.8296,6452.164,4219.2896,5882.1416
5293.5903,5349.013,4747.9893,4796.2563,5111.0547,5091.3184,4837.59,6493.2007,3733.299,5875.441
5520.3423,5314.521,4671.5635,5007.868,5128.3647,5135.8457,5237.849,6450.618,3946.0698,5884.5063
5506.488,5382.8955,4774.504,4719.602,5107.546,5115.6323,4668.455,6466.55,3813.0818,5880.123
-2868.0662,-1166.797,-2547.7246,-1083.0066,305.86224,6.867523,-3888.5862,-1478.1221,-2790.0198,-177.15936
-1787.6113,-1106.8805,-3027.2405,-1217.044,-778.5281,-387.29184,-4446.726,-659.0093,-2532.3772,-255.93385
-1385.0557,-883.28644,-3319.3982,-704.3124,-513.521,-354.3005,-4377.2217,-576.59467,-2560.9543,-199.29756
-992.7541,-689.69037,-3539.7053,-882.7951,-52.887222,-672.80206,-3966.145,-736.9413,-1832.4054,-232.57948
-945.0426,-881.8323,-3563.4937,-371.70346,-154.49925,-862.62274,-3943.585,-1260.659,-1195.7391,-363.13748
-964.7782,-634.99493,-3623.6716,-952.93726,-30.861639,-1508.7585,-4104.579,-1760.8167,-1124.5721,-547.22955
-975.77246,-921.96246,-3482.1248,-703.3006,-213.60667,-1449.645,-3993.971,-2263.9104,-325.69998,-352.3341
-1314.6031,-941.13934,-3478.881,-905.1313,-250.31831,-1714.1133,-3748.4114,-2044.5555,-552.69183,-696.9264
-923.52673,-927.4925,-3240.2654,-306.8065,-124.64315,-1412.7886,-3964.033,-2000.9178,-133.12999,-606.37054
-1017.80615,-502.22598,-3338.4092,-521.9995,-70.64748,-1473.9457,-3281.5264,-1676.6445,-269.01727,-517.93164
-1332.6163,-982.7322,-3583.4292,-509.2799,-270.92868,-1495.2404,-4029.3079,-2162.1338,-960.3983,-881.9462
-1628.7172,-842.89795,-3421.4124,-700.2618,-499.2907,-1702.0587,-4202.974,-2228.9795,-801.60736,-857.2389
-1318.1707,-756.6566,-3514.7542,-342.59897,-239.36952,-1273.6947,-3865.8647,-2282.8103,-784.22644,-783.2753
-1502.1396,-834.4036,-3505.2297,-571.5817,-394.47818,-1591.306,-3861.5935,-2362.5852,-683.1032,-947.3857
-1348.7637,-531.2127,-3401.2751,-493.80768,-221.8549,-1424.4037,-3436.4443,-2139.5435,-404.82144,-681.774
-1286.1874,-727.84576,-3345.494,-677.39935,-374.50986,-1700.9214,-3644.6016,-2205.932,-703.78357,-972.194
-1098.7091,-626.6144,-3490.7393,-716.17957,-379.40732,-1413.1627,-3697.4512,-2375.882,-512.2737,-807.30304
-5873.279,-1340.2599,-128.48744,-5072.4707,-641.89417,-5070.191,-2347.9434,-1996.0609,-5414.5845,-1658.6791
-4033.4182,-4871.07,-1636.2482,-5301.999,-2055.9885,-4992.6016,-5702.7227,-4308.8926,-5800.439,-2347.9604
-4895.994,-5222.765,-3148.211,-5386.9604,-2575.4739,-5013.336,-6870.7,-4222.624,-5855.717,-2929.1936
-4803.8013,-5057.1245,-3474.543,-5149.821,-2773.2578,-4936.954,-6654.5957,-3834.9265,-6089.3994,-3043.067
-5192.9175,-4844.75,-3566.8293,-4998.6084,-2720.7273,-4827.539,-6302.198,-3495.2493,-6269.103,-3068.948
-5232.4346,-4601.607,-3902.4016,-4774.6543,-2894.9463,-4674.1714,-6329.9517,-3288.3171,-6324.9346,-2817.1907
-5263.9575,-4224.317,-3969.1333,-4324.1797,-2837.2935,-4429.6436,-5932.5938,-2843.3804,-6180.123,-2795.3105
-5139.807,-3707.18,-3885.5327,-3841.3567,-2633.6934,-4065.185,-5592.1836,-2299.7952,-5905.261,-2925.385
-4988.691,-3291.8906,-3888.564,-3529.9133,-2538.3286,-3759.1882,-5691.478,-2715.4587,-5752.916,-2579.903
-5140.4453,-3155.9124,-3652.7717,-3310.258,-2363.048,-3883.4478,-4655.4473,-2045.6499,-5183.479,-2859.3662
-4831.8047,-2779.511,-3855.0854,-2657.4265,-2492.41,-3200.5781,-5722.2686,-2852.1023,-5179.751,-2594.3142
-4852.4844,-2203.99,-3830.8994,-1605.1786,-2123.6392,-2852.0918,-4701.828,-2399.3809,-4542.767,-2562.025
-4627.213,-2038.4033,-3755.36,-2377.6375,-1875.7037,-3285.2903,-4585.2744,-2438.0103,-4289.361,-2358.2961
-4172.6304,-2270.8203,-3773.0764,-1041.9893,-1963.2759,-1892.2646,-5167.694,-2636.7817,-3796.4297,-2544.8088
-4341.222,-1788.092,-3713.97,-1359.1188,-1851.5387,-2541.2373,-4645.63,-2496.1372,-3661.8113,-2251.0264
-3920.8645,-1848.8887,-3625.5745,-1307.2606,-1736.3528,-2159.0715,-4468.1787,-2348.196,-3153.2036,-2253.897
-3815.8113,-1504.4039,-3718.1936,-871.1701,-1717.6663,-1750.7198,-4555.327,-2521.3027,-3042.5784,-2087.105
-1614.7352,-434.6524,-2126.6484,399.33038,137.00552,415.9584,-2622.4968,-1043.6418,-385.31058,164.98209
1346.082,-130.08235,-175.4212,1677.8256,1430.4604,1865.7422,-1347.6312,2762.3467,407.94672,1913.0565
1938.2828,1127.3127,-775.1328,1068.73,2384.9448,1088.7811,-1837.1824,4169.7007,746.8469,2872.2478
2403.3347,1450.4554,-678.13214,783.1243,3011.2292,1316.4297,-1385.5576,4089.6523,1942.3401,3609.0876
2709.7292,1381.0585,-1362.6829,1123.373,3399.6067,1408.6412,-324.8382,4249.438,2765.5142,3882.6296
3287.863,1830.1305,-502.3623,666.95795,3757.4785,1627.9271,-157.81798,4876.3853,3559.295,4485.447
3412.589,2661.5078,307.48434,828.34955,4056.4724,2095.2751,1110.8485,5389.6846,3455.5986,4655.042
3651.6052,2706.4758,1548.5428,2311.7847,4407.7603,3329.5054,2221.1025,5819.945,3231.5654,5385.39
3961.6992,4204.4365,2896.651,2781.9163,4819.107,3645.9285,4373.4043,6232.4624,3518.7622,5662.993
4265.9688,4776.2446,3870.5117,4205.338,4980.726,4706.4434,3797.8813,6382.468,3702.5005,5833.7476
4575.79,5144.035,4430.142,4664.052,5068.917,4963.138,4226.9463,6446.5933,3540.9429,5861.772
4855.157,5306.5264,4586.0415,4773.148,5089.4907,4996.868,4508.7393,6456.6753,3933.444,5875.6064
4907.661,5359.595,4673.1196,4866.8174,5111.2046,5061.2993,4637.6167,6459.116,4023.3147,5877.6826
5156.334,5226.3647,4690.319,5011.867,5122.3765,5090.6865,4623.7266,6457.8,4078.0525,5878.249
4914.147,5257.97,4679.418,5080.7607,5130.72,5089.0396,4643.1094,6446.287,4039.9539,5879.482
5020.12,5190.082,4704.0283,5148.2217,5120.774,5096.648,4147.0127,6415.528,4234.5894,5881.707
5060.0366,5246.244,4677.0757,5139.0635,5119.154,5081.572,4539.9697,6386.438,4099.5356,5882.723
