c0,c1,c2,c3
-1.4208046,-1.1933546,-1.3224252,-1.8886987
-1.0992558,1.604708,1.6035436,1.0324354
0.13292481,0.68392766,-2.481733,-2.113133
0.5281993,1.3913769,1.6221282,2.3388557
-2.5185707,-3.9109902,-1.3871417,-1.6893729
-0.507109,-0.8680069,0.4200133,1.6306033
2.9830284,1.7634742,-1.457233,-2.7698572
2.435493,2.717062,1.6653396,1.9574519
1.8845086,1.227355,2.1571853,1.8102313
1.2025665,0.39935347,-0.55535567,-0.9197247
1.4811144,1.4149824,-0.1341666,-2.027871
1.3416034,2.0169647,0.72629017,0.12444583
1.9324865,0.90601593,1.5865828,0.58170784
0.3391226,0.7019208,2.074142,2.3846223
-0.9534625,-1.8066274,-2.6177058,-1.6355387
1.3619657,0.673612,1.8977234,2.213481
1.9105947,0.37705195,1.2037402,0.6431395
-0.2544042,1.6735274,-0.07172343,2.097429
-1.3513472,-3.0232632,-1.205011,-2.1334493
0.8444085,-0.7626298,-1.0517768,-0.21502572
0.2303465,0.22185837,1.1562489,1.9933562
-0.24487491,-0.5130391,-2.3904052,-2.074449
2.1622937,1.1690389,2.3062243,2.0853672
1.145811,2.0497274,-0.33978257,0.21999653
1.1296407,1.2000452,-1.649841,-1.4327602
-1.3116919,-2.1961339,-1.7415621,-0.18055782
-0.684567,-0.4548116,-0.78933513,1.0266129
1.7331655,0.7745537,-4.1811795,-3.2456975
1.9507565,-1.2335984,0.8908325,-1.3285404
-0.9930937,-0.88654983,-1.5375725,0.20228118
0.12710862,-0.94978696,-2.6120617,-1.8935382
-0.853612,0.4386665,-2.4470603,-0.21509263
-0.22908847,0.46356425,-2.0659175,-1.3525301
0.7528879,0.4821517,-2.7584856,-0.84746474
-2.5345998,-5.247932,-4.1148744,-2.4155684
0.17640439,0.036665983,-2.0717027,1.1379769
3.317951,2.3875027,1.8084229,0.40304565
-0.20539401,0.24588569,-2.4611745,-1.2310624
0.3887228,-2.3719175,1.760759,1.8870624
-0.9230594,-1.3942026,-3.4214516,-1.1822962
-1.5480741,-2.203436,-2.2927678,-1.6138321
3.551575,2.1537702,2.1332247,0.21285613
2.178883,2.5421665,1.3159481,2.1667812
0.20255958,-0.9793371,-2.469063,-2.331592
-1.3728932,-2.4111378,-2.7905989,-1.4446303
-0.44465494,-1.0292764,-1.737875,-0.966345
1.312202,0.7113472,-0.67949,-1.7340448
1.3678633,0.17438668,0.5114572,-0.0136234155
1.3558815,0.11292059,1.0390118,1.5160903
1.7958198,-0.2122433,0.64273113,0.3130279
-1.2069188,0.20055735,-0.99708587,1.3076662
-0.6465231,-2.490163,-3.023702,-3.0694351
1.8358558,-0.107951544,1.1108462,0.87021554
-0.18981561,-0.21888046,0.06328267,1.1928673
-1.9856871,-3.2869754,-2.1725307,-0.3142353
0.7142305,0.93634933,-3.094523,-1.8233577
-0.26303953,-2.2919476,-4.3246303,-2.6342673
0.1063119,-0.642616,-1.3072304,0.2888868
1.8545303,0.22382827,0.085191004,-0.5940656
-3.658716,-1.9048793,-2.1838503,0.5277646
-0.17202118,-1.2493744,1.0675093,2.1440032
0.6959055,-1.1883109,-0.78077024,1.248195
-0.34316647,-0.42246187,-1.6511586,-1.4160293
2.6675181,2.0643284,2.525337,2.1426868
-3.9712646,-2.7653275,-2.3781834,-0.87300146
-2.5769663,-2.3381271,0.26996082,2.104376
2.8109322,1.6040491,2.359759,1.5990939
-0.46763834,-0.06728951,-2.544847,-0.048408676
1.1767262,-1.4522965,-1.3583332,-2.9049869
-0.62229604,-1.1713141,-0.98747736,0.090711646
0.35821208,0.98184025,-0.77379686,1.2047505
0.6929124,-0.40126193,-0.7807686,-1.0530427
0.38971367,-3.5116897,0.9974071,2.3463478
0.09294952,-1.0763376,-2.1896737,-0.80478066
1.3733166,1.5698404,-1.7332056,-0.814926
1.9258835,1.2279724,1.0535417,0.6961679
1.2884536,1.6473057,-0.22651249,-1.7009618
2.4454632,2.0279133,1.8980259,1.744665
3.0316896,2.447605,0.9453059,-0.08492052
2.4807093,2.4199142,0.5585918,-0.5020414
-0.4562965,-3.3746295,-1.8448237,-2.2564025
-1.2430797,-2.5260372,-1.9190664,-0.5471242
1.3441741,0.26284957,0.8817336,1.1160979
-1.8979305,-0.4329698,-1.9853594,1.0187889
3.3102648,1.6022065,2.0893497,1.2297157
2.8498394,0.92346805,1.7265534,1.2188938
0.7012834,-0.163814,-2.0132775,-2.340498
-1.5149877,-1.3954871,-1.9820342,0.20404981
3.3353195,1.7513305,1.4649618,0.59715533
-2.788475,-2.4868126,-3.3871305,-0.7552955
0.7851325,0.43829983,-1.5132982,-1.1648223
0.7360616,0.10897369,0.08384264,1.0563453
2.9005148,2.0599573,0.40003282,0.6346691
2.7219393,1.8060975,1.531142,1.1705089
-2.991699,-3.194289,-2.4539714,-0.5833023
-1.7506615,-2.809912,-2.8656604,-1.754095
2.3806605,0.85776097,1.9591509,1.5903813
-2.0250525,-0.5012882,-0.45049006,1.4691424
3.5564492,1.6968699,1.057246,0.9127697
1.8119198,1.2603643,-1.6789613,-1.0297363
-2.1672397,-2.8169746,-1.7067797,-0.75637996
-1.8650506,-0.1472575,1.3116924,1.2241886
0.70475596,0.22480993,0.6963059,1.2383065
-0.514645,-0.9341784,-1.4258996,-0.44883665
0.0740649,0.13187325,-0.7212962,-0.37262747
-0.9089207,-1.0925882,-0.46925133,0.08850469
-2.0160499,-2.1862082,0.35142514,1.0934669
0.77395916,0.9340264,0.5281774,1.7034556
-2.9705052,-2.8444529,-0.9716673,0.43849257
1.1468925,0.8612856,-2.4910464,-1.0137761
2.268263,1.6030948,0.99422437,-0.47910836
2.9066947,2.52233,1.1849979,1.0049095
1.75352,1.3984559,2.437326,2.5349987
-0.6025245,-2.2448752,-0.91113216,-0.4284052
1.2983886,1.3916318,0.7175129,0.89175195
-0.39679733,-0.16580063,-1.9101579,0.82150954
4.0041876,2.667889,1.2462636,-0.1675901
1.6972015,1.9125106,2.2025359,2.2377417
1.5660719,-0.22360213,1.1428626,1.9400283
0.14728229,-0.6780163,-1.6989161,-0.2832156
-0.15481731,-0.8305547,-2.8496048,-2.446958
-0.2154756,0.09036929,-0.44252196,0.87129104
0.39132816,-2.1114473,-3.3002489,-2.4956305
2.6698616,2.2473123,1.5415204,1.1147667
0.7075075,-2.2735014,-0.06285397,-0.1852518
1.5754683,0.9792492,-2.1915646,-0.5147408
-0.26864272,-2.3955169,-2.2550986,-0.7681062
0.084268324,-1.1166728,-2.3102047,-0.056107152
2.4028826,1.2977852,1.1861418,0.29253426
1.6448623,0.885607,0.009455532,-0.19861643
1.4692028,0.81474423,1.2755946,-0.23919234
-1.4822445,-0.8415615,-1.3587322,-0.33953524
1.9445403,1.3715675,1.6918011,1.974881
1.9174848,0.7159982,2.130841,1.9876597
-1.762351,-1.947263,-0.46455565,2.2497468
0.34507686,-0.7543058,-4.828116,-2.6759028
1.5644454,0.12829018,-0.20025225,-2.8827176
1.9005207,1.9506059,2.3143842,2.2860467
-0.2507668,-0.4814472,-1.1179582,-2.349554
-1.6033705,-2.4959657,-3.1023662,-2.3479106
-1.86005,-1.0914617,-2.233309,-0.22073911
-0.16513261,0.43877628,-0.22274233,-1.1407187
1.3704991,1.2306341,0.36022285,0.96878153
1.9559431,2.008519,-0.7398207,-2.306126
1.0561175,0.8226484,0.13876115,-1.3310305
1.3062524,-0.39905286,-0.12235261,0.0676796
-1.621041,-0.5420414,-2.542331,-0.22316316
0.30161116,-0.7902897,-1.4701064,-2.7939157
2.7489774,2.1289284,-1.4598435,-1.9548007
-0.21827956,-1.6580036,0.6293018,1.4462852
0.5945263,1.1320728,0.19297794,1.5987269
3.2889786,2.2733827,1.4221117,-0.08502098
2.031153,1.6518031,-0.25879967,0.3336185
-1.2848833,-3.2663825,-0.40931192,0.41429052
-0.1249645,-0.46300232,-2.7606025,-0.6762179
0.6466632,-2.5338979,-0.4815305,-0.23434609
-0.8391534,-1.7766696,-4.0526614,-1.8089318
-0.58945113,-1.7231553,-1.2798852,-0.74074066
2.054686,2.2311695,-0.75803775,-0.50719917
-1.6237009,-2.0111578,-0.57166463,-1.076467
-0.73489344,0.22727092,-1.582603,1.8896886
1.2932267,-0.14741161,-0.45496818,-1.0456536
1.9178128,1.3660522,0.18756364,1.654817
1.4153502,-1.5360163,1.8528897,1.2339133
2.3500671,0.6009598,-0.26458797,0.06176757
-2.7637668,-3.9474034,-1.1498747,-1.4372127
1.4880759,2.0146084,-0.45074207,0.55199397
-2.8211427,-3.8333127,-1.5836259,-1.8355343
-0.3165766,-3.9712052,-0.086626306,0.7745062
-2.698271,-3.1300015,-0.6287553,2.3282835
1.6697583,-0.40717474,-0.14301625,1.0912488
2.335124,1.3159978,1.7615616,1.8296428
0.26537257,-0.5585946,-0.8203384,-0.17528774
-1.1778696,-3.6507697,-3.3091035,-2.846322
-1.0461801,-2.6820319,-2.2768145,-0.37062433
-1.5268949,-2.9119735,-1.0049552,0.61855626
-0.6216534,-1.1243446,-2.3103864,-0.84902644
3.3886209,2.382278,2.041711,1.7906756
0.4181027,0.3887602,-0.70662504,1.286008
3.037776,1.8011156,1.6542573,0.981396
-0.3665646,-0.88849473,-1.9011836,-0.19352263
-1.6916635,-2.9267018,0.95388037,2.2933352
2.0596683,-0.6423122,1.6814723,1.9310173
-1.8354044,-3.2082427,-2.6655455,-1.687063
0.7025651,1.8790108,-0.07799172,1.5841361
2.8714254,2.0171113,-1.360896,-1.850924
0.15829189,-2.705983,0.75917643,1.8375115
0.37023905,-1.1102538,-0.2717017,1.7081544
-2.23711,-4.920588,-3.2069683,-1.6147739
0.9189592,-0.2157849,-1.4986011,-0.9247667
1.8666983,1.8547171,-0.8788099,0.84289265
2.7042625,0.84058315,1.3350366,0.5419162
0.18412665,-1.9329375,0.29846117,1.3859341
-0.7895713,-2.1123478,-2.5086665,-0.662608
3.0096653,1.812592,2.4125333,1.8375874
-2.5859728,-1.2948854,-1.8593073,0.2227458
-0.59523326,-1.0879071,-1.4786243,0.29683092
2.4231715,0.15331517,1.7855805,1.5751944
1.6063873,0.39856407,1.4274213,2.0760467
1.470705,0.7253317,0.031465657,0.07010365
-0.5826716,-1.5852237,-1.1952459,-1.9990164
-0.88140076,0.18797721,-0.014421935,0.43950057
-0.04456406,-0.2045929,-2.251036,0.06613302
-0.042757027,-1.7531303,0.40131524,1.291417
-0.3894243,1.1410067,1.6970639,1.2375547
2.7496467,2.1954272,1.5505142,1.0838801
-2.7714996,-1.854893,-0.76576906,1.4500611
1.2236724,-0.2712484,-1.386961,-2.362547
-1.3613377,0.54249334,-0.48733944,1.0031247
1.9309664,1.2931389,1.0169291,0.5201772
1.3234487,0.2094757,-0.5151149,-2.1131313
-2.7678137,-1.4750046,-1.1369182,0.18826176
-0.67103714,1.2379346,1.876165,2.4636793
-1.5837877,-1.396519,-1.9832243,1.0524808
-0.04165845,-0.5845435,-1.1156294,0.12905821
1.7125019,1.363535,-0.46817163,-0.22220987
2.1620123,1.7537524,1.860029,1.171216
0.38166496,1.4339724,0.28717157,1.4402775
0.058633476,-1.6747646,-1.7440838,-2.6101182
3.0875287,2.7195103,1.6445718,1.5356786
1.9963465,0.96208316,0.054351464,-1.384703
-2.0516958,-3.1536345,-2.4054213,-1.670174
1.8173957,1.8837324,2.5941987,2.2414696
0.079783365,-0.25194559,1.4066737,2.190269
0.4578752,-1.226265,-0.95012945,-2.0448756
1.7557701,1.1577952,-0.58382845,-0.54547864
2.4432416,2.1278648,2.4682953,2.3486516
1.5313162,1.704651,1.56574,1.8001593
-0.9383017,-2.3687773,-2.0195472,0.78125054
3.145504,2.74686,1.9655756,1.0269821
-0.1324714,-3.9527273,-1.3471998,-1.4727294
-1.0319521,-1.8716516,-2.4785032,-1.0689086
-1.1954468,-1.7355721,-2.3435304,-0.55039614
1.0071802,0.544623,-1.5775769,-1.7232722
2.690605,2.530576,2.6972156,2.349503
-0.57331073,-1.050562,0.75880224,1.8667063
-3.8343234,-2.4518902,-1.2289268,0.139733
1.0251697,-0.7246288,0.46931517,0.5054729
-1.313659,-0.46977568,0.39289802,1.5389242
-0.73493564,-0.090437435,-1.3555385,0.47122002
0.05568464,-3.0018513,-1.8165413,-0.56858236
-3.1230965,-3.7420232,-2.508661,-0.70542943
0.3925973,-0.48036915,-1.4151427,-0.13929978
2.3615203,2.728446,0.52202755,-1.0520425
1.7846799,1.3582559,-1.4464619,-2.3113737
-0.19951808,-1.1902392,-2.0588448,-0.5079068
0.7156762,1.2144455,-0.44119382,1.4358698
0.54471856,-2.0619721,0.44956705,-0.16350533
-0.29289132,-0.11036163,-2.7731395,-0.6949483
-0.703914,-2.1949437,-4.0164285,-1.8358351
1.1598805,0.19706286,-1.4541372,-1.3248389
2.5709043,-0.16853142,0.9328039,0.47345307
1.5050106,1.4179038,0.042295497,1.2446146
0.58620244,-0.24811108,-0.9981737,0.009375903
2.9503143,1.2443815,1.6901616,0.68129754
-4.529423,-2.7632458,-1.2312725,1.9536877
0.65800315,-0.8346272,-0.92974365,-0.6594103
-2.6483126,-3.2097292,-0.8342653,0.721073
2.7759423,2.3241796,0.13169102,0.061993778
2.4448292,0.28967625,-3.4849374,-1.3631554
3.1271293,0.31538177,2.1491706,0.68645716
-0.7482047,-2.978652,0.43357283,1.9624413
1.8642281,0.5661927,0.12579362,0.033835206
-2.1046157,-3.2870111,-2.3477163,-0.51837695
-2.9966276,-2.5048969,-0.72898644,0.51734006
2.5070753,1.6322407,-1.0959389,-1.8805474
-3.2321382,-2.9520783,0.06992267,2.0726168
2.2519603,1.6979364,-2.2741706,-1.3844417
1.5389395,-2.1663601,2.0794384,1.8964002
2.7909906,2.5429883,-1.0990236,-2.4700239
-1.7472576,-4.1621895,-0.9646322,0.7959474
1.4836186,2.0281107,1.0472146,0.690671
1.8651901,0.8596093,0.7134136,0.1607673
-1.4723048,-3.3122764,-2.648096,-0.9377293
2.02968,-0.597109,1.9436928,1.4825255
-1.8915495,-1.8404748,-2.7784925,-0.74708205
-0.28110304,-1.2814871,-0.4571213,1.0060381
-0.61181724,0.32204697,-0.76817083,-0.6339061
1.2324374,0.8331059,-0.004784423,-1.4511873
1.3309467,0.10218408,0.38549957,0.70332366
-0.41175294,0.36869252,-1.0374501,1.2165501
2.798039,1.7859355,-0.63647455,-2.5522606
-2.8249395,-2.9331834,0.55443823,2.4702024
0.61104554,-0.19789755,-1.1950773,-1.8507527
0.86032724,0.5460802,-1.2568285,0.21042006
3.2142174,1.288535,2.553129,1.5021789
0.68372136,-0.7568683,-0.5442102,-0.26228508
0.54854167,-0.8844286,1.4536376,1.958622
0.92826134,-0.2757896,0.53288996,2.5059159
-0.09192939,-0.92806345,-1.5404361,-2.2342346
2.4208918,2.21527,-0.24109745,1.4793433
0.42856184,-2.4091444,1.4990133,-0.035788756
-0.9309247,-0.46186465,-1.7093322,0.09753554
2.6497436,0.4306346,0.23862441,-0.50266075
-1.9341642,-3.6213686,-2.4437087,-0.031277884
1.875491,0.77584076,-0.7160473,-2.069308
2.1915975,0.61914194,-0.49220973,-0.7345763
-0.72764724,0.65220356,-2.133808,0.116089866
0.82590747,-0.7548642,1.2116493,1.8496547
0.9845961,0.17172682,-0.723655,0.8457153
-2.0998447,-3.9842067,-2.1487656,-0.4280895
-0.9524325,-1.0128,1.1713684,-0.6401388
-0.9545262,-1.4726194,-2.1849751,-0.051368833
0.5849574,1.7207327,1.600937,1.8895572
-1.3441573,-1.0122979,-2.292682,-1.3748825
-1.8342013,-2.4490101,-2.7928867,-1.7914943
-0.32025513,-0.06258315,-0.05750267,-0.08408384
0.5872038,0.72260493,0.46477947,0.5169962
1.1250635,-0.12067871,-0.8852344,-0.85684836
-0.7869774,-1.8010664,-2.3723538,-2.029068
2.1269605,1.737296,-0.19210723,-1.3695123
-0.22820212,-0.74538624,-1.6463577,-1.9865593
-0.5326857,-1.3293684,1.2563075,2.0086422
2.4759011,2.7326002,0.82697487,0.86174154
-2.1331625,-3.3260863,-1.6313754,-1.1321254
1.1109452,0.7705927,1.832681,2.0246825
-0.5139224,-2.3166385,-4.619316,-2.2868235
-1.746375,-2.3637397,-1.3695931,-1.3909632
2.380329,2.1089127,-0.7581466,-0.42271316
0.6512278,-1.4629169,0.71111614,-0.98836476
-2.5263531,-2.526283,-0.06730956,2.0708225
2.5396233,1.5121026,0.8792488,0.78933847
2.2805347,0.9162487,1.2483871,0.49051303
-0.19318025,-0.11889542,0.5925352,0.43921345
1.59287,0.5131317,2.2747996,2.0264723
1.4250784,0.75494176,-5.2080064,-1.3025165
2.6020172,0.01970491,-1.0253546,-3.8105478
3.3419204,2.926572,2.5875542,2.3277185
-3.1373527,-0.8633814,-1.7320291,1.4552183
-1.4881167,-1.9811263,-1.9045067,-0.9426689
3.2789366,2.539129,2.043415,1.5993056
1.6023309,0.87005836,-1.3672967,-2.6651268
3.0489864,1.9167219,2.3619764,2.2014618
2.1140893,0.3309724,0.32369784,0.4049307
2.4154646,1.1473552,1.8420168,1.3237476
-1.1649286,-2.532008,-2.0374527,-1.7903783
0.71585596,-0.9130275,-1.5864075,-0.93090475
2.31102,2.5051768,1.5801097,1.4326386
0.5841164,-0.09565182,-0.7743148,-2.6618583
-0.08572255,-1.393853,-0.8592992,0.3679008
-2.2609947,-3.1949306,-3.1225765,-1.6867071
-0.6757084,0.95663524,-0.8197114,0.16500558
-0.22965544,0.7652772,-0.20745358,1.2219385
0.29666194,-1.9027928,-1.0122297,-1.651665
-3.6109118,-2.9296157,1.2224103,2.526052
-1.6010631,-3.7275248,-2.8458407,-1.7850317
1.8504692,1.7290483,-1.8773693,-1.1205724
-0.82154894,-3.0130446,-2.6482873,-1.5800669
1.9986438,1.6522522,-1.5108284,-0.5810703
1.4173734,1.7245698,-0.7502431,-0.35639983
1.4320817,-1.1480376,0.6617275,-1.2835833
0.84393847,-0.7807187,-0.42807254,0.24350627
0.88550776,-0.44118455,2.3179612,2.2121854
-2.4433358,0.06991091,-1.1265861,0.91804457
2.2335725,0.99424034,0.53534764,0.29928896
-1.478115,-2.8481457,-2.4275672,-1.7463847
-0.46065834,-2.2228522,-1.3805369,-0.7581743
-0.32401276,-2.1114728,-2.5432346,-0.21623133
-0.5891485,0.9225354,-0.5198688,1.2107177
2.0808737,-0.8976643,2.431009,1.7077236
-0.6898196,-2.7890599,-3.1064944,-0.7976558
1.6592803,1.2466408,0.43455824,2.242746
1.2475162,1.033487,-2.489593,-1.6894406
2.6778321,1.6540539,1.5494629,0.9686075
2.2562242,2.4058323,-0.19899443,0.53922534
2.1692026,0.10818431,2.4583778,1.2740103
-1.2431813,-2.7731867,-2.2945065,-1.2543476
3.100527,2.3284564,2.545984,2.290406
1.3728046,1.0521606,-0.34603292,-2.1496663
1.2325275,2.4108725,1.4401399,1.4026493
2.5930576,-1.0127814,2.1967432,1.2107044
2.0324233,0.98875475,0.6525451,1.6707124
0.8092923,-0.9464185,-0.56072944,-0.47044083
-0.04528928,-3.0000348,-0.4625554,0.48359427
0.89097106,1.4178265,-0.9636118,1.4347304
-1.5157999,-2.0808213,-1.2457006,-2.1080663
0.6207024,-1.7375765,1.8623582,2.3414326
-1.4244753,-1.6249583,-1.9386832,0.7460746
3.8868656,1.7990539,1.4924271,0.6548496
-1.6458682,-2.698965,-2.7101064,-2.1882539
1.5649295,1.4407398,1.9693007,2.1332567
-1.2785165,-3.7755573,-4.410543,-1.9404322
1.5985309,-0.16134359,-0.3634162,0.48678023
0.68957293,-0.43427572,-1.7319202,-0.2930697
-2.8384838,-3.5716405,-2.4483435,-1.2017591
2.5498073,0.49788842,-1.2713002,-2.888628
-1.695619,-1.6168319,-3.339736,-1.1064787
1.8597353,0.7519812,-0.4635208,-1.3445092
2.748019,1.3588303,1.1288625,0.79270875
-2.909607,-1.2005029,-0.7510902,1.7892061
1.8968495,0.8446945,-2.0253756,-3.290633
-0.94507813,-2.114562,-0.41746548,0.7008482
3.2083967,1.0479785,1.9582502,1.4800583
-0.91901225,-1.5161595,-2.8525329,-0.6778623
2.029308,0.62184846,-0.8336622,-2.699637
1.6984434,-0.8362842,0.951643,1.5170838
-1.63023,-2.3456745,-0.62663966,1.297119
3.3778982,0.9882986,1.3463646,0.26291528
-1.2743812,-3.2484443,-3.14537,-1.974092
-1.6735178,-2.331833,-2.6172569,-0.23976532
-1.0367719,-1.418586,-1.1413283,-0.27866828
0.4086418,1.1259801,1.943963,1.2193604
-0.6844978,-0.536766,-1.5458968,0.85935354
-1.1676931,0.122965276,-1.3152457,-0.56565946
0.25873446,-0.8774976,-1.2492225,0.15415221
-0.9628259,0.72456825,0.7228421,1.3891523
-2.5538337,-4.401449,-3.9934702,-2.7877796
3.222581,2.3696804,1.4513559,0.5989277
0.9510262,1.5291405,-0.56710225,-1.2089376
-0.8826437,-2.4587348,-0.3599345,-0.52538663
-1.2237711,0.11338951,-0.78265905,1.2574285
-0.68908155,-3.2301342,-2.9013166,-2.7526526
-0.82975984,0.20650008,-0.51286733,1.5930303
0.53625065,-1.7813178,-1.19837,-1.6440623
2.1716974,2.753297,0.36107475,0.23827575
1.0898556,1.687739,0.37330803,0.8537676
0.93594325,-0.51993614,1.0477778,0.29933578
1.2592801,1.4828079,1.471342,2.0206494
0.89250743,0.009804432,0.7771019,1.1701099
1.0077047,-0.14902501,2.3584104,2.1659865
2.1764941,2.8533015,0.15484382,0.30362377
2.9632897,2.644079,0.0483118,-0.46720764
0.46401235,-1.2782336,1.9622189,0.5097
2.9659512,2.3768852,2.4004471,2.2334936
-0.11352206,-2.3553712,-0.51037645,-1.8009554
-1.1628209,-1.734651,-1.7855095,-1.2697327
0.88515043,-0.54370403,1.2684793,1.9332677
2.5184095,2.2399464,-1.2393032,-2.3006485
-1.7725526,-1.3497405,-1.1247174,-0.65386844
0.7798328,0.3220432,-1.0020269,0.051243994
-1.4351319,-1.6344857,-0.16311292,1.2331084
0.53750664,0.4461828,-0.1377123,1.8174537
-0.59960085,-2.3025248,-1.3306038,-0.73732394
2.0199535,1.2414219,-0.39008403,-1.3538127
-0.74416834,-2.557557,-1.1343248,-0.4235606
0.84221137,-1.7035447,2.0516782,1.9901483
-3.1878011,-4.3490677,-3.9501855,-2.5789254
-0.35429764,-0.6877848,-0.48362666,1.1138077
2.7263608,2.37716,0.039469868,1.1393309
2.4105835,1.1926858,-1.4007531,-2.5637715
0.4885515,0.12017865,0.48843876,0.2996519
0.6355061,0.2437758,-0.6208349,-0.8431444
1.4150615,1.5847025,0.14410284,1.4419069
1.9260124,0.5692338,-1.3997277,-2.6291957
-1.0984036,-2.7734556,-1.8880805,-0.56230676
-1.1547846,-1.4184661,-2.069765,-0.2619093
1.1060998,0.91468215,1.0858748,1.1527877
-2.175272,-3.9688127,-2.1245136,-1.5722284
2.3459804,2.2788126,2.3501763,2.1990232
0.68615586,-0.066740476,-1.8401188,-1.2512826
2.7416303,2.4988565,0.43582773,-0.42466035
-1.9959278,-3.4921455,-2.296282,-0.8453056
1.8223952,1.6052438,1.6386243,1.5484415
-1.9639066,-3.6164706,-3.3741946,-2.5247507
0.2620268,-1.0792738,-1.2736136,-0.41957277
2.570788,2.0538535,1.5048594,1.8046798
-1.6572903,-2.3485708,-2.0309246,-1.7235584
0.58556736,-1.162371,0.1516565,0.7798556
1.0783002,-0.59192455,-1.5812596,-0.30995458
3.0322719,2.5066128,-0.6473338,-1.8651823
2.113555,0.9517656,-2.0009577,-1.5990908
2.698959,1.0662733,1.6742774,1.3231199
2.1245213,0.93082744,-0.13370268,-0.8055579
1.6292821,1.3159442,1.3274138,1.8795893
-0.28167894,-1.9556129,-2.4455147,-2.9786277
3.4938562,2.7230966,2.2202373,1.7396204
-0.03208331,-0.6536706,-2.5514274,-2.2913027
1.4215382,1.4210713,1.3822556,1.1517075
-0.18649237,-1.9064751,-0.6499462,-0.9440485
2.41008,1.4821169,-0.32798296,0.9423572
-0.9535502,-1.3490701,-1.6407379,-0.9747913
0.3882208,0.9522293,-2.6723557,0.05130407
0.691386,-2.4104834,-1.2501667,-2.8666952
-1.283383,-2.156664,-0.17475754,2.0396888
-0.2510524,-1.0507329,-0.73080856,0.6079805
3.123092,1.530198,2.2544591,1.014409
0.4349002,1.3947418,-1.8278136,-0.6166771
0.34541744,-2.6230958,1.630835,1.913316
-2.6686473,-5.0544114,-3.1858711,-2.0052698
3.371671,2.2862258,2.1369948,1.9189832
-0.23115095,-0.82326627,0.8603317,1.1205035
0.319999,-0.7195238,-2.1232324,-1.2739662
1.7175455,-0.48593724,0.5249529,-0.11018377
-0.0075281737,-2.0168931,0.26149687,1.4534091
1.4709738,-0.3926398,1.2304842,1.378509
1.844527,1.6134062,-1.3964204,-2.218526
0.680462,-3.05998,-0.09998578,-0.58268756
0.60635674,1.4751445,-2.8835857,-0.8737398
-2.9155116,-3.41,-0.91983706,-1.2751086
1.6708472,1.2059196,0.82747215,1.862809
2.1375935,1.779761,-1.3670441,-2.2728877
0.19653928,-0.38499197,0.7080456,1.4057292
-1.9611323,-2.1696398,-4.364362,-2.8914905
3.082037,2.2672613,-0.5932355,-2.5016196
1.2685895,-1.0083495,2.7882397,2.235123
-1.8476095,-2.4604576,-1.8087918,-1.2309074
2.3068907,-0.21687047,0.6232959,-0.507182
-0.8481383,-0.26631042,-1.7732445,-0.55254364
-0.60409606,-2.5215173,-1.1937617,0.081792645
2.8041673,1.769393,0.8962134,1.0750799
-2.104565,-1.4870279,-1.4242916,-1.7689886
0.4878724,0.7738209,1.6649499,0.69058526
0.092075214,-0.09484359,-0.45400533,1.6926743
-1.6405638,-1.8021232,-1.3050407,-0.32041684
-0.55023354,-1.5152864,-2.324273,-0.22752696
-0.76858354,-1.2683401,-0.27925348,0.6962462
1.7823193,2.239206,2.5319853,1.9592943
-0.7299877,-1.4772921,-2.2409232,-0.87251925
0.11535911,-0.9607968,-0.08291122,-0.060681414
0.13905594,0.043562576,-1.7920556,-0.7671434
-0.29280695,-1.3754302,-1.3871613,-1.6076094
0.65423924,-0.53954744,-2.375991,-2.3195462
1.5679368,1.7247725,2.3973417,2.123347
2.9315324,2.817938,2.1734915,1.0518892
-0.40638503,-0.595441,-1.6389887,-0.6700869
1.018657,0.68470526,0.05012449,-0.51659316
0.28636053,-0.029532153,-2.3327806,-1.2371349
0.42889982,0.66175294,-1.7015717,0.01249805
2.3912644,0.9254785,0.092608646,-1.6978536
0.3323037,1.709878,0.2550838,1.4840269
-0.12663372,-1.2587913,-1.5233017,-0.36196902
1.8554798,1.1822929,1.0504416,1.413617
0.8911817,-0.26283267,-2.8479483,-1.4865541
2.7706404,1.7183613,0.8959364,-0.58851403
1.8317807,1.979048,1.8087784,2.2935517
2.4303432,1.0785763,1.2969915,0.76543725
1.043969,1.7604963,0.44679898,1.6857667
0.87702364,0.7548828,0.7818933,0.9839286
2.386168,2.0388584,2.3348591,1.695158
2.1494708,0.74688536,1.3018471,0.29962784
-2.9665039,-3.6439362,-0.81075346,0.8649772
-1.5338453,-2.2261803,-1.7176635,1.5745559
1.3573376,0.06262552,0.8413371,0.40834785
2.7319489,1.5319657,1.633135,1.3749257
0.95698154,0.03747987,-1.2951368,-1.8660225
1.4295512,1.8792545,1.7524686,1.7124561
-0.18575719,-0.6060557,0.72465646,1.7460185
1.1347859,1.1831949,-2.069749,-1.3939387
2.7655654,2.3886054,0.9630536,-0.66945887
1.9520597,0.37854823,2.0002654,1.7248217
1.3384677,0.97583765,1.900726,2.221775
-3.7684054,-1.0574567,-0.41091037,2.400313
-0.3724075,-3.8741457,-3.120963,-2.941454
1.4784257,1.7309574,0.3597243,1.6504192
0.28161305,-1.7290264,-1.8291643,-2.6850722
1.5688187,-1.1250829,1.4169799,1.1544838
-1.1425965,-0.016519869,-0.44443685,1.8267734
2.1972663,1.7465428,-0.28815776,0.008122653
2.996895,1.8793081,2.5160754,1.8360802
-0.46946293,-0.12096242,-1.5366452,0.6116926
-2.0592177,-2.6809766,-0.9833451,-0.23204611
3.0847273,1.938079,-0.3585968,-1.9679302
1.1780049,-0.6039884,-1.0566471,-1.6367934
-1.6720794,-3.906936,0.15820806,2.0634093
-1.1506093,0.27377838,-1.4318963,1.1470413
2.2153628,0.3497361,2.5026414,1.0742456
-1.1491586,-0.91146713,-1.8843731,0.4946556
1.4847835,-1.4338328,2.0964916,2.010103
-1.057032,-2.725433,-2.8676922,-1.5050123
0.018850498,-0.3505724,-2.6588373,-0.43237352
0.06669975,-2.1339555,-2.957808,-2.219877
-0.31302595,-1.4524391,-1.5487508,0.21223551
-0.6469054,-2.7976167,-1.5240606,0.21129794
0.85331607,1.6295161,-3.6552153,-1.6332833
1.1361064,-1.2128584,0.6875453,-1.3002318
1.250133,1.9481087,0.4791646,1.9925222
-1.2689092,-3.840342,-0.078143574,1.3434905
2.425679,0.95228636,1.5035356,1.2252247
1.7117908,-0.029591534,0.77191955,1.6119906
0.16435856,-4.1508265,-0.29320785,0.5087185
-3.0235164,-2.0700533,-1.5599878,-2.2246644
2.3595653,1.4125865,1.2602907,0.92506564
-2.993666,-5.1906085,-3.2407908,-1.4582305
2.6261864,2.6044352,-0.47765708,1.0231489
-2.5705569,-3.0314202,-0.9665555,-0.37086546
0.8015753,-1.0004051,-2.184188,-0.6363772
-1.2764255,-1.5263063,-1.6905057,1.0090231
1.1323262,0.6234734,-0.6281672,-0.0013987357
2.737694,2.5534627,-0.4131098,-1.8769646
-1.7666665,-5.589684,-1.4150461,0.34621271
0.99147314,2.0727944,-2.9028614,-0.57869184
-2.9624238,-3.6025572,0.6011769,2.2079492
2.0519996,1.152869,-1.5672946,-0.95440185
-0.71092284,-1.9957274,-1.4594228,-2.3029697
3.145266,1.8195188,1.9196751,2.0360065
-0.91617477,-0.40165615,-1.8278459,0.9456376
3.7577157,1.7896628,1.3411314,0.32059464
1.7015722,1.3902525,-0.7098114,-0.04410454
0.9191138,-2.4731116,-1.515484,-1.6264583
-0.83778733,-2.5874975,-2.686673,0.58300996
1.8803842,1.4916579,0.8657552,1.2779238
2.5645356,-0.48620138,0.9214985,-0.012668461
0.07803581,1.0058483,-1.5873637,-0.83767056
3.1838906,1.4423642,2.2863512,1.7276211
2.048911,1.5933362,0.59149307,1.8598505
1.9303533,0.34934965,-0.7665025,-0.2299595
0.20409752,1.5098574,-1.3951384,0.13329855
2.1228502,0.216213,-3.9838595,-3.3284173
2.9673407,0.9622146,1.3919077,-0.016348252
-0.88315934,-2.1006703,-1.3869731,0.43244672
-1.966092,-2.0072749,-1.0812134,-0.67068744
-1.1993853,-0.15871742,1.4729881,1.194792
-0.25127745,0.6371709,0.6242021,1.8677516
-2.292158,-2.9529576,-3.4007397,-1.4153564
-0.6977517,-1.4600061,-1.7159485,0.5302839
-0.10863257,-0.85873556,-1.0113035,-0.23418866
1.187013,0.3211987,-2.9520538,-1.3254951
1.5323516,1.2423998,1.6044219,1.0592098
0.54385287,0.10236646,-2.5336897,-1.7792286
-0.012078108,-1.096745,-1.2964491,-1.8555045
-0.98280174,0.02676362,-0.789774,0.42675883
3.1933713,1.6679267,1.6514579,1.4898797
1.4200594,1.5726365,0.16680801,-0.6391016
-0.054516487,-0.5628813,-3.1834671,-1.0678844
1.5921569,-0.8692343,1.3463062,0.33705592
-0.41416913,0.54175395,0.607897,2.0683346
-1.7464082,-0.95747834,-0.34163845,-0.23402376
2.3864253,1.7072647,1.3358219,1.1409185
2.4964035,-0.25772128,-0.2222607,-2.2755113
-2.9718087,-3.8309002,-3.7672014,0.62584877
1.0804025,0.41040432,-0.70343083,-1.1475503
1.486258,1.6889879,1.2553275,1.96647
1.6575919,-0.79951864,1.3181784,-0.19852735
-2.5929828,-3.1694784,-1.8625336,-0.95524144
3.6626828,2.8347654,2.012695,1.8615848
-1.8411034,-4.234243,-3.8056738,-1.3571557
1.1874746,1.1639214,-1.8334125,-1.1029543
-1.0531172,-0.9422659,-0.2294885,1.3672285
3.1482315,1.447363,-0.42137018,-0.5844193
1.9281594,0.8433033,2.2937958,2.1486666
-3.8760467,-2.5099096,-0.892989,1.8351468
0.4765628,-1.5061398,-1.7926751,-1.6576576
-1.8337744,-2.6226008,-2.3271809,-0.7181906
-1.0125526,-1.6577399,-0.8847983,-0.48684224
-0.5088587,-1.0513531,-3.1990573,-1.7754946
0.8841118,0.5454647,-1.2954612,-0.5119421
0.86228704,0.94939744,-1.7058731,0.99748486
2.2478826,-1.0417311,2.2773201,1.1614668
1.665418,1.2453119,1.3394777,2.248892
1.9480201,2.125775,-1.0258559,-1.9233546
1.6978157,1.3454891,1.4452304,1.7813253
0.76268625,-0.8312022,0.9819936,0.88896704
1.4531624,1.6618742,-2.089032,-2.1714466
2.5843723,0.97735703,2.3946755,1.426715
-0.95626247,-2.3459694,-2.0953808,-1.0375102
-0.2522225,0.12771617,-1.483528,-0.5354644
2.6158378,2.2114942,0.013506866,-1.8243874
0.35665423,0.68465906,-1.4034694,-0.56934196
2.188182,2.0585945,1.1721014,0.05072695
1.4156148,-0.57620084,0.0150959445,-0.17414035
-1.3955253,-1.9531777,-2.0624979,-1.0074062
3.1930113,1.7698044,-1.8339999,-3.0950317
-1.4173498,-2.5677638,-1.6989058,-1.0788006
2.2818308,2.2062373,0.30414706,0.6805244
-3.156168,-4.0311275,-1.1724224,-0.4344154
-1.395503,-3.9149282,-2.6360128,-1.4465526
-0.34056294,-1.3190346,-3.8807447,-1.9849197
-0.49084625,-0.47185257,-2.2919362,-1.1542727
2.3188434,0.5789255,1.1302509,1.777063
-3.2081783,-5.217749,-4.171813,-3.0326183
1.7031798,0.5151087,1.3669542,1.5091275
-1.3280072,-4.643335,-1.7628869,0.14285846
2.7349498,0.22682227,1.9977556,1.4743506
-0.80177426,-2.6900132,-5.335703,-2.5193233
0.9632172,0.044802494,-0.9667434,-0.60556877
3.135148,1.6273347,0.85489494,0.23799321
-1.3494102,-1.0276594,-0.65912527,0.762207
1.4766315,0.60647464,0.91680676,1.2297587
3.2898836,2.489122,2.2832716,2.474933
1.5336134,0.9660168,0.27328375,1.3256662
3.0536156,1.6441808,1.0636957,1.2241335
0.3994822,-1.9708161,0.728727,1.7882288
1.7838117,0.58030254,-0.6527014,-0.19505243
0.6352582,0.794677,-0.9219282,-0.99658936
1.6704274,1.546849,-0.84859157,-1.4255255
1.5132055,1.1959419,-0.3081639,0.52557546
2.6228678,1.5423186,0.7393457,0.5694156
1.7081108,-0.055783406,0.59658027,1.6724176
2.305108,-1.1995422,-0.31319523,-1.9902864
-1.8396627,-4.225775,-2.6382806,-1.467505
-0.67434967,-2.9898593,-3.7694762,-1.7829947
0.39889112,-0.9493046,-1.889758,-0.33744076
-2.8717458,-1.9200116,0.97812665,2.2040167
2.988365,1.718998,1.6968553,1.3869805
-1.7612414,-3.416483,-2.9667518,-2.2528038
0.40971705,-0.3874796,-2.008868,-0.81505173
2.557147,1.1195214,1.9265612,2.10068
0.9256775,0.39817575,-1.2593868,-1.9844843
3.2257197,1.7034243,2.3629143,2.3262842
-0.5771517,-0.92790484,-0.1595933,1.5184398
2.5563416,1.3894083,-1.2246706,-1.7363561
0.196162,1.305195,-0.071225725,1.3586223
0.7611467,-0.14406346,0.15450215,0.74946105
-1.4901446,-3.2039165,1.646775,2.7403266
-1.0947009,-3.0316503,-2.6451032,-1.1351839
0.70221245,0.4229213,-2.131708,0.52200586
-3.3128674,-2.2646797,-1.4146272,-0.35405222
-1.857182,-2.9314566,-2.3730564,-0.43486592
-0.43209562,-0.8802402,-0.067289956,-0.21756311
3.0495892,1.9530344,-1.5924957,-1.4664174
-1.4704779,-1.620661,-0.43293592,-0.93983495
-1.6522864,1.7803895,2.151444,1.8731142
-0.3537545,-0.9346664,-1.4430994,-1.284276
-2.0244596,-0.80573756,-1.7986603,-1.8105143
1.0357395,0.9804345,0.6694434,0.8561792
0.2986998,-0.82164085,-2.974252,-2.2763214
0.8225517,0.0978135,-2.6498404,-1.7541524
1.2664485,1.8478974,-0.848587,-0.01330565
2.0598354,-0.09969322,-1.4460199,-4.1848373
2.34741,2.0866299,2.297556,2.2287967
1.8359234,1.552369,1.9154302,1.2991726
0.2636753,-0.5279958,1.1915582,0.8754564
1.7016675,2.2552505,1.4394982,0.7817506
-2.016345,-3.4031384,-1.8024306,-1.6778662
2.9254088,2.4266798,1.6404178,0.46803325
-1.9106426,-2.5301754,-1.6533389,-0.16693902
2.32195,2.1492841,0.8980866,0.84517956
2.2891273,0.913142,-0.15375598,-1.3553085
-2.351138,-1.8983904,-0.12229274,1.3893541
0.9254406,1.5777682,0.026242018,0.7303139
0.23178542,-0.31428802,-0.431865,0.84945595
2.9076908,2.5000987,2.806622,1.8465987
1.7569784,2.2522693,2.0475202,1.8094877
1.01747,0.46274376,1.865901,1.378838
-0.042777725,-1.3091458,-0.5213463,-0.40734747
2.5387645,0.9045828,0.9092765,0.5838162
1.661566,0.39737317,1.9789304,1.111933
0.34399635,0.44390702,1.3004274,2.082079
2.025162,1.3386581,2.5474129,1.4756063
-3.3306766,-3.899458,-1.7954683,-1.949341
0.1946911,0.64401,-0.98011583,-0.5813044
2.0463836,2.158391,2.5761716,2.418828
-1.8322667,-0.6936639,-0.34509423,-1.4785458
0.30982915,0.16033712,-0.4277173,-1.5418314
-2.3466387,-1.9890633,-1.5191205,-0.23718238
-1.5193563,-2.4486704,-0.3556623,1.210992
3.5284352,2.2444031,2.2155812,1.9149371
2.78096,2.3854733,-1.8512897,-2.016432
1.0456861,1.7592564,1.018008,1.0361317
-0.9954591,-0.5822246,-1.3162569,-1.2588273
-2.1908753,-3.0480285,-2.2776794,-2.284654
-1.2979718,-2.0320342,-3.143349,-1.018914
-0.56931573,-1.5905427,-2.2755332,-1.0504688
2.2600913,0.90525436,2.1679168,1.6891606
-1.1624007,-0.78299063,-1.6324166,-0.6060989
2.3791285,1.8630177,0.15526353,-0.38366643
0.4204099,1.7378912,-0.76251525,0.69055915
3.6139183,2.4445646,1.597711,-0.3576568
-2.3944962,-2.974621,-1.4095199,1.0950487
1.367288,1.5542753,-0.11044996,-0.14464422
-1.0568798,-0.48773748,-2.8287718,-0.04190959
1.7528481,1.4648523,1.3992064,1.4508661
2.890779,2.4911659,1.1393778,0.73250055
1.5592976,-0.132022,1.192215,1.3905066
1.3843433,0.019052671,-1.030821,-0.6771041
0.34528434,-0.09527811,0.25022855,1.3185759
1.9932967,1.8069792,-0.114297286,0.92526037
1.0063512,-0.06642354,-0.76292616,-0.096065745
-0.14041713,-0.26330253,-3.4284499,-0.6936959
1.0242926,1.2497785,-0.25513446,-0.8498254
-3.6067555,-2.9527383,-0.25871915,1.2161188
-1.3395649,-1.8120605,-2.2014372,-1.0814945
2.1833522,1.6112596,0.8650005,1.0258129
-0.72824615,-0.91503346,-2.973404,-1.1936531
1.9473337,0.9433034,1.8358248,2.1673224
1.2069262,-0.19727217,-0.5000571,-1.4970412
0.5105031,0.87090665,-0.09774756,0.13112763
-1.337537,-1.6693448,-1.1143259,0.14672469
1.889397,2.6061714,-0.45615175,0.44900084
2.718857,1.6921407,-0.2733884,-3.5442514
-2.3986094,-2.955496,-1.130637,0.93558717
3.2661734,1.2905421,2.3154402,1.7298127
2.299367,0.53981274,2.3884692,1.4041599
1.9613655,2.0046673,-1.771636,-2.118485
-0.8182715,-2.1644228,-2.2420874,-1.1327642
-0.9347395,-1.7867696,-3.8762336,-1.0225631
3.8027534,1.5036795,-0.28158224,-1.5044601
-1.9471307,-2.3079581,-1.3899062,0.41362515
1.7826924,0.62179047,0.009954492,-0.36956912
-0.14048761,-3.610679,0.9611833,1.0191038
-2.4330401,-2.9598274,-1.2371893,1.8186342
0.9082423,0.29593286,-0.28356722,0.5240591
0.79817766,-0.20695397,-1.9011579,-2.4956007
1.8938569,0.555589,2.7321653,2.3760858
-2.8133743,-3.3380249,-1.6059628,-1.3061349
2.1968,1.1065336,-0.14466082,-0.67220277
1.2514294,1.2683952,-0.41785452,1.8708916
1.682283,-2.1999164,1.4044796,0.99228376
-0.15599187,-1.9358569,-0.11040907,2.2558818
-1.1674488,-1.9793755,-2.2178774,-1.6714643
1.9540085,1.3468653,2.314239,2.0906289
-0.02300964,-0.5449918,-2.6078916,-1.1471051
2.5234761,0.5984625,2.196805,1.2836937
-4.9936047,-4.085736,0.56364644,2.567036
-1.2510657,-0.5691935,-1.1953516,1.783754
1.3618351,0.043973524,-1.3068944,-1.202221
3.2920337,1.0105958,1.3244308,0.7724774
-0.96482706,-0.9363557,-2.9283574,-1.2681136
-0.19529408,-2.2255313,-0.8586248,-0.08300771
0.3500224,-1.0809848,-1.7986847,-0.15454054
-2.060156,-2.8417573,-1.8177332,-1.2659061
-0.7779866,0.761466,1.1381183,1.0299649
1.708083,1.3194472,0.6235112,1.4529492
0.0059633823,1.718283,2.243383,1.4497094
-2.2739174,0.35970488,-0.8187952,-0.56521493
1.3569106,1.5071769,2.3092537,1.4469519
1.2199247,0.89466065,0.51367956,-0.485421
-2.7178507,-0.4514116,-0.81215125,0.66690356
2.8209207,1.1179111,-4.0348964,-4.4704957
0.33333808,-1.2222688,0.73391515,1.2434587
0.18223709,0.39518458,-1.7252996,-1.4491031
2.617838,2.7042348,2.2845001,1.8824558
2.3951578,1.728184,1.0361946,0.8065302
-1.1409503,0.5191423,-0.26749977,0.8641366
-1.5402246,-0.8236833,-1.3928283,-1.1814291
1.8582408,2.2241733,-0.91487354,0.3498863
2.1760902,1.4818238,2.4690871,0.098812826
-1.5815918,-3.5025094,-3.506248,-1.8878384
1.3895645,0.9138202,0.18451107,-1.0428983
1.9522164,2.3549602,1.101373,1.7330505
3.232761,1.9288172,1.1776483,-0.0955922
-0.54438645,-1.5762116,-1.2637631,-1.0175056
-0.6440779,-1.5934576,-0.43873864,-0.946879
1.8938512,1.6013389,1.387611,2.1484635
0.43067986,-1.1808048,-1.2284507,-2.562907
0.7729463,0.7652065,-1.7848834,1.1655662
3.1595364,2.3416677,-0.3077094,-3.1425288
1.1383649,0.5289674,0.20385325,-0.52067006
-1.3948315,-2.6442184,-1.6550174,0.11494723
-1.3487791,-0.72318226,-1.3968563,0.16491774
1.7467048,1.4204764,0.12846573,-1.1090585
1.1403801,-0.61451477,2.433195,2.1782465
0.28791,-0.4075367,-2.235981,-0.3662309
1.4498518,-1.1907918,1.6082746,0.14547227
-0.12543218,0.6516842,-2.174254,0.67628247
1.256322,0.63603187,1.1735015,0.8889886
0.040895388,-2.9549322,-1.9083505,-1.9301481
-1.5992891,-3.4993896,-2.8409905,-1.2467754
-0.3680347,-1.4612882,-4.2124767,-1.751355
0.9434952,-0.52610254,1.6024619,1.1690235
-0.10722379,1.6531367,-0.2627895,2.1314223
2.0300102,0.7685389,-0.49722707,0.040028956
-3.2185924,-2.8915179,-0.30231157,1.8715461
-1.7573255,-3.704874,-2.5959325,-0.3099604
-1.4438509,-3.4481702,-3.2378976,-0.7034499
0.91695386,-1.0895996,1.4949069,2.0226343
-1.4838603,-0.94072795,-2.972424,-0.0054965536
0.7865468,0.87717456,-0.40054694,-0.0027447888
0.24030732,0.037325766,-2.7456396,-0.46374908
-1.768117,-2.023101,-0.63374484,-0.47784474
0.577767,0.18134029,-1.400567,0.14358349
2.865525,1.5422908,1.6909012,1.3338394
-2.112973,-1.0766349,-1.383664,-1.1848483
0.583399,-0.1474896,-1.6835078,-0.78411055
-0.44634932,-1.9223402,-0.89436966,-1.0762613
1.8591919,-1.926813,2.4211745,1.0697384
-3.7001696,-3.4978466,-1.1323863,2.142109
2.4116614,0.19170168,1.9373139,1.1949892
3.0289288,1.8282261,1.6021281,1.4875538
1.2414079,0.036933668,2.140008,2.5053976
0.96996063,0.51780766,0.7831398,1.8479544
3.7608924,2.5577712,0.7833284,0.67323446
1.1982518,0.14390247,0.1800079,0.08458916
-0.6328267,-1.9399022,-2.3706794,-0.8055488
0.41749066,-1.264757,0.03964592,1.1993737
1.6525992,-0.6927591,-1.3364278,-1.6425372
0.65625876,0.46422073,-0.38072833,-0.9069426
0.2604249,0.50660837,-0.7825047,-0.19084959
0.30155772,0.14335908,0.6376752,1.0709655
-0.45000923,-3.0724556,1.6873317,2.5584927
1.523344,-1.1878332,-0.67100495,0.4686895
2.341462,1.1137233,1.7502695,1.5874252
1.1305661,1.7793014,-1.3658426,0.12780578
0.4951812,-0.058923017,0.5065798,0.98829365
1.7156848,-0.46197802,0.8527526,1.3174237
0.7989395,1.3321314,-0.8023323,1.7548634
-1.3830171,-2.6896923,-1.9990174,-2.5729063
1.7595041,0.75085866,1.7041308,1.8991102
-3.064225,-3.5351827,-0.5416136,1.533584
-0.8640313,-2.7479677,-3.1401677,-0.97897756
2.8079195,0.94982064,2.4305112,2.3067837
-2.552394,-0.4445254,-0.18353836,0.38565302
0.3210879,-1.088982,0.1158478,0.94764155
-3.1228836,-3.9342768,-0.7680409,-1.4543802
0.40151063,0.5811683,-3.9995575,-1.5322715
1.6345378,-1.0557237,1.862863,1.4593791
-2.64349,-3.5387182,-0.010266303,2.343316
-0.006058864,-1.4626881,-0.49388453,1.1673287
2.0014918,1.3224963,0.4205957,0.5973616
1.2820942,-0.24637187,-0.022116175,-0.8590864
-1.641473,-3.5627959,-1.2554762,0.08179513
0.79691374,-1.1921493,-1.346868,-0.5800872
0.08015436,-2.6211371,-1.0771079,0.15932183
-1.7724774,-2.068251,-1.3678819,1.7313493
1.8094617,-1.6680431,0.37021706,-0.92055726
2.175987,1.7600043,0.68578434,1.3081579
2.9938428,1.6686308,1.8998244,1.7705619
0.07584259,-1.5376401,-3.4889781,-1.5740397
1.1687253,1.2394822,0.10407929,1.582385
1.7136159,-1.939631,1.5446647,0.84918916
-2.1433604,-1.7482982,-0.22327113,-0.57936424
-0.27434102,1.5250616,1.8142107,1.6060599
1.119192,1.965492,-0.06485064,0.77482855
-0.07146595,-0.2848281,-1.8772177,-1.4511224
0.70518196,1.7520832,-0.041939385,1.6157247
1.8767979,0.3279605,0.08710424,-1.8162423
-2.3466043,-0.79014736,-0.9260555,0.11413645
-0.80390334,-1.7864318,-2.3778589,-0.5965762
-1.4449266,-2.5920196,-2.4856782,-1.4096578
-0.24475831,1.0148556,-1.878866,-0.77388215
0.68314964,-0.25046557,-2.471587,-1.89418
-0.82970953,-0.97641474,-1.0931506,0.27028522
2.5101113,2.2064502,2.2742393,0.7833063
-5.126915,-3.6253424,-0.7480266,0.4878172
2.219775,2.1312485,0.16584055,-1.8868089
-0.7963495,-1.1727958,-1.9134867,-0.09885086
0.5054674,0.9828945,-2.4907565,-0.5305848
1.2659067,-0.376621,2.3303442,1.3099954
-0.8246725,-0.64272815,1.1825511,1.9859648
1.186435,1.2861578,1.109391,1.5571488
-2.6628506,-3.4148233,-2.774635,-1.0134854
-1.0406207,-0.6079254,-0.5432465,1.4474432
0.8292889,-0.062815726,1.3872021,1.2834369
2.2330291,2.0474565,1.436189,1.2935996
0.8630704,1.1229749,-0.7664852,0.1789123
1.9008864,0.74976814,0.35858914,1.5562042
-1.1931659,-1.1162076,-1.4879743,-0.008644387
0.12479173,-0.723079,-3.2331686,-2.15185
0.527428,0.6679982,-2.1301997,-0.503844
3.9442532,2.1548555,1.2330066,1.1683006
-1.5418639,-2.1249647,-2.1885948,-1.6698337
-1.4017167,-1.1559241,-3.4729323,-2.6994157
-1.7404798,-2.7070773,-2.4290915,-2.3098438
2.5790331,-1.3556489,2.4240928,0.93515915
-3.1830199,-3.0401545,-1.329842,-0.4074732
-0.2932073,0.5819242,-2.002934,-0.00079054676
2.4852417,2.2308345,2.2784712,2.1430693
1.9046398,0.38544294,1.885224,1.541662
-5.00979,-2.8723843,0.3928997,0.68051034
-0.36287245,-1.2933731,0.3728637,2.2057958
-0.2715918,-1.7622553,-2.5271215,-2.7836473
2.8318243,2.24047,2.2495592,1.9264281
-0.96801615,-2.2230024,1.1914686,1.5866828
-1.2611089,-1.0055356,-2.019113,0.79681486
3.1565769,-0.38701138,2.03511,0.3177861
-0.7546995,-0.09381268,0.65558267,1.9207577
2.3942492,-0.12193984,1.5364975,1.7444011
0.60407627,-1.5614134,-3.0328526,-1.3659427
0.9914364,0.30996215,0.32708627,0.4877621
0.4173214,-1.929426,1.0772794,1.4466428
0.0043397527,0.84307426,-2.6044834,0.4786749
0.2145399,-3.8076959,1.3408527,0.69881195
-2.4986095,-0.8017235,-1.4312629,1.8256146
2.019551,-0.44433713,-0.5290138,-2.3331146
0.9249973,1.6719095,-0.7751342,1.257716
1.2916007,0.37831542,-0.8210395,-1.8928041
0.023665054,0.47560617,-0.3548062,0.6541556
0.23833235,0.55821544,-0.47345492,0.9862649
3.0112808,-0.073454216,2.612621,2.0372117
0.5590317,0.69759125,-1.943311,-0.7984291
-2.7066724,-3.3963206,-0.900878,-0.97578067
0.7170465,0.50831294,-0.24947965,1.4093515
1.7188864,0.5975464,-1.2137399,-1.3908437
0.7236877,0.7218613,-0.04143542,1.5659244
-0.21543185,-0.6127831,-3.1478808,-2.2390995
0.59262305,-0.21793485,-0.6669146,0.6182016
3.5780067,2.3258376,2.1668532,2.0964618
-2.3076556,-4.938762,-3.7969766,-1.0900736
1.574959,1.6524473,-2.94973,-1.2850219
0.8674307,0.43911797,-0.7813201,-0.016485384
1.9794562,-1.8924595,2.4858437,1.750193
-0.2425609,-3.1548405,-3.7167814,-1.4849536
-0.8083086,-1.6845104,-1.7961125,-0.34168813
2.548271,1.1417621,2.3369884,1.7123264
3.9102302,1.6172268,2.3422046,0.9090224
2.1040144,0.16979979,0.5496618,0.54151225
-1.9433324,-1.1288292,-1.4219983,-0.46908772
-0.10422648,-1.1908201,-3.4116209,-1.0245329
2.9549024,1.7132541,1.8429079,1.4606954
-2.5196486,-5.1780996,-3.0481057,-1.6704481
1.2545195,1.9623858,-2.8628974,-0.6411035
-1.472166,-2.3971434,-2.3034782,-2.1640542
-2.158186,-5.497298,-2.7581263,-1.0434711
2.1813748,1.3468888,1.5491796,2.0789738
-1.4115839,-0.816274,-0.028233018,-0.043323588
2.0135899,1.4944266,-0.18014911,1.1964898
-0.0067523844,-0.8723603,-4.450453,-4.4233093
-0.3158954,-0.97672886,-2.1617465,-1.5682588
-1.8824265,-3.3888397,-0.70484805,1.4830168
1.2611351,0.47150612,-0.3227226,-1.1783987
2.190372,1.6816134,-2.9786997,-1.8671547
0.984027,-0.68437773,0.78145105,0.41719145
-1.7677753,-3.7494838,-1.9953811,-0.15669696
-1.2177765,-3.5431857,-1.6860168,-0.27494457
2.245329,2.6663287,1.5314595,1.6343772
1.4390903,-1.0986681,1.1331558,1.3988022
-2.4556546,-2.517534,-1.6054333,-0.59407717
0.5212877,1.1056043,-1.2524654,-0.3375669
0.89851516,1.247064,-0.21776319,1.6925404
-0.24917069,-2.8322628,-0.7373094,-0.938132
-0.8723565,-1.4782422,-1.5047405,-1.047138
-1.0748523,-0.5642609,-0.5957749,-0.98670983
-0.5410098,-0.6220961,-0.8214427,1.4497811
1.4858304,1.5330606,-0.46905127,0.43228638
-2.9713144,-2.717905,-1.1239977,0.52152526
1.6730821,1.755555,2.0530963,1.5447422
-0.3409934,-0.4608995,-1.4545369,-0.24546874
2.3490894,2.573581,2.3083274,1.646741
-0.43866873,-1.5067445,-1.92221,-1.5506105
-0.15106648,0.46189594,1.1070493,1.4202598
0.9114995,1.6806614,-0.83866787,-0.992058
-1.2317517,-2.1389277,-2.1730263,-1.5447414
0.11895326,-0.20783055,2.037874,1.9097208
-1.4518962,-1.6712937,-1.9657828,-0.9800032
2.2711744,1.6879728,-1.5273511,-3.1542501
0.85512286,0.6723429,-0.50069535,-1.6797929
3.3765907,2.1170113,0.8703914,0.80029786
-2.9218352,-1.6567388,-0.07292411,0.3191073
1.4136592,0.07555251,-3.2271187,-1.9861089
1.1977446,-0.74786395,0.28737268,-1.6200624
-1.9157736,-0.92587906,-0.37855476,1.3388731
2.641305,1.6592525,0.07968617,-0.9791518
0.619144,0.011754084,1.9372109,1.7773095
-3.4079537,-1.6191032,-1.7028285,1.3808353
2.6664279,1.6045864,1.4794441,0.8315285
-0.27520722,-2.3196995,-0.4539294,-0.30714253
-0.12373964,0.18900082,-1.1312027,1.288345
0.36623773,-1.4764705,-1.2571408,-1.2041389
2.307151,2.0680745,0.85138094,0.042748407
1.658816,1.7057482,-2.0154762,0.05030437
0.9024127,-0.86322564,1.9505205,1.0583332
2.587742,2.5738487,1.7577022,2.1912029
2.5078025,1.9307362,-0.06285439,-2.1710207
0.21535839,1.2752824,-0.554762,0.7074857
2.9830105,2.1176405,2.191485,1.1778096
1.8541777,0.8043621,0.92852896,0.81604946
-1.8493094,-3.0595887,-2.5537946,-1.4149055
-1.1042361,-1.3244098,-4.574514,-1.0080223
-2.4568021,-3.5185025,-2.619111,-1.8909314
1.9091746,0.7642027,2.0044854,1.6616641
-2.136959,-2.9586425,-2.753009,-1.233335
0.62838274,-0.049056,-0.35225737,-0.6391499
-0.31769145,-2.6166358,-4.2433968,-1.0185292
0.50900394,-0.018998286,0.48817548,0.84971446
1.7625481,1.0507218,1.7310946,2.0243614
0.029458715,-0.60865355,-1.83294,-0.27481303
-1.1575537,-2.8996797,-2.4322455,-2.3230813
1.0759102,0.74934727,0.09464078,0.9434323
1.9858046,2.2471333,1.8755589,2.0463026
2.4293365,1.0914251,-0.36740577,-1.3786517
-0.28612354,0.9556055,-0.18301979,0.7534131
-0.052844647,-2.2956314,-1.2159752,-0.20981759
1.3191198,0.5294551,-0.755181,-0.34628788
1.4447212,-0.85006326,1.6278362,1.38519
-1.2956557,-2.7436187,-2.5322967,-1.5298012
1.5004523,1.758557,-2.1118588,-0.19874424
0.3511511,0.20223837,-0.048505127,-1.0256569
2.7343059,1.7289983,-1.2922525,-2.534373
-1.8258107,-2.9323525,-1.7975729,-0.8628971
-0.35955733,-1.308979,-3.5045538,-1.8652434
-3.0368352,-2.0469549,-0.8181617,-0.3352282
-1.2823865,-2.695025,-3.493051,-2.58076
1.5694858,1.2255566,0.92177594,1.6224682
-0.25360718,-0.9838816,-1.0157927,-0.058091637
1.0778742,0.35793197,-0.08759294,0.21768723
-0.9286828,-0.76950896,-1.9787545,0.6917759
-0.8903733,-2.8715644,-2.58185,-1.7188745
-1.7336819,-3.3644788,-1.756846,-0.09645001
-0.491179,-1.7134207,-3.3846183,-1.9146689
1.1577829,0.5134088,-0.8651119,-0.7899397
0.9718659,-0.40410277,-0.7473161,0.8218571
-1.513975,-3.6383066,-2.3218105,-2.0098166
1.4849522,1.2356597,-1.0340477,0.40121654
-0.12723999,-1.9223645,-0.8127126,1.1971159
-0.3410209,-2.902593,-3.3168309,-1.2946084
1.1394422,1.4232343,0.49259895,1.3952342
1.4472742,1.1401348,-0.50392693,0.32719687
0.49171913,-1.5908266,-1.3550133,-1.1040196
0.29101998,0.20849687,0.943172,1.6665677
-0.5721883,-0.29268444,-1.6547235,-0.81231177
1.6588464,-1.6949174,2.173912,2.3513136
-0.29126534,-0.6330461,-2.885811,-1.5987091
0.74977165,0.629509,-0.12458833,-0.8153217
-0.894197,-0.66303456,-0.9252015,-0.29070547
2.138431,1.7065408,1.6383032,2.2747025
2.0392058,-0.15707645,0.963175,0.43368796
-3.2314258,-1.7591782,-1.4316387,0.83466846
-0.14542478,-1.9969339,-0.2514617,1.2190082
0.22230984,0.27711686,-2.166063,-0.9388491
-0.45639974,-2.7291837,-2.0771155,-1.8325738
1.9823576,0.047742758,0.80052626,1.0772679
-1.1861806,-2.7397475,-3.9635894,-1.723571
-0.8152211,1.3844968,-1.497809,1.1518245
1.2304723,0.42846957,-1.4007051,-2.6612427
-0.75955206,-2.0230951,-1.6888055,-0.8275656
-1.1713617,-2.0077333,-1.121351,1.6289184
0.12063637,-0.5239589,-0.47661558,-1.1036512
-1.6062576,-3.019619,-2.694428,-0.9192744
-1.5644087,-1.5988526,-2.0357926,-0.97178227
-0.5972452,-1.310432,-2.9569654,-0.1874853
-1.7308266,-2.4958804,-1.1635427,-1.0507395
-1.2534168,-0.0787407,0.65726227,1.5568986
-0.7962895,-2.281855,-3.801451,-0.4081945
-0.49696505,-0.3382239,-2.1688342,-1.2748227
1.2831862,1.0272586,1.1327683,1.4494919
-3.1487238,-4.2383385,-1.9077249,-1.4657155
1.441519,1.0233574,0.056918435,0.50627995
0.3964115,0.10462715,1.6441709,1.365121
0.87857413,0.3584659,1.8195753,1.5226995
-0.07075488,0.34151757,0.49814218,1.4319596
1.8572809,1.6795229,1.2037247,1.296063
0.3740554,-0.56423503,0.9120925,0.690717
-0.79340124,-0.7358394,-1.8271759,-0.39375374
2.0843153,-0.027951509,2.7362454,1.3909951
-0.9292288,0.08813735,-1.4109306,0.52428573
-1.0253297,-3.0232308,-2.2668269,-2.3326857
1.3438859,1.7270577,0.79425883,0.84860957
-2.2217634,-3.4439645,-1.6976442,-2.1917431
2.270825,1.6847478,0.09440089,0.22856586
0.6395336,0.60981125,1.6306034,1.6609378
1.3779672,0.7700215,-2.2210112,-2.9388456
-0.31647155,-0.049162507,-1.168875,-0.8963631
-0.15322329,-1.5677645,-3.0170681,-1.7905686
2.9021938,1.552458,2.1691582,1.91356
-3.0778182,-3.5444658,-1.8127612,-0.6870551
0.5200929,0.16989735,-1.1012182,0.39274165
-1.8555868,-2.746833,-1.993101,-0.654244
1.304029,-2.7015889,1.863296,0.3367622
-2.0263755,-2.0729756,-2.8518476,-0.20760606
-1.2415134,-2.1141193,-1.9394593,0.014519409
2.9259846,1.9469413,-0.7340434,-1.5739962
-2.317116,-3.425453,-1.4218521,-1.2118418
2.258222,1.0594653,1.9376377,1.9719814
1.2976733,0.5176625,0.39320132,-1.9580846
2.3527715,1.598375,2.4517584,2.1813977
0.9961415,1.2960777,-0.09807108,0.4558558
-2.9464526,-2.8576963,-0.9731596,-0.05268423
-1.2153401,-0.8232078,-1.5565377,0.5812318
2.937821,2.1459866,0.9415303,-0.1975115
-2.1512873,-2.4661689,-1.480022,-0.2095429
1.3095368,1.0394226,-1.0593728,0.7580449
2.8123968,1.1064087,1.5765923,0.4376582
0.068176135,0.4103223,0.50544256,1.6398222
-0.7440394,-1.6615767,-0.6514928,0.59923923
1.4652575,0.12719682,0.012191882,-1.3159124
-2.5757537,-2.621059,-1.5519319,1.3188527
-2.1137881,-3.4058416,-1.4117694,-2.0896704
1.8869689,-0.09377216,2.3303242,1.4640727
1.7012677,1.963285,1.0433172,2.0150063
-2.4092762,-3.3841763,-1.8419394,0.62759584
3.1236353,2.2581055,-0.7665841,-1.6911417
2.1488056,1.5991187,0.64691764,0.43150833
-1.3529315,-0.8662403,-1.1869988,0.13012378
0.7231506,-0.6363365,-4.030719,-0.22456785
-0.26311472,-3.2088993,-3.3864777,-3.2295387
0.8262748,-1.6858805,-2.8815346,-1.7302119
1.9306766,1.1664468,0.8474226,-0.020818524
2.6456175,2.287599,-0.039540544,-0.74552906
-0.78769505,-2.635779,-1.4104671,0.26336437
0.3897294,0.20077978,-1.2332203,-1.2241919
2.817805,1.4977387,2.4080455,2.1489744
-3.1886349,-3.9234314,-0.9039634,1.2417804
0.35363072,-2.1600735,-2.1467233,-1.383408
-1.2521476,-1.7298759,-2.4127278,-0.6959751
-0.8664218,-1.0013096,-0.07180103,1.8374602
4.0475755,1.5925261,1.4596839,-0.35381773
-2.9805434,-3.435379,-2.8275983,-2.0633616
-1.6954149,-1.7116702,-1.6523405,0.6504356
2.455323,1.598097,1.2200061,0.93358815
-1.0819068,0.006356608,-0.38972628,-1.520178
1.0860947,-0.91658396,1.9878428,2.4339569
1.5373412,1.8222466,-3.0929213,-0.17668724
3.0061548,2.5284047,0.31394225,-2.458396
3.9534254,1.6037287,-0.13977823,-0.99475485
-2.8502815,-3.7325287,-1.8865149,-1.1673049
2.6281183,2.4442465,1.9726241,1.7817215
1.5088558,-0.33594862,1.7549025,1.2043599
0.45387757,1.7676308,-0.713764,-0.216297
-3.075492,-3.300696,-0.68739074,-0.13513671
-1.7457602,-1.4098886,-1.8155793,-0.39126486
1.7796248,1.5010682,1.2142104,1.3802288
-1.0419137,-4.2885375,-1.7222898,-1.182808
2.7681732,2.053953,0.19311227,1.3651608
-2.133644,-3.9522014,1.8514899,2.6823938
2.7597132,2.1174803,-0.23918359,0.36182263
-1.2512321,-2.898646,1.9900539,2.466843
1.9573421,1.7160718,0.76226616,1.5429082
0.7443896,0.5347075,-1.9033227,-1.9113278
1.426467,-1.5665036,1.0635672,-0.8961286
-0.72463685,-3.0975416,-2.9452238,0.26819426
0.6836668,2.0751112,-0.60707325,1.0065845
2.6421502,1.1315233,-1.1631818,-3.7459617
-2.2680354,-3.199644,-2.104831,-0.90907145
2.8516505,0.46022245,0.5659785,1.6542543
-0.4685357,-1.7651652,-4.04277,-2.945514
1.7079048,1.1125758,-0.6594705,-2.5276961
2.20467,1.4290696,1.8604766,1.8343518
2.3756223,1.709664,-1.0908005,-0.06657355
0.77793956,0.092752516,-0.7242812,-1.424284
2.1963184,1.4340694,0.16062567,-0.25757617
-2.0997264,-2.4017959,-1.8159771,-1.1860344
-1.6132324,0.47602373,1.2458372,1.484358
0.8983307,1.545651,0.42666164,1.1857164
0.4801842,1.1366827,0.21251954,0.41198578
-1.0786271,-1.512551,-1.908092,-0.8720001
1.299195,1.4485153,1.2874537,1.282348
-0.17191482,-1.9873692,-2.1828198,-1.6588522
2.3939006,2.3211415,1.8879064,1.4262253
-0.5873512,-1.1022505,-0.091193706,-0.35378894
-1.3306608,-0.78693235,0.7346532,1.6215767
-1.4437168,-0.26128903,-0.6912714,1.2560931
1.6956698,0.77503395,-3.3139694,-1.8001148
-0.33587518,-1.7197909,-1.5917335,-1.9758996
-0.8162733,-1.8507389,-1.9959097,-1.9864783
0.99896747,0.58104527,-0.37678796,-2.296978
2.6147692,2.7416854,2.2060475,2.154134
-2.1809444,-2.971946,-2.2410698,-1.3430758
1.2811657,0.3207081,1.8833925,1.7725555
-1.0046669,-1.767457,-3.1163127,-0.6114247
0.7711757,0.51752347,1.4836465,1.4632809
-1.8770094,-2.2723744,-1.6864913,-0.37905094
1.6425608,1.2832398,0.40965155,-0.35029516
-0.7928879,-1.1042057,-2.0469897,-0.93086207
-0.33031,-0.5948505,-2.4729922,-1.5539137
1.5167636,2.3247755,-0.7640096,-0.07633524
2.1011784,1.2235188,-1.3252294,-0.5426877
0.12846893,-2.5514593,-2.8162622,-2.7483854
1.3931906,0.9491024,1.7687345,1.331729
0.72950363,-0.90089506,-2.2276518,-1.7621624
-1.8245947,-1.437763,-1.4774828,0.93535805
2.786924,1.4115195,2.5427914,1.389077
-0.9965736,-1.7726204,-2.5228941,-1.6352537
1.1972672,-0.3891665,1.3433425,0.9296664
1.2187845,0.9727805,1.2485276,1.4304587
-3.7119489,-2.398547,0.65217173,2.7224376
2.0792959,-0.5344893,-2.3248875,-3.430327
0.72145915,-0.061911825,2.72545,2.4235945
-0.609514,-0.20886946,-3.3451364,-1.5464535
0.11137903,-1.6876636,-4.8730874,-3.0702348
1.3186414,1.5079417,-3.04529,-2.1247966
1.6183157,0.3943575,-0.42947388,-2.1598222
-2.4270563,-3.5086002,-1.5499,-1.5519239
-0.5841267,0.0012861947,1.3910657,2.4672375
-1.3096498,-3.8624132,-1.1212896,-0.60873735
1.7443745,0.32748026,1.4896019,1.9314183
-1.8548816,-0.6267855,-0.08405391,-0.6653254
-2.5329645,-2.6035256,-2.5268586,-1.0716993
2.335494,2.1960804,-1.2969465,-1.3567566
1.3353755,2.338689,0.7230457,-0.9145553
2.8662016,-0.7050595,2.0908241,0.8351954
2.4410658,1.4639825,2.461389,2.2610946
-0.6717645,-0.3561419,0.08631324,1.6631684
1.8772275,-0.63058585,1.3871162,1.0330548
-0.29290575,-1.3610979,-1.836852,0.5742554
2.1457362,2.6312966,1.1589348,1.2652861
0.69750684,-2.5705009,-0.714836,-1.4293627
-2.3035123,-2.6814868,-1.4174893,-2.0078077
2.705375,2.0453522,-1.6563042,-2.0282805
-1.6242691,-2.0328777,-1.8074766,-1.34893
1.9724566,1.156077,-0.5669594,-0.31149516
2.6510174,-0.47467571,2.4981787,1.7896883
1.4773741,1.3297585,-1.1498939,-0.59337807
1.0130202,-0.60900444,-1.2005602,-0.5736977
1.2390373,1.9536178,-2.5602171,-0.99578977
1.4214109,0.5875314,-1.0494683,-2.7525067
2.3781679,2.1994858,-1.597922,-2.987537
-0.53077203,-0.451545,-0.001604599,1.548538
0.34562024,-4.027107,-1.5958229,-2.3993545
-1.989553,-3.3172772,-0.6112529,1.2751306
-2.0009024,-1.0772749,-1.8665326,0.5663697
2.7000096,1.9051329,2.5099602,1.3608778
0.30395555,0.399008,-1.7805115,0.27522737
-1.2026656,-4.1030784,-1.8827953,-1.8845938
2.7178123,1.5204945,2.1063774,2.0157044
-0.8086673,-0.42441645,-0.719559,1.3667467
0.5734739,-2.197174,-2.3695586,-2.5263186
-1.3189037,-1.6220663,-1.7645202,0.28613833
2.1797383,1.0103395,0.49052843,0.78782046
-3.3067093,-3.9798126,-0.76043326,-0.8239925
2.0558655,1.5958098,1.7691524,1.7135967
0.59991515,-0.08086426,-1.0670556,-0.74907094
1.8070056,2.014719,-0.4068463,-0.8368335
0.73653007,0.7000518,1.0049987,1.5874646
0.737927,0.6004192,-0.7229197,1.5322665
-2.2847219,-1.4583029,-1.8456339,-0.57200116
-2.0826104,-1.1908047,-1.2307887,0.15980738
1.4207171,-0.0025075434,1.436693,1.506955
1.2285875,1.9322188,-1.3650911,-0.2701205
-0.97249854,-1.4850136,-0.5770268,-0.6756081
2.038945,2.3625977,0.04289208,0.010477106
-1.3020669,-0.2394385,0.3541715,1.0525628
2.0650403,-0.079210095,1.1434762,-1.7276736
-0.5976524,-0.058637664,-2.2883067,0.45638484
3.6015718,1.9172776,-0.94669807,-3.3870895
-0.2795955,-2.6116698,-2.2162147,-0.757866
1.6986315,1.9797384,-1.3662187,-1.6405188
0.36125392,-1.5046668,-2.7198994,-1.4134016
0.81794834,-1.7146634,0.08149595,0.9218279
-2.6061928,-3.0025845,-1.4990982,-1.6167569
-0.851003,-2.0602257,-2.7198195,-2.0061853
-0.9730946,-2.6660748,-2.021512,-2.4050825
0.00025225186,0.014906421,0.30431935,-0.17704064
-0.08231076,0.02053058,-2.2793093,-0.7385658
0.06997269,-0.5374802,-0.024107842,1.1297747
-0.99705315,-0.74677366,-1.8830554,0.29960632
0.5235383,-0.6151931,-2.4000282,-3.0926697
-2.1062791,-3.1471019,-2.0753713,-1.5923463
-3.0589795,-1.6747603,-2.187064,-0.71998554
0.30377164,0.98734426,0.8630055,2.1483455
0.9821951,-0.2933607,0.25789943,-0.6418977
0.13483769,-1.80464,-3.6538315,-2.2953813
1.1224278,0.8179211,-0.760733,-0.6696538
1.9742147,1.3376108,2.6267226,1.9676818
0.8305056,0.7285571,2.2285051,1.8282052
2.6004467,2.183052,1.9177665,1.6417145
2.204614,1.2338934,0.6696566,0.7770106
-0.84409815,0.113578014,-0.3129422,0.92671204
1.9487014,1.1239872,2.201615,1.6500194
-2.1594765,-1.1879324,-1.7646298,0.6227701
-2.440433,-3.2281468,-2.24594,-1.4203757
2.5200648,1.5450567,1.8115206,0.28707007
-3.0122955,-1.7961774,-1.3033079,1.8538531
-1.4129456,-0.47923997,-1.0325494,0.105580375
1.3235031,0.87395155,-0.89036983,-1.6614769
1.9984205,1.2795441,0.53853244,-0.7096534
-0.7794797,1.2520572,0.2593546,1.838273
1.7137449,0.9685155,-1.8441241,-1.5723784
0.39819103,-0.78270507,0.25515473,0.034798864
3.205323,2.709268,2.1832714,1.7714418
2.209572,0.95018303,-1.1185396,-1.44566
-3.256513,-3.9067757,-1.2843168,-1.2406416
-1.3815665,-2.1761005,-4.05248,-2.6660597
-0.6693457,-1.9260947,-1.6872827,-0.89614934
2.2806423,2.1834857,-1.675514,-0.3177898
2.078773,-0.18469134,0.6002069,-1.1564649
2.7578342,1.159581,-0.70036787,-0.4531437
-0.88503474,-0.3748733,-2.575166,-1.5733018
3.3947947,2.3847547,1.3817712,-0.21147001
2.5877376,0.85914886,-0.90734404,-0.8353859
0.33325845,-0.39124575,-1.041749,-1.3074253
-0.69266623,0.6135121,-0.06605799,1.8398925
1.9887322,0.51478726,-1.2013487,-3.0664928
2.4217436,1.156519,2.4743478,2.2495978
-1.3151717,-1.0627402,-3.2797248,-3.708232
1.1306363,1.2666477,-0.124970056,-1.0623983
2.3293574,0.8365717,1.915033,1.4887975
-0.8372054,-0.09967224,-2.4975924,0.6694954
2.1346366,0.8054899,0.117396414,-0.6473602
0.4311038,0.6996969,-1.315008,1.2372916
0.08795339,-1.6725491,-0.9837368,-0.37180778
2.5261285,1.4781804,1.5372663,0.93492925
1.7592458,2.48077,1.8663703,2.1744578
0.15572165,-1.2036375,-1.5948403,-1.9444022
-3.1083066,-3.8567646,-1.0853791,-0.5771378
-1.3887382,-2.977908,-1.4451734,-1.126931
-1.3392514,-1.4765029,-0.4313571,1.9861255
1.68895,1.5712171,0.446227,-0.06929176
-1.798258,-2.4853363,-1.6648024,-2.1076982
0.76272136,-0.1253462,-1.9803337,-1.3583845
-0.1281245,-0.62870026,-1.0199058,0.6061961
-0.021820934,-1.2145944,-0.6563893,-0.5549426
-0.27327728,-1.1288,-0.27081266,0.66273284
-0.2932956,-1.8995584,0.38577032,1.1629819
-0.09036785,-0.5693014,-1.2928017,-0.8014046
-2.7474911,-3.6300821,-1.4817748,-1.0337608
0.7610425,0.798221,0.4503981,1.1777366
-0.19109234,-1.6990601,-2.1748123,-0.6565139
0.7687537,1.0965416,-0.24715589,0.8717687
0.63873917,0.78597546,-0.60104173,-0.89490414
-0.06246826,0.18244731,-0.08943191,1.198048
2.4938598,1.089351,1.6960043,0.602129
-0.7518348,-5.031087,-2.3759956,-0.6996218
2.4105844,2.1745884,1.4356396,2.0327005
-1.6318345,-2.8968024,-3.1145902,-2.6554768
1.3628025,-0.16194233,-0.85218424,-0.8378802
2.0199335,0.9417025,2.2051017,2.257756
0.14944538,-1.9640307,1.7823732,2.5759578
1.2570688,-0.20059039,1.9921807,2.2171597
-0.6552093,-1.4581168,-3.1848173,-1.2695007
2.6539187,2.6396923,2.1383955,1.86765
1.1670573,-0.7713196,0.65883845,0.33203048
2.5430634,1.553722,2.4058468,2.1662757
1.9898504,1.3549292,0.651349,1.7637628
3.7698953,2.517788,1.7116848,2.2275343
0.306945,1.7626957,2.521222,2.664982
2.757961,2.1681132,-0.4083672,-2.069724
1.6827819,0.32493964,0.66790146,-0.028253095
-3.1668684,-2.8001373,-1.3918657,1.2531317
2.704141,2.1750236,-1.5432518,-2.9597294
-2.1222692,-2.2920146,-1.7253461,-1.2368803
-1.2509484,-3.6710446,-4.2983575,-2.4216301
1.8944632,-1.6337093,1.866276,0.9691386
-0.04518946,1.6333175,-0.15369715,1.8514291
1.7341537,0.7032423,-2.2706344,-1.2491409
-0.97504807,-2.7592037,-1.709683,-1.7654577
-2.397859,-1.6875081,-1.0045083,0.9054313
-0.05233741,-2.195476,-1.7615635,-0.95854753
0.047761947,0.7503511,0.42349142,2.1117795
1.5303699,0.7155283,-1.1244086,-2.1139507
1.4312376,1.0427568,-2.1393373,-0.49156857
-1.9076725,-2.7742207,-1.9911642,-1.41828
-0.02036551,0.7141989,1.2711385,0.48272175
1.05293,1.9145966,0.41207877,1.0729214
-2.0151303,-0.7095863,-2.2515147,-0.04912168
1.8098977,2.0172172,1.5926082,1.6250994
-1.748975,-2.7085457,-1.7644033,-0.9600568
-2.0489316,-2.6421468,-1.1105274,-1.0801777
-0.42903805,-1.3134519,-2.1009188,0.07667524
0.31455302,-0.2234942,-1.6064771,-1.79659
-0.7229726,-0.06823818,1.5605668,2.320163
0.29876685,-1.0065265,-1.9007543,-1.3855301
-0.036525823,-0.048915092,-0.47296786,-1.7016318
-0.56459993,-0.3645984,-0.017991414,1.444275
-1.2518413,-2.4416275,-0.6675519,1.0984488
0.21903639,-0.18456526,-2.4966173,-0.8562296
2.486139,1.9729593,2.2850778,1.5366291
-1.9105643,-3.1256583,-2.0790837,-1.113653
0.7855984,0.69237477,-0.67591506,-0.8176214
0.50454044,1.8185763,0.19065711,0.039026357
1.7973489,0.3346667,1.4959095,0.7372952
-1.2764077,-1.1680475,-0.7566802,1.3906124
0.014909195,-1.5768403,-0.55781037,-0.6255909
3.1788883,2.4393632,1.9962107,1.9915276
1.0700493,-0.5339164,-2.7417874,-2.437992
-0.42878547,-1.5824248,-0.82862175,0.61371684
0.14081423,0.39306906,-1.8117192,-1.0081563
-0.43014133,-0.8665778,-0.8890286,0.54482746
1.395547,1.405884,-1.2181565,-0.72100496
-1.8407291,-3.7775695,-2.6407754,-2.1710875
0.46351874,-0.2794615,-3.6112602,-1.7831542
1.6017781,1.5616761,-0.8416644,-1.6981422
-1.7272081,-1.1861064,-2.9379535,-2.62321
1.4097052,-1.2956041,-1.2466799,-1.3003371
-1.1525518,-1.824364,-3.5180745,-0.31654543
2.6570628,1.6058234,1.88174,1.3325684
1.3939766,1.7732598,1.3677281,1.4945911
-2.6351395,-2.5557199,-1.9505365,0.5006066
0.15900113,-1.7643958,-2.872473,-2.5515645
3.4370735,1.7934881,2.4282196,0.9914357
-2.057433,-3.0508208,-3.2719088,-1.3584114
-0.20179227,-0.5899549,-1.3784939,0.95809925
0.78944147,0.1257995,0.2555953,0.9475649
-0.77056694,-1.7419807,1.219286,2.4439695
2.100535,1.3984417,-1.5916692,-1.4592345
1.2529129,0.2993444,-0.34774193,-0.6446372
1.5520605,1.6375406,0.35862628,0.67696357
0.7391427,-2.0322804,-1.6896155,-2.9080074
-2.1682177,-4.437525,-2.196375,-1.8076097
1.1504034,-2.640725,1.1013446,0.97216547
1.3351277,1.3882406,1.3048613,2.0592718
-2.4217052,-2.9541335,-2.6185532,-1.6135509
3.9297986,2.6281013,2.4187994,2.058987
3.2308042,1.8208035,2.3562522,2.0069478
2.263962,0.31474414,-2.084756,-2.9671245
3.1154816,1.685294,-2.1373746,-3.3091393
0.94996774,-2.2588034,1.8039411,1.8317968
1.1932764,1.2009044,-1.7814723,-0.746129
1.1882915,-0.13338515,-1.1233913,-1.8422488
0.65107375,0.57127535,0.7803288,2.4752862
-2.6049812,-3.558539,-1.243444,-1.7315532
2.643358,1.6467059,2.0541952,1.7169422
0.78676325,-0.26714128,1.9960281,1.8008881
-0.059981596,-0.5443377,-1.7894763,-2.217209
0.30028751,0.6558682,-2.0641053,-0.37007663
0.045392133,-2.5411143,-1.5181425,-0.9689916
2.1638594,1.8602004,-1.4547106,-1.3767385
2.9550498,1.8176663,0.5566952,-0.15682893
0.8360396,-0.93556064,2.352643,2.167359
-3.0677357,0.1770687,-2.47584,1.1598419
2.720381,0.02726411,1.9868022,1.0455421
-1.5462162,-1.7279022,-2.9165478,1.0945166
2.9334486,1.6268836,0.20347862,-1.8573071
-1.0212959,-2.0481067,-1.5786846,0.3624706
0.6943183,-0.749561,-1.5568371,-1.764892
-0.14323471,0.28877896,-1.0681932,0.3891584
2.9114373,1.185555,1.3695438,0.3503756
-1.7629075,-1.5654854,-2.6922843,-0.7489477
1.3885442,-0.7675028,0.032484017,-0.32698533
1.1878519,-0.14609088,2.4030871,2.560145
-1.9672034,-2.6773746,-2.371863,1.265289
1.5970092,1.8943757,-1.5070041,-2.0631936
2.2233083,2.180249,-1.010282,-1.7080462
-0.91198695,-1.533837,-2.3941891,-1.8024052
1.4269465,0.27116045,0.25357944,1.5209143
2.1686578,0.8270553,-1.7824504,-2.2193646
1.6163088,-0.5403458,2.389104,2.2398055
-0.8425204,-1.2927741,-0.792996,2.1663616
2.0039656,-0.98748726,1.7502575,1.4537815
-0.70511425,-1.1714838,-3.1917424,-0.6871738
-2.33782,-3.5747023,-1.4416271,-1.0568625
2.7187414,1.2206318,1.7909869,1.9267265
-2.6899185,-3.821844,-2.3801212,-1.1016937
-1.1899272,-3.3388505,1.686776,2.580996
2.1895032,0.95909053,2.0525782,2.5148675
3.185011,1.9158878,2.3940184,2.2227728
1.106923,-2.1484618,-1.8960142,-1.2025033
-1.1923969,-1.2525791,-2.1121073,-0.29164305
0.79698294,-1.2365912,0.6298145,1.5649513
0.9856582,1.19735,-0.7876768,-1.4636797
3.2734525,1.9381644,2.5086868,1.3457406
-0.20900047,-0.7831198,-0.16352262,-0.4881796
0.1057389,0.521362,1.1561818,1.1272669
-2.4883983,-3.048448,-3.7021184,-2.125854
-0.55587554,0.4242291,0.40953517,1.5423427
0.9754328,0.028954562,-1.5604466,-1.6527878
-1.6523466,-1.9395312,-2.217208,-1.023666
1.2102866,0.62687314,-1.0139762,-2.7075195
1.9330451,1.6366338,2.615113,2.4259174
-0.31163472,-1.2017049,1.3484243,1.3356127
-2.2149854,-2.408962,-2.7758486,-1.8688987
-2.7386289,-2.9324944,-1.094434,-0.9435854
2.7222044,2.1252606,0.17749809,-0.34893835
-0.35536268,0.5973065,0.1868757,-2.020086
0.9072613,0.12873834,0.77964,2.2102535
-2.1688154,-2.6630216,0.004621966,1.5253797
0.7856639,0.98952013,-2.8016322,-0.7570188
-0.6886731,-2.3695076,-2.3409462,-2.300703
-0.78445333,-0.17153743,-0.6796164,-0.5530006
3.2042816,2.4676046,-0.2359656,0.065286614
-1.7187394,-3.4965947,-2.7570953,-2.2939975
-1.6787062,-3.6387658,-2.7978237,-2.0223713
1.3618394,0.8725919,-0.8862697,0.4723987
1.3048706,-0.059273645,-1.0842471,-2.228465
-0.43562686,-0.40211046,1.2810489,2.3682647
1.9266659,2.2527306,0.68521905,1.1507584
1.1360582,-0.23579487,0.6877272,0.39965215
2.0468972,1.8994513,1.2355455,1.4034253
0.81453186,0.38746658,-3.580827,-3.1563816
3.425046,2.125307,1.7761366,1.4837953
-1.7195294,-4.3353786,-3.3779871,-1.8059835
-1.1886932,-0.72183865,-2.2812254,-0.23910119
-1.5884084,-1.5247619,-0.8603071,-0.11145421
0.7251916,-1.0155765,-1.7011628,-1.8080304
0.20978612,1.0406201,-0.13631597,1.6947719
1.728799,-2.0401025,2.4738052,0.60570353
-1.1383919,0.729731,-1.867116,0.18062791
-3.828242,-3.702369,0.2462327,1.172144
2.809181,2.0190566,0.1835294,-1.3877746
0.073696524,1.3297887,-1.8219389,-0.40776944
1.3450681,-0.075480685,0.14699106,-1.7982022
0.4329677,1.3278136,-0.6198399,1.2104748
2.5959773,1.7459589,-0.97623575,-3.0605729
1.9021142,-0.24795815,1.6985462,0.18849336
-0.6675145,1.613319,-2.5315037,0.5781026
-0.13078278,-2.4733512,0.67480975,1.3162558
1.7415118,1.0574449,-0.63994616,-1.1590986
1.79877,1.4614861,0.8420842,0.6829493
-0.6853886,-2.7435782,0.46431762,1.5461429
-1.5588938,-2.1156604,-2.264345,-0.6661223
0.20806372,-0.997942,-0.78774625,1.2242913
3.4915495,1.1608665,-0.22650039,-2.5013635
-1.3325043,-2.3303337,-2.8215458,0.054934148
-0.47837782,-2.7161655,-2.6656592,-2.064504
1.9219834,0.46091995,2.2390618,1.6207539
1.8510499,2.57987,1.361441,1.6107084
2.0038874,1.0730158,0.53779733,0.7147802
-1.3057027,-2.1866024,-0.16166027,1.2702717
-1.7527698,-2.9852934,-2.6008165,-2.0218055
1.8190458,0.024665989,2.3708727,1.8782561
1.9235663,2.4030964,-0.16853766,-0.22800672
-2.4560673,-2.099337,-0.8875144,1.073547
2.3032904,1.8357066,-1.421633,-1.5894798
-0.095637776,0.34409496,-0.35456842,-0.8249593
2.8640254,1.2376871,1.992864,1.7070441
0.32711604,0.8590235,-1.2989389,-0.55753285
2.7511861,1.2576894,2.2107742,1.9737682
-0.8293189,-3.6223307,-2.8469975,-1.1276782
-0.15922996,-2.4269528,-1.7567079,-0.2901555
-0.47267482,-1.1105479,-2.7622435,-1.2389338
-0.54338115,-1.8058314,-3.50248,-2.7318
2.1473317,1.4925735,-1.458107,-0.964757
1.739057,0.017928688,1.7477217,1.5369153
0.5826387,-1.6148759,-0.37174246,0.65888774
-1.2812736,-2.4406023,-4.047585,-2.1110158
0.7357315,-0.19242395,-0.6382536,-1.3083246
-2.9137957,-2.5800812,-1.2124224,-0.14690939
-0.43193159,-2.5233035,-1.2372975,0.7467594
2.98742,2.0735936,1.803851,1.6262934
-0.10201832,-2.2800834,-1.107407,-0.92835104
0.9464721,1.0427389,-1.0951391,0.9101712
0.5142131,-0.898042,-1.121729,-0.7804989
1.744091,0.33424443,2.0113645,2.2340467
0.14854906,-1.2186216,0.3579158,1.074874
2.1403332,1.501005,-0.80158883,-1.9057533
-1.2463409,-0.2591174,0.10047018,0.07951401
1.4863089,-0.58420724,0.5927768,0.4878342
1.2129229,1.4064934,-2.9157004,-0.83448064
-0.8228005,-3.602112,-2.4458692,-1.655528
3.2834861,1.9733438,2.2918801,2.0452065
1.9170729,0.5867029,-1.7803,-0.7333243
1.3796755,0.25284308,0.81291056,1.0052401
-2.045567,-1.1029545,-0.53742063,1.6471301
0.79081327,-0.24913327,-1.4234796,-2.1703274
0.9980431,1.0152068,-1.0633223,-1.925236
2.157991,1.1011008,0.44319153,-1.2754533
1.0769792,-2.1083925,-1.269367,-0.08141701
1.9461961,1.2130184,2.4020305,2.2118146
-0.067197666,-1.6296734,-2.0848236,-0.590119
-0.29443714,-2.102868,-2.1736462,-1.4175309
-1.2046429,-0.5721467,-2.66869,0.35328603
-1.1700562,-1.7286279,-1.8814838,-1.6820081
-1.0928111,-1.6032196,-1.3112177,-1.7632015
-1.4474864,-0.8659114,-0.5550196,1.4310614
-0.61282337,-3.289489,-3.4865277,-2.3227253
0.24129035,-0.8577344,-3.8432016,-2.070813
-0.8851846,-2.6859095,-2.6703815,-1.9751652
-0.38905016,-1.303815,-1.9821973,-1.473354
2.6071687,2.7287424,1.918202,1.6411344
1.8836645,1.1998727,-1.5554293,-2.8066554
-0.18283848,-0.09331974,0.6867301,1.423933
-2.9475064,-3.9449744,-3.0599303,-2.6097906
2.6641982,1.9113414,1.5069954,1.080842
1.546735,1.809788,-0.48412728,1.4893055
1.5778824,0.6197631,-1.1983057,-2.796744
-2.4001007,-3.1747396,-1.6686176,-1.5435693
0.099446915,-0.9500765,0.5885398,1.6617627
-0.21011294,-1.2351804,0.049587984,1.6165189
2.2133863,0.9665861,0.82755435,0.08537839
-0.13583235,-0.989424,0.017480604,0.63556653
2.2531645,2.355851,-0.3287654,-1.3065441
0.99756837,-0.2758598,2.1870072,1.7380221
-2.4188013,-3.5536926,-3.1590333,-2.3075476
-1.7015597,-1.4913068,0.10659078,1.7800229
-1.466283,-2.2735994,-2.396497,-2.2129238
-1.5493357,-0.8923257,-1.4895545,-2.3576808
0.117193125,-3.1579466,0.10946438,0.8862103
1.580559,0.29612702,1.2894411,1.3176537
2.269883,1.9729518,-0.6788523,-1.1147728
2.2785745,2.3335452,1.1739253,1.2767608
2.8979967,1.2370967,2.462299,0.8729209
-0.27316436,-1.09965,-1.7418231,-1.587501
1.722372,1.0189666,-1.4577303,-1.319959
2.0034451,0.7376348,-0.23561454,-2.5562649
-0.18472569,-0.12228692,0.91731864,2.3105927
0.40119255,0.12740277,-2.126802,-2.4036863
1.560321,0.994271,0.69622034,-0.69305354
3.3742108,1.6171482,1.4486635,1.1732863
3.1675568,1.7105768,0.25593573,0.8060065
3.055786,1.0020409,-2.3647006,-2.701559
-2.4668334,-1.7990098,-1.2619593,0.8396831
-2.2834222,-0.55745196,0.48153466,1.9835739
1.7485954,0.47962472,-0.9261447,-1.4353276
2.0659533,1.330228,2.4042308,2.1635137
1.3767704,-0.16589396,0.52484816,-1.1852319
0.3081392,0.3768955,-1.2854096,-0.30767637
-2.572,-3.9738662,-2.0294218,-0.41531006
0.2269782,0.61360353,-0.33288285,-0.23658496
2.9017873,2.412568,2.4170284,2.20323
1.3105409,1.9198502,1.4072356,1.9046452
-1.6363192,-0.1597389,-0.68408805,0.04639091
0.22750378,-4.4668365,-2.3977797,-2.031092
3.1896567,0.9717456,1.2841161,1.8029455
1.8620592,-0.03972246,-0.1899199,-0.50161403
-2.536661,-0.89090884,-1.6978704,0.5510295
3.5365093,1.8250233,2.4933565,1.1683984
3.057862,1.5752417,1.5876287,1.6468008
-4.4991746,-2.0214148,-1.8631767,0.9152344
2.8100543,2.1197758,0.9834571,-0.5180101
-0.11909617,-0.5145639,-0.69281065,-1.2593821
1.6649249,1.0130347,-1.0138469,-0.38471335
2.987176,0.62346965,2.3571992,1.867126
0.10081588,-1.2722992,0.05432017,1.8527565
-1.2703109,-0.01778806,-1.7201327,-0.36589056
2.9914587,1.897291,-1.1623913,-2.7292318
1.0422912,-0.44983876,1.8321582,1.7782649
-1.3023179,-1.8486615,-3.0487075,-1.7598362
2.134652,1.869386,-1.2450149,-1.3773241
2.3010287,2.4446387,0.28831095,-2.3576698
-0.30611774,-0.8525473,-3.0715995,-0.46049768
0.85612214,1.8058618,-1.4286909,0.06476626
0.7598456,-1.679515,-4.2226634,-3.3697307
-3.5256,-3.6072721,-0.5670409,1.8427628
0.7086451,-0.57234585,-1.413488,-1.1072764
2.190419,1.9204516,1.7593986,2.1813304
-0.87591654,-4.4253025,-2.5362594,-1.3443578
0.088040374,-2.4506137,2.3182204,2.6842175
2.1211817,0.49510884,1.6204357,2.08503
1.2929081,-0.10368112,0.91906625,1.4293607
-2.9312866,-2.7917795,-3.9485707,-1.2032822
1.2822955,0.5220576,1.075622,1.2347196
-1.4942203,-2.6424527,-2.7294319,-1.2111547
-1.519955,-2.8400874,-2.3659115,-1.7794608
2.3705797,0.39804897,2.4476452,2.056996
-1.2926699,-0.40433463,-2.1395273,-0.24780725
0.46563414,-0.82854307,-2.8900182,-1.503177
0.32168895,0.20038062,-2.2415795,-0.90056634
3.1323898,2.4688482,2.1657743,2.214077
1.5475808,0.9345425,0.16401367,1.5717176
-2.761865,-5.818972,-2.7999923,-2.0566704
-2.6150634,-2.649004,-1.2290516,0.38099468
0.6690607,-0.9793404,-1.3349253,-0.9077894
1.6134236,-1.6800402,0.90200776,1.1516252
-1.2847317,-1.4321607,-2.132343,0.18372479
1.877794,0.5370139,1.7258121,1.6733186
0.34863746,-0.90724075,0.33241296,1.4184879
3.2152555,1.7728342,0.9536347,1.2224402
2.747022,1.2060757,1.7755038,2.0190012
-1.0516738,-1.3607911,-2.2812684,-0.24887198
-1.3421137,-3.1291173,1.9529068,2.677894
2.108798,1.6201963,-0.45436472,0.907417
-2.1856837,-2.2825851,-1.6673777,-2.037401
0.32400295,0.29690462,-0.22416496,-1.2462825
-1.3602511,-3.2861688,-2.8485641,-1.2176635
0.8112364,0.9975223,-0.83121413,1.3654234
0.08604732,-0.7221563,-2.5224125,-2.3985279
0.8845756,0.101571426,-4.2641277,-2.0154724
-0.92601246,-1.0399278,-2.999404,-0.75130105
1.9471399,2.1472368,2.49922,1.6292167
0.16351543,0.32241645,0.4510581,1.58055
-2.912968,-2.4994192,-0.9847218,-0.26812294
0.82166356,1.2482997,-2.9831228,0.65979713
2.3455334,1.5269085,0.80731434,0.8156008
-0.70986253,-3.1093097,-1.3116277,-0.37243813
1.9270233,1.4763561,0.4637903,-1.1230867
1.5338676,2.170368,0.09419605,1.0684528
-1.7259445,-1.9028449,-1.0481604,-0.19979842
0.27261326,-0.5787403,-3.035915,-1.7266481
0.29818156,-1.734729,-3.531845,-1.491251
0.619875,-0.48613846,0.81554425,1.3280795
2.1072977,1.2144176,-1.5649233,-2.2580688
3.3289068,2.4335043,-1.2766887,-3.1501076
0.38357654,1.0430933,-2.002022,-0.773505
0.4289947,-0.8689815,0.7360695,-1.8924251
1.860034,0.8428763,1.5788957,1.8279326
0.4828849,-0.6739937,0.14481959,-0.11588595
-1.2603899,0.27951327,-0.37272495,1.8479403
-1.0807875,-2.625801,-2.094382,-2.6322105
-1.0488869,-2.4173803,-1.9459983,-2.361136
-1.2469293,-1.7217551,0.8968129,1.5627683
2.4730248,1.7164842,-0.69356763,0.2492563
-1.3568797,-3.8216748,-1.3023278,-1.503769
0.6134565,-0.26492065,1.2515143,1.7575927
-1.5855347,-1.7574073,-0.85517067,1.4852167
3.4647021,2.1013172,1.8632284,0.6265406
-2.9557006,-4.3157735,-3.2455118,-1.3564955
3.0728796,2.3962922,2.1292353,1.9986489
-2.0404997,-3.5057259,-2.9084883,-0.95404494
1.5909898,1.0031502,-0.37099028,-0.4767309
0.81435895,0.76908463,0.4615258,-0.34616566
-0.63344425,0.75246805,-0.7761402,0.8438095
2.18948,1.3619945,-1.5544124,-0.9147432
3.7134767,2.241559,1.9944736,0.679033
-0.5796648,1.5161593,0.0014705104,0.5819746
1.1884602,0.07378524,-2.0933592,-1.3093609
-0.9621277,-0.98810744,-0.80345744,-1.4003258
-1.9628605,-3.3486683,-2.997491,-0.7985105
0.5205635,-0.4968879,-1.1039759,-0.1350638
-1.4472996,-3.2984517,-2.5955112,1.5137689
1.6544888,1.1635622,2.1512911,2.0368438
1.7129908,0.3153177,-0.94563526,-0.20965394
2.673505,2.0021904,0.3197358,1.292486
2.7125533,1.3733408,1.7779769,0.46129426
1.6211013,0.37728852,0.60443765,0.36511713
1.3847494,-0.46960673,-0.4468553,1.1031245
0.5066758,-2.1583667,-1.3318318,-1.4147276
-1.3610269,-2.4678268,1.0806156,2.484823
1.9332631,0.51067215,-1.7853966,-1.0517123
-0.5424662,-0.31535497,1.257289,2.1996305
-1.4596496,-4.002571,-2.6378155,-2.10083
0.36731824,0.62784207,-2.2857664,-0.97179675
0.16697492,-0.7043022,-2.2241821,-1.98141
-0.0035266099,0.5038995,-1.3996891,-0.46196783
0.5896006,-1.1444236,0.3581348,0.70047826
-0.09044305,-4.0920806,-0.8464783,0.27463078
-3.0204282,-1.4625214,-1.6171191,0.27641517
-1.546865,-3.2841454,-1.8372533,-0.29416963
1.7299602,2.0623193,-0.49237847,-1.2475638
0.90679705,0.0066299457,-0.059236094,-0.6174931
2.97385,2.4865375,-0.47776306,0.3958054
3.0601137,1.3799702,0.36868304,-0.4718217
0.51056236,-0.17578806,0.48467067,2.0959783
-0.20950195,-0.5846566,-3.6891289,-2.9126942
-0.6529849,0.22573268,0.13589588,-0.18707119
1.7597582,0.24848993,2.2868826,2.0390239
2.3793244,0.18543565,-0.29272038,-0.8963169
2.2505517,-1.3983651,2.6034083,2.1271265
0.23923677,-1.9860646,1.1709987,2.300824
-3.6882417,-3.1440256,-1.3818079,1.0031537
2.5427945,2.1364334,0.71686584,0.006937347
0.80307764,0.07998294,0.5854196,0.95102304
-1.287862,-3.6368837,-2.8282497,-1.7730848
2.2656007,1.6315558,2.2858021,2.1868365
-0.08366112,-0.387354,-0.76115894,0.74114406
2.216617,1.2407471,2.6749985,2.646148
-1.9462788,-3.434342,-2.6794193,-1.6938274
-1.102781,-2.6235797,-0.29381424,1.6588812
3.4743161,2.434455,2.49268,1.2973804
-1.1858743,-4.897494,0.0657491,1.9173625
3.5812366,2.1356704,1.0798948,1.923634
0.91298664,0.52173054,-0.63371086,-0.105588585
-1.4328365,-2.3936458,-1.285015,0.98565626
1.687783,2.066954,-1.4530141,-1.2813919
-1.4996543,-1.8621548,-0.28719553,0.3246017
0.5151883,-0.46062028,-2.088374,-0.7817919
1.2801774,-0.21318655,0.80230016,0.71740603
2.8851433,0.46454543,-0.86573875,-0.767728
-0.6591228,-3.9311562,-2.9130917,-1.7543635
0.32889557,0.780586,-0.3931925,-0.751438
2.3096993,1.1812556,2.2975624,2.171547
-2.5648677,-3.4815164,-2.8681674,-1.3093557
-2.807542,-3.0890062,-2.302454,-1.6513505
-0.7876212,0.45780718,1.5328178,1.8752935
0.18975498,0.27344707,-1.4422385,-1.218019
0.14924443,0.6850983,1.1926146,2.243505
-0.83734477,-1.7925651,-2.7251098,-1.4791105
-1.0976076,-2.4100828,-2.2174244,-0.71299654
-0.44833085,-0.27021232,-3.0184379,0.29209715
2.2715366,0.4252098,1.3240988,-1.7347149
-0.99406654,0.937741,0.7843593,2.16818
0.6572381,-0.05303542,-1.820781,-1.7128413
0.60388184,-0.10945372,1.5225595,1.8950065
-2.0535781,-3.2858827,-1.6893457,-1.7296381
-2.0732715,-1.8576661,-1.9395605,0.18463749
0.10500713,-1.2245841,-1.6157444,-1.9773923
1.3125656,1.6841681,-2.5853713,-0.7451071
2.5055478,1.177402,-1.3241526,-3.8414648
3.1654408,2.0666726,2.0005324,1.6134523
-1.1039231,-2.6368585,-0.7296517,0.20105651
2.091501,1.5965229,0.67688525,-0.07689205
-0.2831451,-1.8145684,1.3030065,1.6436248
-1.9702997,-0.60360837,1.4995803,2.41421
1.3088473,0.2258439,-0.6789816,0.20432283
2.1295235,1.4480808,-0.40992537,-0.048578124
2.9442499,1.5934379,2.0981035,1.5939629
-1.1974504,-3.2889504,-2.8557732,-1.4667761
1.6357467,1.1884996,1.3002664,1.2487283
-3.1805892,-3.602663,-0.51750356,-0.08995527
-0.985705,-3.2986927,-2.174473,-1.269893
-0.2749219,-2.067932,-0.92786026,1.1020234
1.5561451,0.40264198,-0.5670983,-2.111876
-0.3894086,-1.3886428,-0.6413922,0.2335884
0.1278388,-0.62522817,-0.64522153,0.092659265
2.0909178,-0.8917293,1.3365632,-0.7288078
-1.5967253,-1.0896237,-1.9410628,1.0623888
-2.7232463,-3.5556676,-1.0194104,-1.5036284
-2.2916398,-4.549825,-3.1125484,-1.4716542
-0.428339,-0.47383708,-2.3583117,-0.71540034
2.509638,1.5791519,0.66705126,0.13815826
0.36574465,-0.4888954,-1.2916077,-1.5040294
0.31776625,1.0881441,-0.89849085,0.6207989
3.0989416,2.1959,2.464275,2.0936933
0.25803965,0.07980055,-0.2780499,1.7977966
1.412323,-1.7621818,0.94852865,-0.043932192
0.4685885,1.3802822,-2.4408798,0.077363804
0.56492573,-1.4453696,-2.0462816,-2.0343719
-2.3755476,-2.2870998,-1.6046225,-0.020247621
1.7135568,0.6096854,-2.0993986,-2.249871
1.9058042,1.1626805,-0.4500566,-0.04759541
-1.833192,-3.9122021,-1.3935218,-0.9846864
1.7148573,1.0199596,-1.6372619,-0.79145813
1.7261801,1.9994498,1.2275271,1.0295681
1.0513821,0.70103246,-1.9468031,-1.9165733
-1.8609991,-3.2261996,-1.5866406,-1.9623007
-1.5872128,-2.35401,-3.1923392,-1.6991576
0.79939175,0.22376372,-0.9406392,-0.4936243
3.1490908,2.179864,2.5046964,2.341322
0.96688104,-1.0215923,-1.4997736,-1.2789655
1.9926696,0.984009,1.3282189,1.7538818
0.036637582,-1.6978164,-2.750981,-1.7542996
1.9548951,0.4098864,1.7607502,1.0986501
1.3606933,0.9915235,-0.27545244,0.6799084
2.949624,-0.88218796,1.5151894,1.6280297
-0.071660094,-0.53011584,-1.2748336,-0.8380262
2.635121,2.2873645,-0.4203157,-0.4588237
3.0813155,1.8936193,1.5380732,1.0720307
1.5263371,0.6280386,-1.6165239,-2.2646086
0.0025528956,-0.6294967,-1.3821487,1.1412151
-0.4175694,-1.5753953,-3.8360274,-1.8357446
3.1273236,2.2627273,-0.71486646,-1.773781
0.39763507,-1.4436871,0.67934877,0.9560717
1.7690672,0.8703656,-2.1056194,-0.7394497
0.8730176,-0.5787881,1.4201764,2.3518791
2.328826,1.4631337,-1.3018532,0.08153123
-0.82682174,-1.5983196,-2.2872036,-1.4850732
-0.5242686,-1.7396774,-1.275629,-1.7734785
2.6977308,1.3900177,2.2042735,2.0132773
-0.70635533,-2.2050514,-2.545877,-1.7715224
-0.40280503,-0.17485094,-2.1486027,-0.8498592
0.42995885,-0.2039383,-0.96215475,-1.6179472
2.947739,2.3246703,2.1123602,2.0311112
-1.7297155,-2.6823733,-2.7625446,-1.9398385
-2.2049572,-2.9799945,-1.9562504,-0.6075607
-2.0579882,-2.6095722,-2.2683907,-0.39191902
2.1380458,1.966468,-0.909367,-1.5681028
-2.151569,-2.1343327,-0.8912649,1.0669837
2.517861,1.833436,0.82879674,1.2084507
2.2335997,2.4068408,1.1165854,1.226966
2.2103024,-0.3099198,1.118852,0.26035947
0.102617666,-2.2742007,-1.6910332,1.1121256
2.4573498,2.3919744,0.05907489,-1.9492381
1.3269323,0.41993296,-0.7029911,-1.586024
-1.7778739,0.18662089,-1.0048181,0.27601412
-0.57749206,-0.5526377,-1.8582146,-0.7314467
-0.40081277,-1.8576256,0.37861887,1.5085981
1.9046812,-0.16184407,-1.0868365,-0.9086978
1.098564,1.0379004,-0.008164499,-0.4762238
2.3774805,2.305095,1.1162938,1.5878246
2.4649374,2.5031993,1.638926,1.4907228
0.33809397,0.98761195,-1.6254908,-2.5436504
-2.376873,-3.3119748,-1.9730088,-0.82770336
-1.7978489,-2.1773467,-1.4088049,-1.4779214
-0.6761331,0.17542112,-1.3282244,-1.2503211
-1.9768215,-2.3436031,-1.7900178,0.8391702
-1.4763824,-2.9527771,-2.667429,-1.9272184
-2.3351905,-2.849838,-2.026959,-0.6292318
2.474496,2.936497,1.948618,1.8615429
1.249084,1.0582956,1.882103,1.3048216
-0.4688383,0.80315614,-0.3564034,1.6056067
0.47686985,-1.5330544,-1.695492,-3.1478136
0.75876147,1.1057979,2.0324144,2.2124808
-0.9269028,-0.8659338,-1.5704504,0.53077656
1.1351082,0.9190146,-0.507535,1.2241024
2.0750368,1.6050845,-1.0218465,-1.0939317
-3.66539,-2.6293702,1.2036788,1.8961831
-0.6006421,-1.0642993,-1.6162905,-2.5551274
-1.810957,-2.7867393,-1.8060209,-0.57016975
0.72041374,1.1556363,-0.98324287,1.0337181
0.94425243,-0.10874257,-2.1356325,-0.92326015
3.1378038,2.2717083,1.3080933,-0.28807512
-2.2560108,-3.185911,-1.7725421,-1.5156658
0.21293016,0.041702937,-2.109263,-0.94870216
1.4804076,1.4673383,-0.6896354,-0.55559415
-1.2997458,0.21898313,0.8443025,2.3567045
1.6140985,-0.061978508,1.2394329,0.83373666
-1.6068641,-2.232817,-2.2369072,-0.89007074
-1.8121941,-2.4898353,-1.330921,-0.82635874
-2.0208466,-1.4631817,-1.247964,0.44583684
1.1592821,0.23815541,-2.6505373,-2.279836
2.7281299,2.6544728,2.450825,2.0567663
-1.4213742,-3.0065143,-1.9830081,-1.2789247
-0.04400311,-0.5213186,-4.257028,-2.8068404
-1.8694359,-3.565859,-1.894627,-1.1928505
1.4810951,1.9042083,-0.68462414,0.6685856
0.31296635,-0.5560398,-3.252257,-1.708238
1.9786619,0.23111744,0.6699044,-1.4271944
-2.5359294,-1.6322029,-2.2059095,-1.4639623
1.8223239,1.0346373,2.0089726,1.0222176
1.8062087,1.8792036,0.5259654,1.4873736
0.73860145,-0.8130458,-1.1507281,-1.8727356
2.4468472,1.2352337,0.57421803,0.02905794
1.8639834,0.31446326,1.4051923,1.3513502
-0.5719745,-0.079446904,-2.1230326,0.57608664
1.7880268,0.77072227,0.0010837751,0.026064642
1.4988929,0.90593207,-1.4671638,-1.4953952
-1.9285489,-2.0312612,-0.9217972,1.5056583
-1.225646,-2.3071227,-2.680163,-1.8878742
2.8862226,2.8510954,1.3081496,1.4202367
0.19174568,-0.9848328,-0.52402425,-1.2769303
-0.009185078,-2.1029205,-1.0653213,-0.27327123
0.051449895,-0.18764809,-3.2877617,-2.0511322
-3.2889316,-4.3565316,-2.72819,-1.7848947
-3.0851216,-0.3989449,-0.3556527,1.6388711
-0.060590487,-2.730572,-1.4188224,-0.35930344
0.63542116,0.8481598,-1.2789073,-1.2093235
-2.570779,-1.9920763,-1.6856636,0.33399177
-2.4536808,-4.741288,-4.2257137,-3.07932
1.4322258,-0.8801155,0.7762725,-0.3733732
-1.7243366,-2.96068,-2.494555,-0.50823057
3.6084206,2.8780372,1.5431775,0.5647506
-0.20133533,-0.26756355,-1.6332438,-1.9475299
2.2111797,0.76818305,0.8657477,1.1359817
-1.0716374,-4.431095,-0.061626177,0.2674473
-0.73784596,-0.737549,-3.0227022,-0.57304287
1.0013082,-2.0523424,1.8363322,2.0329466
0.49151632,0.6790458,-0.3298088,1.4503503
1.312367,1.1000856,0.07133236,-0.9597397
1.8607267,-0.6684054,1.3386403,0.5238267
0.96097916,-0.43038937,0.6798089,0.57622296
-2.611895,-4.049048,-1.7909961,-0.682909
1.696416,1.3508866,-1.303772,-0.55736357
0.10355249,-0.13943368,-0.17436017,1.0207978
2.9795208,2.181228,2.1723285,2.0427647
3.5872087,1.9969733,2.2662008,1.6167322
-0.9293336,-2.650681,0.6806554,2.0579424
3.061023,1.8494451,2.429213,1.6017703
1.3124713,-0.72931725,0.33199117,1.0949397
-3.2197373,-0.99974626,-1.4529151,-0.49566287
-1.3577273,-3.1810994,-2.6462972,-2.006394
-0.18000571,-0.3953291,-2.7660758,-1.2192329
1.9504814,-0.37301955,0.8389303,-0.47917712
-2.7548306,-4.152343,-0.102944285,2.1907709
-0.9894029,-1.876982,-2.7108915,0.32192412
2.894046,1.9265399,-2.1575894,-3.4090686
2.3421977,0.844235,-0.6130289,-2.0753894
0.66255367,-3.0434144,0.23371616,0.2027021
-0.97401077,1.0102763,-0.99803245,1.2843951
-0.45225564,-3.989084,-0.657455,-0.37958187
-1.3866082,-1.2983994,-2.7317297,-0.6624972
-0.4622872,-2.0059261,-1.4670209,0.31063864
-0.6896189,-0.5815686,-0.97395265,1.7448808
0.7120548,-1.9608428,-1.3940057,-0.9369226
-0.8111021,-2.202259,-2.393932,-1.0565174
-0.24917331,-0.49487016,-0.9676946,0.70708424
-0.052904908,-1.080465,-2.1593504,-1.4727288
-0.7524649,-2.153341,2.0493412,2.7244785
1.6502899,-0.052250516,0.29350203,0.6939187
0.17943785,-1.5505453,-0.22698474,0.87119865
0.54448014,-3.1282892,-0.94041723,0.23801723
-2.0573425,-1.9850669,-1.0590492,1.8156222
-0.846049,-0.6222123,-1.8710954,-0.5824242
-1.5882008,-1.7481452,-2.2241406,-3.1937888
-0.20158371,1.9516187,2.2040825,2.2739067
-1.9970853,-0.9151122,-0.00548572,0.57492244
0.057774894,1.08675,1.2872788,1.550757
-2.155659,-1.4139277,-0.12720661,1.369692
-0.9250771,-1.9956957,-0.24573056,0.7865809
2.874049,2.522179,-0.5215432,-0.24657097
-3.981154,-2.1981964,-1.2084659,1.0708698
-0.36324817,-1.2823175,-2.0728858,-1.6912433
2.0973475,0.9945665,-0.38570708,-1.4280671
-1.4376639,-2.2238016,-1.958838,-1.1538984
-0.22304748,0.3323617,-1.2068638,0.5926432
2.8561082,1.4372307,2.1883998,1.2524793
-2.850867,-2.5338702,-1.6692257,-1.09921
2.6900945,2.531447,1.4985385,1.5855265
-1.1605982,-2.0254982,-0.23838697,0.9848546
2.7169917,1.6521593,-1.9752544,-2.279585
0.45144096,0.71576774,0.17718229,0.4387544
1.2865614,0.8363436,0.21783747,-1.2909957
1.6383196,1.6812878,1.5948962,1.9485251
-1.0919894,-2.7728138,-1.8684275,-1.0988679
-0.6651662,-2.0016303,-2.817673,-1.7700919
2.4312365,2.1053734,0.5468195,-0.07639324
0.4574083,0.5969582,0.4002823,0.34626493
-2.239862,-3.6793144,-2.02183,-1.7584661
2.4084566,2.308827,1.8449801,1.4892757
1.2810415,-0.6397346,0.26949605,-1.2599766
-2.9380908,-2.5366132,-1.4798576,-0.4888808
0.7778667,-0.54159063,-1.6153489,-0.5814146
1.3018172,0.109263994,-0.82428586,-1.1723841
2.1598742,1.8223262,2.4583504,1.9183506
0.11740299,0.23140727,-1.8890475,-0.4982518
3.6466985,2.418664,1.6482627,1.3799769
2.071614,1.0934577,-1.5398608,-2.905207
-1.0500879,-1.1516058,-0.4893478,0.041144244
-0.41967222,-0.34650934,-0.46825945,-0.57148325
-1.0796825,-2.6125803,-1.7658435,-1.4637417
2.374675,2.422084,1.1575189,1.1640176
2.2267153,1.6546953,-0.15834382,-1.8220923
-1.7748357,-2.931084,-2.5301726,-0.9491666
-0.93750757,-2.906436,0.27338052,0.6547282
-2.7800035,-3.1165383,-1.3831185,0.8098106
2.9280398,1.3473054,1.8500394,0.81772363
-5.327593,-3.4217587,0.008172254,1.5894197
3.6765747,2.1377563,0.7084749,-0.31370127
-0.4888498,-2.9444911,0.5547015,0.52414364
-2.5822687,-2.7343805,-2.3619313,-1.0418164
2.6798842,2.0144608,2.1587484,1.5994847
1.6411806,1.8203436,1.8657825,2.0069237
3.2586126,2.5451808,2.2949982,1.9589609
1.0939255,-0.6210343,1.0157439,1.4709351
1.1592029,1.1070997,0.9559146,1.01335
-0.9020332,-1.2485259,-1.582419,-2.4701972
2.8753455,0.38161808,1.2694131,0.3121036
0.011773549,0.14296557,-1.1736491,0.6435053
-0.26698163,-0.06752656,-1.2504079,0.30396804
2.4056373,1.0474149,-1.3893567,-0.51392925
1.6466382,1.9057305,-1.5812181,0.042808063
0.7543148,-0.6615373,-1.4133694,-2.0039053
-0.7843723,-2.2533545,-3.3952017,-1.2517195
-3.5715332,-2.7001932,0.6690692,1.4509846
3.525079,2.1967165,0.7784677,0.208929
-0.9717308,-0.6895528,-0.023685228,1.3853524
1.914323,-0.19598065,2.4631848,2.1991255
0.26466674,1.7055248,0.12948617,1.5732223
0.38839057,-1.2409177,-1.7212703,-2.5941076
2.7466686,1.0834582,2.3191328,2.5601046
0.5337768,0.17666481,-1.2456527,-0.5573642
-0.903578,-2.3281946,-0.68370193,0.7090828
1.9803188,1.758901,-2.6929922,-2.840843
-2.876271,-0.9175911,-0.7626844,0.51875114
0.53113896,-0.39847177,-0.2980141,-2.171498
0.51037943,-0.69605,-1.7176381,0.032008983
1.2211314,2.0170312,1.4867445,1.580683
3.248808,2.0818021,1.1318216,-0.05734839
0.7872846,1.0665839,-0.9948011,1.7547859
1.4010805,-2.068463,-2.3677,-4.0481715
-1.799574,-1.9437164,-0.31914687,1.222891
0.56656015,-0.23880206,-3.7525063,-1.6374125
1.5041586,-0.870663,0.87199175,-0.2203739
0.43342146,2.104026,-2.0671277,-0.50933903
-1.3000723,-2.2442374,-0.28475392,0.2655407
1.897046,-1.4395481,0.35508725,-0.3074924
-4.0143414,-2.7355769,-1.7071642,0.072395965
-1.0490083,-2.3150406,-2.0641499,-0.34929195
1.1146332,0.36687765,0.9458595,2.1586337
1.1309481,-0.06507736,-0.113945805,-0.17340682
-0.5875307,-2.4693737,-2.2608478,-0.18806303
1.1641978,-0.11063827,1.1751635,2.256103
-0.048392437,-0.9908743,-2.682942,0.59334254
-2.1407008,-2.695672,-1.3844191,-0.5135798
-1.901931,-4.1513486,-2.6288133,-1.568644
0.10141167,-0.13763602,-2.341317,-0.3961432
3.1602201,2.537772,1.5254527,1.4487122
-1.2391957,-2.713225,-3.4635663,-1.4576676
-2.1747024,-2.2451046,-0.9051436,0.8721934
-0.45546833,-3.1299753,-2.3480244,-1.3506021
-1.4159808,-1.2909425,-2.9754534,-0.20614856
2.5236998,0.1822951,0.16666825,-2.1309762
-1.1880798,-3.9450214,-1.2147907,0.668584
-1.7203138,-2.0338607,-1.352683,-1.5910218
-0.7976538,-1.4413769,-1.6261226,-1.0131882
-0.8416395,-1.1283575,-3.1683638,-0.40001482
-1.1185968,-1.513514,-1.977503,-1.3334366
-1.4236783,-1.9003853,-2.546104,-0.13651404
0.64393467,-0.19889499,-1.7729177,-0.50692636
2.3673236,1.2309701,1.5672377,0.37626296
-3.1969957,-2.769098,-1.5661052,0.24597217
1.3042623,1.348158,-0.17106374,-0.9674955
-2.655495,-2.997422,-1.765671,-1.0227833
0.9902658,0.9833257,-1.969502,-0.5185439
1.5843973,2.2547202,-0.03506576,0.47783554
2.2595081,1.6779875,2.1149263,1.1993874
3.84724,1.7778033,0.9555775,0.52217364
-1.6864918,-0.06329972,-0.016112389,-0.0417186
0.74539727,-0.4311613,1.204842,0.8146127
-1.855708,-2.6307573,-1.995931,-1.5711381
2.4979744,2.2282424,2.6326377,2.2065434
-3.5596356,-2.8079731,-1.0337359,-0.4037263
3.101112,1.7829872,1.3016034,0.42598572
-1.314475,-0.4101063,-1.4315236,-0.1990361
0.08270155,1.6182038,-1.3641186,-1.1912614
-3.7554255,-1.5683147,-1.1671345,-0.031367786
1.0287142,0.93003005,1.9549382,1.855502
0.22006658,-0.82279074,-0.29517114,0.7893758
-0.443603,0.49393207,-0.8644304,1.5712523
-1.7127333,-3.2248995,-1.7240837,-2.5867064
-1.322774,-1.8621778,-2.1733038,-0.7588007
-0.37478387,-1.4980035,-2.2149847,-0.52948964
0.31336772,-1.0490714,2.2886543,2.0433786
-0.99089974,-1.6156912,-2.8527584,0.83386016
1.4551458,1.1363901,-0.9710436,-1.3694174
1.4604691,0.7576176,1.9631797,1.6817658
-0.8518296,0.21580487,-0.7486724,0.055219598
1.4623729,0.46121636,2.6242523,1.7906127
1.4387492,1.5562565,0.623202,1.1142144
2.659655,2.4773924,0.0652443,0.9833656
1.9592621,-1.0623608,0.53634596,-1.760294
-1.5801896,-1.0028324,-0.5614512,2.3510725
0.96586865,-0.3758253,-3.516796,-1.6282787
-1.1563257,-3.9908917,1.5949516,2.201175
-0.3407196,-0.007897479,-3.5096102,-0.28173926
3.3059165,2.5565186,2.4929883,2.0826714
2.9078548,1.5220262,2.331141,1.1971427
-1.1731638,-1.2953607,-2.9083362,-1.7311909
2.346994,1.1522272,1.7474593,0.77245665
0.8530488,1.3494478,0.06137736,1.5590869
1.0709406,-1.5073615,-0.8692909,-2.1147592
-0.4819497,-1.5005227,-1.2189455,-0.5976068
2.8487024,2.3408825,-0.028145408,-0.13708204
-0.8118462,-1.982653,-1.7869653,-0.9841955
0.8089114,1.1718307,-0.4171334,1.4893473
1.1406574,-0.59393054,-3.744974,-1.6822788
3.989315,2.1772785,1.8686582,0.07967393
-0.039671425,-1.4508657,-1.8333983,-2.2436323
-0.5072295,-0.2920739,-2.8010762,-0.56241864
1.5710368,0.31257725,-0.06446641,-1.7543958
-2.7573311,-2.9983528,-0.9983522,0.5865754
3.2509527,2.1818197,1.5925899,1.2277962
-3.0394938,-1.0049484,-1.2472042,0.6819016
-0.042495027,-1.4966707,-2.1061895,-1.3623405
-1.6762146,-1.37389,-0.7061674,1.1540545
-1.287454,-0.7120013,-0.37375727,0.90627724
0.7104189,0.61582136,-2.164072,-1.4984208
-4.319377,-2.4675303,-1.3697912,-0.13131647
2.825014,1.8701108,0.21207356,0.008188112
1.9652866,1.3137707,2.0567775,2.2774174
2.9330823,2.017923,2.1119678,1.0712348
-2.862817,-5.27984,-3.0669587,-1.9390435
0.17344297,-0.5755462,-0.1732955,0.80427307
1.14903,-0.8350452,-1.8950703,-1.1790382
-0.9304377,-2.6437552,-0.53635573,0.061856233
0.6447857,0.17926246,0.2260065,1.8042083
0.7191315,0.5831891,-0.619013,0.30223006
-0.062981,-1.3103948,-0.6945128,0.44096178
1.3620542,0.43160826,-1.1488912,-1.245674
-0.87507606,-0.81679595,-0.13467224,1.1942295
1.8220897,-0.99566597,1.7118634,1.5251194
-3.622983,-3.17103,-1.0967362,0.9789069
3.3708172,1.7877494,0.3490655,-0.73993504
-0.24333276,0.3494797,0.3237433,1.7601308
-0.46904948,-0.8187774,-2.2525377,-3.1445663
2.5298872,2.6735249,-1.313221,-1.8151132
3.2934415,2.6679978,2.6261914,1.9114417
1.6469772,0.32388023,0.0736123,1.4794825
2.8565264,2.3579519,-0.57635075,-2.6764627
0.116083026,-2.5316253,-1.3306781,-1.5359892
-1.3625551,-0.025497597,-1.1933874,0.10989115
2.3747451,0.6645805,1.6491116,0.15286832
2.0090594,0.40671802,1.0023528,1.5613163
-0.7144235,-1.4637225,-2.6312978,-1.9051805
0.40450794,1.3484365,-1.1880761,0.6832667
-2.8833184,-3.6572917,-0.074453525,0.93777424
0.6681594,0.05757537,-2.3464477,0.33434102
2.9997237,2.454877,0.1800755,-1.3973526
-2.3991873,-2.3186162,-0.11914296,1.4375378
3.2241807,2.2507026,2.205972,1.9453748
-1.3430454,-3.9581375,-2.1775365,-1.6406343
1.2707715,1.629396,0.49961236,2.081789
2.0479395,-0.21437085,0.48400277,-0.56307113
-1.8415009,-1.9746629,-1.9921396,-1.6561606
-1.2279543,0.03397785,-1.0264957,-0.3194107
-0.27734017,-1.687981,-2.6008017,-1.7853297
2.7247155,0.49434492,-0.7222985,-0.11338878
-2.6382284,-3.1226344,-2.407024,-1.299577
1.2869376,1.7236353,0.9395474,1.3483597
1.3022301,-0.041067943,-2.1005802,-2.883641
-1.460416,-0.032116607,-0.9986808,0.38934276
1.2438262,-0.3775942,-1.7329992,-2.0556784
1.4487367,1.6500716,0.84076387,1.3345475
2.9712358,2.4163058,2.317422,1.3671383
1.5647284,0.86157453,-0.3435039,-1.185825
-1.8351893,-1.3040406,-1.3110628,0.42043126
2.1897604,1.161951,1.9170531,1.1426668
1.8109556,1.8584685,1.6962875,1.9094162
-2.0404174,-3.6187513,-1.168992,1.2774299
-0.1454219,-2.0672984,-1.1487983,-1.9825735
2.1125393,1.219062,1.3979101,0.79621994
-0.34163454,0.3654318,-1.0351726,0.83173937
2.0120876,2.1355064,0.88001144,1.1073219
1.6748259,1.3381109,-2.2769408,-3.4345021
2.4041078,0.9754178,-1.3976878,-2.3453975
0.30766815,-0.54022676,-2.009115,-1.3365626
2.8374279,2.0722194,1.0872277,1.1154566
-2.6491468,-3.856491,-1.8232402,-1.6323067
1.9388653,0.9271463,1.9696641,2.2390013
-1.5325334,-1.9657891,-1.3829013,1.561356
1.7685155,-0.28482693,-0.21117075,-1.4509565
-0.6855235,-2.2222364,0.83626026,2.2735648
0.44431448,0.6891178,-1.3782811,0.112146996
-1.1345803,-2.8301644,-3.074462,-1.5402133
0.015569965,-1.9373943,-2.966313,-1.2565205
1.8463391,1.4456763,1.726692,1.510133
3.1725616,2.6588707,2.2676556,2.0735419
-0.6227676,-1.1853361,0.53338975,1.5567217
2.5458956,1.8695953,0.9789068,0.88258773
1.1567276,0.66948086,-0.62379634,-0.57527035
1.683875,1.0024937,-1.7164477,-2.5144408
0.50844115,-2.0565436,1.7867516,2.0243669
-3.0835245,-3.44782,-1.6161134,0.29207522
-1.9245254,-3.1337738,-0.6964586,1.6545589
-2.0410466,-4.2081943,-3.0010037,-1.8848672
2.0150812,1.4863362,1.4804295,1.6059879
-1.0684037,-0.8852833,-0.7960913,-0.30948684
1.0691794,-0.34867483,-0.8435294,0.49499696
1.9412961,2.3430994,1.1126258,0.95055366
3.3807077,2.012742,1.1236526,1.3483518
-1.3249345,-0.76086044,0.49831823,1.8190683
2.5826468,1.0103221,2.4167747,1.5676123
0.14707452,-0.51437116,-0.42419267,0.18912266
2.551915,1.8447465,0.487445,0.5395642
2.5244381,1.446575,0.39754677,-0.44676206
-2.5301821,-3.5576234,-1.4285119,-0.96563864
1.0645283,1.2063085,-2.15038,0.017349062
3.2465007,2.3767421,2.1264997,0.2908
1.1607714,-0.61370414,1.0341794,1.2644566
-2.6743562,-4.406054,-4.4422717,-0.79013425
2.3756118,1.6571755,-0.038604368,-1.0746388
1.5096124,1.808846,-1.0263678,-0.6404008
3.7837589,2.3343077,1.3267437,1.4589524
-0.27962378,-1.036632,-0.76828015,0.31935462
-1.0511519,-1.3791622,-1.1370311,-1.3269467
1.949698,1.3030299,1.5517403,2.124355
-0.37467408,-2.4552867,-1.5311034,-0.5016751
2.9336112,2.5828886,1.8602104,2.064308
-1.5417813,-0.6526159,-1.1489648,1.0971123
3.2169065,1.6025853,2.0327995,1.1205002
1.817088,1.1309963,0.68394244,1.271689
-2.3088481,-4.1550307,-1.5088316,-1.5912124
0.8650365,-1.0825218,1.5321766,1.9543302
2.314637,2.3779736,-2.1645207,-2.643136
-0.44011,-0.7403111,-2.0991294,-1.9150758
0.40409815,-0.3792281,-2.4083288,-1.4826502
1.1928656,1.5098263,0.60760164,1.1115476
2.692344,1.5956044,0.7811749,0.35487485
0.70788795,2.133324,-0.84847265,-0.5682418
-3.6057444,-3.188392,-0.66834456,-1.3449601
1.4078957,1.4720312,-1.0926558,1.3537046
2.3463383,0.19404295,1.2304637,-0.7196755
-1.6603197,-0.032745283,-1.3075914,0.11845716
-0.44188768,-1.6708533,-2.501062,-1.9358412
-1.6193162,-1.0078858,-0.20104617,1.3509375
-0.46427265,-1.633303,-0.21097445,1.6292709
1.7524122,1.6872408,-1.4611992,-1.6271577
-1.7212902,-2.895435,0.058535047,0.6119271
-1.4429519,-2.7845993,-1.3674092,1.3871894
2.9421184,1.4330604,1.5154803,1.0512267
0.5498428,1.3730718,-0.95992464,1.2757648
-1.1711375,-3.7494771,-1.0996503,-0.6268415
-0.5057277,-2.4756978,0.8789397,2.402205
2.211605,1.8947169,0.6081565,1.749664
0.16829725,1.1775132,-1.4421518,1.2096164
2.6445909,1.9469583,-1.1123714,-3.4840746
-3.0825818,-3.6113756,-1.2241064,-1.1784524
1.1262714,-0.8731763,1.8427131,2.1262212
-2.827428,-2.543979,-1.3883302,-0.60300136
3.027669,2.1859145,1.6718227,2.1140883
0.6030419,-3.4988968,2.0212421,2.0926464
1.8243665,2.3389318,-0.16462295,1.4826043
-0.6322854,-3.882752,-2.155188,-3.9774091
-0.99492276,-1.968166,-1.5384647,-2.811597
-0.68463534,0.95850664,1.7668767,1.9628209
-0.18424752,-0.7787565,-2.186342,-0.2431143
-2.254004,-3.9580488,-2.0346565,-2.358557
0.8320703,1.2838252,-2.3649595,-0.92835164
-0.37830412,-0.557398,0.36086407,0.9816421
-1.5011555,-2.1729567,-1.2540389,0.12702732
0.62888473,-0.059220154,0.6940522,0.6970226
-0.96746415,-0.3145041,0.8467964,1.8229171
2.5700984,2.0365705,2.1275039,1.5920422
-1.3848752,-1.6804475,-2.1124692,-0.8342762
0.95527536,0.55318177,-0.061023757,-0.4826017
-1.4525316,-3.0519855,-2.8504832,-1.7280139
-0.060019586,1.0619192,-1.4986002,-0.038135752
2.5128722,1.8389795,2.3475404,1.6801119
1.4994268,1.8010526,0.80412996,1.3535799
2.4825373,1.2683023,2.0150146,1.1011132
-1.4724964,-2.547961,-2.0673683,-1.1478095
1.0301054,0.9735784,-2.9020581,-2.094941
0.4092816,-0.08628506,1.4382099,0.1773127
1.6208807,0.6269123,0.012196055,1.120172
1.6131543,0.54531676,-3.4661677,-2.8831224
3.4011064,1.7799075,2.1480956,1.7162565
0.26344162,0.83695436,-1.5413595,-0.2520165
-0.42847604,-1.42534,-1.7462478,-0.08204944
1.7285275,-0.34388083,1.2277637,0.77461016
0.19254793,1.7024064,-0.10315976,1.4273016
2.6715794,0.056741223,2.3377068,0.85845613
1.3041453,1.3216809,-0.26744157,-1.6774461
-1.9167312,-2.8166492,-2.6715295,-0.88206756
2.9663703,2.0944836,2.0306861,1.3687462
1.6167175,1.2316492,-1.7474017,-2.2911677
1.0504855,0.7525081,-0.7289652,-0.878302
-0.6609155,-3.0297384,-1.4144806,-2.0135708
-0.3690198,-1.0937058,1.3834524,2.4792967
-1.1159755,-2.4603002,-2.5852015,-1.9147671
2.1437502,1.1334988,0.051176228,-0.8242506
-3.386937,-3.2538006,-0.77381754,-0.12933302
0.4049156,-0.36420277,-2.8765588,-1.7881352
2.8952932,2.3001392,2.3020792,1.8103232
1.0596629,-0.63173056,1.5227735,1.7549491
-0.16546877,-1.6141558,-2.6623716,-0.95210165
-1.0217316,-2.6716645,-1.7715782,-1.1124452
1.4570972,-0.2556347,0.43628082,0.90641564
0.4931119,1.4088314,-2.8715694,-1.6793141
-0.22814552,-0.5461153,-1.4937733,-0.31293878
-0.099026255,-1.1986307,-1.2286574,-1.3211479
1.8455405,0.1825953,2.4426398,2.0394626
-2.1505923,-1.4330354,-1.8427863,-0.10467858
-2.1189408,-2.7397938,-2.9722233,-0.6176122
3.0547202,2.146013,2.5999305,1.9571607
0.70868546,0.63230646,0.12602682,1.5887924
-4.3001614,-2.6974435,0.23634696,1.2603737
2.444407,1.5644203,-1.1973023,-1.296501
-1.9618948,-1.7477067,-1.4192572,0.1357342
3.7560663,2.1011055,1.589841,1.0292429
1.1885415,-1.2858464,2.0408905,1.641484
1.2242864,1.6631796,-3.076212,-0.10690543
-1.4184568,-4.1212955,-2.1948159,-2.5563
0.76928246,0.85131353,-2.3435957,-1.2975641
-1.3770486,-2.4719143,-0.950536,0.4844904
-2.8094726,-4.0075226,-1.6263852,-1.9420438
0.66659003,0.6634608,-0.95785266,1.4023092
1.427973,0.70509344,-0.9051741,-1.4429255
1.1906186,0.69564867,-1.980699,-1.5133194
-0.6307954,-0.37352452,-3.3315563,-0.9650255
-1.399368,-3.8349268,-1.1300784,0.11724741
0.31919363,0.39632034,-2.4861171,-0.40792087
-1.6379491,0.56015944,-0.9207893,1.1163642
-0.07689726,-2.8299377,1.1491038,1.7013215
0.7658738,-0.47770718,-3.9871833,-1.5835742
1.8947576,1.5941935,-0.18440841,-0.56284326
2.1200771,0.41316172,0.9698796,0.54786676
1.9390544,1.6934069,-0.53942126,1.4293967
3.4390018,1.7740675,1.4653403,0.5828173
1.1237289,0.6079224,1.3408527,2.2372441
-1.2748915,-0.64302456,-1.6793711,-0.4719532
3.8441525,2.0824993,1.607356,1.625396
0.27394685,-1.2573472,1.374706,1.751977
-2.5004172,-2.7986748,-2.4751208,-1.3702216
1.5496757,0.8832356,-1.6015724,-0.2349725
1.7805618,0.24283844,1.2259827,1.0973634
-2.62841,-2.7335677,-1.5076458,-1.0947701
1.8844919,2.311626,0.9216566,1.7407043
2.165882,-0.50293905,0.6831577,-0.51434517
2.8318336,1.0647572,1.5503724,1.9527551
-2.1618936,-3.4072297,-2.1096084,-1.7572004
2.801271,1.5692679,-0.16476229,0.9036059
0.298137,-0.683282,0.4980145,1.7696376
-1.060965,-3.117559,-2.787373,-1.0616275
1.677469,1.9520899,0.056762405,0.17423737
-1.7333094,-2.2696724,-1.6119025,-2.7472005
0.92220545,0.47313294,-1.5077589,-0.23112471
-0.9582293,-2.1119168,-1.8525859,-0.7517137
-0.6474517,-1.8186785,-3.831139,-2.2847397
1.3152763,-0.32435063,0.53949654,0.38288593
-1.3220013,-0.90673345,-0.598922,1.5342426
-2.359834,-4.03423,-2.4649453,-2.0580153
2.392579,1.6302071,2.3909006,1.5422494
0.9871391,0.7697609,-1.578215,-1.8378801
-1.6949221,-1.8189012,-1.3547099,-0.6529499
-1.2105939,-1.197951,-1.923085,-0.7961084
-0.13394463,0.14532052,-0.405397,1.3856499
-0.9122856,-2.3715146,-3.268723,-2.6314144
0.99134475,1.1728867,2.547045,1.8939394
-0.9945801,-0.60911703,-2.229448,-1.7257941
-3.4726927,-3.4593034,-1.4732157,-2.0303063
1.1414204,1.2500755,1.3206011,1.6240015
2.086587,1.4573814,-2.204992,-2.376875
-0.037465364,-0.95783365,1.2870344,1.2580905
2.4826791,1.8452498,2.126922,1.5981568
0.64342433,0.027934259,2.1009848,1.2858999
0.0017328279,0.19172241,-0.92808634,-0.66752326
-2.301351,-2.0951076,-1.6445233,0.5790754
-0.6922507,-0.49509165,-1.7241106,0.72991246
3.006674,1.4515705,0.93773097,-0.070701204
0.087724134,-0.9153407,-0.889961,0.046598475
-1.5677414,-1.8913847,-2.1700385,0.31561062
0.86241853,1.283343,-0.58885664,-0.9186175
1.7530646,1.4888335,2.213652,1.8538382
-0.025551587,0.045887362,0.32771164,0.4479858
-1.5275334,-1.2064708,1.190653,1.0822278
-2.1838923,-2.725018,-2.2553647,-0.37030968
0.07728753,-1.0326629,-0.4627684,-0.0026834726
1.8310806,2.1956031,-1.2600259,0.49427733
-0.3862491,-2.5608253,1.7647783,1.2243493
0.48473728,0.3888851,-0.35375863,-0.59715396
-1.8090359,-3.1322505,-2.1760612,-0.65893155
2.3463032,2.2725291,2.0894055,2.1895514
-0.23950621,0.28135595,-0.9946101,0.40123063
3.9054317,2.6014712,2.289329,0.44209325
-0.18356763,-3.7937028,-4.0383925,-4.494681
3.0516706,2.5481992,1.4028151,1.493325
1.5329385,-0.08421547,0.14504278,-1.0999782
-2.788026,-3.0400352,-1.495308,-0.14777154
2.7502544,1.1283139,1.4434586,1.6547005
1.2870879,-0.86059946,-1.780341,-1.8427662
-2.1467636,-2.2091994,-1.6032948,0.25428173
-0.8643043,-2.8277102,0.47713163,2.0137708
-0.071674764,-2.2948966,-3.9491377,-2.406296
2.9032722,2.1461997,-0.1372196,-0.5347077
0.07888705,0.25986078,1.3752009,1.8350718
3.152187,2.343471,0.46726298,0.4247093
1.2106315,1.2859143,-1.6804597,-2.03909
3.294302,1.7539729,1.9094034,0.81359476
-3.2286425,-3.5639417,-1.4434091,-0.24199279
1.8513103,1.1523572,2.0965476,1.8420055
2.568791,2.0824685,-0.4717941,-0.021499628
0.2056905,-0.18137524,-2.138434,-1.686605
1.5497811,1.4797446,-1.02431,-0.8046682
2.2602239,1.2467483,0.70528424,0.39275864
2.7705975,0.7107185,1.74201,0.8162877
-0.49149105,-0.70918405,-0.3954735,1.10836
-0.5325112,1.2625958,-1.4785047,1.1607956
1.9893773,-0.5715435,2.620977,1.683237
0.71192646,-0.034639794,0.35632336,1.8285325
2.8674278,1.7934396,0.19947818,0.53914165
0.67592674,-2.064544,1.3298777,1.7531747
2.659064,2.2026339,0.7131649,1.0883756
1.2168996,-2.8118703,-0.27331644,-2.0794873
-2.0871434,-1.4536992,-0.91532844,1.3384663
3.6526601,1.9090086,0.4676614,0.3734358
-2.8570886,-3.1431398,-1.4224708,-2.3930178
2.281816,1.599637,0.80297685,1.0570667
0.6931844,-0.6182814,0.6918232,0.40473476
2.1704462,-0.17570442,2.0138254,2.045339
1.0953393,-1.2915363,1.2014207,1.27015
0.71839213,-1.2040666,0.5907897,1.9887799
1.4536104,1.8378687,0.7605761,1.8627477
-1.0106775,-3.116314,-2.348021,-2.1455715
-0.5124662,-3.2616594,-1.813669,-0.9417722
1.4120883,0.16164301,-1.1241568,-0.972871
1.4279164,1.9409189,-0.8121204,-1.3897697
-1.8906118,-2.532028,-1.5277058,0.29567835
1.8840895,1.7754968,-1.9186766,-0.8830283
-0.28791904,-2.826024,-1.979608,-1.6037639
-1.7506324,-3.2965932,-2.8222547,-1.5843948
0.30273253,-0.20113377,-1.0486546,0.20974557
2.5420625,2.3115957,2.3405378,1.8079216
1.4617629,0.5612528,-0.12057204,-1.2429761
-1.806517,-3.9047222,-1.9142448,-1.1504323
1.4377,1.6730386,-1.8168991,-0.99314445
-1.7329004,-1.4728477,-1.7273757,-1.592801
-1.6654541,-3.459934,-2.5034869,-1.7399534
-0.89947605,-1.7471751,-2.8990142,-1.5300102
0.55000573,0.08596997,-1.4055103,-1.2592406
1.5445961,0.58439505,0.023852767,-0.5737391
0.3725431,-1.463023,0.30060846,1.825013
0.7496747,0.92384464,-1.3848621,-1.2557839
2.5563087,2.383632,0.257418,0.94921464
1.2214495,-2.7696695,1.9437795,2.040019
-1.3001926,-2.629951,-2.847686,-1.6411642
-1.7038769,0.67107564,-0.5442717,0.9667966
1.1392626,-3.0583217,0.9930362,0.3605934
3.4653478,2.5033643,1.9477328,2.256751
0.71259505,-0.8033524,-1.2722288,-0.8374754
1.8766092,1.5995843,0.32907042,-0.017959869
-0.47318965,-2.7243865,0.5505951,2.2578645
1.811346,1.6960838,1.5984365,1.8534268
2.2061954,1.6004641,-0.5146921,0.32942954
-1.3910878,-2.245329,-0.8037561,-0.98824
-1.3268867,0.48655477,1.1937673,1.5242498
-1.8891317,-2.342848,-1.4919547,-2.163401
0.6016496,1.4580755,-0.14677826,1.6558366
-0.7211941,-0.5860949,-3.2051423,-1.5396955
-1.1434679,-0.5288738,0.61702096,1.4998854
-2.4827738,-1.0090256,-0.25070307,1.0520234
2.9820333,0.92179555,1.1595672,0.7352921
0.10286893,-0.6527771,-1.5025764,-2.5812201
-1.5934927,-0.05079028,-1.579598,1.0210857
-0.081308074,-0.78192276,1.9844781,2.0227714
2.2941983,1.9588485,2.2224054,1.6445801
0.41751844,-0.73553973,-0.5824169,-1.0672021
1.6289,0.2047314,-0.09878844,-1.3337597
0.80029047,1.1352062,-2.072993,0.38392708
-0.4897228,-0.8851831,-2.4540935,-0.964803
1.7314672,0.024763072,1.4276992,0.3914992
-1.9856466,-0.7226797,-0.9825791,-0.6429034
0.6174536,0.01691074,0.7690334,0.55784965
1.0092899,0.6113881,-0.2669643,-0.5034529
0.8135352,-0.05598558,-1.1502591,1.4301035
1.5516906,-0.5305951,-2.3715377,-0.9390886
0.77966243,-0.6373733,1.4373922,0.9603186
2.4317825,2.821848,2.26655,2.389047
1.7720666,1.771139,-0.27457863,-1.2665513
0.7576747,-0.9246552,2.4268153,1.6297106
2.7998776,2.4542866,2.0252726,2.2398152
-1.3228266,-2.4376376,-1.9210681,-1.5755819
-2.6453333,-2.5528789,0.05405192,1.4430537
2.7770495,1.5923814,1.0150626,1.0985118
2.712327,0.4684603,1.1695744,-0.047713485
-3.3316576,-4.0773506,-0.99711984,-1.2169733
1.2514844,0.17212693,-0.53941566,-0.15187308
-0.42865708,-2.8968194,0.87859964,1.6063429
0.123017184,-0.37060687,-1.8870615,-1.1801673
2.5063653,1.867541,1.7636071,1.7407383
-0.729355,-3.6622312,-0.8533776,-0.15964034
0.31547424,0.68037426,-1.8858773,-0.48109326
-4.4097667,-3.040529,1.0880984,2.4778903
0.25351065,-1.7620126,-3.7932177,-1.2255232
-2.7687068,-3.2516649,-1.1077514,-1.8508656
3.2375205,2.1307523,2.0447612,1.8917825
1.045399,-0.15669072,-1.2159047,-2.0128546
-0.89669335,-0.8880006,-0.51638925,0.7129859
2.0903833,2.2448971,-1.7270151,-1.9733554
2.0955942,2.0742002,-0.44915673,-1.0319337
2.6835089,1.0336307,2.0520136,0.98496854
-1.6104789,-3.009376,-0.28629753,1.669607
0.6123493,0.55129296,-2.6351926,-2.367243
2.8031805,1.247982,2.552097,1.0570956
1.4886675,1.4821815,-1.6311347,-1.7986022
0.024585469,-1.3072813,-1.0755266,-0.87919277
1.3385296,0.6940968,-0.11724077,-0.6321499
-0.22102953,-1.1021048,-2.7093117,-0.07505567
1.7623898,1.1122684,1.588247,-0.9579822
0.54448116,-0.99308974,-1.2631834,-0.6308345
0.47332236,0.16523929,-0.96786815,0.22751106
2.5418153,0.55529404,0.5063162,-0.15038514
-0.70250285,0.96757203,-1.998677,0.8861975
0.63481855,-2.5369418,-5.5861773,-4.1048493
2.1487052,1.219529,1.510718,0.8915063
-1.8839663,-3.6615458,-2.5132632,0.61476254
-0.6530001,-2.054328,-1.1672605,-0.6752849
-2.067056,-2.6364703,-2.4243658,-1.4020109
-0.7588038,-3.7985523,-1.0187767,-0.9851881
-2.2276103,-1.2227247,-1.8737787,0.2261646
-2.5033615,-1.9890047,-1.526257,1.0709846
0.79434353,-1.8915358,-2.6852694,-3.5008454
2.4947832,1.8327625,-1.0809324,-2.047346
-0.6746135,-1.4396777,-1.0381781,-0.47171977
2.2007377,2.3977664,-1.4784533,-0.40219775
0.18427704,-1.5202705,-0.0088524455,1.3660975
2.2555077,1.0716614,0.9011726,1.0597057
-0.8829594,-1.5654875,-1.8565192,-2.2083294
2.4966335,2.386778,-0.51868504,-0.36821914
0.6744061,-0.7341516,0.3728971,-1.4206787
1.3408058,-0.33330736,0.20248446,2.2518775
-0.37555075,-0.083247244,-1.6745832,0.2893628
1.70445,1.3988018,-0.24336635,-0.5051695
0.74028194,-2.8090627,-1.1153245,-2.4031081
-1.0153073,-2.8580217,2.0234425,2.8448167
1.2459253,1.4671998,-3.0679853,-0.7458605
2.3585885,2.1224446,0.5282525,-0.25861853
0.66028,-0.24429166,-1.4147167,0.08259887
2.179922,2.0259717,-1.0913391,-2.9344816
0.4106676,-3.1557672,-1.6630254,-0.24012513
-1.1353134,1.4365002,-1.5766766,0.9449441
1.7296422,0.13596672,-0.83075297,-2.5959256
3.1959085,1.1308498,1.3927774,0.819803
-0.825442,-0.07832552,-0.17059587,1.5574641
0.27030712,-0.75484276,-1.1595625,-0.5137213
-0.79082125,-2.1423664,-2.4426029,-1.0613275
1.5756124,1.0789114,-3.0447881,-1.4952426
-2.9327648,-3.7745392,-0.63081807,-1.7586883
0.8857069,-1.826743,-1.2250423,0.15366045
1.6766899,1.9199096,0.8688228,1.3926635
-1.3597442,-3.51807,1.202635,2.3002195
3.3741112,2.8498943,1.4164268,1.7090063
0.4652579,-1.1243562,0.4169674,1.088666
0.8103676,-0.7397218,0.27749276,0.97928023
-1.4866233,-1.6556878,-0.5679047,-0.4986721
-2.3909554,-0.8332129,-0.4015626,0.14341404
0.1968935,-0.03900707,-3.2055695,-0.9783957
-0.6661154,-2.2124379,-3.5277624,-1.6082639
-2.3518608,-2.2331886,-1.1221019,0.45548004
1.654405,-0.52449596,1.3715137,1.531401
-1.4740542,-2.0988157,-0.5644093,1.1608806
2.4123094,2.53396,1.7302064,2.0476143
-1.1726848,-1.5262692,-1.16557,-2.5534859
-0.57630986,-0.033972945,-3.2553098,-0.72061527
0.5834965,0.49361065,0.62439394,0.7429475
-0.10219963,0.09824613,0.08209754,1.4031862
-0.23796302,-0.9317601,-2.3077683,-1.7016866
1.6918157,1.3710128,0.84635,-0.1032621
1.8893331,0.5604455,0.19003633,0.49057394
3.5845191,2.624328,0.20472977,-0.7281176
1.5218438,2.1659813,0.49098736,-1.5356783
-4.792757,-2.5152583,0.17805088,2.1912146
-1.2227892,-1.31769,-1.1128194,1.283929
-0.7021101,-2.4170854,-0.3935615,0.5870436
3.007293,2.2101955,0.61298215,1.3595843
0.4880663,-0.7406363,-0.10729871,-1.9860765
-2.5267284,-2.2108417,-1.3094133,-0.30011398
-2.2342677,-2.9688559,-2.4253235,-1.4737592
1.9275132,1.6634723,1.2105025,1.4012954
2.4579074,2.2617865,2.5673368,2.374852
-2.838156,-3.92202,-2.029463,-1.4427341
2.7285607,2.030377,1.1567391,1.1578864
1.1899233,-0.391197,2.0216649,1.7067658
-1.1722727,-2.0079088,-1.0783795,1.4315586
1.219419,-0.94713956,1.981551,1.8506622
2.1975749,2.1274765,0.7091457,2.012691
1.2590406,0.98987496,-0.11784361,-0.11944767
1.9026402,1.673615,-1.1148143,-3.5156686
-0.6798561,-2.9772117,-2.568262,-1.106602
0.79014885,1.1852977,-1.8672099,-1.3730148
-1.3606907,-2.0875201,-1.5942641,-1.334682
-0.48226777,-0.704658,-1.9747893,-0.019076817
-1.8173585,-1.2468635,-2.055213,0.05694473
0.589653,-0.26443124,-1.0963926,-0.9523639
1.9565551,0.75672317,2.6317434,2.4566872
-0.4716184,-0.47839642,-1.118549,-0.0047980477
-0.13128924,-2.3952937,0.9561078,1.6891199
1.1330745,1.0756743,-1.8526226,-1.6335093
1.4434301,-1.6215204,1.7284905,1.2694294
2.329587,1.0199002,1.7564498,2.4227746
1.1975749,0.24214709,-0.0047789994,-0.42590675
3.1681516,2.0762403,1.4072982,1.492356
-2.053466,-2.3259954,-1.413617,-1.4984783
0.2076964,-0.26728314,-2.2847412,-1.358276
0.55108887,-1.8269776,1.6398079,2.3221955
1.422308,1.780498,-1.8825158,-0.5678592
1.78537,0.68817663,-0.9398088,-1.5013021
-2.8078501,-3.820113,-1.1328377,0.5577353
-0.164186,-2.5879927,-2.8716528,-0.69793206
0.9797443,0.22113921,-0.7691054,-1.8830686
-1.7501389,-3.8428385,-1.1196334,-0.45535937
0.57597125,1.5972105,-3.6099598,-0.78030956
1.6984712,1.084104,-3.625523,-2.4703915
-1.1654711,-2.9307492,-0.90960985,-0.5519448
0.2458298,-0.5022149,-1.8799732,-0.42212194
-3.2262745,-2.5172913,0.08301619,2.0293293
0.81878257,0.42898846,-1.4510838,-1.6903874
0.71718377,-0.9167661,-0.9183529,-0.28783897
1.704469,-0.11915273,0.02693789,-0.070635326
-0.32830828,0.05814844,-1.0057517,-0.37313622
1.8999201,1.8800731,-0.7690492,-0.5790659
1.6030504,1.2324051,-0.78971934,-0.42051262
-0.2580392,-1.3335148,-0.74409187,-1.4923818
-1.0967312,-3.3780155,-1.6688685,-0.6595402
0.5804667,1.736175,-1.7810955,0.7354607
3.5295296,1.8871676,0.0040199603,-3.317702
-3.312406,-3.2483895,-1.3734751,-0.2543395
-0.9940487,-1.9979707,-2.311847,-1.6154902
-0.44488892,-2.6149664,-1.6633013,-0.54502
1.4341034,1.5929139,-1.2163699,0.36267897
0.6472988,-0.84283084,-0.8848379,-1.2508103
-2.5396276,-3.430915,-1.5836968,-1.5975101
1.9740868,1.877792,-0.67952085,1.0824926
1.2272408,-0.4437862,-0.052312404,-1.974815
-0.45655876,-0.9774784,-2.0448503,-1.1061537
2.7242005,2.5113156,2.4910922,1.1979884
3.049958,1.0606534,1.8392441,1.2521027
-1.3930008,-2.608559,-2.5485246,-1.9958231
1.859162,1.5263486,0.6134811,1.9543464
-4.568976,-3.22714,0.34874886,1.7564795
1.6137285,0.5027232,0.53639853,1.5250742
-0.25306666,-1.1708405,-0.78989667,-1.8672869
-2.4142501,-3.0435605,-0.38611946,1.8298972
3.9812543,1.7617579,1.7600744,1.6822969
2.1894648,1.0717924,-2.5166073,-3.2472303
0.813968,-0.41700006,0.07338869,1.5441133
0.8574798,-1.1937597,0.96702355,1.9653655
-2.807556,-1.8820906,-1.9496295,0.54912287
-2.3954039,-0.5807015,-0.5228029,0.6241555
3.0323398,1.4354671,1.3258401,1.4982998
-0.08168116,0.23389983,-0.89814776,1.3476741
0.13867918,0.051677875,0.59407425,-0.7264358
2.3726063,0.088828236,2.0540378,2.350879
0.63528913,0.31638324,-1.1002223,-1.490288
-1.9394021,-1.9296807,-1.4021233,-1.8163053
-0.45826676,-0.25683385,-1.2770109,-1.3517408
-1.4552859,-2.9764345,-3.4570403,0.06619434
-1.4067528,-2.5077472,-2.5676033,-1.5838381
0.8738314,0.847968,-1.6487441,-1.2008265
1.9851998,1.9817762,1.5038452,1.7810768
1.8030463,0.75398976,-1.3885453,-1.8757446
-1.4112732,-1.3807461,-1.0262587,0.9308389
2.6238577,2.1237261,1.4518574,0.1466609
1.813135,1.4155484,2.5651548,2.102077
-1.1225475,-0.68231004,-1.1729053,-0.471031
-2.6051173,-2.1674423,-2.187051,-0.11440297
1.4222918,1.1542225,2.347123,1.1874416
-3.2690523,-2.5265918,-0.67856985,1.6437312
3.59816,2.641994,1.6496028,1.1526812
-2.6830757,-1.2994485,-0.8648399,0.22109939
-1.7348552,-2.667344,-0.6572571,0.7184132
-3.3922176,-3.8340943,-1.6334583,-0.08145678
1.4049435,0.9117358,-1.3269336,-0.7856449
2.830732,2.3904738,2.1446688,1.8291569
0.2973772,-1.9253637,-1.4399413,-2.7084098
-2.3370702,-1.2630708,-0.21299574,1.686954
2.455729,1.7274262,-1.9783634,-3.6482582
-1.7858647,-3.915967,-2.8268692,-1.9899269
-2.0515764,-1.3176914,-3.2561734,-1.6604075
3.102601,2.1285317,0.22631729,-0.95412135
-1.9690778,-2.6769433,-2.2100065,-0.6179157
1.8212005,1.8892901,0.5076537,-0.25447723
-2.4793248,-1.6731418,-0.7512069,-0.4323259
-0.38797647,-1.0278505,1.3255105,1.110347
-1.3015943,-1.9567294,-3.1396325,-1.2930026
1.5685897,1.6287004,0.037260845,0.19000429
2.6179903,2.3715694,1.9277716,1.1499095
2.012851,0.24725708,0.14089298,-2.4917002
0.16065961,-1.9841528,-0.369542,0.2664683
-1.1876192,-0.46191838,0.15072699,1.5977056
1.9181204,-1.9947133,-0.3811065,-0.21672766
2.979745,2.184866,1.8208448,1.2608306
1.8178887,1.1323621,2.350745,2.3368707
2.50946,1.1394284,1.5382696,1.5803225
-1.6792989,-2.1749642,-1.6738075,-1.31889
1.511875,1.2261424,-2.265042,-0.76507956
3.5286634,2.1370764,2.170646,0.7021172
1.8986348,1.3729633,-0.32949632,-2.4681914
-1.7840652,-2.657423,-1.9127262,-1.5427788
-0.20744209,0.43697885,0.2787969,-0.7251643
-1.236308,-2.2664227,-2.7349036,-2.179844
-0.6238801,-2.4699123,-1.1607075,0.86404294
0.98913866,1.4152793,-2.5138474,-0.9200997
1.1249409,1.6620966,-1.2189668,1.0634676
-1.6388483,-5.1630144,-3.310799,-3.7739215
2.812297,2.7508903,-1.0800041,-1.9538037
-0.06259664,-0.90135694,1.9495789,2.3042407
-0.15681142,-3.2144368,1.3662392,2.0019646
0.047800984,0.023190437,-2.309798,0.17696801
-1.7518466,-3.8120315,-1.688078,-2.0779974
3.0013487,1.0717924,1.8745556,1.8056123
2.1069384,2.1264756,-0.25246778,-1.6123117
-2.0986447,-4.384366,-3.1720643,-2.3411803
-0.6240955,-1.1131229,1.2538168,2.6460996
2.5293052,2.3671691,2.4935365,2.2026193
0.8991602,-2.305831,-1.4279157,-1.6842184
-0.6350343,-1.1321131,-2.6388211,0.5670152
1.0829833,-0.5145578,-1.6489402,-2.1128008
1.2237394,-0.4056245,1.2563412,1.4969145
-0.21191053,-1.9690071,-3.3970857,-0.69031525
0.50302136,-0.66868603,-1.2626992,-1.4661311
1.1304655,0.9808572,-0.4218781,1.0455546
2.5042765,1.5164331,-0.39891887,0.86045307
0.8126051,-2.7823858,-3.6929092,-2.8017216
2.09661,0.4597884,1.9626945,1.7371905
2.0903854,1.5383236,1.716772,2.288359
0.47306296,-0.36896425,-1.455119,-1.7298257
0.28607547,-1.13875,-1.4063288,-1.3189361
1.5161908,0.47475177,-1.0899055,-0.6116687
-0.26196167,-0.36682492,-0.93572325,0.17586349
-1.769112,-5.5835476,-4.999597,-2.6978552
3.335742,2.558487,2.0098267,1.9253132
0.3566715,0.452692,-2.2525744,-1.9128474
2.2058263,0.6698282,2.188264,2.228762
-1.6143631,-1.7368203,-2.4512873,-1.0681502
-2.6090093,-4.0211616,-3.5783615,-2.507181
3.4578886,1.6290963,1.2941253,1.3603549
-1.6001369,-2.8679197,-1.9207984,-1.6224006
0.5467019,0.8093298,-0.9159161,1.1834311
0.06475228,-3.0218801,0.7060372,1.0991547
-0.70984024,-1.7750862,-2.9637294,0.24560966
0.41364604,0.42514712,-1.9669486,-0.9749162
0.83829075,1.3385298,-0.16267487,1.8041162
-0.9446534,-3.1673026,-3.897587,-3.8111088
-1.3340021,-2.6912796,-2.1018155,-0.1887402
0.12005288,-1.0033152,-3.8939075,-2.7743313
0.8377589,1.4041432,0.6664288,-0.9341311
2.6971014,2.284843,0.05054043,-0.69080573
1.9510221,1.4709153,-0.38698095,-1.5215397
0.30778447,-0.99429363,-1.0195231,-0.7899681
-1.1262677,-3.2113833,-3.678334,-1.8775142
1.4682412,-0.30046326,-2.5315564,0.49005234
-2.2788892,-3.0470014,-1.674017,-1.999758
1.0266354,0.58703846,-0.97426325,-0.7742453
-1.370918,-1.6821723,-1.4647881,-0.442988
-1.0642188,1.0615083,1.8316889,1.4339557
0.4552751,-0.32676163,-4.1795135,-2.5230098
0.15701254,0.4227026,-1.6357536,-1.4855517
-3.298836,-2.84062,-1.6126553,-0.64136904
0.71570295,0.56115574,0.5825314,0.5914732
1.2849087,0.76799643,0.79297763,0.8054128
-0.7386021,-1.1525646,-1.7917101,-1.9404566
2.4281354,2.1691415,0.16405873,-0.29288116
-0.084793754,0.46918228,1.2740918,1.4308704
1.7028528,0.785121,2.2204826,1.8676256
1.0662533,1.4213469,1.9900693,1.9112068
-1.7630694,-2.874976,-3.3230703,-2.1322854
2.3471227,1.6710004,2.0380995,1.7754307
2.8723319,2.6289515,2.1133072,1.8298218
1.5127847,2.351425,1.7889665,0.7702547
2.7614534,1.318063,0.7322656,-0.9589954
-3.8957088,-2.843688,-0.64429265,1.5577753
0.37329295,-0.6077687,-1.9538734,-2.505433
-0.15712398,-0.024797287,0.6406081,1.4385884
-0.9696715,-1.694432,-1.4891359,-0.7097319
0.63453406,1.0236737,-2.5775635,-1.4266307
0.11900776,-1.699857,-0.27074757,-0.42561197
0.9367827,1.9426999,0.09297911,1.7203878
-2.7607605,-1.9415641,-0.55596745,0.82705903
1.7960995,1.5723844,-1.9720958,-0.30656585
3.1752884,2.0419803,2.4231374,0.5568185
1.7524389,0.8971645,0.44599798,0.26264432
-1.4780655,-2.6641378,-2.5401087,-1.2235936
3.172693,2.1513681,2.0809,1.4695165
1.7607476,1.9128349,1.7119093,1.8399343
2.2829232,1.0030475,1.4887016,1.5809904
-0.5862327,0.15081932,-1.1783215,0.25385004
-2.3161523,-0.7429064,-1.4081606,0.27397785
0.74270123,-0.74878883,0.75484395,0.30829412
1.5769272,0.9604728,2.1656942,2.304885
2.9642901,2.644699,2.1727252,1.8432873
1.9713677,1.6095799,2.3307192,2.3409264
2.8046823,2.2120373,1.5467256,0.87078977
-0.08145584,-0.42260724,-2.8305256,-0.41924238
-0.27169296,1.0298752,0.07187763,1.0417907
2.0357156,-0.38000992,1.0456331,-0.88770634
-4.275997,-2.5602856,0.31714296,2.555456
2.1178355,0.095636226,-0.9492765,-1.8472538
0.19366668,0.75041425,0.8410392,1.7271123
0.79887664,0.21909529,-0.79719645,-1.8248297
3.0316608,2.4095166,2.298559,1.858164
1.2880301,1.372895,-0.8420855,-0.1498536
-0.7762956,-0.9713639,-1.8472936,-0.82226884
1.635131,0.83139664,-0.3786839,-1.3197072
3.0063598,2.3372278,2.0579123,1.9511522
-1.4510889,-1.6379983,-1.9180037,-1.4393563
1.8586558,-0.045805167,0.5361394,0.09515582
-1.8518783,-2.155684,-3.9863532,-1.5963103
2.3397973,-0.33641353,0.8639696,-0.22227988
-1.8499885,-2.691997,-2.1140594,-0.6596835
-1.3734267,-1.7054807,-0.8113315,0.82110184
3.6129808,2.335388,1.4635963,1.6555727
-0.67452335,-0.4263937,-1.4410414,-1.5644412
3.0735786,1.6147645,2.4435656,2.0630717
1.1956873,1.0247891,-2.190039,-0.16175057
2.0130293,1.6369109,1.2029855,0.9067284
-2.0830066,-3.766848,-2.1443777,-1.742053
0.17724961,-0.3636806,-0.24222346,0.58569545
0.6365352,-0.3619482,1.6938758,1.8586122
0.8520134,-0.067343235,-1.6980116,-0.7287026
0.4859975,0.30050892,-0.093116954,1.2175719
-2.1583455,-4.1294465,-1.8091192,-1.3825209
2.571814,-0.32353625,0.6737559,0.47479624
-2.4904022,-3.905576,-2.6898613,-1.5162243
3.7742546,1.8335387,1.5320356,0.5508203
-0.29012144,-0.45534062,-1.323064,-0.66964364
1.33745,1.407639,-0.16775313,0.78752965
1.6526972,-0.26899952,0.938416,0.33998126
1.6467099,1.8244814,-0.88733375,-1.3607991
1.0544747,-0.8499235,1.2710781,0.5628904
-1.0373043,-1.5021783,-1.7515138,1.9790307
2.7061677,1.4376779,-0.64151984,-0.8682511
2.689647,1.8088408,2.5888095,1.9381655
-1.5161536,-3.823434,-1.9498131,1.3089025
-0.12918274,-0.07706015,-1.1186184,-0.08663343
4.128235,2.1014485,2.4944193,-0.7176502
0.43256208,-0.44333613,-2.0138316,-0.5206243
0.99259657,0.65654445,-1.098603,0.7270836
3.1231475,0.35768408,1.9912791,0.5529821
-1.7830901,-1.6091956,-4.3267093,-2.2735324
0.6668431,0.45506722,-0.2828872,0.14763987
1.9406039,0.59430826,1.5472488,1.2811714
-0.73595715,-3.1991112,-3.1473887,-0.6355519
-0.037020747,-0.7300963,-3.2644622,1.1072887
-1.6372199,-3.461866,-2.0229597,-2.2206454
-1.3470266,-2.4091032,-0.56664354,1.1130085
3.662283,1.0951345,0.9242966,0.5081559
-1.0127869,-2.0130043,0.27757162,1.961283
2.1691527,-0.9417461,2.211201,1.9588876
0.38141134,1.96632,-2.21033,-0.5487901
-3.938194,-2.3523755,0.4083128,1.9693452
-0.4577265,-3.812456,-4.2138834,-2.6400702
1.1810514,1.6076628,-0.49460816,1.655663
3.1608098,2.3510785,1.9245462,1.4005053
-2.1180575,-1.5519243,-1.4454434,-0.8137134
-1.4800373,-1.7485924,-2.26814,-1.3439043
2.431957,0.5643458,-1.3747572,-0.8341476
-4.160257,-2.9801636,-1.1963795,2.168948
-1.0628902,-1.1247728,-0.23445809,0.91752213
-1.2154185,0.47044152,-2.0399559,-0.071716025
-0.41717115,-1.1228787,-0.5405183,1.0434562
-0.4765978,-1.4811438,-2.5501158,-0.8002576
-1.205284,-1.9715295,-0.110738866,1.6858193
-1.924011,-2.7699082,-2.6697857,-2.4584744
1.1498358,1.7120816,-0.717181,1.2328602
2.1269562,0.5558779,2.032896,0.14283402
-1.6567931,-1.0838329,-2.0237195,0.8748167
-1.4608381,-2.188112,-0.34452957,1.2503374
1.5211715,0.6079733,-1.471198,-0.9992531
-0.50550216,-0.8727241,1.4861358,1.2575598
-0.9521344,-1.0628676,-2.7783573,-1.3704692
0.054936886,-1.8564769,-1.6456882,-1.2606633
1.5194999,2.10349,-0.6782647,-0.19731864
2.1438072,1.2556304,0.5540845,-0.05880133
-1.9565308,-1.1136361,-1.4167601,0.24876909
-2.8056743,-2.4823744,-2.1774328,-1.1034776
1.1823195,-0.16116497,1.8931639,2.0228977
-2.1060247,-3.649703,-2.6549623,-1.1022573
-0.8706804,-1.9767319,-2.5179832,-1.6761914
2.146912,2.3636534,-1.2832382,-2.0637183
3.104693,1.6916326,1.5281787,-0.27956253
1.7164121,1.7036897,2.0467138,2.131209
-0.079474315,-0.036798693,-1.3079785,0.7322607
0.8555871,-0.37657225,-3.1572409,-2.1379573
0.9309694,-0.19118051,-0.7878332,-0.6092649
0.8089234,0.4102799,1.3989815,1.1659935
1.0786508,0.16164349,1.1672682,2.0796113
-0.76646733,-1.0930107,-0.06963707,1.4772428
-0.08020163,-1.8691888,-0.70890045,-0.018524557
-0.16721082,-2.7003891,-2.0311244,-1.2780126
2.58848,1.5096407,2.4120643,2.2386835
2.0591114,2.3854492,1.7668604,1.5191051
2.7339065,2.0367594,2.2641177,1.7988228
1.5636352,0.80021304,1.9544579,1.6981012
0.87868524,-0.5319854,0.16475126,1.5331092
-0.00022433064,-0.5478225,-1.4293388,-1.3647782
2.8925657,1.5675406,1.4999194,1.5284624
-2.7359676,-3.5718193,-2.2290947,-0.6144051
-2.8901787,-2.4978523,-1.6658362,-0.45052907
3.1542501,2.1067123,1.6224916,1.1301712
3.6505468,1.3052652,2.2001445,1.362172
-0.8934466,-2.338334,-2.4641542,-1.8394122
-0.9324417,-1.3138345,-0.45907187,0.06664054
1.1747576,1.5169435,-0.64483124,0.3032397
-2.5106928,-3.9726865,-2.3398354,-2.1609638
2.4188333,0.99456745,2.4875774,2.066943
1.2171868,-2.7394454,1.785944,0.79631317
0.8823643,1.5335313,1.2123556,2.2981348
1.3626893,1.7770907,0.24505164,0.51714987
2.459293,-1.0685114,0.27212855,-1.9743185
-2.7709565,-5.03849,-4.003352,1.0213629
2.4176044,1.598243,1.9651914,1.8691908
1.3904196,-1.3129146,2.0430453,1.9428985
0.7251335,0.9245939,-1.799857,0.036727417
-2.8655143,-4.270764,-1.4178517,-0.4552189
-0.588144,-2.274244,-3.468737,-1.5574105
-1.3607154,-2.4906561,-0.3321726,1.1767403
1.1184936,-1.9358511,2.188605,2.0437875
0.38366508,-0.77262807,-1.4919367,1.0790427
-2.612528,-4.158159,-1.6054517,-0.86250293
0.55034167,1.034052,-3.6129193,-1.7555716
1.1726427,-0.07002995,-1.9756345,-2.4741673
0.6354327,-0.43665844,-1.0367705,-0.63775367
1.5588181,0.07154434,-0.51381874,0.27118674
1.4434845,-0.7499109,0.8765404,1.1076757
0.92700267,0.81948334,-3.3775287,-1.8534817
-1.3584158,-2.9242177,0.7342314,1.244872
0.39422223,-1.2896084,0.059733216,0.114106625
0.20780486,-0.6552574,-2.0516567,-0.18288389
2.3569725,0.7548098,2.1618557,2.21926
-0.7147198,1.2844839,-0.43088356,0.007208712
2.8915718,1.6451539,1.9968182,1.1033173
1.9493517,0.69678724,0.4138318,1.748926
-1.3000152,-3.642873,-0.1769505,1.1559302
2.602585,2.3413274,-0.12637328,-0.0032166736
2.7990105,0.5807045,2.31964,1.9695628
0.13310166,-0.5060155,-0.5878742,1.2447141
2.289644,1.6283187,0.5212766,-0.09149687
-2.0719326,-1.3735338,-0.4438603,0.12844504
2.42399,-0.5147046,1.8633052,1.7778983
1.4114343,0.26640674,1.5710671,2.163074
2.2053936,2.2869453,-0.16218093,0.67019683
1.9884901,1.1096789,1.629971,1.8331892
-1.5883948,-2.1420257,-2.96175,-0.98211503
2.1227338,-0.6943932,1.7780607,1.455653
-1.024964,-4.9391456,-3.5880098,-0.21282808
-0.7266566,-0.6241391,0.43281645,2.0483937
1.5192945,-0.5869654,-1.2646844,-2.5321674
2.3755536,1.7400247,2.1143827,2.292799
1.4000131,-1.4125623,1.3927462,1.54485
-1.8319528,-4.191269,-2.0186737,-1.587654
1.160731,0.71313995,-0.84533894,-0.6854172
-1.31898,-4.548273,-0.40189844,1.1997906
0.82493126,-0.09022301,1.1441896,1.1696168
-1.5700899,-1.5926962,-2.4322495,-2.3169827
-1.6525704,1.4978282,2.5103657,2.26836
-1.5539765,-0.28040805,-1.309868,0.09252337
-0.0150188245,-0.19833536,-1.8541154,-1.6338332
0.7123158,0.9994055,-0.15082793,-1.1702988
-0.90375376,0.42525503,-1.5172204,-0.68795127
1.6158466,1.9981458,1.6254762,1.5395858
-1.857624,-2.6639864,-2.1025193,-2.240586
-2.4399316,-2.8822737,-1.6708673,-2.0203164
-0.016953452,-0.029114608,-0.6035545,-0.80132586
0.8991744,1.5466558,-0.8231853,0.92355675
1.8489622,0.9274456,1.1326281,-0.7842692
0.3819579,0.10334058,-0.9338502,-1.3650764
-1.1533895,-1.3178561,-1.5924026,0.8344559
0.2909964,-1.9913703,-0.8585789,-0.4476986
-2.6582682,-1.0447996,-1.2296208,0.2675496
1.748424,1.4883566,0.7354654,0.9312623
1.8406515,1.7777538,-0.3791115,-1.8943286
0.17460468,-0.42223942,-0.32200545,0.1913603
1.8028849,2.3509507,1.0657921,1.0907271
0.67247146,-1.2500962,-1.5789976,-1.1836729
0.5809152,-0.44603747,-3.0260339,-0.91754305
3.1612206,2.5034707,2.0244007,1.1418859
-2.4341784,-2.938102,-1.2074163,-1.5210778
-0.887273,0.16793261,-2.037619,0.25521308
1.467178,-0.80894333,1.7975026,1.4422264
-0.27685207,0.0030633607,0.9621733,1.997447
2.438015,1.9385287,0.10224699,-0.8760393
0.5114573,-1.0497832,-1.0314729,-0.24123254
2.2494733,2.0948026,-2.084712,-0.38424975
3.6213424,2.1116643,2.2875953,0.4861285
0.6832927,-1.5406663,1.6721089,2.1653485
1.4549713,-0.71066034,-0.5315718,-0.70032156
-1.3445858,-1.8738595,-1.7056032,-0.3838191
0.50211483,-0.03730908,-1.4074523,-1.2037225
2.826318,1.5966812,2.5449824,1.3998578
1.1337641,0.4242022,-0.5534787,-0.65962344
1.9421717,1.0312304,0.748768,0.19862044
2.0961735,1.9167521,2.523491,1.8890526
-1.1515023,-2.6295633,-2.7336338,-1.4788971
-1.5429235,-1.0066985,-1.1862885,-0.32936588
3.7402408,1.9941876,-0.8062017,-1.1320788
-2.2408507,-1.4334339,-1.118114,-0.59056294
-0.86934525,-1.5032846,-2.4393883,-1.1186005
2.1420314,1.0635301,1.0392271,1.1941395
-1.5477089,-2.4399955,-1.4885293,0.88177526
0.8522445,-0.5990337,-0.22440109,-1.3579065
0.7264571,-2.0988216,2.5502224,1.7664164
0.9969112,1.8052148,-0.77699023,1.7565458
0.38161886,-2.4317157,0.9277376,0.6370161
2.1159177,2.0194526,-1.0613813,-0.2818919
1.0309899,-0.44479874,2.2714837,1.8319832
2.4240797,2.5701208,0.58738,1.8495713
-0.305807,0.060408186,-1.9676175,0.24962752
-1.8828583,-2.7816489,-0.7391555,0.8351565
-2.090989,-3.366294,-2.1661594,-1.7437979
1.540731,1.4424933,1.4160867,1.9687226
-1.9200373,-2.6130714,-1.4520973,-0.90252495
1.2426225,1.6853034,0.018231964,0.6115658
1.7740898,0.61854345,-0.10475593,0.31669113
0.6995746,-2.033477,0.9816586,0.9991818
1.0244744,-0.9041445,1.3184859,1.7978952
-1.5954007,-2.6388054,-3.2231202,-2.118021
-0.91473746,-0.6335315,-0.6713189,0.30300936
2.823342,1.1090403,1.0037768,1.1570097
0.5958279,-2.5148826,0.51332456,0.66264004
-0.77698624,-0.13314056,-2.3551276,0.09469844
1.7930174,-0.8999403,1.1289067,1.0434293
1.0447419,1.3433043,-0.08063858,0.9693205
1.1946859,-0.81386226,1.1745303,0.83686626
-1.3238736,-1.0738158,-1.8176305,0.007589037
-1.102498,-3.1375763,-1.8317382,0.25870478
-3.4129112,-1.6790221,-1.9653705,0.5753827
2.2782512,1.5491413,1.2879405,2.1067326
0.20525663,-2.073701,-2.9726388,-2.567924
2.0251677,2.5951934,0.63421214,0.8045403
0.10014096,-0.94151425,-2.1156611,-1.4789853
0.52933586,0.6272318,-2.4405987,-0.39154428
1.4608878,-2.1282287,-1.6599828,-2.5011356
1.4596088,2.277782,-0.8892447,-0.8893074
-1.3125408,-1.3755596,-0.46933413,-1.3863357
-0.2953015,-1.0437597,-2.7849672,-1.0622824
2.318465,0.77605516,0.99216634,0.44053134
1.6027784,0.45393428,1.6611531,2.1135356
2.6410408,1.8442615,1.983884,1.9608202
2.24152,-0.27042297,1.3797499,1.8050535
-1.6355,-2.3181064,-2.4617314,-1.0327474
-1.2177372,-1.7591543,-1.2125874,0.7178431
-2.2716482,-3.5326002,-1.8298507,0.021356149
0.36649713,0.17681986,-1.765031,1.2157497
2.825661,0.35923314,1.241533,0.40364432
1.2966427,0.22138096,0.12634431,1.0429196
-1.08453,-2.1679711,-0.7131568,0.7073485
2.652371,2.0100021,1.5092353,0.37357873
1.1205424,1.2128912,0.6909633,0.93424773
0.5781841,-0.49750173,-2.153572,-1.3064739
-1.042302,-2.9642053,-2.6753652,-2.1363308
0.63371605,-0.17255042,-0.535454,-0.39429793
-1.0624825,-2.035927,-4.0057645,-1.8918778
0.500078,-2.0076158,2.197384,2.284729
0.12645072,-3.2122257,-0.9993541,-0.46617252
-0.95164204,-2.7718832,-2.9500504,-1.587237
-0.004920725,-0.5449317,-0.46548328,1.5656668
-2.0100985,-1.0149372,-1.6233425,1.3512143
0.34839746,-1.273021,-2.394897,-2.7171257
1.0568359,1.110414,-0.41368574,-0.33695745
0.4694882,0.37901714,-1.3044007,-0.60202676
2.3874192,2.0006945,2.0943015,1.5730885
2.8376648,1.9059204,-0.54671687,-1.7933416
2.4795713,2.4618547,1.0782515,1.0343019
1.1716057,0.8414611,0.1204686,-0.436525
-1.718833,-1.4302757,-2.0158503,-0.8709387
1.3357502,-0.021721765,2.0734026,0.8428471
2.5209327,2.4867713,2.3212082,2.1453094
-0.8606554,-1.95842,-2.4221065,-1.8612206
2.8505402,2.0994155,0.17659405,-1.9622195
2.2022448,1.7722894,0.4149144,-0.45876446
-0.674008,-2.8495872,-2.110177,-0.5850596
1.3613604,2.1201477,-0.23546602,-0.2026693
-0.45147827,-2.4965985,-2.040129,-0.7706488
0.76373744,0.41152972,2.267961,1.9552525
-1.6977504,-2.2897034,-2.2838957,-0.98054796
1.7920207,1.2741405,0.40479505,0.6537264
0.34366098,-1.0653018,1.7233486,1.6904536
-2.6523187,-2.7491305,-1.5539641,0.6223703
2.0247328,1.9204454,1.6817168,1.3883983
-0.19746897,-2.2421384,-1.004378,-1.9275563
-2.0369885,-2.339534,-2.2835257,-1.3581525
0.5249929,-2.4350255,-5.3128457,-1.6247653
-0.8154993,-1.9633025,0.44820073,1.3408026
-0.042305075,-1.684618,-0.967078,0.020146813
-1.1902136,-1.791461,-2.3302054,-0.82813734
-1.5526301,-0.5154169,-1.3749534,-1.0797557
1.430592,0.3199814,0.5169057,-0.25686026
1.1742305,0.8083755,-0.8722838,-0.38725755
1.0787587,1.7403315,-0.20177417,0.6895362
3.383843,2.0358305,1.9078182,0.45906702
-1.084645,0.25218612,0.8335648,2.3334117
2.074581,-0.30501953,1.0553777,0.57838804
-2.4273012,-2.764644,-2.162164,-0.8353378
3.1265554,1.94816,1.870583,1.4338737
-3.1399574,-3.341123,-1.7383894,0.44134793
-0.39615777,-0.6299956,-1.4335672,-0.16399068
2.1343327,-0.25690973,2.1979902,2.2585433
-0.93301237,0.38976213,-2.3660564,0.36636373
0.011852936,0.21326047,-2.2630882,-0.96014297
-0.14834061,-2.1056612,-1.7916751,-2.5646574
3.3632312,1.9690698,1.7891313,1.84762
-0.26076928,0.4351937,-0.073065534,1.5655217
-0.435313,-1.2067112,-1.9247382,-2.5832677
1.2907885,-1.9633868,2.6941895,2.3748655
-1.753652,-4.27205,-3.2498507,0.052974515
1.3245486,0.92168385,-1.2279823,-0.80953
-1.9439641,-3.8853,-1.944123,-0.43034202
-0.9805386,-3.0481308,1.268519,2.2559974
1.6428108,0.85986525,-0.8959846,1.7209699
-0.16664384,-1.0103812,1.5902958,1.8947654
-4.1090984,-2.4637241,-1.1265733,-0.2258097
3.0533347,2.7375138,1.1691384,0.691698
-1.5340282,-0.825177,-1.0684838,0.72292906
2.8990707,1.8436738,0.8223274,0.72603214
0.39675054,-1.0250252,-0.07960937,1.0830556
-0.57838,-0.21406123,-1.2506045,-0.69247514
0.69525313,-0.9745047,2.005882,2.4142773
0.67716604,-0.6333199,-0.446639,1.329839
-1.830178,-3.135816,-0.29209438,1.4616019
-2.7042835,-4.532053,-2.9694884,-1.8838849
1.6659461,-1.3127614,1.814131,1.4463375
-1.7231324,-2.3272293,1.4495983,2.7938042
0.45502776,0.07094865,-2.9818316,-2.2491114
1.3685519,-1.2898543,1.6497717,1.3198726
2.1466904,2.3010535,-1.5278488,-0.90146416
-1.4560554,-3.2166648,-1.1821653,-0.63648885
-2.413951,-1.9307387,-2.5252702,-0.2922624
3.0365279,1.3160479,2.1761653,1.9938397
-3.376887,-5.184733,-4.160587,-0.7043823
2.8077388,0.9817743,0.5779836,0.53927463
0.33826375,-1.0320833,1.7024753,2.1699362
-2.5983272,-3.2155697,0.32051218,2.2578733
2.182245,-0.35296977,-2.2177553,-2.2528596
1.6720016,0.18669394,-0.11138447,-0.34923062
3.4397442,2.218372,1.8255703,1.5499296
-0.24136145,-0.41367123,-2.2902527,-2.2275274
-2.327802,-1.6800506,-0.43589318,0.025531441
-0.027413638,-0.007493128,-1.7087085,-0.306738
2.9073465,1.1618317,1.9045261,2.0563984
-0.27923733,-4.2905574,0.5062895,1.8130563
1.261766,1.7188119,-1.4662247,0.8442876
2.2097712,2.1278493,-0.07105092,-2.544645
1.6944499,2.0745964,-2.5687978,0.24445997
3.743978,1.9465016,2.412728,-0.97445863
-0.99347967,0.76920146,-1.8163925,0.561923
3.5317764,2.1564357,1.817519,0.8990846
-1.0370628,-3.267785,0.28507856,2.4352603
-0.9306772,-3.9921114,-2.459351,-0.33302018
1.2016186,-1.7959554,1.8215507,1.5677847
-1.2907794,-1.1128993,-2.548424,-0.18930447
-2.301745,-4.084368,-2.67551,-0.40965572
1.1014875,1.7649937,-0.59621775,1.7271131
-1.193452,-2.4331684,0.8208092,1.5018728
-1.050095,-1.3330812,-1.6146299,-1.473911
-2.0666907,-2.576518,-2.7240088,-1.572026
1.7810684,2.1662154,-1.5844374,1.3090326
-3.099071,-1.6934699,-0.75524235,-0.41354328
1.0762048,1.9850845,1.2722449,1.73919
1.2232023,0.7918503,2.177736,0.2626236
-1.6456143,-0.47105116,-0.61147714,0.3964807
0.8622231,0.11522841,2.3289287,1.3981919
-2.9860454,-2.0545433,-1.4422534,-0.748489
-0.26304138,-1.1082361,-2.332034,-1.6998675
2.2019305,2.1910355,1.6287006,1.4678375
-1.4406227,-0.20133382,-0.59661764,-0.9670632
0.008643144,-0.23932752,-2.028656,-0.7339203
0.20035613,0.7379967,-1.1792516,0.14626938
-2.0795987,-2.2894921,-1.3855102,-0.62042236
1.0215007,1.2778847,-1.6706523,-1.0808343
0.9066367,0.538217,1.5513544,0.8401674
-3.063961,-3.6191657,-1.4572396,-1.628896
-2.153123,-3.366186,-2.3449204,-1.9282011
-0.28702798,-1.7013646,-0.45239767,0.571589
0.6579408,-0.2854,-3.9076514,-1.7745978
3.9633553,2.731046,1.8636799,-0.93355274
-1.9120941,-2.338983,-0.46045238,1.5197332
3.1482809,1.9077904,2.4583328,0.8519426
1.2476608,0.70699406,-0.15522636,-0.0967367
3.6078687,2.3143263,1.1031152,1.096867
-5.436613,-1.8808932,-0.34504813,1.037907
1.7435728,-0.14122593,-1.0762182,-2.205707
2.4577198,1.1502441,2.3561087,1.6351577
-1.0681988,-0.36046866,-1.2601863,0.15858562
-1.8447912,-3.511886,-2.6091387,-2.7094944
0.8929649,-0.60182625,0.78221285,0.69628805
1.4749364,1.9071494,0.7775975,2.1672
1.9673449,-1.5131754,0.89361894,-2.4033313
-0.32917997,-0.05534253,1.6427996,2.3946078
-1.5351074,-2.8295717,-2.9268544,-1.9307098
-1.3950311,-2.2436914,-2.5381398,-1.0917492
0.9525071,0.23966913,0.326536,0.90146893
1.5876975,0.6526522,0.9572563,1.0566486
-1.5157129,-1.1882571,-0.7689304,-0.7218408
2.8741796,2.2660992,-0.3993813,-1.0769548
0.22123039,-1.0207459,1.4283751,1.0031831
-1.2319925,-2.6073055,-2.6330893,-0.6974229
-2.1737275,-2.6925282,-1.6489333,0.64405465
2.5738235,0.9463078,1.8491528,1.5956391
0.37888616,0.76981884,-0.9955028,-1.7816628
-0.88089067,-0.13087091,-1.8317883,0.13218698
1.9102037,0.43153283,1.3616543,1.1838268
-2.347942,-2.743831,0.13135935,2.0077155
2.9301348,1.621759,-0.24791476,-1.7234825
0.28803837,1.1217265,-2.4074612,0.21942645
1.9815685,0.56672806,0.93710935,-0.4669344
-2.7700174,-3.4662893,-1.6478113,-1.5907332
2.3712065,1.8703865,0.8915417,1.1785964
-2.7635958,-2.1260726,-2.9744775,-0.8466268
1.7875133,1.1833985,-0.1541717,0.46564233
-0.7542554,-2.8001401,-1.4658208,-0.16545708
-1.9811944,-2.7034879,-2.8671215,-0.95913935
1.6472738,0.3806633,1.6724731,2.2815003
-3.342418,-3.236816,-0.9739212,-0.50705624
1.1478803,-1.1907847,2.0818198,2.2945035
2.6626868,2.2878277,-2.14125,-1.8127977
-0.3231272,-1.8834506,0.5435225,1.1008277
-1.1214269,-1.7060535,-2.7226431,0.5581061
2.646917,1.6856866,1.3737761,1.3649719
-0.69475913,0.078250065,-0.9749923,0.6847258
-1.4152614,-2.5444083,-2.3744557,-2.0631883
-1.171216,-1.6585842,-0.06395577,2.1290636
-4.5629272,-1.9144036,-0.20496128,1.9793961
2.8692198,1.0155823,1.8682142,1.7942369
-2.767302,-2.0438595,-1.6051928,-1.011508
1.612459,-0.18133093,0.34050894,0.045783136
1.1021603,1.283286,0.47592762,1.1592126
-0.045493644,-1.7451081,-1.9298687,-1.7276901
0.7786627,-0.63104486,1.2177645,1.9594535
2.5354228,2.3302836,1.4813052,1.4260795
2.303266,1.3192605,0.93212974,1.5716873
2.2170584,2.0865993,-0.6571726,-1.0532101
2.768748,2.5295217,1.7596338,1.5996864
-0.053232674,-4.5803275,1.3031858,1.2239648
2.2047014,1.7894974,1.6330011,2.3719788
-0.85380906,-3.8000722,-1.93506,0.25505108
-3.9534147,-1.3764732,-1.947261,1.0198499
-0.02149212,-1.5016263,-1.8431845,-1.2810875
0.2762928,0.90065616,-1.1289095,-0.5593021
2.8907385,2.5835218,0.2849488,-0.679014
1.5338204,-1.2522951,0.7755887,0.3987038
-0.51502514,-0.97124463,0.6927543,2.332371
0.2370805,-1.2159106,-2.3453255,-1.8244181
3.078294,0.8686959,1.760784,1.9428943
-1.6930671,-2.858234,-2.721813,-1.7861668
2.172956,1.7955104,0.3097541,1.241449
-1.393342,-2.790354,-1.3239907,-0.4127474
2.0667262,1.0290179,2.04152,2.069698
-1.3363177,-2.3158963,-1.3888294,0.85674304
-2.3166854,-4.7580943,-2.6124027,-2.0029283
2.4048655,1.9633576,-0.9669274,-1.2239163
-2.320486,-2.1388717,-1.0042584,1.751348
-0.12892729,-0.5754188,-3.3469117,-0.9457302
3.0541422,1.4998595,2.7472374,1.7907453
-1.7883589,-2.5788803,-1.7680868,-1.2311338
-0.42708874,0.95475626,0.6874827,1.029315
-0.14761697,0.5248178,0.80856675,1.2155898
-1.6797466,-1.7860701,-1.7168753,0.30181202
-1.2847667,-0.32874876,0.2910235,-0.25911447
-0.28677803,-1.061034,-3.3497748,-0.57471603
1.0380236,1.0965341,0.0023307567,0.51629686
-3.039388,-3.8673222,-1.0336432,-0.1634179
0.4333701,0.6899411,-1.1386791,0.8813191
1.2076828,0.082796894,-1.5141279,-1.9092193
0.6731506,1.3096579,0.0940855,1.2173232
2.314875,2.2651,-0.8928872,-2.4601185
2.3386197,2.2684066,0.46262842,-2.6810815
-0.26626033,-0.7235374,-0.27303714,0.8280496
0.56656796,-0.09619096,-1.0698634,-2.014669
1.9744242,1.8099841,-0.70710695,-2.1268158
0.23169057,0.9731024,-1.7452463,-0.680764
1.6078366,0.18715438,0.08726235,-2.549788
0.33098793,0.36534366,1.8040316,2.1452124
0.49836245,-0.49017018,-2.4625335,-1.5916334
2.0476224,1.6412824,-0.032017767,-1.9410638
1.117235,2.0139594,0.57134736,0.9094794
2.0419354,2.1758907,-0.0034056092,-1.2185382
-0.19788554,-0.44917166,-2.0286,-2.2487934
-0.29428178,-1.1831049,-2.109474,-1.8721468
1.0417032,1.1106539,-0.84997123,-1.2096835
1.1064866,1.0938818,-1.5643947,-0.8751295
0.64296633,-0.9522998,1.6604176,1.4982365
0.722449,0.7663347,-2.1185606,0.88361186
-0.9312766,-3.1169925,-2.4488118,-2.9245842
1.0322522,0.74791086,-2.2969913,-1.4829725
1.908311,1.0364488,0.9998147,-0.8657964
2.9691627,2.654371,2.1465683,1.9643744
-1.603992,-0.47766075,-0.79407483,1.3690034
1.121965,-1.8348854,-1.0670489,-1.2756263
1.1335597,0.87906295,0.6040071,1.8306441
1.3582394,1.1454847,-0.5000333,-0.6259638
0.136662,0.92050093,-0.677618,0.6464824
2.7794132,-0.42889968,2.1493917,0.68139404
-3.8434358,-3.4067488,-2.435794,-0.13356963
1.6103503,1.0473956,1.3037202,1.8003719
-3.228135,-2.9996386,-0.43492654,-1.2052549
0.9404157,0.8864567,-1.3094473,-1.0084194
1.1382569,-0.7442436,2.415549,2.2011137
0.8089124,-0.036893416,-0.84390736,-1.1172861
0.032890424,-0.60027903,-1.481192,-0.7631057
0.47649938,-3.3988774,-0.684684,-1.1477185
0.8216793,1.2817369,-0.6967439,1.5199801
0.6613044,-2.2092664,-1.7572844,-2.6745088
1.7481002,0.08515278,2.2396922,2.2401874
-0.3281917,0.70789987,-0.7973375,1.2703252
2.8202672,0.45235646,-1.7071005,-2.826229
0.6534716,0.61891997,-0.4089959,-0.92390144
0.9560211,1.0029128,-0.56530416,-0.13071388
0.29135376,0.45019898,-0.7829757,0.8328385
1.5208077,0.07801443,-0.10315851,0.6181569
1.4329573,-0.90604705,-0.7148986,-1.8416651
1.7287874,0.78152806,-0.5600463,0.23710826
-0.692874,-1.2751641,-3.5254388,-2.0432823
1.2955197,0.51799667,-2.903596,-1.3611858
-1.209079,-3.574191,-3.0573194,-2.129758
1.3938267,1.8616345,-2.1571252,-1.0966182
-2.1265502,-3.0188272,-1.4950548,0.8893217
2.1912873,1.9659741,-1.7499821,-1.928376
0.07418778,-0.94636977,-2.1131735,-2.302631
-0.710299,-1.9292182,-2.1793904,-0.7898316
2.7883208,1.9537346,0.9513518,0.6985049
-1.223042,-0.13200998,0.15296146,-0.4246334
0.20527811,-1.5985503,-0.65323997,0.1584779
2.350632,1.664946,-1.3150779,-1.1907682
-2.0685425,-4.3148665,-2.6216311,-2.575667
1.5770246,1.3409051,-0.5909159,0.2827916
2.8897707,1.335043,2.0665946,1.8311235
-2.3279498,-3.4341455,-2.1900203,-0.7695107
0.43517792,0.08461695,-2.8500803,-0.714666
1.0721867,0.94370306,-0.60968924,1.5019295
1.3328551,-1.8526158,-1.9292636,-3.4118612
-0.90889084,-1.7131631,-0.19250274,1.8459085
2.7316873,0.37012425,2.213009,1.4255153
-1.1585032,-2.9089997,-2.160632,-0.21302736
0.9556689,0.522371,0.97662896,1.5689638
0.32288837,-2.6044984,2.0149517,2.2523117
-2.1836214,-3.5000849,-2.8168921,-0.70902306
2.8076975,2.2774248,1.7131579,1.922264
-2.273165,-3.5092626,-2.4781938,-2.2247427
-0.9274092,-1.909819,-3.575089,-2.2547674
1.9984671,-0.59959126,-0.29675627,-1.3451798
-2.4904523,-2.273834,-0.046962358,2.1985574
-0.44430596,-2.2475846,-1.2384131,0.52561235
1.124822,0.70097923,-1.8722246,-0.45654655
2.7007234,1.7642909,-3.0878727,-3.5555637
2.3917973,1.4555203,0.6032249,-1.0006334
1.4895525,-1.894005,1.4848068,2.0852437
-1.2881268,-4.6852865,-0.8305969,1.6986898
3.1484704,1.5854104,1.7286624,1.500426
-2.220247,-2.572286,-2.8771508,-0.26494923
2.0809748,-0.4259983,0.9644891,1.9608555
0.79133046,-1.237767,-0.19649878,1.0803162
-1.1896534,-0.36101156,-1.6647081,0.20056681
3.1350977,2.2093801,0.9770774,1.2002798
-1.4115698,-2.248215,-0.3045085,0.3385155
-1.2541647,-2.5440755,-2.4432545,-2.677798
0.79074776,1.40006,0.49830487,1.8041581
-0.82731795,-0.527563,-1.3419766,-0.53168833
-2.521876,-1.8344193,-0.15224825,1.6048933
0.27151704,0.78290653,-2.4735823,-1.0557173
1.6174668,1.774838,1.6303085,1.0115358
1.7520255,2.1148129,-0.0808382,-0.29636893
1.9346889,1.5398393,1.8959728,1.7777619
-0.1384406,-0.8622223,-1.0042664,-1.5035648
0.79610574,1.4909755,1.041686,1.5510114
0.67920864,0.18820578,-0.7544747,-1.3888633
1.8949558,2.4577994,-0.10201916,0.29994354
-1.0677556,-2.8396657,-1.8015033,-2.3483522
-1.3764329,-0.3639497,0.47982502,1.9427544
2.323137,1.9078696,2.296211,1.1584917
1.4440401,1.6220677,-1.1231487,-0.7058458
2.6792397,1.0332348,2.3076363,1.5046233
0.070653886,1.062014,-0.5254681,1.057413
-0.48966986,-1.9286451,-2.621194,-1.431606
-0.24392174,-1.668643,-4.0456862,-3.5081718
-2.3994186,-4.622195,-3.082969,-2.4952533
1.0774068,-1.0772561,-0.071880296,-0.054582123
-0.13826479,-0.1578425,-0.50734687,0.45102134
-3.3647978,-2.8138053,-0.41390893,0.7302642
1.7980337,1.3742094,0.44540474,0.03213907
2.7461624,2.3286524,2.536462,2.1132863
-2.3809035,-2.034538,0.14513205,2.0010228
-0.8368818,-2.733664,-4.087549,-2.521164
2.3711834,0.50072455,2.3690345,1.5026529
0.15855101,0.7580107,0.4581916,2.4841192
-1.510946,-1.9778728,-0.43552333,0.91604346
1.9808652,0.41387147,-0.42060003,-0.7895113
1.5779254,2.593366,-0.15224929,-0.4895617
-2.517103,-3.9426188,-1.1273249,-2.141744
-0.034983415,-1.149929,-1.5197136,-0.3512878
-0.8839238,-1.1324823,-2.073002,0.26101905
-0.24865115,-0.9209397,-1.8774219,-1.4555831
2.9071872,2.270991,2.0991657,2.060487
0.38665506,0.456441,-1.6691946,-1.4986615
1.6524273,0.9253913,0.9535554,0.9627717
-0.49920204,-0.82971704,0.76613015,2.2938347
1.3261625,0.63257885,-0.8373007,-0.60789424
1.8504856,0.39146155,-2.049341,-1.2697768
-0.24975888,-0.40928653,-0.84601086,-0.3506819
3.3975105,2.3001683,-0.5532146,-2.0322216
0.63902164,0.85195255,-2.0577383,-0.49183807
2.131182,0.84026927,1.7328414,1.0474305
-1.2214144,-0.86809576,-0.8889919,0.8687651
-1.1048697,-3.5147197,-2.058047,-1.6450304
-2.1060946,-4.2062707,-2.8707407,-0.9547894
0.86266744,0.43633133,-0.20164567,-1.2717506
2.612938,0.68237156,1.5302525,1.6567521
-0.5912959,-0.743856,-2.8692105,-0.8831317
3.5749204,1.7532133,2.5658658,1.3338987
-1.5744088,-2.3253407,-2.5329292,-1.4272201
-1.628238,-1.5532007,-1.4385966,0.42196706
0.48011032,-0.0987476,-1.3114762,-1.5878894
-2.1051135,-1.6596668,-1.4523754,0.18682165
2.4862785,1.0789769,2.5408034,2.1035693
-2.6714232,-0.94285077,-0.884069,-0.09380928
1.3359388,-1.1527915,-0.036879703,1.3265109
1.8369468,2.5646546,1.2700272,1.1949955
1.1753366,-2.4966607,1.6316355,0.48711082
-2.3314261,-2.50291,-2.0171432,-0.5935036
-0.40715402,-1.6204367,-3.0679648,-1.6971052
0.1623008,1.4255592,-1.842613,0.11947095
1.8214064,1.066902,-1.0255604,0.15639316
-0.8782879,0.32253474,-1.868787,0.3327037
3.5271797,2.6417334,2.1387024,1.0272161
-2.2023573,-2.8277662,-2.7910266,-1.7658213
2.5242522,1.4929407,-1.0231318,-1.7205256
2.2847772,0.73315954,1.8166608,1.7949048
-2.410196,-2.9147427,-2.5473676,-1.9081595
1.4827253,-0.6212299,2.110636,2.4888716
-2.325997,-4.1518593,-2.2230322,-0.7818197
-1.4821161,0.32693547,-1.772896,0.57436603
2.5276074,1.1715248,0.9728521,0.16530222
2.9675927,2.3234892,-1.4019091,-3.4632475
1.6259866,0.5115501,2.5661244,2.0837934
2.2193131,2.0471728,0.3762438,1.3522065
0.18436769,0.003308422,-1.4340706,-0.71624714
2.1946404,2.1275547,1.4416589,0.47297788
3.1303551,0.91032994,-0.06806551,-2.0227268
1.8805043,1.4780164,2.1259227,2.489527
-2.9693387,-4.6425858,-2.8233583,-1.0929786
1.960536,-0.09488294,-1.4917897,-1.0131712
-1.3746445,-4.5811605,-2.7952085,-0.7595089
0.502772,-2.4445338,-1.763009,-0.7080687
-1.3287314,-5.0099607,-3.7127335,-1.314736
1.715428,1.0264579,-0.57802576,0.26906264
2.767313,2.6370268,2.350932,1.8561981
-0.5298317,0.33459458,-1.6453921,0.8411696
1.0452434,-1.0212197,-0.6296491,-1.4294608
0.38556725,0.2745192,-1.4204723,-0.6408102
0.86899483,1.0227971,-1.0479794,-1.079256
3.0325654,1.4833319,-0.7899448,-2.7026582
0.3052378,-2.058046,-1.1181042,-0.5816087
-0.6615912,-1.0081898,1.0314748,2.3240488
-0.530493,-2.4303315,-2.1461685,-0.74573874
-1.7324778,-1.5780556,-1.3717892,-0.81124127
-1.2171915,-0.83549553,-1.7777307,-1.807033
-1.4477856,-2.7122157,-3.219074,-2.1532238
0.04707026,-0.24752176,-2.412464,-1.3084202
-0.5888378,-0.59281623,-0.19709787,1.3338921
-1.4223114,-2.5627882,-3.4081051,-2.2515037
3.0812333,2.1470833,-1.5887088,-2.9319863
-1.6423502,-1.8103921,0.07544919,1.5068436
2.585724,2.029819,2.1133268,0.9840467
-1.3817769,-0.25954366,-0.09095403,0.01847471
-0.6478837,-1.5309831,-1.444032,-0.6477814
-2.1251621,-1.4409711,0.16811381,1.7209828
1.2375983,0.90483916,1.2077277,0.96777767
-0.6816514,-1.1169968,-2.0867932,-1.8242203
2.4878547,2.484047,1.3717457,0.3216196
-1.2337644,-2.021839,-2.1573527,-1.5414587
1.1294532,0.6486572,1.6172771,0.8689971
1.3082631,0.426986,1.3169469,1.6431707
0.13956894,-1.2100458,1.8721104,2.2273653
-0.41434625,-0.90950686,-2.9295268,-1.6431845
1.2420392,-0.019015724,0.8415348,0.20438871
-2.405252,-3.3485358,-2.0823572,-1.5919642
-0.52252626,-1.3803487,-2.3130074,-0.27262285
2.018576,1.205453,1.7666322,1.1861233
-1.2736732,-2.826919,-2.4312863,-2.7501812
2.7309947,2.5277257,1.7069505,2.1252525
1.6471784,-0.081176236,1.8048035,1.7254341
2.070578,2.3052661,-0.16345628,0.02311857
1.932267,-0.031852696,-0.55356234,-2.9627688
-1.4770641,-1.4863135,-1.172805,-1.6161647
-2.637586,-1.647159,-0.918307,-0.17118475
0.5370073,-2.4093783,-0.8770266,-2.2177975
2.9375124,2.6579583,2.0018766,2.1814427
-2.7774858,-1.152838,-1.3313617,0.5587806
-3.3766322,-3.5947747,-0.65207535,-0.31925806
-3.1246274,-4.4725513,-1.5883487,0.047842197
-3.1831772,-5.269338,-3.1678343,-0.23797514
3.371815,2.7530704,2.3759654,2.0900922
-0.13239619,-0.1045155,-2.1432364,-0.44159827
1.1688725,1.2582195,-2.4711592,-1.6666836
2.2495284,1.7330159,1.0081369,-0.57611555
-0.5141302,-2.2193773,-1.5715706,-1.6930419
-1.8139275,-1.7335372,-1.8188486,-0.71135473
1.9075218,2.1733806,-0.94031775,-0.21843396
1.5822684,0.08079541,-0.5372333,-2.3596468
-0.17005354,0.2133095,-1.200012,0.5488196
2.7144675,0.8736028,2.4730988,1.536405
-0.9551867,-1.1495206,-2.5669467,-0.7139354
0.6193599,1.5683621,-1.3512455,-0.40836766
2.3956707,1.0124207,1.0773787,-0.12796749
-0.5335183,-1.969958,-2.1517196,-0.23080468
1.661512,-0.12346958,1.8688188,1.6886257
-2.0077333,-3.933279,-2.59004,0.9119626
-0.55197954,0.62720305,-1.1640421,-0.85571504
1.3980749,-0.9737726,2.2390206,2.3341932
-2.5014908,-4.096259,-2.2171674,-1.5119226
2.6858056,1.3546742,1.9697329,2.166986
0.86268634,1.0470756,-1.0839814,-1.0561243
-0.77053624,-2.7086604,-1.3202134,-0.40699533
0.9291076,0.025417196,1.5802069,1.5491872
1.9148659,1.2369162,0.6902349,1.7109212
-1.3848537,-1.9175698,-2.3393528,-2.23118
0.38042936,-0.04493897,-2.291282,-1.2812318
0.67627525,-0.2830415,-0.738211,-1.2839941
1.659011,1.3783406,-0.26148972,0.31251708
-1.6686844,-3.2944562,-0.78259706,0.7116125
0.2139986,-2.729347,-0.66295695,1.4442962
0.7310091,0.50179005,-1.5159154,-0.8611061
2.641337,-0.78615266,2.4152968,1.4809815
-0.23791586,-2.6513743,-1.6569118,0.7976928
3.5242512,2.3702257,1.9287715,2.2357795
-2.22719,-3.872618,-1.6380914,-0.6100676
1.6437566,0.23243465,-0.24897693,-1.4721175
-1.2605573,-1.8808923,-0.535193,0.8815267
1.7861633,1.2408834,-2.6601949,-1.3346972
2.057216,0.81576973,-1.0082029,-1.8722827
-3.0545487,-3.5752697,-0.49319386,0.046453886
3.4449494,2.4629724,1.0238106,-0.044187814
0.4784534,0.6158185,0.5032377,1.8699234
-2.1886744,-3.203438,-1.531944,0.5481406
0.5865462,0.057913274,-0.83385557,-2.0804715
2.0775955,2.2210286,1.391775,1.7435004
-2.823995,-2.5263016,0.8646772,2.0229478
3.4627664,2.6721432,1.8557019,1.4172807
-2.348567,-3.1713417,-1.8470685,-0.53891575
3.4615326,2.0670779,0.634943,0.17278236
2.0676317,-1.258314,-1.2171364,-2.623799
-1.2347666,-2.1387737,0.16175249,2.2024362
-1.7576405,-4.207096,-3.6346407,-1.3035998
-1.4461285,-3.152962,-2.005585,-1.3716377
3.1543865,2.280446,2.4388409,1.9309871
2.1631353,2.1989703,-1.9624367,-0.7520224
2.385865,-1.2535068,2.3389213,1.6331446
-1.6165289,-2.1065397,-1.9190503,0.73631996
2.3141649,1.8552992,2.75092,1.6993879
-6.625377,-2.2742069,0.375157,2.1511507
2.4063814,0.78703296,-1.8960874,-3.6504185
2.6546698,1.3666201,0.04919207,0.2995947
0.091887884,-1.6677853,-1.5202645,-0.8351408
2.2469099,1.4491378,2.3815951,2.2929175
-2.007779,-2.059245,-0.18074548,0.35676613
-0.31784943,-0.86547124,-2.2775295,-1.5866538
-1.7122514,-1.8197376,-3.4201922,-0.8780304
-1.2042671,-2.4954534,-1.3123252,0.40906748
-1.3680056,-2.9914696,-2.8456743,-2.145849
-2.2231944,-1.9546212,-1.6710104,1.010945
1.0411499,-0.7171179,-1.8668811,-0.61442167
2.0654302,1.3669038,-1.2728878,-0.32278663
2.3548853,0.8830447,2.341741,0.85110945
-1.481094,-2.6478543,-2.121829,-0.08593492
3.9758193,2.3553576,1.903602,-0.80425453
-0.45335135,-1.1701885,-2.6495745,-1.4242495
-0.9625424,-1.8983386,-2.0595875,-0.9122183
-0.97739375,0.2943046,-1.704745,0.18393193
-1.1083224,-2.5838034,0.30173194,0.7732384
0.39690566,0.48281097,0.13182661,0.122302674
-0.92669106,-1.2220739,0.46426466,1.2217107
-0.79963297,1.1669544,-0.3445942,1.49389
-1.4657451,-0.74293536,-1.9773753,-0.7966319
1.0373923,-0.37014785,-0.42615345,-0.25461394
1.1650132,-0.9287284,-0.26026422,0.3645636
-1.588061,-0.4279793,-0.97966045,1.3052467
1.7609719,-0.64330876,1.9358183,1.3053093
-0.8073709,-0.31037527,-3.39387,-0.36408818
-2.3996568,-3.24082,-3.797488,-2.0653155
-4.350995,-3.130845,-0.34165907,1.4135839
-1.3724579,-1.8675478,-1.9719566,0.6189432
3.7246485,2.8900905,1.0413256,-0.33124554
-2.112795,-1.076429,-1.0553523,-0.4178416
-0.25523394,-2.932355,-1.6570331,-0.5516587
3.2130587,2.0918908,0.21076109,-1.1452967
-2.377015,-2.2409437,-2.500507,0.9107732
1.1320653,0.56798965,-1.3849357,-0.5331877
0.8940213,-0.40762928,-1.7776444,-1.9080197
1.7956012,2.3440533,0.70775443,1.2654654
3.307312,2.2268686,1.0813236,-0.11166903
1.163405,-0.012354768,1.441784,1.0378557
3.4111128,2.066197,-1.3983176,-1.649731
-1.2099565,-1.8043505,-2.0826616,-1.5008461
-1.6160135,-3.2368844,-2.7695818,-1.3409584
0.91384494,-1.2993307,1.8655968,1.7796698
-2.3441334,-2.7667146,-1.6328095,0.28273985
-0.08548806,-0.44574928,-1.8394628,0.011690998
3.4112139,2.0705214,-0.4282027,-3.0527368
-0.5239723,0.43775505,-1.2322103,-0.5618316
0.020441376,-0.6392205,-2.015474,-2.5436683
-0.527858,-1.1805204,1.7096902,2.1417549
-3.5111542,-2.839087,-0.86910063,2.0436318
1.8546246,-1.0553919,1.7337029,1.7162445
-2.9366295,-3.8058848,-1.1141015,0.44582483
3.4831865,1.5870583,-0.83728385,-1.1953762
3.3019767,2.4321156,2.5852242,2.1153648
-1.9919773,-5.512424,-3.5907228,-2.1144502
-2.0634556,-2.8344586,0.579037,2.3394063
-2.625907,-1.87245,-2.0790412,-1.0181177
-0.57929176,-2.0568974,-1.7998042,-0.0377111
0.09124702,-1.417655,-0.088372245,0.7556934
-2.8452885,-3.3038917,-1.0045803,-1.4139116
2.8165352,2.0832245,-0.22264618,0.49044883
-0.7504281,-2.0404727,-0.24638139,0.4803101
0.6634995,-1.0138212,-2.1560628,-0.39171416
-1.2992696,-1.3764337,-4.3645954,-1.9360822
0.058253575,-2.985291,-1.2089558,-1.270964
0.2009818,-2.955911,1.3739084,2.179489
0.5043974,0.8386594,-1.130084,-1.3430743
-2.0653932,-3.4143176,-2.042042,-0.63319707
0.13976386,0.041704822,0.28804392,1.9614239
3.0385044,1.7757815,1.4254102,0.26269156
-1.2299585,-1.4932017,0.00033116384,1.9794077
0.31986699,1.2356257,-2.104165,-1.827581
0.5032996,-1.9838936,1.8260734,1.9968376
0.27979422,-2.2512383,1.1297065,2.1814885
-1.575886,-1.562343,-2.2677999,-1.3096956
2.5516245,1.7746212,-1.4281994,-2.9697835
-0.4566911,0.85984874,1.0495604,1.9382874
-0.27214333,-2.4789937,-0.9781988,0.26573002
3.0588336,1.8921013,1.784007,1.7098097
-1.5575796,-2.260855,-2.282237,-1.5118341
1.6579782,2.483479,-0.24366485,0.6616519
2.1141872,-1.3177875,1.3426538,-0.13915706
0.3427702,-1.233,1.2482499,2.6739943
1.2756662,-0.786295,-0.6966219,-0.23669454
-2.5772502,-3.6918604,-1.148963,0.7425373
0.824839,-2.5110447,0.07066193,1.3259703
2.063863,1.5559417,2.6576905,2.107564
0.046790704,-1.002833,-0.24438158,1.4702445
-0.21118139,-2.5342324,-3.9303699,-2.9002914
2.7539504,2.3330452,-0.17285515,-0.32964492
2.368954,1.9349743,2.20534,1.3912358
2.7258637,1.5860715,1.2020915,1.444703
3.2103088,1.8232927,1.8245528,1.6665918
-0.39702788,-4.8333874,-0.60369444,0.71721715
-2.4711978,-0.88260406,-0.98642397,2.2425816
-0.111957386,-1.0288647,-3.034444,-0.8921136
2.1792128,0.66198665,-0.1322446,0.8171602
1.5700324,-1.0052577,0.2719533,-0.9747062
-1.7369994,-2.7526913,-2.4749928,-1.0985538
2.64015,2.131535,2.1738725,1.876753
-0.20567226,-2.4777813,-0.8092551,0.78125757
1.9252694,-0.539181,0.17208755,-0.068501696
-2.2875342,-2.9921308,-2.1464734,-0.84940034
-0.484838,-1.508003,-2.2359562,-1.8214128
-1.8372929,-2.8344398,-2.6682918,-0.11859297
-0.34214938,-1.5460613,-4.0284386,-1.1619005
0.058316715,-0.04484566,-1.5710024,-0.34476015
-0.4105907,-0.5396867,0.82181674,1.9898472
0.6972831,1.0262393,0.6447537,0.6065081
-0.61052924,-2.796897,1.3483859,1.5208265
1.0687062,0.6908525,-0.87767184,-1.2526239
0.27748755,-0.78395605,2.0835667,2.4826028
1.9047745,1.7904164,-0.5754569,-0.9700971
-2.0942984,-1.8713394,0.3529846,1.6360431
0.9569181,0.9684378,-2.507677,-0.8417986
1.7956537,0.121782385,-0.35596412,-0.39295685
-3.942937,-5.1920185,-3.8062675,-2.2862587
-0.3115616,-1.2015043,-2.5599525,0.18810266
-2.5708935,-1.8525635,-1.6755111,-0.5863305
-1.5820212,0.07517832,0.09425112,1.6870121
0.67091674,-0.22515804,-3.2491782,-3.3459127
1.3237882,0.33811122,-1.7618086,-1.3921367
-1.5808187,-2.3697546,-0.36624473,1.1177907
2.8727028,2.6246645,1.7038721,2.1973822
1.1933037,1.493501,-0.82232547,-2.9269814
3.4001842,2.1954517,2.5428476,1.8870782
0.7977039,1.4237137,-0.06439799,0.7143361
-0.8091997,-2.2103214,-1.9606023,-1.6485412
2.0824358,-0.19789472,1.7915952,1.7751209
-0.03451469,-0.15941137,-1.6877786,-1.5070022
2.4057484,2.0842848,1.1044269,0.6276696
-1.4318879,-3.4836829,-3.2765927,-1.985153
0.09584569,-0.51531154,0.15964861,1.8295007
-2.010304,-2.179988,-1.8537519,-0.17174508
-1.3329636,-3.0734613,-2.5691447,-1.4434086
1.9404702,1.7700405,0.5057901,0.62288487
2.8764904,2.591292,1.9700037,1.625884
-2.0102625,-2.6594102,-1.6921213,-0.9598946
-2.0929594,0.28138894,-0.36607888,1.008095
2.995918,1.6339697,-1.7881694,-4.111069
1.9041903,0.57256615,2.3743908,2.0625045
-2.3327963,-1.8119309,-1.5399766,-0.6773595
-2.2287621,-3.8270626,-1.3697189,-1.0433807
-0.17702596,-0.40539736,-2.3394291,-0.32334346
0.2663294,-0.015252618,-2.3515558,-1.3263687
2.8414392,1.173623,-0.35714602,-1.1879379
-1.1913743,-1.0570422,0.46700975,1.9221936
0.21498321,-0.8635802,-2.3246896,-2.2682307
-0.9374669,-2.6012027,-1.1696147,0.27497798
1.4076384,0.8160572,0.74192065,1.8064011
-3.2525678,-3.1094368,-0.65207577,-0.23295219
1.5217767,0.33821395,-1.6784698,-0.8794142
1.1163734,-1.7403036,2.0563028,1.9405652
-1.4729394,-0.5811617,-1.7350942,1.8367609
2.1767,1.0394471,-1.3862157,-2.1502616
0.2052168,-0.94250816,-0.67688525,1.0277916
0.84741527,1.0192739,-1.7630199,0.51061183
-1.2298579,-3.2287302,-3.1737316,-3.1099925
-2.662262,-3.2655265,-1.8960488,-1.2185756
1.273837,0.43646234,-0.08437598,-1.6925434
-1.3890014,-2.1087968,0.44365463,1.9703594
0.9749963,0.6511234,-1.7838545,-2.5006754
1.5207167,0.7965197,0.960623,1.7497468
2.2883022,0.616992,-0.015251726,-0.60704654
1.4055194,2.442525,-0.27443534,0.6562234
0.4471745,-0.6251914,-1.7360793,-1.0253781
0.7785846,-0.23666084,1.4337171,2.2438245
-0.88337916,-2.6111743,-3.5680568,-1.488029
1.489322,-1.0720495,-0.7512048,-1.4395024
-0.8758277,-3.0296886,-1.2224791,-0.24651691
0.672604,1.5949149,-2.2548225,-0.8222218
0.55110776,-2.5185792,-0.40400547,-0.65157115
-0.17901088,0.07679949,-1.4706302,0.58766
1.8730602,-2.3163002,-1.0918905,-1.8404098
-0.6149361,-2.1619046,0.5926036,1.7099173
0.69808275,-0.3267772,-1.8556135,0.60744107
-0.8142005,-1.5857631,-2.4970877,-1.6035306
-2.323074,-3.6842704,0.1788306,2.199761
1.4327236,1.3809528,-5.3365097,-2.976667
-1.4608433,-3.0781062,-0.79793465,0.1625956
-0.35496733,-0.4436083,-2.2408829,-1.9366455
3.2023716,2.4074695,1.8901856,1.2742195
2.5912158,1.7461936,-1.5877923,-2.3482208
-0.73401284,-1.7509838,-1.7540687,-1.1870165
2.6043332,1.7854568,-0.5027004,-1.1088164
-0.24237749,-0.5402013,-2.4793687,-1.2729458
1.4356931,-0.23275186,1.6644038,1.6700292
2.383606,-0.5180949,0.097762614,0.47234815
0.45170608,-0.32914793,0.07963236,1.1854886
-2.467438,-3.499937,-1.7566415,-1.7717785
1.52129,0.6048624,0.15642707,0.79751545
2.1481597,0.15747698,1.7215121,1.4691436
2.7155118,2.342586,1.2583934,2.191207
2.649057,2.173014,1.3905588,0.37164852
-1.860293,-2.3091428,-2.1121683,-1.5547595
-0.6551784,0.5557149,-1.6158066,-0.19418323
2.802712,1.640681,1.9435977,0.8710035
-0.8315886,-0.99091554,-2.254198,-0.7033801
2.516059,1.8016001,0.37021372,0.9647433
0.649431,-0.9993676,2.1566875,2.5437038
1.7522665,0.092323184,1.1775979,1.6880556
-0.41967118,-2.5189044,-1.3306375,0.6100652
-1.5313194,-2.9155002,-1.3565743,-1.4004626
-0.6991419,-0.69758916,-2.3873472,-0.37187758
-0.93857497,-1.5692495,-2.4727669,0.5984782
0.2147605,-1.9250561,-4.1167755,-1.5175672
-2.7892454,-3.0740144,-2.7349384,-0.9168714
-0.67891765,-1.157081,-1.5189155,-0.95659286
1.7619632,2.5266476,2.1862454,1.8949751
-1.9836242,-3.1049914,-1.9020803,-2.1002133
-0.89732504,-1.3410298,-0.10155859,1.540204
-1.364259,-2.016172,-2.0746248,-0.16838409
0.9710427,1.3836268,1.7356011,1.8317089
-1.3183556,-1.1738868,-2.1663613,-1.1185955
2.6210406,2.2099872,0.81239825,-0.16351672
-0.08713999,-0.44530913,-2.1481805,-0.69621587
1.6525139,1.7142546,1.3679434,1.3134651
2.2765617,1.7460287,0.69657165,-1.6891778
-0.76764035,-0.3366746,-0.8673925,0.38548318
3.2312255,1.9856967,-0.77449775,-3.3906193
1.0982056,0.77624273,2.1876607,2.0220933
1.685851,1.6524987,1.8116963,1.3596225
-2.713534,-3.5992818,-2.5392764,-1.992837
1.9323822,0.7497436,-1.7040509,-2.2582793
0.8150061,2.0050378,0.34791073,1.2351642
-2.2665653,-2.8534517,-2.4417489,-2.022655
3.703595,2.1281486,2.2445068,1.7899643
2.711474,2.3358808,2.1626358,2.1057932
2.0336473,0.9198694,1.7347175,1.8709682
-2.6343853,-3.3114922,-4.797103,-1.891792
-2.9279656,-2.615879,-2.2863183,-1.8343157
1.0945989,0.10517288,1.1334182,0.7824396
-0.7599338,-1.0757928,-3.888306,-1.708842
-1.3280363,-2.197186,-2.7332537,-2.0154998
1.8435534,0.3486842,-0.07187696,-1.1720015
-2.5118656,-2.9752882,-1.5213768,-1.2552782
-0.9580145,-2.9401505,0.037866607,1.7514993
1.5683188,1.1918083,0.018884033,0.8533367
-1.1615024,-3.1030715,-2.3301857,-2.2241917
1.4836899,1.990728,-0.6785757,0.06761704
0.9018494,0.54505473,-3.5130064,-0.9409857
0.2949914,-1.863037,0.78494084,-2.3120465
1.7583089,1.8245926,-0.8394138,0.43287715
0.3246658,0.029043633,-0.5582597,-1.7992812
-0.5226054,-1.3879778,-1.0438504,-0.066605456
-1.5968994,-2.2877607,-1.5996052,-0.22185709
0.02896353,-1.0685312,-2.088387,-1.6848074
2.3684697,2.565663,1.6689036,1.1131799
2.832716,1.9833795,-0.27759534,-2.4456365
0.63271,1.8073063,-0.16757332,1.4036242
0.46435505,-0.23966143,0.41757858,0.67122674
-1.165359,-3.3107243,-3.3317337,-1.178353
-0.26935536,0.05941616,-0.737212,1.8502927
1.8414438,1.7837446,-2.0241723,-1.83271
2.0800233,2.0541475,-1.4279699,-1.7487123
-1.0870758,-3.2244434,-1.9349885,-1.6272179
3.716559,1.8129522,1.9067881,0.7353356
-2.0959225,-2.3847728,-1.7530277,-1.3424258
0.8706549,1.0399113,0.051425707,-0.9636254
2.7054017,1.6725848,1.4199173,0.83198667
-1.5508959,-3.8348975,-2.166034,-0.99215764
0.9257011,1.5759006,0.33112466,1.601704
2.2923846,0.24952672,1.091494,0.8982005
1.003902,-0.26819786,-0.21973732,1.4363525
-0.9239882,-4.103005,0.60145056,1.8611829
-2.24203,-3.7084603,-1.9014639,-1.5059857
0.85502905,-0.96465415,-1.5206478,-0.70062876
-1.1432387,-0.44926852,-0.074444346,0.8016207
-0.933118,-1.5127567,-1.8730078,-2.416587
0.58469224,-0.28105488,-0.68967736,1.6227834
-1.4124792,-3.1663663,-1.2261882,0.9233844
-0.026387898,-0.7050494,-1.5215545,-0.35303596
-1.2066946,-2.8320096,-2.754438,-1.4013059
2.6611683,2.9581923,1.909434,1.8110024
-2.3298132,-4.3157578,-1.6871588,-1.4052308
1.1163881,-1.0104712,0.072782926,1.0381784
1.8238708,0.18587676,2.1058784,2.5167603
1.1140306,-0.109883524,-0.3513988,1.0044297
0.20266071,-0.066283815,-1.5836347,-1.5160474
2.8002288,0.1925542,1.4437476,1.0238222
-2.5705197,-2.7944803,-2.364061,1.9131358
-1.8972148,-2.6499543,-2.0725148,-1.4203732
2.0039713,0.9603041,-0.7056441,0.608099
-0.20226282,-3.1849086,0.057330202,0.15646483
-0.6247806,0.202671,-2.2972202,0.5878858
1.779748,1.5120022,-3.0701425,-1.5655192
0.15359576,-0.14899886,-0.27616876,0.18656272
0.50045425,-0.06787624,-3.1038032,-1.0611556
2.365847,-2.05027,1.9611672,1.76762
0.22008282,1.5805869,-1.6610527,1.5607884
-2.2150035,-4.471165,-2.4348297,-2.3506072
0.8656008,0.5564128,-2.7676167,-0.03945819
3.5967855,2.3531983,1.7578307,0.20131461
-0.85900766,-3.5554986,-2.1509273,-1.4209994
-1.1203899,-0.74428415,-1.5600129,-0.27488905
3.021975,2.343514,2.1112792,1.9962021
-0.14286083,-2.7076657,-0.7673275,0.1781156
1.4753143,0.53156924,-0.14872862,0.8289822
2.7047477,1.2526042,2.088558,1.5367471
1.333432,-2.9571724,-1.2398827,-0.6291233
-1.1421632,0.03317339,-0.5679268,-0.51153314
3.1020708,2.0676117,1.5502192,1.4926281
-1.6419615,-1.8892784,-1.9861147,-2.446825
-0.5534764,-0.5502396,-0.8026097,-0.10914761
-0.9863914,-2.5473654,-3.169799,-1.731187
-0.046453882,-0.6930185,-1.7090386,-0.41714436
-0.8916778,-0.13730495,0.055230483,1.3827121
-1.9493535,-3.2218437,-1.9510301,-1.8479038
-1.0144752,-1.2937597,-2.5782263,-1.1439774
-0.7051931,-0.12513389,-0.8846247,0.41546422
0.28538534,-0.6304206,-2.1285086,-2.040026
-0.009826983,-1.494112,-2.937374,-2.5978973
-0.36516708,-0.8144007,-4.2113385,-3.0472376
3.123772,2.4968517,1.7039542,0.354589
-2.871952,-3.4100807,-1.7094045,-1.3381602
1.1117994,0.6747996,-0.49939603,-0.5277879
-0.05063413,-0.473728,0.6010342,1.292773
-0.51190835,-1.9735653,-0.9564013,-1.1436132
-2.689202,-3.8083038,-1.3799783,-1.6928524
2.1745307,2.1449134,-0.97818923,0.005522107
0.7102166,-0.30879605,-3.9882424,-2.3087697
-1.2409967,-1.2526739,-1.787305,-0.11308219
2.601544,1.8819709,2.5848942,1.9865009
-1.330609,-2.9461076,-2.4581418,-1.6821011
2.7391481,0.5949539,1.0789428,1.8438491
1.9320747,1.4031003,1.2070724,0.8079334
-0.6361528,-0.38546607,-0.98489726,-0.78134596
3.089642,1.6967328,-2.1211464,-3.2849183
2.8057203,2.0658002,1.7953153,2.0885868
-0.73674554,-2.2898734,-2.306959,-1.3303627
0.5176956,1.0495653,-0.9544163,0.18727614
0.42076886,-0.25244397,-3.4771316,-2.9698071
2.699067,1.6500952,-1.3864124,-2.4681904
-0.7855846,-1.6388495,-1.59818,0.29765868
2.2071726,2.3268573,1.5318608,1.2772194
0.22819075,-2.4548144,-3.900448,-2.1629057
-0.09218484,-0.58790815,1.7698128,2.469195
1.4795891,-2.8254669,0.62882495,-0.24296431
0.86958593,0.94630164,1.8339446,2.5298157
-2.3777227,-0.34991783,-0.8255249,1.5769986
2.9771178,2.5711515,-0.5658202,-3.4611218
1.3746256,1.4809318,0.32726774,1.2813584
-0.041589543,-3.3310072,-4.3156323,-2.3712418
-0.74523234,-2.623567,-1.1211879,0.25820968
-1.7194262,-2.858983,-1.73972,-1.7018893
3.334685,2.314068,-0.26992404,-0.8786361
-1.2955223,-0.89128774,-1.1242064,-0.922828
1.107153,-1.085411,1.9209229,1.3503497
2.2540123,2.0836189,0.3274638,1.409397
-0.06984337,-2.537538,-1.2351365,-0.7359882
2.9759328,1.8732843,1.4468586,1.6857754
0.98232454,0.65537614,0.7278104,1.3550321
0.8846956,-0.44822535,1.8954685,1.8549482
0.4377702,0.3026664,-2.752531,-2.260141
-2.7363327,-3.7972937,-1.3002656,-1.6858269
1.6748223,1.7732055,-2.3168955,-2.137274
-1.802161,-2.230144,-4.5380855,-3.0640078
0.8778196,1.2892127,-1.7303035,-3.0000405
1.7056657,1.356973,-0.53160894,1.0883719
-1.0435282,-3.1611564,-2.2053933,-2.1235821
1.5154305,0.5352942,-0.4880495,-0.12207431
2.78075,2.8229482,1.5333539,1.8367999
2.8453293,2.364326,-0.33859295,-2.7142925
-1.0358863,-1.5618105,0.24575251,1.9517579
2.291081,0.8533612,-1.4632242,-1.7996693
-0.37458003,-1.9459894,-1.0442269,1.1636502
-0.027497742,-3.4895222,-3.020171,-1.2658936
-0.07811636,1.2631061,-1.2214018,-0.6966834
2.9086843,2.0003881,2.2753205,2.050391
-1.2439121,-2.0374513,-1.5184381,-1.509757
3.2188997,2.4158368,2.3407485,1.7880386
-2.2021406,-4.1372595,-2.9701445,-2.2723985
2.5564837,2.5525343,1.7148142,2.1454813
2.2781518,1.2789323,1.3446128,0.93549806
3.0355463,2.4165466,0.30801067,-0.63966835
-1.9812434,-2.1554365,-1.7587404,-1.4348916
1.4439054,1.0715082,0.79935145,1.0366526
2.0788343,1.3257122,-0.50055665,-1.4995277
0.6275554,-1.9372044,-2.359648,-1.6418308
0.6688532,0.5065122,-1.1047596,-0.8798434
1.0146,1.7029992,-0.5439184,1.3728966
-3.8990114,-1.8642317,0.20620203,1.495029
2.9740124,2.2382271,-2.041927,-3.2603583
0.5573654,-1.1620866,-0.4078259,-0.372591
1.5273217,2.1121657,-1.3621845,-0.98964804
0.4035977,-2.3762207,-3.7984042,-2.1551092
-1.8909482,-3.0693889,-2.2559965,-1.6163006
2.1647968,1.1201547,2.055536,1.9378636
-2.541619,-3.3934932,-1.6143143,-1.2546225
1.311843,0.76811475,-1.5372611,-0.6506336
1.952679,1.3085928,0.7623041,1.2126935
0.21230973,-0.7532857,0.23094226,0.90064985
1.9302894,0.73685765,-0.8290591,-0.36044544
-0.0722606,-0.37064388,-2.42098,-0.97284764
-2.8265836,-2.4230738,-2.2435322,-2.0232685
3.7857323,2.0592353,1.3245293,1.2951262
1.1498977,-1.5220634,1.8225603,1.6134518
-2.6040292,-4.4673824,-3.6551929,-1.9440981
1.8876925,1.6897457,-0.44005218,-0.28365868
1.8488863,1.5082679,-0.77118444,-0.8859274
2.3101048,-0.38216507,0.32404077,-0.46627197
-0.12848844,-2.6971996,-0.31216395,1.4087163
-1.6412189,-2.2599545,-1.7262433,-1.2065086
-1.0737431,-1.693677,0.36841646,1.287306
-1.2700534,-3.4943652,-2.1996157,-1.6006397
-2.1824517,-1.9730823,-0.3196792,1.3466935
0.577854,-1.4845414,-4.903292,-1.5442399
2.0576744,1.9912926,2.3859324,1.7825351
1.5967,1.9602802,1.8461508,2.0552614
1.7739435,0.94140655,-0.23122904,-1.5077024
1.936231,2.7377052,1.5222299,1.3617623
-0.3836854,-0.48022094,-0.56757516,-1.1035047
-0.38117725,0.57040584,-0.2594528,2.0432017
0.10421274,0.35045382,-2.7463658,-1.6932375
-0.29274854,-1.7107269,-1.8777395,-1.4013841
2.8353114,2.1822076,1.6506432,1.4597048
-2.1436117,-1.2156651,-0.9430777,0.96813023
3.2579556,2.592161,2.470363,1.6068301
-2.3298547,-1.2445794,-1.3617803,0.11774001
2.2264616,2.5816822,1.4726602,1.4724079
-0.0063489005,-1.510213,-1.1743248,-0.8309517
3.141398,2.7534683,2.269397,1.7322612
-0.10476123,-1.9310571,-4.1449437,-2.963852
-1.2509334,-0.865906,-2.0517595,-0.6759994
1.4130514,1.4900541,-0.45543587,-0.19436511
1.981895,0.31243208,-0.48419133,-1.1677328
2.5098288,1.9926512,1.2819204,1.3058541
1.4838916,1.6403517,0.56873995,0.9538788
1.1993287,-0.9186274,-0.50519145,-1.4107457
-0.23336644,0.50348383,-0.06760451,1.6676075
3.3670943,1.6886392,1.9451709,1.0189799
0.99875,-1.1299306,-0.7281118,1.0147979
2.4338193,1.5052333,1.5538626,1.1078596
-0.36389977,-2.741898,-4.1559896,-2.0163364
0.33155438,-0.30322066,-3.7136817,-1.9917179
0.70668954,0.51442015,-1.1587765,0.2320236
1.3442328,0.7171175,0.60832924,0.81893504
-2.6955144,0.7700757,-1.6970586,1.449856
1.5692798,0.49785024,-3.1083395,-3.4281723
3.570426,1.6156886,1.0481366,0.24147248
-1.278412,-0.703895,0.5475008,1.5358729
0.8727514,1.0139136,-0.8861731,-0.9601612
0.04360842,-1.8765205,1.5459769,1.9322042
1.2155131,-0.19134757,-0.46548557,1.4864116
-2.9880471,-2.0762527,-0.35958305,1.2102126
-2.0058067,-3.2702482,-1.0998709,-0.8179123
3.173761,3.023019,1.3805617,1.0179148
-2.404296,-0.71923137,-0.5861808,0.9601318
2.8276615,1.797394,-2.4411101,-4.313772
-0.23593275,0.14618719,-0.6828077,1.0928545
-0.41318163,-2.0445225,-2.156771,-2.012233
1.7483664,1.474095,1.4125661,2.2104561
-0.9670368,-0.056005374,-1.1054351,0.8021295
0.98487383,-1.9427142,-0.55347556,-1.3903378
-0.11686207,-0.0025805905,0.05558551,1.9576372
2.8975842,2.414605,1.9043205,1.6281201
-1.126788,-2.523031,-2.0517342,-1.6426115
0.042559102,0.59594214,0.23299693,1.4701202
1.7861618,-1.5611516,0.13538274,-0.96168953
-0.60899127,0.9727857,-1.5239102,1.6787153
-0.72260344,-2.606338,1.2573191,1.7959625
0.7644249,0.0035765755,-1.5232719,0.59488785
2.455357,-0.59630364,1.1963339,0.8861055
-0.16225976,-0.5360862,-1.5923761,0.29793918
-1.5962517,-3.195527,-2.097536,-1.5886924
1.0026705,-0.7050645,-1.2016104,0.09792333
-1.9160361,-2.4368443,-3.0228798,-0.7862197
0.49541387,-2.1425135,0.9272103,1.1343291
0.82812613,-0.86988044,-0.33296672,0.98447055
1.1467552,0.72736996,-1.9502181,-0.476635
3.2966392,2.8208892,1.444162,1.4998215
-0.36600626,-2.5455987,-1.3490689,-0.18046667
-0.90632373,-1.7949951,-2.8504374,-0.75000083
-0.7972977,-2.0430012,-1.8057613,0.44611564
2.099367,-0.5322543,0.5106716,-0.66477853
0.84714746,1.5708268,-1.7715409,-0.29562423
-1.0001568,-0.7487544,-1.6937656,-0.6137717
0.4082011,0.89829886,-0.09368037,1.3848453
2.7870657,1.752774,-0.3640142,-2.8917701
1.4948989,0.96197194,0.48240492,-1.3427567
1.6157109,1.5801957,0.90614295,2.0524645
0.6878636,0.14135194,-3.6273336,-2.6710427
0.22838096,-3.3320038,0.30302566,-0.5322369
0.5053275,-0.31199905,-1.8150967,-0.3801942
2.610473,1.414056,1.6152266,1.4772689
0.17767406,1.6673338,-0.786134,0.6019434
-2.0727227,-4.057574,-1.6057984,-2.3027098
1.650072,1.8700755,0.5374636,0.55594516
0.9701377,-1.0258594,-2.0462914,-2.1445694
0.66404915,0.88260925,-0.3583344,1.3481903
-1.138323,-2.4804802,-2.5402164,-2.4804099
2.2210813,2.3867679,1.4918022,1.7123758
-2.4929495,-3.282841,-1.9491124,-2.1760342
0.8823491,-0.43454456,1.5220652,1.7132027
2.8899462,1.4962287,0.75580096,0.21238382
-1.7101315,-3.471779,-3.0802295,0.072760545
1.1121322,1.6651825,-1.3302503,0.4865652
-3.0235574,-4.558833,-1.4716861,-2.0841057
1.9511709,0.62135977,0.6722019,-0.85887283
2.0353954,0.5015907,2.4332802,2.1242983
-3.3443522,-2.823548,-1.4512821,-0.56612474
0.36762846,-0.49858448,-0.6026502,1.2065519
-1.1487658,-2.360623,-1.7103885,-1.2047238
-1.277595,0.5980299,1.3296978,1.7937592
-0.318353,0.79825115,-0.46277153,1.2672361
-0.10963657,-0.9591193,-2.8379018,-3.204532
1.2177024,2.083641,2.090418,2.1409779
1.2407397,1.1157031,0.7344266,-0.38817233
0.86653465,1.508347,-0.9611789,-1.2136145
-1.1437584,-0.5917526,0.20489956,1.3447802
1.4010752,1.3253253,-1.045415,-1.2193533
-0.11273527,-0.39523956,-2.6191518,-1.0590152
-0.43638983,0.27538776,-1.8846776,-1.5670538
1.845912,1.2313,-0.85288715,-2.9444437
2.3987887,2.1972613,1.4292207,1.2083901
1.582491,1.1839635,0.50178176,-1.9728013
-0.17956214,-0.118219614,0.10446019,1.2502769
-2.4328606,-4.153609,-1.4723966,-1.663588
-0.40032336,-0.6490748,-2.1758125,-0.6087771
0.6252015,-0.3556631,-0.0060831364,0.40042523
1.7717726,1.0233777,2.4059017,2.1766722
1.8874336,1.2903339,1.6867822,2.0609887
-1.7383513,-4.157865,-3.3997421,-3.0958996
1.1486071,-1.4211683,-1.8518777,-0.24873568
0.4505559,0.60451084,1.601635,1.9904355
2.5397758,2.154945,0.3500772,0.85346305
-2.1585472,-2.2380738,-0.06848562,1.4183716
-0.7479629,-2.9336016,-3.0227969,-2.3124533
0.687807,1.5984617,-0.8878932,1.5493562
1.106389,-0.68123835,0.9714662,0.27920753
1.8081841,0.51289326,2.0265017,1.8404866
3.1538327,2.5657663,1.0932753,0.92032856
-3.6110237,-2.4173107,-0.4678304,1.6207753
0.056331523,-1.532601,1.0313735,1.706032
-0.7236868,-2.4854484,-2.1646354,-1.9101988
-0.5615754,-0.2500716,-1.7655061,-0.58586437
-0.35395625,-2.9712646,-3.312748,-2.608955
3.3688302,2.6252465,0.7660301,0.3815987
-0.9316534,-2.7990494,-1.8647068,-1.6651204
2.5675607,2.3278244,-0.0024298013,-0.7878651
-1.6710023,-2.5644252,-1.6144162,-1.4689589
3.719587,2.282252,1.6960009,1.3130968
-2.3247597,-0.26718205,-0.6902243,1.1661948
2.92431,1.5207967,0.31996858,-1.0098871
1.0301683,-0.15355676,-1.8576616,-1.1945606
1.8692979,2.0724277,0.17176756,-0.41851962
1.6146225,-0.381629,-2.4978971,-2.313274
3.704894,2.159069,2.020172,1.8333247
-0.2543612,-0.8287031,-0.9258986,-0.8221331
0.84563,-0.082011335,0.7857348,1.4194884
1.8857348,0.72883093,0.82518804,-0.55592555
1.4259273,0.9140073,1.914336,2.3921094
-2.8072536,-1.885536,-3.001163,0.8862501
0.63819265,-0.9095526,-0.9826642,-2.916117
0.6739041,0.10036779,-1.1253409,0.41682976
2.0843127,0.37910762,2.5266306,1.6588783
-2.6506884,-4.0694895,-1.2568063,-1.523037
2.5740159,1.018664,2.022055,1.3788297
1.1354604,-0.75305474,2.2220776,2.1855874
-1.3063571,-1.2410735,-2.4543014,-1.5396147
1.9354849,1.3175404,-0.63880765,-0.6457569
1.6017854,-0.9383838,1.8468449,1.480628
-2.339418,-2.9447823,-1.8945788,0.6338977
2.048227,1.0289133,1.1990719,0.7385543
2.5833871,2.1646683,-1.7142773,-2.901629
0.3777821,-1.147629,1.9454504,2.6734147
2.9763606,2.3835218,1.7867541,1.9914459
1.3295696,1.7266773,0.60077053,0.5042267
2.0641303,1.6053876,0.9022093,0.8346237
2.9725704,2.169168,1.6888736,1.341632
-0.20896459,-1.8064413,-1.0335265,-0.15970331
-0.003411329,-2.1219244,-1.2740537,-0.23126806
-1.2878051,-3.1543274,-2.3875391,-0.039582893
2.792452,2.2854679,-0.4579365,0.4965564
-5.851117,-2.9347222,0.8718441,2.1459036
0.88845897,-1.0164955,-1.7163315,-1.2601806
0.8108596,1.9602481,2.3534107,1.7441313
3.3093693,0.39349225,2.0525787,0.7616253
2.323421,1.4260917,1.726488,2.0682485
-0.55994546,-4.219917,-0.7130494,1.2438238
-4.4889345,-2.6317182,-3.483496,0.7828087
1.5393958,0.056595128,-2.2445395,-1.5105009
2.9878802,2.0794506,0.8708545,1.0387199
1.342971,-1.1512828,2.162742,1.940561
2.450416,0.4620312,1.8918661,1.5701362
-0.12886755,-1.3797834,-2.9573243,-1.5518984
-0.02658702,-1.3145893,-0.4609092,0.76650155
3.1299243,1.2667439,1.6317562,1.2650093
-0.46172887,-1.9439601,-2.2459548,-1.8065351
3.0471902,2.1453168,2.7422829,2.2451515
-0.93293196,-4.294565,-2.6494505,-0.121260636
-2.6027226,-2.4654398,-1.4942759,0.7155409
1.825524,0.5574968,-0.18264453,-0.85731655
2.3664994,2.41778,-0.17933683,0.6164777
1.0986437,0.040160935,0.06420466,-0.5753441
-4.072409,-2.7817395,-0.18174215,1.2399356
0.6537991,-1.7192042,-3.31466,-2.6639066
-0.98503506,-1.5641901,-1.747478,-0.08817586
1.8078451,2.4981477,0.16877924,0.68448716
2.2198,0.10408707,0.6370415,-0.60836154
-2.4278164,-2.9863179,-2.5788665,-0.6269546
2.345274,0.7105192,1.8267572,2.0182137
-1.5235856,-2.0800219,-1.9982514,-2.1951368
-0.7661823,-2.5552545,-2.427676,-0.8762386
0.7629603,0.5440354,0.4572154,1.4560088
-0.08443036,0.41786125,-1.7626028,-0.19714774
0.5280133,0.51925963,-1.3377503,-0.784731
0.5499759,0.9507665,2.1892698,2.0279539
-3.13986,-1.4670398,-0.0676867,1.8132997
0.24280787,-0.33842987,-1.144771,-0.52223945
0.072908685,-1.5252411,0.11138095,-0.6730848
1.731147,2.4314647,1.9780596,1.9555913
0.1240065,0.0010274664,-2.1721177,-2.0919971
1.3232914,0.49383122,0.55326843,-0.3054491
-1.9976175,-3.387182,-2.966571,-1.5174603
-2.7884588,-2.969766,-0.9215467,-1.4613035
-1.3756084,-1.8621826,-2.8454006,-2.068585
0.8191913,1.6835508,0.10261203,1.2434728
1.5144652,1.7716725,-1.1262989,-1.1908253
1.0552387,0.43244758,-2.0233376,-1.2620906
0.28994367,-1.6119976,0.5221907,-0.8078875
1.6758342,1.5277964,0.6819595,0.9806781
-2.5196176,-1.5613519,0.21169351,1.8566716
1.5309552,-0.9036334,2.6691577,0.9907977
1.4048597,1.1983341,0.07303992,1.1957221
-0.39979568,-0.92693263,-1.2805718,-0.9207099
3.2445755,2.733959,-0.9171286,-0.8838403
-1.1920356,-0.28556257,-0.6232329,-0.264607
0.5254839,-1.4599538,1.48579,2.034608
0.25554538,-0.9470154,-0.29028356,1.1746862
-0.88845074,-1.2967769,0.97021425,2.0958178
1.4140282,-0.14917935,-0.02941617,0.10766678
-1.788818,-3.0634847,-2.8653662,-1.3942753
1.8288519,2.0539014,-0.10318876,0.99941176
0.094870776,-2.0915077,-1.9256303,-3.0063162
-2.963073,-4.171481,-1.4252199,-1.5044944
1.8383161,0.75322676,1.5509138,0.9353651
-2.1624079,-0.79129845,-0.44996607,1.8307055
-2.2034593,-2.4337015,-1.6406592,-1.6414115
-0.15375122,-1.4644716,1.3878525,2.2251868
0.04763252,-1.2202041,-4.646223,-2.393025
-2.5682335,-3.4391274,-1.042719,-0.13524215
-1.6089716,-1.079821,-1.4959599,1.2052394
2.1276832,-0.47404987,1.8949157,0.97557557
-0.49018025,-0.9102496,-0.61984634,1.052489
0.26837775,-2.5543892,-5.205573,-1.5456066
1.67046,2.4108253,0.8240483,1.8564947
0.7120223,0.15976405,-0.460686,-0.6715898
2.2963514,0.27094463,0.689179,0.018840533
2.4691772,2.0429285,1.491196,1.8580127
1.0653473,0.093127176,0.40589267,0.6320562
2.6319036,1.4728084,-0.40633735,-2.8830028
2.1225553,0.27998644,-0.08374206,-1.6500068
-3.0422518,-3.7764614,-1.4812791,-1.3993278
0.018178722,-0.12500098,0.8615207,1.9668603
2.737085,1.3023174,0.84738463,0.394171
-1.424586,0.032196444,-2.8729343,0.16732895
1.2220343,-0.5917222,-0.023617225,-0.843937
1.5152308,1.4515705,1.3932998,2.0659347
1.361862,0.7767371,0.64033645,0.685762
-0.22523022,-1.2785369,-2.3974726,-1.4220451
2.1868129,1.5006276,1.4121747,1.8772589
2.3172245,1.1683018,1.7445723,1.7897414
1.6023791,0.2866295,2.012749,2.138291
0.39962524,0.37358904,-1.918707,-1.0909846
0.1994627,-2.4978745,-0.77060455,-0.36135256
0.81887215,-0.940399,0.15959688,0.35983068
-1.5128429,-0.009570966,-0.6799226,1.6396234
0.8056437,-1.1454444,-1.595539,-2.7980978
1.4094998,-0.2786502,2.411568,2.2822597
-3.2055783,-1.422203,-2.0896704,-0.41710293
1.0122563,0.8214914,-0.23843433,1.7724155
3.6360078,1.6756353,1.8381169,0.50307536
1.1190003,1.0013976,-1.7019167,-1.9023007
0.6428605,-2.8684628,-3.3365452,-3.9782786
2.9071321,-0.9054393,1.6748699,-1.1041058
-1.1480623,0.66121095,-1.8709677,0.51588917
0.43276176,-2.1782205,-1.1388363,-1.3119732
-0.3101028,-1.837569,-0.62414366,1.4302378
-2.6496217,-3.1949453,-2.1571858,-1.4881418
3.4105928,2.49525,2.1100366,1.6022367
1.8120362,-2.5741158,1.9304036,1.970253
-0.88556266,-1.4451554,-3.3696907,0.4316525
3.0332649,1.1819202,1.9782469,0.87715006
2.3842773,1.2609171,0.23376456,1.4756979
1.2757977,-0.7867316,-0.75374067,-0.9154867
-3.3460152,-3.9486284,-1.0338739,-1.2923113
-0.85359055,-2.5038416,-4.3480725,-1.8582407
0.8609419,-3.2563899,-0.23441407,0.11823717
-1.0449703,-2.7715664,-3.9724576,-1.8538587
3.759966,2.5391667,2.0043905,0.82894534
-1.8844196,-1.0852908,-1.1695777,-0.20821095
-1.978784,-2.4652236,-1.702929,-1.1808022
1.4803818,0.8337299,-0.8332275,-0.9288956
-2.0489712,-2.3652306,-4.1136546,-1.4552591
2.4309294,0.7686143,-0.6483603,-1.8538457
0.0020150046,-3.218233,-0.43405733,-0.06972014
0.056406982,-0.60152745,0.92390734,2.3092606
-0.6182342,-1.5672386,-3.4679024,-0.9629917
0.73736423,1.0242599,-0.08797111,1.0943186
0.45053756,-0.6848384,-2.3780472,-0.5095445
3.3882997,1.1373538,1.7650218,1.7276642
-1.6530263,-2.118035,-2.157276,-1.92027
-0.6916966,-1.7389771,-1.991047,-1.0896263
0.66255885,1.1877884,1.0208031,1.4050204
0.13588884,1.4940835,1.067868,1.9183469
-0.1513919,-0.8973212,-2.3096492,-0.908514
0.74663496,0.7387432,2.1082325,2.2300682
-1.3925235,-1.3820311,1.8781685,1.6199621
-1.0461838,-0.77108586,-0.36170506,-0.5435629
0.7556887,1.3848484,1.1598351,1.5671276
-0.71605915,-1.3646532,0.6464433,0.69279176
-1.189133,-0.038149357,-0.99114364,1.210264
1.8329879,0.9429198,-1.5148494,-2.4731424
-2.4924119,0.33772573,-0.20934011,1.1160287
2.325789,2.058773,2.215583,1.4538643
-2.130382,-2.4988568,1.4506389,1.957116
-1.1992427,-1.4664519,-2.4659953,-0.0022347884
1.6324748,0.79228246,2.0451672,1.2802546
-1.1504666,-1.535464,-0.60896814,0.15263423
3.031705,2.4219105,2.2229207,2.1622033
-1.4833113,-2.1031907,1.1084048,1.5557766
2.8161647,2.222743,1.8406225,1.6758094
2.1129076,0.5461867,2.0363486,0.38135344
1.3528013,1.5965248,-2.267635,-0.77124286
0.8053015,-0.5320907,-3.406931,-3.4796827
1.7962542,1.3264111,-1.0964277,-2.8476093
0.4189888,1.3380685,-0.7319297,-0.26125243
1.2172371,-0.7886049,2.3161356,0.8867655
-3.5429866,-3.1412613,-0.6969442,1.6807781
2.8925233,1.8230722,0.7699391,0.5005863
-0.06627908,0.12631036,-0.9209956,-0.5089005
-1.7391331,-4.2470856,-1.9678385,-1.3026412
-2.5344577,-4.7699347,-4.032034,-2.325304
1.6754951,1.8344077,-0.14154649,1.0852542
3.31637,1.3122188,1.4158465,0.7892013
-1.646737,-3.6333747,-2.3463175,-1.2802061
-0.6983226,-0.63917285,-2.4630933,-0.84439063
0.7758367,-0.30452162,-0.97248644,-0.7995125
-3.4935849,-3.5093808,-0.95384806,-1.1752843
-2.0275326,-3.6075077,-1.423118,-0.81535417
2.2804275,2.191331,-0.57809603,-1.2040544
-0.8510659,-0.049024895,-1.2681913,-0.3482067
2.4395645,0.74890053,0.17485811,-1.183774
-1.4544625,0.58339596,-0.45195752,2.2523398
0.18832026,-2.1602752,-0.8568751,-1.2934803
-1.9039047,-3.9136992,-1.6325805,-0.82432956
0.26906157,-0.4543387,-2.1293616,0.80772084
-1.9683324,-3.2512283,-1.3077401,-1.777102
2.9308894,2.4902534,0.21961054,0.18606764
0.94463754,-1.6616956,2.6889606,1.9889863
1.8275304,1.9531659,0.37816453,1.8795416
2.1470785,0.7091148,-0.5584879,-2.4523542
-1.7039245,-1.8409998,-1.5385178,0.0066883545
3.112281,2.0654273,1.7592454,1.3920122
-2.1594312,-2.1846197,-1.8708395,-0.28654283
-0.5342014,-1.3276664,-1.7570329,-1.2454985
-1.714801,-3.555261,-1.9960843,-0.95456964
0.20700838,0.8677487,-2.3407702,0.62950826
4.096747,1.4865413,-0.25755998,-1.8354248
0.8701204,-0.86864597,0.2400391,0.94371486
-1.2048386,-2.304214,-2.4511964,-1.2024859
-1.8063774,-3.1350203,-2.3594148,-1.2078892
-3.9235768,-3.5219727,-2.1690006,-0.75539434
-1.660179,-2.1599379,-1.9514729,-1.3350513
2.4888377,1.6791472,1.032479,0.9935271
0.6315771,-2.2987707,1.1762044,1.9057353
0.5528867,0.30040523,-2.4195583,-1.1519383
-0.5586755,-1.30051,-3.617204,-2.1090946
-0.5410842,-2.246361,-2.855517,-1.1939628
1.306647,0.6044604,-1.2447792,-1.4788626
-0.042284377,-1.5152563,-0.66950244,-0.2957274
0.084119245,-1.7099258,-1.8072932,-1.2066213
-1.610988,0.27050823,0.27797046,1.8941535
0.24044566,-1.1646725,1.3622241,2.0456536
1.3463991,1.8648401,-2.9411542,-2.1962051
2.8817377,2.6043983,-0.117717415,-0.11097922
0.5968167,-0.38023072,-3.1232092,-2.5366418
0.18713391,-2.5071006,-0.7841073,-0.876941
-0.46135134,-0.9851274,-2.1553974,0.06695334
1.3141528,1.3450211,-1.5872288,1.0171574
2.5297196,0.05954953,1.9586285,0.4300185
1.9092988,1.0836741,-1.0603648,-0.092884354
-2.3868082,-4.3260975,-0.5389311,1.4653807
-0.9937401,-3.1987813,1.4891864,2.7604673
-1.6736194,-0.21374547,-2.8988137,-0.4395332
-0.41459778,-2.610254,-2.6835086,-1.0166409
-0.73471713,-1.5079806,-1.3075238,0.69897807
-0.8986987,-3.221753,1.3477535,2.5312853
0.88113445,0.34168252,-2.706891,-0.22263928
-1.1803178,-3.368224,0.22058885,1.3542324
0.6181149,-0.32135734,-4.4105744,-2.3161125
0.89924616,-1.1474788,-0.26026526,-1.8058369
-0.1731981,-1.044706,0.7284996,2.2184873
0.3881317,-0.081397496,-2.209177,-1.0549674
2.4283671,1.280086,2.8203459,2.0246387
-1.4289742,-0.56740785,-3.6796265,-1.9619504
1.1760031,0.7494019,-2.518625,-1.1534897
2.2049758,-1.90651,2.5583363,1.8606306
-0.47548977,-0.4585653,-0.7929369,1.3706195
1.5242568,-0.75056976,-0.9576568,-3.2093744
1.8409297,2.1776206,-0.44898507,0.54875004
-2.4933918,-2.6583781,-2.1174557,-1.05709
-0.24014655,0.6857633,-1.611852,-0.957408
-1.0178804,-2.086625,-2.1133573,-0.8734916
-2.726779,-1.9980301,-1.3615328,0.82969105
2.1828933,2.4908369,1.1333452,1.1075646
-1.7129911,-1.0086328,-0.6517629,-1.58762
-0.6542373,-1.228387,-0.5515642,0.4297604
1.1342756,0.86010134,-0.9020979,-0.41136843
2.6467137,2.0211637,2.076476,1.2005545
-4.757108,-1.2260556,0.26003546,1.8470777
-0.51348245,-1.6480699,-2.9962144,-2.1783528
0.75804514,0.6712886,-2.2630324,-0.73211557
3.5092258,1.8986775,2.4573061,1.231694
0.62911844,-0.99780977,0.58155143,0.2904611
1.1467038,0.8977512,-1.048831,0.025547598
-0.046016864,0.23668599,-0.85630125,-1.4094436
0.05413516,-0.7529395,0.22936946,1.8118831
-0.18762788,-0.57654697,-0.05108378,1.1529214
2.0468056,2.0314605,0.5971598,0.84086925
2.3648467,1.4346024,-0.1394132,-0.23914531
2.5582726,1.227724,0.9555008,-0.6130002
-1.5420201,-0.029783342,-1.0034266,-0.0069001946
2.3845713,1.4789995,-1.6713275,-3.9046066
0.405132,-0.25192156,-0.38477486,-0.37907124
-1.2085748,-0.291043,-0.43041673,1.2264622
2.2084146,1.433986,-0.38164324,-1.3146082
-2.368352,-3.6882327,-0.18597975,1.697974
0.6462744,0.3262446,-1.1712078,-1.1172484
0.38470262,-0.6256552,1.4117554,2.2005236
-1.7776,-2.2470708,-2.189295,-2.1543567
0.13083036,-0.85065114,2.3988645,2.2174034
1.9897115,0.093172885,-0.083818614,0.83547467
2.8846445,1.7559999,2.2510827,1.9472305
-0.07078081,-0.3184272,0.12502348,0.9321986
1.6279893,0.8501179,-0.17384869,0.14472197
2.3754184,1.2017046,0.27248523,0.96991044
1.8767675,-1.5878313,2.3802314,1.1898702
-0.32091773,-1.1848251,-2.2607982,-1.3961735
0.4075828,-1.3531607,0.18854111,-0.79534876
-0.61329466,-3.2639434,0.5353013,2.099057
1.0531946,-0.4140136,1.2325076,1.8006432
2.0257113,2.2608874,-0.18914622,0.4481681
0.32338566,-2.6294038,0.34733,0.25928935
-0.7101287,-1.4583627,0.07544502,2.0356834
0.42250696,-1.7828833,-3.396974,-1.8212545
1.1537108,-1.3515052,1.2956468,1.1477925
-3.37573,-3.907491,-1.2137288,-1.1313813
-0.644353,-0.26643342,-0.81973517,0.5712489
1.1476115,1.0313776,-3.2848632,-3.1499553
2.773832,1.7318124,1.6051077,1.0584359
-0.26267666,-0.646179,-1.1507254,0.19091244
3.0438948,1.6461134,2.293932,1.7506673
-4.437367,-1.5341529,0.18714103,1.7473041
-0.7107025,-4.359013,-2.043725,-0.9617136
-1.5984509,-3.65033,-2.3363004,-1.7223194
-1.313349,-0.6244904,-0.044024087,1.7538719
1.1799505,0.38323832,-2.921271,-1.8531194
3.0371544,1.204126,1.9405271,1.9714192
1.398373,0.9754984,-2.3407836,0.4904919
0.948434,0.27490047,-1.560529,-2.1311014
0.41949552,-2.032118,-0.21284805,0.93781024
-0.09221943,-0.372746,-2.3278046,-0.8127161
1.141666,-0.7556779,-0.834394,0.20178692
-1.2401526,-2.1935823,-2.7853549,-1.9100437
1.090094,-0.989953,1.9830596,1.8560824
-2.4301786,-0.48637056,-1.362544,2.0017793
1.8230989,-0.13845697,-0.6989538,-3.0340815
0.24939618,0.34336966,-1.9578222,0.2581488
3.1519897,2.0824153,2.7368615,1.7253072
1.39773,0.46945372,-1.4842682,-2.1643398
2.287321,1.985093,1.152762,1.9361827
3.3648152,1.8671832,-0.52504426,-1.6983064
1.4528481,0.7603246,1.3400705,1.4094927
-1.6534091,-2.3375201,-1.8049511,0.061338358
-3.4629555,-2.1008487,-1.3123933,-0.87191206
2.1062717,1.8921121,1.0868173,1.4511905
1.8040315,1.1138388,1.3010849,1.326702
-2.0052862,-5.085695,-2.8162556,0.16911457
-2.0753071,-3.344851,-3.0697918,-1.6885773
2.0502284,2.4525743,0.21069643,0.10242053
2.467983,0.6858896,1.5854493,0.6206091
1.6630547,1.6690978,-1.1618998,-1.7739763
-1.3859981,-2.2758272,-2.7773418,-2.105917
-3.7840161,-1.0084735,-0.39712328,1.2600132
-0.22953676,-3.2321708,1.6185416,2.4730673
-0.35687625,-0.44167656,-3.314513,0.09312452
2.0077085,1.5635207,1.9634084,1.6356483
-0.48629606,-1.9980252,-3.3482907,-1.7062775
-1.0543884,-2.2084785,-2.3897448,-1.6507071
1.313665,-0.46438527,0.92684937,0.8266249
-2.0636203,-2.2456377,-2.1118007,1.0947574
-0.71711314,-1.7771705,-0.7931774,0.6214688
2.2279341,-0.11093894,1.4563622,1.0425484
-1.4086102,-1.663086,-2.5239983,0.5243309
-0.6529543,1.2891175,-1.1862437,0.05612028
-0.17157133,-0.842947,-1.1208662,-1.8993604
2.148504,1.6809565,0.59286106,1.7425674
0.75576365,-0.4768358,-2.3274472,-4.218215
-0.097996056,-1.0597389,-2.7227252,-1.4609513
1.5401561,0.0014271049,-1.6680804,-1.9570006
-3.2633932,-2.6796236,-2.622054,-2.3096569
0.1068532,1.6347482,2.348564,1.9953345
1.7205977,1.3716348,-1.5268092,-1.3155683
-1.6474092,-0.1263962,0.6030563,1.2076017
-0.19372022,-0.21330272,1.3349737,1.9873141
0.15794107,-0.48137861,-0.7886833,-1.2081573
0.74047476,1.6071619,1.5010672,1.5356642
0.86416245,0.9881657,-0.26907277,1.3977714
-0.28949472,-1.801044,-1.3283224,-2.3056211
0.2097725,1.8192544,-0.5006693,1.9801782
0.72977877,-1.2162203,-1.7787008,-4.1863875
-2.520827,-3.2251084,-2.1638548,-1.2367295
-1.853643,-2.8001542,-2.0773067,-0.2581328
2.4549503,2.4830425,1.6374475,1.1447117
3.6982899,2.4197333,2.0465305,1.2852358
-2.867823,-2.8579602,-2.0588846,0.71052456
0.39797094,-1.1945297,-1.5754086,-0.70102525
1.7380707,2.641317,0.62115616,1.2572284
0.52409893,-1.080846,-2.1717439,-1.656424
3.645836,2.6516325,2.2468662,1.5824221
1.2618309,0.58333045,1.7096585,1.6291239
0.24599749,-1.2284169,0.0440502,1.0297714
-2.1446335,-2.8434186,-3.0565674,-2.1982818
3.2967465,2.094913,1.441063,0.8994504
3.0443957,2.4341815,2.0940902,1.7353842
0.105383106,0.12162828,-0.6665024,-1.0629327
0.23152551,-0.36727592,-0.20825313,-0.988465
-1.6915711,-1.8652002,-1.9095572,-0.042642068
2.1657054,1.8320037,-0.11258744,0.6840182
1.99362,1.2744751,1.9104447,1.524621
2.65783,2.258234,1.472395,1.2079026
-1.6775368,-2.2163987,-1.2560323,-0.99611706
3.4372125,2.1084998,1.842525,1.5901376
-0.509597,-3.504795,-2.8869863,-1.938881
0.3410656,-0.45692527,-1.269951,0.4585678
-0.02435738,-0.874071,-0.75061196,0.9341197
-0.033745714,-0.80244356,-2.3414092,-1.5743955
-2.6848097,-3.5727565,-1.691531,-1.7602468
-0.9506632,-0.7764046,-3.1645107,-0.29505128
0.12197677,1.1361512,0.14738864,1.3151451
3.519147,2.1604013,1.5274298,1.3715907
0.58110124,-1.6090993,-1.7361627,-2.1651967
1.016312,0.5160564,0.99297404,1.2550735
2.9849122,2.142838,1.3275009,1.3473111
-1.1411065,-1.8577715,-0.2637129,1.1500998
1.0799068,0.068854794,-1.4869202,-0.8693474
0.69766825,-0.27972236,2.169319,1.9223721
-1.0030956,-2.544167,-2.2360606,-0.68529826
3.0784004,2.5884562,0.994473,1.5812141
0.11063311,0.13218711,2.2782977,2.432312
-0.2266356,-1.2385224,-4.140303,-2.3895643
0.59300506,-0.655846,0.65568864,0.6270328
2.8017726,1.5952929,2.3529384,2.0982718
1.0055767,-1.289666,-1.4073575,-2.748334
0.16845314,0.1648062,-0.20431192,0.75823426
0.23339778,-0.33611637,-1.0169328,0.911978
2.9335697,0.5823375,1.1696411,-0.08350134
-3.7029314,-2.0354578,0.28826213,1.4581059
1.4238894,0.93948895,-2.9408364,-1.5322402
1.1750982,-1.3967255,2.1296358,1.249928
2.8448677,2.1160014,1.8996629,2.2200139
-2.7522426,-3.5984428,1.1820376,2.325126
0.15905222,-2.7372434,-3.9463887,-1.6246859
1.222726,0.18052405,-2.8503215,-1.5840749
0.7354852,-0.8842952,1.3965756,1.9787767
1.3544472,-1.5315365,-2.7282999,-1.0794754
-1.5384377,-4.252033,-3.5001054,-1.6995878
0.4477965,-0.056070883,-0.9844085,0.1305969
1.9028803,0.49677387,0.6089654,-1.5179453
-1.0015905,-0.9588839,-2.5299897,-1.0700319
-0.79280907,-1.8363752,-0.22963202,1.1448302
0.8315573,0.0545319,0.41136453,1.6929166
0.37511596,-0.38815093,-0.47646892,0.8411066
1.4610776,-2.1252866,1.8089182,1.8012439
2.5587773,1.5898917,-2.3348103,-0.9616618
-0.5058564,0.319676,-0.3386138,-0.5106167
0.71690446,-0.5707049,0.6603032,0.91536903
-1.6217338,-0.3043107,-1.5710257,0.38596085
-1.4183109,-2.7742808,-1.9565439,-1.9194143
-1.6717433,-1.8756348,-3.5216978,-1.9044378
3.436322,1.8932343,2.2267418,0.7912202
0.7815415,1.03424,-0.2126305,1.084871
2.0318804,1.0743628,0.31925058,-0.9601034
2.3396075,2.5650895,1.5689853,0.39124358
-2.15511,-0.43610588,-1.0155461,1.476761
3.5007668,2.3953986,1.8579084,1.319443
0.0063176095,-0.13729812,-0.29489768,-1.1233344
1.4022139,0.9085707,-0.7728421,-1.4239858
-1.4742075,-0.27494836,-1.3679261,0.37774327
2.6493924,1.3266157,2.4043229,2.0439272
-0.85005033,-0.962914,-1.3769335,-1.032413
1.6344697,0.82986313,1.1525393,1.5200161
1.4533705,1.839586,-0.3007644,0.94200295
1.4863974,-1.6446561,1.6381241,0.6634666
-0.45940727,0.40680945,-3.7773988,-1.0576546
0.26318172,-0.94632924,1.6665264,1.8127345
0.39396653,-0.85609573,-0.86168903,-1.0048568
1.3772745,-0.033273578,0.57997406,0.6797182
-2.1531873,-3.053448,-2.0541015,-0.34722292
1.696831,-1.673516,1.617051,1.709039
-1.9878298,-2.348992,-1.733743,-1.416368
-0.8149606,-0.88519514,-1.224943,-1.7089022
-0.92147535,-1.1542381,-2.417047,0.8279966
1.7581449,1.7661949,1.5353419,1.4654225
0.4448736,-0.05782142,-2.9069405,-2.7955756
1.6091094,0.62031114,1.0239275,1.2638546
-0.12395395,-2.0767946,-1.5720944,-2.8439126
-2.7731514,-2.9671645,-1.2998314,-0.747565
0.2696647,-0.1535207,-1.5788009,-0.8254968
0.32241574,-0.17961667,-0.3239721,0.17825896
2.2755616,1.651885,2.225993,0.89840144
0.36296535,0.13261032,-0.11358619,-0.32724074
0.6037435,0.66596234,1.3938317,1.6056001
2.8985384,2.2541337,2.0003214,1.685963
3.0318987,2.480953,2.1975212,0.8955283
1.0458502,-0.18811418,-0.81460685,-1.7315047
1.9438528,1.0725704,2.2939444,1.77541
-0.85961264,0.66134435,-1.6867952,-0.10002042
0.059725765,-0.4885985,-1.7306354,-0.32549676
2.8111842,2.5280862,0.09842887,-1.4262229
2.9227433,1.9660188,1.8063558,1.3974798
-1.1865522,-2.4960444,-1.2657703,0.026294162
-1.7963281,-1.6526476,-1.9314028,-0.5131367
1.481388,2.6139243,1.1369385,0.8241084
-0.18346572,-1.5766044,-0.1507107,0.08874042
3.2808487,2.5654213,2.1502507,1.7974863
0.27059793,-1.3380518,0.043059375,-1.5242832
0.7111488,1.0707382,-1.7156681,-0.50669456
3.0257318,-0.10849209,1.8279637,0.71732026
-0.9473091,-0.7306432,-1.5585893,-0.38349986
-1.6943341,-0.37484503,0.43671384,2.0842295
1.213077,-0.96016693,-1.7598847,-2.9926488
2.6323485,2.4941585,2.4506986,2.1118064
-1.024785,-1.354507,-1.4898512,1.6995553
-0.606649,-1.9388418,-3.139451,-1.8891324
0.91684747,0.34350917,1.3193821,1.2439406
1.6591252,0.4485302,0.5290205,2.0057967
-0.3417519,-1.3571718,0.100090116,0.2603309
-0.029826943,-1.0627241,-0.0855147,-0.3396732
0.056368727,-2.171939,1.3328569,2.145861
1.1955401,0.94190377,1.4475591,1.8852187
0.09883278,0.6104008,-0.14974177,0.69490224
1.4728241,0.5643674,0.59983605,1.0246897
1.0150261,-1.3673557,-2.7411575,-2.2778225
1.0422398,-1.6754419,1.6673067,1.8480438
-1.8907467,-2.041934,-0.50350016,2.4775257
0.6280542,0.76512307,-1.0838919,0.49002665
2.021507,-0.16988751,2.388319,1.7916244
-1.0061305,-2.4157233,0.7439878,2.2597206
1.5425457,1.7133125,1.6157331,1.4436117
-1.2321416,-0.33867493,-1.8077735,-0.5200513
1.4689637,0.09295327,-0.3208709,-1.5289754
-1.9173397,0.048146166,-1.4875025,1.4439225
3.4004214,1.5210483,2.0854182,1.0432212
-0.20596884,0.0482687,-0.33779445,0.99128824
1.6938479,0.9040135,-2.4347641,-1.7788444
2.0748105,1.190755,-0.20281506,-0.34453353
2.451136,2.7400587,1.7787194,1.1027857
2.240147,-1.0488608,0.95519704,-0.48665127
0.4520577,1.1735022,-1.23017,0.22575071
-1.5080951,-2.6936731,-2.158415,-1.9666678
-0.35977113,-1.3364052,-1.5391312,-0.40307358
-0.55922705,-3.4680324,-0.27795288,0.990414
-0.6557171,0.9282138,-2.185803,-0.68946695
0.37537062,-0.61612743,-1.2927443,-0.1343945
1.9804031,0.48640066,0.6102128,-0.09128268
-1.760505,-3.1917098,-2.7311392,-1.4438119
-2.8061767,-2.1555102,-2.4236472,-1.1322141
-0.96679497,-0.07972637,-0.7021507,0.73490185
3.5825987,2.1151693,1.2859963,0.5473555
0.09883907,1.7985901,-0.66005665,1.0338639
-0.64574474,-0.48262113,-0.9318696,0.75833327
0.3049213,0.81538564,-2.6060698,-2.8960974
2.9859533,2.0252354,2.4326773,1.7151064
-0.6475109,-1.7435175,-2.468987,-1.4783672
-1.5489576,-0.8739963,-0.939971,1.2087373
2.885456,1.3664193,-0.6735346,-2.1924455
3.173654,0.7732153,0.33554646,0.12747891
-1.5240841,-0.774766,-1.4523412,1.0761538
1.9968139,-0.24461143,0.4480564,-0.8637156
2.3598776,1.2952473,-0.8806633,-0.8107768
-2.4666789,-1.7933538,-0.5217762,1.013869
2.3492062,1.6480852,-0.24926709,0.15825336
2.757675,1.0738627,0.40526646,-2.894363
2.5853884,2.0480733,2.324097,2.2606437
1.506428,0.57294786,0.5045394,1.3989393
3.400214,1.7447737,1.117492,1.3654467
-0.6821306,-1.479792,-2.3657966,-2.6872635
-0.66421014,-0.7631395,-1.8162799,-0.4634767
0.12584393,-0.36604002,-1.808849,-0.53678995
0.9021617,-2.878542,-0.3784828,-1.3293768
-1.7179583,-2.2548482,-1.9531397,1.351218
0.31171554,0.19046836,-3.1228013,-2.583631
-0.3262618,-2.506503,-3.2870955,-1.797251
0.6802896,-2.6111748,1.6109483,2.1872323
0.6952992,-2.7055693,-0.19666566,1.2317926
-0.435133,0.42378938,-0.96019334,1.5915314
1.6832991,-2.2576754,0.37764764,-0.06691742
2.8717422,2.7304711,2.2364707,2.472934
1.8755921,1.2166039,-1.1516253,-0.018753665
-1.4249146,-1.3238997,-0.58938354,-1.6623752
-2.3729668,-1.5729351,-0.30704418,0.4311657
0.20480913,-1.7104894,-2.9928854,-1.6083833
0.31669885,2.0318437,-0.71276176,-1.1220219
-1.4442449,-2.5770614,-2.0774093,-1.6751405
0.87697333,1.1297301,-2.3173323,-0.9808171
1.5103565,1.7397373,0.64075404,1.7404027
2.598153,0.95240134,-0.16369073,-2.74558
1.401603,1.7863616,1.8829582,2.0833347
0.61839837,-0.3949396,-1.3122368,-1.7559912
1.4725857,0.9341871,2.4411855,1.3256115
-2.5793567,-1.3211102,0.8072747,2.2027063
-2.1428006,-4.199501,-4.0131006,-3.6224413
0.86775243,0.7876824,-4.533868,-1.7618132
0.37275165,-1.6659429,0.12745154,-0.43838578
1.979211,2.388532,1.8461074,2.2294807
-0.074785784,-2.4337246,2.4323518,1.2333864
1.1466997,2.032585,1.4415445,1.9277493
1.8090503,1.03279,0.30822676,-1.6242186
0.29762402,-0.5572041,-1.2675312,-1.450719
-1.8848516,0.26139525,-1.5479257,-0.46336627
1.5263702,0.3288606,-1.0667373,-2.4984386
2.6260962,2.2863874,-1.0545171,-2.327547
1.0131601,-0.6095452,0.09285729,-1.9092263
0.9569265,1.169127,-1.4081699,-0.40395457
-1.2181095,-2.0793912,-5.0554514,-2.9816282
2.1294405,0.83791196,2.1758971,1.6047971
-1.9561815,-2.3104138,-2.520455,-2.474646
1.990474,-1.3716891,1.1472911,-1.2170687
-3.0345404,-3.644183,-2.2823384,-0.122292235
0.7897595,-1.1925225,1.8791884,2.1808872
1.3731489,1.3115076,0.45927256,1.1608135
-1.6620277,-2.7712336,1.2706647,1.4888211
-0.09303373,-0.83618265,-1.8359296,0.7269705
0.8283687,0.3408314,1.8447436,1.5589828
-2.5809543,-3.310473,-1.6051565,-1.2713636
2.1205955,1.4168515,2.3607862,0.20366286
-0.6447994,-1.3433609,-2.6069086,0.47245628
-2.152442,-2.9319775,0.21435227,1.4518695
2.683417,2.0942254,-1.464616,-2.735867
1.8814328,1.5139288,-1.5123569,-0.89061946
0.3491075,-0.60655874,-0.9405193,0.7603832
1.9348031,-2.563125,1.8636385,2.0235171
2.8553226,2.6433792,1.9953038,2.394263
1.2526436,-0.32143298,1.2940273,0.5081696
2.8880322,2.2978578,1.1654054,1.2532516
-1.4123927,-2.2434838,-0.6499665,0.7462855
-1.3252453,-0.3549677,-0.936573,0.058613937
3.0435195,1.8173674,-0.7821603,-2.0434663
-1.251693,-2.884504,-0.12116591,2.1056967
0.9349272,1.1652291,-1.4430687,-2.3303847
-0.25760534,-3.1642952,-1.4778354,-0.95793766
-2.8242288,-4.744739,-1.7014753,1.1508931
-1.9699699,-4.0846834,-1.1441369,1.8001754
0.9914129,-0.1789034,-0.87451035,0.12424739
2.1869953,2.0361671,2.5394833,2.1723483
-2.5224044,-0.34181547,-0.4343012,1.6158025
1.7864453,0.36990935,-2.5261967,-1.9244899
2.3566508,1.1166838,1.027194,1.6316329
0.26769915,0.428979,-2.346461,-1.0889456
2.0791562,1.0383449,-0.10996414,-0.87523186
-1.060213,-1.9829682,-1.6135788,0.60565835
0.050624587,0.99731916,-1.1783947,1.169101
3.8173938,1.3762438,1.8997897,-0.8368797
0.42143956,-0.71705407,-0.9500825,0.48607302
-1.4361601,-4.213848,-2.158767,-1.0740649
2.5624924,1.6391641,-0.048632372,0.26296374
0.1561081,0.29900792,-0.9614415,0.14712739
1.2414796,1.682358,-2.5438542,-0.17068365
-1.0286611,-1.41576,0.34290153,1.0859404
-2.4632833,-2.976388,-1.8055202,0.41532087
-2.073324,-3.487085,-2.4145732,-2.6050289
2.3236966,1.9754561,-0.89064145,0.026182301
0.74565613,0.26029906,1.5124978,1.459689
1.9683578,1.3642622,1.6157515,1.6853334
2.4979618,0.64921284,2.1074128,1.7224789
-1.0875632,-0.6356506,-0.35027906,0.35146725
-0.3676173,-2.500599,-2.0975676,-2.2344148
-0.20327021,-1.3161765,-2.8829546,-1.5997653
2.2539961,0.9525144,-0.43927476,-1.923274
0.23727804,-1.6862738,-0.8843771,0.15539345
1.4744989,-0.77780855,-0.648294,0.264333
2.0558667,-0.21747017,1.3273954,0.7697165
-0.018439792,1.536351,-0.48047042,1.9133177
3.3542001,1.7026533,-1.7473536,-3.3629048
-0.7640061,-0.46033916,0.22135606,2.1772995
-2.1442065,-4.009266,-1.7514462,-0.323301
1.0866671,1.07896,-2.571179,-0.65334225
1.4831816,1.9009136,-0.85150063,-1.1751498
1.3436354,-0.52566516,1.8229842,1.4554048
1.5470579,-0.7762126,0.19560874,0.122272015
-2.0070283,-1.3788478,-0.9009792,1.6639435
-1.9549412,-4.495721,-1.6515101,-1.4620198
-0.11139958,0.804192,-1.0643632,0.8567464
1.3882393,0.0939175,-2.3630517,-2.7282927
0.37550688,-3.0903893,1.8397043,1.7444164
-0.43824953,-0.12751052,-2.3822618,-0.9455889
-0.6097875,-0.09328274,-0.8786931,-0.08821481
3.0582342,-3.862385,1.8407956,1.031507
0.78766036,1.0830393,0.453119,0.6731085
-1.4698049,-1.8964438,-1.997406,-1.7794448
-1.0414122,-1.7353231,-0.8039689,-0.14719029
0.5008394,-0.59030885,-3.7629185,-1.3932323
0.28003055,0.35047787,0.122541204,1.9216944
-0.44370154,0.30613402,-1.4021474,0.5339107
-0.30423996,-0.934427,-2.1398184,-0.8129256
0.20885968,1.2904794,-1.4829385,-1.0256239
0.7659954,0.12087707,-1.2314786,-1.0061414
0.52661365,-1.2215941,-2.3708682,-0.47156048
-0.14710318,1.1300006,-0.64654845,1.2571054
1.9322937,0.77694684,-0.90478855,-2.3720622
-1.4492992,-2.583662,-3.1730957,-0.9612916
2.3365588,1.3250246,0.9011609,0.5444061
2.9515636,1.8559825,-1.471126,-2.4098644
2.5914342,2.3385963,0.9122573,0.13755587
2.4867811,1.3000053,-0.20159581,-1.7811978
-2.4894147,-1.9021827,-2.572899,-0.26492438
0.6865012,-0.4106716,-2.6232567,-1.9161314
0.8090209,-0.16239947,-0.75232536,-0.9688513
-2.4175863,-3.4814405,-2.4992366,-0.52454954
0.7035114,1.2398875,1.7711262,2.2898319
0.5893716,0.85564077,-2.6821048,-2.9439576
-2.026085,-3.6030273,-2.0579028,-1.3712999
0.5032975,-2.3695862,1.1758828,0.24147414
1.6247997,2.1764827,0.3928659,1.9037213
1.4131043,0.32896477,0.52406013,-0.39998394
1.7974222,-0.39703417,1.2743113,-0.013971012
0.82150424,1.574638,-0.77807164,1.8789592
0.9063422,-1.1985523,-2.4206393,-3.211261
3.1623292,2.1776776,-1.7883484,-4.035622
1.2487491,-1.4411446,-0.2742718,0.35116026
2.180684,2.4159014,1.810413,2.090274
-0.3437308,0.3864029,-1.6572177,0.33374485
-0.95009625,-3.7049654,-2.5815568,-2.3640096
-0.23699255,-1.3996463,-0.95887,1.3365511
3.1520169,2.3018851,1.5564375,0.5515851
0.8509376,0.728764,-2.4254107,-1.4954684
0.7791966,-1.4324278,1.969549,1.875363
-1.9608538,-2.87376,-2.3466082,-0.8552921
2.8284209,2.5575256,2.809938,2.0336194
2.365289,2.2878115,2.3605926,2.1391344
-0.2532595,-2.4560282,-4.1677628,-1.1666428
1.5192515,0.36847904,-0.7509678,-1.9045894
-0.3099896,-0.68631417,-1.4180937,-1.211465
-2.3427472,-4.156617,-1.4015508,1.3142519
-1.8360654,-2.4251146,0.21230386,2.336183
-0.33283046,-0.5575564,-2.3270288,-1.6381149
-1.9463903,-2.5325139,-2.3072748,-1.0215707
2.3991208,0.6972114,1.7587051,1.4330994
2.704928,2.6863573,2.1325085,2.3700116
-0.8374176,-3.841501,-1.9898887,-0.7525336
-1.0982684,-3.4929845,-1.9601234,0.010260014
1.638035,1.5640664,-1.1058104,-0.9266911
2.106557,0.9769362,-0.07620739,0.09917326
-0.46541655,-3.8331554,2.1483934,2.196653
1.9055259,1.1586016,-0.2559077,1.4604079
-2.212584,-2.8085363,-1.5144455,-1.2105691
-0.038333114,-0.4936477,-0.85135484,-0.6303616
3.4230313,1.0231308,1.1448797,0.6616652
0.22856803,0.014397919,-0.111940786,0.5277878
2.3332236,2.1703887,1.6029809,1.8116246
-1.694092,-2.2135096,0.11064753,1.3836074
-1.8378209,-2.9483523,-2.114609,-1.6095037
3.4100008,2.8103824,1.934374,1.9433866
-0.18779138,-1.7508074,0.06470237,0.9961359
2.0490992,2.2867749,1.8379405,1.9625615
1.3793857,0.9317954,-0.10820359,-1.1814985
-0.016691972,-2.1664054,1.8724947,2.354111
0.23348634,-1.6299655,0.37542316,2.1870968
-3.788116,-1.155946,-1.3479462,0.3557275
0.65514684,-0.5113284,-2.0683913,-1.649658
-2.8231077,-3.7585156,-1.0762327,-1.5624031
-1.4303583,-2.6300807,-4.5890136,-2.332497
1.7081872,-0.5527659,2.0634067,1.4759377
-3.0298295,-4.347954,-2.278172,-1.7655215
-0.3621868,-3.9723492,-0.8482885,-0.43344718
1.6449608,0.20643316,2.0861566,2.615441
-0.7225539,-0.82957566,-2.10406,-1.5615027
1.1463906,0.16090406,-0.13201286,-0.17458488
-0.6384241,-3.4397085,-1.2046735,0.9665348
2.4971476,1.5631055,0.53202635,0.07422633
-0.7051614,-0.9067132,-2.850792,-0.8003394
2.885661,1.6121088,2.0600593,1.5083445
1.9735124,-0.60538834,2.3754492,2.1805658
-1.8121718,-1.9100859,-3.483362,-0.19095233
2.49312,2.2317495,1.2206173,1.1295319
2.0115929,1.6341059,-1.9354061,-1.2616615
1.2907518,0.43201637,0.20950618,0.027462065
2.1275725,-0.19552776,0.674458,1.1520503
-1.6230998,-1.6910534,-3.255928,-0.62894636
1.248266,1.5864915,0.0502242,1.4448998
2.8279958,-1.1346687,2.173928,0.7270787
1.7977868,1.4002128,2.6050103,2.6011834
2.425265,1.8502104,-0.75175047,-0.7723843
0.84685826,0.20691717,-0.07036673,0.029369079
1.6848015,1.1928762,1.00066,0.89660215
-2.6809497,-4.943664,-2.6500988,-1.5523678
1.7307373,0.85939723,0.48977625,0.79759544
-2.839263,-2.2891996,-1.9067122,0.121943064
1.0868368,0.7791034,-1.718709,-0.9835703
-0.94197285,-2.7788308,-1.6172718,-0.4831923
-0.31866896,0.033363312,-0.3690716,-0.04248795
0.062285792,0.14504813,0.82595694,1.884335
-3.3830462,-0.6173323,-0.045494266,0.41640717
2.6433601,1.0681033,0.18460368,0.5918933
-4.194577,-4.4840875,-3.4356294,-2.0342703
1.8475469,1.8035408,1.2508352,1.7115625
-0.33210865,0.43119776,-0.5125306,1.5741433
3.5756183,2.3437214,2.2823644,0.51742584
2.2076714,1.2946502,0.5623795,-0.21105655
-2.2750542,-2.5219529,-1.6773796,-0.30635557
-1.4668531,-0.020024246,-1.2498429,-1.1014924
3.690818,2.7864766,1.870075,0.88124
-1.2367578,-1.3494976,-1.8844724,-1.7270081
0.94078666,1.366538,-2.7561622,-0.6284722
0.22957622,-1.2299105,0.9182832,-0.01866086
0.95820093,2.008175,-0.024350645,1.960135
-1.2047374,0.2900137,-1.7149875,0.54519165
3.034636,2.0710897,-0.09827154,-1.293102
0.689925,0.44497728,-0.96798664,-1.5465977
-1.0612075,-2.6611884,-1.4711924,-0.20355092
-0.5274902,-1.7844452,-2.4267883,-0.6759768
3.4493713,2.4118936,0.28441104,-2.3152838
-1.3532627,-3.1233475,-2.4808176,-1.7725886
-1.4459553,-1.3583012,-1.8607662,-1.2966745
0.5395864,-0.15327023,-1.3680241,-0.40088174
-5.3243146,-3.9970217,0.007969082,1.070376
-0.2256358,-1.510898,-2.4505448,-0.302786
-2.8188033,-2.2908611,-2.1966372,-0.9052102
1.4891343,1.7893876,0.2925646,1.4352914
-3.2641213,-3.6676717,-0.21790023,1.6978836
1.8009377,-0.20154354,0.14035356,0.5088896
-0.14379801,-1.1382712,-0.88354254,0.13409027
-0.6730713,-3.0561993,0.28039056,1.2724369
1.5781156,1.0702537,0.12942901,0.7391985
2.2248247,1.3484478,1.9185282,2.1339436
2.901454,2.2775962,1.5809686,1.7504598
1.4744627,-2.2249439,-0.29163754,-1.7511063
3.3632705,2.7814057,2.3595614,2.3385303
0.3174602,0.022971295,-2.900166,-1.7686095
3.5929906,1.8446089,2.0806684,1.243126
-0.6347412,-2.9508202,-2.7872462,-0.80779576
-2.2904167,-2.992982,-1.543588,-0.5379046
1.0016534,0.27143428,-2.4854553,-0.041383017
-1.995578,-3.2762208,-2.1895072,-2.049582
-2.2279787,-5.1541915,-2.832462,0.3710627
0.656788,0.09672534,0.49528775,1.8291001
-0.16469952,-3.142281,1.7399787,1.9212825
1.3919435,2.568594,-0.8305416,-0.8944482
1.8922523,0.764313,1.7549162,1.8218209
-0.7326913,-1.3941524,-1.9657502,-1.9117239
0.56378186,1.4564313,-0.74701345,1.4108897
2.1877959,-1.2772429,0.2390224,-0.574941
-1.2024324,-1.6568341,-2.5182264,-0.7414646
2.8569036,1.8658576,-0.76511765,-3.7479188
3.41527,2.2813537,2.272859,1.9793712
-0.93975735,-1.77362,-1.5375886,0.546246
-1.9174557,-2.9597468,-2.1645198,-0.7836503
-1.1456565,-2.359148,-2.1868954,-1.1724114
-3.4377644,-3.3161864,-1.8507473,0.5443887
1.027226,-1.0692456,-1.8028965,-1.757999
0.77453613,0.5394027,-2.6128128,-0.39811796
0.43945327,-0.6832281,-2.5835824,-0.66306996
0.8464836,-1.8106425,1.892418,2.0275311
-0.8301481,0.15470873,-1.5972276,0.682262
1.9554311,-1.0065681,0.11479106,-1.029363
3.0624623,2.6082025,1.9936997,1.9791102
2.0654113,-0.95367825,0.0037642226,-0.6553934
-0.65166414,-2.716326,-0.22463158,1.9466972
2.794297,2.6067302,-1.261122,-1.8296758
-3.6313884,-4.148855,-0.14957406,1.1812279
-0.75425047,-3.6341035,-3.395628,-2.6370437
2.3658628,1.6975442,2.013923,2.3894794
3.0643067,2.4218338,-1.6976632,-1.9290538
-0.005268402,-0.6308549,-2.0132854,-0.2437898
-0.2660324,-2.1585147,-1.4961796,-0.86754656
2.6709552,1.7354246,1.1439928,1.3223336
0.9076596,0.058257304,-0.51565397,-1.6627414
1.4913787,-0.311491,-0.43566373,-0.5661622
2.1807523,1.9194657,-0.99962366,-0.33298478
-0.91595525,-0.81748444,-2.0824692,-0.37614402
-0.40873703,-2.8795264,-0.6845536,0.73123074
1.5894451,1.631381,-1.8614622,-0.74220496
-0.9041329,-3.128198,-1.8219875,-2.054474
-0.120717965,-0.80278975,-2.6200678,-0.47531876
-0.9962163,-1.8043867,-1.3675092,-0.81316584
0.56410986,-0.31131122,-3.141625,-1.1587425
1.0473478,-1.024694,-0.93942535,-1.149748
-2.9360774,-2.7952187,-1.7536901,-0.5410082
1.3949606,1.8423463,-1.7210764,0.3526936
2.8643827,0.9257905,2.652612,1.8909485
-0.85104126,-1.854048,-2.150574,1.1865964
0.29283878,-2.3390577,-2.0921226,-1.7994167
-1.7507102,-4.5782127,-1.569605,0.23151815
2.181433,0.8185474,0.09633874,0.095331065
-1.9279101,-1.221362,-1.9592127,-0.7248293
-1.2280861,-0.62628454,-1.6209282,0.015313203
2.675133,1.7193604,1.0106863,1.4359505
3.3655121,1.8999753,1.3364017,1.1047449
1.1504395,1.2937973,-0.9885906,0.068420365
-1.3053343,-1.4110194,-0.53967285,-0.82958055
-1.7051276,1.1026489,2.3070176,1.1357414
-0.46253818,-2.6790807,-3.6936023,-2.5029576
0.42175922,1.4724568,-0.35620755,1.4674157
-1.061961,-2.3752568,-2.7025137,-1.2285026
-1.1518368,-2.4354615,-1.788178,-2.1355095
1.5256842,1.2841794,2.0724907,1.6922907
-1.7234939,-3.031971,-2.2159362,-1.9841135
-0.66140985,-1.2587624,-2.5468931,-1.4055488
0.81559503,0.93102396,-0.5022269,-0.6344683
2.746371,2.6047509,1.7045959,1.8001212
-2.9576676,-2.1914442,-0.90805745,0.24658325
1.3363644,-0.44638574,0.95503306,-1.5446453
1.0200309,1.8678001,1.9506068,2.1558864
1.0141599,-0.07842708,-1.234655,-2.8993654
-0.5268234,0.78433824,-0.16539997,1.4002969
1.556896,1.0458102,-0.5535225,-1.5773238
-2.711785,-3.2193313,-1.6622369,-0.28282535
3.2670023,2.4374993,1.5196859,0.6351369
1.5016261,2.2353396,0.90644,1.2168326
-1.9629842,-3.5156755,-2.1661592,-1.7461581
1.9610726,0.7351827,1.1870631,1.7216598
-1.4875133,-1.1907336,-1.8484136,-1.0578538
3.050604,1.797452,1.4240087,-0.832898
-1.2860544,-1.9854592,-2.8801036,-1.6545713
1.0688063,2.0209756,0.21425882,0.8671672
0.02650752,-2.0062933,1.4101876,0.846954
0.48949158,0.36330587,-1.9546247,-0.5398189
1.4971925,0.5424467,2.4940288,1.755436
-0.35575804,-0.8431037,-1.9768654,-0.8527908
2.8972037,2.4101317,1.6271625,1.3200359
2.020465,0.87621033,1.3346307,0.12894262
-0.96217066,-2.688399,-3.1887884,-1.7267514
1.6076249,0.5356651,-0.529391,-1.2157435
-1.7393203,-1.2680062,-1.5568787,-0.65164304
2.716811,-0.27400842,1.9398658,1.4330683
1.6373816,1.4769622,1.8132515,2.2855914
-2.493101,-2.5705156,-1.1170498,0.8987138
1.9275326,1.0059924,-4.471542,-1.156974
-1.3227009,-3.431305,-3.3057644,-2.4391735
1.4052862,0.6802508,0.6658068,1.9149694
-2.030681,-3.5961823,-0.6300813,0.7161043
-1.1216601,-1.9945107,-2.7853835,-1.2503649
1.7099683,0.64651906,2.1379287,2.0459294
0.09747928,-1.8368654,-1.1596557,0.049734708
3.3197157,2.0261304,-3.3186362,-4.329993
-3.7519944,-2.4125288,-2.3858032,0.7037367
2.0828533,1.1405128,-1.9471114,-2.655811
-1.2188075,-3.0492172,-1.4519426,-1.1820369
1.9882014,2.053064,-0.0757683,1.34226
0.048656948,-2.3908932,0.1858832,1.0672418
-0.49037597,0.37116998,-1.5687437,1.0527037
1.8012615,-0.42445156,0.90056306,1.0870619
1.5701334,1.4919575,-1.2707433,-0.3105574
-0.76762044,-1.8240095,-1.5337137,-0.26438102
2.4802809,1.3776139,2.5939097,1.6007329
-2.2902498,-1.2907189,-1.6335934,-0.27739576
1.2937465,-0.23002462,1.2294358,1.2641823
-1.6436846,-1.4007434,-1.3567526,1.0304551
-0.7563866,0.26549435,-2.3051047,0.38117033
2.7523034,1.8594271,-1.2761176,-3.1745036
-0.9440034,-2.0099928,-0.6932143,0.8748726
0.22814463,-0.55311626,-3.1996033,-1.9483461
-1.2273302,-2.4023774,-1.9854282,-1.8529116
-1.4864255,-2.580594,-0.51335937,0.81866163
0.19621283,-1.67588,-1.833207,-2.3198652
0.36551043,0.2984584,-3.9591,-1.6530216
-0.59391224,-0.882077,-0.239543,-1.4527837
1.1911505,1.5141761,0.8801287,2.0318413
1.1252915,-0.7537188,-2.0320344,-3.236202
0.86732537,-2.3063307,-0.9133862,0.20815012
-1.0237905,-1.6325247,-2.9116783,-0.96865016
2.3953726,1.9665015,1.1477624,1.7843353
1.5602722,0.73266333,1.461039,1.7104414
-2.825031,-0.48377055,-1.2387152,0.69777745
1.0740359,-3.7440944,1.5126495,1.0061681
-2.9097867,-3.9276917,-1.7370064,-1.4081006
1.3399454,-1.0427126,1.3346112,1.649692
1.6494353,0.82624185,1.3084325,1.5560994
-0.23552771,-3.3494728,1.8988682,2.419086
-1.8332591,-3.4388068,-2.4875495,-1.3372709
2.9265146,2.2600443,-1.1583501,-1.2896103
2.8252757,1.2805761,0.93033874,-1.2413611
-0.40721244,-0.021522889,0.1706228,2.2829237
-0.9894349,-2.3052163,-2.5406618,-1.944968
-2.2288396,-2.5829403,-1.8362416,-1.02653
3.388286,1.9365418,1.7003931,1.9021466
-1.8264785,-1.6025105,-2.8784354,-0.122813836
2.0882275,0.825715,1.2677563,0.6293015
-0.54141927,-0.08713618,-1.4969578,1.0625023
-1.151226,-3.5072973,-1.9451625,-1.3091784
1.4295744,0.5798393,0.84289443,1.5570725
-0.1101514,-1.7145523,-1.9322982,-1.1635207
0.6598807,-1.8357768,-0.53779507,0.45048276
-0.2728932,-1.0577252,-1.1035848,0.68756086
1.4888036,1.2316629,-2.6218204,0.2990267
2.55828,0.6065472,-1.2514784,-3.2115421
0.69817394,0.30746534,-0.68075466,-0.30706236
-2.6590807,-4.053698,-1.4268465,-0.70099646
0.02117184,-0.73038965,-3.0779917,-0.6979433
-2.3842785,-1.4063145,-1.1714282,-1.7976452
-1.223093,-1.2147683,-1.1512258,-0.9562146
0.8597713,0.08153436,-2.9519048,-1.5537267
-2.3078365,-0.6380237,0.31227726,2.0902336
-0.9347783,-2.3816803,-1.9541501,-1.8653095
0.9024672,1.1974363,-0.82403386,-0.18515693
-0.45471793,-0.9070004,-1.9333814,-1.0864391
-0.74101144,0.022686176,-1.5035077,-0.173006
-0.3980992,0.17099446,-0.9848211,-0.31115088
1.0865083,1.8577158,-0.22307692,0.45808885
0.3196076,-1.6192446,-1.1143082,-1.4070508
-1.1427592,-2.5539858,-1.9623696,0.015337647
1.4738256,1.3727725,-0.71223545,-1.5881053
2.9509451,1.8292001,2.324535,1.8690082
-1.9972076,-3.206297,-2.4078712,-1.2101859
-3.0891893,-3.3046398,-1.2176298,-1.3419353
-2.5136993,-0.6684966,-1.496951,0.22919269
-0.47633052,-0.04636928,0.15544792,-0.7971083
1.0892901,1.220767,-1.7824969,0.6816219
1.625623,0.5145785,0.7693417,-1.8781912
0.31209284,1.7032362,0.8632466,2.3038852
-1.2701272,-0.04167824,-0.7671425,0.934713
3.2001987,2.0719342,-0.7573483,-1.1398082
-3.4832218,-3.2027636,-0.619764,-0.5339456
3.1327214,2.4188907,1.3328527,1.1323781
-1.5296116,-1.4687599,-0.30013135,1.5291066
0.99651146,-0.83884627,1.5135716,1.3185809
-1.41344,-1.2202451,-1.4565314,0.6793872
2.6923618,1.4100755,0.6920213,-0.017412167
1.8142543,1.8622533,1.6996013,2.2190838
-2.1234748,-0.8264417,-1.2846173,0.9196615
1.6138617,-1.0290112,1.7512842,0.18199219
-3.9018478,-1.8514781,-0.3545778,2.3543284
-0.04458528,-0.4838198,-2.7903066,-0.41480276
1.2061611,-2.2103932,2.0490403,1.4370141
1.8413777,2.3673198,-0.07314397,1.5976671
1.1410347,0.027331032,-0.38393673,-1.3203859
-1.0980923,-3.039487,-3.3639958,-2.3823373
1.5198064,1.7455984,-2.784542,-1.3007066
2.40133,2.1857483,0.5178882,0.26631957
3.5531197,2.6438262,1.5643207,1.0158113
0.23240794,0.35470846,-1.3659126,-1.6372311
0.320031,-0.3325649,-2.8085363,-0.20306619
-0.25026664,-1.1602659,-4.7707486,-4.09512
-3.9822733,-2.7403305,0.23305993,1.5589954
3.9544256,2.538113,2.3994117,1.213498
-1.1872073,-2.9027836,-1.0940831,0.4616423
1.6093903,1.2355461,-0.532022,0.34667507
1.5769664,0.2362246,1.1665202,0.84275633
-1.3934271,-2.45743,-2.4004173,-2.34974
1.9041284,0.34284562,1.3090031,1.4855868
-0.53830934,-3.6002667,-1.9405221,-1.123158
1.9459598,0.14407212,1.5360657,1.0175236
3.2051504,2.4476495,1.4003053,2.183984
2.7702935,2.6781697,1.3583643,0.99872696
0.84420574,-1.2067674,2.696691,2.2056208
-0.22655725,0.14813307,0.21003225,1.5608364
-0.6650145,-0.9628704,-2.2884834,-0.6854617
2.2075682,1.2888277,-0.55595034,-0.02221305
1.7946554,0.49819332,0.8546984,0.39452025
-2.2440732,-2.758399,-2.0840518,-1.0870547
-1.6334138,-1.472984,1.6499386,2.65093
2.4293313,0.90654516,1.2949443,1.36917
-2.7951794,-3.8167393,-2.1933875,-1.0299405
-1.5828224,-3.3451169,-2.4672525,-1.2967198
2.7584178,2.1303635,1.740458,2.006436
-0.8353253,0.08795167,-1.3312445,0.7721219
1.6309484,1.8361821,-0.113018185,0.327409
2.981194,2.191602,-0.4725438,-2.0408616
0.07912757,-1.8749539,-0.9680797,-2.3428206
-0.13626283,-0.1596232,-1.5009089,0.15302947
-0.5700999,-1.061874,-1.2864797,-0.14492759
-0.78548664,-1.3262881,-2.526345,-3.4649112
3.4915323,1.4753693,1.8333263,0.29311427
-0.17526373,-2.696595,-0.87061423,1.1158057
-0.48297936,0.9470189,-2.0034041,-0.4432712
0.4423086,-2.1861603,1.1570133,1.5712374
0.24017736,0.6342061,-0.78201425,1.5565965
-0.38399848,-2.615235,-3.774385,-1.3240403
-1.4386412,-3.0909672,-2.010307,-2.3228273
-0.6674975,-1.3778101,-2.0249884,-1.0050853
1.442488,1.2189357,-1.8074893,-1.9679161
2.9198287,2.4916594,2.7269228,2.2389307
-1.3122811,-2.5261743,-0.70244485,0.9722119
0.579305,-0.2799012,-0.8867868,-1.5204259
1.6340395,0.39786234,2.1753793,2.358229
-1.4644951,-1.1211416,-2.4604185,-0.3189732
1.342797,-0.37138495,1.9646533,2.223598
-1.3134218,-2.848905,-1.0333833,1.9472661
-0.36764902,-1.9790767,-2.987137,-2.5895848
0.566885,-0.60035163,-0.27827203,-0.29731497
0.52819246,0.76403964,-0.76205087,1.104099
2.570987,-0.0897885,-0.3194435,-1.636336
-3.864733,-4.5710564,-1.306742,-0.5952961
3.0367122,2.241265,2.162515,2.2306783
1.307892,1.8145827,-0.9039008,0.48506045
-0.41728774,-0.46369225,-0.08266279,-0.93757826
-0.832548,-2.35215,1.3235464,2.2891188
2.1460276,-0.4586737,2.5537038,1.8235506
1.5106033,1.5103575,0.0986262,1.5292959
-1.5580313,-1.9719838,-1.3575196,-1.4110001
-1.2255402,0.35213533,0.031134408,-0.049371503
0.24514808,0.8596169,0.09664621,1.6770586
-0.95260596,-0.101825245,0.7090001,2.180261
-2.0195622,-2.0202463,-2.4826994,-0.87837696
-0.7871962,-1.0713675,-1.6939139,-0.7862471
1.3770187,0.324458,-0.7639393,-1.293473
1.264976,1.4121133,-0.48570198,-1.365485
1.4297258,1.3394225,1.253705,1.7592022
2.2623231,2.1263618,-1.3287648,-2.541758
-0.860864,-0.9046174,0.027385535,1.0666531
2.6198945,2.3818972,0.64673615,-2.4660313
-0.99456567,-2.0359092,-4.4607615,-2.6306846
-0.41748425,0.1923756,-0.12923917,-0.7795636
-3.3829741,-3.4248567,-1.5569063,-0.20718555
-1.1141605,-2.0206742,-2.0073454,-1.3794607
-1.032593,-0.8068118,-3.367444,-2.656288
-1.5422246,-2.415957,-2.1061308,-1.6887517
1.1969585,0.45986333,-0.4637684,-1.6082094
2.30797,2.213626,1.8907901,1.6863185
-3.8137047,-2.4880767,-2.1599636,-0.5255283
0.6351524,-0.0047305324,-2.6657317,-1.5744011
2.3281584,1.8725398,2.2160408,1.8469944
-1.1914384,-2.0342548,-3.1271183,-2.0569637
0.52475184,-0.36917374,-1.8109426,-0.7858622
2.093899,0.47200236,0.3428039,-0.5627774
-1.244695,-2.336107,-0.2591397,0.8941006
0.58069307,0.84231836,-1.157185,1.2247412
2.7643135,2.5278015,2.1035593,1.7758844
1.1191397,-0.29287624,-1.201799,-1.1939148
2.1421854,2.0400164,2.2163386,2.0939615
-1.4423325,-2.407138,-2.2026162,-1.6795106
-1.8780731,-1.4040774,-1.2776493,-0.33325943
-0.4616052,-2.204921,-1.2268038,-0.9013972
2.58275,0.41819018,2.4170618,1.6182842
1.1356537,1.7543316,-0.6142556,0.106918976
1.7129573,0.15941626,1.3101046,0.45669764
1.7192752,-0.70697284,0.46266222,-0.068125926
-3.9966512,-3.6051779,-1.4991777,0.7798668
0.21121404,-2.4755497,0.96909404,1.3444666
-2.062614,-2.576886,-1.3014139,0.33377302
1.6297034,0.20867454,0.005158055,-0.951758
-1.4565666,-1.5420698,-2.7899144,-1.3296739
2.2716932,2.4648468,-2.0817895,-1.8786335
3.3426998,2.1831996,0.25931287,-2.1339273
-1.3385463,0.99194294,-1.202153,0.9373185
0.89731574,-3.0848072,-2.2687886,-1.0880897
-3.1199527,-2.2511363,-2.0931578,0.49614748
1.6495595,1.4810985,0.25397575,1.0675459
0.17590894,-1.6984991,-3.6435204,-4.375242
-0.7576591,-1.1450837,-0.21446821,1.3141127
2.7859402,1.7774098,0.46844447,1.7235867
1.1215941,0.6081552,-2.0747666,-2.315625
3.4366531,1.6079937,-0.67731535,-2.8117173
1.597411,0.78761923,1.545706,1.899737
-1.2163562,-3.6636152,-2.1518364,0.25853407
-0.72546947,-1.1541723,-1.7510612,-0.50240016
-0.994977,-2.9491072,-0.9314618,0.31110886
-0.98159313,-2.0313678,-0.7281481,0.7201164
2.5631344,1.2927576,2.053661,1.5015082
-1.208537,-3.5187135,-1.5912708,0.19681866
-2.3792036,-1.7649351,-2.0802398,-1.5335343
2.3466926,-0.11067832,2.0572565,1.4245516
-0.6547385,-2.2524,-2.1689036,0.24315287
1.2460248,1.6978827,-2.0142574,-0.031187152
0.28758878,-1.9123834,-0.88850874,-0.35284165
1.1299001,1.0595134,0.7029004,1.7262692
-1.142859,0.093835026,-0.5547491,-0.24524896
0.23938926,0.12871195,-1.9272219,-0.7509636
-1.5251803,-2.7092626,-2.0328667,-1.2445906
-0.3332033,-2.7416565,0.043836597,1.2884668
1.7129164,2.17595,-0.26335853,-0.089493535
-2.3850381,-3.2355843,-1.1995873,-0.6185815
2.5362372,2.7620308,-0.25619808,-1.0248132
-0.1414772,-2.3369489,-2.9001884,-2.0771468
1.603162,0.4694344,-0.42316636,-1.4331135
-1.8131206,-1.6381954,-1.2384133,0.4088048
2.1230252,1.6786543,-0.29630655,-0.24121039
0.8492084,0.65749687,-0.9443543,-0.52665895
2.967585,1.3715618,2.3602715,2.2680945
0.22494559,-0.010519636,-2.2100806,-1.8271837
1.0649627,0.56302994,-0.57014567,-0.76591563
0.45716727,-0.104692936,-0.9332791,0.042532973
2.4590402,2.1125202,-0.5134762,-2.2256062
-1.6773585,-3.6028776,-2.4081368,-1.7157825
-1.9220384,-2.7363615,-2.2466059,-1.395372
3.3947418,2.3332765,2.312015,1.9837093
2.5815012,1.8293806,-0.8964871,-2.698113
-2.1741128,-3.276452,-2.168721,-1.4480044
-0.31666097,-0.5573045,-2.5234187,-1.165166
2.0645363,1.5361968,-0.56353676,-1.417548
-2.8303494,-2.261782,-1.0610609,-0.031042976
0.11909893,-1.2769104,-2.5549874,-1.2218846
3.0700216,2.0170867,0.3813047,0.009643125
-1.9165536,-1.8125831,-1.3317046,1.1766802
-1.9234309,-0.7945606,-0.73083836,0.17791426
3.5110414,1.4240727,2.3479638,0.87844884
-0.4925168,-0.48219463,-1.502943,1.5057299
-0.52431,-3.3140292,-2.6293054,-1.640254
1.9260235,-0.36771467,1.2172234,1.4347003
-2.238918,-2.7330368,-2.2260244,-2.106957
0.28181583,-0.02099318,-0.4362918,-0.46234566
0.06301075,-0.29431906,-0.16867241,1.1739653
-2.0876424,-0.90565044,-1.3020974,1.0971413
-2.1204665,-2.009103,-3.2321177,-1.105828
1.6013578,0.8100739,0.22397101,-0.678568
-1.1630772,-1.0532924,-1.9859729,-0.4689651
-0.46499944,0.8557741,2.0046546,1.9702107
0.9370746,1.0743363,0.23479919,-0.88096386
-2.626062,-3.1640325,-1.494365,-1.5804471
-2.194452,-2.3628762,-1.7271774,0.9846611
-0.6410473,-1.0414432,-0.54234743,1.0678703
1.4668201,0.9045531,-2.2294996,-1.9396502
0.83218765,1.1580762,-0.8164325,-0.27968186
2.2925324,0.74625576,2.0306962,0.80781657
-6.628274,-2.6542802,0.96030426,2.618642
-1.5810741,-3.1174881,-2.9588675,-3.658143
2.2789922,2.0497775,0.93075764,0.52344763
-3.4158697,-2.9615614,-1.3177733,-0.8199268
3.6577518,2.3403094,0.90619093,-0.77172655
-0.7276839,-1.9095935,0.76695997,1.9177072
0.1011164,-1.4644918,-2.9421892,-2.0846226
2.1639557,0.6315736,0.48273242,0.114235885
-0.22748135,-0.9753565,-0.30255875,-0.7077555
-0.6024441,-2.1886566,-1.3432302,-0.7981293
-3.6188314,-4.2529936,-0.97580415,-1.5369945
-1.5600139,-2.9454644,-0.5069178,0.57010543
-2.9007127,-1.2007571,-1.7697576,-0.14587593
1.7715799,-0.34644312,0.623308,0.48525727
0.86907554,1.0799539,1.3589483,2.078128
0.18628712,-1.5110505,-0.22851041,0.14390706
3.3188207,2.6570616,-1.615899,-2.1763182
1.2405034,1.2743549,2.0536783,1.9198313
-0.33048475,-1.5067143,-2.4282467,-1.4593586
1.0692208,-0.27550328,-0.27213767,-0.52131283
0.91512877,1.2832582,-0.8459447,-0.035817344
-0.36901197,-0.0014009972,-1.2556866,-1.9431661
1.8399881,1.0979819,0.16024353,0.6588956
-0.20439631,-1.4266965,-2.1495912,-1.0206771
1.181949,0.55096775,0.24021599,-0.25979763
-0.9641249,-1.0565633,-3.037239,-1.1907218
3.5546281,0.89470637,1.4831038,0.0632723
1.0194314,2.4576051,0.28840688,0.9361759
1.7160332,-2.4608674,1.1201186,-2.2642534
1.4981897,1.3071328,2.0780134,2.6868901
1.8620886,-0.34157112,-2.2866554,-3.0418599
1.8233279,0.2535547,1.287464,1.2006055
1.6038815,-0.17716159,1.3790394,2.3184383
2.451733,1.6445436,2.244698,1.8544054
2.820949,1.2049512,1.7563597,1.3204738
-0.79875445,-1.4717662,-1.7696637,1.9427979
-0.36368546,-1.0186702,-2.5056205,-0.7066663
-0.7945645,0.7203089,-0.27758512,2.1572793
-0.26590243,-0.6348275,0.2386557,-2.551144
2.119844,2.1076732,0.49836162,2.2156398
0.07227254,-0.5182844,-1.5471623,-1.8814632
-1.4530296,-2.9850843,-2.450041,-1.2416006
1.6227902,-0.55898833,1.7001487,1.8718933
0.72768325,1.1377478,1.1278666,2.1608865
-1.1923022,-4.149051,-2.9717755,-2.0777235
3.3526564,2.6999373,1.7271192,1.991083
0.7895143,0.8561078,-0.6206426,-2.599856
0.50429314,0.17743628,-2.0610886,-1.4120594
2.879909,1.546292,-0.512554,-3.031023
0.16250017,-0.49400988,-1.2125667,1.796905
2.2285776,1.9401748,-0.7148921,-2.049923
1.7154332,1.296097,0.77189785,-0.30714273
2.5433578,2.6375918,1.1355739,0.19801392
-1.4679925,0.45960227,-0.32748756,1.0876427
1.0213346,-0.24809106,-2.0314155,-0.3691511
-0.26816693,-1.4974777,0.51176304,1.0920213
-0.50007266,-2.5070207,-3.090113,-1.2764605
-1.2595237,-2.5018287,-2.7729762,-1.5473554
-1.2001212,-1.1641767,-1.7321649,-0.13213843
2.6274884,0.9263744,2.4110706,1.7592499
-0.849644,-0.90799576,-2.038601,-1.0238419
1.7446291,-0.33641258,0.43593246,-1.1223235
-2.1279495,-1.5086064,-0.6579751,1.9804873
1.764207,-1.5919445,1.9148057,1.2996314
-1.0750297,-1.4470906,-2.3233566,0.69175607
0.60419047,-1.5634584,-0.1983436,0.600461
-1.0988437,-1.8040642,-2.6393292,-1.7838118
1.9008906,1.1184794,1.1448575,0.9992639
0.54540974,-3.8019423,-1.430106,-0.10417086
1.3998151,2.2095664,-0.93476534,1.3698249
2.887055,1.2684721,-0.35185584,-0.7367416
2.0397236,0.7883521,-0.20111834,-1.4192744
-1.3766606,-3.44883,-1.5847044,-0.6670613
0.56663036,0.8340951,-1.7322212,0.37456644
0.79986495,0.73734397,0.32003784,0.65105253
-0.07553302,-3.05533,-0.8701445,-1.76544
3.245807,2.3368092,0.99592775,1.775263
-2.2985244,-1.8381437,-0.151412,2.2431877
1.4387707,1.5818602,-3.6094751,-2.7197936
-2.2228794,-3.1320567,-1.3218169,-1.1505024
-2.3813403,-3.1817718,-1.5932405,-1.6339957
2.4808488,0.56969845,2.0177107,2.1085417
2.831317,2.5272577,2.0857565,1.8747706
0.48255637,-1.0377722,-1.6068516,-1.65077
2.9182713,2.2651327,-1.4614092,-2.4390633
-0.7552267,-2.0694962,-1.3434645,-0.7012964
-1.5714369,0.24368861,-0.68696684,-0.15629095
0.4077185,1.3672874,1.1503904,0.4947658
0.0923849,0.8156057,0.051724415,0.8555391
-1.0945338,-1.3010783,-2.532698,-1.8471117
2.3926153,1.9246134,-1.3149436,-1.8794829
0.7089768,1.5536282,2.023605,2.0082276
1.8221573,1.3061432,-0.22877282,0.10407233
-0.5372807,-0.8036816,-0.5159466,0.8885006
2.622182,2.4246836,2.1362653,1.5548971
-0.8254318,-1.1123635,-1.8486522,-0.7017784
0.82357305,1.0297389,-0.83920896,-0.31530234
3.155814,2.0868223,0.33995533,-2.246046
-1.4768268,-1.7386309,-1.8405197,-1.4801499
2.7535934,2.1431227,1.905376,1.8145036
2.3066642,1.9021474,2.2508006,1.0250804
1.8573548,1.1617101,2.4576101,1.8620964
-1.6176159,-3.1983209,-2.494164,-1.1834521
2.3388643,2.3300786,-0.15751049,-2.6257048
0.8498597,0.71510136,0.34937465,-1.6724874
-0.21702771,0.11877991,1.3178947,1.3343279
-2.8685112,-3.4867551,-0.9784421,-1.5030775
0.11982599,-1.5774112,-3.0595863,-1.7562201
-1.1162297,0.05007131,0.21858174,1.5103514
2.249703,2.0803828,-1.3010395,-3.0184155
1.5616477,1.5968189,-1.7010635,-0.45401123
-1.5368557,-2.7573323,-2.8352242,-1.1771877
-1.7943475,-1.7992598,-0.37862632,1.8331892
-1.5911269,-3.508067,-2.0375085,-2.575271
1.7363085,1.2793391,0.5587378,-0.3746919
1.9036275,1.6176934,1.693502,1.3618041
-3.2577002,-2.9353242,-0.0117773665,1.3063637
3.8488245,2.2126064,-0.44577727,-1.1973
0.25267854,0.8302043,0.11303636,-1.3632315
1.6634886,0.49220484,1.3424389,1.9953544
2.6905932,2.636286,1.2412356,1.0268797
-0.85188067,-1.6858449,-1.0253332,-1.2898709
-1.416262,-2.201795,-1.9731551,-0.9522423
2.7340298,1.887529,2.3850856,1.8564715
-0.63594425,-2.445321,-0.2655329,0.64884806
-1.2005732,-1.9005961,1.0679344,2.3525133
-1.4717405,-2.2005112,-2.4605336,-1.7759998
-0.5620915,-2.6265268,-0.20420158,0.72509295
-0.3065841,-0.89435995,-1.3606572,-0.82891583
2.3419602,2.1464145,2.328582,2.347942
0.76904404,0.45415482,-2.8640242,-1.925922
-1.1482476,-1.6044407,-2.0952392,-1.8089758
-2.4919896,-3.7197068,-2.1956186,-1.4817408
0.8858379,1.5054543,0.38389465,1.3921374
-2.451501,-2.1490386,-0.9169626,-0.7492899
1.298177,0.4197209,1.7579296,1.2853906
2.23893,1.5363901,-1.4559593,-2.2370803
2.228543,1.5139966,0.061487917,-1.2506559
-0.080940224,0.79835296,-1.1049204,-0.5358294
1.8812923,0.99779046,2.660646,2.1331723
-0.04878492,-1.4586141,-2.6311553,-0.8204505
-0.71423376,-1.8217536,0.13019206,0.8323434
0.66961616,-0.5357172,2.0022643,2.298549
3.4560509,2.5705318,1.846548,1.8325114
-2.4890616,-3.0614464,1.1358484,2.4806192
-0.19284855,-1.5264916,0.053914662,1.7777549
2.5444682,-0.45684254,1.2050995,0.5378403
2.6811109,2.3688667,-0.27823636,1.3055441
2.0389082,0.35963655,1.3133186,-0.26332083
0.74126285,-1.772067,0.0071993666,1.2763255
1.0681534,0.809294,0.64363146,1.8684798
1.6794634,1.902809,-1.0295138,-0.00015915715
0.99034125,0.775747,-2.636099,-2.7771258
1.9198035,-1.4536008,-0.5118137,-1.6458626
-2.8216488,-3.9437108,-1.6948581,-1.3111976
2.2039666,2.7837875,-0.055915676,-0.34461412
0.858498,-1.053235,-0.14332038,-2.102712
2.0247397,1.1831374,-1.219228,-2.220427
-3.2923846,-5.484995,-2.5947053,0.39095977
1.8363913,-0.3825039,0.86118656,2.0871785
2.708051,2.5342617,1.980091,1.4214506
1.3559475,1.3059678,-0.74742544,-1.4717519
-0.33869985,-2.483531,1.4539417,2.385493
-0.07462518,-1.4117627,-2.5774338,-0.7859519
1.4451504,-0.476935,0.3007219,0.16153666
-4.078714,-3.237219,-0.8771539,0.4864438
-0.64278907,-2.5500965,-3.2844546,-1.5502659
1.2986108,-0.92862564,0.77476686,0.78999597
2.5376835,1.1079026,-1.0101836,2.094983
0.9088459,1.2501913,-1.2601969,-2.0847242
3.0686488,2.0765183,2.1800516,1.4251341
0.29012394,-2.9295385,-1.5852396,-0.62449473
-1.9083799,-3.2304802,-2.4956403,-1.0039781
1.0734276,0.43273318,-0.32737845,0.7745211
-0.9174248,-1.7827688,-2.7823102,-1.4573404
-0.3142841,-2.0390472,0.96850497,2.3220496
2.9797006,1.2575936,1.7614665,1.3219463
0.8513055,0.66678184,-0.7382957,-0.160378
2.7663462,1.36502,2.3661635,1.9461657
-1.1677316,-1.8797286,-1.9342685,-0.30899817
1.8819315,1.5084308,-0.27515,1.484757
3.7355886,2.0623226,0.9428382,0.64879173
1.1919129,-0.43811187,-1.3761649,-1.3523393
-1.8230501,-4.080357,-0.49192375,1.3287324
-0.8813591,-1.5868119,-3.2365987,-1.7248251
-1.9998932,-2.887204,-2.8769202,-2.2179227
-0.9597466,-0.34969136,0.31310913,0.79223317
-0.4782971,-1.7519441,-2.9087062,0.84847325
0.084149115,0.6103546,-0.34563407,0.7797819
0.9072357,0.3548263,0.7642949,1.3048772
0.14021373,1.5548172,-2.1528187,-1.1842743
2.3955271,2.1111374,0.88217413,-0.8262024
-0.480767,0.44027823,1.1623917,1.1225294
-0.8410031,0.8329603,-0.6359351,0.39604402
2.8619199,2.4142463,-0.013545419,-2.3602843
-1.2006282,-0.88408697,-1.691737,-0.8549929
2.464927,1.99259,2.3946874,1.7171671
-0.29848638,-0.41132405,-0.746226,-0.14247951
-1.1405919,-1.6915909,-1.5878692,-1.611069
-1.0435646,-2.1918762,-1.9684238,-1.8323632
1.0928545,0.10097762,-0.5255952,-1.154582
3.1601598,2.7153296,1.5630888,1.5183387
-1.1100786,-1.8621894,-1.0039743,-0.62644356
-0.161703,-0.9987139,1.4985318,2.0952983
0.39762408,-0.015065994,-0.26321918,-1.7971174
-3.324873,-3.5267992,-0.9360678,-0.23942228
-0.094539195,-1.649741,0.3211801,1.9249114
-0.7704789,-1.6493741,-1.5249817,1.6149901
-0.34693536,-2.5236313,-0.17162049,0.63527817
-0.8312367,-1.3875291,-1.9497491,-1.2752903
1.655638,0.2234489,0.5806378,0.041350152
3.0858953,2.1677551,-1.1325427,-2.6454594
2.3950524,2.776529,2.4203517,2.0933664
2.0150383,-0.2659174,1.6007497,0.850698
0.75051576,0.022812005,-1.3985891,-0.028514517
1.3318809,0.69831276,1.8019849,1.7960694
-1.1343504,-2.768122,-2.4313297,-1.5823771
1.75304,1.4513763,1.4281473,0.8401463
-3.1656728,-2.5819476,-1.092927,0.06028273
2.6452715,1.4602429,1.0435846,1.0057178
0.38599324,-0.90792483,1.6880168,1.6743342
-1.487262,-0.83060676,-2.8574338,-1.0932852
1.6014061,1.5970511,0.11967886,0.68305665
3.2745318,2.786177,2.2070012,1.780764
-1.5480516,-0.88377684,-0.24400465,1.6116036
1.0699188,-0.2633763,-1.4211767,-2.0880263
1.151924,0.2168035,-0.5572459,-0.8960008
2.2247372,-0.14823587,0.80294263,1.4033023
0.5729367,0.541982,-1.4429667,0.21795984
-1.9195098,-3.6297581,-2.1345794,-0.96594065
-0.36783057,-0.89913726,-3.0335596,-0.5535123
1.3044828,0.66302675,-1.5361044,-1.2811033
-0.2391305,-0.76470435,-1.1862285,0.23516686
-0.36277917,-2.2586021,-0.48759872,0.9964508
0.015709613,-0.9349765,-2.0583594,-0.10455532
1.4073062,-1.5649722,1.6973201,1.8387445
0.15676704,-2.773686,-1.8677007,-1.2410295
0.39496055,1.0000714,0.541084,2.1986933
2.7068155,-0.15978697,2.6253853,1.913747
0.028613495,-0.5118597,-2.2478433,-1.110656
2.6044872,1.6250637,1.8385662,1.4982017
2.6973615,-0.63866603,1.5797663,0.2581289
0.31967938,1.2545935,0.9697461,2.517643
1.3272079,-0.059813015,-1.9014182,-2.834215
-2.1544402,-3.0381858,-2.788004,-1.495898
-2.445119,-1.4103574,-0.46637332,-0.14155729
2.5916984,1.3434716,2.2797086,2.1527116
0.3591055,0.5079609,0.10459118,1.8372812
2.0385158,0.33944774,0.22878915,-0.13091274
1.0988176,0.8551563,-0.32711875,-0.45366323
-1.8814595,-2.5846915,-2.2461166,0.46594685
3.693302,1.8881812,2.3887062,0.39015478
-2.5674675,-3.347078,-2.4500232,0.8127852
2.286108,0.7143883,1.7592943,1.2761655
1.1339711,0.2114065,0.6177756,1.27064
2.1630163,1.8802959,0.0918043,0.23329797
1.2643415,0.99610233,0.9298623,1.7810142
-3.0494065,-3.6503868,-3.3425484,-1.7901449
-0.4903927,-2.6450465,-0.019627217,2.197475
0.9655946,0.4186379,-1.269229,-0.3435852
-4.701802,-1.273976,-0.051508896,2.2520287
1.5126606,0.17171127,-1.2166456,-2.3085263
-0.8005853,-1.644029,-1.8486773,-0.2778407
1.1881437,0.013524652,0.08330196,-0.91764516
1.4651831,-0.45983395,1.3381648,1.6586418
-1.5796913,-2.9915204,-3.5914872,-2.1942606
0.71944696,-3.000756,0.27059162,-0.044901647
-3.7024107,-3.5709534,-1.2301452,-1.0536246
0.42125615,-0.85200864,-3.907862,-1.259164
2.7961237,1.0718616,2.7020812,1.1741754
1.7909476,0.08635123,-0.76557386,0.6284729
1.606655,0.8109307,0.67681724,1.2647371
1.078295,-0.17566812,1.1434913,1.7904134
2.6627278,2.5497751,0.21152121,1.311421
-0.94504744,-3.018546,-2.0524278,-2.1140316
0.9858558,-0.6643157,-0.1911285,0.3219991
1.5580084,-2.473131,1.8593265,1.9315269
-2.2957063,-3.3216033,-2.8513772,-1.1986929
1.8269477,0.1679166,2.4925845,2.1897943
0.68807006,-1.140475,1.2236853,2.1834273
-2.2773528,-3.5382833,-2.2980728,-1.4197012
1.6781052,0.2682791,-0.1164089,-0.73378706
-2.966075,-3.1711335,-0.46509048,1.502829
2.1113682,1.3016373,0.83500284,1.6292192
2.1767447,2.016229,-0.53280985,-3.1823583
-0.4554133,-2.4793286,-1.4612881,-0.026214335
-1.1394022,-0.3644879,-0.4248654,0.49129316
-0.46562275,-0.5227485,-2.0456824,-1.6568332
0.2869469,0.18918933,0.98058724,2.0232258
-0.13352308,0.09587893,-0.6700719,1.4831287
0.8295629,-0.16022737,-2.6684983,-0.63252753
0.9136469,1.3647128,1.1202922,1.4226803
0.29815167,-0.49699795,-0.53186554,0.17491142
1.9021912,1.2800587,-1.73914,-1.7542506
-1.0196757,-1.7006061,0.8154333,0.6257924
-1.585403,-2.1122718,-1.5293461,-0.27735785
3.6567862,2.4715073,1.9734559,0.9394911
0.17575802,-1.0334059,-1.2270119,-2.504943
1.7597646,1.1768181,2.0347645,1.2395288
1.8421502,2.1300662,1.1324804,1.2932798
-1.7049909,-3.4160593,-1.6502548,-1.9731462
1.5717201,0.28382307,0.9847913,0.7028062
0.15507974,0.11703526,-0.97209364,0.29049423
-3.6709158,-1.0947676,-0.6881675,0.87481177
-0.3009542,-1.2739444,-2.857659,-2.0229769
2.835605,2.1708744,2.5020235,1.5735247
-2.9851918,-4.980048,-4.2496862,-2.190908
-2.8232868,-3.4036288,-1.3107691,-1.4071366
-1.478945,0.1202253,-0.5554132,1.5970154
1.8048389,0.29526648,-2.1911297,-2.4144065
2.465504,1.8444439,1.7588984,1.892638
2.6918373,1.1610541,1.5619457,1.8956184
2.2075546,1.8787973,-0.8895636,-1.3005673
-0.5952734,-0.42574286,0.8491097,1.5032325
-1.2785808,-2.7230058,0.37494048,0.9052697
1.6267364,-0.33918178,1.2047019,0.99693966
-3.962367,-3.6632583,-2.8870232,-0.80032676
-2.0537407,-2.9764202,-2.0023003,-1.0925355
3.162411,2.2992768,-1.5314564,-3.3257728
-2.5414474,-3.5802703,-1.6327068,-2.1580665
1.0501313,1.1337948,-1.8580993,0.5459154
1.0966655,-0.28243995,0.27336258,-0.5025209
1.6331115,1.8980879,0.4487318,1.0741055
0.29057404,-0.039843578,-2.3537507,-1.5773262
1.1119577,0.7789813,-0.46601498,-2.057026
1.0865135,-0.74866724,1.8021752,2.2003613
-0.29041094,-3.0433173,-3.135469,-1.6788126
-3.2732596,-2.9863753,-0.04830237,1.8712826
2.6560793,-0.22124906,2.2672267,1.0930061
-1.8217187,-2.297214,-2.220566,-1.5832207
0.9271761,-0.5773936,-0.2558737,-1.4453497
-1.0444221,-4.1536818,1.4842582,2.6230037
1.6526401,-0.09019449,1.857659,1.6597595
-2.8301256,-3.87671,-2.5785613,-1.0526139
1.3362203,0.09670083,0.19067672,0.48786983
2.9673648,2.777849,2.0001178,2.204926
1.6038375,-0.34015918,1.720087,1.5995198
-0.41142046,0.10849252,-1.3065152,-0.2874872
0.37419423,-2.7244246,-0.83210653,-1.6476732
2.7806678,2.7620227,2.0695813,1.7358453
0.26848307,0.7919846,-0.64244264,-1.5204473
2.9109478,1.5986573,1.8808472,1.8308344
-1.7819554,-3.6088693,-2.7243855,-1.4559891
-0.052683517,0.016018623,-1.3697221,0.24313381
3.088706,1.0015144,0.7319802,-0.45177817
-3.2847798,-3.0564446,-1.2908531,-0.15498343
3.239498,2.3142316,1.2749158,1.2361418
0.47521925,0.9702559,-0.552287,-0.817359
0.30605316,-0.6096611,-2.637539,-2.5270913
-2.782008,-4.185057,-0.54675883,-0.073833704
1.0658147,0.07387761,-0.4628097,0.27542996
0.2578772,0.2029269,0.91621643,2.2286468
0.93096524,-0.041865334,-1.8997036,-0.53762025
-1.5354556,-3.3785746,-1.4476532,0.4471141
3.0454726,2.3374214,1.6905837,1.5841445
-0.3884481,-2.5502481,-2.0283954,-1.9480047
0.6548146,0.486904,-1.4121118,0.29186225
-0.21201718,-2.1984231,0.1617258,0.29272318
2.830434,0.16854055,-0.5655676,-0.04873514
-2.2526011,-1.7366872,-1.8511354,1.0167903
1.0590037,-2.1176953,2.168668,1.9136392
1.5337067,2.0599341,0.8200249,2.0447428
0.93038356,-2.9559996,-3.1097836,-2.5058186
-0.80493695,-0.84327435,-3.3543823,-0.08465723
-0.3615247,-1.265216,-1.6558533,-0.8250427
3.2827592,2.334066,1.2778194,-0.6412379
3.0330682,1.8713187,0.026410978,0.6488485
-1.9561474,-2.3589253,-2.1532764,-0.97867346
-0.563188,-0.9028834,-0.068400934,1.3548954
2.2260845,-1.0247924,1.86479,1.1903275
1.3855988,2.2323349,0.9662897,2.036263
2.901409,1.2580013,2.098044,1.4225112
-0.08748321,-0.31091017,-1.9531108,-0.43661052
-2.6298923,-0.36595637,-1.6200299,-0.8999389
-0.3010134,-2.8992386,1.3862768,2.1661258
0.92350185,-1.4431725,-1.5691231,-1.1119994
-3.2570972,-1.032473,0.07320679,2.3584473
2.9424453,0.22387823,0.79307693,-0.322763
-0.44804394,-0.58292943,-1.2275645,-0.37904078
-2.2898512,-1.783644,-2.0499053,-0.42355686
-0.65768474,-1.0872442,-3.9038465,-2.853572
2.87755,2.7662294,1.987942,0.24159345
1.972335,-1.6946625,0.40244794,-0.55339855
-1.2351531,-0.58085394,-1.4402996,0.5504967
-1.148012,-1.6992736,-2.2339444,-1.2225825
-0.35872495,-3.0337162,-1.6631097,-1.5781678
-0.26830184,-0.04701398,-2.46414,-2.112669
-1.8676813,-2.8957522,-1.9140714,-1.4259332
-2.7074902,-2.3558216,-2.9807258,-0.9094742
-0.83392566,-1.872976,-3.2924855,-1.0692775
1.7370741,0.5559486,1.1714622,0.21397059
-0.41144457,1.4540616,-0.3983035,1.0734782
2.5664256,1.6671562,1.9868436,-0.3067475
0.7568195,1.2794795,-1.6576086,-0.8156007
0.369452,-0.5633245,1.9438192,2.052883
-0.2435193,0.60107434,-3.1154025,-1.9289314
-2.0719492,-3.3255265,-2.5625253,-2.1666028
-0.522558,0.50020236,-0.1112591,1.5529524
1.4883666,-0.47193834,-1.488095,-1.1562088
2.8142,1.6678772,2.0595393,0.39101115
-0.49370077,0.7257601,-0.8479612,0.23313142
-1.9152858,-3.6934245,-2.6368973,-1.8404297
0.73210114,0.8954255,-1.0711753,-1.0614201
0.43625632,0.8875751,-0.7927515,1.121804
-1.9418766,-1.5171415,0.29562178,1.5132593
2.6634798,2.5243251,-1.4132065,-0.57071036
-3.3463378,-1.6701972,-0.63260156,0.17463012
2.4074001,2.16045,0.91950643,1.134832
1.5546181,0.30919397,0.9076774,1.5944542
-1.8380698,-2.9075553,-2.0976849,-2.1353607
0.59227407,-0.1578583,-1.4505508,-0.50960976
2.5606484,1.8793058,0.3884199,0.48045844
0.9394651,0.67541367,-0.0066267354,-0.8072323
0.84895056,0.89003885,-0.3407417,0.64684993
2.2029495,1.8593055,0.48221385,-0.5387813
1.6055421,1.0708022,-0.05930493,-0.2189369
2.6379807,2.1683903,1.0794275,0.9183917
2.1109447,1.9854206,1.6067297,1.4849794
-2.0793457,-4.6730556,-2.4139845,-1.019584
2.6804,2.011906,2.4950986,2.3107374
-1.2331152,-1.288547,-2.1110778,-1.0574586
0.8451018,-0.10471862,-1.9619554,-2.6736937
0.71435153,0.016488481,-0.45629716,-1.5367249
2.5129986,2.4869466,-0.5360134,-0.5561236
0.99262905,0.9571664,-0.98871785,-1.2318201
2.8334057,1.1073371,0.13089752,-1.9913948
0.7049252,-0.582994,-0.6911928,-0.2008669
0.78727627,-0.2683958,-0.63374484,0.31833878
-0.15300897,-1.7696458,-0.8413769,0.385612
-1.0130672,-1.5092202,-0.6075207,0.9664461
-1.3001244,-3.8225265,-0.9277378,0.9178531
1.552279,0.5212098,0.35193828,0.126821
-0.3832578,-0.8783431,-1.5576037,-0.5956668
-1.4840405,-2.625696,-3.8097417,-2.159721
1.4590025,-0.2452818,-1.3842483,-0.3954014
0.8860376,0.61197203,-1.0542796,-0.5990341
-1.3715574,-2.411556,-1.802142,-1.9233178
2.7409728,2.6024005,1.1186826,1.3871206
1.5404595,-2.0370078,-0.49648905,-1.8348416
-2.4299805,-2.250798,-2.1750808,-0.05417694
2.5424886,0.10652873,1.984267,1.4839747
-0.42112714,0.83771497,-2.1741533,0.7228955
2.4844146,0.39906082,0.9121584,0.8876703
2.0868862,1.1440129,-0.85710853,-0.9561655
-3.1387088,-4.882837,-3.3284402,-2.2920458
1.5430173,1.4132487,0.74539334,1.5881287
0.67178136,0.7202015,-0.77811146,-1.5120807
2.1232824,1.251437,2.4290648,2.2256553
-0.33193022,0.13956818,-2.8549285,-1.7427177
1.5684403,0.4247079,-1.4045844,-2.9218328
0.45619002,-0.6488535,-0.3568206,-0.41296557
0.83427376,-0.60353434,0.19141348,1.2925439
2.0890362,-1.3758214,2.0753584,1.7989848
2.779124,2.2603889,0.3175351,0.5935211
-2.1218212,-2.383905,-1.9706734,-1.1115217
2.7919898,1.073586,2.0217957,1.41828
0.53696746,-0.045351334,-3.4204812,-1.5796194
1.4730736,1.3454628,-3.0454879,-2.4209554
0.24246779,0.18248218,0.34997958,0.85975206
3.3826587,2.0615427,1.7315714,0.462236
2.7947273,1.6841733,2.307395,2.1612384
-1.070226,-2.110749,-0.26641506,1.7385802
2.2148807,-0.005842734,0.49447256,1.1322327
2.358337,0.8524474,-0.627376,-2.0643432
0.9071314,0.43985644,-1.000011,0.9626267
2.0721872,-0.10984794,-0.40137467,-0.6041001
-3.303522,-3.405631,-1.6074231,0.03019643
0.8167416,0.41389644,-2.5471168,-0.27039537
-0.25737792,-4.1724815,-4.2242265,-1.6524256
-1.2487091,-2.1741467,-0.87410027,1.3643786
-0.5001961,-1.1773914,-2.82556,-2.4534097
-1.5433602,-3.0359297,-2.1920197,-1.2690102
1.8419803,1.6306604,-0.17102996,1.8757819
2.253445,0.17049304,-0.4513889,-2.3143873
3.1722844,2.3011642,2.1671011,2.4684215
0.13569076,-0.4080308,-2.106478,-0.2760872
2.9722376,2.1436481,2.0928605,1.4262117
2.546605,1.6794517,1.5776336,2.1599715
-1.2585629,-1.7121549,-2.0725272,-1.2392654
1.3200693,-1.0612586,0.61508477,0.039772507
1.7447293,2.2670348,-0.87611383,-1.3390609
-2.0949333,-1.1853291,-1.124943,0.11780588
2.5858374,1.8050348,2.0010598,2.043418
-0.3792809,-1.1692829,-1.7840363,-0.9965009
1.6097702,0.6785095,-0.6372403,-0.7088146
-1.5761212,-2.8235822,-1.3799051,-0.7582072
-1.5420858,-1.1475687,0.16799283,1.1877561
0.5849302,-1.0330126,-2.6337264,-0.5294559
1.8211633,1.0172483,1.4228907,1.8229254
1.447748,1.8405725,1.0158019,2.0187209
-0.023795385,0.080687016,-1.2667141,-1.6218683
2.046247,1.734731,-0.038346544,1.2250175
2.0764365,2.3092134,2.049887,0.5489696
-2.2652476,-2.8963394,-1.482833,-1.5561247
2.557822,2.4326522,1.4904242,1.5363432
1.7312969,0.9801399,2.1069417,1.649579
-1.3867781,1.2115867,-2.1355238,1.2076067
2.8133273,1.8223917,1.3309411,-0.90570533
-0.5515216,-0.75802577,0.5584003,0.4696428
-3.0711546,-2.4811878,-1.674418,-0.38220748
-3.0860496,-2.4095716,-1.180544,-0.32153213
2.3546982,0.045842588,2.4323356,1.374639
1.9935614,2.4051719,-0.35834002,-0.30999228
1.3735404,0.7768026,0.84581685,0.7676902
1.3184271,0.124048255,-0.7901722,-1.8479823
-2.4765208,-1.2541155,0.7326982,2.2520118
2.9205015,1.9226685,0.46797222,-0.6867879
-0.9948785,-1.8106457,0.31838074,1.4681556
-0.7786919,-1.3775512,-2.0511885,-0.7785306
-1.3349658,-0.90484244,-1.957612,0.32143483
-0.28069222,-0.6848306,1.4181497,0.7728461
-2.6185386,-2.906868,-1.89125,0.750218
1.9468243,1.7757608,-0.8900747,1.2642093
3.6355681,1.2354085,2.0056963,-0.12270053
2.6665735,1.2822727,-2.4659526,-3.241136
2.5510964,1.1371008,1.4190959,0.37864602
-2.5092928,-3.4028802,-1.7675108,-1.6839058
2.7806425,2.3154907,0.03591082,-1.1796528
-2.9903088,-0.774525,0.044053122,1.7725667
0.68728775,-0.1559268,-1.0130632,-2.1683362
-0.967783,-1.2548813,-2.2070353,-0.95512086
0.28806406,-0.36720148,-0.57212025,0.91667444
2.0059965,0.25448167,2.187049,1.7474213
-1.5312732,-0.36454138,-1.4679347,-0.09859566
2.604457,1.9456726,-1.1585323,-1.9623821
0.31694773,1.5253015,-1.2198563,0.25489944
2.5891993,1.7744992,-1.0568902,-3.6398883
-2.3818645,-2.985585,-1.7794635,-1.7731923
1.6871616,1.7573675,-1.411381,-1.2916149
-0.54884577,0.45042,-0.5586894,-0.44738805
2.8555198,2.594209,2.6274688,2.078804
-2.4878151,-2.9394755,-1.8688766,-1.3926803
0.37586161,-0.48278347,-0.24165462,1.0916071
1.2716272,1.0582871,-2.5543256,-0.71684915
2.0276396,-0.7816704,1.9482288,0.4083669
1.1803665,1.7069918,-1.8123114,-0.44766814
-0.7029365,-2.5859158,-4.315717,-2.775868
2.5259116,1.6429781,1.7570226,0.77222675
-0.108876236,-0.9335669,-1.1913428,0.6538793
-1.5092491,-2.1839998,-0.33572102,1.3470552
2.8080306,1.435371,2.3619974,2.1144369
-0.04290244,0.7954193,-3.358639,-1.7445766
-4.2967486,-3.832268,-0.061610743,0.68439686
0.3474134,-2.1142416,0.9472062,2.0448394
3.1326952,0.5699473,1.515607,1.4875646
1.4431173,1.3291191,-0.39284667,1.2989175
2.7651887,2.0253222,1.8446385,1.0913987
-0.13817099,0.1562446,-0.3926368,1.3864553
3.2878888,2.2198033,-1.0845294,-1.9917831
-3.1282423,-2.963652,-1.3672026,-1.6861374
1.2536817,0.16419119,-0.30664742,1.0900556
0.82732964,-1.3969942,1.8324356,2.1841125
-0.6358146,-2.1171129,0.93118024,2.2748334
2.29413,1.7316073,-1.6599945,-2.820308
-1.1158148,-3.553718,-1.9995426,-0.8220101
-1.5687745,-3.6326115,-2.2756693,-1.0018734
2.5180447,1.6825913,1.913534,1.8164035
-1.9320226,-4.057018,-1.9929748,-1.8821474
-0.687133,-2.423213,0.48900154,1.8913658
0.90873486,1.3063505,-1.4766144,-0.35053504
1.7673107,1.6241785,-0.73110956,-1.6494462
0.10482871,-2.6827054,1.8680165,2.1515496
1.7904477,0.49446368,-1.6480956,-0.25247866
2.224479,-0.5246534,-0.24780254,-0.8918015
0.5213249,0.9421309,-1.2856212,-0.52383405
2.7454607,2.2659018,1.5611162,1.4855076
1.1619781,-3.3317494,2.099371,2.0939689
-0.7186674,-1.203263,-2.728697,-0.18691522
-0.21504906,-1.306157,-2.0554135,-0.32167196
-1.6892594,-4.388941,-1.4458249,-1.4815875
2.90172,2.4940732,2.1789656,2.1664586
1.4048916,0.10321003,-0.67780244,-2.1214178
1.6595874,0.48651376,1.8853325,2.0636961
0.5299647,-1.4607922,1.5741597,2.2177656
-1.4236702,-1.7511184,-1.1845169,1.5528086
2.08266,0.56708807,-1.0519743,-2.570224
1.6585729,0.55774933,2.4892008,2.5622852
-1.8468453,-1.0422976,-1.7343239,-0.04688779
-3.9587674,-2.7796037,-2.947218,-0.5829027
2.6869566,0.28864843,1.9135253,1.6153377
-0.11776572,0.77234626,-0.5560455,1.9076662
1.0495025,-0.94058913,-0.22252811,0.06387055
-1.5148156,-2.4594088,-0.41007975,1.1272781
2.5922475,0.97031057,2.4187138,1.5244193
-0.49684426,-2.3933074,-2.147938,-0.72489583
-2.4342275,-1.0291331,-0.76314723,-0.47138232
-1.1523018,-0.28568912,-0.6227786,0.11970047
-0.7369439,-2.273596,-4.06857,-1.8310001
0.4494618,0.94888896,-0.67188877,1.6959348
0.3798147,-0.076387174,0.35335004,1.102678
1.4702402,0.6452938,-2.6712701,-2.5473518
-2.5127068,-1.54962,-0.96224296,1.0293324
3.0638614,2.101365,-0.91093063,-1.7774103
-1.5386022,-3.284525,-2.205924,-3.1393247
-1.4515889,-2.3374481,-2.2853565,-0.03635717
0.49797207,-0.5289231,-2.6314263,-1.5102192
-0.8747024,0.04175195,-0.9460003,0.9224568
0.25795108,-1.1817511,-0.58066994,-1.7240144
-2.2930684,-2.7267516,-1.7996264,-0.99709004
3.325537,1.6682311,1.9971219,0.29667765
-3.2201755,-2.6865427,-0.7588431,-0.029506762
-0.5939204,-1.1240343,-3.8792892,-1.7603008
-0.08788381,-2.220185,-1.2031664,-1.3280997
1.560094,1.9139037,1.9694551,1.6301489
2.3586497,0.80438614,-0.8733823,-1.6926042
3.2089531,2.6345909,2.382646,2.0752256
-3.1550736,-1.5250081,-0.82750493,0.13685654
0.6268102,-1.1514394,2.0041978,1.3330916
1.1769207,1.5514585,0.1741176,0.86497015
2.5636866,1.5577278,1.9405701,1.6798078
1.1285906,1.967723,-1.2219422,-0.11195717
-0.6767276,-2.6308954,-2.2064643,-2.832921
-0.65417993,-1.3942139,-3.7615137,-2.4554553
-0.41452625,-1.1468384,-2.7348938,-2.4004266
2.220934,2.18854,1.6851386,0.9680287
2.3332675,1.6658508,2.154571,2.025226
-0.7175892,-3.5600908,-2.6351936,-0.7838241
1.3723488,-0.2324354,0.759811,0.720686
-0.6635677,-0.8691648,-1.8961551,-0.0035236683
-1.209006,-2.8889031,-2.6240077,-1.9382104
0.53487355,-0.5706092,-1.6710083,0.046232235
2.7509482,2.5356479,-0.31839052,-0.6914382
2.18889,1.2137116,0.6995212,-0.6348331
-0.42326167,0.16562244,-1.1754019,-0.5161907
3.4636216,2.564853,2.1555583,2.193218
-2.5577981,-2.3802247,-1.2015152,0.9689584
1.5307304,1.1151677,0.54295635,1.2929797
2.6690364,1.4647266,-0.02051917,-2.0077887
2.9628313,2.3821871,2.423197,2.3875866
0.4160706,-0.89156085,-1.5358794,-2.128025
-0.6743258,-2.417308,-1.8787227,-0.11214298
-0.7570955,-2.2244546,1.1955779,2.2835689
1.1064535,0.09102389,-2.1177373,0.5125582
2.4542954,1.1091954,1.7928593,1.6836678
-3.3682868,-2.088584,-0.8175933,0.2743089
0.7802268,-1.5951635,-1.3290957,-0.12677784
0.35997483,0.37437087,-1.5732158,-0.5950852
-1.2397981,-0.7636657,2.1910787,2.6441984
2.8419652,1.9043299,-0.68858516,-0.6015198
-0.28851432,-0.76287156,1.3046952,2.144899
-0.649216,-3.2110002,-2.1356902,0.3237545
-0.593786,-2.51133,-2.4474971,-1.3278939
-3.3103213,-3.6298046,-1.5392411,-1.0842123
2.0982854,2.4085567,0.14705738,1.7316161
0.24904196,-1.8321626,-1.4792805,-0.8747113
0.029403696,-2.8251474,-3.3545425,-1.1353493
0.49949273,-1.9884692,-0.31202918,0.027850263
0.071421035,-0.76165926,-2.2215369,-0.97201717
2.897096,2.2334113,-0.32304177,-1.0960661
-0.30248037,-3.470008,-2.2399561,-2.267109
1.3405098,0.635496,2.1804974,2.39105
-0.9294392,-0.8444509,-2.2619698,-1.391211
-0.21535979,0.06146902,-1.141616,1.1044768
0.07314449,0.08058946,-2.3612466,-1.4549277
1.736777,0.29771286,1.7552705,1.909253
1.7795599,2.1429152,-1.4161731,-2.0756025
2.9243388,2.8204765,1.8135357,1.0520321
3.455193,1.6141565,1.1313189,1.8532963
-0.34962586,-0.25120544,-1.1603723,-1.086219
-0.37685132,-3.4784286,-3.9203594,-1.2352808
2.8219645,0.3124434,2.3550637,1.9133728
0.7942193,0.5782987,-0.44241118,-0.0011480857
0.607672,0.6155655,-0.17163134,-1.0642968
2.2746797,1.1498609,-0.20384197,-0.8085839
1.1208013,-0.7992764,-0.11564982,-0.04801551
-1.5801587,-2.9059234,-2.8240035,-0.58044887
1.9801233,2.1175647,-1.304609,0.38983452
2.6881268,0.080676645,1.7919344,0.82333905
-2.4036615,-1.5648278,-1.7146746,0.87601405
3.3485308,2.152329,1.8385979,0.68506557
-0.9089503,-1.7026757,-2.4490294,-1.6670557
2.2589636,1.1935718,0.13683999,-1.1612594
-1.8278247,-1.4838359,1.0644225,2.6048265
3.1074166,1.5771433,2.1443062,1.5420928
2.9356213,2.0392337,-0.9740789,-1.1491402
2.4253662,0.6502468,2.0019994,2.1497855
-2.0121167,-4.3377066,-2.5722015,-1.115818
-2.0205293,-3.7191203,-1.8122534,0.7560277
1.4804914,0.12268063,-1.7183192,-0.0009836095
1.7980971,1.8700873,0.031460233,1.3914517
0.7800151,-1.8461053,-1.0803572,-3.043225
-0.9710779,-0.8337384,-2.651745,-0.43108818
2.128339,0.036934137,2.5958884,1.8624345
1.3878425,-0.585114,-1.5973288,0.18621057
2.0477269,0.35290775,2.594246,2.2708898
-0.274641,-0.53476423,-0.33102137,-0.8042502
-0.068572134,-0.24345398,0.6769758,0.8930425
-3.4763262,-2.7637594,-0.64725596,-0.010428353
1.1740868,1.1713216,0.43410432,1.5174702
2.5434067,1.5778332,0.91028273,-0.18863662
-3.4993749,-1.0668737,-0.4038175,1.1915411
3.1400533,2.3374553,0.61068594,-0.98463374
0.6263632,-0.5899443,-1.0906132,-2.0334651
2.576467,2.7131028,1.9231299,1.2701888
1.2370801,1.3240185,1.65275,0.39831188
0.6726203,1.2147748,-0.674913,-1.0029094
1.9450595,1.9192357,2.1245744,1.4430715
-3.5933158,-2.0651488,-0.9217288,0.75706637
2.6208441,1.6271442,-0.38041398,-1.2960031
-0.44745025,0.20638274,-1.3362812,-0.036091607
-1.6994463,-0.3367618,-0.2826834,-0.2392638
3.4748774,2.5915675,1.7917016,1.6306688
-3.2226117,-1.7984906,-1.2559174,0.1306226
-1.2606786,-1.100306,-2.2909746,-0.88519424
0.24281834,1.0166564,-1.1763713,0.49140668
-2.616366,-4.0879874,-1.4594159,-2.0775359
0.8699852,0.5687107,-1.7192603,-0.78216416
2.644582,2.5158548,1.8102244,1.2305368
2.060002,0.26248953,-0.47179973,-1.2894555
-0.9390704,1.0791315,-0.93490577,1.274229
2.5828946,0.52830476,0.71966517,-1.8397927
-3.8441777,-2.7477067,-2.0746877,1.2232664
1.9804697,1.5189756,0.42712474,-0.12176939
-2.607851,-4.218957,-1.764201,-2.2344246
2.1037524,2.1153774,-1.2651882,-0.7281348
0.53932494,-0.17442562,1.8888814,2.0499208
2.219257,1.1394335,-1.1039546,1.2566521
3.4698024,1.6739839,-0.38228318,-4.24581
1.9124312,1.6957675,1.0720186,0.47209626
1.2777936,-0.5153483,-0.5554514,-2.1762638
0.44823405,-2.0534594,-1.5290003,0.4191486
0.78334934,-0.59029377,1.0339112,0.81697005
1.1563225,0.1669651,-0.42867956,-0.4685214
-1.7256864,-1.403305,-1.8360195,0.37870526
-1.2686074,-2.5870147,-2.8349805,-1.2158972
-0.6546143,-1.1153605,0.14710996,2.0612993
0.56111676,-0.2597626,-1.7807925,0.74183595
-0.18008378,-0.5197564,-0.63466245,0.10600752
2.5595114,2.1894557,-1.138202,-2.0985446
1.8276222,2.7253313,1.4321586,0.94201785
2.2018073,-0.15461548,1.4656961,0.9568083
-0.50262195,-3.1732686,-3.0290122,-0.1489786
0.80232674,1.0667865,-0.57480943,1.4686743
-1.2165147,-2.4278312,-1.5192437,-1.4696249
-2.0463085,-3.3245015,-2.6257205,-1.0521073
-0.97019786,-2.6703439,1.423128,2.336733
-0.06257201,-0.5319128,0.3782313,0.26878837
1.8229092,-1.2858582,1.5846562,1.0878075
-1.4949757,-2.4933126,-3.2198443,-1.2598088
-0.88892835,0.037641987,-0.846297,1.104952
2.6110897,2.418902,0.94262666,-0.26199424
-0.72889334,-1.1716172,-0.8743654,-0.6724339
0.53925633,-1.6664045,-0.108310394,1.3441882
0.09470336,-0.12545106,-2.258595,-1.8485789
-3.8007336,-5.1292806,-2.0980105,0.7395652
1.7447565,1.5589856,-2.1791809,0.55968916
2.5800428,1.9444054,-1.8927928,-4.81854
1.0190337,-3.1918404,1.6837118,0.5794271
-0.80391145,-2.3853548,0.23321721,2.2114863
-1.7622561,-3.3944182,-2.860193,-1.6264409
3.8909047,2.4289637,0.63904566,1.3634132
-1.510404,-2.7171571,-0.3250547,0.6204024
-1.2474507,-3.2703927,-3.726537,-1.9136719
0.5726433,0.65625787,-0.9546516,-0.24473232
1.5977002,-1.2371136,1.1041044,0.4657277
-0.12549427,-0.9669083,-1.3513645,0.9380236
2.798137,2.2605004,0.9503739,0.9805666
-0.8444021,-1.0455014,-1.3584857,1.1002029
2.6918,-0.2278398,0.59391487,-1.5344186
-2.029961,-2.659421,-2.2759254,-0.25002706
-2.5326405,-3.8171008,-2.0591955,-1.0945683
0.8954754,-0.3358857,-1.1255256,-0.45712987
-1.3727992,-2.7788808,-1.7630023,-1.3684366
1.1704078,0.8030553,-2.1863985,0.013592625
2.9375837,1.7525535,-0.99720955,-2.0896778
0.18040621,-0.2681729,-2.3197262,-1.1246624
-1.7119074,-1.0659119,-0.24439535,1.1954002
2.464295,1.5651442,-0.9251322,-0.73724353
2.6611888,0.16410212,2.5423791,1.4561
-2.511099,-2.5548263,-3.0234213,-0.97539616
1.7230695,1.6600046,0.23698819,0.93045485
1.036459,-3.0385587,2.226759,2.130174
2.307102,1.6226544,-0.97640073,-0.6777017
-4.3257494,-3.5271611,-0.75514996,-0.4898016
3.1246302,2.0954857,0.6827046,0.51474035
2.7980714,2.0877497,2.1098266,1.9704324
3.0545924,2.288831,2.24677,2.2259731
1.9650692,1.8060211,-0.81878644,0.5011302
0.92463577,-2.453372,-2.015923,-1.6110773
-2.0236592,-2.608228,-2.3090692,-0.23598816
-0.41226858,-2.1904795,-3.3040993,-2.1058311
2.514583,2.20698,0.112298764,-1.8424711
1.9934813,0.3548343,1.3195173,0.87538517
1.3688679,-2.1587389,2.395393,2.1647024
1.9935819,1.1105233,-2.3869298,-0.87785727
-2.558595,-3.0363135,-0.9762084,0.77147025
-0.17749651,-2.9626892,-2.9201546,-2.2217557
-1.1100869,-2.584327,-3.237345,-1.2572958
2.8782966,1.5264815,-2.179252,-2.2253237
-0.9610836,-0.77325606,0.06677664,1.2563758
-1.7676307,-2.9440792,-2.0659404,-1.4310243
1.211538,2.0276022,0.085824296,1.1092006
3.0379624,2.435946,-1.5126141,-2.6547222
-0.111836866,-1.2420825,-0.8066356,-1.5023459
0.36442783,-0.9618562,-1.4728932,0.14019163
1.0445669,0.37752697,1.1014414,-0.62816477
-2.2504897,-2.4898639,-2.532371,-0.6465853
-0.8895472,-1.4484965,-2.0998368,-0.6059102
2.9724143,2.2475646,-1.374839,-2.9727156
-1.756486,-2.309423,-1.4255342,-1.5550249
2.0751138,1.7764809,-0.7652171,-0.0961687
-2.87227,-3.676166,-0.9957945,0.08475985
2.4801812,1.5968834,1.9262959,2.1332533
-3.4733071,-2.5473573,0.5970021,2.3831065
0.5581598,0.12225177,-0.92435145,-2.1601434
-1.15489,-2.0122545,0.21699475,1.3791134
0.045141134,0.21087442,-1.2349805,-0.6861745
-0.09066366,-0.45465893,1.1847531,0.29601848
-0.59805006,-1.3479689,-2.6187832,-0.9548503
-0.32985908,-0.11086542,-1.485773,0.10183098
2.613366,1.8241562,2.1659508,1.3286239
1.7239572,1.0938559,2.2932844,2.3111098
-2.436144,-2.4698784,-1.6736717,-1.1298121
1.0318204,0.0504488,1.6930548,1.7735304
-1.6682585,-1.4255683,-2.4145036,-0.058387034
1.0072358,0.8248992,0.39014998,1.0043659
0.956882,1.7799268,-1.2948331,-1.3780828
1.3532578,-0.12376178,0.30859765,-2.6304069
2.7204235,2.7190423,2.0493157,2.1911325
2.9435027,1.5265353,1.0087434,0.7203152
-0.23314321,-1.000309,-3.815438,-1.6640168
1.79302,-0.8103072,1.1757017,1.0997273
-0.8033995,-3.383666,-3.385798,-1.142413
0.4338674,-0.28448716,-2.0122793,-0.057666983
2.8925045,2.3683443,0.935121,1.1943243
2.6662104,2.128953,2.4725218,2.0900686
-1.0637168,-2.7736363,-2.2282734,-1.5666277
-0.6832378,0.68176687,-0.4674835,0.96240836
-0.49686366,-0.92778516,0.39817047,-2.1873074
-2.3446453,-1.0929793,-2.0407872,0.42966843
3.4270263,1.6890194,0.9430151,-0.022213463
-1.8125347,-0.5152319,-1.2904186,0.59196585
-1.2660745,-0.15915382,-1.7363837,0.22361584
2.0696633,1.5204469,-1.853813,-2.66525
1.0218109,2.017313,0.9781767,1.3047736
2.1411889,0.35497144,-0.010433179,-1.8880762
-2.1324377,-1.4407337,-3.8470218,-0.6292666
2.6560793,2.0481105,1.5543453,-0.2634882
-1.0669949,-3.5576591,-2.7199678,-1.6279151
1.0541111,1.5633445,-0.47755674,0.7465693
2.6937752,2.1555219,2.3836408,1.6024324
1.8024803,-0.0013251224,-2.031271,-2.6285603
1.9215459,1.7577374,1.0381962,1.6510005
1.9540557,1.0844362,0.26407677,0.0014764899
-0.8435671,0.27709943,-1.418002,0.58542365
1.4316285,-1.165473,1.7610189,1.2299348
0.73129207,-0.32959917,-3.098308,-1.7251983
-3.1138225,-3.294375,-0.9420741,-1.1887599
0.10984212,-0.16224584,-2.807162,-1.4552879
0.8960481,1.4973042,1.0041535,1.3157525
3.0757873,1.8519287,1.6342814,1.513993
2.2893534,1.948586,1.3104279,1.7568619
-4.2104077,-2.5581472,0.5673031,1.7387418
4.03446,0.7949937,1.8939812,-1.5596421
-1.9280319,-0.9431797,-2.0479307,0.5960508
2.7656145,0.8491617,0.95100176,1.3671801
1.199346,0.7564993,-1.1701708,-2.445862
2.2072046,1.3935103,1.0076833,1.421066
1.0589372,-0.84121346,-1.8763744,-0.9867063
0.8766741,-0.00855726,-4.138064,-0.5477274
1.1213242,-1.0401804,-1.7004793,-1.8029724
2.6433673,2.2952592,1.6232146,0.866397
1.8446507,0.962356,1.1834472,1.4067683
0.83777094,-0.34637785,1.2416862,2.0725634
3.6732788,2.1143444,0.9528858,1.5630633
0.2264542,-4.2919884,-0.6793926,-0.062719345
-0.7884748,-2.787879,-1.4036659,2.076944
0.2594052,-1.7257869,-2.0781982,-1.1901182
0.120814264,-2.7088127,0.15212458,1.9166784
-0.6478439,0.48754257,0.11646316,2.0648897
1.9300913,0.3733614,-2.0484421,-3.0898438
-1.9695162,-2.6579242,-1.6477575,-0.2761305
2.6086295,1.6537951,2.5274518,2.0734408
-0.5550623,-2.5527542,-1.7612271,-0.24828596
-0.036648963,0.28819177,-2.286558,-0.63177
1.4961848,1.194539,-2.2220123,-1.6871558
1.1814915,1.5885843,-0.8974398,0.45788917
2.3963535,0.48362863,1.1539899,-0.120165646
-1.1467186,-2.1695247,-1.8117774,-1.1922752
0.7482374,-1.079717,1.6096067,2.210149
0.83532596,1.754604,-3.0364332,-1.82059
-1.1989435,-1.5624919,-3.3738492,-1.2249945
1.4739743,-0.17087199,0.7731177,-0.06882609
1.1188855,1.3635082,0.44435924,1.4179175
0.7480754,-0.21968561,-1.3868488,-0.24690945
-0.26327613,-1.3954835,-1.0236136,-1.18014
-0.73270726,1.4818559,2.1287084,1.756049
-0.63947344,0.23485273,1.4788046,1.6333853
-2.633987,-2.0921335,-1.723175,-1.1971364
1.8732284,1.4294122,1.45855,1.4837759
-0.6814085,0.13030109,-0.24661563,0.6202686
1.6970574,1.5777441,-1.8567777,-1.6257086
1.4991701,2.0902445,0.85839975,0.7051519
2.3984065,1.6256348,2.1337,1.1862613
-0.51169246,-0.4533191,-0.86016256,0.6312611
-0.02925604,-0.25730866,-0.107011475,0.5155681
-0.7710252,-1.6781224,0.22645871,0.76050127
-0.66007495,0.19956532,-1.4193493,-0.16957934
1.3220794,0.76442605,-0.25594443,-0.0031325712
-2.9165776,-3.3973024,-1.1566428,-1.3868897
-0.9850804,-1.9198372,-0.3118934,0.97896284
-0.67897034,-0.8386917,-1.2651412,0.033340536
0.6917255,0.050056703,-2.8342981,-2.6935778
-0.15513775,-1.3441303,1.0806757,0.66346365
-0.6879279,-1.1941715,-2.040727,0.46222478
-0.566293,-0.3018316,-0.32015336,-1.2452283
0.3755666,0.13805586,-2.2520607,-1.2076092
0.4700185,0.3097906,1.7817767,1.056879
-1.1506402,-1.3865143,-2.1507373,-0.8825933
2.7519846,1.69408,1.402876,0.17898232
-2.1121368,-3.0597959,-1.9934425,-1.4270465
2.1285481,2.3430502,1.4286008,1.5173775
0.6224269,-1.200175,-2.4290662,-3.5821276
2.8845387,2.5274274,0.76796246,0.69035405
-1.2830974,-1.7101091,-0.9253162,-0.048459634
-3.059762,-2.971199,-0.89825684,-0.6102414
-1.2166761,-0.8199023,-2.2368147,-0.8760093
-0.22627954,-1.6756494,-1.168069,-0.40201214
2.143336,1.5553714,2.2826924,2.0112054
1.9202232,1.1111629,0.42830247,1.6805233
-0.87436026,-2.0926745,-2.2543974,-1.2800007
2.3621178,2.1895735,1.3707736,1.0521792
1.2161419,-0.90113825,1.7057849,1.2573668
0.6255987,1.2735137,-0.48462436,1.7853743
-2.2546859,-1.6196402,-0.43773365,1.2556967
2.1903043,1.063563,0.5234427,0.3694971
-1.1072309,-2.8161993,-3.0204642,-0.66700435
2.3634503,1.3693068,1.0519698,0.014874462
2.1593816,2.3141825,-0.10900335,0.5006339
0.94762594,-1.6535391,0.09209884,0.020767845
2.2169604,0.12383288,-0.43515038,-1.0309058
-1.8884531,-2.3505647,-0.7671596,1.8317946
2.6191459,1.0347254,1.8919828,1.7706804
-1.7080393,-1.1353073,-2.569556,-0.34124565
2.227527,-0.46553892,1.9432534,0.7030465
1.646188,2.096562,1.0386401,1.7815396
-1.3342972,-2.643254,-3.2362347,-2.1834612
1.5633785,1.7507688,1.2353295,1.6864929
1.1239349,-1.1223314,0.51845723,-0.52874184
-0.87637293,-0.58899254,-1.5930326,0.029069955
-1.6770171,-4.8898363,-1.6687233,-0.14776409
-2.465607,-1.5127649,-1.7268516,0.12554206
-1.9814223,-0.95326114,-1.4230472,-0.013047957
-1.0052439,-4.06995,-2.6583567,-2.6673205
-0.11429445,-2.3385763,-3.1748195,-1.5209023
0.55427957,0.92857903,-0.43768087,1.7336031
-2.3175101,-3.6047473,-2.0593746,-2.7529864
-0.83945155,-1.767489,-1.9483342,-1.12481
1.3734922,0.026261244,0.9918714,1.061752
2.0257537,2.454425,1.272978,1.8947331
0.68834937,-1.62787,-0.87023354,-1.265089
0.99136096,0.6869429,-1.5754812,-0.28854367
3.3651073,2.0379646,2.2445402,0.915374
1.0160316,1.2160482,0.52448606,1.7267514
0.31784642,-1.033026,-0.58429635,0.35875848
-0.88012165,-0.866402,-1.2758317,-0.2406745
-1.2812598,-1.8991364,0.44237635,1.8391547
1.0306786,0.33245265,-0.837768,1.0187545
2.725537,-0.16748826,-0.5962539,-2.035949
-0.40429872,-1.9249861,1.2568873,2.683183
1.1842792,-1.518194,0.6459043,1.903812
3.090307,2.2147768,2.414635,1.8990145
2.0235705,-0.42418224,2.085089,1.7981595
1.2853702,2.2770712,-0.045296934,1.124821
2.7834349,1.9044839,-0.59003794,-3.391078
2.4560719,1.207753,0.590617,0.087358736
-0.659268,0.6083173,-1.2668847,0.9819019
0.9471318,0.39216703,-3.4360702,-1.9802858
2.6875453,0.6527271,-1.0287448,-3.5694606
2.3281505,1.0044796,2.35926,1.8211439
1.3587536,-1.5850908,1.0998394,1.6311702
2.8363538,1.7117507,2.2816288,1.9663764
1.9282683,1.9201504,0.87989503,1.8705937
-1.9042144,-4.3141923,-1.4931142,0.2599162
0.32938027,-0.7403561,-3.3567133,-1.9118929
-0.71180344,-2.301246,-3.5561023,-2.272613
1.9728328,2.3610313,-0.5909983,-0.8010949
0.9544794,0.58691734,-1.1284524,-1.1921906
1.399748,1.0913247,-1.1659561,-0.50877786
2.3827589,-3.0145698,0.4579271,-0.10822145
0.2823503,-2.1520946,1.141344,2.5087836
1.0354482,0.17694521,0.38715625,1.7858851
-1.3576072,-3.0772262,-3.0059373,-1.3050145
-1.296948,-2.5645962,-2.8724468,-1.5740001
-2.1565623,-3.4822438,1.7291359,2.725034
-1.8256788,-1.8936294,-1.9165424,-2.1307163
0.72942245,1.5371964,1.3580092,1.9688468
-0.066860735,-0.55779034,-1.1889986,-0.1581236
-1.2522495,-2.4616697,-3.9539332,-2.784427
0.040469106,1.9298322,1.2397709,1.3604891
1.6330281,1.0651531,-1.1541613,-2.5797238
-1.7530481,-2.8960187,-2.2238493,-1.2636616
0.03797432,0.17405066,0.38954046,0.94980335
1.7444233,0.38198096,-5.9694967,-4.059707
2.6173925,2.1677334,1.0365733,-0.8438245
1.7811178,2.361157,1.9094648,2.010212
-3.26554,-3.4325912,-1.5193664,-0.57787585
2.0442803,1.5104367,0.8134266,0.99791825
-1.3787459,-2.7182908,-3.6783345,-1.8287755
2.6023982,2.6631372,1.6275016,1.3703722
0.49600232,-0.17251885,-1.1570128,-0.98524797
0.7569835,-0.66803,-1.117253,-2.198537
-2.6567626,-3.2088203,-0.66628236,-1.7654608
2.1486835,1.8684411,-0.8015221,-0.4471513
-1.0786287,-2.196778,-0.830521,-0.49928236
-0.18260582,-0.21549319,-2.8950815,-1.7512995
0.34486148,0.81820196,-0.60306716,0.71531427
1.2923034,-0.29825133,1.6889529,1.59294
-3.0042548,-4.6907024,-3.1641955,-2.5671074
0.7138956,-0.18956947,1.8647045,2.1485877
0.90259296,-0.14487311,1.4716231,1.194691
-0.20388278,-2.9329338,0.07873331,1.2489027
0.95531416,0.989932,-1.2481449,-1.6840308
1.8955284,1.805457,0.5485492,-1.5677654
1.461743,-0.21613601,-0.10178241,-1.7939585
1.8770044,1.9952658,-0.13649952,-0.64122283
-0.8900741,-1.4974232,-0.9384487,0.5802064
-1.0765785,-2.2902157,-2.5337517,-1.7787402
2.6400285,1.0978259,2.3601718,1.9551916
-2.5394845,-3.4883063,-1.9828502,-0.83645684
-0.47718912,-0.61407316,-1.3762903,-1.3136597
-1.0236295,-1.9433982,-1.8876078,-0.74969876
1.1680586,0.8672067,1.6450269,1.8887527
-0.022029487,-2.016448,-4.5493155,-3.6494431
0.13771212,0.7749623,0.21406774,1.4917789
0.35990515,-0.115459375,-1.0755141,-1.3189052
3.0019546,2.4372716,2.5455139,1.9370955
-1.8233567,-1.3477074,-1.7860737,0.15238689
3.3004372,1.5705686,2.482658,1.1732423
-4.0892906,-1.0411668,0.14171027,1.9881854
0.3271758,-0.735872,-3.7458146,-1.5083201
-1.3117296,-3.357672,-0.4738907,1.4092718
1.4388282,-1.12657,2.0714748,2.0905485
-1.5247638,-2.1930778,-2.8027732,-0.39622357
1.9233767,-0.5563221,2.495585,1.3705409
-0.8231503,0.47308582,-1.3720838,1.1139704
-1.0293077,-4.161286,-2.1459973,-1.5837873
3.084481,0.9219553,-2.0752308,-2.7410476
-3.1324234,-3.5806265,-2.306572,-1.5425421
-0.4644508,-1.0022112,-1.9409087,-0.8158996
-1.3982598,-0.5492481,-1.6129874,0.10680131
3.003265,1.8290055,1.6704843,1.3647776
-3.2717626,-3.541194,-1.3997253,-0.55812114
-0.9367163,-0.9582446,-1.9393239,0.4449262
2.8397062,2.6506495,0.9139294,-0.4315613
0.65207404,-1.0363535,2.5095313,2.1652496
0.64330745,-1.5225568,-1.3418617,0.5386126
0.3026618,-0.10068312,-0.88891804,-0.17643121
-0.81411093,-1.5552987,-0.34841257,1.2433441
1.1889681,1.0322362,-1.2924703,-1.4389503
-0.4266855,-2.9244435,-1.5102156,-1.1464702
2.8026695,1.998956,2.270056,2.2552757
-3.1330483,-2.5656433,-2.2485175,-1.624963
2.5348492,0.012310185,2.403887,2.2053158
-2.182002,-1.8441175,-2.7875845,0.29593688
0.2727427,0.12822796,-1.6185917,1.0828886
-0.9223177,-2.7772062,-2.2111387,-2.8962646
1.2465546,0.63327396,0.95054036,0.33538008
-3.0227394,-4.971273,-2.316669,0.23585585
-0.048861686,-2.3477817,-2.4856565,-0.8633031
2.8201897,1.7551379,2.150587,1.767789
-2.6214378,-2.8066046,-0.7261936,1.3095268
1.3301632,-1.4800924,-0.9178721,-1.1963488
-3.3867493,-3.8206115,-0.8463709,-0.831878
-0.006082444,-0.5600586,-2.9512568,-0.20911017
-1.7118319,-1.6235393,-1.7862856,-0.091276675
3.2076426,2.127664,-1.8755332,-1.9562228
1.6683749,1.9525744,0.40269533,-0.092204906
-1.0259984,-2.525209,-2.084744,-2.44247
3.2877588,1.3999715,2.3542387,1.9814775
-1.1297306,-0.65412444,-0.0117636,2.5860314
2.3865006,0.5446786,-3.1808457,-3.0865655
3.426696,1.5081524,1.7152613,1.8847365
-2.654948,-3.3907435,-1.8591677,-0.27115706
1.8039749,0.84986955,0.2592557,0.7517716
3.362295,1.6560158,2.413356,1.4812428
-1.4916666,-1.2099853,-1.9305942,-1.259353
-0.5837159,-2.9897964,-1.7041862,-0.42709932
0.42540365,1.6258271,-1.1570168,-0.6661633
-0.038276784,-2.7184782,-1.187383,-2.192337
2.8525617,-0.8948239,2.4606073,1.203745
0.20388478,1.5359206,-0.89882964,-0.31133586
-2.6495872,-4.2662406,-0.80299205,0.80813473
0.58385074,-0.34430662,-2.3411632,0.08718349
0.34525764,0.005765633,-0.74990314,0.6956645
-0.4612219,-0.8269471,-0.73829,-0.039331414
-1.1711503,-0.5644096,-1.2841134,-1.0080447
-1.1517571,-0.49266133,0.6022762,1.0327255
-1.2192891,-1.8047218,-1.3901271,0.1378902
-3.6398945,-2.3830235,0.09958448,1.634134
2.0185485,2.0693192,1.730923,1.5475234
-2.1745322,-3.532061,-1.9883755,-2.285734
-2.3536189,-1.8775663,1.410153,2.316562
-1.5383397,-1.9923513,-1.0134737,0.9359687
0.3671296,0.3805252,-1.4504526,-0.88134336
3.2521317,1.6467332,1.9863404,0.4820775
1.1560647,1.0018604,2.4967234,2.1338615
-2.6600657,-1.9423082,-0.9768486,0.90387803
-0.53247005,-1.9814192,-1.9863834,-1.8340865
0.90898895,0.20719945,0.6365079,0.34686235
-3.2450533,-2.2002034,-1.7970259,0.63995767
1.5928973,1.7082072,-3.0575902,-0.8097589
0.7645528,0.047048572,1.0305133,0.5068289
1.6978292,1.713289,1.6778841,1.8896844
2.286761,2.389707,-0.28278583,-2.1638918
-1.6033032,-2.4346044,-1.1271383,-2.0000508
1.9246442,2.117574,-1.0750316,-0.22445308
1.3420844,1.0852387,-0.95480967,-1.880692
3.2820487,2.71427,1.5711943,1.95394
-3.099091,-3.5818763,-1.2044817,-1.5660987
1.1143508,0.8715301,-1.2101941,0.7096359
2.9568346,2.1292946,0.2726567,-2.9515476
1.755147,-0.2233957,0.42967585,-1.7037557
-1.7664126,-2.0804472,-2.3705199,-0.90246344
-1.8866395,-2.84358,-2.018625,-1.952016
-0.9451761,-1.6718646,-1.4129901,-0.018600788
0.4985663,-1.425302,-4.2281513,-2.8703449
-2.5172577,-1.920826,0.30031225,1.9177996
2.7569408,1.6473877,-1.0685036,-0.3321218
2.224266,-0.03932424,2.1161258,0.43822867
1.9667271,1.4281766,0.7927928,0.25941736
-3.7455041,-3.9620943,-1.4886916,-1.1103323
-0.28397512,-3.3925195,-0.7655046,0.49142036
2.259765,2.453641,2.4387848,2.3920176
1.4123157,0.7182815,-0.5293574,-1.1030293
-0.32339287,-1.5014222,-0.47589466,0.4543378
-1.0471456,-1.723672,-2.9385026,0.057577778
-0.93833077,-1.8461323,1.6308621,2.0448463
-1.378695,-1.0761375,-3.2324324,-2.4101148
0.28585485,0.11384381,-1.3115952,-1.3748585
-1.8267779,-3.8014243,-1.8315924,-1.4409903
-1.4509218,-1.8926562,-1.0775665,1.124286
1.501755,1.9640334,0.9050132,1.5673828
1.427526,-1.0149655,1.8757241,1.3112338
1.4736898,2.0707424,-1.4910147,0.21515258
1.5637013,-2.3303347,0.96518165,-0.110818885
-1.5346386,-0.8712215,-2.1651428,-0.15860066
-1.7295271,-2.8434486,-1.5969176,-1.9502963
-0.30427456,-2.599186,-1.5632068,-0.08004195
-0.6430068,-1.9828427,-1.1853743,-0.9735366
-1.1702569,0.010660733,-1.7475556,0.7383024
0.44772524,0.4276373,-2.1268678,-2.1905231
1.950114,1.2533183,1.9490358,1.5021777
0.3738814,1.3954133,-0.17162111,0.8988336
2.9207258,1.336994,2.0710871,1.5592237
-1.801949,-1.613381,-1.6601027,-0.201977
2.2326503,1.6659526,1.5056616,1.4089127
0.3068004,-1.4448766,0.9621157,0.9820821
2.8787708,1.8099675,1.5410165,2.273689
-0.16323256,-2.4255562,-1.354508,0.024692487
0.7414756,-0.14953351,-2.0406458,-1.1048801
1.0689263,-1.0358118,1.6107115,1.8183366
0.17720453,-0.84386575,-2.5475428,-1.4833995
-0.9935347,-0.71785855,-1.3087057,-0.9127525
0.115622945,0.8309659,-1.7799762,0.1299647
-0.3278959,-2.9668088,-2.592054,-3.4484875
2.7373917,1.6875796,-0.960963,-2.0980222
-0.15593895,0.025534542,-0.6517971,0.76725847
1.5838163,0.9620751,-2.16533,-2.3263056
0.18535282,-0.9912671,-1.5661178,-1.4834007
1.5524032,1.9763962,0.943829,1.2559586
0.6152014,-2.0673733,-4.2089806,-3.0971081
-1.8173747,-2.0499268,-1.7207359,-0.56148314
3.4122796,2.5791216,2.581008,2.333653
-2.1221042,-1.6844002,-1.8024161,0.21133772
0.84151965,-1.2555307,0.1781706,0.80841607
-0.55971307,-0.4424108,-2.1930487,0.4165986
3.4686182,2.4830346,0.21872985,-3.2675874
0.7842868,-1.2622842,1.3633113,1.4419429
1.2073491,1.2587676,-2.7414966,-1.0916889
3.3721116,1.7169248,2.54448,1.4845684
1.2001246,1.3863691,1.1425067,1.6890906
3.1272404,1.134334,2.5103807,0.932581
-2.2646875,-4.133713,-3.6387067,-2.218304
1.3385075,1.2623314,-1.7676449,-0.76473117
2.259714,2.10733,1.2057257,1.2607408
-0.5741206,-1.9077275,-2.5017157,-1.9884511
-1.5730087,-3.3801687,1.8966057,2.8060267
-3.6935823,-2.4150188,-3.1400132,-0.123864494
1.472045,-1.0917981,-1.9137349,-0.8392496
-1.5981643,-2.212495,-2.5237627,0.60072947
-0.052208245,-0.82322925,-2.0074232,-2.2790885
-2.0025284,-2.520238,-1.927127,-1.4845823
0.33466172,-1.1082997,0.5092699,1.5003039
3.8558068,1.869894,2.685686,2.2970548
-1.6867607,-1.9701468,-1.5818082,-0.95271444
-0.62891656,-1.3579293,-2.2196643,-0.611016
0.18283917,-1.1129047,-2.864009,-1.1318036
0.5761924,1.2690041,0.026806476,0.5579665
1.6422135,1.8011732,-0.2584029,0.4751546
2.784363,1.5746168,0.5319187,-0.9167536
-2.6356697,-2.1553588,0.084748365,1.3882736
1.5383179,1.4154971,1.9531233,1.3305955
-3.3342419,-3.9506402,-0.9678859,-1.6576624
2.5627775,2.7061667,1.5497173,1.2168758
-1.4984922,-1.4404492,-0.8048,-0.64783275
-1.0814033,0.086387046,0.17462824,-1.121198
0.37152076,-0.80168766,-2.2328837,-1.4933438
2.489976,1.8771253,1.719455,-0.19040753
-4.2110868,-1.7209144,-1.5795515,1.4813306
-2.1661854,-2.744015,-2.0001686,-1.982158
2.2769492,1.6455046,-2.0034068,-1.4702457
1.9864292,1.8694624,-0.74440455,-1.3324996
1.170422,1.1171321,1.904184,1.6117404
-1.4899355,-3.922959,-3.9892416,-1.8398122
-2.256504,-1.772397,0.35219234,1.6231518
1.0930116,0.6747864,-1.1980187,-0.013337552
-1.0963635,-2.369681,-2.5143344,-0.7061704
2.8888586,2.6767635,2.3512588,1.6871102
-2.54668,-3.4701867,-1.9142512,-1.3028446
2.0652237,1.4063714,0.8405561,1.6955458
-1.9727702,-3.1683865,-0.2670371,0.8769077
-1.2567981,-1.1305494,-1.2229792,0.7634275
-0.50140965,-2.305649,-3.552605,-0.85248685
-0.88224363,-1.0790526,-2.806314,-0.91349494
0.2294515,-2.8322372,-2.81349,-1.8009562
0.2832752,-0.14056309,1.5608847,1.8168447
-2.2941456,-2.8121412,-2.4165976,-0.16796917
-0.7892236,-3.0593796,0.21668519,1.4245242
0.46583694,0.09363096,-2.893015,-1.4197155
0.5987152,-1.024465,1.4357147,0.6983786
1.3002751,0.9253687,-0.8697819,-0.2512078
1.5634252,1.5731318,-0.5369755,-1.2355343
1.1054574,-0.5984008,-0.10558197,-0.59362394
-0.5285424,-0.21561313,-0.74431235,-0.4205679
0.5520902,-2.139138,1.8036098,1.2522854
2.6675434,2.3543994,1.7815242,2.2399948
-3.1459491,-1.8332686,-0.8363694,1.2654717
1.1897787,-0.85027415,-3.4664264,-3.1889362
-0.5230128,-1.7635697,-0.8599016,0.33015785
3.1374726,1.9717665,1.5158086,1.7451178
-2.2922788,-5.2587094,-3.8407378,-2.7616777
1.9523804,2.066853,-1.0109239,-1.1230031
-1.2490499,-1.0225657,-0.31839386,-0.7369508
-0.23844169,-1.4425131,-2.2532406,-0.65919834
-1.3770554,-2.1321282,-1.2026159,1.1305697
3.5832803,0.84738076,2.4027176,-1.1321433
-1.8822653,-1.5526267,-1.8063637,-0.7065242
0.13076983,-0.21529149,-1.5614909,0.6572525
0.28165025,-1.5423675,-3.9442723,-0.5034616
-2.6496456,-3.464705,-1.6299827,-1.5090115
-3.4596558,-2.74095,-0.47050935,-0.22580762
-0.05054112,-1.5916806,-2.095891,-1.5853517
0.92475575,0.9050135,-0.14140485,1.2971572
0.5295219,1.0069793,-1.7638344,-0.47423083
1.8292413,0.43752176,-2.410868,-2.1039655
-4.0109563,-4.692674,-1.0907178,0.6111271
2.470364,-1.4890416,1.5969888,1.7190559
-2.6114237,-1.8034619,-1.9170218,-0.17613623
-0.831085,-1.7767271,-1.634258,-0.91215116
0.95911527,-0.564764,1.0459334,1.5167444
-0.81904,-1.6209238,-2.5737557,-1.234559
0.2463339,-1.5987337,-2.3392677,-1.5551167
2.2668085,1.0314676,0.18410014,-1.4040092
-0.6195605,-1.0264089,-1.8171645,0.64903116
2.2138662,1.9606105,1.117676,1.1823126
-0.94378173,0.78569365,-1.8416985,-0.3516704
3.588102,1.9102429,1.8521303,0.75941294
-3.6157823,-3.8359032,-1.0532224,-0.028410114
1.1869166,0.1720275,-2.275068,-1.4408772
0.51342547,-0.46971628,0.7246289,0.8282738
1.7297165,0.9905371,-0.4722845,-1.5170743
0.07729094,-1.9238412,-0.7124253,0.07830799
-2.476989,-2.905195,-1.5812865,0.1459164
-0.20044687,-1.3410819,-3.8140955,-2.1908562
-2.3411686,-3.54456,-1.0088162,-0.82508665
2.0679731,1.3504907,0.39347792,0.3409532
1.5845515,1.7101234,-0.6166052,-0.4897121
-3.5166352,-2.7891395,-1.2268834,0.080046795
1.9648926,-0.9378013,1.6443311,1.4891597
-0.74722195,0.50639534,-1.2959987,1.2181199
3.0934157,1.6595513,0.37952542,-1.52266
-2.1229715,-2.9718509,-2.159508,-1.775259
0.24813856,-0.4542124,-2.854055,-1.6173781
-2.799619,-3.4357035,-0.8940749,0.82861346
1.8692701,0.9781445,2.1326194,2.2244105
1.5951761,1.019132,0.6132416,1.0493168
-0.084156826,-2.396288,-2.475385,-1.9083974
-0.9369859,-2.2682366,-2.5077033,0.17530626
1.1238929,-0.99467134,0.10819654,0.09179089
-0.02987489,-0.4096011,0.61680233,1.9781218
0.5178481,-0.21601442,0.077676155,1.2175585
-1.1619234,-2.8195488,1.7390262,2.5160885
0.47934788,-0.80256826,-0.54709196,1.0911232
2.3514588,1.3081409,-1.8471937,0.16948372
-2.5151618,-2.9246895,-2.3654177,-3.1432414
-0.6467267,-0.6415165,-1.1626956,-2.3177898
0.6823259,0.9541747,0.47587505,1.5052593
-0.315521,0.49161717,1.5813872,2.3788238
1.5564449,1.0710318,1.6835061,1.5341151
-0.18478464,-0.60937035,-2.8562732,-1.3603784
1.3961617,1.2795842,2.2002323,1.5529631
0.08733585,0.3274402,1.6483132,2.013702
-1.1027999,-1.3044022,-2.4014685,0.3330592
3.4414291,1.8429434,1.866231,1.5022912
-2.5510051,-1.5895267,-0.88437754,-0.48735473
2.769566,2.1946821,2.2624094,1.6794851
-0.33272356,-0.7126701,1.2319323,1.341552
0.96267956,-0.74038154,-1.1631024,-2.2969837
-1.4687293,-1.6234598,-1.3180729,1.575114
1.5568179,1.0355158,0.67305005,0.4386003
0.055595823,-0.9312627,1.1643866,1.2260852
-0.8198936,-1.8361597,-1.421379,0.3875795
1.173806,0.7092651,1.4337627,1.8663327
-2.8228035,-2.1742442,-3.8535118,-1.1899153
-0.45632532,0.28299597,-1.0399652,0.4603468
0.64781964,0.7511301,-0.04849887,0.3244182
2.2673326,1.6736597,-0.7627733,-2.0003066
2.4460225,1.9949232,1.2791249,1.2703111
-0.23051298,-0.74891275,-1.5695815,-0.5585903
1.9026669,0.26971367,1.2046977,0.38422868
1.906814,2.1947567,1.2092576,1.3055446
1.8323497,-0.97281,2.4312384,0.8946152
-0.36564916,0.40081865,-0.50173545,1.6667401
2.6128268,2.2832663,-0.32693458,-3.6447446
1.0600135,0.799902,0.6701597,1.270647
0.24618456,-0.04556953,-1.6103157,-0.7201971
1.1728853,0.1377189,-3.1038213,-1.4627386
3.8493547,2.0177412,1.926061,0.023994396
-2.2109478,-2.881183,1.1516131,2.652193
1.3840326,0.11887746,-0.34922943,0.41723454
3.1746957,2.343361,1.6264403,2.25466
2.5661914,1.779145,2.0981624,2.152943
-1.5223165,-2.420074,-2.6219146,-1.5904588
1.3878022,1.0861803,2.2522192,1.6954956
-2.3522673,-4.101773,-2.147998,-0.49282554
2.7234993,2.5109074,1.0569113,0.047801595
-1.2056644,-3.0551813,-2.2414424,-1.9170132
2.1119597,1.0057328,1.5179383,2.1463895
0.27277938,-2.0003924,-0.07749109,-0.14605303
-1.6551317,0.028440876,-0.9523929,-0.15237771
0.848163,0.4728205,0.8811174,1.9627293
-1.6104515,-3.7077212,-2.6088855,-2.3013697
1.2849584,-0.45578596,1.0406543,1.4623272
0.15999727,-0.9020052,-0.620639,-0.7096198
3.4734216,2.1588566,1.5937755,1.6915739
0.77446955,-0.5174617,-1.2508944,-2.7717116
2.2259703,-0.14252405,2.4341545,2.0602238
2.0474107,1.4679444,2.1652896,2.3363752
1.6924891,0.52025354,1.2406015,0.43930626
-2.427967,-4.149137,-0.7809081,1.3187797
-3.320744,-4.105491,-1.5130359,-1.3740816
1.3044294,1.3688265,-0.15343349,1.4093349
-2.6483388,-0.24332862,-0.09588835,0.97935313
0.99702704,1.1817325,-1.9908983,0.45341474
3.2828646,2.7774923,1.076042,-0.63118565
-5.6408286,-3.3636541,0.59666413,1.8771975
3.2835531,2.6440506,0.6228996,-0.25811747
0.79582435,0.8300615,0.6565314,0.9703757
0.329745,-0.6423582,-2.57412,-1.043454
2.2534118,2.0557914,1.8250813,2.0179725
-1.1671509,-4.235004,-0.91907585,-0.55884653
-3.096802,-3.2357726,-3.1845613,-1.3696717
2.5782948,2.1057644,2.2668195,1.8615354
-4.320939,-3.8597367,-1.764428,0.5528466
1.9654475,1.2192161,-1.4505221,-0.3026437
-2.0792925,-3.522379,-1.6105193,-1.7424338
3.2811882,2.901448,2.2942135,2.0946293
-2.4376564,-4.516542,-1.4250524,-1.1128291
-0.093488306,-0.17850636,-2.7719395,-0.8127499
2.6351862,2.5681994,0.575591,-2.301805
-0.1029652,-0.21297212,-1.288429,0.552337
-0.29775828,-0.8892785,-2.6812122,-1.7869426
-1.2853879,-1.1148905,-0.7361127,-0.108734764
2.4525373,1.8787954,1.5047597,1.4923506
1.6217003,0.6784991,-1.624669,-1.4070807
2.814981,1.3552477,0.45848823,-0.7473083
-2.15983,-1.0346901,-1.3050082,-0.20848748
-0.23296112,-0.8135713,-2.3315399,0.74751675
-0.31749493,-3.854701,-1.0135281,-1.4152681
-1.8878694,-2.6930459,-2.4580956,-1.3408272
1.2506444,1.485561,1.2670126,1.5387465
-1.3807379,-3.8425694,-2.3705986,-1.9714661
0.7628167,1.1389189,0.122909166,1.7034904
-0.86812145,-1.1699502,-1.3766508,-0.2963534
-0.83385336,-2.3520443,-0.9844921,0.5610779
1.9126681,-0.27971622,2.278177,2.2704759
2.5286381,0.91181636,0.04269058,0.8715707
-0.7422337,-0.67574567,-0.5919276,-0.0043829214
-1.4613552,-2.3298628,-2.3558245,-1.029139
0.4022348,-0.307124,-1.9609252,-0.037813015
3.023444,1.8470114,-0.2999125,-1.9932842
-2.9801707,-1.3151268,-0.30576485,-0.2766575
-0.57706994,-1.730034,-2.278977,-2.4700181
-2.2131271,-2.5519667,-1.0545106,0.23947226
-0.23776966,-1.0990067,-1.0560509,-1.1386987
-0.46838635,0.05415347,-0.36175305,0.20473672
1.1424543,1.0798545,-2.4278216,-0.45486405
-2.5877068,-1.650032,-0.93144494,1.882832
0.72858036,1.0944399,1.1001402,1.1615832
-0.49644917,-1.1079688,0.8389787,1.1043131
-2.1693254,-1.6717297,-0.8537061,1.444749
2.030466,1.6218326,1.9686921,1.4790305
1.9027241,1.8023905,2.025125,1.6704136
-0.69891524,-0.37167266,0.86175185,1.0653572
2.5107203,2.3485072,1.0891272,0.4997009
2.3182337,2.275675,2.3090057,1.800067
0.49279803,-0.2548465,-3.1854985,-2.4310226
-0.19635414,-0.8341286,-0.48245874,-0.08058468
-0.12657608,-0.36606735,-1.2378887,-0.49488482
0.80778164,0.80238515,-1.1390535,1.1709583
-0.48847723,-2.1473608,-1.7721875,-2.7802758
2.2962728,2.1732686,2.3607662,2.0932355
1.8267779,1.5770806,0.2620317,0.6684282
-1.0755161,-3.0214114,-2.8816683,-1.3727051
1.7723087,0.7885769,2.3972807,1.5306623
0.72146964,0.8035831,-0.45772228,-0.96013635
-0.45106092,-0.21874261,-0.729893,-1.1508431
2.9083698,1.8596693,2.489706,1.924295
1.7798926,1.2663183,1.0318829,1.3544997
2.264417,1.4912902,0.30783126,0.38387653
0.649409,0.31797802,-0.3589825,0.2122152
1.3520683,-0.37788993,-2.5504708,-1.3496449
1.3129115,-1.0987195,1.7542484,1.2503009
-3.751683,-3.776878,-0.95831573,1.5367575
3.2548854,1.1797918,2.2369058,0.25683713
2.263815,1.5413455,1.5392513,0.8943509
0.24528955,0.16425717,-3.0760267,-0.9778043
-0.21035503,-1.4155595,-0.6752428,0.8965537
-0.9249579,-2.204103,-0.74378836,0.45329708
-1.4652452,-2.380234,-2.0838783,-1.4583721
-1.2525183,-2.4605885,-2.2887177,-0.4638098
0.61440754,0.73680437,-2.9407983,-0.08066092
-1.0584725,-1.6565448,-0.39498037,1.2318796
2.8839853,1.3663518,2.656653,1.5816603
-1.9246147,-3.0663033,-0.4520343,1.9262781
-0.32160288,-0.9958314,-1.938525,-1.0380262
-0.91049665,-1.6107829,-0.93782586,-0.31827182
2.1622596,1.7437788,2.63833,2.4956386
2.2764554,1.6280029,1.701799,1.8176564
-1.5323917,-1.6538838,-1.7350583,-0.26810908
2.4938846,1.0337121,2.0158157,1.8011391
-0.7707042,-0.09620839,-1.5480981,0.4651116
2.7109644,2.4553337,0.3768629,-3.516474
3.3765478,1.7702888,0.80117124,0.6118492
1.8494889,-0.10938068,2.4178503,2.045363
1.18339,1.7455999,0.46277946,-1.049287
1.7119638,-0.15423045,1.4692965,1.092978
1.725667,0.7808292,2.129065,2.4694111
-0.61803824,1.3197949,-0.5435001,-0.41447154
1.3715377,1.6084527,-1.3035586,-1.0966226
1.641024,-0.5336207,0.93096703,0.038216405
2.7052891,2.2955837,0.61924833,0.43688345
0.8575322,-0.54592705,0.6608351,-0.2525752
2.1037576,-0.37703502,2.2056873,1.9985491
-3.332716,-4.795591,-2.6050482,-0.7039982
0.6694003,-0.7981357,-1.1937609,-0.51913095
-0.6954217,-2.847465,-0.16252719,1.8185753
-0.29518437,0.16222645,-1.6182386,-0.55903095
0.391216,0.54351556,-2.0684247,-2.3153586
1.4741012,-1.8282102,1.1052934,0.30049953
-2.4469647,-2.0929604,-2.5181482,0.31632903
0.094180405,-1.4000278,-2.507601,-0.8757543
-1.2695204,0.02077517,-2.0484276,-0.18659455
1.8312199,1.0011327,0.05463682,-1.214642
2.4927359,1.5810331,2.3488405,2.4943984
-0.2472814,-4.617404,-3.3609695,-2.4885423
-0.35084602,1.3519946,-2.5256457,-0.7490804
-1.641874,-1.7372248,-1.9455966,-0.45164165
0.118327335,-0.6411857,-1.1385689,-1.0928924
0.39969283,-0.34456205,0.055579253,0.065760985
2.471629,2.194563,-0.41564068,-2.3384821
-2.6897304,-2.780054,-1.2800001,0.9534728
3.5535839,2.3807597,2.3548872,1.2462296
-1.4863814,-1.2015929,-1.6744251,-0.73555815
-0.92696667,-1.3214616,-1.5699649,1.3104184
-1.3996154,-4.7832775,-0.708628,0.46591288
-1.2766759,-0.96604514,-0.16531819,2.3747914
2.3115501,2.3043451,0.30730435,0.443025
2.210175,-0.29024985,0.7016184,-4.8125377e-05
3.2623656,2.1936252,1.8367932,2.1112752
1.5152025,1.63316,-0.3672291,1.0056946
1.4620444,0.25261593,-0.9487846,-0.81948745
2.8252401,2.5146205,-0.8729551,-2.924021
-2.7977111,-0.20137978,-1.0877111,1.1848767
2.8437307,-0.9492294,2.317274,0.9765272
-1.4642684,-1.2089758,-1.889502,0.44979462
1.6174186,0.39662337,-0.7035218,-0.64278764
-0.7397381,-1.9443104,-1.8930826,-0.76090884
-0.1218451,-0.33007187,-0.05768957,1.1730853
-0.2774549,-2.7555022,-2.376768,1.1990696
2.9132054,1.0171413,1.727055,1.7553804
-2.5741742,-4.0772047,-1.8737645,-1.1648568
-1.3588929,-2.1553173,-2.2108092,-2.3417819
2.8436306,0.72638595,1.4430134,0.15720145
-1.319232,-2.2187333,-1.1503905,-0.41652375
-0.86704826,-0.510781,-1.2006153,-0.39404064
-0.036329582,-0.8374789,-2.9329827,-1.1863091
-1.9776177,-2.934216,-2.653675,-1.2407688
0.41364184,0.99917644,-2.0808475,-0.7425544
2.3298562,2.0422008,-0.1066821,-1.6144086
1.8272182,0.39694902,0.79746574,0.5710202
-2.2520883,-3.315954,-1.6032944,-2.1508014
1.0562652,0.7407277,-0.94339263,-1.1987784
-0.49130005,-0.7866258,-4.555074,-2.9893975
-2.4369822,-2.4125195,-0.91526043,0.73105466
3.3904622,1.7309159,1.10688,0.23929575
-0.26849914,-1.0582794,-0.5684548,-1.7286797
3.096539,2.8375049,2.435792,2.1070776
-0.18001671,-1.0057088,-2.0204623,-1.7169881
0.24564378,-0.3227186,-0.7080694,-1.1263354
0.4093581,0.42490536,-1.8837535,0.24924552
3.0140505,1.9040226,-0.8951665,-3.1672578
-0.4600117,-1.3157439,-1.8963612,-1.4098964
2.3933616,1.3846961,2.3304715,1.2424475
-1.5715432,-3.24951,-2.7565992,-1.7404895
-0.43312895,-0.67503333,-0.27138525,1.8681895
2.7316213,2.452496,0.1869028,-0.1630757
-2.8413165,-4.205472,-2.3718216,-2.6597543
1.9213274,0.21878661,1.218692,0.2005519
1.073603,1.873052,0.11997048,1.3405159
0.49028072,-0.62469846,0.61884785,-1.1404281
-0.42765936,0.8170676,-0.7481013,1.5831187
1.9876873,1.6992116,-1.8428425,-2.2526603
-0.20713948,-1.4900442,-1.5161306,-0.52731645
3.2584774,2.779868,1.6346456,1.2823236
0.5421766,-0.4308062,0.14203191,0.17504525
2.5598981,1.5851549,1.8388774,1.1857343
-0.10353977,-2.1874328,-3.5919826,-1.4879119
2.0487077,1.3082738,2.4808574,2.2648132
1.1292582,0.31181943,0.047893357,-1.5008861
1.782248,1.8078657,0.8678374,1.3019941
-0.88224286,-0.40123084,-0.65223074,0.7347564
3.4604635,1.6662664,-2.2171953,-5.284118
-0.92926234,-2.1658578,-2.219854,-0.46831197
-0.52169913,-0.47870862,1.3210349,2.300464
1.063898,-1.1607419,-1.0832728,-0.9048189
-1.7162292,-0.99728245,-2.792717,-0.34725899
3.2452202,2.5699244,1.8072319,0.4869273
-1.2483032,-2.9818347,-2.2581546,-1.356915
-0.29670268,-2.5732262,-2.5028715,-1.2960095
3.451483,2.3953733,1.7241693,1.2741487
1.5281146,1.372379,-0.53282696,-0.46730378
0.4458451,-0.8597236,-1.7091147,-2.4896712
2.6358955,2.2325914,2.1422415,2.0450382
0.76515746,-0.22546978,1.2045103,1.9567746
0.5769448,0.32383922,-2.073686,-1.5604596
0.9278783,1.2692741,-1.2002047,0.5366853
-0.88814396,-3.343863,0.67419314,0.6658571
-2.256009,-0.071193755,-0.7957073,1.6875216
2.1474905,-1.3015958,0.6640788,-0.29799628
1.6871055,1.7150652,-0.8576279,-0.5234088
2.0988226,0.6756842,2.5095413,1.7813464
-0.38956213,-0.15336071,-1.8245794,-0.5421114
-2.707929,-1.7926584,0.031207833,2.362766
2.8006506,2.4935174,1.7435435,1.3690771
-0.063562386,-4.371025,-2.0869937,0.1896339
-2.3353865,-0.24347141,-1.3446827,1.7381883
-0.522313,-1.6615171,-1.2969664,-0.56836814
0.29831937,0.7209913,-1.9519544,0.2528984
-0.18113546,0.41628155,1.070634,1.664101
1.1583855,0.4334608,-2.703869,-2.548635
1.2900313,0.08259284,1.8579272,1.9720244
-0.15852177,-0.34261099,-2.7012744,-0.22617593
1.4452516,0.71704584,-1.276859,-2.8027804
-1.5623854,-0.66952395,-0.32278875,-0.527547
-1.2687012,-1.8208274,-3.2491798,-2.3432653
-1.2564701,-2.696963,-2.0049427,-1.6021566
-0.38803306,0.28066507,-2.691654,-0.68847346
0.5097669,-0.040690925,-2.9366145,-1.5944723
2.8824477,1.9669133,2.0514214,2.1449058
2.9472682,0.34519395,2.107928,1.1382006
0.7290174,1.8963051,-1.2750057,1.6046344
-1.2079074,-2.8688936,-2.0636563,-2.511039
1.2435453,0.524831,-0.20451134,-0.5896351
-3.5338154,-2.0336924,-0.44357806,0.34016728
2.0555334,-1.1574425,-0.1435467,-0.6971764
0.12515616,0.08997625,1.5353539,2.6449459
0.86952144,-0.85197705,-1.1701496,-1.9118983
1.366797,-1.6395755,-0.03222845,1.0112835
-0.9338238,-1.397653,-2.2531145,2.0952578
-0.22782011,-2.3414998,-2.8435075,0.034390364
0.6399098,-2.3320727,2.1651068,2.3117006
-1.2515563,-1.4600219,-3.5000203,-1.6054336
0.7743496,-1.5776201,2.1672187,2.3132727
-0.41618025,-0.32718462,-2.6219697,-1.0924428
-0.46016183,-2.1423144,-2.5477595,-1.7639049
-0.21963647,-1.4827263,-2.4354198,-1.4966234
3.3760014,2.121635,0.7243068,0.007025178
0.2577179,-2.0251324,-0.18681684,0.04982834
-0.46488208,-2.2969499,1.4225607,2.5492554
1.0786916,1.0949271,-4.724286,-1.3186289
2.4884882,1.6681312,2.1481543,1.6211822
1.711926,0.10702215,1.8888664,2.1267273
0.3709192,-1.1113526,-2.1165502,-0.52706265
-2.7096152,-2.5048404,-1.8166766,-0.42654622
-0.49084207,0.916759,1.2304692,0.946798
-2.287593,-2.5025752,-3.259622,-1.7341883
0.26244128,-0.051389266,-1.6477122,-0.22541094
0.7123252,-0.006570849,-4.287387,-2.6677248
-2.1763232,-1.6089154,0.22312203,1.3668581
2.5467372,2.113011,-0.034349862,-0.80027914
-1.1341395,-1.2158213,0.018086782,0.51326627
1.8793,1.1968514,0.627439,1.6018109
-0.9765255,-2.0444386,-1.9799057,-2.4406252
-3.650408,-2.6975083,-0.52110785,0.31555057
-0.56351817,-2.3837223,-2.951513,-2.3077931
-1.9520738,-2.4407804,-1.3099617,-0.4369465
2.120742,1.347387,0.41051763,-0.24667104
-0.046946973,-0.76228815,1.4304878,1.874341
-1.1138278,-1.2904999,-1.7452711,-2.0339313
3.5539837,2.794124,1.7733681,1.7225298
-5.255274,-2.000089,-0.15804428,1.5755643
2.5484533,1.2839613,0.24786392,-0.86531764
0.5326748,-0.37622538,1.7159017,1.7196206
-0.38577592,0.33856365,-2.1908286,-0.8285475
-2.3439837,-3.5080435,-2.1279774,-1.9260371
3.4154782,2.5188894,1.0046966,1.1193273
2.4397082,1.5928508,1.4685429,1.625638
-1.9212482,-3.3924155,-1.6954618,-2.362939
2.292504,2.255785,-0.65816635,-0.45406199
-0.94231766,-3.1497924,-1.8364875,-2.7037966
0.98698556,-1.1897838,-1.6870242,-1.648393
2.4379249,1.1194125,-0.6779134,-1.0870502
2.8446906,0.7941676,2.120617,1.7882011
-1.8252497,-0.6600811,-1.4238592,0.9731171
1.4296142,-1.067106,0.5849532,0.35110393
-2.3543737,-3.3217845,-2.2731807,-1.5953095
0.30621403,0.27301538,1.1084456,1.9388542
0.69671875,0.58630514,-1.5904696,0.053469185
-0.8708547,-2.2023318,-1.3218697,-1.5769738
3.3349974,2.703342,-0.35472277,-0.43178523
2.7457192,2.3953807,1.7879285,2.0485702
0.7190314,0.9612641,0.57818806,0.7332173
0.63054794,-1.1662863,0.39413875,0.69003797
2.816145,1.7486136,-0.6111204,-0.84384334
-2.1972682,-2.3141472,-0.602116,1.8227315
0.8145764,0.7669351,-0.73328376,0.06479195
1.2380887,-0.7816506,0.34186524,0.18413742
1.3286908,1.2046745,-3.4024713,-0.57566124
-0.53968585,-0.33016258,-0.498342,-0.7790257
0.7754002,0.24530083,-2.276106,-0.14918719
3.134554,2.2321713,-0.56963354,-1.3602344
1.6834935,2.063608,2.5946643,2.688284
-0.70167625,-2.8292878,-2.5876977,-2.201418
1.597945,0.7094452,1.6695365,2.1105297
1.8996624,0.32984087,-2.1909103,-2.30589
0.98397565,0.5694388,-2.2229464,-0.97589993
-2.5890727,-3.931559,-2.1510587,-1.6599338
-0.7548722,0.06992411,-2.5389931,0.16291669
-1.7580348,-1.3319285,-0.05830451,1.239745
0.67413676,-1.147443,-0.29089057,0.57755077
0.87840855,0.82279736,-1.8089508,0.2916203
0.36004505,-1.7332284,-0.46227443,0.5735482
2.7140641,1.1965483,2.1305363,2.2665536
0.7199505,-1.0564079,1.8791313,2.4654202
-0.9834067,-2.484246,-3.0388775,-1.7830672
1.4689512,0.27039984,-3.0342088,-1.7429516
1.6741395,1.4231151,-2.3923054,-1.1916736
1.5556337,1.253756,-2.4853103,-2.1113856
1.3588347,0.9710863,-1.3676766,-1.6158435
-2.243679,-2.423941,-1.2953602,1.0546551
2.3535182,1.0101783,-3.2001548,-2.5180817
1.7072362,1.4554745,-1.7270564,-2.0955155
0.2716428,0.17569728,-1.7664319,0.64837533
-0.18148838,-0.40304074,-0.615245,-0.46976492
1.9172993,-0.6751363,2.4756346,2.1791961
-2.7327266,-3.327512,-1.8242725,-0.28718624
1.195614,-0.9386899,-0.8015415,-1.9043256
1.4028443,0.74402475,1.9840784,2.2840693
0.030080186,-2.786609,-4.487597,-1.0980256
3.2138202,1.6213967,2.258225,2.1602495
1.1590028,0.50391316,-0.6741222,-1.8717512
-2.5908434,-2.134791,-0.20418698,2.4614928
-0.18338239,-1.6209385,0.21188292,1.5921764
-2.302963,-0.8525171,-2.0064461,-0.71777546
2.1972725,0.066101626,0.7920802,0.18098047
2.2823348,-0.1144994,0.60054946,0.21406546
-0.86588156,-0.41374922,-3.958189,-0.17572317
3.1058447,2.1962097,2.3121927,2.252028
0.5190958,-0.80650973,-0.34471166,0.11646315
2.691861,1.9999343,2.5592399,1.8603925
2.032072,1.7489053,-2.340201,-2.1790013
2.592265,1.5224692,1.6419665,1.0458972
-0.50902134,-1.418656,-2.1939874,-0.7233012
-3.7290804,-3.988712,-0.0751058,2.1594145
-2.993903,-2.9673464,-0.9388417,0.5697814
-0.10284599,0.22722097,-2.1778138,-0.70075136
-0.4257402,-2.9753892,0.34679225,0.7944343
1.0820191,0.84630203,-0.517573,0.80062145
2.8832643,-0.25477064,1.8996603,0.3124976
-2.0131843,-2.677512,-2.8861282,-1.7098434
-1.9418455,-3.1159775,-1.4866785,-2.1670685
3.3044186,2.016046,1.3102986,-0.14932661
-2.2396674,-3.523129,-2.232169,-0.7407829
-2.4294221,-1.4110004,-1.272528,-1.4133247
0.69370365,1.2578208,0.24157687,0.24214488
-1.1374443,-1.4035268,-2.3333879,-1.790752
0.5429008,-0.24489301,-2.9897907,-1.2573092
1.1121237,0.39273962,-1.221296,-0.059704084
1.4985596,1.1938235,1.2876877,1.7203033
0.07684343,-1.2022796,-1.7634733,-0.41798642
-1.056698,-1.8670536,-2.9169533,-1.9750897
3.0395486,1.7351385,1.6333923,1.335563
2.0721586,1.8473577,1.6554785,1.6446506
-1.3278128,0.18844236,0.58888817,2.0784597
3.2627585,2.0192974,1.2356344,-0.2125159
2.4060905,2.4185565,2.185071,2.1845033
2.0879164,2.239874,-0.6450084,-1.1803242
0.2741664,-0.40066412,1.50106,1.465415
-0.5943708,-1.9842273,-2.3355446,-1.4669589
-0.10428202,1.1911085,0.5147088,1.5592476
2.6690085,2.389398,1.7235008,0.24783857
1.8704832,0.17926623,1.2589295,1.2699391
-2.8473742,-3.5364327,-0.9969628,-1.3979552
2.8007827,2.1559532,-0.35885984,-1.3929574
0.032984745,-0.0026442122,0.41158065,1.4440331
2.4421017,2.683961,1.6086977,1.3809223
-2.622364,-3.1724412,-4.013382,-2.5889003
0.33844087,-0.3640991,-1.2704366,-1.0993557
1.1783234,1.5284369,-3.489451,-1.838647
1.5225203,0.4390138,0.07365193,-1.2933744
2.0083363,2.3983498,1.8791308,2.1014245
1.2588656,-0.19988231,2.0511963,1.6295134
-1.4675109,-1.3537147,-2.0218673,-1.1450316
0.90244573,0.87298495,0.848199,0.7912509
0.21283165,-1.6886448,-2.479432,-1.1614274
1.1149597,-0.9485654,-0.40786237,-1.1674267
-3.6101005,-1.7157794,-1.3594949,1.3245986
1.2999398,1.2952261,-2.3346362,-1.6765425
2.6781435,0.9191173,1.6013325,0.9227137
-0.58348036,0.5178996,-0.64464855,-0.2834704
-0.76859325,-2.0386145,1.7283992,2.257041
1.0492321,0.29467928,-0.8136321,-1.8192056
1.4084768,0.6773247,0.7352823,0.97564685
0.10325276,-2.2628746,1.0495075,2.0653267
-3.1084146,-4.232081,-1.2621254,-1.3954145
2.1965992,1.8726358,0.49510753,-0.2547028
-1.9386744,-3.1113365,0.68806094,1.9099486
1.6504451,-0.006125026,-5.178828,-2.0801387
3.0508435,2.1516979,1.0315883,0.068263344
-4.8745136,-2.9105463,0.19090492,2.0581653
2.6778631,0.7566595,1.6681193,0.8678446
-2.9773195,-2.5594022,-3.639907,-2.4312878
3.7738898,2.538385,2.0770655,0.9910198
-0.16905741,-1.4442856,-1.7317227,-0.825126
-2.3373256,-2.154252,-2.4997766,-0.8779513
-0.34675905,-2.3703163,-2.055543,-1.706546
-1.7749525,-3.9162965,-1.26131,-0.05112647
2.952403,1.6643955,-2.3650916,-2.0698345
-0.9387901,-2.1520658,-1.8836601,-1.7972785
0.7536435,-1.2197971,0.021208616,1.3302077
-1.5641398,-1.4452102,-2.371757,-2.0226424
2.1313982,0.96676946,0.33830202,-0.16423905
-1.2505633,-2.1636975,-2.541833,-1.2067679
0.8672394,-0.022276454,1.9089696,2.1613452
-1.0114329,-1.455936,-2.2828646,-2.1737912
2.05029,-0.5120134,2.002946,1.3604568
-3.0947757,-3.2227058,-1.8893683,-1.3658613
1.0249503,-0.6783038,0.7938416,1.2092788
0.49964887,-0.8540226,0.8514806,1.5831803
-1.4204811,-1.0036988,-1.725377,0.08496575
0.89465535,0.05241636,-1.8953447,-1.4320514
2.1708941,-0.9966618,2.1721938,1.3945581
-1.452188,-3.812992,-3.1772072,-0.32364196
2.6466424,1.8553374,-0.68848795,-1.1652224
-2.8689177,-3.7474265,-1.166055,-1.2249738
2.4048235,1.8910465,-0.14394513,0.33022124
2.9358108,-1.4028544,2.2932737,0.6419467
0.60879546,-0.20543224,1.6374211,2.4027424
1.9718163,1.5998797,-2.378692,-3.2387197
1.4321373,1.3082521,0.058742806,-0.37962
0.3359796,0.8254619,-0.7616114,1.4097177
2.8276825,0.9254455,1.9531392,1.7091712
-0.21491596,-2.3017402,-2.3428657,-0.9766908
0.8364127,0.95135415,0.033596247,0.7330342
-1.9393175,-2.593028,-0.97879124,-0.01967009
-1.5293226,-3.3199935,-5.0549192,-0.733473
1.2374259,0.43666404,-4.618885,-3.033563
2.7966886,2.2068994,2.39203,1.4165751
-1.592931,-2.6066809,-2.6455467,0.22070332
0.43407124,-1.7970814,-2.3258007,-2.6844442
1.6529179,0.39597446,2.4077911,2.4475548
-3.0111022,-4.5662966,-2.2649622,-1.0003675
2.9800076,1.1823947,0.70040643,0.06341399
-2.4907367,-0.69591,-0.9313388,1.2969255
2.4965706,0.8863606,1.5284648,1.1497264
2.644613,2.0304964,2.010729,1.6282125
-0.5968255,-3.471754,-2.8396854,0.15740901
2.22471,2.431771,-1.3635944,-0.52661234
2.394167,2.1065063,-0.84640485,-1.2982782
0.74763316,-1.031793,-0.7404348,-2.1594665
-0.7190879,-3.8531,-1.7789594,-0.28483033
-0.85937554,0.65403724,-1.3079003,1.3960505
-0.42964587,0.98982877,-1.3167174,0.65061295
-1.3491076,-1.839428,-2.3149574,-1.5063401
-1.6204993,-0.0038704614,1.0253955,1.2750912
-0.025887474,0.49572858,-0.8766428,0.14475927
-2.68547,-0.2840359,-0.45510608,0.4923579
1.3258302,1.9244498,1.9311182,1.8202565
-0.6864463,-0.57240164,-1.3121806,-0.34803164
0.60705364,-0.8511606,-2.5550592,-2.9117503
0.673857,0.09014921,1.8313985,1.5057788
1.2026058,2.204265,1.0243542,1.5059652
-2.0264952,-3.3725553,-2.5165658,-2.3781157
0.48342568,0.8173956,-2.9549336,-1.5977432
3.1125965,2.4931462,2.4377308,1.0446084
1.7843393,2.1743119,0.328604,-0.632918
-1.7155993,-0.00067853753,1.0768347,1.7970409
3.4135697,2.6537132,-0.52281815,-1.8659345
0.43432066,0.3963967,0.7036951,0.56582445
0.7428752,0.80110985,-0.41067988,0.29562575
0.67143184,1.1655637,-0.15820657,0.2967551
0.7000792,-0.8549449,0.009050857,-0.66168785
3.8544943,1.822206,2.0389102,0.7641711
2.321267,1.8704224,-0.1356397,0.59708905
-2.0044115,-0.6599133,-1.7961006,-0.31859475
-1.1659873,-3.1296763,-1.3171409,-1.640828
1.3048927,1.4446126,1.6159501,1.962213
0.13274638,-0.9583474,0.3176536,-0.6805579
2.0675762,0.8872414,1.1725073,1.2236885
-2.0891001,-3.4002647,-1.7079952,-0.7555843
2.6956594,2.2373161,1.8273889,1.7651839
0.4301632,-1.8539504,2.0147786,1.4538822
1.9675446,1.9544133,0.21797639,1.3516484
-0.040090106,-2.641089,0.4340021,0.5282398
-0.60951006,-2.0167124,0.50370663,1.7149552
0.83661497,1.2183343,-1.4209837,0.38728577
0.34089425,-0.6389389,-0.044957757,0.61452556
0.16776669,0.07631314,-2.495864,-0.5283306
0.18137352,-1.2478746,-2.65985,-2.1371105
0.43059447,-1.5750974,-1.2461735,-0.3168545
1.0923713,0.6148293,0.557442,0.035843723
1.3051729,0.48269552,1.161073,0.8224769
3.2683842,2.3071027,0.8425619,1.0653187
-3.014859,-3.8425207,-0.8138342,-1.0710034
2.2958148,1.3441885,2.1773782,1.8617136
-2.060845,-2.0585265,-1.7217755,-0.6853132
0.45122924,1.106731,-3.1371503,-1.4032754
1.6842382,-1.4386777,1.6108183,-0.024747722
-0.45814574,-2.1327467,-1.8364488,-0.76094157
0.18416333,-0.7242226,-0.77595603,-0.6228081
1.7059078,0.4890723,-0.4977379,-2.2085347
0.4913654,-0.6334872,1.6699198,2.1774328
0.8705071,1.793811,-0.8238714,0.75157565
2.6595953,1.2553155,1.522172,0.090161875
0.4809702,0.20745158,-0.752861,-1.2961653
-0.6466898,-2.2333498,0.62803227,1.4544548
-2.765116,-3.5316231,-1.4461865,-1.4015713
1.4601867,1.2357068,-1.0213447,0.47180253
-2.650628,-3.3466804,-1.3519748,-1.1788037
3.2414138,2.2444942,1.7420183,1.4883584
-1.4132,-1.3221525,-0.58313674,-0.14526919
-0.46445212,-2.9356022,-2.7103808,-1.1600205
-1.4977809,-3.7479846,-1.2559005,-0.4981445
-0.7940615,-1.0157287,-1.2166176,2.0218227
2.5335674,0.5405376,-1.1600807,-1.2774347
-2.1567402,-2.4601758,-1.5872145,-0.7647003
-0.3088871,-1.368397,-1.7279567,-1.1669424
-2.5488842,-2.6652236,-1.3505247,-0.19210988
-2.0796187,-1.1422404,0.8097011,2.3891165
-0.90234315,-0.4860918,-1.4805344,-0.0388471
3.2836957,1.4787073,2.3424377,1.7328326
-2.3823516,-2.3492143,-2.0657742,-1.0692998
1.7380906,1.8593106,1.0932778,1.2980595
-2.0618834,-3.9317722,-1.8610021,-1.8714614
2.6287713,2.2881844,-1.2734904,-2.0096633
1.9031857,1.5460172,-1.498224,-1.354789
3.2734969,2.1709654,1.083788,0.25074157
3.285047,1.7283942,2.1306736,1.5571467
-1.856761,-3.4093115,-1.7233016,-1.5705706
-2.0611596,-1.4638783,-0.5682865,1.048864
2.5590775,-0.7961695,1.3964125,1.1646631
1.1747937,0.1516629,-0.8196167,-0.8210245
3.2007189,2.4275808,1.9667392,2.2030256
-0.76766783,-0.15318705,-0.38396218,1.6798335
2.400092,0.58775336,0.022166902,-1.4729676
0.3907706,-1.9183464,-1.0442224,-0.30174693
0.88513994,-0.46593785,-1.0129176,-0.11746401
-0.25602126,0.6972713,-1.2415113,1.2962412
0.85958475,-2.5287015,-1.8967301,-2.4928408
2.2097046,1.7576729,2.1813552,2.2271037
-2.9853015,-2.2981088,-1.668094,-0.30941662
2.8034644,2.3764484,-0.60953635,-0.26470086
3.3261113,1.5117133,2.3252194,0.87106484
0.0068463306,1.1602826,-0.9137356,1.5930556
-0.14966163,-2.2797627,-2.2362406,-2.5273602
0.8818591,1.1380678,-2.026457,-0.8362319
0.8350896,0.7199206,-0.25411233,-1.0252299
1.4536927,-0.7466132,2.4042978,2.3045192
-1.0168117,-0.3261318,-2.1117563,-0.047959164
-0.58880085,-3.5797427,1.9357182,1.9981385
-0.98203045,-2.1484723,-1.9017023,1.9360443
1.8128247,-0.06540254,1.9878674,1.937172
-2.4012847,-3.4872236,-2.1770406,-0.9124151
-1.8709819,-1.6567885,-1.9961889,-2.8088539
-0.6415113,0.13585739,1.0217494,1.2440524
0.70206517,2.2302523,0.081929825,2.0873587
-2.288567,-2.2731457,-1.1622863,-0.60044783
-1.2372122,-3.0144525,-2.7002559,-2.0234735
0.35772634,0.08849033,-1.8788103,-0.4882836
0.57954025,1.3143188,-1.3274701,-0.14745377
1.7432982,-0.39335257,-1.0344234,-1.7248449
2.7601073,2.905203,2.3596978,2.2610228
-3.5205479,-3.497325,-0.78775734,0.15368323
1.1884168,0.74003255,-1.5253351,-1.7979424
-1.0386884,-1.3863965,-1.5942092,-1.2474008
0.4683548,-0.9491031,-0.3186012,-0.26411256
-2.0329216,-0.29298958,-1.6584394,0.36479437
0.68224996,-0.441362,-0.9541524,-1.3833681
1.4230558,2.3672705,0.71324795,1.3834645
0.45306116,-1.0822622,0.1937489,0.06700885
1.0798224,1.4297017,-0.220584,0.9717553
0.874794,0.82366776,-1.4063057,-1.5250498
0.6400104,-0.47711596,-3.2445095,-3.309807
0.62107706,0.052031804,-0.8988023,-1.2379094
2.8959184,2.351083,2.013164,1.6565409
-2.790323,-4.109804,-3.7544508,-1.4385967
2.245785,0.91647583,-0.54079026,-1.0244764
-2.72175,-0.94531363,-1.5997664,0.6709616
0.90542156,0.12820864,-2.523428,-2.997485
2.0280619,1.7494704,-0.666973,-1.1297954
-0.65625626,-2.4527245,-3.634976,-1.6837043
0.17817134,-0.39534843,-2.4406285,-1.2465583
-3.6120899,-1.7627417,-1.3232765,0.10133921
1.573454,0.49122742,0.6348183,1.7222049
-1.7612613,-1.3460813,0.49321347,2.1001449
1.2525942,0.71000785,-2.6362088,-1.6200997
0.7454931,0.13271965,-0.57688826,-1.3981658
2.71343,2.2643578,-0.23728475,-1.5025688
1.8214483,0.5954544,1.6430575,0.08612496
2.350351,1.5833635,2.2973015,2.138119
-3.1997013,-4.4141417,-2.1087937,-0.9026449
0.25174373,1.6526443,-1.1978106,0.74118257
-3.7015717,-4.472654,-1.5038366,-0.34330142
2.3500457,2.2026768,-0.15980211,0.406353
-1.9674264,-1.3260541,-0.39412263,-1.4062059
-1.4134929,-1.9139746,-2.0805397,-0.5840313
-2.1691794,-2.7634187,-0.8782359,0.6292008
0.2454347,-1.3898035,-1.1016158,-0.7029579
-1.4711146,-2.4038923,-2.6732886,-0.80772054
-2.5885618,-3.2272565,-3.0409694,-1.2926701
3.3248742,3.1803534,2.4625256,1.5172805
1.8668387,0.22549422,1.2769104,1.0303164
-0.55912906,-2.85944,-2.770832,-2.8548687
3.0644557,2.4304128,1.8502125,1.7097462
1.0747176,-0.31815574,-1.4206942,-2.0443616
-2.1687975,-3.3402898,-1.9946889,-0.4261019
1.484696,0.28881854,2.389243,1.7658554
0.6640109,1.4620427,-0.8944377,1.0328684
-3.4231958,-2.660729,-4.087064,-2.39595
0.83401537,1.4656531,-0.8674035,0.5226356
0.21430252,-0.5438841,-1.5042149,-1.821153
0.901044,1.4187036,-1.1459833,-0.09506294
-0.9043802,-2.642642,-0.7669082,-0.55041957
2.3322945,0.84766966,-0.3163617,1.7380549
2.1028883,0.8191987,-1.4767373,-1.4257406
2.0647757,-0.4668797,1.8344831,0.8821452
1.6267086,1.8656695,0.8060957,1.4360007
-3.1738346,-2.4921935,-1.0523144,-0.79864866
-0.98177445,-2.9747906,-3.1094668,-1.194311
-0.20149516,-1.9741924,-0.6568472,1.8683155
1.726039,0.86641073,1.1019362,1.2505739
2.1492054,0.91906023,1.5091885,1.3468542
-1.4836527,-0.9778505,-1.8677368,-0.64025354
0.99781674,1.3363649,-1.250181,-0.8861233
-1.2773255,-3.1759326,-2.4204185,-0.7578963
-2.158066,-2.6429992,0.4664599,2.2250812
2.841107,0.16734117,1.6454972,1.1598568
-0.97719383,-1.8058437,-3.1367316,-1.24568
0.52989286,0.49935123,-2.8403976,-0.38907942
2.972979,2.265027,-0.8261772,-1.517243
-1.4581727,-2.1245594,-1.6182497,-1.2249018
-1.7206279,-1.9229013,-3.4850085,-1.1380274
3.009824,2.1279676,2.3264456,2.1754737
0.82294893,-2.108786,-0.30430698,0.06963177
1.321054,0.6559473,1.2945526,1.9106172
-2.992525,-3.339463,-1.2925357,-1.0583545
-2.5592926,-2.4624755,0.1485526,2.1505172
0.9972613,1.2077656,-2.0726886,-0.8291957
1.4733591,-0.97468233,1.5969933,1.3462945
0.54806745,-1.0050066,-1.8295981,-0.37423453
0.013875333,-2.0504317,0.059528377,2.1644745
-0.009513104,-2.8923037,1.2473834,2.4403336
3.0386405,1.1221874,-0.91744155,-0.4380359
1.306026,-1.2374909,2.4915287,2.2167828
1.3408786,1.1417357,-0.4024314,1.2689248
3.1686347,0.9631784,0.24314716,-0.5789214
-0.8430012,1.0396907,-1.0021695,1.5916167
-0.81643724,-3.4720633,-2.1679022,-2.672132
3.6671593,2.0056112,-0.64654404,-1.8476772
2.8538024,2.184381,1.4029311,-0.6577013
2.537946,1.817219,1.6582911,1.7421257
-0.44933745,-3.9046984,-0.037591014,1.7744298
-0.067130074,0.37407398,-2.5065422,-0.97670037
-1.9640112,-2.9572024,-1.7242138,-1.5748551
-0.09733293,-1.3852715,-2.8774478,-0.6894174
-2.1783595,-0.74082667,-1.6371081,1.137974
-0.24748419,-1.2199486,-0.25446987,-0.7068641
-0.59330785,-2.031124,-3.6379704,-0.7448517
1.0789615,0.6413732,-1.7861191,-0.8305206
-0.95430505,-0.26123837,-1.7147267,0.28185034
2.4916685,2.0245135,2.0394092,1.3550361
-2.7944484,-1.7957332,-1.4748027,0.078508094
-2.2264988,-3.2089925,-1.5546343,-0.03501816
1.9376228,1.707702,1.4799206,1.4457967
-0.88516915,-2.0066426,-1.9161886,-2.137353
2.9565647,2.5141804,0.29955253,-0.5496123
1.4590062,0.6689219,-0.30033118,-0.79353315
2.8218613,2.2968624,2.0584447,1.3060869
2.0536344,1.6576233,1.8575709,1.5282673
-1.7624178,-3.2188292,-1.9514817,-2.0872543
-1.0492115,-1.5017983,-2.1148367,-0.8665891
0.1672005,1.0449779,1.260728,1.8058609
2.1090956,0.039422926,1.4956374,0.42098847
-0.5122139,-1.7414069,-0.87692505,-0.75073224
1.6684105,1.9292686,2.5423079,2.265104
-0.029921526,-0.54501015,1.3207812,1.7665905
1.2577882,0.68431693,-0.92295367,-1.9477152
2.0011175,2.0964358,-0.25451452,-0.15860459
1.2363355,0.14372432,0.26115227,-1.0253506
2.0260906,1.6547136,2.208804,2.1577723
1.5094364,1.666929,1.9130497,1.9959933
1.4977893,1.4390323,2.0111954,1.545294
-1.0039027,-1.6715357,-0.93858993,-1.1158493
3.504489,2.2494383,-0.7681863,-0.57310504
-0.36364353,-0.07339224,1.8278619,1.8603262
1.5337528,0.7992328,1.7539667,1.8200034
-1.9895939,-3.3191483,-1.5673394,-0.62833506
0.077890135,-0.8742468,0.8640689,0.8602973
1.3394696,1.4331174,-2.1576478,-0.28144738
1.4396887,1.5381827,-0.38229382,-0.14176713
2.8866582,2.1283078,0.30241573,0.15553515
-0.39098716,-2.0393593,-1.9860346,-2.486236
-1.3549007,-1.7906697,-2.0102608,-0.8292317
1.9434875,2.310871,1.1816012,1.303793
2.187316,1.9873716,0.26363704,1.5350261
2.099492,0.1809086,-0.27113244,-1.3571798
1.5273101,1.914605,1.806143,1.5735915
-1.0330992,-1.4264972,-2.432578,-0.7779516
-0.23652698,-1.6404605,0.4187609,1.3491582
0.95172787,-0.047146406,-1.0787814,-0.7262346
0.3811132,-0.48697495,0.14162932,0.61935544
-0.46807614,0.92238647,-2.5029247,-1.3928308
3.7486212,2.0102494,2.0214942,-0.075663656
-0.9941622,-0.20042285,-2.8444748,0.32492942
3.605782,1.8677573,2.2942085,1.5749222
0.9462138,0.45944014,-1.2759402,-1.4878271
0.13082118,0.8051477,-1.9886043,-1.7703048
0.31122193,-0.1829481,-3.0022898,-1.2002801
0.19741175,0.40048593,0.09466456,-0.40741065
1.9774116,2.4214983,-0.17981765,1.0352038
3.4901605,2.2444913,-1.0935994,-3.7077925
-0.62328404,-0.30534634,-0.107494995,0.7402637
1.0926129,0.76586396,-3.72593,-1.4087458
2.7022603,2.068582,1.6377833,1.2955041
0.2342865,-0.03639434,0.09251561,1.4732096
2.3722744,2.0847325,2.0705833,1.3397267
0.70905596,0.42204377,-1.1047877,0.046573203
-2.5015981,-1.9494231,0.06832442,1.4936776
2.3350606,1.116337,-3.8014903,-4.033797
3.4119072,1.8992925,2.5587142,1.6653323
-1.6994361,-2.8977983,-0.062918216,1.8179977
2.6534507,2.063203,1.4968873,1.4599926
0.5285504,0.6138444,-0.84106046,0.5531656
-1.294547,-3.1100068,-3.0550854,-1.3103614
0.47674304,-0.78256416,0.3710485,1.340757
2.1550062,1.0624273,0.20008352,-0.3688412
-1.2601994,-1.7576131,-1.2070494,0.6420453
2.9101691,1.4657831,0.21844281,-1.3468615
2.3091931,2.2322083,-0.28772452,-0.9784123
1.725656,1.4449544,2.052005,1.9899043
3.5929525,1.9490441,1.848709,0.84398764
-0.054971058,0.81853515,-1.3141663,1.0653965
-1.444962,-3.138334,-2.021435,-2.7178776
2.1371408,0.7870151,1.6754227,2.0253794
-0.87601715,-1.1984276,-1.9440718,-1.6652229
2.0657897,-0.9737061,1.7631257,1.5133165
-2.509057,-1.7869259,-1.2858822,-0.57397795
0.41332167,-1.2065467,-2.5781467,-0.59484345
-2.3302016,-3.093529,-2.045563,-1.4366336
1.1827728,0.81687766,0.040526193,1.0191228
3.2603292,1.4872798,-1.4172217,-3.4178076
-2.328295,-3.965269,-1.2738553,-0.9528439
-0.12930064,-0.18091457,-2.12514,-0.18589976
1.3056147,1.0770607,-3.3754506,-0.8367928
-0.92660797,-1.9810921,-1.7675233,-1.8905425
2.3428955,1.9762172,-0.0192555,-1.9962314
-0.21137133,-1.1016896,-1.5189306,-0.7215357
1.1854001,1.7399696,0.29352123,0.97840935
0.09589783,-0.9107998,-2.2847524,-0.8932279
3.2212934,2.36416,2.4869766,1.1222316
0.36993513,1.9086086,1.1288787,1.1984445
-2.033989,-4.0518665,-2.2684915,-2.117255
-0.9710811,-0.2787228,-2.5686157,-0.04639229
-1.2551467,-2.2891278,-2.0795965,-1.2407228
-1.3707556,1.9927704,1.9481888,1.8762053
0.060057987,1.0591091,1.4336275,1.3459026
-2.4845743,-1.8627175,-1.4497231,0.2873344
0.8525458,1.4821,-0.05785186,0.94095725
0.42208618,1.1667358,-0.76499814,-1.9749914
0.59690523,-0.7110899,0.6428976,0.7534698
1.0277295,1.1007671,1.8227676,1.7583973
-1.1295985,-1.4868768,0.37603685,1.0687059
-0.13244545,-0.13927133,-1.3363956,-0.86518943
2.1747928,2.1285684,1.2554485,0.99276185
-0.03502062,0.17498189,0.28880155,0.90684193
0.25780016,-1.0924671,-2.3922884,-2.4621203
0.6126516,-0.28084114,-2.2930267,-1.4825932
1.1447242,1.3624959,0.44580773,1.3578459
1.8972975,1.9811697,0.09616769,-0.68495256
1.8820149,1.249343,0.9291393,-0.6355749
1.4245895,1.8569891,-1.588315,-1.8530028
-0.20582108,-0.7868666,-1.8231936,-1.706785
-0.72519964,-0.1952365,-2.8544316,-1.286363
2.5444577,2.1528795,0.69532424,-0.56899995
1.1174277,0.2281357,0.039855354,-0.014911882
1.9302113,0.6705883,2.0866017,1.3013983
0.76483417,1.6528276,-0.18280452,1.312772
0.9871082,-1.3489342,0.20963927,-1.1608621
0.969729,-1.0203545,-0.122740805,0.013340731
2.4605877,2.3652275,2.4729373,2.417218
2.7725246,1.2065257,-0.6356049,-2.1782918
1.7196777,1.5305651,-0.097012885,-0.61654246
-0.1121269,-1.0701922,1.5280831,2.2928035
1.0441267,0.8200503,0.13557798,1.2790283
1.2251768,0.37630638,-0.5986625,-0.20823683
0.7370802,-0.5555113,0.60575265,1.2340547
2.4702394,0.6798097,2.7686656,1.7188877
-3.7178006,-3.2825508,-1.7970289,-0.6932673
0.12022711,0.4476343,-1.8660313,-0.1155106
2.4592404,2.5325832,1.2293595,1.113407
1.3597208,1.370138,-0.77741516,0.093561605
2.166067,1.6604698,0.60817945,-0.63178265
3.5714462,2.2942095,1.0124952,1.2040682
0.097274914,-1.227017,0.10345183,0.5404094
0.932073,0.7693603,-3.7487302,-0.7457472
-0.46532616,-1.3745862,-2.2262228,-3.1597996
-0.5868314,-1.605032,-3.5680726,-2.2377346
3.355747,2.3369722,2.2242591,2.0539448
0.5700018,-1.1840123,0.1573086,0.48357397
0.031889837,-0.08409859,-2.2356355,-0.36852074
1.8706634,1.8235025,2.564535,2.101913
1.3395445,0.20829657,-0.17728092,-1.6403748
2.9725494,2.4552054,2.0433636,1.6600728
2.053746,1.0848541,2.3310802,1.8331419
-1.0047476,-1.6404808,-1.6026596,0.24099354
0.68328905,0.7076421,-1.1917193,-1.1948857
1.0227662,-1.285874,0.937101,0.7936799
-1.7405529,-2.088007,-1.9168464,0.28312802
0.3032356,-3.1817746,0.098231114,0.009700298
-2.1842422,-3.3316417,-1.8147153,-1.3811694
1.4397646,1.0049105,0.35032126,1.682913
-0.43538007,0.72244143,0.2360324,-0.9747304
-2.3675375,-4.021961,-2.8357184,-1.0144708
-1.5146382,-1.7705289,-3.4842777,-1.7932695
2.9227176,2.1425552,1.9087569,1.8105127
1.4039038,-0.6374614,0.99004954,1.1561252
-2.9453766,-3.8090532,-1.1197811,-0.52256507
3.5342424,2.5466714,1.7050828,1.498427
-0.2851041,-2.1922708,-2.0027077,-0.2495591
-1.4874203,-4.077765,-2.1278148,-1.1071832
1.6164953,1.3482121,-1.7569817,-1.1276656
2.792407,1.6442062,2.146338,1.7775884
1.1658448,-2.1283498,-2.7171805,-1.011607
2.8012202,2.5833886,2.5911129,2.47981
-0.91369337,1.2077882,-1.6000078,-1.0058506
0.4495776,-1.922421,-1.3861095,-2.863774
2.289937,2.1979485,-0.58321416,0.09591688
-1.8944039,-3.3858283,-1.8433697,-2.0528467
1.1697916,1.3694137,-1.0263327,0.18009347
-0.479299,-2.5288053,-1.2231247,-0.91093165
-1.8759875,-2.621293,-0.6063901,1.7935666
1.4835306,1.6352992,-2.4265907,-1.3933283
0.9229616,-2.8614235,1.8630095,1.9592757
0.45959657,-2.4845972,-1.1091244,0.5378229
0.6392323,0.93206453,-1.012603,1.1914648
2.433097,1.3918152,-0.3887288,-0.36698472
-0.2046329,-4.269907,-1.0758262,-0.5441015
0.7534926,-1.709397,0.16744381,2.1583607
2.8003545,2.8501642,-0.2622046,-0.3886237
1.4026006,-0.8053419,0.7437921,-0.31861567
1.9252468,-1.1612998,1.9949058,2.0325696
3.0877802,1.1584343,1.5571897,1.659081
1.3427336,0.98645496,-1.4089943,-0.59705704
2.4183564,1.4484135,1.1957077,0.58830553
1.3425293,1.3163896,-3.0142212,-1.7815402
2.5672002,2.3569322,1.0807725,-0.02041044
2.7865632,-0.17179851,1.8972878,2.0277803
-1.6287725,-4.7587395,-2.7307484,-0.422118
1.5739702,-0.9966368,1.4329375,1.6308188
2.2654169,1.5377228,1.544401,2.3732946
2.5010166,0.4639375,1.9054698,1.6082094
1.2508897,1.6789639,-0.6657271,1.4788429
1.7492598,0.33769557,-1.0476456,-3.3315837
-1.8190536,-2.471719,-1.1580466,-0.36049435
-1.7662048,-0.20449865,0.5766824,0.95652324
1.5022203,0.9683167,-2.1002944,-0.79513586
-2.046662,-0.81484437,-1.9935904,-0.802714
0.83641374,2.2295983,1.7433591,2.0577357
-2.6316404,-3.002531,-1.5868142,-1.4728684
0.35990882,-0.4236094,-2.0498435,-0.4980515
1.5544672,0.6240059,0.99892235,1.5018098
0.4641072,-0.44754317,-3.2652516,-2.6648378
-1.7401623,-1.8804531,-1.7635,-0.9884333
-0.49462643,-1.1322038,0.055216298,0.012381218
1.3135167,1.5681438,0.44176933,-1.7978963
-2.0054576,-3.2997177,-3.0544944,-2.0069482
-1.4466093,-1.773711,-1.7641021,-0.48952276
-0.19321796,-2.602594,-2.8625007,-1.6891395
1.7443111,2.509757,1.561677,1.9373784
-0.8521799,-1.6943573,-1.4069294,-2.199509
0.70098156,-0.40478846,0.048250888,-0.18423554
-2.1732452,-3.4305198,-1.5322478,-1.5823805
1.8438605,1.5919912,1.3523396,1.8804725
-2.5448809,-2.5159414,-1.3254371,0.36380753
0.07517055,-0.6181895,-2.0158694,-2.1828356
1.8238755,0.5354959,-1.6231902,-2.0596
1.8939166,0.92427725,0.83136874,-0.008409895
0.6960035,1.511243,0.7851015,1.0530853
1.6292999,0.33517897,-2.4706469,-1.373872
1.4207302,0.8112455,0.023903666,-0.13787645
0.7748406,-0.37499064,1.1796463,2.1153753
-0.22162926,-2.1117795,-0.4835841,-0.53741866
-3.109285,-3.353251,-0.9713461,1.4374938
1.2020661,-0.48914754,-0.16446567,-0.68231803
1.0354366,0.3906401,2.5850182,2.4299543
1.9341482,2.149909,-0.56656635,-0.1599175
-2.021717,-2.8509996,0.06798315,1.3557215
1.2782516,0.69753563,-4.3450904,-2.32386
0.19387472,-0.84829694,0.4690644,-1.3063972
1.5059743,-0.5965624,1.73742,2.4521966
-3.8537064,-3.1217434,-1.7899803,0.64301145
3.6969206,2.091452,1.5416864,1.1028664
-1.6313456,-2.692767,-2.5678537,-1.956711
2.6399665,0.9276661,1.0750216,1.7004411
1.8677027,1.9603533,-0.8917643,-2.7803614
1.483093,1.1388482,0.8369115,1.2462951
-2.028,-3.8085332,-1.3339634,-1.8653111
1.6046438,2.1059446,-0.96692574,0.88199526
1.1216758,0.9195706,-1.3329991,-1.1721016
-0.03425426,-1.8075362,-2.4916918,-2.4587383
3.3891642,1.786708,2.2266705,0.8819998
-2.1932054,-2.783629,-1.336239,-1.7593317
3.0604281,1.5507026,2.5093343,2.2162914
-1.8321952,-1.5211588,-1.5704732,0.66664714
-0.28136584,0.012266828,-1.240704,-1.1921849
3.259429,2.781981,2.5074441,2.13763
1.4330631,-0.4142224,-1.5581604,-2.276502
-1.9136552,-1.8266325,-0.60113037,1.8065606
1.8382076,-0.6134544,1.2341233,0.35026827
-1.6389111,-0.5791491,-2.0313513,0.35267618
0.31344897,-0.8209302,-3.8069997,-2.1365438
-2.7608225,-2.5735729,-1.5268306,-0.96175855
0.57718116,0.84088945,0.7626483,1.6741941
-0.5009585,-2.6054518,-1.549074,-1.3873354
2.0033724,1.8996911,-1.5556934,-0.9646624
0.41683096,-0.5060824,-1.0421365,0.5840498
-0.81288844,-2.3946786,-3.4263353,-0.57985723
1.4656112,1.3477154,-2.1058822,-0.7516114
1.9010463,0.95667434,2.4240243,1.7144514
-2.918225,-3.5807543,-1.7427003,-1.7139157
2.3276675,1.6058202,-0.55714667,-0.020122088
3.960218,2.1425874,1.2683446,1.422959
-2.0973482,-1.3059874,0.43268672,2.407047
1.5609602,-0.28326467,-0.5875986,-0.026591761
1.91141,0.90693253,0.3430071,1.8298889
-1.7890873,-0.6352189,-0.75397474,1.5780075
-2.907574,-1.8431046,-0.28161228,0.6677127
-0.14228049,-1.1344486,-4.288758,-1.4550565
2.2027578,-0.25485733,2.046254,1.613601
-1.8686782,-3.5162675,-1.9594713,-1.0623763
0.0014556292,-0.76613444,-1.5429397,1.2565497
-0.19253126,1.7996972,-2.3755975,-0.118782304
2.0655713,1.2317995,-2.941706,-0.9080935
2.7364542,2.2582874,1.4018968,0.40353453
-1.4191055,-1.524,-0.5896022,1.8060266
1.5738895,-0.966539,0.989657,1.3888441
0.29122433,-0.43048927,-2.1303906,-1.2219926
3.3252676,1.6357309,-0.3246448,-0.9314574
0.29694438,-2.0880537,-2.930641,-1.5253844
1.2835053,-1.2048237,1.8329225,1.1115116
-1.3284105,-2.3119535,-3.7478776,0.5044732
1.0922959,0.5925556,0.4472433,1.5283754
2.9635277,2.410741,0.52977604,0.2904992
-0.04250079,-1.883994,0.2884995,1.2025456
0.981462,0.37934515,-3.8966012,-1.2660011
0.790873,-0.73255587,0.0729035,0.53596604
-1.5453986,-4.454213,-0.55244446,1.7605566
-1.1981062,-1.272274,-1.2275426,1.2945623
1.251136,-1.7213074,1.9219368,1.4949183
-1.1497704,-2.5498273,-3.227551,0.16420557
0.7558648,0.46479803,-3.2146158,-1.364913
2.265186,1.4671395,-1.4153391,-2.1460288
0.26118264,-0.31676784,-1.312123,-0.2173808
-1.3401784,-2.1115122,-1.4891077,-1.1890385
-2.1363893,-0.96664363,0.16922688,0.9400193
0.4025403,0.27450272,-2.2342427,0.0058647306
-3.7692878,-2.80218,-0.16706373,1.6757871
2.021713,1.8661112,0.81235445,1.6063794
2.7905505,2.7037873,2.3015623,1.4629056
0.1519826,0.033672467,-1.3243301,-0.6072212
2.2272928,1.9665259,1.3479095,1.1537074
-4.1583486,-2.9425898,-0.31010386,0.002571893
2.3294072,2.1128874,2.2060766,1.749958
-1.5126342,-2.6773713,-2.2292755,-1.6243719
0.17141035,1.2062849,-0.9184912,0.85150343
0.09075105,-2.5329604,-2.3799188,-3.4719481
-3.1749604,-1.6466347,1.350733,2.1580513
1.98112,0.53029495,1.6310198,1.3077905
-2.677952,-3.456248,-1.4386828,-1.5792004
0.8328453,1.1954899,0.03754245,1.1055905
-0.7381192,-1.8484439,-1.8545797,-1.6911122
2.0452225,2.742151,-0.57351696,-1.5895798
-0.190168,-1.5630237,-0.20255847,-2.1403794
-3.3124504,-2.8998578,-2.1707976,-0.91209483
2.344725,2.1366103,-1.6034092,-0.72048646
2.6501098,2.0749028,1.6072967,1.3927398
-0.5324279,-0.72752833,-1.882797,-1.2456852
2.5107749,1.9115026,1.4662684,0.25562364
-0.6889628,0.73405546,-1.504753,-0.75548464
1.5288692,-2.793677,1.1770338,-1.8655145
-2.270907,-3.0957587,-2.7263193,-0.3203518
-0.08521139,-0.67246234,-0.48426476,0.74611145
3.775434,2.0365503,2.1099932,1.4795856
0.17721136,-1.1292284,-2.3119886,-1.9271705
-2.2964053,-1.1018915,1.368744,2.4584692
2.7242994,1.597654,0.27377102,-0.54859746
-1.4757062,-0.7748768,-2.0011854,-0.58653927
2.183334,2.0482953,0.9692363,-0.79952675
0.3369988,-1.778049,-3.275963,-2.5783565
-1.7643113,-0.8510689,-0.2973854,1.0972258
3.212119,1.1099635,1.1549436,0.505221
1.8470879,1.7393574,1.69629,1.6899809
2.0575047,0.9010016,1.8246801,1.5223756
1.2611203,1.7839388,1.261108,1.3257582
3.1022654,1.781368,0.04688584,-0.27379283
-0.59384465,-3.8577664,-0.465782,0.53377277
-0.45704794,-1.507715,1.2842817,2.5164824
-1.6722676,-3.0244377,-2.921936,-1.9917809
-2.1012464,-3.7866862,-1.9614193,-1.2330116
-0.28631505,-0.8810439,-2.586893,-1.1112471
0.9538936,-0.22111358,-0.13565451,0.066028625
-1.7431065,-2.3930452,-1.7725486,-1.2718003
-1.084635,-0.45508495,-2.0039191,0.3512303
2.3030136,0.4649545,2.5486736,2.0115626
-0.5617541,0.6604437,-2.0698743,1.413375
2.9607236,1.2596498,0.17419186,-2.9047165
-5.112494,-2.9323835,0.15493728,1.7695812
2.0565755,-0.119806156,-1.65678,-2.459926
-1.5690398,-0.87017196,-1.438322,-0.08784401
-0.014511325,-0.5699918,-0.7723106,-1.355832
1.4441836,1.3104486,-1.2958676,0.37881505
-0.8849305,-1.3270727,-2.1176517,-0.5177621
2.457723,1.5742784,-1.4472121,-1.8395518
3.6866267,1.2515703,0.50776505,-0.19611655
-3.6137183,-3.184618,-1.9394587,0.5056266
2.0170834,2.4845552,-2.1971192,-1.2403698
-1.2149044,-3.0656886,-2.2186413,-1.6308594
4.060155,2.0322838,0.41006917,0.21582995
-0.5566238,-0.4351108,-1.3647225,0.9771578
2.481256,0.47457173,2.216397,1.2406863
-2.01574,-3.509475,-2.8309436,-1.9664963
1.3167776,0.169378,1.7945268,1.8257898
-1.5504034,-1.662362,-2.0197954,0.33719718
-0.16573967,-3.2117853,-4.164748,-1.649717
3.53164,2.5152667,-0.9861611,-2.811104
1.5365499,1.1830837,0.9718759,-0.015788535
1.738644,1.9674096,2.0739987,2.3524044
1.231709,-0.65546477,1.9900339,2.2278085
-1.5092568,-3.713688,-2.6575608,-0.7386613
-1.1235178,-1.7431879,-2.1350071,-1.4158227
2.005504,1.2632815,0.2576512,0.20664953
1.981786,2.074366,-0.8971673,-0.6242014
2.8152578,1.5289053,0.027878655,-1.2339191
-2.5239313,-3.9820468,0.65576833,1.9941529
-2.125741,-2.2530997,-4.624261,-2.2080286
-3.6715114,-2.62757,-1.756065,-0.98317546
0.7054288,-0.5581245,-1.7781222,-0.25981236
-2.8150196,-5.007558,-0.61062044,1.6232376
-2.7672212,-4.044246,-1.466413,-1.429475
1.7466183,1.7318783,1.0861886,1.0663979
-2.1701577,-1.6157848,-1.170977,-0.796926
-0.13721678,0.6360677,-3.8866792,0.03837715
1.3596475,0.621634,0.3696067,0.9852971
-0.1857095,-2.28203,-2.5292423,-1.8487968
2.1871502,2.5518448,1.1277236,1.3241117
2.070148,1.965417,-0.93137693,-2.9633503
0.6871185,-0.18983173,0.27852073,-0.1288197
1.2567759,0.49465078,-0.800568,-0.30622673
-1.0246818,-3.3192642,1.2281121,2.340505
2.8390915,2.1844094,0.030723892,0.65412915
1.9473064,2.1523376,-0.98799384,-1.5406297
0.5355495,-0.014271902,-2.7071633,-3.3363698
2.9964771,2.163503,1.0793437,0.35657763
-1.5209472,-2.778896,-1.8965089,-1.1822803
-0.60968584,-0.43343943,-1.4353876,-1.0228254
-0.11564245,-0.3714297,-1.1896526,0.81649566
-2.9782534,-2.4788837,-1.760245,-0.99001443
1.6671686,1.4183035,1.0789698,1.6918697
2.60459,2.7002578,1.8322976,1.9704361
-0.5700158,-1.8331923,-1.9104944,-2.524031
-1.838287,-1.053762,2.1416204,2.4066749
0.5071699,0.43082735,-2.1463032,-1.2140032
-2.3765345,-3.0838017,-1.5990642,-0.8949957
-3.19548,-0.3873785,-0.0035349382,-0.23035702
0.51655483,0.28733167,-0.6565107,0.3473943
-2.9228308,-2.988584,-1.23521,-1.4717461
1.3003238,1.0252887,-0.33964655,0.5626924
1.2910075,1.0520815,1.9869604,1.907332
2.612168,2.5023005,0.8485148,1.4930391
2.538972,1.777373,0.17721231,-2.9220402
0.37625358,0.63154817,1.3284417,1.2379333
3.2230918,2.5188417,0.5663791,-1.2463199
-3.162959,-2.9314306,-1.1734222,-0.8720523
1.8747292,1.10355,0.35666546,1.675456
-2.0365217,-4.0369725,-2.2745514,-1.5364342
-0.96818095,-1.8763571,-1.6365703,-0.4733962
-3.1292455,-2.0642233,-0.6159419,0.67205495
1.4445038,1.0459229,-2.985063,-2.402079
0.6848417,-0.40878367,0.69266546,0.3860172
-1.8998111,-0.31339166,-0.036238898,1.5280142
3.8289082,2.3808472,-2.0637765,-4.290121
-2.0671673,-1.126467,0.019394673,1.7199068
2.6844766,2.0510626,-0.65699255,-2.0113332
-2.2054625,-0.13508172,0.8893202,1.8489606
-0.95609033,-2.997609,-2.7287652,-1.7748331
-2.7626152,-4.026504,-2.8308609,-1.9450705
-0.89876604,-2.3597145,-0.48057282,1.2613602
0.60680425,-1.3424448,-1.3727394,-0.87586015
0.10228938,0.12571797,-0.8094287,0.45182842
-0.07093435,0.14405893,-1.865708,0.5271846
1.245854,-0.8515025,2.3310964,1.8300488
-2.2340598,0.02731595,-2.1290648,0.61024463
1.0641615,-0.96301293,1.4340851,1.8191594
-1.4917428,-3.1596382,1.6446657,2.524492
1.2735078,1.3362998,-0.42972127,0.47689837
-0.33355543,-1.0694443,1.2059909,1.8137777
-0.5512669,-1.942975,-2.4574726,-1.1980994
0.7910941,-0.45794463,0.58514094,1.1860943
-2.2978778,-2.699943,-1.4399388,-0.8253562
2.4898312,2.182324,1.2713116,1.057865
1.6448811,-1.4170762,-1.2386411,-1.7844214
2.3520195,1.4786404,1.1553507,1.8513222
1.9135935,0.84232306,-1.0291741,-2.1914089
-0.54657996,-0.7472678,-1.6706609,-1.390248
2.7111223,0.40223387,1.4405845,-0.035209566
1.0900007,0.07601529,1.6754915,2.2182007
-0.6370722,-2.3340194,-1.7125398,-1.5169578
2.496702,2.1444497,1.8808731,1.6916016
2.080935,-0.14340721,0.50464535,-0.100367814
-0.44888288,0.2156159,-2.5792046,-2.708199
2.5596461,2.0975823,1.0323205,0.80547744
1.8427643,-1.6778234,0.9681241,-0.57103
1.7951354,1.9729795,1.2395623,2.0321317
2.2818773,0.70751673,1.7553626,1.0768796
-1.0853299,-1.1084827,-1.3598866,-0.009882723
3.2254908,1.8356835,2.1616426,1.4785478
1.8720839,2.039349,-1.7269984,-1.9833642
0.4171401,0.44428262,-1.4884667,-1.2271458
0.252623,1.0287403,-0.97233915,-1.1989148
-1.2587739,-1.9418937,-1.3019854,-1.2062287
-0.7117819,0.36086658,-0.21635643,1.2596254
2.8679528,2.6197863,-1.2607253,-3.287454
-1.3593776,-4.0209694,-0.23860808,1.3226203
-1.4711169,-2.4724948,-3.0733218,-0.42179486
2.0323162,-2.12593,1.9062111,1.801722
0.14570346,-1.5690836,-2.3824809,-1.4507768
0.38914356,0.8279271,-0.89769113,-0.5028642
1.4625562,1.3121537,-1.6346929,-0.6593637
1.741503,-0.6371483,0.6812779,2.1094043
1.5517204,-0.6854718,1.619429,1.8669246
-0.107153304,-2.3931813,-0.8657435,0.76971316
1.5973314,-0.06132792,0.29003018,1.2829053
1.8693895,-0.053947095,-0.16436888,0.34471297
0.86145437,1.5166758,-2.827561,0.26290658
2.833346,0.40858427,2.236169,1.4087905
1.8539958,0.58378714,0.14059803,1.0724984
-1.0490148,-0.33264616,-0.6501519,-0.21452981
2.137732,0.8590763,1.4526968,1.6848387
-2.7160318,-3.0173965,-1.5821139,1.0458661
0.16110842,-1.6292202,-3.0152247,-1.2700619
1.4858096,1.3455791,-1.1142043,-0.7364237
3.0760875,2.2008884,-0.47591323,-3.1956923
1.2511386,-0.65550244,1.3551106,1.5306126
-1.8590412,-0.68834394,-2.349195,0.63551223
2.8293633,0.57010233,1.0290993,-0.086579986
0.08369952,-1.4608449,0.5827175,1.7155066
-0.33315325,0.04307952,-1.2448071,-0.31104666
2.335635,2.2276802,-1.5936661,-1.7052704
2.821045,1.8029466,1.4983771,1.0868202
2.1397576,0.0088699,2.1681244,2.014251
2.0749106,1.6122729,2.0276315,2.2686877
-1.627961,-1.437244,-1.7805591,0.9971033
0.36550415,-0.37516266,-2.650017,-3.3006604
-2.395759,-3.3769968,-2.9718606,-1.0431811
-1.4681144,-0.6162528,-0.99138975,-0.46999234
0.5240869,0.6375715,-1.5437845,1.3817012
-0.76441956,-0.30684406,-1.3400722,0.47894418
0.116081975,-0.5090173,-0.35304317,-0.32386276
-2.7426202,-1.5767514,-1.871396,-0.16089731
2.4126196,0.3107836,-2.1881297,-3.2516458
-2.5137143,-2.6827228,-2.3505483,-1.6720701
-1.354857,-1.3876128,-2.902695,-2.9867866
-3.1593459,-3.1220803,-0.77525955,-0.9273225
1.3331386,1.4312866,-1.5971352,-0.6793096
2.5772448,1.2473345,-0.95185095,-3.3372514
0.45556802,-0.2502205,1.535222,1.5905756
-2.3823304,-1.1010654,-1.5517416,0.87683684
3.428572,2.5817094,-1.4278494,-3.1438317
0.35936123,0.13548554,-2.273888,-0.7288072
3.114747,2.7583168,2.3233488,1.360869
0.26193196,-0.069885746,-2.1641247,-1.0461025
-0.049259406,-0.30883518,-1.4709314,-0.42688718
0.11230023,0.3923565,-0.80627036,0.45780796
0.603361,-0.730302,1.5428604,0.7287769
-0.017561559,-0.4160594,-0.7108581,-0.68221176
1.8531381,1.5882841,-0.43055126,-1.4662285
-0.52765054,-1.1292553,1.9821635,2.1946254
0.33152923,0.14760572,-1.3749015,-1.9842914
1.4649154,0.54251784,1.938117,1.1923461
-2.9754553,-2.291608,-1.0064931,1.9368294
2.9766088,2.6011314,0.7143481,0.05274085
1.2249205,-1.0590061,-0.07370634,-1.403048
-2.9405544,-3.301757,-0.4156219,-0.5162677
1.8781127,0.7943754,0.3043498,-1.6496629
-4.440882,-3.1375656,-0.63394845,2.3330708
-1.369936,-1.3752054,1.2391922,2.35999
0.37751696,-2.1624632,-2.4313376,-0.7147159
2.4578633,1.866491,1.3122435,1.0789855
1.7915549,1.6252526,0.5199341,0.81610954
-1.200199,-1.5925112,-1.6762459,0.54728466
1.2362229,-2.052652,0.663002,0.26927352
1.2807009,0.059596658,0.45004138,1.9142047
3.5020366,2.003062,2.0875561,-0.42984653
-0.9754662,-1.1435506,-1.2271485,-0.80967146
-0.94260824,-2.9555595,-2.3818035,-0.9529514
-1.0594885,-0.8042877,-2.879311,-1.0480739
-1.1372079,-1.252762,-1.6971487,-1.1811045
0.030906018,0.34315994,-1.6133134,0.1811491
1.2994555,-0.16645971,0.0013420158,-0.5550872
0.85926193,1.1975739,-0.22642258,-1.1529217
-1.8606824,-4.341349,-2.4450061,-0.32792827
2.9642208,2.222614,1.806229,2.2996294
-2.771632,-4.314198,-1.8872248,-1.2926817
3.45265,2.2267215,2.05171,1.9311669
0.6970384,-2.0308962,2.4382472,2.069355
-2.9899004,-5.385584,-4.7728624,-2.0613897
1.893171,2.0834851,-0.99361295,-1.3335818
2.786241,2.1898525,2.5435085,1.9598562
-2.2422843,-4.661106,-3.7354047,-2.443209
-1.4628631,-1.0119891,-1.8038777,0.26011753
-0.6120156,-3.1532173,-1.5644963,-2.6008
2.3961763,1.9347914,1.8506122,2.249207
-1.5792611,-2.8015788,-2.204231,-1.8566176
-1.401801,-0.17008168,-2.0909007,0.07207074
2.495577,1.7411138,2.1602342,1.9365511
-1.549948,-1.6410873,-0.86810046,1.3857336
1.7774968,0.5561216,-1.7164261,-1.0752885
1.4414237,-0.09447553,1.4948423,1.4846107
-0.12056915,-0.7083822,-3.021447,-1.0729817
3.4449236,2.1703343,2.1807978,1.5980417
-0.32869187,-2.34365,-0.9042623,0.24614906
0.3151064,-0.2086343,-1.5712016,-1.2068156
1.7279685,1.7915616,0.9567761,0.83594656
-0.48743105,-3.5409632,-3.2226925,-1.976595
1.7727965,1.582092,0.6750863,0.9421608
0.31944358,-1.4623184,-0.47136796,-1.144833
0.7682853,1.5989419,-1.5590339,-0.9656542
1.1876391,-0.9700938,-1.2151347,-2.3881168
-1.2984275,-3.7878833,-2.709811,-1.4857991
-3.3134112,-1.221735,0.7950882,2.3263783
2.7720149,0.22358558,2.740208,1.6217042
-1.3872392,-2.7387705,-3.8610363,-1.385486
2.745015,1.1627309,1.1910493,0.95748943
0.37154958,-0.5069863,0.419166,1.2848206
-0.09554791,-0.41486707,-0.25667262,1.2086889
-0.16777255,-0.8287469,-1.1894283,0.64018714
2.2517705,1.0794063,-0.8019264,-1.7209406
1.1802298,-1.3821291,0.20902808,-0.09041639
0.43494895,0.699663,-2.4648955,0.12409078
-1.7193266,-2.7092283,-0.9494999,-0.7973086
-1.5707297,-2.939017,0.032993823,1.5765467
-4.7188683,-1.8843086,0.6097781,1.9264994
2.4876626,0.23363827,1.9116534,0.84471637
-1.1982162,-1.252616,-3.5342648,-0.9842298
3.5033607,2.3451521,2.1769376,1.5000292
-2.1835666,-2.6190612,-1.7590994,0.48956472
3.3058355,1.955222,1.6270974,1.6901027
-0.89970636,-0.9410743,-0.8631922,1.3174419
-0.4943969,-1.4197029,-0.5274988,1.0221617
0.44753712,0.97658795,-0.30870813,-1.1077272
-0.6940989,-0.53970957,-1.0693966,0.771887
0.635908,-0.5868558,-2.684636,-1.9750762
1.2919968,0.1427271,-1.4101107,-2.8484955
-1.3322614,-1.9672885,-2.5972996,-2.5750458
-0.5661007,0.44287398,1.4610052,1.4203311
-0.064680874,-2.4154007,-4.2639823,-2.0178843
1.0302422,0.93328846,-0.9596677,0.57834953
1.1330384,1.3786355,1.4228327,1.9121717
1.2666078,0.85935575,0.030383464,1.2352002
1.3236127,1.7738799,1.3256958,2.135919
-0.05019292,0.7593085,-0.5793854,0.68077135
2.5439548,1.6575092,2.190374,1.0745447
1.4303697,1.1584079,1.7770574,1.773928
0.42710984,1.2541792,1.203429,1.2831315
0.4841902,-0.38749704,-1.3301852,-1.2051926
-0.20646219,-0.14342488,-0.84597474,-0.53404963
0.9014292,1.9720304,1.4646093,0.28560472
3.124785,2.3985634,0.58701414,0.57034236
1.3975828,1.1369344,-0.36700442,-1.2321043
0.87580794,-0.6918778,2.0890152,1.9248911
-2.3373682,-2.4760895,-2.316457,-1.1468475
1.3223467,0.8844821,2.0684702,1.1631355
1.864892,1.286048,-1.5552307,-2.9351678
0.011553467,0.26606977,-0.7495565,-0.88312423
-0.42553455,-1.5055481,-2.3556905,-0.5273844
-0.31625277,-0.08181104,-1.9300767,-0.5645191
-1.0452728,-1.8265109,-2.1887114,-2.1719534
-1.0784277,-2.291144,-3.4367688,-1.9859954
2.2707295,1.7318269,1.2320069,1.8198066
-1.8030897,-1.7789421,-0.8065555,0.83014303
2.4093888,1.131159,1.2316415,0.30643186
-1.3403643,-0.6062635,-0.8821074,0.62184167
0.07367871,-2.2697203,-2.1442733,-0.7485164
3.5180674,2.3012786,1.3705984,0.586807
-0.8989127,0.946263,-0.76593846,0.17006704
1.1693493,-0.93577224,-0.54597867,-2.666698
-1.0337676,-1.3356773,-1.5696734,0.8816709
2.5331776,0.2987294,2.4098358,1.3741523
1.5380806,1.5438414,-0.17729844,0.40471113
-1.3529129,-2.244865,-1.2220098,0.38844
-0.67507094,-2.5049562,-2.486674,-0.93033326
-0.15142046,-3.2043638,-1.6391319,-0.41998127
2.7033162,0.6626295,0.38012615,-2.0179536
0.5338711,-1.8944025,1.659327,2.2059565
1.8404739,1.6539828,-1.4236181,0.24172603
-1.270892,-2.6695385,-0.7458286,0.11547836
-0.14179395,-1.2257161,-2.4792738,-1.6210421
-1.5252312,-2.2480571,-1.2410742,0.46410322
-1.424787,-3.0067265,-2.088171,-1.3299648
0.63476306,1.353103,0.19683152,-0.7105501
1.1746658,0.7359132,-0.35291967,1.6489352
0.09032137,-0.8412943,-1.8315735,-1.2231816
-2.5493672,-1.9371874,-0.3541944,1.452754
1.7438699,-0.007811236,1.0094409,1.5811034
2.367846,1.4994187,2.369838,1.89427
0.36707878,-0.4329486,-3.8107142,-2.5966427
0.7348742,-2.413141,-0.6137333,-2.8374374
-3.327412,-1.9652601,-1.2797252,1.4592689
0.7432488,-0.83036363,-3.2442768,-1.5064766
1.2645264,0.6176956,-0.0065862676,1.810634
-0.27897376,-0.9042687,-2.224983,-1.0180575
-0.7844782,-1.7793323,-2.0831935,-0.9708677
-0.004519337,-0.90943193,2.5261896,2.3261678
-0.7133456,-3.3767142,-2.2874255,-0.3569637
1.3536623,1.08356,-1.5044309,-1.3655111
-1.9698266,-4.501864,-0.720034,1.7857616
2.4394593,1.6674328,1.1269196,1.9855924
-2.1931581,-3.250338,-1.9579037,-0.6815234
3.5667303,1.854491,1.9871343,1.4293234
-0.81534445,-3.0459414,0.23565735,2.198251
1.9410194,2.1231842,-0.15859643,1.1726751
0.051050864,-1.7406479,-2.03923,-1.284643
-0.9409445,-0.14150634,-3.1379898,0.30833474
3.100132,2.0696104,2.596653,2.067801
0.27130482,-2.4501944,-0.1265848,0.61172324
-1.3129072,-3.5293849,-0.69278836,1.4174
0.1754727,-0.22600043,-0.8696017,0.96463066
-2.963645,-4.6316667,-3.2334828,-2.5662978
0.040774602,0.5105934,-1.9687934,-0.22328724
-0.5064202,0.55768245,-0.9464473,-0.5413692
-2.5009294,-3.927865,-1.3232667,-0.8050523
2.2093015,2.3155007,1.0808723,1.7064493
-1.9927914,-3.6958592,-1.335443,-2.2541869
0.7025939,-0.75627214,-2.3931754,-0.7481023
2.9022248,0.57489896,2.0500362,1.690679
-0.8511374,-2.3886406,-1.2517098,0.8507896
0.73455036,0.85521096,-2.311547,-0.61129314
0.75515735,-3.0098307,-2.9883938,-1.2173128
-2.1218517,-1.2702353,-1.3540124,0.88136965
-2.544571,-4.4938884,-1.3931692,-2.2741125
3.8639667,1.4760772,1.7275001,0.361729
1.5723321,-0.036610182,-0.25250363,-1.4848155
-0.12258264,1.1840187,-1.530283,0.4484813
-0.79477227,-1.6163627,-1.8185858,-1.8016396
-2.529178,-2.8822987,0.61422163,2.2364113
0.37749338,-2.9377506,-2.799616,-2.1169133
0.29951409,-0.54800725,-1.2642661,0.32891622
0.53334814,-0.25077307,-0.5924026,-0.5804476
-2.259904,-3.7503989,-1.01369,-0.20616513
0.99413246,-1.2920585,1.5398837,2.1074152
0.54940265,0.29773265,-0.10438317,1.3040415
1.592728,1.2942053,-0.20990269,1.1038632
-0.17184696,-4.5631447,-2.2671664,-1.9770087
-1.8109496,-1.9676217,-1.1867721,-1.3117938
-0.2888874,1.4453238,1.4868655,0.65313023
-0.2799332,-0.7456723,-2.9825227,-0.6764646
0.06032261,-0.9326932,-1.5488302,-0.36118892
-0.6470545,-0.47376263,-1.8387619,-1.6355463
1.2605577,1.0365078,-0.14960389,1.7700565
2.4616404,1.2593501,-0.49927005,-1.3187168
-0.045775034,-0.6485983,-2.315317,-0.9155333
2.312671,2.4326868,2.0121286,1.9918101
-0.22008082,0.011130592,-0.18388462,-1.3519065
2.829224,2.44952,0.9118389,0.4607122
1.0968374,0.8013102,1.4755417,1.9106385
-0.40364972,-0.5045524,-2.9571767,-1.8734264
1.0040581,1.6253916,-1.6091881,-0.747294
0.59226257,-0.017004335,-1.4536985,-0.6466899
2.9833622,2.4837499,0.16750138,-0.7619881
-3.219368,-3.233334,-1.1654971,-1.2850362
1.0044249,0.30073088,-4.12384,-1.883818
1.4577076,-0.00879431,1.296593,1.1568391
0.77887225,0.73089176,-1.9146507,-1.2659061
2.8300598,1.8114327,2.133643,1.5891446
-0.17764166,-1.4961877,-1.3719211,0.70822275
0.43921068,-1.4910433,-0.6126634,-0.6197442
-1.8216776,-0.32743344,-1.655305,0.6544299
2.952111,2.1246083,1.1633979,-0.27477118
1.5390677,0.28890148,1.7929653,0.9543093
1.5447726,1.1051136,-0.78498447,0.2772649
-1.3508321,-1.7083356,-2.362618,-0.40908462
2.1436234,0.20730972,2.4061027,2.043548
-1.6066725,-0.52919054,-1.6560708,-0.48104602
0.3105921,-0.45775825,-0.92180115,-0.31841743
-0.37922245,-0.5055725,-1.9235293,0.41508308
1.5270162,1.5876786,-0.19176076,0.40560228
-1.45674,-3.0513232,-1.4588734,-2.531495
2.077823,1.8485925,-0.20353846,1.2710775
0.9187575,-0.5164332,0.08579634,-0.6142025
0.47582868,-2.0612788,1.550361,2.252298
-1.227118,-2.8840735,-2.9198246,-2.1599514
2.4496543,1.9320058,1.8919187,1.9377115
2.7116928,2.4094794,1.678973,1.2760959
-1.7130702,-2.1674192,0.066577226,1.6503339
-2.4686143,-2.8256586,-2.8591204,-0.8196001
3.2058825,1.4609257,2.0933568,1.385536
-0.18321602,-0.39820856,-2.7203586,-0.060376488
1.1488832,-1.3067869,-2.2405462,-1.6138272
1.3193074,0.55054504,2.1205685,2.3001852
1.4657123,1.1244476,1.2627797,1.9836816
2.4304128,-0.8850613,1.5192683,0.6197739
-4.0979257,-2.930547,-1.7217788,1.5074364
1.0821742,-0.3733756,0.8948188,0.31732416
-2.0977314,-4.121858,-1.9612738,-1.7288393
2.8582969,2.8600943,-1.4792224,-0.86183053
-0.6471643,-0.3129675,-1.8981158,0.012843574
0.8544846,-1.1958814,0.17583768,0.9265894
1.0299498,-1.3216087,2.032313,1.9368072
0.20405088,1.7364105,-2.3713217,-0.34660915
1.824259,0.8508474,0.14611663,-1.9195292
-0.436443,-0.8777038,-2.3802223,-0.09568211
0.9658561,-0.9776488,-1.0373379,-0.4546907
-1.6479,-2.5730894,-2.4562418,-1.6234627
0.48797876,-1.0096227,1.6657939,2.2321172
1.2773236,-1.7000206,-0.273199,0.97409153
2.7893689,1.6059045,1.8705969,1.7549076
-0.47211805,-0.9577088,-2.6201696,-1.2387279
2.8179433,2.6569998,-0.55571,-0.5551015
3.2623048,2.0947523,2.4764647,1.5514038
-0.45392513,-1.7055455,-2.5874503,-1.7967236
0.6175652,0.4898433,-1.0264286,-0.5590877
2.1167655,0.90978044,0.4472854,-0.9564332
-1.09223,-0.4750042,0.4584586,2.2083042
3.137863,0.810458,1.1327461,1.0386884
2.6162229,1.6690832,-0.7568848,-1.0533965
2.2905931,1.3139875,2.4664333,2.1951158
1.1808832,-0.19427252,-1.915601,-1.0253209
-0.023688488,-0.44213063,-0.68104357,-1.2869567
0.66487396,-1.4520221,-0.43382162,0.73955727
2.1595416,1.2234118,2.2025514,2.1654253
0.12371332,-0.32348442,-0.50921,-0.6894222
1.0188696,-0.73806643,-0.30699474,0.8289387
0.969248,-1.1844143,1.8363881,2.059119
2.9484458,2.4851868,2.0575798,2.3003988
1.6390998,0.55846524,1.7841533,1.7758571
-0.21524058,-0.63605,-1.2620841,1.4667106
0.85360897,-2.5659578,-2.0388205,-0.91203886
2.2198985,2.1779835,0.42900166,1.6721201
-0.1778345,-1.5819036,0.6290314,1.0724897
0.18995987,-0.84329647,-3.1131268,-1.6788738
1.6014344,-1.0691198,-0.9646931,-0.4721757
0.95253277,0.62051004,-1.4507182,-0.41091168
2.8888931,2.2721837,2.1838768,1.9570998
2.2168283,1.6026589,-1.7184452,-0.95049566
-1.537905,-3.2057629,-3.0007024,-2.2513852
-0.20284814,-2.8090348,-2.2953606,-1.3127476
2.751666,2.0215883,-0.4974584,-0.33650008
-1.3067062,-2.661027,0.24784347,1.3364967
1.6054953,0.49245933,-1.9315767,-1.5235145
1.4972711,0.9732136,1.1077263,0.47541064
2.034025,-0.72623706,-0.69119364,-0.77572125
-0.72057813,-0.73219556,0.118975475,0.6096725
0.1965943,0.41544315,-2.6093028,-0.7262779
-1.566737,-2.729769,-1.9534162,-1.1938926
-0.35606378,-1.864459,-2.9814878,-2.8455696
-0.86694926,-2.3593726,-3.6091626,-2.9309773
0.6347845,-0.8268368,-2.1398976,-0.43371648
1.0080521,1.7028291,1.8601571,2.1933546
-0.05501429,-2.0044546,-0.9236049,-0.85454035
-1.0442253,1.0997987,-1.6481359,0.64273673
1.4705232,0.8038494,-2.8846965,0.0126074245
1.7880713,0.8905719,1.06607,0.8652759
0.18584014,0.4441271,-0.5668309,-0.90999347
-0.47689173,0.020450935,-0.5604034,0.3107708
0.3382433,-0.045581315,-0.52989805,-0.4353811
-3.3108337,-3.19418,-1.368625,-0.25614497
2.3496318,2.612855,0.1479364,-0.14849097
-1.2445574,-3.2426486,-2.7927525,-2.2835245
-1.3718581,-2.7768538,-2.7967215,-1.395257
2.063752,2.4022605,-1.1290172,0.5278371
3.0694447,2.44747,2.1033735,0.615244
-0.19467025,-1.4427295,1.463228,1.7470766
0.3749792,-0.42851698,-2.0335968,0.04461689
-0.54168105,-1.4828964,-2.453623,-1.4038558
-1.5564364,-3.575767,-2.6283853,-0.5461742
3.3678246,2.2390516,1.7823828,1.5348724
-1.5250399,-1.310779,-0.92581874,0.61617446
2.0023632,0.6603419,2.5424998,1.7375398
-0.37735122,0.28087196,-2.2257917,-0.2967789
1.8210527,0.3666406,-3.9734807,-2.8777728
2.8573358,1.82461,1.5911427,1.5252997
0.005207767,-2.698477,-1.0873698,-1.6983926
0.7295644,-0.18494229,-1.5461435,-1.0215403
2.4274993,1.193628,0.5902169,0.044821553
-0.31180555,0.57652014,0.91133285,1.6030791
2.0385435,1.6399685,0.83626235,-0.069021225
0.16130807,-1.2741547,-2.9111838,-2.4305499
2.4697206,1.9081674,1.6640007,1.1684601
-2.4957747,-3.4440844,-1.6755313,-1.3168406
0.16329823,-0.79642403,-2.6817167,-1.2476459
-1.1257379,-2.8310776,-2.8070447,-1.304723
-1.2876272,-2.3842478,-2.2487438,-1.1731684
0.32585058,-0.18001373,0.3214421,-0.46145347
-0.2200203,-1.6548272,-0.9653312,0.8050793
0.11657245,-1.0958633,-3.0314338,-0.6683767
3.1698534,2.1993167,2.115142,0.23043767
-1.4764254,-3.0222285,-1.7191343,-2.1115777
2.207556,2.2430687,0.6510424,1.6356785
0.57543623,-1.4813384,0.020050496,-1.057662
3.0329854,2.2369392,0.4386592,0.6008525
1.333367,-0.16684356,0.930272,0.40044346
0.18274799,-0.46720183,-0.7779398,0.027590498
-0.31128782,-1.0249666,0.051034383,1.9283339
1.2444004,0.7937467,-2.3065896,-1.5550127
1.6187652,-0.4967755,1.2229764,0.8183712
2.9291,1.531034,1.0851276,1.5630811
0.5131483,-1.4258716,-2.0092888,-2.5833375
1.3147963,-0.9093792,0.9849823,1.1713097
0.6323028,-0.7960814,-1.7118679,-0.4339671
0.31505242,-0.619067,-1.9131175,-1.2591306
-0.29611397,-0.30152363,-2.4000223,-0.78842235
3.6719775,2.2742343,2.121001,1.3124112
-1.3749558,-3.9060972,1.5467482,2.4878259
-1.8412329,-3.1725523,-3.179023,-1.9154804
-0.8412937,-0.8806452,-0.3815938,1.901453
3.617871,2.332317,2.0580666,1.2283605
-3.387514,-5.0992184,-2.5743911,0.33580226
2.8616207,2.2196968,0.053826638,-0.9716489
-1.4102535,-2.0571434,-1.5403105,-0.9722295
0.15644163,-1.9622593,-4.539838,-2.8948405
-0.53906965,-2.4021013,0.61721116,1.853914
0.09903085,0.3645552,-3.507618,-2.093818
1.4687946,1.6407847,-1.1321847,0.10952408
1.9865109,-0.87476003,2.2757356,1.5550922
-2.352753,-4.986235,-1.5191364,1.9566615
0.7353374,0.8661218,-0.3365825,1.4556351
-2.8797338,-2.4043887,-0.799588,1.282672
-1.2657248,-2.606142,0.036234558,1.9850682
0.056959018,-1.3802807,-2.3199148,-1.0251563
2.5047748,-0.21501414,1.4959399,0.02970963
0.16557032,-1.1595554,-1.4922708,0.5815496
-2.508929,-5.2051835,-2.6953158,-1.4405293
3.1012623,2.0684388,1.3883194,1.2884092
1.156136,2.2920244,0.8996394,1.4445
-2.4330156,-1.6141145,-1.318885,-0.39471802
2.6465518,2.6434658,1.1675165,0.398488
3.284459,1.565673,-0.6224732,-2.2403595
-0.56992936,0.19105273,0.3140912,-1.2023581
2.2112818,0.39044878,0.53484154,0.043334223
0.8358216,0.9725628,1.7214371,2.1911345
-0.83692795,-1.6802781,-0.75794655,1.2153971
1.711182,0.68342674,-0.31960118,0.38634035
1.0527172,-1.7325779,-2.2024906,-2.8202388
-2.0416148,0.3849024,-1.2305038,0.29620036
2.423618,1.8045018,1.4172306,0.71407014
1.1346748,1.5879307,-1.4655067,-2.0959425
-1.5161892,-3.2878888,-2.2050695,-1.4913734
0.07912757,-0.44828495,-2.157296,-0.8289477
-2.7447822,-3.3369203,-1.8688543,-1.1668632
0.74871784,0.44240886,-1.3816627,-0.20929226
3.5199883,2.1113288,2.2273333,2.1556587
-0.22690074,-1.6503599,-0.62799203,0.18980916
-0.38382638,0.20110214,-0.018803684,1.9811158
-1.6008223,-2.3613281,-1.5326785,-1.0066298
-0.11638497,0.40670955,0.7738615,0.88240004
-0.2152364,0.06851123,0.7717339,2.0075257
-1.0666996,-2.309267,-3.020435,-1.6391423
3.0183253,0.8785347,-1.1770524,-0.66416043
-3.3463297,-4.7894206,-5.06791,-3.6300159
0.826596,1.0458724,1.4095482,2.0619478
1.7490623,1.9494244,1.2619683,1.3748251
-0.9800159,-1.528299,-1.1803592,-1.5656278
0.22271018,-0.19567998,-0.6389893,0.24158849
2.771594,2.2376485,-0.5039073,-2.007828
2.6211636,2.3083124,2.8331628,1.2906079
1.8242617,2.4795697,0.75482976,1.0427203
1.5082563,-0.9714497,2.298576,0.6726039
1.0728867,1.2307693,-3.4864666,-0.9918728
-1.3040646,-1.2402947,-0.91020685,-0.7276816
0.8889484,-0.0056193513,-2.606605,-1.4492421
1.8603877,1.2801818,2.4676728,1.5627563
1.4252948,0.29696354,-0.62995154,-1.6830081
-1.8670001,-2.154009,-2.4562342,-1.1553608
2.3347871,2.2597814,-1.5658369,-0.57739633
-0.2929296,-2.2893796,-1.8028657,-1.7759318
3.3177774,2.105371,0.09743887,-3.270338
3.0300055,1.5234395,1.9243076,0.064445175
-2.2266567,-3.2435386,-2.774015,-1.280046
1.0297842,0.73634064,2.137048,1.8479722
1.0309789,-0.41829368,1.9516097,1.8761913
1.0992055,-0.665184,2.3327231,1.8023808
0.52116925,0.83755285,-1.2000957,-0.3038176
3.643334,2.525589,2.325563,1.8904369
-0.6388064,-2.550474,2.037689,2.390417
1.760059,1.0520875,1.4510627,1.5397127
-3.081766,-3.6626406,-1.2457852,-0.23740795
-1.1825783,-0.32243255,-1.583314,-2.0963898
3.3264916,2.2892847,2.1237109,0.34037238
0.56575733,0.59419376,-0.42811698,0.44484624
0.064012125,-0.70189726,-3.9788873,-2.0080886
0.9804391,0.35973224,-0.86017823,-2.2760437
-1.8480002,-1.0505229,-0.35628265,1.810859
2.507918,0.6050198,2.1772287,1.0384365
-2.893309,-4.7868495,-3.5188062,-1.1523031
0.22607167,-3.5481503,-0.9860226,-0.15982616
-2.431372,-1.7060288,-1.930851,0.081524596
1.9993218,0.34754044,2.0828078,1.3513564
-0.27777457,-1.9022213,-2.0105064,-1.5588888
3.2873025,2.5771165,1.6248178,1.4835405
-0.9435595,-1.6561451,0.9506117,1.6466289
-0.5828377,0.4949015,-0.67305607,-0.023523888
-0.23292732,-1.9319358,0.24601202,1.007491
-1.4600767,-0.5617349,-1.7646681,1.2410368
-1.6041873,-3.0479198,-0.6827962,0.7424644
1.6173568,-1.8289212,0.82160395,-0.24358141
1.4257271,1.1732864,2.0075946,2.4508839
2.7153227,2.3566465,-0.9899538,-2.493523
3.2208738,0.60821176,2.1774962,0.8127272
1.8829314,2.1958995,-1.2281964,0.20984915
1.5304819,-0.833096,2.834378,1.6822277
2.7331624,2.0486186,-0.29587057,0.54247713
2.4012806,0.39147428,2.4181283,2.1231067
-0.7291446,0.2612515,0.7316444,0.8348731
-1.947625,-4.3434625,-2.4481,-0.45574507
0.20180868,-1.2057693,-0.6356946,0.72481865
1.25702,0.65602463,-0.6043511,1.4022156
-2.106005,-1.9934251,-1.9218547,-0.2075027
2.677444,0.16152331,1.0491041,-1.2246934
0.010805712,0.31488788,0.948235,2.3515253
-0.68526965,-2.6893568,-1.7946064,-1.2709081
-0.21251655,-1.2839415,-2.4187908,-0.63618535
1.5464914,1.7503333,-1.2745125,-0.9602739
1.3447238,0.29481596,0.48743623,-0.7289249
-1.2369281,-1.8510293,-2.1059656,-0.12404596
1.8620094,-1.4050094,-0.8677888,-1.3864459
-2.2594893,-1.8839971,-0.93462896,0.102234095
-1.6069723,-2.399796,-0.0076884846,1.8368173
-0.9809062,-2.3014936,-3.3142478,-2.574451
0.14748377,-0.44928288,-3.3601532,-1.1981398
2.7555578,1.6249844,2.0362246,1.8084399
-2.4989169,-3.906249,-1.6962805,-1.7687432
-0.95615923,-0.7763735,-2.617021,-0.4590522
2.1677318,0.18432157,2.199445,1.9540842
0.23634218,-2.0819502,1.2074591,2.0632024
-2.379945,-3.2708495,-2.4857893,-0.9385359
2.0198734,0.21984556,1.5000371,2.2419167
1.285802,-1.5695336,-1.5468546,-1.449153
0.19039375,0.8320366,-1.1460824,1.2147956
-0.32441548,-2.727761,-3.0758333,-1.97723
1.6936163,0.43677905,0.8763777,1.1309305
-0.03480997,-1.1879199,-2.5355644,1.4063879
1.9193,1.1692448,-1.2847797,-2.0163147
-2.3941724,-2.8883126,1.4712597,2.7988827
2.7687943,1.3865181,2.322662,1.7995429
-0.6453832,-0.16217585,-1.6396831,1.1234537
2.5502925,2.330799,-1.2087427,-2.903895
2.8218644,-0.31667006,1.4079561,1.8244115
3.4452474,1.8521643,1.9105849,1.8446168
-0.4180436,-3.2254117,-0.32415754,1.614215
1.864574,1.7285408,-0.3195549,-0.10330643
2.4175646,1.257046,1.9062774,2.1361701
-1.4895855,-3.6903756,-3.035858,-1.1024673
-0.30121672,-2.9306593,-1.131024,0.43288255
-1.5758296,-1.5086623,-1.9078307,-1.3433158
-0.90603584,-0.8546678,-0.5306607,0.085960485
-0.07700809,-2.912446,-3.5043962,-3.0596943
2.470652,2.504821,1.2151687,1.2512012
-2.4269178,-1.792872,-2.4246771,0.62490374
0.5144599,-1.5190432,-1.7535433,-2.5816033
0.34534252,0.47499967,-1.1076311,-0.6974124
0.43588796,-0.20683499,-0.9618656,-0.38229778
1.5666283,1.4579525,1.4876349,0.8917122
0.84748864,0.27164587,-0.6238499,-0.9836009
2.3094118,2.399407,1.9575577,1.5089457
0.15748388,-1.0882818,-2.134348,-1.9846765
2.2241032,1.2989134,0.25805044,-0.290483
1.4418287,2.1103806,2.4913259,2.210911
0.025735399,-0.78051555,2.3790505,1.9196192
-2.891349,-3.7350836,-1.0442438,-1.137249
1.2384756,0.6054204,-2.2768805,-1.1052296
0.9420799,-1.0081143,1.8988882,1.3492658
1.8346878,2.1466298,1.0271606,1.4378514
-0.82739496,-2.6399457,-1.4053708,-1.8136785
-0.8519454,-1.0816194,-1.5518059,1.0406841
-0.9219674,0.14391236,-1.9310573,0.49016088
-1.3731104,0.33706263,-0.80511576,0.8145294
-1.3201401,-2.3568563,-1.7831196,-2.687619
-2.061046,-2.63634,1.143664,1.938289
2.2708218,1.7661322,1.733672,1.8232083
-1.4660876,-1.2603525,-1.8749352,-0.20508009
-1.9296905,-1.8255982,-0.29154828,1.560273
2.036588,0.026825828,-2.8297253,-2.0089693
2.7323544,0.74175084,2.2785468,1.35735
1.044524,1.0550175,-1.6698308,-0.67375886
0.12909642,-0.9482421,-0.116443105,-0.22550996
2.824125,2.062365,1.8649939,1.9460211
2.7204647,1.9191085,-0.8584087,-2.0986571
1.2832371,0.5332324,1.8300635,1.8667958
2.2930377,1.8017203,-0.8392993,-1.0815386
0.92903847,0.43278927,0.39529228,0.6179671
1.6285113,0.6893506,-1.6372021,-3.4734795
0.17893952,0.04330809,-2.5821674,-0.7967632
1.6049399,0.36045045,-0.37783074,-1.7656043
1.6022261,0.9979587,0.19979692,0.21193348
1.8439904,-0.6300262,2.1647868,1.7842549
-2.624846,-2.859628,-1.5532751,1.1595776
2.699033,2.2449617,-1.0300677,-1.5932056
0.083240226,-2.6728,-1.6904813,-2.482506
3.0419874,2.703537,-0.038813796,0.051724166
-1.8892614,-1.5292165,-1.4004655,0.58283305
0.5686415,0.43594772,-0.32765546,0.7904252
2.0979478,1.2695093,0.5456184,-0.903355
-3.2564657,-2.8698466,1.145127,2.3622754
-0.54838514,-2.0648806,-3.4844272,-1.7042761
1.2161157,-3.1651719,0.64052963,0.46003854
-1.4982103,-0.62305135,-2.711474,0.9755093
2.8102462,1.9558008,0.20794547,-0.88179517
1.268294,1.5463858,-1.8949497,-1.7365026
1.5994526,0.9929802,0.35595083,-2.0211654
1.1257364,1.843164,-1.2975396,-0.32497495
0.4569032,0.24860209,-2.965606,-3.2122312
2.4348984,1.2970961,0.25862533,-1.663234
1.4777597,1.6065228,1.5176717,2.2335272
-0.6450622,-4.1524005,-2.8993285,-2.184781
-0.7239276,-0.34441218,-3.1236465,-0.18006086
2.9970493,2.342119,-0.985014,-2.732723
0.754909,0.72089094,1.1162087,2.0343008
-0.2610703,-2.1787434,-2.658011,-2.159803
1.3058022,2.5380428,0.65126646,1.1622382
-0.19551809,-2.3314376,-1.2317333,-1.2748628
-1.5371308,-2.8280258,-2.2758424,-1.285577
2.8993118,2.8161907,2.3747964,1.5979923
-2.5821078,-3.4814508,-0.49775,1.055714
2.7563157,0.48540345,-1.7379296,-2.8223777
-2.7989717,-3.7397203,-1.2840562,-1.9761941
-1.8218263,-3.162551,-2.2605257,-1.2719734
2.4807513,1.7715881,2.088376,2.0954258
2.3294952,0.490603,-0.6201757,-0.09612789
0.8195948,1.1590362,-2.0882394,-0.676155
-1.5438297,-2.5458179,-1.967399,-2.5936148
0.32093698,0.70463866,-1.8639,-0.64537054
2.130234,1.5793394,1.3487251,1.9216352
2.4340453,1.3592743,0.8852576,0.61137813
-0.76993996,-1.5053686,-1.8565269,-0.6076108
1.0359721,1.1092632,-0.11793227,1.3594149
-0.7907448,-1.5839602,-0.85149044,0.7101438
1.1340874,-1.0100603,0.052501224,0.14400358
-1.4524859,-3.684054,0.6758565,2.300091
1.509658,0.90158457,2.3470702,2.2875288
2.2853918,2.814537,2.2823243,1.916773
2.3934495,1.4404565,-0.6070055,-1.8692768
-1.352358,-0.8014897,0.59260947,2.2513685
1.358294,-2.685916,1.4498954,1.6401128
-2.24531,-2.9166913,-2.6406372,-1.5126706
3.3494148,2.320426,2.0234149,1.8152426
-0.37237686,-3.791252,-1.369148,0.52643055
-3.0537734,-5.144998,-2.899976,-1.6721866
0.10245732,-1.1573391,1.4548346,2.4691265
2.5364814,1.6753243,1.124588,1.6059796
2.5486104,0.93769294,2.2174842,2.1162043
2.3310158,1.628018,1.5543182,2.3953426
2.8943684,-0.06551446,2.0684824,1.8309529
0.9625994,0.6619004,-2.1544409,0.1039236
-0.30529374,-1.0565684,-0.96005315,-1.8621675
-0.10516366,-2.2449443,-2.9338791,-2.9948065
-0.39421582,-1.9961472,-3.9720652,-1.004091
-2.018587,-3.9357808,-2.4954882,-2.276931
-0.29391655,-1.6605808,0.91344047,1.5924772
-2.5422187,-3.9980688,-1.6439753,-1.4544632
0.47175086,0.70232284,-3.8375354,-2.0777547
0.72426623,-0.7850263,-3.3777983,-2.538579
1.649854,1.5043544,2.6039948,2.0547137
0.5232988,0.96829826,-2.065757,-0.8616298
2.1480627,0.2841704,0.9959365,-0.734974
1.1193247,1.0617445,-0.14463516,-0.8083747
0.85035074,0.62971914,-0.79343736,-1.5091044
1.893511,2.0126224,1.0382792,-1.0063925
2.369513,1.2993158,-1.231367,-3.4324625
-1.061457,-2.1831388,-2.2723773,-1.6551683
-2.6931086,-0.01385624,-2.016439,0.61804503
0.2207132,-0.33260068,-2.3188548,-2.6328251
2.8936155,2.9491327,2.7727442,2.196663
0.5940793,1.5318606,0.50798243,1.2075607
0.41235438,-1.8245627,-2.154214,-1.9957987
3.0749378,2.284787,2.5852287,1.4653897
1.1009263,1.2592685,2.4902697,2.3910716
0.17221995,-1.2652714,0.28462964,0.48051643
1.9520712,0.8144313,-1.8275408,-2.105144
2.0804267,1.043896,1.5250143,1.0487612
-2.5579605,-2.1870465,-1.6659956,0.50674313
1.1159705,0.06683115,-0.072325855,0.40618438
2.697627,2.1454017,2.3799431,1.805283
-0.53100157,-1.777984,-0.16756122,0.799079
-0.8611105,-1.3116231,-1.900369,-0.5959355
3.1260142,2.5557427,1.5956696,1.4844702
-1.4357778,-2.8594477,-2.3639212,-2.0167856
2.1746056,0.59757185,-0.5442062,-1.7301986
-0.84246457,-0.7863364,-0.8543734,-0.44719085
2.5748405,1.487447,2.067025,2.2628996
1.5689753,1.5966209,-1.5646855,-1.5414093
3.0569744,2.3205316,2.110946,1.8984936
-1.6118547,-2.9322069,-1.8763266,-0.97452927
0.36034793,-0.1950645,-1.7776011,-0.26180616
-2.982837,-3.207693,-1.2859447,0.32985377
-0.4941598,0.35215464,-1.0801737,0.7956992
1.3189328,-0.8111421,-2.4457269,-2.292267
3.4984717,2.4465773,1.2073318,0.89480495
1.1030401,-3.3928564,0.40387347,-0.95005006
1.0423168,1.9370635,-0.76148266,1.736983
0.04001139,-2.503593,-1.0923371,-0.24519116
2.04199,2.7737842,-0.49091017,0.0060466076
-1.3138578,-1.0510894,-0.5625705,-0.14925183
0.60347944,-1.9739895,-0.32905388,0.5246242
3.121786,2.8183825,2.233084,2.3125792
0.7626496,-2.1549172,-2.3635828,-1.9964204
0.5304457,0.47639698,0.80318123,2.0440211
0.57174045,-1.6187514,-1.7787762,-2.7959697
3.0003846,2.3632534,1.1233543,0.9373827
-2.478804,-4.0548706,-1.669947,-1.6157932
1.1641674,0.8769253,1.0929441,1.7830144
1.3071626,-0.11818498,-0.90748173,-1.5402361
0.36546955,-2.109058,-0.50376755,1.1589565
2.9492354,1.4374022,-3.2880747,-3.9058175
-1.49913,-0.24373274,0.38750917,1.8686286
1.7297611,0.7381517,0.8801199,0.7699319
-1.7351043,-3.2320123,-1.9812775,-2.2480674
2.1373405,1.196661,-0.024908846,0.41952765
-1.0467678,-1.5588362,-1.2551278,0.66083163
2.1086328,1.4535291,2.265356,1.681499
-2.2269988,-2.7268493,-2.4399273,-1.7560495
0.036776967,-0.6732864,-2.715401,-2.640661
0.92689687,2.0183578,0.24016675,-0.031584464
2.5964952,1.5390404,-0.12698446,-2.9808009
-2.4783876,-2.6443431,-1.5914851,-0.17751832
2.210497,1.6298418,2.3830383,1.9428612
-2.4325926,-0.60650104,-1.2731235,1.4087473
3.5053854,2.083707,1.493176,-0.73294085
-0.7707123,-0.9865532,-2.891245,0.4156871
2.9553218,2.2021523,1.8064543,0.5224575
1.0075679,0.0009497066,-2.5227256,-1.4088562
0.22386351,-1.9792886,-3.1821694,-3.2146778
1.6770928,0.35304347,1.7397133,1.9869839
-1.4766916,0.69629574,-0.7367865,0.52360094
2.245525,-2.585726,1.878506,0.2855148
-1.3274251,-0.38852912,-1.8515882,0.73238206
-0.2820942,-0.41548705,-1.2357827,-1.97314
1.9426312,1.6497121,-0.3685424,-0.5720405
1.475887,0.8415884,-0.25965095,0.4700401
-2.2166145,-3.2834232,-2.7379599,-1.2961236
1.1155455,-0.78116095,2.0538843,2.4355536
2.8295658,1.403925,-3.0872626,-2.5304823
-1.2159808,-2.0740252,-2.2883372,-0.17113462
2.2657883,0.19537807,1.5983484,1.3874354
0.13812844,-0.58492714,-1.7995633,-2.0522234
0.75271916,-1.4599239,-0.51276386,0.85175365
-0.079548985,1.1455106,-1.89206,0.40676355
-0.89063215,-1.9982141,-1.5475159,-0.5202168
1.8335994,1.0944228,-0.36436507,1.4154954
2.6875656,1.8712739,1.1948932,-0.030163838
0.8715069,1.8518419,1.0891736,0.3923079
0.15351114,-0.3296067,-0.7917761,0.09591316
-0.6942786,-2.3620043,-3.7252378,-2.8277783
2.63501,0.8557515,2.559725,1.9853934
-1.6405846,-1.6697291,-1.2696627,-0.7921618
-2.1587567,-0.23982778,0.76344264,0.56942433
-1.7081356,-0.4710163,1.1646141,1.6620104
-1.3174034,-0.13593967,-0.33731112,1.6895803
-0.040234204,-0.84872127,-1.912829,-2.7345228
-2.1474242,-2.6846745,-2.0877712,-1.2754275
-0.7414291,-0.24426126,1.2611552,1.6058743
-1.9132042,0.2760056,-0.39769712,1.6376029
0.68101174,-2.5578868,-0.74094296,-1.7349389
0.12714425,0.62851083,-2.1258907,0.87653893
0.24727657,-2.2750905,-3.321948,-2.684646
0.28396004,0.5150941,2.0216699,1.498889
1.0213089,0.1268363,-1.6834425,-1.6716
-1.7445703,-2.1995432,-0.8210257,-2.4268727
1.6976993,0.24051082,2.2917132,1.5870388
2.0673015,2.3326507,-0.78058976,-0.49154785
-0.82165426,-1.4765147,0.9577711,0.5202393
2.5723228,1.927048,1.6540687,0.75994694
2.3608165,2.2438781,-0.62526506,-1.5382895
1.9758228,0.5454977,1.3470939,1.7712542
0.70736915,1.5353985,-1.398929,0.46610925
1.49788,0.24320367,-0.96088207,-3.854257
1.1492542,1.1003929,1.7070602,2.097239
0.8334144,0.5668317,2.019159,1.9151132
0.66269773,-2.2040164,1.7455927,1.7355027
1.4750962,0.8171388,2.4619792,2.3151867
0.31961858,0.43528417,-0.96936506,0.5686185
0.8768035,1.0175896,-1.704757,-1.8257389
-2.2252197,-1.9111096,-0.95757526,0.7586763
1.1948003,-0.36175853,1.0513794,0.3605176
-3.2095017,-3.7517982,-0.9801306,-1.417648
2.718459,1.7941804,2.2174718,2.0879927
1.1701348,0.11681471,-0.4455209,0.087767236
-0.29456604,-1.1976914,-0.04910046,1.5557953
2.2565308,1.2239925,0.076653205,0.38585272
2.3778987,-1.2131784,2.181401,1.279076
-2.2870464,-0.17537051,-0.6721662,2.2876837
3.505856,2.163617,-3.022965,-5.325312
1.9642454,-0.5609601,2.0555048,1.4732183
0.82052124,1.5231996,-0.05765703,1.5471361
2.6694388,2.1966083,-1.6858594,-3.0138237
3.3831816,1.9708018,1.8512614,1.6627586
0.4580911,-1.9392443,-1.9879667,-0.19672889
-2.5672417,-0.35452545,-0.14363119,2.113307
0.84010327,0.71760714,-3.2122262,-2.614532
-0.11609414,-3.0983775,0.5497248,-0.3683573
-3.049262,-3.3200676,-1.1132327,-1.4039567
1.0449557,-0.5687599,0.3721349,0.24485274
-0.30988193,-0.26818633,-2.0183504,-0.6761307
1.621083,1.5945874,-0.6148931,0.2442752
-2.7146091,-1.4195064,-0.78924817,0.12993735
2.4779468,1.4053096,-0.8146187,0.15761533
1.5831376,1.5947585,1.8506455,1.5831895
0.7117095,0.040430505,1.1734201,1.993754
-1.7068385,-1.7473087,-2.194925,0.22593507
-0.38097474,-1.9673657,-2.1671586,-0.9983864
-2.748541,-2.1078687,-2.6440923,-1.1248021
2.3699763,1.696948,-0.35534772,-1.0299233
2.0292168,0.13101271,1.8073562,0.88033515
-0.6166415,-3.6217873,1.0896441,2.607437
1.0194739,0.2560364,-0.42016074,0.8432481
1.3678801,-0.44612747,-0.647878,-0.14235128
0.57423735,0.07518774,1.193907,2.3233418
-1.3573605,-3.9172928,-3.066733,-2.688306
-0.5893188,-0.8113245,-1.8981143,-0.44695657
-0.29697806,-1.5243328,-0.7913808,0.9099318
3.8823106,2.0398407,1.5813049,0.69791955
-1.8250762,-1.9353235,-2.1659274,-1.452303
-2.6626458,-2.7011113,-1.7525908,-1.2653642
3.1832056,1.5037333,1.2404321,1.288988
0.61464965,1.409346,-2.3048632,-0.27993622
1.4155755,-0.34675604,0.020712577,0.24528567
1.4209582,-1.9531635,1.4608161,0.7586071
-4.1328,-3.0272014,-1.1128134,1.9587865
2.8500857,2.1552184,-2.8031292,-2.6559641
-1.2708242,-2.6727648,-1.7069184,-0.82948154
3.1620176,2.6083906,1.818391,1.8078529
2.323476,1.5143293,1.6184628,1.9592894
-1.8458619,-3.188087,-2.184247,-0.48530024
1.4829788,1.2284398,-0.57819575,-1.9585282
1.893728,1.479083,0.88309073,2.0255227
-0.52006924,-1.1111532,-1.1989763,-1.0406094
-0.18771277,1.4075623,-1.2981797,1.4382172
3.1921442,1.8282382,2.6385899,1.0414762
0.6019221,0.34716624,0.023343379,1.5388973
-3.4451075,-4.157598,-0.84311557,-1.363711
0.74234176,-1.4378879,-2.0335262,0.45877576
2.0737147,0.8447086,0.96371526,0.9021405
-0.45904282,-1.274251,-2.68456,0.2650431
3.0583532,2.118011,1.6603729,1.2142632
-3.7155051,-3.8727083,-0.31384125,-0.53713155
-1.2524743,-0.85197073,-1.9418151,-1.0762483
1.5877001,-0.6643232,2.7671494,2.1548283
-0.10007662,-1.0187699,-0.6972929,1.2883828
0.84592915,-2.221354,1.080365,2.2301548
-0.5713101,-2.9334068,-2.3754222,-0.36473674
1.3639836,1.0100393,0.8295794,1.737699
2.6027737,1.3600552,1.9303802,1.6210248
-0.6057956,-1.906773,-1.3761746,1.0977714
0.93330073,1.3915211,-1.0366316,-0.16551715
-1.100725,-1.8596662,-1.9794059,-1.0388268
0.05660453,1.392687,1.6915679,1.2176099
-1.5400367,-3.8181963,-2.3916383,-1.5027792
2.115665,0.91213447,-1.5896529,-1.9734418
-0.0799619,0.77911985,2.2621562,2.3616607
0.61387986,0.6751865,-0.9255423,-0.08002497
0.9544375,1.0935086,-0.31616876,0.05312366
-2.6063628,-3.3945603,-3.0730731,-2.3025007
-2.0289211,-2.9719515,-2.0042365,-1.1414537
1.9701604,1.5793304,2.3720608,1.9119779
2.004485,2.4304461,1.752056,2.103992
-2.8927615,-3.4101005,-1.8317921,0.15677224
-1.4807926,-1.4784156,-0.05515806,0.95149535
-0.19341263,-1.1492181,-1.6814487,0.11655139
2.4169092,2.0341053,-1.8694112,-1.1724378
2.4433284,0.19504629,0.13867436,-3.0127728
0.4048024,1.4555929,-0.52527434,-0.40585807
1.9277742,1.548909,2.234388,2.0341442
-2.1495328,-0.53220147,-0.5947482,0.4608253
2.8196054,2.1553092,0.36601803,-2.1607313
-0.94085515,-0.262614,0.20679694,2.002251
2.2578332,1.6147027,2.4028182,1.2567059
0.4091553,1.1038129,-1.0135033,0.7435536
2.6422145,-0.9789801,1.6017998,-1.620702
0.6548136,1.7052109,0.16730781,2.0526667
2.5372453,2.3299174,2.0037105,1.285807
-3.0840538,-4.409398,-2.1282287,-1.8239763
-3.1319187,-2.9995818,-0.6763635,0.9441569
-0.23139907,-1.6950388,-2.4233642,-2.4295576
0.35094413,-0.13691898,0.10198207,-0.3086769
-2.4869492,-3.1591632,-2.0142376,-0.80333
-0.031235207,-1.1075048,-1.7971705,-0.90048575
2.3078125,1.2712888,0.06321008,-0.21660171
1.0234956,1.28627,0.28714946,1.82759
-1.4879495,-2.7820463,-2.4734008,-1.8765438
2.5523891,1.9701256,0.7542503,0.31353086
1.5892727,2.0539463,1.3977445,0.27410007
-0.20891245,-0.5373629,-2.5340812,-0.9293089
2.5580714,-0.60690254,2.3021202,0.97710186
-0.9848684,-2.1736126,-2.425513,-0.8831915
-1.9112214,-0.9103625,0.5669139,2.2181609
0.9268214,-1.1208727,-0.22611302,-0.7899391
2.987867,1.960981,0.8059001,0.8878758
0.42408475,0.38485384,-0.40320987,-0.5377288
0.2970958,-0.044041198,-0.69283485,-0.3865808
-1.9505063,-3.2628648,-2.3483682,-1.6075338
-3.009955,-3.3822956,-0.9822124,-1.0256476
-0.038619746,0.4036948,-0.92046136,0.7326443
3.3590407,2.1066105,-2.2613084,-3.333503
0.25288135,-0.0831174,1.1702999,2.0067978
2.7815695,-0.7890637,-0.75317746,-1.2048922
-3.1896112,-3.598961,-0.86948466,0.85853076
3.1409452,0.8750859,1.3960979,0.5605969
-1.7246919,-1.3389868,-1.5502689,0.47270694
-2.2594535,-4.5953236,-3.7554011,-2.7043068
-3.3600528,-3.766387,-1.1225024,-1.3884865
2.6409197,0.8591324,2.005245,1.5002607
-2.943642,-2.8770652,-3.4350114,1.1897037
-0.3494244,-1.799805,-1.7359707,-0.5673759
-1.3104023,-3.213788,-2.5956705,-1.5048456
-1.0320294,-2.4809015,-2.4120116,-1.6740627
0.9879293,1.404442,-2.9491332,-0.6146363
1.7047875,1.0513557,0.21588044,-0.33348462
2.7748873,1.89774,2.369788,1.7478899
1.215031,0.41018423,0.0850404,0.3733049
-0.85315585,-3.7727218,-2.3501914,-1.5177367
-0.72544247,-1.8619939,-2.323209,-0.6751801
1.058279,-0.9727261,0.5640115,0.6828917
-0.36491555,-0.55596983,-2.703346,-0.9280809
2.6723835,1.5775282,1.5434095,1.0025522
-0.34140265,0.2869297,-1.4711012,-0.6952928
2.4129686,0.3640453,0.92574257,-0.5682422
0.24665669,0.5717947,0.7416386,2.2701597
3.2169232,1.1277117,-0.8391706,-1.2013848
-5.570567,-2.6388965,0.19974267,2.4857109
1.815613,-0.6872299,0.31125808,0.8028835
0.7570034,1.0754749,0.51567876,0.46558183
-0.7011195,-1.591424,-1.2035347,0.7733329
1.955646,1.0312804,2.5837164,2.107874
-1.2964776,-2.0689821,-2.7228048,-2.2495506
0.6015762,-0.13356094,1.204739,1.677789
-1.1854848,-2.1680944,-2.3434372,-1.0217843
1.4466773,1.766299,-0.6718523,-0.47545528
-0.9538526,-2.4295225,-1.0206761,0.5366078
0.70809436,-0.5936565,-2.5805192,-1.0886548
-2.3701,-1.5715938,-2.29603,0.24037832
1.046905,-3.3706748,1.4488546,1.69247
1.5051453,1.082897,1.045699,2.152497
-0.27968457,-0.95897955,0.39620468,1.8579804
1.4373128,-0.10011076,-0.48567215,-1.5732849
0.9300068,0.9937625,-0.33716533,0.6070844
0.96288234,-1.3528017,2.127707,2.0661156
1.0350127,0.75690883,-0.10457508,1.0437474
2.5585442,1.6478623,0.8496229,0.38986975
-1.5251337,-3.470809,-2.4180455,-0.9556791
-1.5062742,-0.21476743,-1.7672905,0.058992192
-1.398034,-3.5667822,-1.8869774,-0.061681114
-1.6197381,-3.0339332,-2.29064,-1.3856298
-0.60865176,-0.639195,-1.397197,-0.10056212
2.4966602,1.9256054,0.733694,0.096113674
-1.879707,-2.260242,-2.1552985,-1.190183
-0.5642287,0.23732786,-1.0984746,-0.8026386
-1.5026085,-1.223351,-2.6490073,-1.4538283
1.6230805,0.4794197,-1.837566,-1.0796664
1.8479017,2.2553787,1.1111044,1.636967
0.58211416,0.42738423,-0.1428694,0.5675011
-0.59378254,0.5212852,1.0193313,1.7123086
-3.0854104,-2.78844,-1.967658,-0.47940293
2.3073418,2.4479244,1.1591017,0.4571712
-0.8719024,-2.156908,-2.935138,-2.6089368
0.70744723,1.041508,1.4969845,1.7282541
1.5333698,1.0890174,0.8922814,-0.06390879
-2.373823,-2.8437185,-2.0686896,-1.264802
1.1576823,0.8284215,0.72512454,-0.6254339
0.3699692,0.79903156,-0.053496808,-0.03275071
-0.82682484,-0.29148647,-0.7368551,0.70623285
-0.6631422,-1.5722915,-0.7337691,-1.254509
-0.21810532,0.17674021,0.5963671,1.8654726
3.017562,2.3913891,2.3747914,2.179421
-0.26028982,0.4421572,1.9642907,2.2809393
-0.9482704,-2.34975,-2.3786967,-1.7986093
2.7123559,2.740569,2.131952,2.0151706
0.83083576,0.580155,0.81851757,-0.083377466
-1.7435542,-2.4758227,-2.2463813,-1.2780715
-0.039174408,-1.012986,-0.1959481,0.45074832
-1.4093034,-2.1860058,-1.1876231,-0.27372965
-0.5901478,-1.7390002,-2.8157344,-1.2911459
-0.6284489,-1.6087786,-1.8663092,-1.3162423
2.1652002,2.0208955,2.4175014,1.9975548
-2.3673754,-2.1636808,-1.687782,-1.41371
-2.6028676,-1.8064768,0.18563914,1.778047
1.1668283,-0.39477065,-1.0360755,-0.8656255
1.0313269,1.9311109,-2.843072,-1.6538434
0.16639824,-1.646523,-0.2957473,-1.0894376
-3.2081618,-1.7577574,-0.9949363,-0.5075698
2.8913758,0.8092106,1.5584954,-0.6688942
-0.835755,-0.89079595,0.19927292,1.5348264
2.5216699,1.798659,0.37135974,-0.44048896
-1.1568822,-2.1225781,-2.3580027,-0.77732396
0.4509269,-1.5411911,-3.2182806,-1.12848
2.6809025,1.8805721,-1.1874502,-2.3240027
1.4140826,-1.1671351,1.3182961,1.8271093
-0.37626863,-0.44021466,-3.5430083,-0.6944093
0.92989624,-1.0185142,-0.28386405,-0.50946313
-1.7517352,-2.4936814,-2.0385053,-1.5593852
1.9807956,0.08260745,1.2375618,0.7436174
1.820721,2.7814665,1.7073102,1.7851179
0.6324223,-1.2601446,-1.0345274,-2.2481246
0.983754,-1.4526658,1.8726661,2.1027482
2.9085238,2.059634,0.7155813,1.7544254
1.6299843,1.4644631,-0.6523705,1.0309443
1.3802309,-0.29076707,1.2472206,0.0064915633
-1.0511962,-2.5639775,-4.199262,-2.259572
-1.0474485,-1.8773731,-1.8728459,0.24732277
0.21539454,-2.0316298,-0.31085813,0.030637657
1.8393358,1.5157998,2.097825,2.269232
-0.0009115631,-1.8816438,0.50465745,1.6414219
0.33260605,-1.0726744,0.049205836,0.45378968
-3.046208,-3.0201213,-3.1461873,-1.0235156
-0.08386653,-0.039920397,-1.3967466,-0.36778453
2.2459908,1.700486,1.7175947,1.8768135
2.2404857,1.5748034,1.5551696,1.7567786
2.2920027,1.0404646,-1.120998,-1.7103714
-1.6617266,-1.6772859,-1.0208086,-0.5782396
-1.7816334,-1.7845834,-0.70249367,1.7668473
2.8552377,1.0004574,1.4347018,0.14176472
1.3048916,0.40954566,2.2682438,2.5293307
2.0575156,2.3677247,-1.2303551,0.3229474
-0.39083886,-1.863538,-1.2242937,-2.620107
1.5830643,0.20075434,2.5215058,2.2432175
-1.2887648,-3.2370753,-3.5913994,-1.1523803
2.2556808,1.7500967,-1.0617038,-1.5387526
-0.2130547,-0.03272219,-1.1612033,0.9015613
-0.005168841,-2.4361084,-2.0773356,-1.1221843
1.9064708,1.808311,0.03237388,0.89983904
-2.9191735,-4.084555,-1.4063599,-1.6970004
0.8921569,0.07632822,-1.7283144,-1.0625691
2.112944,0.61963207,2.4684734,2.436592
3.1673367,2.5367289,0.25073168,0.27356687
-1.5962756,-0.6684188,-0.56968594,0.94663686
2.829641,1.3157623,2.0663621,1.2349454
-3.315433,-3.5419438,-0.6536826,1.4518276
1.286762,0.5601307,-0.2855862,-1.7294694
-1.1895622,-0.71100956,-1.241414,-0.37437
-0.69317245,-0.7382809,-1.9569855,0.12582794
2.2677486,0.82524276,0.35649776,-0.20729078
-0.091196835,0.80298316,-1.3489228,0.9291564
0.5425984,-0.24391112,0.3163507,0.27304775
1.5093557,1.7394615,-2.028277,-0.5212648
0.04565073,-1.2310728,-3.1883888,-2.6821575
-1.4113367,-0.66580725,-2.0135536,-0.20181668
2.309595,2.3107014,0.95534307,0.93227607
-1.1071981,-4.6835036,-2.372172,-0.50661874
3.2766097,2.4300396,0.8412094,-0.493482
1.6869262,1.0682979,-0.90087575,-2.3016565
2.8449206,1.792442,-2.0953836,-2.7277055
0.8246818,-0.27064,-0.28463522,-0.18118113
1.732456,1.1350498,-1.0070556,-0.07758165
0.60300153,0.8686379,0.4765413,1.1205884
0.9510744,0.72450936,-0.26822087,0.055570506
-2.9762888,-2.9951277,-1.7011592,-1.3792664
-0.82769656,1.2957011,1.5992912,1.5639946
0.32608637,0.058747895,-2.4512331,-0.5853732
-1.8390316,-3.033119,-2.6491008,-2.2943106
0.52508724,-0.45951018,-0.707041,-0.77018267
-1.2583507,-1.064695,-1.8006393,-0.23086351
-0.06309733,-0.7269727,0.73890644,0.99798536
-3.1408854,-3.5789342,-1.06199,-1.085717
3.6165981,2.6349397,0.967452,-0.5352921
0.5478432,-0.84146017,1.3343692,0.928095
2.043858,1.2890863,2.106004,1.6497878
2.119439,2.3041675,1.7437751,1.8241998
0.24618718,0.5478842,-0.7868656,-0.066701986
3.3709624,2.6185095,1.7981213,1.6116331
0.68676424,1.3033923,-1.2023284,-0.81156313
-1.8714213,-2.82034,-1.7838601,-1.4811529
-0.20531751,-1.4282522,-0.9694084,0.5771957
-1.5114648,-0.5551856,-1.1453048,1.1393806
-1.3567225,-3.5555496,-1.9344774,-3.0697482
-2.256216,-2.917051,-2.07532,-0.9992239
-1.7819713,-2.8095016,-1.7575843,-1.7638092
2.4037304,2.0984523,2.2408674,2.1877522
1.80054,1.3363569,2.039782,1.5768002
-0.33534622,0.54163283,-1.3055145,-0.3422201
0.25108138,-1.0148757,-0.50399595,-0.24959162
-0.59578425,-1.8027347,-4.0647755,-1.7072468
1.9507114,1.1151093,-1.4789248,-1.8723971
0.77921915,-1.2410713,1.09,1.3760958
-1.1043472,-0.87756526,-2.3765209,-0.87561655
0.35304645,0.23272778,-2.8051536,-1.7898097
-1.7703351,-3.9899209,-1.9132214,-1.4751842
-1.6749449,-0.026188951,-0.3186913,0.5578654
0.7497758,0.7974561,-2.4931526,-2.138539
1.7807745,0.8727922,0.10912604,0.5074748
-0.08001169,-1.3647894,-2.6677618,-2.4625103
2.5361125,2.4336023,-0.41441768,-2.5485508
-0.10313943,-0.20312795,-0.13681158,0.6345283
1.3958169,1.3310182,-0.71078885,0.22368751
2.3644557,0.9580684,0.37340564,-0.92076087
-1.1284788,-2.832166,-1.7442131,0.034952983
-0.6766689,-0.44275576,-1.1251411,1.2155248
2.3757958,1.6697916,0.74227566,0.014411277
-1.6114347,-1.205122,-1.1409636,-0.30465218
1.9761378,0.6780344,0.07621182,-1.4434421
0.96054584,-0.370896,-1.3785968,-0.59388846
0.3617753,0.4643951,-2.9544196,-1.5529236
2.849318,1.4713494,1.5647796,-0.21131155
0.93660665,-3.1962466,0.016204419,0.12112109
-0.64412606,-0.4835203,-1.9649345,0.08981097
-2.6626866,-3.7072484,-2.0135264,-2.135845
3.0730588,2.4541245,-1.2452316,-2.894741
1.9760973,-0.34952688,2.7997391,1.6500741
0.8939307,0.8653207,-0.45618784,0.5599572
3.547466,1.4711363,-0.6500591,-1.140401
1.2381521,1.2243643,-1.5118747,-2.1766348
1.6664943,0.34261233,1.877936,2.1263525
1.1719526,1.503861,-3.0545042,-1.5362588
3.5881755,1.8750554,1.6772754,0.9559515
-2.667003,-3.826202,-1.9360607,-0.29603314
-0.078850225,0.93971235,-2.0209217,1.2332621
-0.60230213,-3.9535336,-3.832709,-3.5776687
3.1526535,1.9089639,1.8737154,1.9001136
-1.147307,-1.3135861,-1.0739281,-0.5214556
3.4532232,0.80224705,0.23948841,-0.13132434
-1.5778515,-0.75415635,-1.7340673,-0.9249832
-0.16838852,-4.28129,0.3858884,0.82998234
-3.3587854,-3.1477966,-0.3435112,2.4851918
1.141063,1.1440487,-2.725136,-2.8612542
2.5648122,0.56434715,0.785235,-0.9134887
0.32736233,0.35750124,1.2978425,2.3831375
-2.030031,-3.9622831,-2.0231311,1.0800656
0.85362107,-0.32551253,-0.50147635,-0.9099098
-2.3608878,-3.3459857,-1.3430867,0.2406182
-0.34040835,-3.03738,1.2888107,2.2217052
-2.1511512,-3.4763873,-3.1134489,-0.6049767
3.6509142,2.7747188,2.0685544,1.2350845
0.33927456,0.27494007,-0.9058332,-0.56575125
1.0613015,-2.5461383,0.6800484,0.37470025
-1.1703001,-2.8589218,-3.6338398,-0.8168111
-0.010515526,-0.08660034,0.08467202,1.3793604
1.1551278,-1.416949,-1.310211,-0.36801964
2.8047128,-0.060306672,1.8438257,2.1863527
0.43888527,0.041790593,-1.3743488,-0.83938384
3.4117262,2.2179122,2.248004,2.2093425
-2.103617,-3.8113573,-2.0091338,-1.8513321
1.9640552,-0.8497074,0.8031687,0.5382331
2.3929198,2.342159,1.7150302,2.274756
0.9253977,-0.8252647,-1.6265963,-0.6879382
2.236822,1.6068707,-0.45540667,-1.186156
-0.18120909,-0.28889802,-0.2766014,0.8189541
0.5299133,-1.4152169,-0.28364587,-0.03400686
-1.1501094,0.0749375,-1.9309374,-0.041994933
0.122529596,-2.305241,-2.1560345,-1.4273574
1.5881467,1.4722071,1.2546308,2.1936054
2.8203254,0.37179726,0.7747318,1.0838692
1.9488239,-0.5673181,0.17866038,0.8879578
3.1477902,2.109544,2.2061012,2.0398393
-3.8414698,-3.4049144,-0.52236944,1.6631219
0.91983795,-0.15636931,-1.7361774,-0.74030167
0.21113963,-0.7068098,-3.5744362,-1.7170306
-1.7016841,-1.8684074,-1.7998534,-1.4706271
-0.13171263,0.8261141,-0.7211364,-0.41470414
-0.79702157,0.43182927,1.8354999,2.0292704
0.18529151,0.6125225,-1.1441694,0.20839828
-2.2615857,-2.10923,-1.8805875,0.2874823
2.4620821,1.8030295,2.0922074,0.95832133
-0.9724487,-2.3309946,-3.1855032,-1.7576171
0.4883414,0.16130982,-3.8242676,-0.48952192
1.2335619,1.0441264,0.7375681,0.7504454
-0.13295504,-0.23467065,-0.43822426,-1.6385947
1.9909456,1.9460412,2.0496612,2.0566614
-0.27820164,-0.71433365,-0.9134649,-2.1123242
-0.9750774,-0.6523353,-1.0130253,0.7239391
1.8084593,1.7923486,-1.4414661,-0.64150786
3.443427,2.3937395,1.9156989,1.1682543
1.2269197,0.19803604,-1.3270113,-1.2129252
1.2844883,0.9594261,-0.2648873,-1.3180897
-3.328382,-2.0526855,-0.8670491,1.2117724
0.80115765,0.80965924,0.5364244,0.9795437
0.39315116,-0.6091305,-1.390403,-0.88434184
0.17537184,-1.413833,1.0065101,-0.81530386
0.24412836,0.109368615,1.3653498,2.5211892
0.23860429,-1.3290646,0.9410568,1.6936524
-0.063314006,-1.0302356,-1.9317509,-1.6982191
2.493281,2.3459039,0.80867565,0.25834724
0.41866183,-1.803494,1.7631457,0.7752519
-1.9741211,-1.008421,-1.9157072,-0.4527383
-0.41479138,-0.4971643,0.60235924,1.3999419
-0.8257808,-1.3262811,-1.5123254,0.27231735
0.7080488,1.3420687,-0.51737213,0.65104383
1.2146679,1.0087894,-1.9184508,-3.019441
-1.6745293,-2.5815828,-3.2915182,-2.8317611
1.2177936,-0.7188777,1.8267355,1.984182
2.135138,2.1408117,1.7580519,1.9124331
0.5089117,-1.6072688,-0.7257789,-1.5514712
-2.8693337,-1.2165661,-0.56768715,1.7407006
-0.12009859,-2.5100386,-2.0024195,-1.2293631
1.1564854,1.313864,-1.1096503,-0.96725523
2.5286324,1.8098437,0.9397639,1.1490917
1.3325537,0.7032371,2.5102267,2.2671652
-1.2300458,-0.52157456,-2.029503,0.66291887
0.91756535,0.12232246,-1.3601371,-0.7550913
2.28533,0.67603105,1.8356947,1.5141994
1.5254389,1.3326018,2.1538577,2.343158
-1.7363937,-2.544976,-2.7858982,-0.27917227
-0.73942846,-1.0924904,-1.4906152,-1.9792345
-0.8672348,-1.8537713,-1.8363025,0.2387261
1.3381758,0.48347124,0.5350289,1.0164493
1.2063005,-0.47469762,-1.4345591,-2.5803542
2.7058833,2.4314873,2.232294,2.32431
-2.2161906,-0.5701226,-0.5875494,1.9429196
-0.24971566,-0.38464043,-2.0838108,-0.43710935
1.5755951,0.9911865,0.8232189,0.59953463
-2.3129513,-2.209368,-1.4189249,0.5614876
0.38542208,0.7059992,-3.0532863,-2.1206934
1.0307269,1.2187104,-1.4096991,-1.7860965
0.28600526,-0.3150272,0.10346727,1.3413992
1.6674417,1.8205594,-0.20840645,-0.21678463
2.0683055,-0.1077965,-0.044236436,-1.8086696
0.39562342,-0.21941653,-1.8842654,-0.6486195
0.68463784,0.021861922,-0.57689977,-0.858461
1.5073466,1.9531922,0.96376115,1.6389788
-0.39397398,-3.0016472,-2.2611394,-1.1531398
0.971617,-0.5400425,-1.676215,-1.068071
-3.1376219,-0.8374346,-0.3124562,0.24161376
-2.3931692,-0.9125866,-1.537895,1.3688567
1.2014991,-1.1081545,-1.5595887,-1.9450489
-4.474316,-1.7688241,0.13363764,2.0110784
3.2466962,2.6011918,-1.4944755,-2.6906576
3.254879,1.1693094,2.5078008,0.8399951
-1.9194936,-2.8829198,-2.583584,-0.19589698
0.3113739,0.49858356,1.0742844,2.2809162
0.8505556,-0.76327074,-2.5926561,-2.032842
-1.5227938,-2.1127257,-1.8117042,-0.86928004
-0.7168189,-2.7269058,-1.7560843,-1.2842097
-2.0311675,-3.0764234,0.30292886,2.3199973
2.6392953,1.8358828,1.8562697,1.6096601
-0.8542576,-2.0266786,-2.4521146,-0.9891471
1.3954191,0.938151,-2.2369378,-1.3335538
2.1313784,0.5718173,1.3435211,0.7479199
1.9601954,0.5798327,2.580097,2.421899
-1.5938127,-3.0749822,-2.3320875,-1.53931
1.5812324,-0.3931862,1.2794532,1.7646519
-2.5546489,-4.4801903,-2.9197521,-1.7629224
2.0604663,2.0628438,-0.80753505,-0.11843803
0.4914676,0.14790027,-1.2086823,-0.2795472
0.9244162,-0.601609,-2.4741075,-1.3779334
0.96196014,0.44008407,-0.54078525,-0.7964624
1.6728085,-0.3699424,0.43873718,-0.4008571
-0.99398243,0.4724482,-1.3010119,1.5279272
1.4294769,-0.9518827,-0.5016904,-3.5666354
-1.5172973,-3.011477,-1.8174468,-1.6105185
-1.662631,-1.8942908,-2.4948516,0.5191559
0.35849714,-2.560654,-1.9919193,-1.0351107
1.1852,1.1028204,-0.9141042,0.2902266
2.0604417,1.3487617,0.19976854,0.6057284
1.1354451,-1.0773454,0.45975024,0.15422928
1.355173,2.1022308,-1.925812,-1.1947237
-1.1377254,-3.2771769,-1.0212944,-1.4505255
-0.4744048,-1.4526997,0.54875445,2.1429467
-2.1595418,-2.2330174,-1.3742684,-0.69898003
-0.86881495,-1.2831606,-1.3099397,-0.8470229
0.48903725,-1.5306197,-4.5202556,-1.0689949
0.46922305,0.17456011,-3.1890674,-2.783517
-0.4811346,-1.2254852,1.2766676,1.3612195
-2.5450404,-3.9335198,-1.9124382,-1.0971241
-0.57030505,-2.0022213,-1.8131276,-1.5455914
-1.5547898,-1.3532307,-0.2895491,1.4183044
0.84995824,1.2994128,-2.2449706,-1.3693659
0.37480366,-0.4406756,-0.4849287,-1.057239
2.61625,2.851087,1.6747551,1.5837567
-0.69823015,0.523231,-0.56234485,0.69729316
-1.6083602,-4.1300726,-2.5109422,-2.9240866
1.5435711,1.047618,-0.516646,0.6149465
-1.7927173,-3.5420668,-1.7497455,-1.3768034
2.0457807,0.8449198,0.7767059,1.4089719
-1.2650386,-2.0721862,0.94089407,1.8860813
-2.840362,-3.973502,-1.8246031,-1.1402435
1.7490387,1.1496304,-1.2451993,0.48943463
0.39613327,-1.2194914,0.24456394,-0.4226947
0.522954,0.11944064,-0.86422163,-1.4999009
0.6130734,0.6517742,-0.613857,-0.8380602
-2.799426,-3.4902601,-1.3659451,-0.90324974
0.76865363,0.07119372,-1.1659614,-1.594802
-0.72345257,0.13433424,-0.71380264,-0.5191759
3.1570957,2.9098876,2.04815,1.9583642
0.5678209,0.6412738,0.2378042,0.53287
-0.6067069,-1.476361,-2.5309212,-1.5526748
-2.177999,-3.4949906,-0.7420018,0.9279562
1.3769642,-0.17250519,0.3686234,0.80256283
-0.93611604,0.4249275,-0.64164704,-0.40665
0.31492665,-0.92973053,0.7577376,0.32902226
1.5890065,1.4601609,-1.415172,-0.11554954
2.1155162,1.3045079,-0.24865611,-1.1284462
-1.4973774,-0.79543364,0.184058,1.8691357
1.8944505,2.0028834,-1.3962272,-1.9027759
1.6099023,0.501587,-1.3426214,-0.8221611
3.6141405,2.6335545,2.2785635,0.95117927
-0.31453377,-2.3986967,-1.7639824,-2.0404513
-2.089879,-1.2958649,-1.3777436,1.451454
2.5681145,2.0945172,-1.7126905,-1.8876153
-0.368134,-2.3702047,1.4146061,2.0102277
-2.2225335,-3.8873005,-3.7153208,-1.2643157
1.9562339,-0.4200341,2.4401562,1.9896967
0.0032498222,0.0281124,-1.9399092,-0.2365139
-2.9173665,-2.9061315,0.60158825,1.8161649
1.7667453,1.4451452,-2.3207486,0.561945
1.1129785,-1.8579423,-1.75734,-1.9986587
1.0179658,-2.414874,-0.9242021,-0.57672536
-0.5764076,0.01972282,0.5257923,1.8023701
-0.9569636,-3.0343003,-1.6557853,-1.9586004
0.66421527,-1.4712642,0.55788004,0.757491
1.3093399,1.6959103,1.5287026,1.9455019
2.2033625,1.864464,0.532154,-0.058078382
1.815668,0.8176195,0.58926153,0.9209964
0.47516528,-1.5647281,-3.5443187,-2.885407
1.5797757,-1.3989434,2.1856794,1.3906512
0.17611435,-2.5611331,-1.6361514,0.8437233
-0.9434026,-2.1322432,-1.334991,0.22469176
2.1949296,2.1862483,-2.3456233,-2.017252
-0.3544965,-1.2888356,-2.5194821,-2.463657
3.2939374,2.107118,1.4019982,1.5077753
1.7574264,0.04957506,-0.34210798,-1.833781
-5.519547,-1.9798435,-0.9128775,1.9366808
-0.74675035,-3.5872273,-2.535788,-1.436357
1.4266095,1.7284846,-2.7901697,-1.4645734
1.4918445,-2.4519396,0.3854691,-0.7511016
-0.21858767,-0.5316529,0.39013246,2.1860793
-1.4774268,-3.4919155,-2.589672,-2.3401434
1.5699322,0.80289364,1.803221,2.1025712
2.8858817,2.1260877,-0.40829396,0.0066170953
0.26792866,-1.5978682,1.9282492,1.7464775
1.4828814,0.1396219,-2.2066755,0.00024436874
-4.976178,-2.9265363,0.112046786,1.7952263
0.86741287,-1.020658,-1.2845255,1.3871807
-2.6296678,-0.17125443,-1.8923029,0.9944083
3.152478,1.9943874,2.1057186,1.797923
2.8107402,2.2436898,0.67793363,1.0080329
-1.0453635,-3.7532666,-2.3017466,0.031842437
0.42170262,-2.9816797,-1.0467497,0.42327332
2.0907812,1.599007,-1.4465125,-0.74097675
2.323827,1.3248456,1.8328949,1.1481819
0.6951101,0.94862735,-0.84080803,0.42948076
1.8726876,1.16473,-2.5139444,-2.0865886
1.2690941,1.6202482,-0.3523988,-1.8654417
-2.1488633,-2.4215832,-0.99495447,0.99386144
3.108778,0.7319484,2.3712263,1.3201228
-4.515567,-3.0274029,0.6029216,2.311631
3.1683345,0.6884175,0.00911427,-0.31087205
1.114748,0.4950245,-1.253199,-0.9483821
-1.2291986,-4.5879745,-2.4997013,-1.0600227
1.1226039,1.9616059,0.017844811,1.8006556
0.5287317,-2.4353576,1.4891247,1.379609
0.07075398,-0.8584533,-2.9824226,-0.28974578
1.1241539,-0.2704701,-2.791534,-1.7977691
0.48476452,-0.78150356,-1.491551,-1.6788046
0.62781316,-1.5038428,1.1768218,1.4514142
-0.721039,-1.8356873,-4.572981,-1.4986264
0.2485452,1.2384186,-1.2482232,-0.07626791
-0.16064791,-2.1003072,-0.6352628,-0.8260851
-1.013604,-1.3040577,-1.6915404,-1.9534268
-1.408631,-0.6916657,1.3067633,1.6626372
0.2772266,0.8890002,0.5138043,1.1704654
-2.9116302,-3.6022887,-2.9046247,-2.142641
2.4084623,2.342615,1.8440118,1.3046414
-1.410249,-1.6429303,0.34081015,0.44751638
1.7747343,1.9838573,1.6123823,1.444923
1.9165311,2.0490224,1.9808702,1.9158772
-1.2222961,-0.29752204,-0.22235206,1.1964053
3.0254943,1.8215486,2.1434116,0.77918446
1.3181285,1.4240355,1.0821706,0.81915504
0.016478851,0.1631756,0.07307746,0.60717887
0.4886736,-0.8790625,0.34362787,1.5469856
-0.8369557,-1.3002381,-0.98772246,0.23019986
0.34088534,0.088586,-2.9207332,-1.0797127
0.8102874,0.8991938,-3.6422107,-2.013216
2.4593976,1.2257427,1.9671564,0.5607245
-2.5361822,-2.3009608,-3.7005377,-1.6322058
1.5794507,2.1333635,1.6108178,0.6823092
1.612592,0.28646314,0.29710823,-0.03054789
-0.9366484,0.6340332,0.11117986,1.9609044
1.0551623,-0.2271025,-2.070604,-0.52663285
-1.0860351,-1.5294899,-0.0054285647,1.0792817
-2.9014015,-3.5293112,-0.8180731,-0.50934297
2.672254,1.7798524,-0.5507006,-1.7015504
-3.3217974,-3.9617927,-1.1228685,-1.2783631
-0.6151801,-1.4778836,-2.5538871,-0.75336057
-0.8890573,-0.542769,-1.7207183,-1.3036486
-1.3223038,-2.1122918,-2.9469967,-1.5258877
0.23334225,0.18598986,-0.62113714,-0.63636065
2.5700471,2.887921,2.0598059,2.1314018
2.6160574,0.7794639,2.592568,1.1740859
0.24160895,0.5188572,-3.1343017,-1.1918615
0.04996146,-1.8951603,0.19503218,-0.18432398
2.5067468,1.3417873,-0.3025529,-0.62052906
-0.7224976,0.580352,-0.36312166,1.6681064
2.9095316,1.0519546,1.7314496,0.41313338
-0.17118147,-0.8233482,0.8988693,1.8792835
-2.5177667,-2.7407923,-1.52253,-1.640229
-0.6856058,-2.4031758,-3.3304338,-1.1475004
0.3884891,1.238083,-0.17226629,-0.18306182
-2.406822,-1.9580456,-1.7008172,-0.84034526
0.13982491,0.50769985,1.94157,1.902207
3.206201,1.3182694,1.9828769,2.2693572
-2.3335843,-1.1079731,-1.5150144,-0.35767007
2.5004706,0.96593153,2.4874315,1.4339242
0.38133746,0.3452948,-2.0099096,-1.158848
2.3672996,2.5402517,1.2297558,1.6301733
2.9580896,1.9153911,-1.0354321,-1.1820728
-2.767682,-4.561002,-0.8586928,-0.53240836
0.6591717,0.4961692,-2.1540136,0.7617218
2.932994,1.9699926,2.4304812,1.4148421
0.39388582,-2.721828,-1.2111802,0.007241856
0.052176163,0.84859145,-0.869149,1.5968704
2.4842832,1.8025582,-2.4335933,-2.9302804
1.0961363,-2.5168552,-1.6624526,-0.18726674
1.1043444,1.1316938,0.73103696,2.0862381
3.3101978,0.23006132,2.1125054,1.0916531
-2.1076422,-3.9671803,-2.9998915,-1.3672956
0.96943873,0.29592767,0.28500637,1.7053115
3.0078897,1.9577193,2.4882913,1.6771116
-0.23159766,-1.2615255,-1.3578122,-0.2459487
-0.73661137,-0.8322567,1.936908,2.4520292
-1.7627922,-1.650829,-3.760264,-1.5489975
-0.8297582,-3.152578,1.0797367,1.9263382
1.550292,-0.3188445,0.48155552,0.3227759
0.6304714,1.4007033,0.100921996,1.8569288
-1.708799,-3.7212167,-1.8529673,-1.8307403
-0.05263557,-0.8722206,1.6879817,2.4948606
1.8757588,1.8244021,-1.7174863,-2.5782566
2.376992,-0.13964693,2.177918,2.2930691
-1.2874184,-1.4551497,-2.516107,-0.5096568
0.9185416,2.2374816,-0.48486552,1.1408186
0.859689,-1.9870142,-1.4746302,-2.0663946
0.18343863,-1.3606094,-3.068246,-2.6937227
-1.0371376,0.08783574,-0.7458816,0.54247963
2.1402922,1.8430701,-0.106966205,0.05751439
0.5010716,-0.06832866,-1.8479935,-1.6406037
0.5813711,-0.02419453,-0.3991748,-0.84362876
2.999402,1.7534847,1.9442868,1.7916998
-0.07786196,-0.9710418,0.12927966,0.8808688
-0.8623275,-0.5595317,-1.8159418,-2.289355
3.659411,2.608702,1.461079,0.4347465
1.8705565,1.8409301,0.50858194,0.9450754
-0.315581,-1.155777,-2.692056,-1.6542796
-0.06382648,-3.40199,-1.0784863,0.30374017
-2.2492115,-1.9284437,-1.7006487,0.51346344
-3.1820202,-2.9133272,-0.221506,1.8712143
1.3987455,0.14928675,-1.0648646,0.21538375
-2.4637485,-4.6392946,-4.635357,-2.5920687
-0.593438,-0.42391643,-1.8470997,-0.37307137
2.9864244,1.3129643,1.6724464,1.5628396
3.2139542,2.6180265,1.96445,2.4643958
-2.369011,-3.6348014,-1.8447098,-1.5223486
3.8628066,2.1172135,1.6728361,0.7136148
-0.41596726,-2.3719838,-2.1029353,-2.7797675
-2.042135,-4.292134,-1.7359066,-0.76671666
1.4816358,0.9716396,0.15656474,0.25044823
-2.5892532,-3.8084452,-1.3079852,-1.3409957
2.12817,1.2386833,-1.7659607,-1.4953659
-2.5141711,-2.6178997,-1.6460729,-1.395535
-0.8810437,0.6211665,-0.7071288,0.21062803
-1.9410367,-3.9691458,-4.4693356,-2.6589572
1.3180913,1.6029279,0.33080092,1.6141715
2.1610963,2.1065912,1.5038294,1.3141077
-3.0544279,-2.9641945,-1.1658047,-1.3171765
-0.2234562,-0.17289634,-1.773338,-1.3285366
0.057557434,-1.1371491,2.1252801,1.1634107
-1.3703456,-0.9395372,0.6857956,1.9336705
-1.6830499,-2.9435494,-2.5298128,-0.5249348
1.8626927,1.6798235,-0.52687615,-2.3447604
-0.29876646,-0.6562666,-2.4215333,-0.21546736
1.1399002,0.596626,0.9495366,-0.96403885
-1.5799816,-1.9717761,-1.9711294,0.15312476
2.1192665,2.213787,-0.5564839,-0.368928
-1.2966217,-1.557482,1.8817675,1.9785616
0.056165677,-0.19854437,-1.2259314,-0.7249575
1.0101215,1.6026919,-0.06484564,1.1220468
1.6005163,0.80156326,-0.15011746,-2.4431849
2.7540047,2.7346141,2.3889575,1.690488
-3.1444027,-1.4308509,-0.8953684,1.3511161
0.1895239,-0.17326677,-2.975764,-3.3489006
-2.7204862,-1.8681716,-2.009898,-0.90792096
1.2400297,0.22384147,-3.2502067,-1.3328203
0.4382376,0.00021169495,-0.38036224,-2.039832
1.5934752,0.50827384,1.3215331,0.7135021
-0.364571,-0.6005507,0.63255584,1.7053087
1.5637453,1.8756256,-0.754608,-0.65585685
0.7173745,-1.5525881,-1.1190848,-2.3330543
-3.780967,-2.0856206,0.05563766,2.1721714
-0.12862258,-0.51655924,-2.19503,-0.7565353
1.3019121,0.09836018,1.423138,1.3532041
0.030402187,-0.9878902,-2.7759578,-0.86677516
3.4069386,2.4083223,0.78208435,-0.8850513
2.6158864,1.8726416,2.013822,1.5956031
2.1699028,0.8424324,0.4535629,0.37022996
-1.0148761,-0.4222974,-1.2207493,0.4281409
0.99069184,-0.7955894,1.5838794,1.9627223
0.67884916,-0.35125104,1.2415051,1.781223
-0.15592323,-0.49335974,-2.9782908,0.29224133
3.4563177,1.4056526,1.5386196,0.5809393
2.306865,2.4281023,1.1413386,1.366989
2.9926832,2.1267574,0.311407,-1.3261878
1.9382349,1.283925,1.5768964,1.3336928
1.4431131,1.3711075,-2.1425424,-0.40569192
0.9252525,-0.5921845,-0.1902424,-1.2860614
1.3429867,2.033617,1.1320298,1.9873025
2.9025533,1.2062697,1.4997342,1.6227176
1.2670898,1.7375331,0.6876642,1.0939752
-1.5748451,-0.5079861,-1.9065589,-1.2721134
-1.9924144,-3.811062,-2.3430061,-2.9717863
2.4104471,0.21258703,-1.0730278,-0.9661091
-3.101463,-0.8380517,-0.90437263,0.84908557
-1.089743,-3.2025828,-2.3263097,-1.3531865
-1.1652783,-2.0433455,-2.3144374,-1.5802062
2.4423878,1.8272883,2.2918172,1.7059637
1.168231,-0.96442395,1.3541561,1.2694986
2.5205002,1.1356525,-2.3359401,-3.2266035
3.0980165,2.3273418,2.5987403,1.7235842
-0.5507704,-1.0973537,-2.2912757,0.4087468
2.2902164,0.8387932,0.42612222,-1.860541
-0.84205925,-1.5996541,-0.65530944,0.7179674
-1.0703596,-1.9816942,-2.6359825,-0.9352182
2.453315,1.4578366,-1.3502938,-1.6033282
2.0377066,2.082248,0.46748495,0.9771698
-0.12270603,-3.6740348,1.4956328,1.3434213
0.49311087,1.370788,-1.9696529,0.5671552
-0.9795212,-2.8119712,-1.7671285,-2.5196545
1.2566427,-0.76490396,0.20181403,0.8500778
1.4882692,2.062201,-0.9530733,0.1028166
-0.86462843,-0.77375346,-1.1586808,0.48115116
0.9541519,0.472115,-0.110378414,-1.8446853
0.35070625,-2.2890496,0.043880403,-0.0074777254
-2.0301769,-2.0007222,-3.016229,-1.1289805
-0.5290132,-3.7483826,-1.5907357,-0.21576856
-1.8345555,-3.0419378,-2.2449589,1.0293547
1.8921947,0.055274624,-2.9145324,-3.6681669
-0.28041005,-2.2301755,-2.5295866,-1.8529497
2.4023423,1.8393117,2.258779,2.481164
0.4627762,-1.883412,-2.0377553,-1.605368
-1.4548725,-3.5018928,-1.9618134,-0.80709684
-3.0322146,-2.3149846,-0.59934,0.042641517
-2.0215402,-4.4765987,-1.1668478,1.6989392
1.851533,0.85903955,-1.5035732,-2.6174247
1.1562366,-3.307396,1.9469627,2.3581433
-0.9275431,-0.11212466,-1.4498291,1.3779393
3.6167994,2.2194254,1.7753582,1.7917093
-2.0950766,-4.083303,-2.6511302,-1.243473
3.196668,2.486333,1.3658108,1.3780115
-2.8594263,-3.8065703,-1.0809088,-1.5412077
2.854795,1.9478508,2.2450125,1.8830553
1.4945446,-1.8998188,2.2141604,1.8739052
1.1777538,0.52136624,-1.8095394,-1.421752
0.7246236,0.75933444,-2.3560288,-1.606027
1.430439,-2.4466412,2.499235,1.542986
-3.2002976,-2.5616355,-2.3289685,1.184645
0.6965118,-0.13621938,-0.86254036,-1.400096
-2.4016733,-2.5956311,0.7334846,2.2821991
3.2028868,0.72041494,1.3334893,1.5359558
2.3867657,0.3957143,1.9686131,2.1427777
-1.5677165,-1.7656914,-1.0710756,0.6161736
-3.6911755,-0.7199385,0.6082458,1.7779828
0.32244194,-0.020462528,-0.7801997,-0.08240345
0.61093915,1.7372772,1.1402122,2.1333706
1.778471,0.5078567,-0.46351975,0.39593506
0.8542215,0.9727202,-1.3992548,-0.88461095
-0.6022864,-0.6068314,-1.3424462,-0.15490368
-0.98092794,-0.57481223,-2.0712721,-0.3383143
0.36752102,0.420695,1.313374,1.6013465
-2.5575125,-2.7711756,-0.09811781,1.4762592
-1.2464045,-1.86912,-2.3796055,-2.306752
-0.8915324,-2.236236,-0.49510837,-1.0868938
1.4242175,2.1024482,0.3707644,1.6563159
-2.790263,-2.3085856,-1.0866562,-1.5100342
-1.7958889,-1.7520169,-1.4537889,0.85647833
2.8744972,1.5586821,1.5122052,-0.3570358
2.1959536,2.7849793,1.210933,1.8340638
-2.9029815,-3.8856106,-0.7061939,-2.4782987
0.32178065,-1.1185781,-3.279739,-2.3014026
1.4795985,1.8687673,0.29006648,1.2504554
2.1984794,-0.5443487,0.420947,-1.4483727
0.28701553,1.3284347,-1.4546967,0.47335905
-1.332842,-1.4549468,0.60123074,1.282982
0.23199083,-0.709714,-2.748048,-0.7117226
1.5456991,0.8430215,0.9624128,0.98766893
-0.8808275,-0.80936325,-2.2791812,-0.43593544
1.726518,0.535519,2.6213803,0.89552665
-2.5804074,-1.0853572,-1.0581676,1.7702926
2.561823,-0.43093014,2.1421218,0.79739904
-2.0812488,-2.1572912,-1.6585854,-0.5139812
-0.8172578,-2.267839,-3.3849792,-1.3650272
-0.6463793,-1.5621363,-2.914636,-1.4747481
-1.1253295,-1.826206,-1.5202452,0.06807981
2.5288734,1.719392,0.4005956,-0.5692191
1.8051057,-0.77297235,1.502222,1.3419278
2.3439603,2.4181678,1.6867944,2.0062852
1.886338,1.3774786,-0.22461574,0.013405362
3.1862,0.21876022,2.1887758,0.09087654
-0.8588345,-1.5310826,-1.8107167,-0.50533026
2.2223644,1.2981546,1.3135464,1.8009319
1.4379244,-0.69971836,1.3414339,1.3595018
-1.0224744,-1.7008684,-1.5012119,-0.10197073
-0.593809,-2.2392657,-3.7964318,-1.7021749
2.4602025,0.73640144,2.1118646,1.904286
-0.015739854,0.87887114,-0.25002345,1.5257554
2.8731933,0.92806625,0.59334207,-0.27958202
-2.750983,-0.9797994,-0.59416497,1.5713352
0.77307,0.21978806,-1.7456735,-1.0230522
-1.1437068,-0.9790984,-1.9412882,0.17216547
2.1593728,2.2163932,-1.4540049,-2.186244
2.6964266,1.9559082,-0.07473429,-1.696928
2.588578,0.28363928,-1.9384506,-2.9701965
-2.1644707,-1.5965587,-0.4069844,1.905482
0.7346934,-0.09766981,0.74548715,1.5672817
0.3737588,0.86939245,-0.90795714,0.6100864
1.4211327,0.48094288,-2.4079132,-2.9640243
1.3735734,-1.2414389,-0.24605514,-1.4131163
-0.16699624,0.3854599,0.1275041,2.2403076
2.940746,1.8002301,1.5035036,1.3598826
1.6603624,0.71682054,1.6193322,1.4614519
0.11991035,-0.90096486,-3.3315628,-2.9316757
3.6625493,2.2624528,0.7208604,0.35048205
0.46352923,-0.07244946,1.0482888,0.70320475
-1.2835538,-1.6545365,-2.1714425,-0.5620654
0.41252047,-2.0832608,-0.31265247,0.32236078
1.954108,2.032706,-0.44508308,0.53897715
-5.5706306,-4.09217,0.82941836,1.8442854
3.512318,0.76629514,0.556407,-0.96762145
-2.341281,-3.4279337,-2.3566415,-0.44493687
1.4601673,0.06300772,2.5167086,2.1732
0.93047583,-0.56467897,-2.4148953,-2.3373735
1.0299675,1.2071129,0.4593226,1.5174359
0.6665298,0.3500523,-0.6922562,0.6028668
-1.1651756,-3.239692,-3.063818,-2.9900608
-0.116110384,-0.4604037,-2.7586641,-1.0889224
-2.2781134,-0.76014435,-1.9585567,0.03915396
3.1125357,1.8715906,2.1904812,1.774165
-3.3321702,-4.645276,-1.598674,-1.371034
-0.9017974,0.65355706,1.0373697,2.347552
-0.8080296,-2.98644,-2.3619561,-2.72876
-0.10790473,-1.6253808,0.50884104,1.8830565
0.9976218,0.55023634,-0.012095265,-0.25348976
-0.55323845,-0.32034057,-2.7749739,0.7778007
-0.07003568,-2.91439,-2.383414,-1.1553102
-0.34972596,-3.5213246,-3.2202425,0.05756535
-0.98505706,-0.80471325,-1.8848591,-0.68202287
0.020828879,-0.21365358,-0.69231856,1.104737
2.482653,-0.18822187,-0.94001484,-1.5809462
-0.42476293,-0.65015656,0.3478031,1.4139141
2.6103425,1.6817445,0.6587404,1.5332289
3.214997,2.3855977,1.0117368,0.32664543
-0.66406786,-2.6486838,-2.6100092,-1.0128831
1.9277909,0.7749642,-3.668185,-2.6884007
2.7363925,1.4984611,-0.14698435,-0.6143498
-3.610956,-3.543704,-0.7010698,0.4805115
2.8649204,1.5058295,1.3712884,1.0876766
-2.1557984,-2.3883824,-1.8368318,-0.58573675
-1.6522788,-3.6129446,-1.6960549,-1.62505
3.4911246,1.961908,1.9029996,0.90722764
-2.1849089,-2.1177819,-2.07928,0.33678412
-1.6327515,-2.278081,-2.1099818,-1.0237107
-0.44369996,0.70668536,-0.52207077,-0.5433572
-0.07106561,-0.41198078,0.3815563,1.19195
-0.66357875,-0.26853624,0.5637011,1.1386805
-1.6351234,-2.3437085,-1.357995,-1.1250948
1.901272,-0.118791506,1.1424545,1.31465
0.51195043,0.35237333,-1.663612,-2.1460328
1.988467,1.5417154,2.4898927,1.0461102
1.9437815,2.017273,-0.97811705,-0.6084941
1.6783515,1.3718544,-0.045743745,-3.220653
-3.3247952,-1.7980812,-1.1806396,0.18603781
3.2024183,2.571028,2.1924145,1.7428404
0.71809137,-1.4118456,-1.4103091,-0.55541205
-0.54126966,-0.59038657,-2.0910258,-0.4422576
2.7429147,1.8264714,1.1805804,0.16208021
0.93364024,0.46730474,-1.2754244,0.61220634
1.8623081,1.911791,-0.11136486,0.87368447
1.8867959,1.2312595,-0.5836778,-1.0880549
0.45868742,0.5408849,-2.4304752,-1.40321
-1.0962486,-2.6235507,-0.21256395,-0.21168233
1.5092697,1.1381413,-0.024707343,0.9201707
0.99756205,-1.7174155,0.1196338,-1.2548463
1.3756223,2.4671926,0.13527676,1.385299
2.6885703,1.8052214,1.5006474,-0.03040703
-1.4688727,-1.929286,-2.3317144,0.22206305
0.33527428,-0.60425305,-0.9878666,0.19464318
3.5748742,2.2932618,2.2008848,1.3176214
0.03302195,-0.22455126,-0.5477263,0.8210397
2.8061407,2.0361755,1.1286151,0.20346689
-0.7227758,1.0716859,-0.95825773,1.5778679
-4.178393,-3.571,0.5044989,1.4826801
1.0678244,-0.59222716,-2.9171836,-1.929137
-0.51431876,-0.42437664,1.9104611,2.365251
2.6261506,1.6664894,-1.5038923,-0.30312282
2.3395336,0.88658774,0.95616865,-0.9197022
1.9853387,1.0362439,1.9974736,2.3359625
0.38954654,0.32490098,0.54143065,2.1718116
1.514916,0.5114266,1.7132442,1.2897222
0.64324355,-0.10348577,-3.028445,-2.5284698
-0.35581383,-1.450788,0.48803782,1.0740823
0.24186885,-0.7505648,-1.1925138,0.63488954
2.9484541,0.9515276,1.675255,1.3198954
-2.7173188,-0.8908245,-2.1900241,0.90788966
1.7352469,0.77391607,-3.2496026,-4.1851497
3.0513084,1.0190679,1.8909315,0.43149135
-0.24494433,0.9603889,-1.853073,0.9628492
-1.8914169,-0.17107393,-0.27196285,0.5824229
0.37166435,-0.72495186,-2.0036955,-0.943534
-0.67039627,-0.9822955,-0.3309008,1.0264542
-1.4221916,-2.7453701,-1.177623,1.2705543
3.8677003,1.4205034,2.0353475,0.49421933
-1.1069115,-2.668619,-0.14049058,1.8666826
0.9204788,-1.3140659,-0.3679045,0.8799872
-1.6560634,-2.953345,-2.224206,-1.7892047
2.236081,1.7425696,0.39034024,-0.5608793
0.4406082,0.7073301,0.5543214,1.5241683
1.7614173,0.3438961,0.93909264,1.3524215
-3.7383802,-3.7697787,-0.7284247,0.75055647
1.0078388,-2.1408708,-0.20924896,-0.29585934
2.3708665,1.2885321,2.472062,2.1785538
2.2036932,1.6960046,0.51296204,1.4431105
-0.45808676,-1.4036257,0.7317925,1.1528668
0.7869063,-0.09099542,-3.6861038,-1.298915
-0.30505216,-2.3859322,-0.29354703,0.87667155
-2.2876873,-3.4546716,-2.9472754,-1.3908325
0.88650864,-0.26098716,1.4539183,2.0550227
1.7007416,-0.23310956,1.5207523,1.8614029
2.1595006,0.68796366,0.7760897,0.7804323
2.8311298,2.4181964,2.1353073,2.1194825
-0.41799647,-0.9121295,-1.0689557,-1.788184
0.07672999,-1.8895899,-0.7698413,0.8190171
-3.370269,-3.7341332,-1.1866544,-0.92438763
-1.5078077,-1.5918512,-2.7163358,0.14220056
-0.20512676,-2.7774298,-2.9462988,-2.049876
-1.1226214,-1.9820691,-1.5376098,-0.1995312
2.0618854,2.3512843,0.19834176,-0.33078817
3.0437188,1.4724286,2.2755105,1.3760834
2.3377934,0.36482808,-0.483747,0.24108097
-0.08849297,0.9967197,-2.1835563,-0.7874065
-0.824541,-1.8267413,-3.616114,-2.220588
2.6053739,0.8302354,0.6982329,0.31112543
-0.8004876,-2.8150554,-1.7677355,-0.75728
1.3028013,-2.1422734,0.63563555,1.3190043
2.209692,1.848125,0.3212698,1.297499
-0.3405852,-2.725781,-0.20202969,0.7581141
-2.799832,-4.6273646,-3.9091887,-1.6165792
-2.8042133,-2.6028464,-0.71120083,1.7410585
1.3019965,-2.370007,-1.8479601,-1.7325976
-1.517587,-1.9751672,-2.3513567,-0.08228165
1.8089576,1.6859754,-1.5527253,-1.2069114
-2.182071,-5.5690885,-2.7271073,-2.946756
-0.8568404,-1.5725948,-2.2554128,-0.34620893
2.8365088,1.2441907,-0.120145254,-1.6771398
-2.282733,-0.7697449,-1.4980813,0.3482602
0.47068137,-0.33509302,-1.3273957,-0.3014416
0.1312941,-0.8973146,-1.8199192,-0.20752424
-1.7833762,0.35915822,-0.44693917,0.66886073
3.0935469,0.91928035,1.1429557,-0.051232945
-2.8880312,-2.1986842,-1.3629444,-0.05571854
-0.105914295,-0.36542407,-2.0728865,-1.442217
-1.0812783,-2.927708,-2.061284,-0.3854595
-1.2256318,0.77867496,1.1699682,1.8802198
0.6798516,0.2745324,-2.8431263,-1.2158463
-0.85898644,-0.39423668,-0.04398821,1.4893485
-0.71490973,-0.8422964,-1.9947913,-1.2059586
-0.28900844,-2.145618,-4.09581,-3.0734472
0.99010235,0.28213263,-0.03523848,0.7806436
1.8626058,2.360707,0.7081328,1.1243093
0.8192657,0.18008341,0.3947637,-0.084752314
-1.4272972,-1.0134921,-2.3625898,-1.7226443
0.010505719,0.30351046,-1.0589122,0.6118314
-1.7433008,-2.6751466,-1.8049594,-1.8864214
1.0111558,0.52509964,1.0493982,1.6011724
-0.02802882,0.26548636,0.66660196,1.5958868
-1.6196218,-2.7767284,-1.6672784,-2.221838
-3.0324082,-3.809014,-1.6184658,-1.5189945
1.3107986,0.20021144,1.326972,1.7489182
-0.045122385,-0.1076127,-3.9874978,-1.415634
2.5015612,1.4132495,1.8634241,0.87473387
-2.962291,-3.7405648,-1.184767,-1.2982094
0.7022465,0.6986813,-0.18107088,1.4645119
1.0521938,0.6439841,0.21014324,-1.6321402
-1.0071934,-1.1492207,-0.30788106,0.96467996
1.0729784,0.92323476,0.5224923,1.0821627
3.0069854,2.0725036,2.0609453,1.6436032
-0.12808783,-1.250689,-1.2144076,-2.4442756
1.5829574,1.5259033,-0.31228784,-0.8391013
1.9356043,1.701487,2.8858824,2.4251435
-1.7934575,-3.436688,-2.4150546,-1.5865484
1.7101151,1.0648057,-1.318912,-0.6345916
0.96707284,0.36969396,1.6036321,2.048631
0.7777661,-0.7038111,-0.8578772,-0.6331751
0.007845346,-0.3994909,-1.116037,0.29031196
-1.6279812,-2.6979198,-3.5537634,-2.9149897
2.1991646,1.4665018,-0.117169015,-0.9428819
0.95914567,0.15511921,-0.20688578,0.053653136
-0.6733221,-1.7036705,-2.9076765,-0.8720558
-0.63367295,-1.8137093,-2.9984758,-1.4069961
1.4092351,0.88888,-0.11381773,-1.6548771
1.8837426,1.5981346,-1.6617818,-0.8919531
-2.619495,-3.2595792,-1.0729611,-1.318561
3.4938097,2.4331853,2.0810306,1.5390946
-1.6863462,-0.95219564,-1.3106449,-0.39242446
2.7910588,1.8391384,1.4208527,0.66694415
0.44847298,-1.3549803,-0.9845028,-0.5303085
2.0801013,2.2980325,-1.612273,-1.9031743
2.176316,-0.10093478,2.3562305,1.3099022
-4.3303866,-3.7974536,-2.2070265,2.0550299
2.2340724,1.6587237,-0.83570415,-2.1127934
-2.14643,-4.065467,-1.7242804,-1.0853158
-1.6160252,-3.6614118,-2.0381458,-0.34009475
3.1415336,2.6241436,1.7348802,1.3547469
-0.6263956,-2.8801696,0.23893355,1.5999222
2.2643404,-1.6113182,-0.41049945,-0.4232192
-0.5509315,1.4036851,-1.1864103,0.6462525
2.7633379,0.34976295,1.3515629,0.39895156
0.35865697,1.3462846,0.4298127,2.052114
-0.5180426,-1.8576857,-1.2882552,-1.546978
-0.61918217,-0.35879374,-1.3764617,-0.30357212
0.44096294,-2.0187929,1.4098781,1.6926523
2.5324318,1.2289568,-0.3087269,0.44980994
-0.30198726,-2.3313313,-0.45606792,0.68215346
-1.9740986,-3.862227,-2.7706814,-1.6435182
-2.7681222,-4.4740763,-2.9218442,-1.7517155
-1.0070823,-1.5515553,-1.4585266,0.77390546
1.4608753,-1.6746737,1.8119982,1.5968895
-0.80364,-0.230326,-0.91040605,1.6341481
-1.1384375,-2.9045951,-1.604443,0.7027287
1.6939181,-0.61063313,-0.6223295,-0.6066799
1.9703233,1.4145521,2.1498868,2.4897034
1.9134284,1.4785565,2.0153284,1.9208745
1.4657328,-1.1287515,2.0116062,1.5998111
-2.1569018,-2.2396355,-2.372555,0.8295581
1.326741,1.7532452,-1.9931442,-2.2932405
-1.4543635,-3.7003496,1.1978428,1.5836146
0.21606475,-0.79652065,-4.101435,-1.957938
0.94437134,0.34161323,-0.24699965,-0.68886185
-2.2661812,-3.6356478,-1.8681731,-0.8019912
3.0683458,2.7136288,0.21685874,-1.3398961
-0.411509,-0.94409186,-2.3808138,-2.373498
1.749329,0.81089205,-0.03422971,-1.9364947
-2.705406,-4.373584,-1.0007765,-0.36673886
-0.64555377,-0.72358567,-2.1696026,-0.75937986
0.18907954,-0.5645889,-1.7567033,0.050371483
-2.2960703,-0.72376853,0.30470276,1.5349541
2.882999,-1.0222219,2.0025814,0.6926124
1.1710985,-0.61565477,2.3753428,2.4885015
-0.5345438,-2.8474946,-2.2695274,0.6326544
-2.0020676,-2.1370773,-1.4505452,-0.5679296
0.91395706,-1.2293949,-1.3635341,-1.9770321
0.76926357,-2.010881,0.23387845,-0.08694561
-1.7523988,-2.9076748,-2.0425339,-1.4908078
0.85047543,0.14349292,-0.5243033,-0.40343276
1.8604945,-0.9833196,1.2162325,0.6951342
-2.6409163,-2.9393713,-3.5405352,-0.6263404
1.5155494,1.5375904,-0.7560542,0.020065611
-1.9348621,-4.613011,-2.801596,-1.6713578
-2.6284544,-1.869099,-2.3604374,0.9354562
2.2856927,-0.06529061,2.1302881,1.8643353
0.06808862,0.41050047,-1.4573187,0.67648584
-1.949059,-2.3585448,-1.8047338,-2.1120446
0.17308795,1.2131612,1.194983,1.420849
-0.9242932,-1.3172326,-1.8456197,-0.39834312
-1.0734719,0.41244775,-1.2964914,-0.27067295
-0.3872586,0.94968444,-0.28699338,0.96346563
2.5854733,2.2072759,-0.8996246,-2.7680445
-0.3368674,-0.8330791,-1.1325266,-1.7783368
2.3561125,2.1329856,2.4361167,1.5878515
0.40984544,-0.20035759,1.7142547,2.2571445
-0.59092647,-0.23786469,1.1202805,1.4340261
-0.88397706,-2.1047392,-2.179191,-1.3030996
-2.7428703,-2.075223,-1.4873176,-0.33676794
-0.53901386,-0.86006224,-2.5641143,-1.137582
0.7203771,1.6764313,-1.0995107,0.24316944
3.3551617,2.6875782,1.3361697,0.1946552
-2.220775,-2.6857219,-1.2775283,-0.830485
2.96311,2.5467312,-0.7341759,-0.70296997
0.19148578,-0.76131755,0.44840434,0.830436
-1.2940072,-1.2020627,-2.3313277,-1.558099
-0.58199036,-1.4279287,0.9750607,1.2882787
1.2923914,1.4338361,0.83798534,1.7205441
-2.154747,-0.8363087,-1.704681,-0.23267855
-1.4018338,-3.454865,-2.6846867,-1.8523816
-1.5371586,-2.22603,-1.9354172,-0.35578626
1.3322897,0.91657573,1.1994607,1.3014107
1.5719911,1.0836294,0.80272526,1.0111783
1.7299943,2.2720418,1.4733319,1.4869088
2.1218724,1.7364312,0.019423459,-0.017324336
0.4502368,-0.69584495,-1.7641796,-2.5663044
-3.0505855,-3.8595943,-0.8635055,-1.1540314
1.6737963,-0.13968912,-1.5807682,-2.5419898
1.5865935,0.46533716,2.0168483,2.1385505
-1.7003542,-2.343208,-2.846884,-1.7081501
3.6351857,1.3433331,2.3982933,-0.23556662
-2.6761446,-0.26028994,-0.15817194,1.8833266
2.3373895,0.87477106,-0.6250688,-2.5595877
0.35660025,0.9920909,0.49294898,-0.10488759
-2.3361247,-2.901568,0.95877486,2.4599469
2.2816634,0.947822,-1.2883676,-2.0131996
-0.5509619,-2.3054843,-2.0398183,-1.9283869
3.5162916,2.025694,1.6269668,0.839633
0.52178806,0.0043947035,-0.5543788,-1.1406667
-0.59190583,-1.8829011,-2.7203062,-0.9376267
-0.5235798,-1.7279319,-3.7783844,-2.6672034
1.5119699,1.9583358,-0.71458274,-0.8023365
2.7011688,0.50390136,2.1095355,0.8902534
-3.2126043,-3.0650473,-2.0488472,-0.8827936
2.938149,2.8575373,0.80910575,0.75514567
-0.034548752,1.8344549,-0.538944,0.02022926
1.2401261,-0.0071575823,0.43311974,-1.0036824
-2.900521,-4.7775755,-1.4309766,-0.39122528
-0.26282206,-3.666363,-2.2650871,-1.7004539
0.2636701,-0.44901308,1.213475,1.7810279
-3.040613,-3.4398327,-1.2860364,0.44817263
2.4766018,1.5169364,-1.0244141,-0.3225107
0.21260579,-0.6747315,-2.8613749,-1.9474747
0.6410118,-0.7493958,-0.29425335,-0.71481246
-2.9705396,-1.4547606,-1.318866,0.52713156
2.0420334,1.8396516,-1.3328085,-0.89109385
-2.3695252,-3.0612438,-0.29303703,1.5525837
1.5870095,-0.28734234,-0.26339918,-1.6016793
-0.19542612,-1.4583222,-1.4734625,0.5288248
3.075661,1.8182205,-1.1749418,-1.2193557
-1.9291275,-2.4744227,0.77943647,2.3562064
3.0950346,2.4934304,2.3801694,1.9814568
-4.746757,-3.7015362,-0.17542964,1.6827034
2.5720258,1.6394671,-2.9735746,-2.3467734
2.8352082,1.6869901,0.36905393,0.019092426
2.1689055,1.9054345,0.80602443,1.183703
0.92436695,0.37131986,-0.8550061,-2.483496
2.1911485,0.59109324,1.7103072,2.0427873
-1.9567273,-3.5917323,-2.7726374,-0.03108482
3.278584,2.71807,2.1586964,1.9180328
0.70866185,-0.960375,-1.1906031,-1.2670404
1.0070046,0.07081057,1.5164039,1.9344493
0.23778895,-0.23754093,-2.0267313,-1.0275097
1.7519202,1.5360403,-0.9694737,0.059626896
2.632379,0.84376186,1.9076333,1.6961746
2.1266472,1.996962,-1.6726189,-1.0292636
0.55588406,0.04335946,0.18554069,0.94227433
-1.5385668,-1.5821006,-2.4300919,-0.5140701
0.45757285,-2.5535116,-3.412785,-1.8888644
0.32685143,-1.6753747,-1.1213057,-0.4635465
2.2736723,1.6601918,-1.7244581,-2.097637
2.0099528,1.6780355,1.8418713,1.5960505
-1.5071423,-2.1793382,-1.8450564,-0.72142273
-1.2395054,-3.5317137,-2.5994308,-1.6900389
0.68908346,1.2039036,-0.351447,1.7597793
-1.5422305,-2.1432073,-1.5271217,-0.51971406
0.6798013,-3.5670652,2.257319,2.0969174
-0.68038434,-0.3482071,-3.0942752,-0.9461113
2.672793,0.040731177,0.48065022,-1.0403985
0.13352793,0.3004123,-0.0067810956,1.3554798
1.4085492,1.5506659,0.5400281,1.0050781
-1.6237437,-3.7635117,-3.3214862,-2.0949726
0.5695113,0.1838385,-0.59812534,0.52194494
0.41646832,-0.49318302,-1.6114128,-1.2600595
2.5565944,1.7165201,2.303556,2.189024
-0.22064361,-4.044936,-3.0755346,-2.8439848
1.2404568,-0.9669721,0.6352572,1.6764591
0.77581364,-2.7170389,-2.4285705,-2.577966
-0.43361497,-0.7561416,-1.6817435,-1.7132089
-2.2638934,-1.9447602,-1.6811152,0.32607993
-0.1836981,-1.3144641,-3.3130512,-2.9462845
2.185582,2.471347,-0.23999003,-0.46342865
0.9546906,1.115236,1.9436845,1.5356098
0.18670475,-0.39764163,-0.47821632,-0.42922965
0.7601024,0.8635157,2.087136,1.5480359
-0.5005917,0.013447364,-0.06964249,-1.2190871
2.193618,1.9527328,0.9818046,0.23013896
0.14211874,0.62917155,1.1052383,1.1424298
1.226349,1.6194714,2.4323769,1.1681229
-1.9891868,-3.1230755,-1.8984724,-2.1609893
1.1485578,1.8693389,-1.0928079,0.52923787
1.5336255,0.5390333,0.2879071,-0.49500102
2.0943344,2.056231,1.8565226,1.527957
0.626325,0.07172107,-0.7189168,-0.9986718
-0.45205128,-0.75478387,-1.9356045,-1.0804038
0.17804085,-1.1500659,0.74626315,0.6739955
-2.8325186,-3.422812,0.5292925,1.5864757
1.2871791,1.5693423,-2.4565713,-1.4379169
2.6649134,2.6327002,2.372375,1.9243852
-2.1229253,-3.4421012,-1.690133,0.52549714
-2.6589332,-3.0248106,-1.7490605,-1.1739311
3.205369,2.981714,2.4842432,1.9094825
0.8013673,-2.0235918,0.5525346,1.1713825
2.3062508,0.8654677,0.29143026,-1.1292537
-3.2218914,-3.1617136,-0.92191213,-0.463694
0.20806895,-0.9605211,-2.5660615,-1.2829316
-4.237507,-3.196768,-0.11070674,1.0095484
3.8197606,2.6501772,1.7394217,1.3651148
0.65677756,-1.3697194,-1.17084,-1.9282709
-0.09223489,-1.0279262,1.0844626,2.2606652
0.056669768,0.68128854,-0.9484688,0.83404285
0.78768444,-0.09994275,1.7238204,1.8440939
-0.7340278,1.0807301,-0.4907996,0.9116739
1.5587484,-0.11590379,-0.3867323,-1.5509894
-0.14837651,-1.5789768,-1.6993539,-1.6175761
1.4351251,0.91398185,-0.9040835,-0.14714885
1.5169611,0.10782237,1.2167035,1.6861925
-2.0772634,-2.706435,-2.2727327,-2.212283
2.580275,1.4374324,-1.1116352,-0.5632928
0.057126176,-0.18718578,-0.79483956,0.807858
0.8471239,0.6589041,-0.55788404,0.253826
3.1861365,2.3089807,0.3212948,1.3212087
-0.9151121,-1.9309353,-1.6329377,-1.3474721
-0.012809096,-0.42398337,-0.08313922,1.5238951
-2.8170543,-3.2918644,-0.32034838,1.3093681
2.632019,1.4939586,1.4857692,1.2322699
1.813387,0.11724451,0.0025543708,-0.5138932
-3.9954858,-0.14162228,0.6190376,1.9262259
1.5132009,-0.70808434,-1.9560933,-2.4080133
2.2105289,0.33510074,1.3887908,1.5612508
-3.7277722,-3.8407543,-1.0151782,0.97883236
1.1924956,-0.25817463,0.23155512,0.27966824
-0.28633627,0.011501011,-1.771562,-1.4511627
3.7937973,1.854319,-2.6183226,-3.742692
-2.3062572,-2.8006437,-1.7593135,-0.9250209
3.7691443,2.2674706,-0.16179085,-1.6529661
-3.1501966,-4.591853,-1.2027096,-0.23137248
3.4885218,2.6537783,2.260204,1.8417441
-1.9852868,-4.1279287,-1.8607109,-1.5073853
-2.6901653,-1.3723931,-1.4479711,1.1140172
1.9771721,1.8384866,-2.0475173,-1.1456819
2.5606852,2.0671735,1.2472068,-2.0211244
-0.63761085,-0.3813528,-2.2221959,-0.21437527
-1.1593033,-3.2852135,-2.5477865,-1.957
-0.4717578,-0.9465519,-3.6272345,-2.1635451
1.4741316,-1.2418627,1.7684027,1.5144049
-0.22978696,0.76819015,-1.9960631,-1.0420213
-1.0391313,-2.5572386,-3.0442212,-2.0975642
1.3615973,-1.2264998,1.6418685,1.3342704
1.407049,0.020440094,2.2652671,2.262788
-2.418062,-2.4307175,-1.6401337,1.4288486
1.981054,-0.46371794,1.2742774,1.7254555
3.4413347,2.5559916,0.21781076,0.5609701
0.19211616,-1.8466182,-1.9697782,-1.5577391
-0.19186813,0.2593419,-1.3328975,-0.87757015
-2.8204994,-1.501404,-1.9576768,-0.058970362
2.4581354,0.6550458,2.0228841,1.6282431
-0.89686155,-0.3232179,-1.6329241,0.44228506
-3.1324344,-2.5908313,-2.0620172,-0.57551897
2.1803696,0.98703414,2.4172826,2.1891391
2.4007084,0.09272565,-1.6283556,-1.0115955
-4.3382363,-1.4639096,-1.9591194,0.71950734
0.54525197,-0.10235519,-2.0595806,-1.7417284
-0.061510902,-1.4841436,-2.21359,-1.3447185
-1.5440102,-0.5031113,-1.129543,0.67149687
3.8589346,1.2210597,-1.867896,-5.2355194
1.3486277,-0.603105,-1.479483,-0.7341496
-4.4056263,-3.6059954,-1.0937228,0.371726
-0.81346905,-2.3637364,-1.9720085,-2.6152937
-2.081111,-4.2129955,-2.4861264,-1.9438131
1.6484072,1.4785918,0.013630355,-0.19154209
-3.1164713,-3.694716,-1.4940888,1.4676547
2.9335032,2.4761314,-0.06449353,-0.36704603
2.7416942,-0.85844713,0.9332866,-0.720816
-0.88600785,-0.8704165,0.5556076,2.4931984
0.18160042,0.9391124,-1.2988961,0.5476426
1.6897575,0.50804293,0.5538934,-0.579143
-1.5562038,-2.4522173,-1.4905673,-0.93353885
-1.2878318,0.88055027,1.0208403,1.4710826
0.68758273,0.60003376,-0.15156573,0.89849466
-1.0754083,0.35219848,-0.20359477,0.91417706
0.8735175,1.0538172,1.5153738,1.8218623
-2.1478715,0.27199462,0.6551346,1.7062297
0.58019423,0.60156584,-1.1473123,-1.2977935
-2.237752,-2.3237243,-2.036369,-0.29793
2.6956625,2.2418852,2.2617648,1.6590002
0.25309774,0.93758404,-2.4587123,-1.2716851
2.4613783,1.3810489,1.9924473,-0.44613668
-0.8434728,-2.1153955,-0.86768323,0.3014031
-1.115121,-1.1101054,-1.3576767,-0.11416827
-0.19553119,1.0513538,-1.4337864,0.6543926
0.553482,-0.21094047,2.3482304,1.7577394
0.9850965,0.5772539,-1.3972863,-1.0027187
2.0689092,1.0709149,1.023169,1.458722
2.324884,1.8477536,1.7233253,1.5857328
-0.51330274,-2.1561525,-3.517034,-3.6362655
-0.827101,-1.1415892,-1.5497943,-0.80785894
2.2371724,1.6751598,1.0184885,1.0982959
0.5669867,-0.07353645,0.26593745,-0.44539365
0.21578388,1.2318009,-1.482357,0.9603145
0.993249,-1.8580323,-3.6017303,-2.1621723
-3.1658933,-1.818945,0.10467087,1.4380506
1.405697,0.49019864,-2.083569,-1.5090275
-0.3361301,-2.1124115,-4.7198424,-2.4040072
1.4829291,-0.487676,2.0918834,0.9478972
-1.3633425,-0.6902943,-1.6063539,0.51432353
0.5063834,-1.3123853,-2.9401546,-3.022461
1.5676947,1.1276249,1.3389544,1.0677216
0.9315401,-0.50144535,-0.09575109,-0.4320798
-0.7280064,-2.1364164,-1.783222,-0.6559741
-0.069691405,-1.7329768,-1.4130663,-0.18541235
1.9901448,1.9616672,0.497148,0.98436445
-1.7515668,-3.523636,1.7226022,1.9794234
0.06650272,0.6660457,-1.9207292,0.861952
0.5358466,-1.9610863,0.692174,-0.4815146
0.44843,-1.4544809,-1.3003567,-0.37824285
0.43367717,-0.2525427,1.0277944,1.3288969
1.1203365,0.3991744,0.5764192,1.4384729
-2.736824,-3.649252,-0.9110961,-1.3926941
0.1764353,-0.2697889,-3.119913,-1.506628
-2.5523937,-2.6377141,-2.5673933,-2.1622221
-1.2658346,-1.7486683,-2.1448529,-1.3294245
3.2519357,2.2362304,1.5068043,1.5624323
-0.87567025,-1.3721666,-2.4209623,-0.9157199
3.8763793,1.7656939,2.4867914,-0.2716913
-0.23372932,-0.1572612,0.28782323,1.2213982
-0.48814344,-1.2180495,-1.8802347,-1.3148203
-1.1886824,-2.2366755,-2.463643,-2.1302989
3.021252,0.9742787,1.7411869,0.66370934
-2.2049754,-2.9269938,1.4556506,2.7761173
2.3473697,-0.30970135,1.0870275,0.74508566
1.6559136,2.06398,1.3704299,2.2306237
0.40842015,-1.2774128,-3.3119423,-1.8384346
-0.18868664,-0.4417185,0.7477872,2.0436034
-0.29714283,-1.4394426,-2.0762177,-1.6660047
-2.3654852,-3.2788017,-1.6152613,-0.6432301
2.2502003,-0.34780085,0.12405101,-0.36644015
0.64103484,-1.3304642,1.6587284,2.319976
-2.8777874,-3.5844853,-2.1399007,-0.833575
0.5084375,-1.5337396,-0.9496198,-0.49808154
-1.4853269,-2.0810459,1.8525662,2.6264021
0.36917794,-1.796037,-3.2555156,-1.1419665
3.5932338,2.3229086,2.1677065,2.0523808
2.8430834,2.4849586,1.343211,1.5950438
0.50442725,-1.9173954,-1.7665594,-2.120158
-0.9063143,-1.7634919,-1.736543,0.5400282
-1.387566,-2.316414,-2.6910996,-1.9771966
0.21669617,-2.2710972,1.7913061,2.5088933
0.34364632,-0.61681455,-2.1796737,-0.93174225
0.018366054,-1.019057,-0.9575515,0.05804925
0.3605701,-0.4506557,-1.9103069,0.6808571
2.5235448,0.5389065,1.7963328,1.6991042
-0.24072479,-2.3777864,-2.1706958,-0.52640975
3.1064196,1.5401216,2.0207286,1.5344163
1.3501709,0.24870907,-0.12460147,1.531998
-0.3165284,-1.1463405,-2.1624787,-2.7018936
-1.5773495,-2.5982313,-4.384273,-0.8320715
-0.51944983,0.583018,-1.0647869,-0.14281324
0.76715344,-1.481997,-2.9867065,-2.7088811
1.957731,1.9108919,-0.59652376,-1.4217675
-2.0607877,-3.531088,-1.9147865,-1.6423203
1.7392755,0.3467567,-0.77380085,-0.8331135
-3.4268074,-2.6604376,-0.9948904,1.6363562
1.8997902,1.8461372,0.03879694,1.4956989
-1.8119732,-3.378725,-2.0448217,-1.9462171
-0.8633577,-2.4216783,0.88530934,2.4493766
2.1522422,0.90365016,-0.89443225,1.2491492
0.48568466,-2.4560606,-1.0730798,-0.9498597
3.0454783,1.6087222,2.5239823,2.2214582
3.331643,2.3040025,1.0401766,1.2820004
1.6890978,1.1174318,-0.4747378,-2.109332
-3.1228461,-4.0635924,-2.782148,-1.8768713
0.48254275,-2.297868,2.159864,2.6241994
-5.588879,-1.3638195,0.4428611,2.1110566
3.7057388,2.0250092,-2.14366,-2.9040284
-3.29318,-4.187998,-0.5117843,0.3679045
1.1392803,0.414371,-1.2574353,-1.106142
