c0,c1,c2,c3,c4
3.7637455,-0.13778709,1.0017222,2.8092418,-1.2750313
-4.253895,0.26296988,-0.36477378,-2.7861626,-1.0344605
-1.7797222,-0.9671965,-2.732956,0.98550844,1.325548
-1.1621906,-0.11498809,0.34321758,-0.27737418,0.9960487
-0.1695206,0.7661058,-0.2053291,0.20226714,1.5248289
-2.0257416,-0.7576418,-2.0738895,-0.9292253,-0.5139649
0.7228364,-0.4110579,0.514607,0.5142714,0.36069635
0.6981556,-0.68540704,0.27072904,-0.5962317,0.82252294
0.7008427,-0.47892737,0.15219298,0.38650832,0.14542127
1.6827732,0.20908587,0.33360693,-1.0195633,0.48681766
0.7146629,-0.15233828,0.82057154,-0.38163978,0.59454995
1.1912259,-0.8062228,1.9921477,3.1040082,1.0684032
0.9360422,-0.4007005,-0.16129416,-0.46518904,0.655214
1.8345954,-0.21183449,0.69138443,1.7199432,0.60130215
1.1008396,-0.19412434,0.032058448,-1.9223089,-0.3374397
1.2987121,-0.100607164,1.1776488,0.82014304,0.68291545
1.5130564,-0.21366414,-0.013435839,-0.8558045,-0.03908906
1.7139453,-0.07707562,1.127056,-0.36326194,-0.056593884
0.79080766,-0.5879682,0.13449092,-0.9573887,0.9472059
1.3104969,-0.15335341,0.5410664,-1.054174,0.1682554
1.6066794,-0.2550174,0.7641203,-1.2193775,0.42860302
0.09905877,-0.4933533,0.45680982,-0.78613,0.26373687
1.3019563,-0.29915226,0.20198525,1.7818533,0.60967755
0.3883786,1.1979235,0.10509384,1.1063505,1.411996
0.8632856,-0.24115415,0.06860924,-0.8437973,0.88222075
0.18985075,0.8094015,-0.3633089,0.43691444,0.2410533
3.473493,0.4839945,1.7959245,3.6457295,1.3357811
1.2675637,0.12275794,0.99303174,-0.33332822,0.14323387
1.5133989,-0.37986112,0.891266,0.7038619,0.92253774
0.48020828,-0.6197148,0.08423166,-1.2941214,1.0357872
0.94419605,-0.4477551,0.8330211,-1.1353984,0.15029733
4.709025,1.7649832,0.13433918,1.887658,0.5851955
1.746477,-0.6867424,1.5862031,3.2348235,0.8039464
2.1901064,0.062628165,0.80198175,1.2064986,0.29393417
1.3275237,-0.1937838,0.5803691,0.28107968,0.5547496
0.50859445,-0.727234,0.3077947,-0.48468637,0.93100756
0.58451986,-0.19321004,-0.10373602,-1.8162296,-0.02092823
0.88287,-0.18323576,2.314372,-0.69279194,1.0072258
0.38949707,-0.737651,0.37046808,0.2397772,0.8217017
1.5925318,0.25435355,0.9770478,0.8495007,0.9944473
0.38038227,-1.0375916,0.9673452,1.2861704,1.4887018
0.3289943,-0.022776982,-0.15884364,-1.8308151,0.5427363
-0.052693695,-0.6230615,-0.01896011,-0.9643949,0.6516291
2.466687,1.2776248,0.91977715,1.0375719,1.0686569
1.7152731,-0.29628274,0.8912988,1.210767,1.014496
1.3630662,-0.13771111,0.70278454,-0.27574763,-0.061983433
3.7692115,1.1408238,1.0085354,1.5665994,0.9896675
0.38139412,-0.31081644,0.7759941,-0.28849554,1.1554432
0.9320517,0.27727824,-0.11315123,4.244852,0.641568
0.6999748,0.20276688,1.6679513,1.0104109,-0.7289838
-1.8483452,-1.0255318,-1.3985679,1.110557,1.506466
-0.30087444,-0.08655392,-0.12189937,-0.3708957,0.5256218
0.74180186,0.020278664,0.7380991,-1.3951972,0.46135277
-0.0018924102,-0.66413194,0.033352878,-0.7164396,0.8647473
1.994215,-0.38909096,1.8290547,2.694829,0.9699692
3.4090724,1.2612666,1.0228182,1.4813293,1.2957865
1.4615166,-0.43815258,0.76557654,0.1261106,1.1421933
0.7099619,0.7898475,0.65629095,0.07465951,0.9504884
-0.020904593,-0.51297957,-0.25971434,-1.9156871,0.08914976
1.0035073,-0.37897283,0.40903345,-1.2113034,0.2709987
1.3238063,0.17754626,0.118881404,3.148686,-0.064959094
1.533381,1.0858266,1.4209601,1.6100546,1.8037359
-0.426206,-0.53128475,-0.8345821,-0.15848605,0.8145193
2.3220417,-0.22340722,1.3666488,2.637812,1.0788991
0.9714744,1.5751368,-0.8694898,-1.7099172,1.5387756
1.3789206,0.14858076,1.427309,1.5755777,1.0448892
1.4860742,-0.15693925,0.033766232,-0.9473086,0.4902798
1.0199349,-0.28838176,0.85721976,-0.90145946,0.5491045
1.1633908,-0.037300117,0.31595436,-1.1556866,0.21944194
3.0493467,0.10751966,1.6092831,3.1224246,1.2953044
0.63543516,-0.14535297,-0.4751066,-1.363453,0.062088873
-0.30340546,0.15641725,-0.24419066,-3.2731392,0.5662599
2.2264156,-0.15913723,0.62140113,0.95650136,0.028540691
1.600926,0.47442645,0.5676346,1.445346,1.0870931
-0.76003647,-0.74345255,-0.15959781,-2.5649288,0.2481009
0.30876166,-0.2771365,0.8864815,-1.3941163,0.34872112
0.10371732,-0.76010823,0.04541722,-1.8822558,0.69364357
0.25083357,-0.52188295,-0.68226063,1.1232234,0.92062104
1.380602,-0.079746634,0.58324295,0.5925577,0.6022576
1.8791136,-0.3833221,0.79159695,3.8456588,0.07637513
0.43593037,-0.61925644,-0.14454348,-2.0691671,0.43556318
0.6084513,-0.25028157,0.08740709,-1.8748261,0.49202514
2.1423151,-0.17789811,0.8519158,-0.080683276,0.24596892
0.98759913,-0.5398667,0.39316645,-0.6257849,0.6938889
2.9539685,0.17250703,1.35974,1.884082,1.101996
1.9576654,0.1008682,0.80101514,-0.90861386,-0.2860727
0.60493934,-0.3538263,-0.007580876,-0.59134936,0.23287876
2.1180456,-0.13668908,0.9403345,2.7756662,0.96603763
1.3790814,0.12583515,1.2005064,-0.07407436,0.3732003
0.56321484,0.8267076,-0.2046112,1.4199514,1.4763881
2.8742003,0.4375831,1.059474,2.363996,1.0198504
2.8241148,0.24863036,1.0664746,3.1960764,1.2833657
1.2532139,0.100886375,1.8087715,1.6243672,0.2572787
-0.061325807,-0.7908866,-0.11902862,-1.5553569,0.89525455
0.91982526,-0.39773482,0.41823056,-0.9957166,0.13309278
0.82874763,-0.28944153,0.22698063,-0.9589118,0.053860217
-0.6665251,0.09619684,0.2929798,4.3354926,-1.8775208
-0.8196852,0.10246097,-1.9341055,1.3385813,-0.12725824
-0.2697292,-0.8466331,-0.5224312,1.066054,1.2639245
0.5082766,-0.6308681,-0.01745617,1.7418027,0.7204882
1.6059734,-0.100242116,0.48408717,-1.8919163,0.58715135
0.1870115,0.56011343,0.23594521,-0.69060165,0.7836927
1.409109,0.08352562,1.0377163,2.050075,0.8459494
2.6748133,0.17836228,0.5872006,0.5685506,0.5704267
0.5699775,-0.2909843,1.0620694,-0.6889305,0.24187429
0.40768266,-0.22719556,-1.4538192,1.9503348,0.07135636
1.2265431,-0.3641675,0.10531127,1.1559517,0.7974192
2.2475123,-0.0064623347,1.3594055,1.5247579,1.2540644
1.1398236,0.06245681,1.7078363,-0.3796367,0.5320507
3.0635915,0.45201576,0.4798159,-0.0100393295,0.19929346
2.562114,-0.14866062,1.0564438,2.575735,1.2558882
1.4573159,0.33556315,0.07123997,-1.2750404,-0.60990477
0.774966,0.011593397,-0.43135405,-0.26018223,0.41426358
1.7605095,-0.036561623,0.66655016,-1.0768304,0.06850516
0.19652377,-0.45925444,-0.21872252,-1.9246241,0.4820033
2.7380395,0.15483482,0.977163,0.063393846,0.06602991
1.0017762,-0.3670265,0.22232336,-1.1926411,0.63160783
2.4792511,0.09541788,0.89325815,1.5403811,-0.12820631
1.4329593,-0.16638413,-0.2908399,-1.2627798,-0.27683026
1.875888,-0.5238329,1.2567385,0.827833,0.91766727
-0.091566734,0.26856756,0.50862837,0.83150494,0.67203766
1.0316174,-0.3531992,0.21145855,-0.54973817,0.56726557
1.493148,-0.4481474,0.9171943,1.3417664,0.95896363
1.0531704,0.0056308503,0.51394725,-1.7337624,-0.03329502
3.1278849,1.5251296,1.071637,1.0772165,0.7121488
-0.10442388,-0.16126277,-0.6160807,-2.957265,0.57147634
1.6944134,-0.24913341,0.48524496,0.73127806,0.47869408
-2.0777905,-0.38985157,-1.1031649,-3.1511154,0.49663553
2.4302866,0.62531567,0.7385287,1.6030866,0.3871679
2.0397003,0.17360255,1.3556579,1.9632161,0.49590284
2.1101096,0.4304302,1.1909186,1.0806432,1.219158
2.2549925,0.047563255,0.8474705,-0.10304146,0.3638893
3.072409,0.4840253,1.382041,2.7174141,0.31732038
0.90816545,-0.15088783,0.87155783,-1.3000957,0.27244535
1.4886774,0.15984216,-0.09187466,-1.7265537,0.11108461
1.7285883,-0.21272609,1.1738639,0.26428598,1.0468874
1.9425741,-0.16643806,0.99017775,1.3984447,0.15540761
2.921987,0.17832743,1.5796127,0.5061105,0.812198
0.32366022,0.40751612,0.27805245,0.76077515,1.1207429
2.1530712,0.019004323,0.8862996,1.6389929,0.94899297
-0.23624966,-0.51575667,-0.8848407,-0.7009177,0.20999083
1.1929393,-0.4134401,0.964257,-0.6624202,0.44436285
0.5811226,-0.43475714,0.66002023,-0.7169174,0.41200483
1.3446275,0.031680357,0.73033047,1.213411,0.99341667
-2.4440303,-0.20536187,-3.934414,-2.979296,-1.2940519
-1.0011549,1.2724696,1.1365544,4.1358714,-1.7797976
0.66488063,-0.9447033,-0.027428845,5.901014,2.4388177
0.044584304,-0.34902576,-0.31083122,0.018671302,0.57086384
0.93715423,-0.2336914,-0.10421279,-0.6037519,0.2922905
-0.33046132,-0.59067285,0.7006041,-2.2581186,0.4492448
0.89368343,-0.37827286,1.0372511,-0.16382323,0.836637
4.5812182,1.8990813,1.0994889,0.8788904,1.0760148
-0.296034,-0.5238109,-0.052517876,-3.0765212,0.38869306
1.6489803,-0.31177545,0.30305535,2.1056287,0.62217957
0.82904285,-0.2232848,0.06310088,-1.4260582,0.19073759
1.7330095,-0.2721091,0.9404238,-0.5291575,0.933368
0.70937556,-0.52239263,1.0004855,5.8364797,0.6615208
0.7066811,-0.20190386,0.39384112,-2.497291,0.24850622
2.910552,1.4336331,1.3152544,1.8110524,1.1130062
0.7875519,-0.14174347,0.06928759,-1.4812704,0.027522584
1.4058194,-0.2200573,0.46100098,-1.2193972,0.4891998
1.3926673,-0.21475112,0.5808794,-0.070547625,-0.02956917
1.3144658,1.0779191,0.6431672,1.4490387,0.3296165
1.2951438,-0.6681044,1.092169,1.8321936,1.6279923
3.452036,0.70977867,1.4358141,1.9417925,1.0658959
0.6834742,0.018898226,1.1130755,0.55620563,0.13969305
2.119009,0.38150293,1.2645216,-0.053125396,0.69046235
0.7109465,-0.5789174,0.19527146,-1.5234507,0.701427
3.6862102,1.3167728,1.4140847,1.619595,0.8718357
1.9590428,0.06275333,1.5642129,1.0709013,0.829422
1.0073047,-0.051273555,0.5288498,-0.9123796,0.4318442
0.9159057,-0.1439159,0.16513981,1.9919578,0.09882599
2.6863763,-0.24258086,1.7156982,2.5306253,0.55945295
2.0493271,0.13709015,0.86407644,0.31587714,0.56516963
1.0481703,-0.18960647,1.5556674,0.28419116,0.8617578
2.5763538,-0.30691102,2.1063576,2.881228,0.7888348
2.3174305,-0.15005952,1.0227143,1.3783073,1.2667375
0.742364,-0.2812207,-0.06579731,-0.48943746,-0.024336034
2.1804392,0.0054308767,1.620398,-0.6683334,0.6762815
0.78120947,0.46136284,1.5152135,1.3616759,1.2155397
0.051452488,-0.33728436,-0.47121325,-2.539567,0.45411032
2.596303,0.3673795,0.89527965,2.216044,0.6702021
0.7857134,-0.41682604,0.5410019,-1.3055031,0.6067671
0.9165337,0.14930838,0.7791564,-0.062115327,0.57294595
2.051299,0.07210815,0.5303684,1.7801725,0.8108387
0.7633344,-0.5019555,0.46908662,-0.20782258,0.43772247
0.57547,0.32860216,1.6214682,2.045012,1.0486646
1.9064811,-0.47503662,1.5414556,3.7536457,1.316423
0.8158865,1.5515504,-0.247018,-0.09861881,1.5995322
1.119,-0.5433686,0.15516102,-0.21469878,0.3862476
2.6945014,0.365922,1.2949737,0.9199751,0.64213383
3.6468883,2.115017,0.3043234,-0.77411175,0.21565667
-0.10283302,0.29057664,-4.0638127,7.2453823,1.2904577
0.36130312,0.71896243,-0.13161002,2.0861363,-1.6227351
-1.0283152,-0.80337465,-1.888558,0.7405162,2.4764934
0.14515471,-0.35360667,-0.08257939,0.27598268,0.6335351
0.15879953,-0.09881503,-1.1909648,0.81627053,0.11647496
1.1990283,0.06947346,0.7102792,1.2560773,0.90362215
1.3848456,0.015155066,0.7883772,-0.8662262,-0.37940207
1.0558538,-0.20982254,1.1607056,-0.11939944,0.4482641
0.8619134,-0.04293892,-0.7785312,2.8852706,0.34950316
0.09866324,-0.8271039,0.21747354,-1.7172538,0.53712744
2.355189,0.17614391,0.40522096,1.4745963,0.22911595
2.0038025,0.34691948,0.9559047,0.8234199,1.0880786
2.6569605,0.17798094,1.1026988,3.4381788,1.1007334
1.1214191,-0.29940176,0.5402155,-0.94219774,0.41753674
1.437233,-0.26340112,0.847743,-0.052028824,0.55616903
1.5458957,-0.084467605,0.72537637,0.06951892,0.3759819
1.3850127,-0.053370386,0.870664,0.763496,-0.30192867
-0.17327708,-0.7740619,0.104639724,-2.6272235,0.43379787
-2.1185696,0.53490394,-1.4176829,-0.2758804,1.0548248
2.1731107,-0.17900759,1.6113025,0.12999134,0.28680554
2.269815,-0.021720493,0.5423202,1.855941,1.4678676
1.6570443,-0.11409562,0.3401903,1.9975138,0.24171443
-0.12958738,-0.30436468,0.12183142,2.4714646,0.72736865
2.373754,0.035908367,1.0713842,2.6107595,0.8491635
1.9294926,-0.49472946,1.9435697,1.3819536,0.47693837
1.4655997,-0.2763146,0.6902693,1.3210057,1.0529337
1.2550114,0.20745519,1.4749091,-0.6145615,0.51426727
2.1811206,0.31762224,1.221394,1.4804186,1.1426127
1.4567432,-0.39629942,0.24230425,0.048269,0.73513174
1.6196327,-0.26774353,0.5949269,-0.26853532,0.8366223
1.3229351,1.2912441,0.09794918,0.10357746,0.0744703
1.4279546,-0.9222497,3.1737022,4.273768,1.5880188
0.8619276,-0.2729057,-0.078969084,-1.3388592,0.49176764
0.21585593,-0.4237131,0.19394547,-1.7821093,0.014944045
0.40611455,-0.31366247,0.4973771,-0.28095675,0.30022797
0.6601102,0.1371992,0.6495063,0.935376,0.4225346
2.1814725,0.12855448,1.0736171,1.6908668,0.70347327
0.9852169,-0.5147035,0.20884168,-0.9914502,0.5038465
1.0328058,-0.48564795,0.2255369,-0.9294641,0.40368012
4.4841337,2.107393,0.70774704,0.694989,0.9229918
0.6315253,-0.41082227,1.2106827,-1.0730441,0.32294175
-0.21778828,-0.46490985,-0.6269986,-1.270096,0.59144247
1.821282,-0.3260428,0.7559534,1.0182221,0.9921951
1.6057838,-0.024608325,1.0951669,0.9328151,1.0743318
1.1659482,-0.40185288,0.35383335,-0.11191134,0.318207
0.028534306,-0.7652963,0.6036599,-2.1520889,0.70331514
1.5349386,-0.22642198,0.93133163,0.20774685,0.40568137
1.265726,-0.65514827,0.8015963,-0.7643973,0.7410853
-1.1859151,0.52286613,-0.46043617,1.4813372,0.045098297
3.306425,1.334737,3.8051207,2.2209256,-1.3814443
-2.2216067,-1.2941855,-1.9732664,1.4966384,1.5675205
0.43329215,-0.49334854,-0.28941104,-0.17993903,0.64735055
0.27090693,-0.3944635,-0.061906118,-1.2150079,0.5146034
2.5849044,0.6597662,1.5932721,0.34338224,0.065317765
2.6265502,1.1925558,0.29119655,1.1855918,1.8361397
2.1069283,0.077793516,1.3516377,2.0519931,1.0954404
2.7643912,0.48170078,0.7714287,-0.21701476,0.53481454
-1.0695761,-0.8294049,-0.71780413,-2.9961014,0.48069605
0.6775624,-0.43922102,0.29934737,-1.3298054,0.20682085
2.0403154,0.9801334,1.0437444,0.35173693,0.9644595
0.85837907,-0.6278872,0.57947415,-0.8710075,1.0109006
2.604821,0.33561555,0.9123472,2.755959,0.90417385
-0.15407972,-0.046130985,0.25215408,0.67471254,0.92633235
-0.035276245,-0.3625603,0.7666405,-1.8384458,0.31878862
0.5921251,0.1893294,0.4504749,-2.2791705,0.2034789
-0.08126653,-0.8606514,-0.21713838,-1.6380336,0.5690945
1.0286257,0.9003688,0.39679337,1.9082427,1.0189198
0.48783004,-0.5729708,0.45146865,-2.3814821,0.6163934
0.2221613,-0.2745692,0.2857143,-0.539031,0.0875215
0.9154756,-0.08319782,1.002393,1.8166492,1.2461762
0.79152775,0.80754006,0.41883725,1.0774031,0.8927005
0.8816463,-0.1855238,1.1721187,1.647989,1.163859
1.2095145,-0.22139506,-0.24815145,2.5379012,0.48772407
0.63612217,-0.9890971,3.1877248,3.220084,1.3523859
2.2315958,0.55391914,1.3204602,1.0302837,1.4355725
1.8188138,0.16313507,1.114563,-0.7357605,0.08263324
0.9826758,-0.56970143,0.56588537,-1.5541018,0.73773414
1.808628,0.37875497,0.9546577,0.45036107,0.77476007
-1.1379889,-0.74527514,-1.2847459,-2.1006284,0.25180057
-0.075389735,-0.24247631,-0.0713317,-2.8298113,0.7741218
0.95571154,-0.374496,-0.057963964,-0.02383947,0.08061692
1.5313292,-0.42874202,0.89254403,1.6299319,0.61796564
2.0048728,-0.08804064,1.256796,2.638189,0.038045894
0.9606684,-0.3968157,0.3350108,-0.36204648,1.1992395
3.2201679,1.99961,0.28349853,0.29557207,0.8129441
-0.14513484,-0.60165936,-0.05547138,-2.0954616,0.50950575
1.4513004,-0.040038906,0.6835692,-0.1039138,0.30485475
1.2675596,0.3309257,0.8744724,1.0179529,-0.27994478
-0.14152801,-0.1903033,0.98098856,-0.2946152,0.32121605
0.29403818,-0.1962088,-0.38099384,-2.4841964,0.3173973
0.94008034,-0.45418257,0.7284183,1.1825038,0.5079229
3.165718,0.7524672,1.2261937,1.7928418,0.58154976
0.7698152,-0.019738052,0.60608435,-0.5911842,0.9257815
2.5755217,-0.025945844,0.88346887,4.4360833,0.9837429
2.4419188,-0.17744496,1.0756942,1.6748621,0.63452333
0.56106174,0.26370877,0.40205938,-0.574899,0.4917253
-0.46126685,-0.4295872,0.46764132,0.122624226,-0.37817934
-1.2611681,0.51247156,0.17894824,4.544099,-3.1195662
0.29308802,-1.4217813,-0.048889413,5.0333056,3.1637714
1.4908328,-0.33530477,0.39534667,1.048395,-0.27018723
1.3616145,-0.14946331,0.14969146,-0.0920158,1.1075917
1.1339891,-0.057370033,-0.1924847,-0.5585653,0.04024026
2.7095795,-0.07095665,1.3455589,1.5902607,0.14695185
0.9539136,0.12882891,1.0272017,0.16475555,0.9844016
4.524191,0.9497303,1.8107711,3.9523637,1.0753475
0.53836185,-0.46433,0.60010403,1.9181973,0.71412677
0.038536593,-0.28626844,-0.5948805,-3.2616336,0.32319582
0.23052762,-0.44526055,-0.08504817,-1.9603506,-0.25405958
2.3945737,0.05843692,0.8819478,1.251662,0.19979125
1.5915426,-0.11907194,0.14698045,-0.59725225,0.3276592
2.0680723,0.3808506,0.77156776,1.070919,0.33174664
1.2370471,-0.2689047,1.0306219,0.58061224,0.82110846
1.3860166,0.18711409,1.1164646,0.17930765,0.73923266
2.0396318,-0.1712724,0.6812506,2.2419345,0.5977515
2.8734617,0.70803136,1.0076884,1.8628447,1.3502963
1.3364971,-0.23951389,1.0985916,1.1164335,0.67595243
1.5368028,0.057998244,0.70065045,-0.47690675,0.05003584
0.70950246,-0.2714405,1.1232349,1.2573324,0.54646426
1.4781325,0.21469095,1.0629963,-0.6898379,0.5661148
0.5809966,-0.51561785,0.69353104,-1.5505446,0.81276107
0.8647196,0.45820373,1.1417936,-0.21015824,0.24263652
4.078556,1.1432457,1.7297907,2.175773,0.40216795
0.9884968,-0.23272544,0.14814346,-1.6712543,0.28376967
2.6741354,0.32005492,1.3499634,1.8949451,1.1110662
0.86935943,-0.5393449,0.56023467,-0.05273004,0.81016076
1.1437528,-0.31774163,0.21268713,-0.4596905,-0.019885924
4.270238,1.6664737,1.7546419,1.5151345,1.2499341
0.8754428,-0.30927804,0.029337084,-0.98401,0.32788733
0.16493076,-0.62334114,-0.31099427,-2.2578053,0.19442871
1.2674383,0.4847384,0.57964724,1.1318994,0.79605556
1.4744635,-0.13500644,0.7593217,-0.3394006,0.36709005
0.5512433,-0.51855916,-0.23732434,-2.1367114,0.22560553
0.79233533,-0.25663522,0.6884359,-0.06919142,-0.16763403
1.8180811,-0.44987988,-0.04517487,-0.57926625,0.07095794
2.3315334,-0.33917075,2.022678,2.724146,0.66450435
2.6553962,-0.04132694,0.7958907,1.570544,0.84589505
1.3246338,-0.18988325,0.79452276,0.72755057,0.50069034
1.0884153,-0.3588875,0.38734677,-0.8107674,0.1841098
0.56447816,-0.27674282,0.6374161,-0.9294317,0.647151
-1.6588275,-0.1426618,-0.4382156,-0.5080583,0.2300303
1.6563742,-0.18856615,1.3668278,-0.4947343,0.6706193
2.5166397,0.1492917,0.8324922,0.6625087,0.47249117
0.48135892,-0.5186463,0.1974275,-1.6129323,0.5713848
0.12318878,-0.5533833,0.2827637,1.4126145,0.5248468
2.0328271,0.38167018,3.5843458,-2.790579,0.005958259
-0.14538187,0.19974408,0.22649598,6.933178,-0.122197166
-0.37683496,0.601489,-2.5678551,1.6309502,2.264681
-0.32353282,-0.6473963,1.0904286,0.80772734,0.9952355
1.0355759,0.50928676,0.4421093,0.56215984,-0.4479893
0.5947152,-0.34677154,0.072241075,-1.239336,0.41610926
1.2277079,-0.29693693,-0.19506085,-0.6517468,-0.5724993
1.965551,0.8055127,1.4012924,1.837331,0.6111514
1.3351887,-0.3250946,1.0558567,0.6259412,1.0581616
1.621724,0.03970453,1.2052687,-0.84651685,-0.04360744
1.765578,0.24967846,0.74675393,2.1341689,0.756047
1.4537716,-0.08611794,1.6018215,0.7702154,0.24258296
-1.6484761,-0.119585656,-0.6531294,-4.084937,1.1299758
0.86068165,0.16113824,0.22376706,0.9237172,0.5218073
1.0120676,0.05797917,0.56117946,-0.7129234,0.87985563
1.2516551,-0.37810382,0.15181361,-0.6397127,0.04633506
0.7115288,-0.27112395,0.6274941,1.1475376,0.6136523
1.2252741,0.12906252,1.5608001,-1.4479561,0.25158536
3.710989,1.0047872,1.6816233,2.3796995,1.2137305
-0.4128456,-0.565424,-0.23375869,-2.5041654,0.4823835
1.8234099,0.037670553,1.0113811,-0.84373444,-0.05188019
0.7731232,-0.4042076,0.047083102,-1.8999659,0.8611784
2.1475387,-0.030946635,0.6100643,1.7333819,-0.10889112
1.8336626,0.3024463,1.0535321,1.5100625,0.9709102
0.7638542,-0.17557545,0.14384817,-1.203778,0.10168064
2.0554843,0.13006222,0.7472186,3.2358308,0.5458863
0.42059892,-0.3817669,-0.011858284,-2.2848766,0.05171684
3.187772,0.25983623,0.94855076,4.3200994,0.27438027
2.2541363,0.14050303,0.38563627,0.78031206,0.40998977
0.6655772,-0.006735622,0.23244408,-1.1442204,0.08299882
0.41792807,-0.4045081,0.14850016,0.94409823,0.2864037
2.4724197,1.5319703,0.084274694,0.74156016,0.45827678
1.2130532,-0.45313627,0.80335635,-0.056054182,0.52651256
-0.21420433,-0.5556849,-0.16093744,-2.326621,0.10438835
1.4050225,-0.093154304,1.1048614,-0.44002953,-0.110605806
1.0600305,0.09685899,0.78022027,0.81075263,0.38101625
1.9509196,0.3653193,0.5457805,0.40036255,0.018096028
1.3289114,-0.59654045,0.60931766,0.59715885,0.91054076
2.561563,0.48503992,1.0642765,0.6229584,0.22762692
1.9552462,-0.34076813,0.8968447,0.7224114,0.87561685
1.4811572,-0.18470898,0.21128416,1.9646958,-0.04864956
1.7675827,-0.5285988,-0.22104606,3.8563004,0.5460669
3.5349889,1.8053055,1.4505225,-1.1895746,0.7142054
2.1151638,-0.055152215,1.0223585,2.7889698,1.5612098
0.15011713,-0.049550127,1.0415992,0.5135261,0.35023078
1.4405767,-0.07529206,1.364632,0.52296716,0.6960017
1.7453915,0.4333046,1.7375298,1.8604016,0.9109258
-0.3519333,-0.37527305,-0.47114193,-2.3913906,0.64890975
-0.21530767,0.5338252,-1.7720039,3.4684205,3.9681962
0.005891271,0.038261227,-1.8045496,4.837139,-1.3545617
-1.5692443,-1.3090521,-0.25401103,1.0183814,3.1060996
-0.17549877,-0.6439528,-0.41284138,3.2977707,0.8157404
1.6175437,-0.1427321,0.59358054,-0.07468115,0.11548625
0.94273406,-0.18402673,-0.07734852,-1.1471682,0.2542886
2.7287173,0.0059527154,1.7602705,1.5898603,-0.07403211
2.76761,0.054479297,1.0251285,3.314176,1.398715
1.8725404,0.08463866,0.42553943,0.28621107,0.48813096
-0.32391042,-0.53842044,-0.6223502,-0.16315743,0.52498764
1.0304301,-0.421924,0.33777884,-1.5052476,0.21239854
-0.28916976,-0.08235894,-0.40264457,-2.8298044,-0.08410767
1.1891463,0.09949773,-0.013931869,-1.1378139,-0.25745675
1.4589725,-0.39083648,0.933642,1.7200667,1.2161653
2.2601967,-0.21322595,0.8158736,2.3583603,0.6524256
1.2866985,0.087800756,0.4409842,0.6757861,0.37968898
2.3129144,-0.793634,2.118313,5.444543,1.6562649
1.4073788,0.10588429,-0.4598895,1.9122831,-0.39950737
1.672003,-0.23385969,1.5142953,1.2475315,1.2532234
1.8433703,0.08562236,0.6914716,-0.6675165,0.3867782
1.0615978,-0.21193072,0.51849985,-0.21905538,0.47248858
4.9238358,1.5340358,1.1641873,2.5555825,0.7171525
0.3396212,-0.6422293,0.22077997,4.965033,0.80517435
1.895379,0.065589204,1.1446157,0.19122015,1.0916026
2.618994,0.66501653,1.3800087,1.4082714,1.0672147
2.155277,0.44151568,1.3578258,2.7344136,0.42816237
1.5187142,-0.27055097,0.50133693,-1.0034858,0.581009
1.215986,-0.16213277,0.29463962,-1.2263565,0.25089142
1.719209,0.583382,1.335398,2.0511448,0.99140185
2.7027292,0.19074094,1.1242595,3.2801352,1.0212306
1.9721872,-0.055800993,0.3962885,-0.040560525,-0.2625607
-0.09576218,-0.33565366,0.0211175,-0.042445846,0.6189703
2.9766028,0.6230343,1.2108238,1.733892,1.0096471
0.077769645,-0.6298461,0.14652182,-2.0869496,0.11336969
1.2456096,-0.05049156,1.2241942,-0.2453975,0.22756642
-0.44847217,-0.65829337,-0.16977699,-2.8231065,0.99886024
2.4240777,0.10709353,1.2510353,2.3863795,1.038463
1.2549047,2.5540662,-1.319677,-3.3546135,-0.8085752
0.07828831,-0.6814337,0.009327172,-2.1724436,0.67217416
1.8810928,-0.073889636,1.0217952,0.71876836,0.34643027
2.103912,-0.11751707,1.0124867,0.09038521,0.4547281
1.1944577,-0.51991534,-0.0413165,0.77188635,0.8880171
2.0731435,0.44859263,0.56915414,1.2094785,0.26507035
2.4611166,-0.42220098,1.0516026,1.4478863,1.1758968
0.652618,-0.4921867,0.28519234,-1.4622928,-0.389234
0.8293053,-0.11360961,0.543686,-1.1128037,0.64549506
1.7340541,-0.07262311,0.5203037,-0.8965094,0.20717777
2.6810098,0.1614034,1.3468502,2.8131373,1.3104469
-2.0137491,-0.778237,-0.54899186,1.7927692,-0.66412
3.7860477,1.6943635,2.5974462,5.154292,-3.9394286
-1.2281153,-1.2749039,-2.3936858,-0.18382463,1.2386019
0.4261966,-0.07892713,-0.96751237,3.3839767,-0.073718384
1.3097068,-0.20174477,0.55836654,1.3423576,0.97995394
3.1140282,0.3618207,1.5353702,1.1492605,0.90662074
1.9708122,0.28189638,0.26029748,0.409125,0.527863
-0.14493285,-0.31436425,-0.21645105,-1.1628876,0.12826681
1.3176014,-0.26280728,0.63553154,-0.9180156,0.28306362
2.5679615,0.0010150671,0.81576854,1.6936427,0.016399471
1.1029395,-0.2605507,0.30698404,-2.0213804,0.6265335
1.8195573,-0.11899386,0.9942503,0.5986906,0.16538094
0.68777424,-0.28041726,0.02435981,-1.4879555,0.26087895
1.4793944,0.4400878,1.4195929,1.2430944,0.6609774
1.3537339,-0.34272206,0.923953,-0.67038214,0.7341626
1.325888,-0.0025555491,0.3714326,-2.2874253,-0.2009398
1.8232619,0.13052407,0.47179273,-1.1722227,0.2983726
1.047495,-0.038378943,0.747628,-1.3303385,0.12992358
0.7523007,-0.091291815,0.7911572,-0.44089976,0.14916864
1.2384229,-0.043599032,0.888476,-1.7347196,-0.015635459
2.2015831,0.4305935,0.9723615,1.4640193,0.6572509
1.4100373,0.8871497,1.0933464,1.1458638,0.7343285
1.1104819,-0.37775654,0.70065725,-0.6048107,0.13201764
1.4772012,-0.1750505,0.41603574,-0.55115885,-0.0030059218
1.10958,0.5001749,-0.036497787,1.4541056,0.35707736
1.9488283,-0.13778381,0.96081966,-0.06418062,0.86621094
1.5697229,-0.10658338,0.82691395,-0.7434297,0.12223606
1.4926281,-0.43760616,0.43984327,2.8517668,0.7520577
1.7884877,-0.054533836,1.1030916,-1.0320227,0.037415843
1.6353924,-0.12770882,0.9533021,-0.60135597,0.19879739
0.95671165,-0.5493431,0.18823151,-1.6841339,0.23183477
1.5177162,0.59597516,1.6605859,0.40983593,0.3914461
1.0986499,-0.59805495,0.00051528215,-0.9926696,0.6109898
1.6191854,-0.29490292,0.0021958947,-0.028326087,0.44849652
1.8990667,0.03663136,1.2450422,2.1199462,0.32151502
-0.0935813,-0.5279298,-0.9059543,-2.171009,0.6331472
1.7372179,0.2721064,0.020201318,-0.9138685,0.22575676
1.14504,-0.55531836,-0.1275978,-1.4651961,0.40310895
0.9843264,-0.25835904,0.21233949,-0.6846562,0.3838696
-1.0100269,-0.5876121,-1.6653891,-1.2462096,-0.17954147
3.1087563,0.02879731,0.94170487,0.8783361,0.36091757
0.8663931,0.80913043,-0.07074168,-0.9803321,0.22239064
1.3545482,-0.35286343,0.6301152,-1.3897859,0.527723
2.3536806,0.042052917,1.1067834,1.5357217,0.86541826
0.6745739,-0.47196287,0.3878958,-0.8547155,0.6438779
1.132036,-0.44720575,0.31006134,-1.4497848,0.63789755
-1.3022494,-0.47579008,-1.9066967,-2.3682182,-0.19810946
-0.5958106,-0.5386368,-0.4623218,-1.3123363,0.08349318
-1.1854938,-0.018047074,-1.4403656,3.5832875,-0.64076376
-1.032179,0.24234049,-0.8854724,2.5333998,0.79910237
-0.7069657,-1.099454,-0.93647987,1.1764827,2.0825224
-0.20273115,-0.627932,0.10972896,0.7647148,0.85098034
1.3288691,-0.61221236,0.39207745,1.6227622,0.36146283
-0.11904486,-0.45641816,0.29505515,-1.1008158,0.8732345
1.7906564,-0.17554179,1.3360797,2.0704203,0.27708605
-0.69863915,0.21590573,0.8507776,-1.2482307,0.8388684
1.0305349,-0.033620767,0.9734413,0.1606093,0.8376076
1.1365217,-0.11723577,0.4220633,-0.8069027,0.33887938
1.4632925,-0.27142233,0.5226066,1.9770122,0.81365573
3.7866764,0.63721,1.2208987,3.6968958,1.2241948
0.9158125,-0.116846606,0.3029138,-1.0168349,-0.34141997
0.48909745,0.6956271,1.136279,-0.14476192,1.9031225
0.5399306,-0.23013729,0.58678544,0.33951563,0.6912734
0.7419585,-0.090587944,0.9206189,0.7498643,1.0142472
1.3235785,-0.032347627,0.5394675,-0.39658263,0.14588365
2.2291868,-0.32265607,0.86172235,0.20928396,0.3326912
2.3822906,0.2653015,0.3920582,2.9864635,0.24526717
1.4967518,-0.055476457,0.5178831,-1.1059909,-0.123370826
1.0674661,0.4760399,0.84035,0.1731503,0.9647177
-0.05975635,-0.18989307,-0.42386645,-1.2143902,-0.17965296
1.1477244,-0.32771322,0.5744619,-0.115226604,0.5346763
0.8148451,-0.14890076,-0.29766265,-1.4289011,0.16584505
3.1787148,0.7988671,1.2474563,2.2550616,1.2393327
0.71842253,-0.17151909,1.3886939,-0.2860213,0.23633903
1.3200526,0.3137542,1.4523611,0.9422685,0.9314556
-0.46510285,-0.32690465,-1.5425335,1.3544852,-0.64221674
1.8199959,-0.29814702,1.4780272,-0.65628576,0.3619744
1.1260533,-0.29516822,0.51120865,-0.9292734,0.83021474
0.8748054,-0.26666158,0.7796267,0.32268316,0.56970274
1.8802134,0.20553675,0.9903471,2.035348,1.1761478
-1.0032089,-0.1547818,-0.23708771,-0.7675683,0.4094687
0.59322923,-0.13855673,0.11969336,-1.9269313,0.08235927
2.4971297,1.9893414,-0.6136902,-1.1559862,-0.0072918236
2.0233958,-0.26546916,1.8937339,0.21528096,0.5423881
1.7836344,0.032263882,0.8139949,0.14883736,0.5535444
1.0658199,-0.35634145,0.43981045,0.27035463,0.33472887
-0.60499454,-0.14155456,0.9723852,-0.7637171,0.60228354
1.8807082,-0.0549439,0.637734,1.5537524,0.5921975
1.7761321,0.19524328,0.15736245,0.983107,0.9754994
1.4924394,-0.28574166,0.27126345,-1.1806768,0.6326539
3.4475005,1.9604228,-0.52584195,-0.60999095,0.41569796
2.0842683,0.28803307,1.5498054,3.4900246,1.6566275
1.7080588,-0.29620117,0.7228964,0.81628233,0.9001546
0.69125205,1.0227692,0.8570581,0.8802172,0.8870449
0.84805757,-0.21767306,1.2845488,0.89424515,1.4704934
0.8034939,0.58828896,0.84813064,0.8973625,1.0394255
2.8208916,-0.77593386,2.1138182,0.9905767,-3.390944
1.1485156,0.42461333,-0.07477555,3.6126375,-0.8027943
-3.1054308,-1.2863536,-2.6457005,3.463672,3.622285
-2.388235,-0.46454287,-1.169693,-3.77234,0.19139354
-0.41784927,-0.53961766,-0.5163079,-2.7460587,0.46135882
1.0037332,-0.3792838,-0.027752737,-0.9972544,0.73672444
0.7556193,-0.38698918,0.17964464,-0.9845897,0.35620543
2.5139313,0.55774605,1.0182335,1.7861032,0.8625686
0.58413905,0.47292423,1.1265064,1.4173932,0.6231333
1.0845302,-0.4586308,0.57038295,0.3515727,0.92146885
1.2029698,-0.36692113,-0.07280052,-1.841093,-0.14999744
1.2282256,-0.32235625,0.9076988,-0.3693715,0.2870674
1.110173,-0.01890985,1.4399196,0.56224835,-0.38730183
1.8851576,-0.09881563,1.1265618,0.68295646,0.59216034
1.3830028,0.1387501,-0.052030914,0.77013284,1.0382869
1.3517482,0.34542197,1.1726804,0.9544948,1.0431638
1.4220395,0.17436585,0.1289386,0.38858417,0.386754
0.79292935,-0.6396792,0.8302959,0.9787344,1.3113352
0.49278328,-0.29939136,0.27879065,-1.590602,-0.087344326
2.4602232,0.17052934,1.0373979,0.8112972,0.47013924
2.2689269,-0.318566,0.4628447,0.76513946,0.8505477
-0.06551333,-0.5850365,0.8436063,-1.3466767,0.23585248
-2.086212,0.114777714,-0.3549462,-5.6542892,1.0882694
0.46043402,0.34846556,0.4691466,-0.20079494,0.36765605
1.6703534,0.1625794,0.829507,1.5742178,1.3405908
-0.97851396,-0.1437136,0.48612207,-0.21335737,1.7752014
1.6152716,0.004663765,1.1960217,0.50318044,0.32982907
1.6690065,-0.37386358,0.5405176,0.31274405,0.5017712
1.334309,-0.34828874,0.32178164,2.4884064,1.229987
-0.25689262,2.538347,-2.9259737,-3.3077934,0.34747848
-1.1298275,-0.5659151,-0.9767202,-2.254211,0.92751086
1.8018275,-0.26802558,0.79133135,1.1240231,0.55803007
1.3143103,-0.515183,0.5982939,-1.775545,0.4680025
1.3488339,-0.47957528,1.5115733,0.5440218,0.41772076
1.6188827,-0.31646734,0.3329537,-0.71590286,0.99942654
3.8253236,0.23655829,1.0701457,3.3437386,-0.054205056
1.9788226,0.03063401,0.26156446,1.66941,0.6079144
1.4454879,-0.28591436,0.33366922,-0.59718144,0.6523651
0.7323637,-0.1625213,-0.5559372,-0.70187914,-0.3133262
-0.45166814,-0.5453318,-1.2616658,-1.747835,0.04329544
1.3775606,-0.26253152,0.84943604,0.6469916,0.7190769
1.7366834,-0.095379435,1.1056446,1.6754782,0.025145851
-0.95537937,-0.09437907,-0.20352867,-0.43886927,-0.04776542
0.712518,-0.3200439,-0.3132496,0.69164276,0.20013262
0.23081015,1.7092372,-0.0022513866,-0.06768769,1.4336723
-0.12639786,-0.6019548,-0.31453347,-2.2317593,0.29457712
0.35900742,0.11580337,1.0040678,-1.0774974,0.49410483
2.284503,-0.25067472,1.3445097,1.3777752,0.74614483
3.7691693,-0.15848622,0.41109475,-1.0398198,-3.436418
0.120682344,0.34934187,0.65985173,-0.20748526,1.0629216
-1.5736831,-0.65056336,-2.7027738,2.9495537,2.223327
0.575603,-0.66121876,-0.37119713,-0.7285227,0.21925959
1.1631842,-0.54659075,0.03364279,-0.80573994,0.76549387
0.51483625,-0.20801762,0.16833544,-1.0402582,0.043685224
1.1489273,-0.60295844,1.2084111,2.5522704,1.7702668
0.67976356,-0.2746928,0.76502365,-0.9041237,0.49558574
1.9551257,0.20809448,1.2304906,-0.5686951,0.07774844
1.5095648,0.18032712,0.41555464,-0.92208296,0.6562921
0.8376288,-0.31419542,0.08636069,-1.043186,0.070970036
0.9163652,0.12855685,0.52397585,-0.06413735,0.85990214
-1.0708987,-0.54449415,-0.9651742,-0.951421,0.58461064
2.2342134,-0.7492912,1.5136809,3.8106582,1.6364275
0.67179555,-0.43868828,0.5710754,-1.3070693,0.67422825
0.45044154,-0.45163196,0.5406907,-1.445289,0.43665537
0.010856911,0.61828744,0.5002562,0.92995936,0.24462247
0.3792039,-0.49092317,0.44508725,-0.53491133,0.53458214
-0.10214851,-0.1340461,0.21332577,-3.1311047,0.6068423
0.07799104,-0.017275495,-1.1793919,0.5311967,0.13312908
1.3021852,0.38576317,1.0927007,1.2487748,0.70839494
1.1832293,-0.31934902,0.26215893,0.005356014,0.50332296
1.305796,-0.3016385,0.82332057,-1.0767558,0.26979056
2.0878563,0.09468958,1.4640315,2.1291409,0.81165045
0.62522805,-0.14028046,0.0485055,-1.4807415,-0.073396884
-0.37050447,-0.61489546,0.40337586,-1.9739468,0.4486296
1.9036608,-0.14322254,1.1742046,1.08998,1.0305159
1.9667634,-0.23979656,0.2668273,3.479809,0.93461555
1.6020391,-0.37138897,1.0353541,-1.2852787,0.36142394
1.3978407,-0.100294866,0.32026565,2.6825955,0.38762242
2.362365,-0.19581527,0.9487925,4.0281334,1.6256645
0.37810194,-0.44193372,0.66606265,-2.0866528,0.43912402
1.5555326,-0.24823987,0.74044085,-1.3263551,0.23721103
1.6883593,-0.1257556,1.583621,0.94814676,0.95794326
2.0258691,-0.2837215,1.1542044,2.581303,1.1161838
1.5282772,0.5551999,0.3605376,1.3117069,0.72418237
1.7425176,-0.101994015,0.8426173,-0.06266706,0.19604051
-1.2707796,-0.4342806,-0.9139166,-1.807807,0.59916484
0.9888077,-0.6569629,0.27163938,-0.20882569,0.55750215
1.8308522,0.046873644,0.7942175,1.0266582,0.5837121
1.5716991,-0.034166142,0.97392136,0.29805318,0.45288768
-0.3245627,-0.11468176,0.09747694,-1.5276843,-0.04513719
0.2237855,-0.37335497,0.2542307,-1.2641429,0.18361114
0.617138,-0.521153,0.50882643,0.0035149455,0.5308895
1.3566405,-0.22809573,0.7124947,0.30030417,0.5885449
2.648461,0.22590667,1.0617183,-0.25480488,0.2882833
0.33850244,-0.7091354,0.33872306,-1.044247,0.65164036
2.363021,1.3070434,1.8278553,0.87830275,1.1892741
2.272838,0.8398018,-2.280451,-0.22294092,-1.9882258
-2.3379018,1.1270494,-1.4752187,3.587212,-0.18915606
-1.3319613,-0.5923932,0.33590406,2.3892264,1.2677277
1.04421,-0.16891511,0.31711823,-1.1309906,0.43941954
-0.24635719,-0.45032543,-0.73284876,-1.6153321,0.13867496
-0.25907087,-0.5796909,0.13541612,0.037428156,0.104298465
2.254703,0.18473044,1.0133371,1.8097758,1.266401
0.42403123,-0.31802654,-0.23760064,-2.3422995,0.33592916
1.7758973,0.40571463,1.2558433,2.3798482,0.783279
0.24817425,-0.8228579,0.10875053,0.65398926,1.0236751
1.1801611,-0.36099625,0.31567922,-1.627747,0.3257546
0.29162785,0.033917,-0.534493,2.6963255,-0.5995899
1.0642412,-0.635083,0.96898645,-1.2392741,0.84712553
2.1193707,0.07895157,1.0114478,-1.2542969,0.20552193
1.8049358,-0.33501062,1.1486259,3.7973616,1.1660757
2.1012921,-0.03269363,0.14946838,0.90544647,0.21106073
2.1988523,-0.09617986,1.2970116,2.7627697,1.3615477
1.8737923,-0.14483392,1.1000047,0.76086164,0.8558583
1.6252762,0.4016773,1.0849088,0.9291024,1.1203303
0.2520083,-0.061451316,0.9894176,-0.81877494,0.34763315
-0.023410646,-0.28090623,-0.74835277,-0.4318652,0.07125179
0.7289416,0.02561504,0.40159526,0.81979114,0.44486228
1.2785279,0.30135685,0.44156033,2.1444442,1.1196762
1.3120726,-0.21262123,0.8455491,-1.4438872,0.2710419
2.103005,-0.16774988,0.7254125,-0.5257939,0.4005702
1.8789692,-0.081328444,0.8469326,0.2756306,0.49335313
0.68478227,-0.33954915,0.5552073,-2.4526901,0.35742128
2.6784356,-0.062519394,1.3734612,2.9391456,1.2039882
1.6082927,-0.23472437,0.26109004,1.8468313,-0.14079237
2.4123337,0.39721322,1.0536563,-0.36553055,0.004535675
2.3703547,0.10511488,0.798657,2.09831,1.4524891
1.2417538,-0.15605554,0.24117194,0.28799105,-0.49311897
0.4478256,-0.6088848,-0.14030708,-1.6925403,0.68137443
0.60390425,-0.047172256,0.3116181,-2.2448497,0.065289244
0.38793457,-0.19376594,0.22692287,-0.38242254,0.3640898
1.0091114,-0.14105695,0.5235753,-0.8410808,0.0051959753
0.82234746,-0.36890954,0.62323606,0.1677246,0.83771557
2.8288848,0.8334727,1.179526,1.828611,1.0478843
0.4996486,-0.89911216,0.55668736,0.53432333,0.9699182
1.1160768,0.5989611,0.98137367,0.6898536,0.98640084
0.25098315,-0.3254953,0.21487482,-2.3495424,0.104791954
0.8307422,-0.32355723,0.7409305,-1.6821574,0.14896381
0.7652088,-0.74894893,-0.13658252,0.59834653,0.31962943
-0.39802188,-0.6459863,-0.29492947,-2.3391457,-0.10451972
1.4598362,-0.028793734,0.42810547,0.87568456,0.23264195
1.6537873,-0.13290726,0.9976103,-0.16850054,0.7202222
1.9913211,-0.42405552,1.6215267,2.3751345,0.5091627
0.8612474,0.21578775,0.18158218,0.7675752,0.6753754
-0.7990769,-0.8678659,1.2091341,1.7470142,-0.34262544
-2.7634635,0.40906537,-0.44372332,3.699013,-1.0495355
-1.9834841,-1.1711837,-1.6976291,1.7085637,1.7345195
0.026448667,-0.27189407,-1.1201155,-1.6956682,-0.02467569
1.820227,0.023998572,0.4231703,1.2567844,0.65789706
1.268195,0.0143057015,0.5703886,2.033704,0.64445156
2.846623,0.92403543,1.4428922,0.5399592,1.0906713
1.5655552,0.4942947,-0.028796889,1.6162477,0.43010223
2.159771,-0.23366131,1.3482766,1.7114768,0.5953922
1.5154524,-0.1418126,0.44128639,-1.2163486,0.407553
0.81429005,-0.4439816,0.063919656,-2.1153743,0.6269196
0.7758922,-0.24805939,0.50003326,-1.1263492,0.35803565
2.259932,0.46188623,0.7427284,2.743706,0.90355134
1.1129855,-0.38564056,0.5923439,-1.1360654,0.19818552
-0.877952,0.1539213,-0.36751455,-2.687419,0.30763394
2.6822207,-0.13102259,0.9060458,0.33077738,0.26080725
0.73697215,-0.19947594,-0.076368935,-1.5273006,-0.07377456
1.221278,0.10878253,0.586885,0.47452232,-0.12957874
1.3171203,0.41968775,1.4551284,0.025034392,0.8858317
1.8938656,-0.10281052,1.2041126,-0.15141599,0.8409547
0.40169019,-0.42808253,0.12450964,-1.835833,0.10557584
0.63553774,-0.2340801,0.07386051,-1.7167399,0.17410976
0.1848866,-0.50769484,0.6698495,-2.217922,0.4760527
0.98358613,-0.22432557,0.1663628,-1.4364241,0.4537258
0.97123677,-0.4595322,0.7572164,-1.6490605,0.6625297
3.7527976,0.9115899,1.458354,2.3467224,1.2026259
2.4374335,-0.029646669,0.6453911,2.102089,1.0145667
1.6548,0.20800301,0.69690245,-0.96325606,-0.36946034
2.0730007,-0.1162706,1.1964694,1.4731494,1.1578878
1.8131208,-0.120951004,0.22335377,-0.8311933,-0.07078422
0.7482938,-0.13271655,0.59183824,-1.745294,0.067812026
-0.9394977,1.0623877,0.5153403,0.7304681,0.53065187
1.4031649,-0.37004018,0.42386982,-0.03813429,0.6589267
2.0169182,-0.28567347,1.1617706,1.9607563,0.750852
1.7248173,-0.05926361,0.12879592,-1.0470835,0.45358667
-1.0526966,-0.43109354,-0.6187075,-3.246084,0.7677964
0.927015,-0.46946827,0.3184553,-1.9026703,0.257538
0.69951516,0.49601927,0.4827019,-0.5536857,0.67129225
0.65830624,-0.4667093,1.1773498,2.2100718,0.9388245
1.9844314,0.14285725,0.4493951,-1.2117934,0.9552263
0.736768,1.2609602,0.40178996,2.8603606,0.39559382
0.70842177,-0.18616015,0.11922793,-2.4762685,0.7565255
3.426569,0.3108355,1.8879223,3.5533857,1.384546
3.0535228,0.3263381,1.7454827,1.4770148,0.5297456
0.3404632,0.060514662,-0.030466173,-0.2676109,0.26950452
2.527664,0.13362059,0.44900912,1.0619944,-0.08275683
2.958107,0.31444997,1.3474947,0.059866123,-0.14201787
2.5653524,0.19525817,1.5954828,2.583772,1.2547684
1.4788492,0.25556928,0.76835114,7.031972,-0.31753987
-2.5048676,0.17334484,-0.5826512,-0.34463504,1.6077745
-1.9638374,-0.6064928,-1.7786722,3.8720279,2.3530416
2.718692,0.57396114,0.8307323,1.8416508,1.450889
2.7426102,0.053683,0.18569724,2.648129,0.44339252
0.31537107,0.7600126,0.35389107,0.2740916,1.0342025
1.220976,-0.39929992,1.2386461,0.98523134,1.4117597
1.8636339,-0.41955623,0.9478289,0.5578142,0.09160685
3.0297432,0.9232443,1.723709,2.0590172,1.0515016
1.3971121,-0.37225145,0.52973014,3.0670116,1.1576954
0.4866963,-0.4178016,0.6754563,-0.28146026,0.71289164
1.1461897,-0.08079055,0.42955998,0.5470403,0.4101237
0.97476304,-0.19313496,0.72127587,-2.0682454,0.8082108
3.024466,0.13100828,1.3404148,2.1121383,0.8681797
1.1384406,0.11833056,0.91164666,0.017682908,-0.019444283
0.28779483,-0.4874821,0.06885272,-1.2151436,0.8289859
2.2450895,0.17538536,0.50037044,0.46852237,-0.035571497
2.333993,-0.036054097,0.64631754,-0.9326854,0.6989454
-0.9192967,0.18361263,-0.3635387,0.9573248,1.033789
1.2644134,0.019187905,1.0135223,-0.8703441,0.15255907
0.62314755,0.18044777,1.0997382,-0.99357456,0.31923193
0.8878868,-0.30213338,0.61159843,-1.2723615,0.69873726
-0.6524618,0.11648068,-1.7053502,-2.4146879,-0.21686311
0.4548735,-0.7035187,0.53787535,-0.09149063,1.4315454
1.0139893,-0.27472585,-0.09438646,-1.2801272,-0.1852748
1.7999101,-0.38457042,1.5585201,0.33835426,-0.16744648
1.520138,-0.1377856,1.2837561,-1.0818211,0.42539212
0.23266885,-0.2495745,-0.24722521,-2.6642628,0.27367336
0.75916415,-0.50763,0.35960925,0.63740635,0.74562144
0.7993282,-0.06741183,0.9160848,0.110325016,1.1500148
0.9136404,0.09780214,-0.021167329,-0.6862251,0.12053004
1.2622643,-0.4742213,0.7740224,0.30085096,0.8709696
0.3918344,0.4257488,0.61722785,-1.549051,0.34345588
0.7740883,0.29958877,0.73619366,-0.29126772,0.22432908
1.579074,-0.1427041,0.4670437,-0.5812464,0.46687922
2.3238995,0.012081558,0.5963807,0.9576078,0.9753458
1.7141858,-0.29222453,1.0983466,1.6003668,0.851065
2.1993117,1.4044423,0.5003456,0.9006802,0.34396142
1.9614872,-0.01569538,1.401396,2.600249,1.2398012
-1.0163211,-0.5774163,1.1944301,-0.10262054,0.85506994
2.065814,0.21944515,1.1050249,-0.7205447,0.4318053
0.98561066,-0.19244052,0.029630398,-0.28949365,0.336967
0.32284555,0.07918312,-0.6400564,-0.8082571,-0.2581654
-1.2168101,-0.56852835,-0.8756195,-3.373057,0.30223286
1.3308482,-0.11840357,0.91432,2.4979541,-0.092530735
0.91338366,0.21871893,0.9172937,1.1723083,1.0584948
-0.76173383,-0.048859328,0.72682494,-0.8600944,1.1538063
1.753927,0.15913604,1.3811768,1.6106081,1.3270634
-0.9575811,0.28014213,-0.520538,3.8057365,-0.804955
-0.0022561848,0.89937216,-0.7677338,4.202499,-0.683286
-0.48754996,-0.9022468,-0.35441864,3.097124,1.812759
-0.121399075,-0.14454728,0.1424938,1.3048589,0.55876005
1.2127403,-0.044788122,0.8891698,2.0855098,0.90739095
2.15689,-0.16297506,0.6370564,3.3079743,0.8411706
0.27788144,-0.5321151,0.3749714,-1.4046786,-0.12278487
1.3662453,0.012420112,0.20620215,0.7305546,0.12301648
-0.3421639,-0.64920366,-0.051384266,-0.20370789,0.51208395
2.9760368,0.07675855,0.80761933,3.256584,1.0872717
1.0567833,0.35275006,0.44748336,1.1654993,0.62564284
0.9812563,-0.4018951,0.6561936,-1.5905344,0.29837605
-2.8518753,0.07593545,-0.7345484,0.56608087,2.1046743
1.6592454,-0.3073868,0.9750881,1.1775358,0.9925819
0.3184877,0.45801744,-0.5739855,-1.2970868,0.8902725
1.3244545,-0.17778072,0.63219106,-0.21558583,0.88037205
1.9638658,-0.14216241,0.71818745,1.4175326,0.03495009
0.87178653,-0.30586654,-0.10207924,-1.4150363,0.018134056
0.20110974,-0.6175957,0.40111417,-1.1817857,0.61565214
1.8775754,-0.29485884,1.1343945,2.9944074,1.384922
1.9779278,0.041585624,1.5266594,-1.1072228,-0.04812841
2.21925,0.3158487,1.1560299,1.829764,1.5308878
3.0310345,0.63714397,0.30074337,2.150996,0.61757946
-0.10666499,-0.6795126,0.19755433,-1.512513,0.6232007
2.4200618,0.46790117,1.6469462,1.1237087,1.4017751
-0.74721956,-0.6483314,-0.37901732,-1.7215017,-0.2794038
1.9162402,-0.4338472,0.7834402,0.9321999,0.6572163
1.1098257,-0.33032256,0.174926,-1.6217026,-0.32374457
0.5472495,-0.35982564,0.59118086,-1.5266304,0.6863913
-0.7546791,-0.3093894,-0.95512533,1.3325015,-0.26449215
-0.77744865,0.7643653,1.6073941,1.1578261,1.5273551
1.7573591,-0.23924643,1.1818262,0.573614,0.9004007
1.8787981,0.71414536,0.9718995,1.1351194,1.2159374
2.6475308,0.84420615,0.8944593,0.07304761,0.6410065
1.1807071,0.9049715,0.22321336,0.80812246,0.6934804
1.7834536,0.0008147955,1.3651919,-0.73260015,0.9813542
1.1818866,-0.2738375,0.76941735,0.23297387,0.9423038
2.2429857,-0.05109921,0.8208474,0.66907954,0.72261035
-0.4965605,-0.43807554,0.17810461,-1.5985075,0.24091244
0.48327675,-0.09815259,0.90220404,-0.94426227,0.2753819
0.74078923,-0.54252946,0.5847602,-0.18932997,0.9546894
2.1633291,0.6296978,0.9007769,1.3860769,1.0945852
0.43775192,-0.18281537,0.55861884,0.1959623,1.0567331
-1.011876,-0.13650791,-0.2782936,-2.4300747,0.4113697
0.1997735,-0.54108447,-0.10691142,-1.732965,0.71837294
1.6000226,0.014413585,0.7057001,-0.6668116,0.3999688
-0.29038277,1.151327,0.42273676,1.1112368,1.5318532
0.6913458,2.0335886,-2.1672885,-3.8162308,0.02701526
1.088792,0.54665405,-0.93848515,8.602391,1.9706743
1.9600472,0.56702286,1.4262595,1.7332877,1.601582
-3.62483,-0.22004807,-4.0359263,1.7863543,2.898786
1.5770067,-0.38834852,1.137615,2.5447955,1.3718467
1.8632591,1.1101086,-0.69293046,1.1165454,0.9112608
0.3109421,-0.6302192,0.33470288,-1.0332597,0.21287128
2.357711,0.06861967,0.4982225,0.047298312,0.04097316
0.47098845,-0.52199024,0.67336154,0.112158194,1.152386
1.8077291,0.118619606,1.2682401,-0.86499965,-0.06982921
1.2719146,-0.22114128,1.2052891,-1.012825,0.9711769
0.9475897,-0.26610407,0.30606925,-0.0022993684,0.44396883
0.80101776,-0.031313196,1.0071272,-1.0165577,0.27629444
2.2661214,0.085679285,1.2850448,2.7623343,1.1493987
-0.20461,-0.07057817,0.5214263,-1.8385292,0.41222084
0.6411545,-0.55988467,1.6748208,-0.31224945,1.5121617
0.024716945,0.5648752,0.64211404,1.3811289,1.0996236
0.014798348,-0.5690601,-0.028696097,-1.9716704,0.52799517
0.36769864,-0.34623724,0.24616653,-1.020424,0.19540358
1.409981,0.007288455,0.46296805,1.3194661,0.19295262
0.61338663,-0.65452063,0.47472066,-2.0422883,0.2759168
0.7374339,-0.0719815,1.3830559,0.06906357,0.84762985
-1.0512602,-0.06007748,-0.5095009,-4.3276906,1.1091745
3.6057281,0.48115087,1.0115122,2.5204062,-0.6397695
0.08429825,-0.7798279,0.16153423,-0.030813297,1.0538157
3.9269757,1.5856391,0.89208406,1.6540124,0.43138623
0.35919243,-0.60722923,0.43304402,-1.7284712,0.49027374
1.4676824,-0.15455714,0.880038,0.6581753,0.8413407
1.210246,-0.36829764,0.1542132,-0.89153177,0.18988547
1.1286999,-0.36591816,0.47129136,1.0744126,0.93673694
0.8922081,-0.3970829,0.5653807,-1.6207774,0.241978
-0.2031286,-0.26929602,-0.4126376,-2.89806,0.22030355
1.5371866,-0.42501193,0.7768409,2.3483036,0.43464726
-0.5372757,-0.09431649,-1.1830457,-2.7113872,0.31562316
0.15794481,-0.21520898,-0.23042966,-1.5565217,-0.19257149
0.7282556,-0.38118064,0.92798865,1.4173559,1.2972442
1.5455856,-0.045277767,1.0889848,1.7539556,1.1405995
1.1094247,-0.3116263,0.28514254,-0.2442754,0.25975293
2.0588663,-0.05644619,1.1990199,0.6825141,1.1742721
0.3036768,-0.6608752,1.0094738,1.2587131,0.30038697
0.67295784,-0.64176506,0.46988225,-1.6132816,0.7500202
2.1120687,-0.28834426,0.66456735,5.0538316,0.87785673
3.7105544,0.3608477,1.3977895,2.5764174,1.0369854
3.7373586,1.1943871,2.1798234,2.227769,1.48985
0.48905367,-0.24855798,0.019629411,-1.3509476,0.5136944
0.38310146,-0.59601927,0.080685906,-2.702479,0.16752686
2.8274224,-0.1421782,1.6496673,3.6255214,1.599808
-0.038312387,0.34927192,-0.33987555,-1.1340309,0.028582176
0.5059187,-0.49750644,-0.16047204,-1.2367718,0.694922
-4.252139,0.7171664,-3.95371,2.86634,0.63822925
-0.13481395,0.30616426,0.5990383,2.8145902,-3.1720421
0.60640526,-0.8777535,-1.0341505,2.4451697,1.5616028
-0.089711905,-0.38453355,-0.20972718,-0.18961516,0.86389416
1.3737311,-0.37436533,-0.46271,-1.8505145,0.032449767
3.5809398,0.99156404,1.3145375,2.441895,0.97447556
1.6102433,-0.19295621,1.0277934,0.23715934,0.22636172
1.7795027,0.10074572,-0.01534408,2.1988242,0.43259075
1.7097172,0.42857724,0.98362017,1.1729546,0.97486234
0.6004275,-0.39861766,-0.17565072,-1.3784692,0.5082892
1.8369322,0.2583349,0.68427837,0.3538433,-0.077838324
1.3137827,0.8662302,0.6373437,0.9404328,1.6646346
0.87681115,0.2043371,0.33831772,0.19140995,0.7837575
0.7480551,0.5566767,0.6639532,-0.2815773,0.39159995
-0.021372415,1.0837009,0.6363426,-0.97197986,0.8806699
0.899328,-0.18295214,0.805268,1.3687449,0.74739546
0.6587108,0.19049099,0.81030864,-0.7100166,1.1223799
0.978971,-0.2949083,0.3735733,-1.3313184,0.26918563
0.38532484,-0.8127911,-0.19577762,-1.2218181,0.5039312
1.1547565,-0.2201547,0.9036572,0.25766662,0.6549583
1.3312216,-0.02821587,0.9351694,0.9957981,0.45251787
2.9011254,0.91752267,1.2650099,2.3637164,0.42848638
1.0937798,-0.41316044,0.70838946,-1.1415142,0.66794324
2.0427365,-0.23278591,0.500375,0.6236466,0.022050912
3.1134732,0.49494234,0.80500233,3.5667396,0.36852103
0.6824497,-0.41419458,-0.027964512,-1.5987175,0.6738171
-3.0365312,-0.39001194,-3.1345341,-3.5889516,-0.1592552
2.6920328,-0.062002636,1.4795704,0.4009801,0.74627525
1.8832532,0.31829718,0.5501268,0.34692532,0.40934685
2.1074133,-0.107094124,0.7296701,-0.21353635,0.32683825
1.269277,-0.46776527,0.446476,0.61843014,0.4700572
-0.25142595,-0.40125722,-0.49486697,-2.7096844,-0.30025303
1.6823317,-0.15568489,0.87312764,2.009319,0.58085173
1.8833258,0.30167425,0.9774906,1.7099721,1.0101333
1.3915547,-0.37133512,0.5231362,-0.22508973,0.15491931
1.833288,0.051404383,0.65890723,1.1240603,0.7179091
0.68624425,-0.1387662,0.44453374,0.26720968,-0.004054278
1.1680532,-0.024176193,0.34150016,0.2840604,0.24341172
1.9255013,-0.07222497,-0.007161855,1.4146582,0.38099724
1.6178743,-0.25056303,0.7087332,-0.6782172,0.53643364
2.6240866,0.18538766,1.2889868,1.5265361,0.06481217
0.8526228,-0.73018426,0.017955596,-1.2842554,0.58025557
1.1153125,-0.1042078,0.006378174,-0.576128,0.06530307
-0.12067045,-0.18786544,-0.94623154,-2.8333719,0.17033045
1.311058,-0.30160427,0.8020213,-1.9462116,0.50744253
1.3505145,-0.08840927,1.2078303,-1.5588641,0.0476401
2.5774806,0.09103225,0.9942017,0.16127019,0.316114
1.6901159,-0.16032276,0.3479317,0.09214857,0.019006964
-2.2656348,-0.5125414,-2.9203568,-2.0295832,-4.3958273
1.7217551,0.8501139,1.0723245,0.08593108,0.1775183
-0.34578556,-1.1212418,0.8206202,1.8493607,3.4192133
-0.77545315,0.40053952,0.048146505,1.0404605,1.3708655
0.84081286,0.09995903,0.3191029,-0.36957505,0.8332752
1.4439516,-0.1722112,1.11286,-0.14411086,0.5424606
0.78695345,-0.2493818,0.63007563,0.65941,0.7119475
0.97742605,-0.3596146,0.026413005,-1.8961792,-0.06737557
0.5232413,-0.55926406,0.34031707,0.3543812,0.4329295
0.3033824,-0.49385157,-0.17326477,-0.9049394,0.2164889
2.334955,0.66156834,1.3432218,0.6141968,0.75913036
1.65257,-0.04413099,0.80838007,-0.8518683,0.08880665
0.11282568,-0.791215,1.484576,-0.56221884,0.6413892
1.5507448,0.025401955,1.1493435,0.77088183,0.83785284
2.078921,-0.0050953026,1.047423,-0.2103097,-0.18051891
0.56037706,0.7674236,0.4192821,-0.12956846,1.5810633
0.36269587,-0.68902934,0.3707998,-2.570752,0.4696027
1.5152578,-0.01940099,0.88804096,0.43009818,-0.2637118
2.3582423,0.11218316,1.3609569,-0.20581146,1.2705234
-0.5168453,-0.33913922,0.390813,-0.6700931,0.1772668
3.8734062,0.5331488,1.5157087,4.0418515,1.2679598
1.982841,-0.22243884,1.2174037,1.6253208,1.0858529
1.1203983,-0.31353742,0.44274426,-1.1045468,0.3591288
0.50628394,-0.39946896,0.809887,-1.6279168,0.11653719
0.63646483,-0.3435609,0.813302,-0.3961175,0.63178056
-0.09923196,1.0430067,0.4408246,1.4950426,1.4927187
1.1178075,-0.47128993,0.31634608,-1.1926086,0.7333603
1.5499699,-0.15106721,0.029491102,-0.8121788,-0.27861828
-0.20687944,-0.6790018,-0.83022815,-2.1328957,0.64423466
2.098967,1.0077853,0.9087316,1.894802,1.7364312
1.8562496,0.019647155,-0.07351851,1.6967227,0.47934818
3.8056595,1.3163297,0.37354162,1.6522448,0.9249077
0.9212223,-0.5938238,1.2927192,-0.9567912,0.9899325
2.2727265,0.07969658,0.78065103,0.8703834,0.44940293
2.2778263,-0.06384912,0.99899143,2.3223994,0.8234764
0.358144,-0.45115846,-0.25809518,-2.0129209,0.30448404
0.11069065,-0.55499834,0.3821372,-1.9686747,0.12202865
0.56963766,-0.091181554,0.6178953,1.2668523,0.8572719
1.9302232,-0.23857923,0.7812728,0.25960693,0.3004855
1.3986489,-0.1624343,1.1518868,-0.66521317,0.62170357
1.296762,-0.1802431,1.0937392,1.5752069,1.4607892
1.2520376,0.32538933,1.1213084,-2.2572846,-0.2895182
3.5018692,1.1759789,1.0841142,2.2869437,1.2037327
0.8832159,-0.11415135,1.4183902,1.1770467,0.8583651
1.2433791,0.38339528,0.754626,1.0779984,1.4901129
1.7533855,0.6476861,1.1979167,0.72803026,1.240593
1.8015088,0.21312764,0.98383594,1.1312864,0.16986808
1.3192295,-0.41200042,0.36594775,0.4931198,0.89876795
-5.098471,0.20651354,-7.01167,6.883746,0.53821
-1.0934192,-0.008750556,-3.6369147,3.2779188,-4.6554008
-1.3597,-1.1690373,-1.3922749,1.4487267,3.3549552
1.1495341,-0.34369755,1.0077336,1.2144325,1.2972081
1.332677,-0.28001377,0.7860472,-1.0319805,0.15971239
0.87563676,0.181551,0.28886417,2.0141633,0.42416513
1.6363881,-0.4714428,0.63641614,0.76950765,1.2905871
0.19324632,-0.15824398,-0.21782798,-2.812166,0.27545533
1.2872509,-0.4699331,0.9972364,0.48374733,1.2149177
0.13724464,-0.51023364,-0.2969505,-2.6990287,-0.03446005
0.4881897,-0.4774838,-0.10969612,-0.9857207,0.7932687
1.657731,-0.05718139,-0.17808083,1.6953515,0.2499529
-0.6256918,-0.74952495,-0.540848,0.03170826,0.26372823
1.7296753,-0.15783638,0.6553634,0.63082343,0.7412684
-1.5965897,-0.17582095,0.47718453,0.08043741,1.5366029
1.629476,-0.24872416,1.2412871,1.3401111,1.4059907
-0.3791736,-0.41861492,-0.24469793,1.1926086,0.007820755
1.0097548,-0.31185228,1.2795378,0.19723487,1.0456375
2.8326523,2.0640059,-0.6036768,-1.339411,0.26500553
1.6158831,-0.004650652,0.6366153,0.95390713,1.0107685
1.2767041,-0.21428941,0.62084335,-2.0345101,0.5050199
0.7181006,-0.3829995,0.22535573,-1.6253414,0.3346364
3.235371,0.45235854,1.2659817,2.2395694,0.85261154
1.7645075,1.6012375,-0.7602432,-0.4160181,-0.21910748
1.0411537,-0.32764238,1.3600488,-0.36738122,0.73848814
4.0969977,1.3093612,1.6350797,2.63386,1.302378
0.97531575,1.4094851,0.066812,-0.24865654,0.7599422
1.8704343,0.032830417,1.0049419,0.1560992,0.29935688
1.7277666,-0.1519843,0.39672315,-1.1914153,0.06443362
1.8970189,-0.25991753,0.62389106,-0.3308039,0.3296571
0.8052951,0.1285944,0.8932694,-0.6105867,0.33669478
-1.2979136,-0.7448843,-0.26931372,-2.2005935,1.2247624
0.715597,-0.3897548,0.4880245,0.3595704,0.32214758
1.4540964,0.031183857,0.9795473,1.1404907,0.64495945
1.3232347,-0.18760565,0.50543255,-1.4476537,0.79361755
1.7366214,-0.027127795,0.12634532,-0.3881682,-0.1043944
1.6295615,0.31105793,0.78414905,1.0552057,0.49304983
1.3096238,-0.12928243,1.157297,-0.6989113,0.96105546
-0.18436061,0.0031498075,0.6933467,0.7182847,0.42851403
0.2507316,-0.16309603,-0.12436015,-0.82598424,0.8721509
0.83825666,0.37674648,0.6643411,-1.2386093,0.6603426
-0.17378727,1.331541,-0.13682373,0.19589247,1.7218341
-0.30533722,0.70416325,0.20047696,-1.8442391,1.2062435
1.5583419,-0.18214625,0.53334564,1.6854287,-0.05483943
6.4794116,3.7487564,-0.85734975,-2.6954765,-1.0040095
-0.31603283,-0.79441196,0.18964244,-1.2992344,0.036697637
2.1889615,-0.18621705,0.7280971,1.3780677,0.58988136
0.7656084,-0.21962747,0.50245506,-1.0548509,0.2883049
-0.09890982,-0.19853874,-0.45446464,-1.0963243,-1.5949646
2.2898486,0.7856965,-0.37838224,0.5824291,-0.18328965
-0.117236055,-0.76208895,-0.5622826,3.9036384,3.9229155
1.0920388,-0.025935115,0.23620223,2.2911563,0.66264457
0.18668406,-0.45655853,1.2392393,1.5014985,0.8800724
-0.011252291,0.23739198,-0.3371743,-0.3496158,0.028843185
3.6522808,0.35885537,1.3057213,5.5224047,0.54691786
2.0427628,-0.03829252,0.67502755,-1.2383107,0.33754253
-1.3577337,-0.15572749,0.5682795,-0.6760043,0.03439523
0.70655024,-0.1782735,0.7042163,-0.440005,0.55951685
0.18810743,-0.3276587,0.12484031,-1.5332595,-0.11480868
0.80580974,-0.28510293,-0.2128049,-1.5957651,0.14823957
0.0249507,-0.57535636,-0.58515394,-2.3730464,0.49990234
1.7395873,0.00562936,0.9251472,-0.15543635,-0.15357542
0.7204298,1.9201845,-1.2499472,-2.954393,0.108582586
1.3005532,-0.40170288,0.78968865,2.7942796,0.8312838
1.6607229,-0.29421628,0.74435896,0.48722613,-0.08580162
1.4756329,-0.28649744,0.117645904,-0.82439196,0.22674456
1.7980552,0.069381975,0.9699861,2.020536,1.2365565
0.5007041,-0.46621564,0.20938633,-0.6626964,0.34895617
1.5797315,0.4111147,1.248514,-0.95365655,-0.19609323
1.6216882,-0.25980914,1.2629342,1.0989807,0.44811893
2.0583,-0.34330043,1.5015135,3.1287148,0.7226199
-0.7529902,-0.6035847,0.4521636,-0.608469,0.9994731
0.81780916,-0.23121199,1.3160579,-0.94372773,0.7406146
2.1864254,-0.18965921,1.2625159,3.0669334,0.54248226
1.8169725,-0.3925332,0.71081525,0.45311427,1.0008163
2.9566078,0.4555331,1.344743,0.8266457,0.40548006
1.7017796,-0.23754121,1.0795684,0.8315443,1.0099744
1.3127893,-0.1142616,0.94000465,0.9122667,0.9661085
3.6652274,1.0467105,0.29096782,2.6554844,0.7218883
2.067406,-0.18077968,1.3333571,-0.3548837,0.27508548
1.6079441,-0.43551743,0.72097623,1.2180232,0.9690808
1.9353846,-0.09551294,0.37712568,0.079923056,0.1226051
2.0178924,0.076328225,1.0384874,-0.9577925,0.30103165
2.6646538,0.2843433,1.7471277,-0.5148171,0.7043793
1.7744098,-0.11370586,-0.007558226,3.4414864,0.73614407
0.87420076,-0.29272684,-0.2997572,-0.89780074,0.12871794
1.5740756,-0.25715405,0.43998587,0.3646111,0.501302
1.4367526,0.39509878,-0.08654415,1.7113649,1.0509958
1.873564,0.14417423,1.1977972,1.3909482,0.579739
0.99034035,-0.28732467,0.56226116,-2.4110224,0.5692327
-0.14158769,-0.20732322,0.43690148,-1.3131847,0.4696442
1.9541818,-0.15521412,1.0913892,0.25910047,0.662084
1.6113473,0.11540198,1.2162409,1.0244435,1.3873581
0.5467584,-0.51678056,0.09103097,-1.5184407,0.3947453
2.16954,0.18407173,0.3610391,1.9239547,-0.12717095
1.5797113,0.85811824,1.1750485,0.54469824,0.645774
-2.3234603,-0.28783563,-0.41730574,-6.194158,-6.041193
1.4837242,-0.4371847,-1.7149805,-1.0708611,-0.53686213
-1.4040622,-1.3923787,0.5292911,-0.6253582,2.9984443
2.0573945,-0.23796089,0.6772829,1.9940411,0.35814628
0.20485494,-0.50668204,0.43728182,-2.0570657,0.5659774
-0.90028864,-0.3371915,-2.023755,-1.429968,0.43697938
1.5628414,-0.26096794,0.903691,-0.4866637,0.25219724
0.87328565,-0.23884372,0.46444735,-0.48582104,0.32462168
0.913383,-0.024546634,0.6333483,-0.4854749,-0.14653443
0.68517405,-0.44824138,0.26481864,-0.958844,0.5513914
1.2206315,-0.48872307,0.8028081,1.4953173,1.0946379
1.3093483,-0.055463046,-0.13862543,-0.5986542,-0.19130194
1.1201633,-0.4562284,0.91143876,-0.21671973,0.18553321
0.6211636,-0.3540936,1.1775044,0.18068743,0.68605185
2.833093,0.4532982,1.372436,1.3122019,1.4987258
0.678188,-0.7215071,0.5354402,0.28421968,0.41132998
-0.74589926,-0.01153707,-0.056063667,0.19704409,1.088064
0.9232747,-0.46034947,-0.1142497,-1.4929236,0.56973296
0.9869708,-0.22802633,0.6347329,-1.7130746,0.6549393
4.425526,1.4994168,1.2758174,1.5975999,0.84712636
0.41297206,0.047269706,0.8974323,1.8162392,1.0527705
-0.62399894,-0.060527775,-0.5859391,-3.1711853,0.21797016
-1.2396662,0.09161872,0.48464513,0.97513014,0.981267
1.7594278,-0.42357597,0.5669874,2.152784,1.1901343
2.262845,-0.040519014,1.2037032,-0.7536143,0.23515853
0.31705403,-0.108216345,0.38858634,-0.28291175,0.22314338
0.96684116,-0.25484437,0.41623154,-0.7115295,0.52191794
0.78066915,-0.2288836,1.3651165,0.53191054,1.0892161
1.4674245,-0.17223236,0.94242,-0.14061664,0.88263
2.7129683,2.012068,-0.2741858,-0.5658616,1.0936747
0.59337664,-0.4274364,0.3845756,-1.9026644,0.23267566
1.0411073,-0.025745276,0.7870455,2.2628613,0.8422656
2.1685102,1.4994615,1.0736487,0.9320152,1.3120606
1.3449932,0.22420256,0.77560747,0.095965415,0.4458257
-0.14235447,-0.86023694,0.19237939,-0.034198422,1.3295076
2.0259209,0.09215124,0.5103078,-0.8927022,0.05358538
1.2981809,0.08807401,0.9573156,-0.6419689,0.24641396
4.231588,0.6592063,0.8128453,5.5044622,0.95170647
-1.0725652,0.025285428,0.3058349,0.21034904,0.45711547
1.7451212,-0.011728102,0.36616966,-1.1921569,0.27544236
0.56796724,-0.34229818,-0.073684976,-1.9100884,0.38775808
-1.0855685,0.22977777,-0.5699179,0.25051817,0.064080134
0.5758677,-0.4107654,0.4253108,-1.8247921,0.5557777
1.5116425,-0.44951674,1.2128595,1.418797,1.0370268
1.0769595,-0.40775895,0.09470241,-0.79495454,0.11960528
1.3482134,-0.20687191,0.64191836,-1.1680355,0.20564292
0.33590242,-0.29136664,-0.5670462,1.300397,0.4104045
-0.0090674525,-0.7674069,0.24174942,-0.1604736,0.9370348
-4.9484353,-1.2609125,6.2553425,-5.0500855,-2.4250815
1.1705608,-0.061782707,0.406765,4.2165275,-1.6617463
-0.51158756,-1.2492671,-1.5364987,2.9227984,2.6933305
-0.97548264,-0.3859051,0.34827814,-0.61850685,0.9381925
0.39253294,-0.6015794,0.18936616,-1.3254919,0.8472758
0.6909824,-0.41606712,0.54179966,-1.852645,0.24246974
4.0343885,1.3875911,0.52023584,2.3709977,0.72791624
0.7199722,-0.25582156,0.42659324,-2.2927222,0.34005374
1.4791989,0.0338866,0.80869436,-0.6888135,-0.0652564
0.96365666,-0.1818802,0.35722622,-1.4493881,0.30894142
0.73428804,-0.41662169,0.40705025,-2.436324,0.48619992
1.5596342,-0.13379908,0.5579852,0.39138272,0.48977265
1.0781486,0.01659958,-0.13290213,-1.2560508,-0.13919437
1.7326062,-0.12624308,0.35030347,0.16249263,0.42614216
1.4362885,-0.06050125,1.5869689,2.0337706,1.5292486
-1.1712055,-0.57827824,-0.8907349,-2.9894445,0.3466895
1.8349347,0.8546805,1.174657,0.5316451,0.81985795
-0.04126998,-0.49496794,-0.57901704,-0.5550572,0.6353155
1.1323237,-0.52130574,1.1243893,-0.98078406,0.6790595
-1.9739105,-0.34769818,-0.73428947,-2.4103065,0.35513565
-0.6527748,-0.5955423,0.76714027,-1.3259995,0.98483926
0.6148422,-0.3303041,-0.028176287,-2.257645,-0.23972848
1.4613208,-0.240039,1.3573221,0.7369519,0.9019773
0.9884525,-0.33407265,0.7859262,-0.07351574,0.06541024
2.395229,-0.12529045,1.4108186,0.95713216,0.77225196
0.3617242,-0.5482054,-0.22973895,-2.0231528,0.6162318
2.2054005,-0.12529314,0.10279836,0.12947208,-0.21884216
1.3942082,-0.13274665,0.36927038,1.4725487,1.2557949
1.7542806,-0.07193144,0.6576257,0.08188508,0.77016544
2.6895914,0.29496932,1.1138136,2.3373618,0.29770544
0.56879914,-0.15957879,0.4994583,-1.0489658,0.5215611
-0.25704226,-0.3402439,0.13312069,-1.2845353,-0.1636611
0.6807412,-0.17844214,0.5794402,0.54306215,1.0435746
-0.027155094,0.876158,0.37459555,0.15537243,0.4101885
0.23413315,-0.13094363,-0.6975618,-1.9805281,0.10927917
0.2923753,-0.72069323,-0.11177757,-0.77672935,0.6030843
1.4180027,-0.036001943,0.8293148,-0.36864087,0.018719163
0.4421614,-0.21474874,-0.5401453,-1.1481712,-0.25295338
0.8676222,-0.58841515,0.21896257,-1.2759486,0.5622815
1.3916986,-0.46407008,0.49654755,-0.4283046,0.584792
-0.82805854,-0.5055097,-0.8933395,-2.956767,-0.14885578
1.8974439,0.0029751658,1.5215274,1.8983486,0.90049654
0.60748786,0.0029918551,0.40208992,0.23447163,1.1682216
0.74973595,-0.42169732,1.0389323,-0.16714337,1.1207204
0.91964495,-0.36898363,0.5076642,-1.0772655,0.30216458
-1.4484247,-0.679442,-0.26273525,-3.3127596,0.9206892
1.3990891,-0.002797246,2.3189216,0.40716523,0.9875111
0.409031,-0.63248044,-0.07249361,0.16814846,0.7430726
3.7147503,-1.8790293,7.3312464,-7.2905326,-1.7365725
1.3559344,0.5031262,0.97039837,2.2924168,-0.81976557
-0.6715318,-0.5932393,-1.1187658,0.51618874,0.8425031
0.7809334,0.009338257,-0.019187741,-0.40160745,0.049134415
0.5587807,-0.7935354,0.8517157,-0.12045765,0.4313534
0.9608313,-0.18682213,0.21795706,-1.1528507,0.3393028
2.515818,0.812096,1.6728913,0.7966147,1.2779504
0.22419554,-0.6652075,0.07287753,-1.0881311,0.48438025
1.1793027,-0.16246974,0.72843635,-0.9093558,0.12506217
1.8585427,0.30310762,0.735652,1.6119248,1.2471269
1.6072441,-0.27066442,1.2686368,-0.9206718,0.022879744
1.462439,-0.48492455,0.80422,0.7685915,1.1121718
2.0891876,1.2012651,0.057214268,1.4927164,0.95813054
-0.8923009,0.41435584,0.13239932,0.61681974,0.8128664
-0.25969985,-0.40619332,-0.40479988,-1.9091611,0.428616
1.3225976,-0.5243938,0.45521957,-1.3655688,0.7861895
1.4352083,0.5722915,1.3030872,1.6923872,1.2699127
1.8687913,-0.021859968,0.41575837,-0.5006043,0.08358998
0.36092898,-0.493554,0.21487369,-1.2986265,0.330345
0.17179166,-0.39053267,-0.057116874,-2.6687837,0.23508161
-2.1993563,0.48002142,-1.1595514,-4.6661234,0.6310342
2.7596786,0.04072167,1.1088635,0.96533924,-0.19883715
1.3335555,-0.23267807,0.5043688,-0.24202828,0.5848041
0.34473613,-0.31362915,-0.05930935,-2.3609934,0.3977014
2.18644,0.15666723,0.3227779,0.3113447,0.08738754
3.0346038,1.6493607,0.9633296,-0.25585026,0.37977105
0.6650314,-0.29679012,1.2872102,-0.68440354,0.1908802
1.0109549,-0.69989294,0.95552295,1.865015,0.66300744
2.5798566,0.22980101,1.0522383,0.33311683,0.5268193
0.07129094,-0.08583693,-0.18857461,-1.0201204,-0.34191683
1.1842527,-0.3209683,0.34223038,1.1898919,1.3354007
2.1397784,0.21039689,1.8908993,3.29484,0.44179744
2.089181,0.18931957,0.53665894,1.8538469,0.95626664
1.3129467,-0.38504034,0.28879738,-0.33710733,0.31440815
2.8765013,0.42768806,0.9574105,3.789033,0.88545007
1.7444652,-0.33531994,1.1376771,0.6644493,0.97843546
2.8872004,0.10142486,0.98944587,-0.009537756,-0.07149292
2.8403263,0.86044836,0.90764236,1.483259,0.2055686
0.22742048,-0.2990022,-0.5442405,-2.4729834,0.47523102
1.7571621,0.04217659,0.13227588,0.044893716,0.14462183
2.185805,-0.19263329,0.807079,1.7981291,0.3888244
0.02446285,0.3932441,-0.6544698,-1.5363674,0.20934352
2.8945274,0.54557055,0.7818245,3.098518,0.86067754
1.2686391,-0.5618181,0.25918782,0.29538226,0.7803884
1.4677811,0.19385144,1.3380607,-1.1177783,-0.15006313
1.6886543,-0.3639779,0.12040454,-0.52575064,0.6399621
1.2260842,-0.2075234,0.56251913,-1.3070202,-0.10714879
2.034678,0.22116779,0.9656497,-0.07180647,0.8135728
-1.294614,0.57165235,-2.7724485,4.076926,0.00011149049
-0.5516305,0.94411904,-1.5336353,1.4019808,-1.449983
-1.7697911,-1.240097,-1.3270632,2.5695243,2.8120797
1.1606988,-0.43579018,-0.041955225,0.90827674,1.1062307
2.3211207,0.39635208,0.66774344,0.9732179,0.15026622
1.5919381,-0.3332662,0.36218476,1.9377899,1.0101289
0.92768556,-0.25773597,-0.23394893,-0.2495426,0.4648176
2.1180143,0.26041192,1.0116624,-0.95604044,-0.45819467
-0.6141278,-0.3364824,0.5748907,-0.6327287,0.25717327
0.61415184,-0.22371344,-0.46974194,-0.49576867,0.20822263
2.613372,0.57930785,2.4752765,2.7405434,0.8128543
-0.040432286,0.23851043,-0.009338497,-0.45347023,1.0222042
1.5211494,-0.2245022,1.0018815,1.6851991,0.8404789
2.6337101,0.6237561,0.2228329,3.4102726,0.84316623
0.68449074,-0.6537292,1.129357,0.8406886,1.0008863
1.9570652,0.58488894,0.32011962,1.187458,0.50949365
3.248956,0.49058735,1.2238458,2.7214873,1.0950322
0.52978075,-0.46923187,0.81516266,-1.1323208,0.36038783
-0.32204053,-0.5652018,-0.5618764,-2.8855302,0.105419405
0.53545946,0.635803,0.3810459,0.8486948,1.1566237
0.39761427,-0.57552,0.20887677,-1.6147317,0.43364233
2.0701509,-0.21054582,1.0382413,1.4351314,0.8388874
0.03649868,-0.20078613,0.45987028,-1.3682235,0.032263085
0.9915367,-0.5042484,0.6908574,0.35418746,0.88630664
0.52798617,-0.38907516,0.017118689,-1.5069249,0.12291536
2.7557254,0.18397847,1.5689967,2.245306,0.80417514
0.92974716,-0.21510082,0.6479826,-0.9891067,0.017090885
3.2081666,0.14070268,0.97574776,6.818691,0.27415127
3.3372653,0.17710534,1.239537,2.7984157,-0.33440304
-0.0061433315,-0.36954048,-0.35635114,-2.5140605,0.11246568
2.0633104,-0.6291271,2.1328053,4.7555637,0.6388201
0.70748466,0.010247227,0.9147889,-0.12921736,1.2463843
0.37407982,-0.7819206,-0.19386734,-1.9272254,0.82347375
1.8530395,0.28927895,1.1412001,-0.33389562,0.14175686
0.019824693,-0.6269325,-0.7254328,-2.0948455,0.56191605
1.638099,-0.09436476,0.74756235,-1.4232497,0.54736364
1.5046653,0.09957879,1.872964,-0.12401484,0.05791448
0.882554,-0.63297594,0.6174484,-1.1888301,1.0594243
2.1347866,-0.09737602,1.001948,-0.05529199,0.08446807
3.1886384,0.236765,1.3656809,2.371027,1.4696013
0.45154142,-0.4024197,0.6739044,-0.39678815,0.27543113
1.5965213,0.2934132,0.8592755,1.2869205,0.9617219
2.5274084,0.14631568,1.6205869,3.2378821,1.1120483
0.96555007,-0.24362838,0.18971266,-1.5737723,-0.03630958
0.3384039,0.13168646,0.37671813,-0.4130219,0.68539107
0.3931176,-0.709018,-0.0031788945,1.1663834,-0.25005832
0.8567342,-0.5131573,0.25557813,-0.495457,0.15967178
2.4463527,0.55616564,0.6536011,2.8020518,0.7292844
-2.3805246,-0.13682197,-4.3614182,3.582339,-1.0505997
-1.847511,0.94446194,-2.2181752,0.32469022,-2.115778
-0.8815128,-1.3603773,-0.21526547,1.6198875,2.9896407
-0.14337745,-0.30781734,-0.5479338,-0.53632915,-0.27765813
1.8178314,0.008149443,0.7299562,1.297406,-0.07220766
2.8616047,1.5655123,-0.021356454,0.59567034,0.34130502
0.6553385,-0.448239,0.29627907,-1.6008663,0.5938752
-0.29370984,-0.4302383,-0.75322276,-2.0894268,0.11708944
-0.12033626,-0.70661545,-0.35483184,-1.3142776,-0.010058343
0.47581413,-0.4488544,0.25111467,-1.2544373,-0.42708227
2.7512982,0.15784234,1.5614144,2.1099305,0.9639804
0.6060125,-0.58518386,0.10524332,-1.9493321,0.5401219
1.7509662,1.0686289,-0.9558166,1.756172,-0.98441976
1.1755701,0.2822281,1.7386427,1.0451235,1.4306729
1.5590734,-0.17945212,0.86292595,1.067457,0.9708669
1.6658773,-0.71320057,1.1069087,2.9890504,1.2518276
0.48482397,-0.12660483,-0.44182065,-0.7096204,0.13767415
0.67072296,1.2111195,0.0024903417,-1.0711135,2.334851
1.0608536,-0.23992404,0.9945044,0.54426366,0.6005471
1.796211,-0.036551192,0.3946007,0.8847517,-0.0009394586
0.21768102,0.32239914,0.13634358,-0.5369436,0.4549355
0.3402836,-0.7173121,-0.14436117,-2.3976126,0.539696
0.97230554,-0.38817054,0.65452415,0.4628429,0.948381
0.3362559,-0.7136157,0.36110476,-1.8246342,0.49285457
2.076959,0.025204664,1.593831,-0.107857496,-0.006734371
1.5884106,0.46764496,0.9041283,0.8852234,0.82743233
1.2413806,-0.33503714,0.6495821,-0.5531095,0.25237784
0.09190296,-0.35986674,0.25470966,-1.1187685,0.33936587
-0.7045157,-0.531162,-1.2527132,1.271138,-0.3208859
1.6648705,-0.13146389,0.5267676,-1.1305388,0.3172046
0.26698348,-0.49261153,1.2880535,-1.5762637,0.53302526
0.3351827,0.29634917,0.2508225,-0.19355977,1.2745639
1.5460476,-0.26761043,0.60352075,0.54951596,-0.21274164
2.359305,-0.23996276,0.96511775,1.1615645,0.7196642
0.77063257,0.39459056,-0.0049399137,-0.34733737,0.58774924
-0.9285586,-0.68072706,-0.7196599,-2.1993458,0.2650038
1.9314594,0.29553744,0.83955765,-0.86666846,-0.31159788
0.6490545,-0.4175353,1.0858457,-0.7741334,0.7773683
1.8955243,-0.23964494,1.1188313,0.1744091,0.6793238
0.61847836,-0.5249644,0.08508894,-0.46658134,0.4706041
1.4644961,-0.22901165,0.7084064,0.17781281,0.86254793
1.3333789,-0.34338173,0.46656156,0.010874301,0.7025818
2.3213577,2.4586384,-1.0331388,-2.6469152,0.09867475
-0.058296565,-0.7993399,0.24571587,-0.72013676,1.06302
0.9936676,-0.2909694,0.13368464,-0.70402116,0.20979291
1.8903753,0.12540965,0.5526603,0.7961822,0.1390509
1.122558,-0.58308935,-0.049974326,-1.5569593,0.468781
1.4808607,0.12066732,0.4884229,0.19570562,-0.24042502
-2.8518677,-1.222245,1.6745869,0.22961546,-2.4603398
1.8759547,1.6156332,1.6344827,3.110338,1.1123599
-1.2511526,-1.7850052,-1.0377705,3.4897735,3.2468576
0.7424407,-0.21144278,-0.3357478,0.63101417,1.5255892
0.57491696,-0.20980588,0.39390337,-1.3321688,0.3959438
1.9567386,0.13472934,1.0849303,-1.8434234,0.45473242
0.5669345,-0.28087023,-0.17227845,1.4068578,0.19762203
0.72515386,-0.36290407,-0.31680232,-1.2116215,0.3697265
0.8857129,-0.08443453,0.557975,0.88671917,0.04619332
1.4074379,-0.3315327,0.40609032,0.2754526,0.88691366
2.274624,0.11899237,0.43967122,0.11370813,-0.2590875
0.57060355,-0.3973135,0.21133398,0.51202375,0.7786491
1.2981842,-0.23820007,0.61475927,0.10816729,0.7030889
1.1159859,0.0598951,0.7076261,-0.5519552,0.51112664
2.0212426,-0.23780273,1.1875097,2.219496,0.66122276
2.6165214,-0.021153953,0.70459294,2.3859923,0.7326347
-1.540607,-0.44959998,-1.0601536,-3.6070511,0.2612601
2.516626,0.075517654,0.78709406,-0.6002361,0.23463309
0.9012881,0.022817215,0.52043617,0.50686365,0.7732746
1.0206063,-0.27868623,-0.16620313,-1.346175,-0.24044836
2.978986,0.8170888,0.57208467,3.4044423,1.3926826
4.9509077,3.2886539,-0.50684035,-2.5187254,-0.48572296
-0.15704162,-0.9046396,0.27834684,-1.5409395,0.30187508
1.7655734,0.0069609275,0.90198374,0.008703768,0.6519833
0.17482415,-0.12157586,-0.8694129,0.9065157,0.115894176
2.420646,-0.0173199,1.3031278,0.06542177,0.10273071
-0.65176857,-0.6649998,-0.6641126,-1.6867913,0.63465637
-0.1297709,-0.21229266,-0.21893086,-2.1317823,-0.36864462
1.3722836,-0.37460372,1.4342108,-0.39878526,0.5211723
1.4034615,-0.24329212,1.0751907,-0.22366178,0.9115268
0.54340893,-0.50315297,0.08245029,-0.88312715,0.14471518
0.6440745,-0.057963975,0.00048017502,-0.26440695,-0.2838189
0.7152865,-0.395069,-0.09892535,-1.1828014,0.30306157
1.6673332,0.44866624,0.17196931,2.1261673,1.1762152
2.7559187,0.2198199,0.65499806,0.9716399,-0.22513452
0.7567889,-0.5037588,0.14859416,-0.9436776,0.47894207
0.68293786,-0.41768405,0.07442675,-2.111631,0.46384645
-0.82900184,1.3178688,-0.68425345,0.97405905,1.6884931
1.249564,-0.3084036,0.7520875,-1.2479558,0.60282516
1.4602327,-0.036090754,0.9522459,-0.42729574,0.11894327
1.780483,0.28834665,1.1374571,2.026979,0.4126002
0.18859884,-0.45907214,0.10549472,-2.8272324,0.08525454
1.4039044,0.043764133,1.3157717,0.16248575,0.039942957
0.49129725,-0.63165474,0.065352246,-0.9861452,0.56694245
1.6042997,-0.30668473,0.6754924,0.3975433,0.36079487
1.8361732,0.095150284,1.0775195,1.4333822,0.61607116
1.983208,0.26094562,1.1872659,1.5645682,0.4730839
0.7400414,-0.55635315,-0.00456959,-1.2952987,0.15161705
6.0165133,0.12776008,0.7249681,6.2450757,-0.42053077
4.6365523,-0.105771944,2.6055129,-0.5647909,0.5911574
-1.1596714,-1.1773083,-1.5184319,1.367977,1.0764238
-1.8854301,-0.7078221,-2.3829212,1.0140345,-0.06472747
2.9116755,1.5151725,0.44692764,1.8008647,1.6727792
2.8875468,0.43698388,1.1025531,2.3702521,1.1699767
0.583962,0.5565209,1.2485502,0.67855436,1.3248787
-0.051572964,-0.34824765,0.43867743,-2.1295247,0.37768075
1.6949382,0.0066012135,0.7992279,0.57164764,0.28599927
1.7094762,0.5302323,0.44022468,1.6232625,0.96359533
0.7931081,-0.3700506,0.07179262,-2.3601568,0.30609828
4.4512954,2.6107101,-0.47094277,-0.6008192,-0.08989475
0.55701447,-0.92981696,0.4264223,-1.1985637,0.8940466
3.7083583,1.8923737,0.15779616,-0.042233415,-0.26338428
0.6937177,-0.6138278,0.7242285,1.9259874,1.0983108
0.501463,-0.581612,-0.10757391,-2.1070802,0.36790147
1.1476036,-0.027548302,0.10911743,-1.8853102,0.010639994
-0.13539745,-0.3113214,-0.6858165,-1.9972503,0.32114777
1.0311797,-0.03163387,0.25838506,-1.290925,0.17971519
2.1434448,0.15479192,0.66414887,0.19079432,0.075672485
1.0184814,-0.2948243,0.10674382,2.9296832,0.26262465
1.1338261,-0.22817703,0.3712741,-1.8406596,0.56020457
2.2096505,0.10910525,0.86376685,-0.20835856,0.012703001
-0.31220278,-0.38228172,-1.2353928,-2.5479522,0.42459545
1.9763197,0.0011467934,0.5277951,2.1551657,0.4334367
3.1413043,0.6770624,1.8415618,1.5362164,1.1444248
0.49119824,-0.39750037,0.5690636,-1.4523319,0.5123734
4.8288126,1.3757572,1.7863872,2.650599,0.7494925
0.4356775,-0.22176117,-0.22813672,-1.9673693,0.45783958
1.2499018,0.4329807,1.0758286,1.3930551,1.1714238
1.4844931,-0.21340348,0.75076795,0.47602868,0.48970264
1.2879,-0.22118865,0.55118024,0.098172314,0.8712131
4.1507206,0.62736696,1.7859113,2.4867752,1.3851324
1.1552486,0.43339834,0.61881727,1.6733319,0.2600217
1.1849859,-0.3765477,0.5906514,1.7848089,0.67962956
-1.2885916,-0.32634526,0.01380956,-0.32332233,0.09683129
1.5230973,-0.094359994,0.25509804,-1.2977173,0.0107221
1.9376903,0.80470276,1.9075297,1.5306363,0.8583289
1.8933,0.42069775,0.60491794,1.9356552,0.8615014
1.9460058,-0.08051668,0.57003444,-0.75891834,0.45667136
1.5003988,-0.20441695,0.909814,0.7719316,0.6690429
2.6536558,0.08085254,0.6944415,0.69435596,0.48977178
-0.022400059,-0.4342934,-0.55411994,-0.87821627,0.22546381
1.8747965,-0.41965112,1.6096733,2.9144592,1.6080571
1.4607484,-0.039100744,0.25206578,2.4229996,0.56616837
1.8833988,-0.3624972,1.0715817,3.2659078,0.38352826
2.6286652,0.2096757,1.1611004,-0.8393785,0.02055141
0.99626243,0.22370748,0.8679122,0.57569045,0.85884005
-3.7872555,1.6716466,-7.543611,7.276702,2.232135
-0.05070617,0.20234504,1.0618302,1.2412599,-2.4623363
-0.69447625,-1.4269385,-1.8315399,3.0852835,2.654634
1.5699117,-0.21235135,0.6387215,0.86182123,0.13994542
3.7588048,1.589012,0.49788412,2.2116542,1.1164773
-0.063072845,-0.44833747,-0.31885836,-1.5374479,0.04570415
0.30179542,-0.6313249,-0.18133985,-0.6169122,0.5681148
1.6882885,-0.11137978,1.096193,2.7565274,1.133047
0.7468623,1.1711843,0.09116687,-3.540516e-05,0.30660903
1.1385672,-0.05676596,0.87076795,-1.3887699,0.16298874
2.0889564,-0.7082873,1.5383214,3.6877456,1.5979995
1.0696201,-0.17806435,0.5923598,-0.64232284,0.24406421
3.0493724,-0.043365985,1.1615585,2.7960567,0.721751
1.9783161,0.7404448,0.94358695,1.0741179,1.4671651
2.1569788,-0.04067041,0.9501323,2.7180567,1.0421479
1.6470088,0.0041988487,0.76618487,1.891577,0.9013677
0.30279797,-0.37727085,0.3943324,0.5589389,0.2954439
3.0927324,0.2335669,1.8170666,3.487492,1.1195934
-0.50733083,-0.6360314,-0.17008273,-2.1547368,0.41161942
1.3533483,-0.3788246,0.77825874,0.5009425,1.0114323
0.20805396,-0.2285306,1.119399,-0.057269756,-0.114730895
0.04228823,0.15398388,0.26605165,-0.84829867,0.78504086
1.3198965,-0.34677094,0.60672694,-1.2258792,0.49953687
2.5871549,0.021484759,1.5115337,2.1788278,1.0062737
1.0083128,0.9958308,0.30554277,0.58392155,0.4040707
-0.22915733,-0.8391884,0.4131685,-2.7451982,0.38926682
1.3007524,0.02324726,0.757992,-0.03827788,0.46655783
1.0054002,-0.21168557,0.7633231,-0.19520013,0.8700085
0.20116338,-0.31416535,0.92713904,-1.7344618,0.5398999
2.0805812,-0.04749441,0.81453186,0.08507644,-0.15862864
3.7131126,0.4391614,1.5383662,2.2768621,1.8861665
0.6812353,0.077113174,0.75933415,-1.4922149,-0.17477521
2.3923287,1.1283622,0.7359234,1.707732,0.8765244
1.4693323,0.08579163,0.15814607,-0.79167265,0.13851507
-0.5831426,-0.61593246,-0.6782986,0.668126,0.76048714
2.028953,-0.07259957,1.4227473,0.9138488,0.83055323
1.0991524,1.4749974,-0.06863189,-0.36226282,0.95834553
0.48119062,-0.45331177,-0.11846692,-1.1119038,0.2813465
1.7645206,-0.3598795,0.51413286,1.8351643,0.55209726
1.028969,-0.5831752,0.59490997,0.18539225,0.7059963
-1.1548749,-0.41336897,-1.0504861,-2.716818,0.3480877
-1.4100435,-0.3068092,-0.3583923,-2.9416754,-0.17775077
2.8329782,1.1028363,0.7652125,1.5931315,0.5873527
1.9546503,0.03946135,1.3433208,2.055128,0.8407414
1.1198566,-0.29562023,0.8395938,-1.0567383,-0.12989074
1.0038866,-0.05683033,1.6468642,-0.98839337,0.5608551
0.97534335,-0.054173835,0.9565667,-0.94597316,0.6517863
0.5079479,-0.36439252,0.23761536,-3.049926,0.44411486
3.452849,-0.720453,-0.74824756,1.3335896,-2.2942162
1.3392297,-0.38252604,-1.4206864,0.19059074,3.0787063
-0.5963371,-1.3416681,-0.7188536,-1.0359007,2.875768
0.73959005,-0.08377357,0.3294418,-1.4236631,-0.32770413
0.7056457,-0.4375928,0.739612,2.1361964,1.0000852
0.7430216,-0.5305995,-0.054591447,-0.91264105,0.24543051
0.5840047,-0.43327993,0.57288915,-0.96505624,0.2414517
0.8918753,-0.360345,-0.033170547,-0.99790674,0.6273818
1.9043022,0.37858683,1.3137023,2.8180914,1.1769174
1.1097767,-0.3210621,0.43744704,-1.4660246,0.40291798
0.66516906,-0.055026155,-0.4279459,1.0429089,0.37101403
1.7201557,-0.24127391,1.5394632,-0.2815232,0.454945
1.723668,-0.02728992,0.5141441,-0.35823303,0.4919992
-4.513119,1.7615618,-3.1074135,-3.3023527,-0.17066577
1.9414248,-0.2836709,0.68434286,-0.7057434,0.9046134
1.5486943,-0.19392414,0.24896896,1.1710509,-0.13170825
0.5243005,-0.19900018,-0.13477518,-1.5954629,0.105324335
1.2623191,-0.42179817,0.77659446,-0.87661725,0.71139646
0.28618777,-0.65886784,0.06990026,-1.8275766,0.47541246
0.44853893,0.36547646,1.0444727,-0.31902498,0.49492043
1.4037093,0.3139581,0.77028793,1.3872883,1.4773587
1.533554,0.07829953,0.97421956,1.9082643,1.1385517
0.71194875,-0.41040275,-0.07774602,-1.8705529,0.6100266
0.28525418,-0.2973553,0.38610834,-2.3956854,0.16260588
1.5485039,-0.18882295,0.9955107,1.0413369,0.16410187
1.9629811,-0.16325662,0.9064492,1.5575619,1.2794178
0.6593214,-0.34314358,0.05871027,-1.9345204,-0.023169274
2.226864,0.06958432,0.44114265,0.4980459,-0.29661053
0.68074054,-0.2684806,0.32687634,-2.0545042,1.0146401
2.6572044,0.07166323,1.182105,0.6560597,0.5680371
1.3113012,-0.26676315,1.0141637,-1.3013328,0.7613146
1.0474719,-0.37585902,0.93133724,1.4734086,1.2754748
1.8548093,1.1691031,-0.35379937,0.25798723,-0.8260895
0.59954286,-0.3053583,0.6319704,0.9671001,1.3323545
1.6263978,1.0062865,1.1470563,0.5641282,1.1728336
0.22713669,-0.4919325,-0.48085827,-1.9644411,0.27825186
1.1424809,0.35684717,1.0910289,-0.85692096,1.038659
1.0913196,-0.36219838,0.9115337,-1.4749811,0.79965764
1.1518677,0.32262656,-0.15644065,-1.442518,-0.101490505
1.4270229,-0.28112632,0.8282501,1.6109653,1.2862364
1.1948831,0.014464249,0.61330557,0.22626886,0.18302865
0.40212515,-0.42207453,-0.073663466,-1.6712317,0.55534315
0.6870787,-0.36422375,0.103498206,-1.2638748,-0.065145776
3.7887301,2.296932,0.55993026,0.4930962,1.3172381
1.2855867,-0.42785406,1.2379189,0.40715343,0.7924568
1.6109321,0.080092326,1.1479285,0.5827496,0.7606927
1.0057794,-0.5763318,1.0209448,0.76085377,0.6722908
4.1735964,0.6885976,0.40443313,4.520526,0.5898053
2.0669756,-0.36525652,1.0939152,-3.6144457,-1.4805965
-1.107259,1.1628959,0.8937068,4.6755342,-2.8852513
0.7479458,-0.88294715,0.5456289,2.460392,2.9553359
-0.30564326,0.0474214,-0.25669795,0.9121251,0.47768143
1.3715862,-0.23706703,0.5618674,2.1686032,0.63852555
2.2536433,0.054559167,0.506631,-1.1250811,0.29524598
1.806076,0.30836904,0.505531,0.20721482,-0.034733158
1.3061618,-0.060402013,0.50434273,-0.3403918,0.38996592
0.024792673,-0.24029039,0.5858644,-1.2532735,1.1015619
3.067229,0.41870567,1.2273824,2.1278813,1.3179264
0.9219033,-0.2160776,1.2101865,0.91082597,0.32145455
2.295215,1.153695,0.077571616,0.798553,0.7197765
1.8469234,-0.25515857,1.5094497,1.3991358,0.46207082
0.1756926,-0.59002185,-0.07075867,0.16495225,0.10179126
2.7615318,0.087868094,0.933703,-0.5580275,0.27359903
2.5958424,0.36245972,1.1155788,1.1491505,0.60019547
3.1599884,0.23024394,0.7625114,0.7865202,0.24025217
1.584377,-0.30036056,0.39477953,0.5581622,0.95163226
-0.5134479,1.5214909,1.0491493,1.0397726,0.84238476
-0.42042682,-0.71731925,-0.14627382,-3.2843308,0.82135195
1.7717249,0.010414418,1.0164143,-0.14214198,-0.06964339
1.5623193,0.05556377,1.2862182,0.17241074,0.66487586
1.295098,-0.18320626,0.47599277,1.210997,0.581967
0.91072136,-0.3797153,0.74571246,-0.008433312,0.7537021
0.66361004,-0.25308508,-0.072118774,-1.9650095,0.2849104
-2.4201334,-0.71488917,-0.9374458,-3.3007338,0.25357908
0.7971668,-0.59710497,0.2555487,-0.8451291,0.70969224
2.0806983,-0.26273313,1.4543573,2.9838123,1.1823542
1.6305335,0.35641497,0.9346768,1.8564292,0.8729893
2.933313,0.084582336,1.0104359,3.522101,1.117568
2.3542812,0.051284876,1.6240574,0.7249338,0.12338811
1.1436872,0.71956265,1.1584557,1.3839898,0.5264962
1.2293737,-0.18263009,0.35199144,-1.9313537,0.16000797
2.7675273,0.258734,1.1983432,1.1516219,0.09292916
1.1422427,-0.37094402,0.57042706,0.04383648,1.254564
0.9271301,-0.16742513,0.21004988,-1.460897,-0.029542377
1.5928721,-0.07750684,0.96518546,1.9696585,0.65740985
-0.32536784,0.18000804,0.52907836,-0.43034497,0.5470863
0.92135304,-0.20271325,0.61542785,-0.86929154,0.20387384
2.8303893,0.12988672,1.0319859,0.25294328,0.35158142
1.8997886,0.12068848,0.76252156,0.48375914,0.28283808
2.520801,-0.05855702,1.1555008,-0.1443469,0.14708582
2.711465,1.0531328,0.49082896,2.1441915,1.1567445
0.44320798,-0.5852967,0.47101635,-2.26532,0.2163515
2.8466525,0.3296709,0.91864055,0.30715153,0.32497165
0.46824658,-0.39880332,-0.24788308,-1.9411379,-0.012823998
3.0700026,0.29746187,1.0681374,0.4885024,0.05139274
3.0671465,-0.13616674,1.0894905,3.6311665,0.88813114
3.366744,1.0369029,1.7171415,5.0493903,1.7415165
-0.69897217,0.0060975547,-0.2333001,0.30375588,0.16796762
-0.09268901,-0.89844024,-0.665496,3.5808249,2.658511
1.1028221,-0.52356786,0.12784807,0.72587353,0.7479163
0.8500892,-0.3793168,0.25251755,-1.5262544,0.47705325
1.733455,0.2980306,0.091754615,0.80744624,-0.0046566725
1.8713094,0.36975327,0.870412,-0.5839304,-0.18441056
2.7027273,-0.09775238,0.7049028,1.8762025,0.27629703
1.7461296,0.025682095,0.61587024,-0.9645256,0.23035786
1.8371762,-0.4235715,1.1124762,0.9153878,0.63701206
2.356765,0.25778928,0.78904766,-0.16324496,0.26508158
1.0074652,-0.37754643,0.13245368,-0.6386244,0.41974622
0.74664176,-0.3915197,0.6064984,-1.8295091,-0.19961496
0.6688266,-0.326041,0.22734863,-1.8350309,0.40065145
1.766192,-0.3131379,-0.015581902,0.66036165,0.13939315
1.8732524,-0.47855392,0.4217554,-0.69888085,0.05404171
1.2264445,0.21159202,0.6225381,-1.1432105,0.89609987
0.6304886,-0.24373978,0.40377545,-0.44125178,0.11868485
0.77716905,0.585041,1.1753497,0.8766988,0.225768
2.4937148,0.23714952,1.1804285,2.2661679,1.581034
0.7848531,-0.40063384,0.095645756,-0.33981654,0.37669396
1.3401487,-0.3053937,1.0016081,0.23264049,0.9008186
1.8570621,0.045532566,0.3510948,-0.30730397,0.29722324
1.7317744,-0.037981387,0.40803054,-0.4825458,0.6086141
0.24548487,-0.24683766,1.8916248,-0.85896623,0.52070403
1.5040009,-0.22286835,0.058404498,-1.0645528,0.37872723
-0.048471898,-0.3813306,-0.7826103,-1.9718899,-0.37269044
0.66675234,0.5869104,0.22343983,0.97855747,1.1097907
0.9699942,-0.23339055,0.32020563,-1.3801059,0.72597545
0.6799421,-0.6083973,0.12803832,-1.3772293,0.4114924
2.2499352,-0.033092976,1.172844,0.5384116,0.66605836
0.20111114,-0.1669508,0.40190881,-0.0021262765,0.52934384
5.656518,2.817478,0.46115148,-2.2422907,-0.46165952
0.92512614,-0.30632058,0.36663154,2.1980917,0.5681511
1.6830089,-0.26440984,0.9801957,0.9601568,0.92438966
1.9995129,0.39673892,1.2055451,1.7885115,0.55146486
2.2436774,0.20914662,1.4321423,1.3041303,0.41554934
2.061324,-0.059011787,0.7429772,1.0527475,0.9051763
0.89160514,1.432717,0.35246465,0.83930284,0.7814602
2.700066,-0.266538,1.2383789,1.2581377,1.1149273
1.4333068,-0.27435002,0.6565601,-1.0815411,0.5045982
0.6541298,0.11886335,-0.46886367,-2.0538623,-0.15618974
-0.5747179,-0.48089248,-1.045263,-3.132331,0.5824923
2.3613777,0.084213704,1.0384141,2.967426,1.1790771
2.4624667,0.057953246,1.4042288,0.9331236,-0.06559
1.7431248,0.29591206,0.9328444,-0.042557962,1.0820528
-2.1745372,-0.4878252,-1.779989,-4.0699887,0.7521812
3.091737,0.18384978,0.9399933,0.41416058,0.102673665
2.5945344,0.49045402,3.2458997,5.687859,-0.6071429
-0.72697866,-0.146984,0.6527154,4.1529517,-1.5151119
-0.47614095,-1.1768384,-0.92849135,2.6209507,2.5964224
0.17675164,-0.7590237,-0.13373446,0.17602295,0.7707035
0.36655352,-0.2569655,-0.18492723,-1.6152724,-0.65092856
0.9185329,1.3133281,-0.18668693,0.4892025,0.7235441
0.5542719,-0.5416047,0.62663096,-1.996626,1.2576643
0.8738807,-0.13779959,0.35638964,0.22557947,-0.68216914
1.1155732,-0.5605537,0.66477096,0.21996506,1.0270752
1.6937249,-0.25373107,0.98386306,2.3093874,0.34184167
3.11973,0.19970414,1.7145716,2.782982,1.2437142
1.0633996,-0.33899456,0.01604962,-1.6555929,0.1534769
1.9320328,-0.21476066,1.1808279,-0.021185067,0.09505611
0.6675339,-0.24102876,0.22439663,-1.1768482,0.7542903
1.2489424,-0.010014471,0.7497729,-0.58898485,0.1374097
1.7604029,1.4574659,0.22580752,0.2770831,1.6174554
-0.20853838,-0.68834656,-0.21521226,-1.52712,0.6188304
0.52294934,-0.5918299,0.5603365,-1.2485636,0.022562558
0.8722912,0.6062069,0.9274362,-0.68986934,0.44317994
0.80738354,-0.29043195,0.65250725,-0.8429167,0.27232265
0.41631198,-0.19412017,1.0149361,-1.2668847,0.28837836
0.30752948,-0.47601965,0.44006965,-1.3421788,0.26398143
2.121622,0.29704234,1.3385601,-0.32984415,0.45266044
-0.10102717,-0.73353356,0.4999382,-2.442796,0.6615571
2.9683454,0.7110678,1.1428306,1.5792025,0.5289905
0.6732628,-0.32871798,-0.09881097,-1.0357013,0.3418261
0.8633673,-0.41440937,0.5655866,2.2569997,0.779207
5.7410464,3.212844,-0.83023494,-2.2783883,-0.7001478
-0.16597007,0.028837841,2.0602074,0.096813165,0.16688474
0.9764695,-0.2731207,0.88680696,0.82774454,0.5843471
0.2679104,-0.5561104,0.7468896,-1.9945074,0.29273558
0.4627257,-0.15128858,0.45595866,-2.712909,0.46332195
1.5535764,-0.13176364,0.80674434,0.15848704,0.8307519
1.0664995,-0.26751304,0.2835404,-0.7049432,0.2677035
2.109441,0.1350586,0.9335663,0.6080797,0.54662234
2.1774392,-0.024536502,0.43050742,2.5949302,-0.12106587
-0.27103004,-0.5065991,0.21861722,-2.1048431,0.7134582
1.1504954,-0.26814914,0.6745741,0.9774747,0.7444736
0.66152143,-0.18918522,0.24104398,-0.65822935,-0.0692225
1.6876172,-0.008310972,0.83538914,-1.3138033,-0.15775749
0.5031244,-0.3699592,0.24996197,-0.2916414,0.60972506
1.2908128,-0.13403745,0.097350106,-1.5812012,0.07947092
-0.72282946,-0.6513667,-0.1417396,-2.2940016,0.11021602
0.8631433,0.18789583,0.06506573,-0.40952718,0.43631923
-0.097234145,-0.6295976,0.35223597,-0.11650216,0.5178866
0.12641461,0.00428915,0.83814025,0.6987541,0.7196262
0.5455116,-0.49209273,0.79098874,-0.45577705,1.0642362
1.8985877,-0.107638255,1.0601943,-0.35467228,-0.116189755
1.3049285,0.49270964,4.5232534,4.641176,2.9360442
-0.77705026,-0.68084455,-0.21708742,0.6735545,0.9951008
0.25944743,-1.0132883,-0.6327917,2.7461438,2.030455
0.7696806,-0.16906647,-0.4390068,0.46571806,-0.019044992
1.5314039,0.14105159,0.34124658,-1.6263754,0.3369912
0.76041627,-0.18679799,0.36953187,-1.5129262,-0.15378888
1.1050522,-0.16714863,-0.27011988,-0.82816416,0.3807968
0.6979977,-0.6611013,0.97923,-0.15973601,0.7835226
0.69405735,-0.33592993,-0.07665658,-1.6686597,0.22397389
-1.0671839,0.214276,-0.2875089,-1.3228625,0.6727313
0.24470894,-0.6264302,-0.43878722,-1.2283816,0.36192772
0.8698625,-0.17822853,0.6823296,-1.5889556,0.30188632
0.26758498,-0.53105533,-0.5605198,-2.0562556,-0.07384284
1.5297217,-0.3051588,0.57731086,0.96492654,0.33271277
1.3692403,-0.68465924,0.662373,2.3929517,1.1058545
1.9724746,-0.22183505,0.7590402,-0.05987989,0.5272443
0.9712079,-0.46930563,0.57997084,-0.87221235,0.30843672
-0.31721586,-0.59705925,-0.8251077,0.85828906,0.09331894
2.7812448,0.398501,1.7387527,-0.516761,0.0009420514
0.46538255,-0.5260732,0.95639724,-0.041953124,0.74204576
-0.2473922,-0.5899571,-1.0635912,-1.0635556,0.14621724
0.9938047,0.07804057,0.50923836,0.81639236,0.6254277
2.082407,-0.3681845,0.8922615,1.9151019,0.41213617
1.9316816,0.0044167037,0.50670457,0.63771504,-0.15485017
-0.45579118,-0.22142218,0.30243942,0.3939335,1.5083727
4.2891235,0.8433718,0.73807645,4.6107726,0.47671977
2.8944974,0.5862867,1.7410424,2.380848,1.5290004
1.423164,-0.046817917,0.32528794,0.42349815,0.19640176
2.741308,0.896532,0.6246965,2.533486,0.19913444
0.32407504,-0.6908935,0.8852668,-0.044254456,1.3040625
2.9293678,1.5526397,0.9687357,1.1149167,1.1239653
1.2286783,-0.20080133,0.38326812,-0.5715139,0.10364682
2.244212,0.6105568,1.8825971,0.98593295,0.6120653
1.7855239,-0.36419368,0.1916977,1.933007,0.8417621
1.1715932,-0.24228093,0.41873768,-1.7054641,0.7431029
6.729497,2.5967958,1.0951037,1.6387713,0.33727983
-0.2892936,-0.69387805,-0.08180478,-1.9463762,0.4028333
1.7211723,0.032704953,1.0453454,1.2746476,-0.19647953
0.7535517,-0.36044624,0.15390518,-1.6564052,0.7238282
1.0779054,0.14936021,0.96224743,-0.9164737,0.17799363
-0.030107219,-0.4709682,-0.86042154,-1.8220448,-0.21352635
0.027767016,-0.535488,-0.15094279,-1.9642832,-0.38628823
-0.27358472,-0.18359296,-0.32068002,-0.8505346,0.27026325
2.639907,-0.05444741,1.3069882,-0.19874741,-0.042777747
0.7793995,-0.36557618,0.27075508,-1.4275798,1.058311
1.4140788,0.9669627,1.3370657,1.7988253,0.24624546
0.3199201,-0.37105295,0.18671864,-1.8583566,0.34507272
2.4774327,0.19393098,1.2482965,-0.32435292,0.6089907
-5.720162,0.6192275,-6.0020614,4.501015,0.556868
-4.653112,0.19326963,-0.71609426,2.992156,-0.24100491
-2.0226233,-1.5496962,-2.6496406,0.3443656,2.4414384
-0.4124042,-0.60641146,-0.42100945,-1.6968316,0.74112505
-2.2533104,1.0390837,-0.20390688,-0.32073408,0.73570526
1.31864,-0.5307053,1.3595891,1.4147427,1.3011835
2.5810862,0.25692648,0.83305615,2.7733324,1.6174176
1.0193689,0.81131214,0.25155511,1.2691306,1.1150826
1.2446196,-0.40870953,0.5442382,-1.6899468,0.07015504
0.03451365,-0.44714686,0.13185236,-2.0166981,-0.13252497
2.2721758,0.8478184,1.293843,1.4008262,0.793773
1.8696544,0.11901741,0.5426891,2.265782,0.75394136
3.3729885,0.0692428,1.8049816,3.272822,1.5534427
2.0408704,0.030937098,0.8832869,-1.204328,0.21496008
0.13746071,-0.16366689,-0.6141258,-0.13539939,0.2923916
1.4681861,0.1768646,1.7057558,-0.7132733,0.11254951
1.5974164,-0.1249734,0.55989856,-1.2941743,0.7992189
0.70532596,-0.3479509,0.5363556,-0.47397363,0.6557003
0.7970449,-0.6456325,1.3344693,1.3003048,0.66939354
1.5574353,0.017116947,0.0044382215,-0.6056297,0.37098208
-0.85959786,-0.49587908,-0.13013671,-1.2343901,0.1645798
0.35435042,-0.56230205,0.23322198,-1.9761673,0.586792
0.65824074,-0.48800683,-0.059074927,-1.5214154,0.20383409
-0.56797874,-0.5479638,-0.41698655,-1.4679435,-0.03854976
3.743018,1.485634,0.75819784,1.8904046,0.3684744
0.043781187,-0.67859745,-0.4059047,-2.1882534,0.20294568
2.4026423,0.42977813,1.2348728,1.1794393,0.43366307
0.44815168,-0.34129024,0.56722045,0.5531184,1.243433
-1.0542597,0.3390547,0.1815131,-0.7139968,0.83931565
1.3744924,0.22102273,0.60655046,0.5692191,0.033910375
-0.5514404,0.3682006,0.36974925,-0.889406,1.560698
1.7193764,-0.14435808,1.2781996,2.3071287,0.9814474
0.8394573,-0.48849773,0.06099674,-0.098791905,0.28076747
1.7406235,0.4626246,0.92096126,0.39278692,0.28488016
-2.279955,-0.14406727,-1.2182642,-3.9994707,0.84627414
3.0521777,-0.093908235,1.6233041,1.5724614,0.19287224
2.3365645,-0.08081409,0.70877844,0.40642673,1.189029
1.8449857,0.5342234,0.6333618,1.2473115,0.85415804
0.020927906,-0.48766673,-0.51831543,-1.6012852,-0.08701072
1.6824207,0.58895165,1.8609926,0.98168415,1.6070852
0.05595685,-0.38262215,0.02381848,-1.2965076,0.30542338
0.39090586,-0.36741817,0.47621346,-1.3404155,0.55698466
-0.25632897,0.040961873,-0.9373114,-1.4105814,-0.34129208
2.089448,0.19233775,0.7869822,0.122713715,0.37330142
-1.602376,-0.59228694,0.40761733,-0.98655885,0.64261323
1.472428,-0.28989923,0.6632292,1.0176306,1.444474
1.6711128,-0.084290296,1.0402681,-0.9667926,0.33146408
1.0329806,0.21001917,1.4862554,-0.56456476,1.0164787
-1.7619708,1.6064942,-7.3544035,9.466118,6.353444
0.68262804,1.0928712,0.15104583,1.5732797,-1.5854639
-0.9308882,-1.1091344,-0.5685522,3.598044,2.2186286
1.7086618,0.6288662,0.3915171,2.298945,0.21316598
0.8077745,-0.60712737,0.48411435,-1.1002126,0.39063472
-0.23004818,2.3600082,-1.5302137,-2.4051552,0.6280608
1.0253537,-0.44778898,1.1184927,0.33187285,0.81370926
2.6514826,0.4520339,0.6323743,2.1594098,0.99145097
1.1804795,-0.17832713,0.13483858,-0.2681223,0.10241958
1.4667195,-0.17143506,0.35378352,-0.32234094,-0.039363034
1.8159642,0.07767849,1.0537387,1.5555894,1.0302138
-2.2992668,-0.33089295,-0.3667662,-1.4220854,0.14021851
1.6471398,-0.4416773,0.9994296,2.2310307,0.21489269
0.6828018,-0.0067791333,0.51304305,0.29118118,0.3998582
1.7892606,-0.29589358,1.5385203,-0.039401006,0.9305629
0.231682,0.110884234,-0.3728171,-2.0517433,0.8285066
1.5015403,0.015200067,0.73563844,-0.24460779,-0.017564503
1.5828779,-0.16192779,0.7887006,-0.84090286,0.22983931
2.762096,0.18866417,0.76665634,2.720954,0.90667695
1.1525352,-0.44235075,0.18064114,-0.8659333,0.39887658
3.1518052,0.078413665,1.4544834,3.9809725,1.5381007
1.4308541,0.45293435,0.3466592,1.4684381,0.70342404
1.7940437,-0.41923553,1.5461177,1.3303415,0.7539232
1.7894257,1.4401174,-0.33368617,-0.30028942,0.1462449
2.0461047,0.6153016,1.7722005,2.5528882,1.5516217
0.12691136,-0.3723312,-0.21598677,-3.173554,0.7194025
2.4218462,0.13594446,1.2786584,0.7349623,0.6986025
0.8312303,-0.61656964,0.16567884,-0.4846018,1.0556619
2.5847194,0.2554686,1.1249322,-0.55527943,-0.06968661
3.024238,0.050627455,1.226795,3.0333128,1.2879045
1.8543077,0.47319707,0.8767642,1.1608729,0.030175885
1.3416001,-0.5224566,0.7311537,1.4964243,0.78340256
1.6391449,-0.5615692,1.1936382,2.1087337,0.54915035
-0.44431534,-0.32811987,1.2130874,-0.3518451,0.79439306
-0.35374,0.83227444,0.16321358,1.47376,0.46983513
0.48778892,-0.7786283,0.2003422,-0.6493481,0.84861684
0.121944636,-0.6150314,0.718503,-1.3005542,0.5808474
1.3698288,-0.4146635,0.81451267,-0.48023808,0.95599896
0.012962735,-0.63914907,0.31993958,-2.0090437,-0.011708229
0.5841928,0.062863596,0.5240359,-0.7615468,0.6647869
0.89359033,-0.14929318,0.54405373,-0.7522126,0.37768766
-0.26526332,0.22353382,-0.067458645,-0.5925292,0.89629334
4.3730364,1.0358207,1.8114725,3.1474717,1.0595796
0.9512539,-0.38265878,0.3114007,0.6066974,0.31822428
1.6669135,-0.2378635,1.0100565,0.3216339,1.1253304
3.005031,0.64535624,1.4553211,1.4346857,0.8945267
0.9080567,-0.41510674,0.3440033,-0.43683186,0.38124612
0.24699923,-0.2591268,0.38210437,-1.5579162,0.025029175
0.48680496,-0.52685785,2.2584817,-1.53407,-0.8748717
2.0985262,1.0792594,2.0334573,2.7337456,-3.0131116
0.33863664,-1.4686357,-0.36546323,-0.27106664,3.0770195
1.0270077,-0.49569243,0.54570127,1.0289829,0.9702506
0.6269862,-0.44025227,-0.29238087,-1.7152735,0.14488025
-0.24208918,-0.23489654,-0.8614488,-2.7936509,0.3764027
3.3547163,0.10777354,1.498027,3.1179466,1.3951435
0.16612637,-0.38272098,0.070896834,-1.9039671,0.19638188
0.71398276,-0.23861974,0.87122446,1.3556731,0.19329226
2.407875,0.0043222304,0.93973464,1.308176,-0.09136485
2.6802728,2.42261,0.0025718808,-1.4116131,0.65953654
1.0856543,-0.111908704,3.0867975,-0.6577299,0.2159047
1.3175888,-0.10103866,0.19766869,-1.0524114,0.5125471
1.8407497,0.83246344,0.8199713,1.9640648,1.360875
0.4228639,-0.66792315,-0.056879055,-2.1536076,0.61331713
1.8602883,-0.26685935,0.99378383,1.0395743,0.69813776
0.51426834,-0.6790955,0.38955986,-0.66621584,0.97508156
1.4148418,0.20127052,0.6174529,0.65057594,0.6954869
2.7069678,-0.03474102,1.6108582,2.3875008,1.1580898
1.2720995,-0.26022846,0.46255043,-0.7269627,0.28120133
0.011924609,-0.5475746,-0.12732148,-2.3694224,0.22129223
1.4476614,0.31008017,0.24496855,0.9633229,-0.478752
0.55154395,-0.5596509,-0.18306899,-2.04674,0.30814984
1.190593,-0.43147758,0.43520594,0.81924075,0.28608394
1.4491258,-0.06108804,0.5050229,-0.39622664,-0.35128158
2.473116,0.21939394,0.8141408,-0.8544806,0.42389122
1.930089,0.30974698,1.2035272,1.5293193,0.73237306
2.1534052,0.23362854,1.0521569,-0.35517576,0.05592062
1.8132591,0.27874756,0.92361516,0.19098018,0.21423933
0.4155752,-0.8370754,0.33645654,-0.68529713,0.9050632
3.897826,1.6180271,1.4329913,0.8993967,0.9820189
-0.5409474,0.9488056,-0.3057477,0.059679262,0.35249826
1.1149575,-0.06438554,0.17170998,1.817063,0.22541541
5.176549,1.8216765,0.7513842,0.3375056,0.7990082
-0.1084702,0.011206563,0.7521836,-0.1256169,0.5198348
0.8733172,0.089360185,0.5082018,-0.6521568,0.10279553
1.6664647,0.028493626,0.30771095,1.7929399,0.27791396
2.0385983,-0.053763766,0.8181571,-0.88800657,0.19243927
1.8914558,0.017635804,-0.2759929,-0.27309933,0.108525544
-0.31837094,0.17665187,0.1115205,-3.5662885,0.62165004
1.3682286,0.20423493,0.56705076,-0.92748785,0.11822335
2.3622947,0.014103344,0.92563635,2.011416,0.8807942
0.43560943,-0.50677186,0.2030995,-1.2673384,0.1258011
1.8475717,0.2751648,1.2258599,0.07981586,0.31095406
0.9583698,-0.22222348,-0.025433406,-1.1878637,0.53828424
2.066557,0.070746556,1.1633558,0.96272147,0.6365672
3.1903708,0.19018234,1.2633716,3.6739888,1.1859816
1.5107455,-0.13642925,1.1403865,-0.074333996,0.22073221
-6.4034877,-0.7055396,-5.869064,3.8088145,0.5253134
-3.128931,-0.030746363,0.3913643,3.1296465,0.17099763
0.2489006,-0.71583295,-0.28262785,3.4131699,3.0838523
-0.78227216,-0.8618604,-0.5147994,-1.8554547,0.45454666
-0.32942876,-0.2990433,-0.34778452,-2.7004313,0.50649726
1.3247775,-0.03988245,0.41757745,-0.568816,0.41665623
2.6964738,0.15780033,1.4664236,3.8726234,1.1402388
-0.5441451,-0.3426176,-0.52158475,-3.321973,0.6011924
1.1087296,-0.33407325,0.71608067,-0.19804719,0.45490006
-0.38755226,-0.8391508,-0.03980011,-1.8580565,0.64693505
1.9828495,-0.07844794,0.83819115,0.5855733,0.54537314
2.1348574,0.3388612,0.15842238,2.8348498,0.6050782
1.1088917,-0.5806708,0.04675808,-1.6434833,0.391854
0.04465831,-0.047173448,0.6891462,0.51109946,0.3322807
0.29104906,-0.5074701,-0.40756077,-1.3519363,0.41170672
0.682107,-0.00045090914,1.2548712,-0.79278135,0.035167884
1.3324062,1.1287246,0.6808355,0.99036247,1.1329598
1.199819,-0.51125467,0.5670281,2.1826859,0.48604003
1.2275108,0.055132248,1.294268,-0.35073194,0.81708324
0.9642625,0.5157786,0.9371487,1.2554272,1.6338472
0.7592624,-0.022828242,0.64616597,0.7758849,-0.16779909
0.9834995,-0.04863552,0.051483925,-1.4409631,0.3755369
1.6776512,-0.21349433,0.14409052,-1.1522516,0.13506673
0.30013427,0.47448072,1.0596106,-0.85644525,0.55533797
-0.047332395,-0.6808469,0.9129574,-1.8365526,0.9014066
1.5718666,-0.04907062,0.95062816,-0.40160352,0.57974935
0.58112806,-0.5824802,0.021817377,-1.2088941,0.56790745
0.7053971,-0.3906773,0.7477421,1.5845894,0.5061146
3.777753,1.0590694,1.8327291,1.6658766,1.0185201
1.53416,-0.35727307,1.1870967,2.2374666,0.9257763
1.3392919,-0.17140797,0.27835023,-1.2666373,-0.23388727
1.3931199,1.0447897,0.13935359,0.7698871,0.868981
2.4584885,0.4398259,1.3191946,2.2503023,0.9331193
0.43287253,0.21347052,0.40867803,0.23787332,0.20194663
-0.9727359,-0.8615066,0.30418074,3.6631236,1.507178
1.6991668,0.06509928,0.8251676,-0.39168656,0.572704
1.8727883,-0.008368788,1.5548767,-1.358003,0.56647855
1.680756,-0.45223182,1.5690135,2.4049358,0.2408675
0.2506044,-0.0019785762,-0.87662977,-1.3499433,-0.6472106
1.378862,-0.3756882,1.7979245,2.4597328,1.5919032
3.44193,0.44502616,1.5715116,3.1549892,1.2435659
2.68616,1.0053656,0.8934299,1.9306979,1.0147859
-0.24340469,-0.49178535,-1.4330463,-1.614356,-0.063071534
0.80379635,-0.4811339,0.14648218,0.3331591,0.35443136
0.9170639,-0.6061511,0.62826675,0.22084817,0.7485192
1.2119949,-0.13032801,0.72378635,-0.5321878,-0.30895093
2.122457,0.08296598,0.4124452,1.4028053,0.03343244
0.8092663,-0.55077666,1.2357457,-0.72400194,0.717713
1.4324064,-0.5527599,2.0399547,1.2534415,-0.8499423
1.3317442,0.6873628,0.56807584,0.7582804,-0.045162253
-0.67579097,-1.35157,-0.23281093,1.3229458,2.8116293
0.045819253,-0.67193264,-0.49314335,-0.9294464,0.9381976
3.4688873,1.0462816,1.5353241,3.6734238,1.1685884
1.2806071,0.03394114,0.5010031,-0.07622913,1.1439226
0.8698347,0.03232289,1.0284482,-0.6251596,0.19770586
2.034581,0.43971464,0.8154158,1.4727628,0.74338615
1.1265116,-0.26110762,0.26015252,-1.2017912,0.02231797
2.352739,0.15172629,0.67582494,1.0288924,0.8426455
1.7259177,-0.011419649,1.1376624,0.5684247,0.4932477
2.2114024,-0.022482537,1.0209098,1.7696465,0.87949216
-0.77214664,-0.43296015,-0.7474561,-3.3477197,0.39292634
0.94800377,0.9506254,0.32857454,0.7324832,1.0053086
0.8981526,-0.013143412,-0.11515679,-1.2257555,-0.06839108
1.3324747,-0.47064495,0.76357985,0.98064256,0.9713409
2.0084522,-0.20844391,1.4076865,0.33696574,0.2675808
1.7520305,1.3817544,-0.103421204,-1.2220863,0.097208105
0.9094742,-0.8562534,0.9554868,2.4581895,1.3449917
2.2221658,-0.018554905,0.99468404,-0.15103932,0.029786965
1.520736,-0.05343744,0.08808318,-0.14708583,-0.08057803
0.33733287,0.085048415,0.58508486,-2.3745356,0.5195255
0.37832123,-0.5915647,0.15220657,-1.3536605,0.23081675
1.0367063,-0.19864687,0.5094941,0.8674527,0.430326
1.5909911,-0.43086302,1.0668787,1.9714577,1.1346564
0.7901958,-0.48103404,-0.29563937,0.6231708,0.45132026
2.338319,0.2244626,1.1034336,2.4789069,0.12676993
1.4539633,-0.13141769,0.116243936,-0.486706,0.33238873
1.72028,-0.105729334,1.2766516,-1.115231,0.58279985
1.0272212,-0.2843114,0.471194,-0.40000364,0.47762525
1.6601585,0.212937,1.0316608,-1.5174456,0.3180238
0.8759965,-0.31328377,0.6720823,1.4158049,0.87268794
2.566497,0.18025056,1.1778643,1.0006678,0.8259582
0.7399671,-0.3626904,0.8052714,-2.0620866,0.37197325
1.8753009,0.32228243,1.0150502,0.5451112,0.6536591
1.4710865,-0.2775281,0.52345645,0.78788257,0.8714324
1.6104549,-0.28968987,0.7243405,-1.2827678,0.29204765
0.18485187,0.060957216,-0.20413335,-2.486648,0.33125842
0.8324431,-0.42362326,0.61825615,-0.4154104,0.6969276
0.69221276,-0.24912953,0.59669524,-0.6392261,0.41017208
0.6745095,0.5660725,1.0999019,1.0672662,0.5669969
1.4556396,0.0037541983,1.647624,2.5602982,1.260423
0.66044873,-0.57789624,-0.25288895,-2.791283,0.35835454
1.5931622,0.18611667,-0.06996481,-1.527226,-0.17603959
1.4939641,-0.3324538,0.3374811,-1.6664828,0.5195342
2.256874,-0.2308215,0.86318815,0.5800479,1.022269
1.8657407,0.801901,0.7358872,-0.5984586,0.31940302
0.97029674,-0.6171887,0.39240345,-0.7885401,0.8993361
2.0974102,1.0316341,-2.2683508,5.910193,0.50703126
0.23089087,1.303789,0.63478607,1.5664032,-1.9124343
-0.41169417,-1.2747211,-1.0422213,0.8683215,2.7911372
1.8606944,0.009543595,-0.1495318,0.096819066,-0.027893355
0.6076082,-0.35368764,-0.46671438,-1.3581336,0.1826069
2.2331424,0.052718032,0.3251917,3.4615943,0.3223213
1.6296753,0.21325186,0.22285894,-0.6977533,0.33052474
1.7314391,-0.2474807,0.9869103,0.20642906,0.40330768
3.2854156,2.1685185,-0.33904684,0.7147813,0.2589181
0.59833765,-0.6475482,0.2099559,-1.5711534,0.31482208
0.32818684,-0.27801532,0.27234364,-1.1441615,0.24865225
-0.17405574,-0.6545043,-0.69929105,-1.4579593,0.79339904
2.8672264,1.8426743,1.2419975,1.5244007,1.1291405
2.1219223,-0.046253767,0.63971364,3.682027,1.0224667
0.9577827,-0.41750345,0.36663947,-1.8422841,0.12352121
1.5426137,0.54343295,0.26444724,2.5605407,0.4373734
2.651065,0.44178784,0.95278805,0.992988,-0.4403847
1.9550414,0.1880579,0.5523706,0.35499775,0.9660178
1.2556164,-0.21116722,0.427003,-0.1961108,-0.11447248
1.3560786,-0.2541668,0.4221448,-0.14134243,0.61744905
1.9129993,-0.15346096,0.73051256,0.5528274,0.46606702
1.902865,-0.056868177,0.68692374,0.024279084,-0.1528218
0.6867781,-0.0834541,-0.33545458,-1.9069058,-0.20013522
3.0103796,0.610938,1.3569075,3.7286816,1.2217575
2.1471786,-0.29616693,0.6828567,1.8068383,1.3350152
0.8872034,0.076639645,1.103499,1.5403929,0.94805205
0.37850395,-0.24689394,-0.029281594,-1.7059978,-0.09627903
1.666086,0.069462135,0.8756827,-0.3851326,0.13874842
0.4063645,0.06817563,0.7917338,-1.1310073,0.59864134
1.2654848,-0.0073614707,0.019038253,-0.5487274,0.5114342
1.3359277,-0.28044975,0.22904144,2.59346,0.65210253
1.2370015,0.031899106,0.8233828,1.9537394,1.0504444
1.2293391,-0.31118417,0.04964364,-1.2507536,-0.26107082
1.9981645,-0.13044809,0.55804634,0.72037464,0.5556092
-0.030788608,0.27478272,-0.0007157326,-2.0292451,0.93622744
2.8341455,-0.25857586,0.3578036,3.8177629,-0.42352313
3.5806353,0.9339551,-0.39549157,3.4186342,0.42855206
1.1879694,-0.50975955,0.95780134,-1.077073,0.49544573
1.6234446,0.29018807,1.1346958,1.2013913,1.0605204
-0.833599,-0.42420363,-0.5978402,-2.0900145,0.65758175
1.3219907,-0.310497,0.905552,-0.4458664,0.098834634
0.68497247,-0.6359821,0.876319,0.2523188,1.0427961
1.0308115,-0.2029191,0.9222876,1.955917,0.9038794
0.48257086,-0.37908053,-0.24654923,-1.6391941,0.012295931
0.3946025,-0.21312556,-0.21392591,-0.30172023,0.5161551
2.3921335,0.43339148,1.4675651,2.3097515,1.0160004
1.3291895,0.07164654,-0.43771192,2.5060973,0.31553847
0.52103955,-0.6293551,0.5623822,-1.4096714,0.51351124
-4.0202003,0.21088393,-8.006096,2.1495602,-0.8274902
0.7166637,-0.3820121,0.18080083,0.98045784,-2.22628
-3.203087,-0.6455364,-1.4210603,3.34945,1.2732916
1.1743971,0.009922978,0.85285836,2.704684,1.4009145
1.3764282,-0.25941837,-0.26125082,-1.4157931,0.68859655
1.213423,-0.28901425,0.45039338,-1.262652,0.25325415
-0.5757386,-0.59907085,-0.03416034,-2.14919,0.71399546
-0.2910382,0.97236264,-0.9476753,-3.2957466,0.0016905069
2.2587416,-0.43469554,0.9242852,2.0895824,0.7328429
2.5220728,0.032427195,0.64788985,4.3808517,0.27898467
-0.6067438,0.91862684,-0.05909418,-0.113539964,0.96054435
2.7896385,0.7433057,1.6922443,2.785896,0.7890222
1.0151166,0.30391154,1.1007123,0.73865247,0.9202756
1.5523634,0.07488975,0.9032707,-0.78789437,-0.2340947
0.30523077,-0.3956942,-0.2627092,-1.6581476,0.38115364
-0.08626353,-0.053231213,0.16986418,-0.13932142,0.4073413
-0.24421528,-0.5659264,-0.29457736,-0.42529076,0.6068509
1.8664131,-0.09050421,0.58768034,0.26899752,0.34044605
0.8709173,-0.11153146,1.0444727,-1.1588024,0.32219252
1.6696775,0.17519084,1.1568931,0.41122928,1.0197338
0.9565274,-0.19737363,0.35170275,0.32331052,0.5831221
1.8244554,-0.32063606,1.1853358,-0.98959213,0.53204983
0.38161558,-0.3641925,-0.23947008,-0.17011635,0.566856
5.6440406,2.9908733,-0.07958514,-1.2593967,0.17195003
0.3882081,-0.642443,0.55723274,-0.43594295,0.6939226
2.6592593,0.97538006,0.8446291,1.946387,0.591477
2.0910568,-0.2542079,1.2269741,1.7496582,0.46568254
1.4482868,-0.18059644,0.6991983,-0.54325587,0.7853207
0.15049152,-0.34094316,0.57114106,-0.851427,-0.07163897
3.5888925,1.301332,1.4550239,2.0026386,1.0007257
1.2094421,-0.24164799,0.6474227,-1.1526092,0.67793566
1.434875,-0.08065764,1.5629666,-0.56608766,0.3191524
3.8186412,0.5854609,1.6921623,2.6809466,1.4691272
-0.548301,-0.48336923,0.33029318,0.40204406,0.24854425
2.9459255,0.08759334,1.2614064,5.5667443,1.0127064
0.6917312,-0.08164939,0.7516522,0.010807425,0.593032
2.901695,0.13747363,1.1145133,3.0552156,1.4354553
1.604163,-0.0032964349,0.445463,-1.0271043,0.019785669
1.716606,-0.06007331,0.9581956,-0.46129128,0.13972762
1.6013296,0.76153255,0.96349114,0.7350075,1.1810626
0.7085907,0.54075134,-0.2781283,-2.2102442,0.07947005
1.0981307,0.4849644,0.055243753,1.8116369,1.1570354
0.6325295,-0.60889375,0.67301655,-1.7270658,0.459915
2.3966177,-0.1788488,1.1714123,3.8987374,1.1953577
1.5622271,-0.3853995,0.9559906,0.65192086,0.5536498
2.3724616,-0.039996885,0.8354581,2.050128,1.3390125
1.0400709,-0.0524829,0.64141154,-0.75338525,-0.20717777
1.9011539,-0.39923924,1.3255023,1.3508937,0.5452245
-4.0170403,0.8028897,-3.0454063,9.633069,0.32034063
-0.238462,0.58058894,1.0090221,0.66117364,-0.21087147
-1.4952941,-1.4366541,-1.3577402,2.6144927,2.366886
0.7872754,-0.3353006,-0.16058075,0.012285589,0.2894655
-0.087143,-0.5545435,-0.0735774,0.6927221,0.856354
0.003840521,-0.17859586,-0.03905154,-1.1270005,0.016424535
1.5129805,-0.17740057,1.0144212,-0.57381654,-0.0199784
0.803846,-0.44685835,0.48818183,-1.2758652,0.39509007
0.9455801,-0.05024182,-0.15472959,-0.36053014,-0.17096566
1.0171793,-0.50603044,0.45182407,0.30791268,0.8389686
2.144491,0.32488978,0.9505785,-0.3144886,-0.13394839
0.77180016,-0.013960889,0.44604594,0.7223976,1.0021983
0.793549,0.16707832,1.3215411,-0.67302173,0.55539846
-0.6679519,-0.19791909,0.06643376,-3.6179059,0.82428896
0.08330363,0.33786517,0.15072535,0.20118438,1.287331
0.78439045,-0.11902634,0.16521569,-0.8904517,-0.5090487
-1.5302434,-0.8363501,1.3793048,2.8398654,1.80636
0.7195801,-0.20293757,0.47755802,-0.6042631,0.6243695
1.2634313,-0.1953389,0.8225859,0.8735991,-0.2937821
2.0603318,-0.027027661,0.80184156,-0.38043323,0.26333502
0.21927474,-0.15156181,0.42723164,0.20827988,1.062844
0.42759117,-0.6294925,0.088956304,-2.3450541,0.6083826
1.4848112,0.48885554,0.6638751,1.7126949,0.7935424
1.7747489,-0.25227022,1.293409,1.0200359,0.8857117
1.6485656,0.0052607055,0.5680227,1.1431899,0.747474
0.26431718,-0.6374754,-0.14892483,-0.7781565,0.39100716
0.15584302,-0.43394625,-0.35855302,-1.8743467,0.22323498
1.4857774,0.3820356,1.3860073,0.7061425,1.2394371
0.4334978,-0.43699935,0.5247239,-1.2880243,0.3402646
1.2172598,0.094291754,-0.085036844,-0.8307285,-0.034321766
0.17643154,-0.3024618,-0.17510039,-1.173819,0.32257533
1.0414474,-0.6153019,0.5153505,-0.6528115,1.0507474
1.3063331,-0.13221477,1.1801353,-0.53869474,-0.29949516
1.0649093,0.3198468,0.640648,-0.28843063,0.6615043
-1.2345461,-0.3547922,-1.1215466,-2.402058,-0.0693651
1.2974026,0.03233809,0.9296878,-0.60327893,0.5006186
0.53739804,-0.36024028,0.40411958,0.1290187,0.4920891
0.9862003,-0.61258674,0.25721994,-0.6782555,0.6762141
1.0175743,0.54150504,0.5923632,1.0111125,0.7717744
0.40221432,-0.47357127,0.21932039,-1.5836935,0.29504463
2.6141176,0.8314928,0.52770793,2.271882,1.0300136
0.45152897,-0.5081716,0.5052413,-0.7991958,0.87066823
0.28806543,-0.31040052,0.801672,0.10766867,0.31323287
0.7499713,-0.13326304,0.25705916,-1.2713903,0.24618582
0.7161027,-0.38307482,0.9459457,-1.7297374,0.5521595
0.588671,-0.68759674,0.52470464,-0.85629785,0.4725879
0.9005877,-0.5688278,1.5268338,4.273387,1.3444467
0.14805897,-0.69072235,-0.19423082,-1.2249255,0.46253654
5.175113,0.389243,2.6842513,0.98113585,1.6978729
-1.4324182,0.29390958,-1.3332546,1.9309037,-0.27889654
-1.2629937,-0.075948864,-2.8528996,2.6788635,2.869002
-0.09392191,-0.63909805,0.026649695,-0.66166717,0.66924846
0.8185126,0.36048698,0.57453763,0.0018145144,0.63863176
0.00693503,-0.64668584,0.83380216,-0.95203125,0.64357215
0.5837161,-0.48359936,0.41218367,2.2102776,0.8321146
0.13073404,-0.5687476,-0.46809742,-2.6128323,0.38082528
0.6580194,-0.42591062,0.055092,-1.5888762,0.1081107
0.1428556,-0.63102454,0.11482385,-1.5585618,0.44029135
0.937155,-0.5854597,1.2364528,0.13544561,0.78143775
-0.3192028,-0.85919297,0.26823127,-1.6904794,1.1344855
0.0116290515,-0.54550594,0.10470541,-0.48271,0.689913
-0.016156595,-0.28614217,1.1355139,0.55269563,1.1976691
2.4280913,-0.111753754,1.278168,2.5701947,1.589114
0.6067995,-0.09840231,-0.15645877,-1.1150798,-0.36411485
1.8184791,-0.02451266,0.9285219,-0.98744416,0.84553146
-0.86466044,-0.048097596,0.23675479,0.9384065,1.5709778
-0.030456752,-0.22785622,0.19246772,-1.1465495,0.5387206
0.3429925,-0.4407746,0.10115856,-1.3022538,0.62423736
-0.6676855,-0.33383715,1.1332932,-0.011796801,-0.0294741
0.6254916,-0.48078513,0.14768142,-0.11917522,0.88791615
-0.23439808,-0.052944824,0.07512888,-0.5584906,-0.28166106
0.9688745,-0.13550167,0.78691775,0.2866369,0.73850113
1.2691619,-0.37555072,0.7371967,0.98204774,0.763523
-0.005589299,-0.57525057,0.13771269,-0.8523165,0.15747488
1.5557548,-0.22387518,0.90509325,-0.40083554,0.5419803
0.27846634,-0.59990823,-0.19639705,-0.939177,0.16917841
1.228238,-0.33089623,0.5942741,0.010918558,0.43417376
1.1602561,-0.42106363,0.569652,-1.5301652,0.15802886
1.6138854,-0.27504063,0.54154503,-1.0021348,0.587103
1.4348347,-0.1425581,0.9381451,-0.4652156,0.92690915
1.699672,-0.0411082,0.7000714,-0.8050873,0.06667898
0.86944044,0.042684413,0.5645592,0.7900056,1.3658931
0.30355665,-0.5113462,-0.3093922,-2.676423,0.5933007
0.7062138,-0.70717347,0.1588527,-0.2460613,0.23584384
0.77990526,-0.31645668,1.4254926,-0.26498914,-0.05860675
0.8950521,-0.53272164,0.18122886,-0.6916467,0.76280785
0.6534713,-0.5214826,0.13494503,-0.24463926,1.2000134
-0.058786917,-0.3976649,0.47062585,-1.776961,0.034114342
1.6278772,0.07615955,1.267992,1.7573607,0.9045961
0.72698945,-0.3317569,0.24565698,-1.8629662,0.72402346
1.1396506,-0.7056514,1.2118027,1.6547953,0.7335658
2.537291,0.39755422,1.2328228,1.8086797,1.253974
1.2425768,-0.5252185,0.7313086,3.1910005,0.9812998
0.3815119,-0.4473744,0.600018,0.27208936,0.62388575
0.46462235,-0.49627987,1.0499566,-0.1071612,0.6153541
0.22546634,-0.4616238,-0.2592569,-1.7817514,0.12513475
2.881553,-0.9074851,0.5890007,2.4540896,0.27160624
-1.6518968,0.76072663,-1.3381284,1.3122236,-2.2988625
-0.48789564,-1.1268756,-0.5958071,1.7892118,1.939086
1.0257871,-0.2123004,0.032294005,-0.60841095,-0.18524195
0.57703483,-0.5099542,0.789527,-0.18635012,0.4561676
3.391822,1.4516824,-0.59700185,2.1580408,0.4205956
2.1274796,0.047751598,0.59272295,3.5377655,0.8916522
1.8574911,-0.24229047,1.2448573,2.3611236,0.94907683
1.5040623,0.34187043,-0.10644938,0.6867275,0.19184035
1.2699305,-0.38466033,0.45200402,0.9471779,0.5691152
0.9683795,0.7225161,0.634863,1.0207256,1.3355007
3.4641304,0.33897638,1.0152545,2.4827874,0.9917203
0.761125,-0.034593206,0.14454462,1.0004497,0.24093923
0.6394538,-0.5955649,-0.26228687,2.9851856,0.5352085
2.5596552,0.20070986,1.1686472,0.86537117,-0.01686099
-0.07894153,-0.6437465,0.66260827,0.7728811,0.8905022
1.5749711,-0.015031982,0.46966723,0.8244146,0.5181907
1.0249282,-0.4344305,0.41776985,-0.6824847,0.28060675
2.8465521,-0.025757197,1.2799209,2.4575536,0.4735384
0.7080999,-0.20734467,0.24163619,-1.3197931,0.734864
2.6260011,0.1556983,1.007956,0.7245013,0.51070845
2.199765,-0.0031498075,0.60613185,-0.16358721,-0.15197052
3.930687,0.3057924,1.1761732,3.2863104,0.34549615
1.6225238,0.023862675,1.117407,-1.1504481,0.2697897
1.8303547,0.2000792,0.64124644,-0.30489662,0.489745
3.3640704,2.049676,-0.0021992922,-0.4013921,0.69014615
2.6411417,0.36987293,1.8213632,2.3753614,1.1742866
1.1668608,-0.088691175,0.3155524,-0.5658124,0.22977708
2.4698615,-0.09656845,1.0468946,0.45304546,-0.16943076
1.9452373,-0.097769655,0.5107198,-0.5458338,0.22714296
0.9760442,-0.42788443,-0.40072364,-1.1655985,-0.28707087
2.2361543,1.0834603,1.5511429,1.8170277,0.36976367
-0.6457506,0.7868081,0.5663379,1.2465082,1.5214771
1.269319,0.14419837,1.626417,1.2698848,1.4407057
0.8766416,0.191618,0.24844924,2.5761516,0.4022656
1.3154755,0.20041822,0.35392958,-1.7060164,0.39493454
1.4836181,-0.09916785,0.78978705,0.7440923,1.1934303
2.6423984,0.20840578,0.85109746,0.176614,-0.31586254
0.007700443,-0.025533382,1.2771115,-0.3515668,0.035455685
1.23358,-0.03718836,1.4540973,0.025262559,0.5653787
0.6755617,-0.35190916,0.8714923,-1.6212031,0.45366618
2.195425,0.4554791,0.9982246,-0.04132075,0.5367749
0.8032206,0.22759351,0.627795,1.5563647,1.1307524
4.009185,2.000673,0.272672,0.60752124,0.7142831
-0.07547016,-0.69150746,-0.032581657,-2.4009757,0.74616474
3.1727695,2.2630599,-0.3971228,-0.7665824,0.5822331
3.1243806,1.3958048,0.9368132,0.6234185,0.99090284
0.825823,0.0885389,-0.6039925,0.45753908,-0.3547338
2.7036207,-1.0565985,3.9104538,-1.2578244,0.7423247
-1.1244421,-0.020789474,-2.8506768,0.19196264,0.5406653
-0.71121687,-1.2052181,-0.8172561,0.5561643,2.3701181
0.39444378,-0.73779154,0.043441042,1.3531696,1.0743629
0.7094043,-0.40918022,-0.49539322,-1.9578378,-0.06086853
1.605183,-0.16610108,0.6866738,0.20045073,0.14804167
1.0958616,-0.13641286,0.24663982,1.5650883,0.41946107
3.8123593,0.27136278,1.6125222,3.817039,1.4831582
0.53931284,-0.21245381,-0.07958288,-2.4527175,-0.22002527
2.4331424,0.3921904,0.76004535,-0.13870086,0.16690288
3.2242897,0.20686506,0.8020168,0.540966,-0.050702192
2.5732136,-0.05132511,0.98366874,1.1652695,0.8108154
2.2003908,1.396936,0.5219401,1.3089085,0.50337565
0.94466436,-0.46203208,0.8275549,0.4138361,1.003002
2.1353753,0.1036729,0.9408712,-0.2510079,-0.044548627
1.7599831,-0.097401634,-0.1628501,0.69989634,0.024504567
3.3241425,0.62391376,1.0566787,1.4077139,0.28627148
2.34019,0.067148685,1.4848697,0.15662043,1.0130517
0.88694704,-0.27760106,0.23596217,-0.22466882,0.15153149
3.3173978,-0.008526443,0.9729827,3.3064244,0.036549848
1.5800582,-0.10144809,1.3926691,0.79771554,0.29945713
1.9986079,0.732652,1.6614244,1.51526,1.1034122
2.4382443,0.015711771,1.1012756,2.3905864,0.6193185
3.616032,0.67422146,1.517014,2.2893631,0.86843526
-0.4421067,-0.26751393,-0.68905914,-2.4123724,0.5726522
1.7105274,-0.11532928,0.30592886,1.9627241,0.32242325
1.4765053,0.67349917,0.90207636,1.4536188,0.22879879
1.5463532,0.008952318,0.8978187,2.36853,1.0955949
0.67363834,-0.6841438,0.28680125,-1.0518298,0.68646735
0.7309808,0.3314446,0.50655967,-0.7969803,-0.24551867
2.4035,0.19755058,1.5810692,0.9832956,0.5040686
1.1129271,-0.4439227,0.75582,1.3796288,0.7772189
2.7786074,0.40485296,0.8351902,1.2450881,0.4298784
0.95928425,-0.60423857,0.5655708,-0.5257054,0.96277004
2.0994725,0.35203922,1.057277,0.68254364,0.38913634
2.1907268,-0.19105166,1.5877607,1.3118445,1.0121756
-0.6795178,-0.87784135,-0.4771268,-1.8802274,0.77856445
1.4441897,0.042484444,0.50019956,-1.4317842,-0.095477864
1.920319,0.64177936,0.6935808,-0.46195108,1.0521619
0.94191164,0.084042065,0.80280924,-1.4585707,0.20491956
3.2460682,0.45067844,1.8518454,1.51737,0.39824405
0.9301872,-0.088791296,0.38759354,-1.8749467,0.2770679
-0.1669349,-0.66370463,-1.0116533,-2.3946464,0.2905077
3.0894277,0.5584771,1.4819545,2.8772285,0.7376244
0.84185845,-0.32315534,0.4237895,-1.5221739,0.13600875
2.5296755,0.41527158,1.5871006,0.6234657,0.69415325
0.5453665,-0.5254277,0.92145044,0.13709782,1.0151675
1.9541057,0.08239113,0.5982735,-0.40741006,-0.28722122
-0.6163968,0.7675177,2.1637206,1.7420713,-5.99034
3.2994175,1.4205997,2.6768591,2.859037,-1.4561943
-0.7612854,-0.111363694,-0.5441884,1.1916049,2.0350218
0.33246848,-0.20752281,0.17420238,-0.31865916,0.22868125
0.5449095,-0.36405173,0.14453556,2.0939746,0.37898645
0.9409423,-0.366689,0.14986585,-0.29258057,0.3054372
0.7275755,-0.13108844,0.45709842,-0.9721469,0.15828209
2.1476402,0.11446006,1.3455025,3.505179,0.8335973
1.0523924,-0.25864643,0.66158915,-0.21103548,-0.4002047
0.7763158,0.29128802,1.6514117,-2.0546696,0.48226684
0.38190806,-0.6376467,-0.050786316,-1.3663434,0.42439583
1.3242248,0.49384087,-0.20007384,2.2925148,0.08523985
1.0830685,-0.45451865,0.22514397,-0.14049764,0.34591094
1.1333284,0.17599612,0.7396222,-0.29534686,0.17328958
0.25115696,-0.3434186,0.4312816,0.8540079,1.458028
1.107198,-0.42827204,0.82244796,-0.7761641,0.93131405
0.94498026,0.5772408,0.71591216,0.04750287,0.75227964
3.4886563,1.9245584,-0.384965,-0.64371586,1.2536237
2.8412015,2.3664575,0.41538936,-0.7745777,0.22078753
2.1945775,0.31586623,1.631223,2.0671482,0.27007747
-0.34526783,-0.4014131,0.36135268,-1.6447477,0.00107342
0.9912947,-0.123704016,0.11199499,0.8978538,0.6146414
0.94722915,0.45928255,0.703151,1.5517291,0.59793556
-2.3306286,0.14849287,-0.14047354,-5.387926,1.9298984
1.5222505,0.64954805,0.9389438,1.1502604,1.2958263
2.6474152,0.10088399,1.4363762,2.9805136,1.2057396
0.7348612,-0.41858995,0.29975268,-1.7885714,0.107633635
-0.13810265,0.21727361,-0.030775342,0.7741334,1.2241524
2.3131316,0.11148587,0.9601916,1.222207,0.8350075
1.2903085,0.5693239,0.93211794,1.2742509,0.5911453
-0.15154806,-0.5766413,0.61931276,-2.0429623,0.62388057
0.2734074,-0.59573776,0.1991872,-0.51814044,0.6831288
2.3351202,0.45048887,1.2488027,0.6014729,0.954458
0.847827,-0.5893768,0.23840457,-1.4081223,0.5561268
0.006968513,-0.80552816,0.17971826,-2.8696635,0.42958117
0.87035984,-0.34267473,1.35364,-0.45796484,0.90210074
1.4599941,0.8895689,0.11698003,1.4466417,0.59768325
1.3890374,-0.32726252,0.9838382,1.379778,0.83202475
1.6622682,-0.26219377,0.7423575,-1.5099359,0.6345631
1.3527371,-0.39537373,0.2452471,-1.820532,0.4298421
1.2413625,-0.10408353,0.1830033,-0.3808187,0.13676324
1.7447331,-0.063880704,0.70666933,-0.9200409,-0.1797489
0.77216345,-0.20441367,-0.042616595,0.83358854,0.29497117
0.66861975,-0.5373028,0.7178391,-0.3519572,0.54169863
0.7115463,-0.41634202,0.013716696,-1.07685,0.4112133
-1.4266499,0.08327351,0.62693185,-0.67613995,0.67416954
1.5777066,0.30425245,0.7668282,2.819952,1.4765621
2.6570606,0.8154338,1.2071941,1.697582,0.82423365
-0.91626054,0.59427965,-0.58182526,3.2397559,-0.42290443
1.6404083,0.59257025,0.7105845,-0.14987983,-0.9793143
1.1946585,-0.4013911,-0.5455734,2.338937,2.8928208
-0.6189979,-0.6871485,-0.4220067,-1.6218939,0.31449887
0.80383646,-0.354352,0.63024527,0.46957645,0.89718527
-0.570248,-0.27265137,0.0633455,-1.2722181,-0.44552416
1.0122466,-0.27751055,0.6749529,-0.59907895,0.4187594
1.279711,0.08256189,-0.006492555,-0.74838,0.85726845
3.2118642,0.90989006,1.309389,1.7428735,0.82823807
2.2430773,0.1429818,0.8164275,-0.8575166,0.31165925
1.4451128,-0.4573654,0.6166893,-0.6283184,1.0474424
2.9285138,0.015152384,1.477998,4.050525,1.3328686
1.1946622,0.049320355,0.35277143,-2.0641017,-0.16342086
-0.056137566,-0.59250104,-0.13151602,-1.8271776,0.35277048
1.2236952,-0.14068808,0.91882694,-0.83220273,0.004704207
0.80690384,-0.2263088,0.033804737,-1.2858355,-0.071142025
2.2266934,0.77728873,1.0416195,1.2767648,0.54540247
1.5334413,-0.2707246,0.87940294,0.002147913,1.1838461
0.21550299,-0.456378,-0.14304642,-1.7120329,0.13879423
0.46820888,-0.49510318,-0.24233255,-1.2942,-0.12488932
1.2358832,-0.2966916,0.53847736,-0.64218915,0.04826151
-0.5121455,-0.3112583,-0.71921545,-2.6965163,0.03732164
0.8595585,-0.22847877,0.090059325,0.6511285,0.358288
2.0999055,-0.26595458,1.2935523,3.2674112,1.640194
2.3202932,0.9742423,0.007916092,-0.28342804,0.38336062
1.3980441,-0.37641346,0.072972655,-0.38884473,0.17352812
2.1183217,0.16985393,0.56970745,-0.41470242,-0.1872703
2.570838,0.10637925,1.1072518,2.5435402,0.6810989
0.83711535,0.3004043,0.053317405,-0.8710999,0.5401487
0.42047238,0.54602885,0.4889865,1.2971663,0.53666085
1.2085562,-0.34651375,0.38823882,-1.006406,0.3876449
1.6415327,0.75172734,0.538586,1.1006311,1.2742344
0.1812884,-0.54879576,-0.011827706,-2.2080355,0.024595315
0.92026097,-0.42996764,0.7915156,0.7859383,0.6186956
1.8900963,0.009389815,0.38083425,0.07245753,0.07718235
1.3154655,-0.26692426,0.0100497,1.6105511,0.7293017
-1.6686472,0.6031437,-0.3990879,0.8906856,0.98253864
0.43234047,-0.5628873,1.1190006,-1.0842545,1.3568451
-1.3040041,-0.28226358,-0.9467817,-3.8188915,0.2613664
2.142844,-0.2484186,1.0584388,0.10971034,0.15238708
0.32570952,-0.18645391,-0.6999199,-2.222675,0.48096472
0.8360361,-0.5880077,0.3548024,0.8000175,0.58839715
0.39771187,-0.1304472,0.91352683,-0.59903866,0.16393508
1.315347,-0.33613947,0.4184094,-0.3375774,0.2332979
1.427118,0.18985523,0.758009,-1.8586545,0.6824041
0.72523636,-0.3433448,0.011070072,-1.0941021,0.16358247
0.068713255,-0.34736452,-0.5576435,-0.08781737,0.119909495
1.505322,0.0079607945,0.4214113,-1.1161231,0.18906187
-4.867683,1.1983145,-5.928709,5.035567,1.6133233
0.87492657,0.27615824,1.1344182,2.8488932,-0.7726795
-2.088913,-1.3817747,-2.2779653,0.21141115,1.1825441
1.6676352,0.20683229,-0.05454728,0.24314643,-0.19785365
0.9256251,-0.4028496,0.3692183,0.40263307,0.41689992
2.935568,0.15428004,1.1113149,2.885911,1.5068564
0.6639169,-0.37914988,0.4267936,-0.05784214,0.69555515
1.2498447,0.07271996,0.39825138,1.0869405,0.47630244
0.360349,-0.67796886,1.0431957,-1.4241912,1.0769011
2.028699,0.56498915,1.0892806,2.2513556,0.4784824
1.8587505,0.008904038,1.0333533,-0.6162142,0.22135532
0.42660117,-0.6624837,-0.25886515,-2.0893395,0.5518139
1.6336815,0.6339594,0.44296613,-0.013237595,-0.030639997
1.416021,0.17256632,1.8543524,0.8799184,0.6409426
1.3190519,-0.35010445,0.78025645,0.55305153,0.6904649
0.25703123,0.03089299,-0.7637528,-1.7032427,0.27425927
2.929606,0.5347087,1.3886985,3.601723,0.7732374
0.594756,-0.0980915,0.32695332,-0.4152924,0.27095202
-0.49011695,-0.11363554,0.83283246,-0.36008567,0.9021111
2.7200406,1.3509724,1.031619,0.6966936,0.5541111
1.1365663,-0.2214475,1.3809505,-0.5212642,0.59525055
-0.7057526,-0.39128792,-1.0998793,-0.54604423,0.44563302
2.2064855,-0.012187058,0.5371319,0.7719178,0.4753114
1.0846395,-0.23108958,0.8629542,-1.4801966,0.5637329
1.4868519,-0.12826067,1.1343741,-1.0657828,0.30236334
1.4829801,0.1513002,0.87609637,-0.713812,0.6714589
2.1348476,-0.12642992,0.27938396,1.2127216,0.057586923
0.54771173,0.004058182,-0.21244481,-0.6489342,-0.23987192
0.60561156,-0.37017143,1.1845112,-0.5526966,0.21126296
1.8491236,0.14166838,1.1418715,-0.45080352,0.16368185
1.0434858,0.9702408,-0.16862194,0.72926885,1.4096663
0.3591829,-0.62396127,0.61054856,-0.3500318,0.79376006
-0.07764761,0.2317693,0.081679076,-0.8005041,-0.12659967
0.40234804,-0.48870522,0.13220228,-1.1047306,0.5023043
1.2083989,-0.12798594,0.0075197215,-1.148074,0.5218894
3.0059638,0.032602433,1.3767632,3.5366302,1.4713511
0.94163746,-0.06104304,0.5711523,-1.1005003,0.6478931
1.3929402,0.109920844,0.8364392,0.87456226,0.43685842
1.455167,-0.05953301,0.6087509,-0.70199907,0.34931564
2.7115512,1.3188097,1.5260878,0.46201304,1.419724
2.138732,-0.20874687,0.37417218,0.15364549,0.37763152
0.19079351,-0.34854206,0.2769032,-0.23834535,-0.041348252
1.3724788,-0.13117813,0.71574706,-0.033172656,0.21853624
1.328674,-0.028490646,0.383876,0.2192678,-0.022035355
2.4096932,0.009044109,0.50334,1.1695403,-0.2312566
3.2158194,-0.1466205,1.3482856,4.2782974,0.76482713
2.2875938,0.015163112,0.9447505,-0.53178865,0.17207101
2.03787,0.4959811,0.65825796,0.9347333,0.92845887
-3.9099975,0.13059291,-1.2720553,1.7979074,-0.6818348
-2.11006,-0.5547853,-1.3220922,-0.47488907,0.23772956
-2.3836906,-1.8723466,-2.0015867,0.42740488,2.426475
0.24007122,-0.24247482,0.92028105,-0.8561524,0.10512729
0.0620679,-0.3724354,0.5927218,-0.46261185,0.9041998
2.5604558,-0.14585057,0.6929927,2.2016792,0.44946253
2.3570762,0.5732444,0.7220414,1.7845716,1.1577618
0.059835363,-0.7130618,0.10477789,-1.4776144,0.43480453
-0.9022028,0.3561843,0.45052126,-1.5448265,0.2882185
1.6861672,-0.21091878,0.91253364,1.6372094,2.142792
1.7730513,-0.5632411,2.0430746,3.102191,1.3649101
0.2642546,-0.7718623,0.13960044,-1.6531316,0.93977505
0.94975454,-0.35977656,0.83181286,-1.3396299,0.08296511
0.09848237,0.0061741467,-1.0317014,1.6522919,0.14139734
1.2934461,-0.15428093,0.9170124,0.33203116,1.1102644
0.8388651,-0.21256523,0.70499665,0.118187815,0.51834184
0.11561251,-0.60933733,-0.37369898,-2.5284626,0.64036125
1.5790205,0.2814661,0.48748353,0.7811633,0.82292974
0.9834108,-0.21173948,0.48380423,-0.84835565,0.25407514
2.144751,0.5973011,1.0879475,1.4326224,1.3108393
0.37089667,-0.59727633,0.4819006,2.6623557,0.70177424
1.8404961,-0.18691568,0.88854384,1.007082,0.9908243
3.0508664,1.4550552,-0.9385394,0.5804038,0.15730463
0.917102,-0.7568402,1.0155064,0.025751347,0.5059098
0.57249975,-0.3281163,0.49841827,-1.8391125,0.44336486
0.8929074,-0.31859222,0.032626957,-1.0788747,0.19123194
1.9024292,-0.1752072,0.026878458,-0.86617905,0.41145614
2.5556881,-0.045917906,1.098946,2.2773283,0.88423777
-1.1200434,-0.66611123,-1.1150223,-2.7893038,0.13999812
1.8060013,-0.074086025,0.41850787,-0.8799115,0.16334912
1.5142405,0.27151942,1.3405387,0.7079474,1.5781946
0.038163904,-0.34488317,-1.1425428,-2.1341808,-0.16440436
2.4310694,0.19926235,1.3703159,2.4137008,1.8192397
-0.6882427,-0.22414923,-0.30993226,-2.8380752,0.19695745
-0.25687677,-0.6466119,0.28564185,-1.7822789,0.47532955
1.3943518,0.0924689,1.1297632,0.096558444,0.32905394
0.26235342,-0.620875,0.89402205,-0.12521958,0.5411181
3.2619078,-0.015188444,0.6964184,3.4985197,0.6248688
1.0018564,-0.113924585,0.30801207,-1.7277002,-0.11938662
0.26489913,0.1390314,0.675014,0.607885,1.2229239
0.84463453,-0.47090247,0.3625074,-1.7413633,0.55939156
0.7911507,-0.3218594,0.73647636,-1.2326145,-0.08092201
0.56892204,-0.4777038,0.5178628,0.26653504,0.9842677
0.74930495,-0.20013878,0.63812315,-1.0224009,0.13143255
1.6664175,-0.21427898,1.1550043,0.9320957,1.2611079
0.49295107,0.01812903,-0.09314188,-2.3565414,0.31746814
0.71301407,-0.4563536,0.85148966,0.28046897,0.13341947
0.9937597,-0.29666626,0.2647473,-1.6754212,-0.10332445
-1.6500183,-0.083827496,1.6393332,4.326815,0.15012968
-1.5374825,0.4176766,0.69384205,0.9067987,0.35887736
-1.2569611,-1.4977,-1.0107138,3.4697042,2.48388
-0.309667,-0.411422,-0.9455605,0.6404854,0.5034577
0.17784399,-0.46689782,-0.0097914925,-1.318274,0.4765487
0.63757783,-0.375843,0.7507533,-0.9406883,0.43327165
2.2627676,0.3590238,0.9969044,0.5266896,-0.102593295
1.603132,-0.33910945,0.8802776,0.69928885,0.8148483
-0.12904699,-0.20452806,-0.2525572,-2.572956,0.7219479
0.87549,-0.19568509,0.2004996,0.5104112,0.7824862
0.97471887,-0.4907177,0.92257464,-0.2385627,0.69451255
3.3323517,0.55134135,1.3756322,0.5696517,-0.07509256
1.4575909,-0.61214703,0.28094193,-0.6907432,1.0535223
2.0136607,0.060452677,1.2318664,1.5221455,1.0018903
1.6335012,-0.09313404,0.21984014,-0.80593747,0.3456033
0.68941015,-0.2788649,0.25846544,-0.7093265,0.3464631
0.6595384,-0.39491817,-0.12272831,1.126807,0.38172746
0.08994003,-0.47971088,0.11091917,-0.77490497,0.18466896
1.4921315,0.6028916,0.5919751,1.4860817,2.0535362
1.6487721,0.44118968,0.8843333,-0.40577382,0.82770437
1.7077819,0.1980877,0.50927347,-0.22364506,-0.16225587
1.6739862,-0.08129209,0.82793695,0.8192093,0.93285865
0.103501715,0.36297584,0.37515366,0.85822815,1.1202751
1.7694681,-0.21551251,0.9433565,1.0153668,0.24395618
2.0360541,0.2575978,1.100867,0.7701977,1.0989512
1.4841754,0.23689665,0.63480985,1.323213,0.751865
0.46429113,-0.18214923,-0.21656768,-0.5104554,0.37462088
1.1279783,-0.068839,0.4585698,0.17486247,-0.04624604
1.5086927,-0.21303707,0.8420612,0.1854365,1.1196787
2.456948,0.74148303,1.6028447,1.9016048,0.67045605
1.76662,-0.31493855,1.2745345,2.337984,1.1685746
0.81798893,-0.5156945,0.48966777,-0.37552536,0.77292216
1.5440354,0.04444242,0.27994442,1.0810302,-0.5514683
0.59492815,-0.43149334,-0.17929702,-2.1970696,0.20028645
2.266427,0.58028316,1.9168061,1.2941793,0.39831406
1.7230952,-0.021339323,0.8688208,-0.06375871,-0.022879744
1.4318738,-0.35935152,0.24729995,-1.5105668,0.32866508
1.1325337,-0.30762976,0.82892597,-0.46670032,0.016481576
0.09770852,0.046473704,0.2710121,0.099911086,0.42675045
0.10999332,-0.58359754,-0.24911955,-1.5765452,0.32780436
0.76824456,0.03696723,0.6236942,-1.1061972,0.8711207
0.69030744,-0.53590643,0.45317322,1.6964657,0.78357005
1.5136669,0.38156185,0.92006636,0.49005792,0.39783016
-0.5598019,-0.60130715,-0.24808124,-2.5438268,-0.070894845
2.465676,0.5533671,0.8707962,1.6255975,0.72259575
2.7965465,0.05993384,0.76299417,0.2785533,0.21577765
0.025512086,-0.49266416,0.4570045,-0.2748026,0.31377298
2.260766,0.097580135,1.2668556,2.5410764,0.44721597
-1.7941208,0.65212196,-4.579514,3.4510834,1.4247824
-0.85454595,0.734989,-1.6255267,4.1674194,0.5417392
-0.61858916,-1.2011228,-2.004371,5.0615854,1.4411937
-0.035199735,-0.63995314,-0.47892973,-0.4995601,0.9860236
0.73093224,-0.3399427,0.5289867,-0.33275887,-0.025775902
2.0834417,0.0297319,0.49219608,0.31710047,0.0821795
-0.36317465,-0.70517695,-0.7413003,-2.085444,0.43954396
0.6601918,-0.6163078,0.49386197,-1.3234997,0.26069748
1.7159784,-0.38918558,1.2261949,0.9267322,0.18903767
0.003953643,-0.63902473,-0.33091924,-2.2108707,0.592575
2.3474174,0.49919295,1.2964085,1.9914052,1.0004028
2.5145636,0.20533594,1.0564291,2.9679804,1.1485772
3.2679853,0.17119166,1.7271425,2.568314,1.296299
1.6248002,0.08080158,0.7593217,-0.9651398,0.004403442
1.6396568,-0.21907818,0.38891008,-0.111293726,0.36733806
1.4442866,-0.14916119,1.3505291,-1.6467775,0.13044818
2.9218123,0.5118374,1.1214811,2.7142627,1.3081303
2.8914623,0.43196067,0.95949465,2.558597,0.74311155
0.4748794,0.755457,-0.2055771,-1.0409704,0.62173295
0.7266077,-0.51360255,0.13879415,-0.93526196,0.5177906
0.08832254,-0.23963779,0.458855,-0.9066385,0.46849844
0.7015414,-0.051857363,0.6428878,1.7837086,0.95810896
0.8650562,0.118128225,-0.52004117,-0.67017573,0.0063177943
0.91515505,-0.21159083,0.8163575,-0.17647928,0.16263181
0.2572593,-0.55710447,-0.06014512,-1.5798206,0.039724298
2.0363386,0.37205502,1.1914712,-0.7967582,-0.09246074
0.8537967,-0.55133677,0.2593656,-1.6999321,0.50728184
1.4195994,-0.23259526,0.6668069,1.5194093,0.7458417
3.4363432,0.20370854,1.33031,3.2129824,0.42304528
1.676408,-0.11599944,0.8154565,-0.63814765,0.3480782
2.1554008,0.85474765,1.3282442,1.2385985,0.73462737
1.8024029,-0.21332723,0.6679007,0.5694472,0.7298536
2.0750158,-0.21796677,0.8562783,-0.79607606,0.4055941
1.3667296,-0.123764805,0.9504892,2.1881711,1.696946
0.6213082,0.13203897,0.51660436,0.068341695,0.6295095
1.0588691,-0.10651126,1.768252,-0.4882202,0.75082517
0.27027744,-0.7147261,-0.015214976,-1.8642504,1.2736979
0.40186837,-0.47071514,0.016496953,-1.5274105,0.14512396
1.8528979,-0.26059836,0.7748002,2.89989,0.86930823
2.8738818,0.08973864,1.4336039,4.0084844,1.2900307
0.88550824,-0.4077509,0.020115249,-1.9397863,0.020445105
2.26428,0.58412933,0.5371172,2.07936,0.768426
1.9336258,-0.20485246,0.80001014,-1.4850767,0.3633475
1.2167037,-0.016783757,0.78294724,-1.1347343,-0.13660854
2.2613301,-0.089607224,1.5329299,3.0387697,1.5884341
0.09553297,-0.49883145,-0.007047474,-2.2357728,0.3167725
0.8535479,-0.20097172,0.089790925,-1.4888544,-0.15651903
1.1182219,-0.6818858,0.5743114,-0.1101116,0.23813315
-2.1127095,1.4984262,-3.207673,6.3966208,2.8949633
0.08779653,1.2561705,-1.9354146,1.1806179,-1.2862898
-0.2789686,-0.7787938,-0.01841765,3.0042114,3.2208748
0.57322127,0.5586963,-0.08874,1.2135328,0.51592696
0.2298377,-0.3487153,-0.6071568,-2.0063698,0.20492475
3.2350252,0.8466767,1.5530239,1.8218046,1.1431253
-0.67507696,-0.5088942,-0.9950386,-0.63401264,0.1223657
1.7991453,0.04741395,0.4929532,2.6919196,0.12382196
0.6057182,0.10574394,1.1180232,-1.8113232,0.051185317
-0.14668398,-0.6154759,-0.038301833,-1.905901,0.8355014
0.6476757,-0.15880322,0.69750303,-2.0351617,0.32967266
0.4898559,-0.20542264,0.3085691,-0.833965,-0.012385814
0.87259245,-0.012383753,0.6379433,-0.119145714,0.72400874
2.2948947,-0.07687745,0.687012,0.16287322,0.066068806
4.20476,0.9137332,1.3847344,3.7317653,1.2037001
0.64423114,-0.32592908,0.28280106,-1.4309114,0.19426452
0.43895566,-0.101909384,-0.1903649,-2.8212183,0.360565
1.2414192,-0.019902859,0.41372204,-0.9020138,0.3570618
0.96158403,-0.014078608,0.9559217,0.4432243,0.4828492
0.18842658,-0.70788574,-0.18129908,-1.5850574,0.6125759
3.4648569,0.62035716,1.0468494,3.6921995,1.2513341
0.15165506,0.019580398,-0.6655005,-0.53604203,-1.6203159
-0.25918898,-0.567188,0.094669566,-2.2318003,1.2570751
1.109811,-0.5956813,0.47750255,0.25710508,0.7629098
3.4563377,0.76843584,1.3979505,1.8230321,-0.031117069
2.2530093,0.52077925,1.4204341,1.8648955,1.6180646
0.98823154,-0.20198399,-0.08461443,-1.1297245,-0.31620908
-0.021598816,-0.70106083,-0.023033667,-1.4321778,0.4657171
0.40326226,-0.17725965,0.96495056,-0.621119,0.36317468
2.3390787,-0.0797824,1.2819818,2.7662368,0.5466561
0.67693347,-0.2621473,-0.27170503,-1.9587953,0.002657622
1.4867448,0.27364218,1.1996167,0.41096577,0.61958104
1.4640536,-0.33378863,0.7804961,1.7415731,1.2074661
-0.16679396,-1.2570658,1.1310892,2.8769708,1.2794228
1.0129404,-0.16527548,0.22321902,0.3306682,0.52038175
4.000267,0.8996076,1.3000585,3.811747,0.94843274
-0.29681882,-0.46769983,-1.2622364,-0.058048666,-0.21003923
1.8492835,-0.25480714,1.1915445,0.14324443,0.5832741
1.3178989,-0.277029,0.6846504,-1.6724529,0.65080416
2.2874146,-0.16464831,1.9758193,2.3415732,0.070787676
1.3766925,0.05210293,0.3722545,-1.397567,0.4196192
1.2639891,-0.56920594,0.90427524,1.7493541,0.7071943
0.651488,-0.22768556,1.2428197,0.31644553,1.0668428
0.8887185,-0.1037474,0.2746591,-1.3015931,-0.056945637
2.0857918,-0.07626118,1.4068722,1.1370192,1.5419668
0.576668,-0.0917996,0.9367476,0.6188018,0.31033358
0.99911255,-0.05716768,-0.011091589,-1.412908,0.34382746
1.7801237,-0.5193489,0.57659805,0.47646526,1.124867
-2.4032745,0.6330038,-5.316373,4.678208,0.99909943
2.4691443,0.32441047,0.5140446,2.3515444,0.65372473
-0.44787216,-1.3532974,0.6593902,3.2801213,4.0556326
-0.25561726,-0.42078015,-0.9007668,3.7648652,0.6946309
2.5397246,0.9146398,0.9363161,3.273926,0.5430672
0.44245654,-0.44735298,0.1332577,-1.3131965,0.5020805
1.3603084,0.25106725,0.09891063,0.23011504,-0.51393634
1.8856498,-0.20970279,0.9340849,-0.08266103,0.08831489
0.82572806,-0.47209817,-0.14459896,0.5149361,0.36609286
2.8638623,-0.06494461,0.99012125,5.224688,0.5553526
1.3905597,0.30426824,1.0473824,0.46145254,1.3872106
0.5874039,-0.5399244,0.64677,-0.65522796,0.28477818
1.0122402,0.82632357,0.8802087,1.5865321,1.6550598
0.1740918,-0.41173056,-0.42615518,-2.6381218,0.2655949
1.0510042,-0.28398684,-0.60792047,-1.2044076,0.08227976
0.4395631,-0.31320098,-0.29326853,1.512622,0.20757101
1.7147233,0.0891355,0.6744598,-1.0656394,0.28126872
1.2128966,-0.42822146,0.8525419,0.044963542,-0.27860358
1.1698132,-0.60321355,0.3994207,1.1657724,0.58444214
0.87858284,-0.40710348,0.03835053,-1.8759457,0.2947266
1.7451392,-0.16898572,0.70244306,0.86440206,0.21484601
-0.6016361,-0.24109012,-0.6234872,-1.8446293,0.13418606
1.2337028,-0.13229582,0.7614485,0.28979558,0.55154
2.8261087,3.166092,-1.1988496,-4.587727,-0.5809856
1.4997879,-0.36698335,1.1500454,2.0318286,1.2806985
5.7521405,1.0428656,2.3496351,4.3144946,1.4021881
-0.11905206,-0.2584186,-0.40723586,-3.2846932,0.46650943
1.9438746,0.19994573,0.96400166,-0.4216702,0.22207348
1.4900492,0.49158064,1.2599452,-0.050767027,1.0295388
1.7200416,-0.04547386,0.47803223,2.7411392,0.9429669
2.3816488,0.07932377,0.7371808,3.2682626,-0.19947408
1.7853878,0.09199955,0.6201522,2.85034,-0.05986598
1.8222783,-0.37613344,0.060319517,-0.87856907,0.5012252
2.6153467,0.3937684,1.0901147,2.193339,0.87470335
1.6120553,0.07957261,1.1421107,0.3776002,0.7013933
1.6745915,-0.11811511,0.097122476,0.41674277,0.36852795
2.8219228,0.8577683,1.3946751,1.394182,0.42898238
0.8372856,-0.73090816,0.10769282,0.14550738,0.91344523
3.9276733,1.1256598,1.1095779,2.8514779,0.41831356
1.2738217,-0.3324713,0.46622202,-1.1389091,0.02927359
0.68777627,0.39275938,1.0753454,0.5234293,-0.1390872
1.3390208,-0.2843448,-0.08856447,-0.004411876,0.0020483136
-0.108440004,0.6054546,0.47118157,2.2240155,1.2125313
2.755493,-0.17299505,1.4468578,3.2557368,1.4649427
1.9855143,0.16505143,1.1484894,-0.54475135,-0.18289901
1.9751271,-0.17605452,0.8799148,-0.61286163,0.5890995
1.1729555,-0.17032705,0.4708556,0.5274054,0.6956173
0.529931,0.02939186,-0.63831544,-1.0470461,0.06423657
-1.7257035,0.19300954,-2.3391204,4.4379125,1.7723291
-0.69488364,0.7157877,1.5498661,4.551559,-0.23723696
-0.17915034,-0.47040766,-2.180069,3.1211553,2.2580574
-0.47957838,-0.9261999,-0.4266487,-2.650725,1.101063
1.1347175,-0.3161509,-0.5978334,-0.56368184,0.13924795
-0.23533377,0.55787605,-0.10913782,0.95755476,0.929324
0.9634081,0.23733272,0.938884,0.53919226,0.5771714
1.0577556,-0.5471259,0.83074695,-0.7196944,0.61215085
0.31945315,0.006622075,0.51185256,0.46679768,0.92398477
1.4505247,0.6321785,0.21564029,0.8724001,0.22197755
0.2448258,-0.042854585,0.39430976,-0.5327718,1.4370967
-0.38211784,-0.7327361,-0.22408979,-1.836881,-0.006206304
1.0174845,0.10145345,0.7705073,-0.8263027,0.7502949
1.0192759,0.31197792,0.8969735,-0.2779485,0.64415693
0.5945514,-0.58521205,0.34827814,-0.51666754,0.61414987
0.24661547,0.44133347,0.46391425,0.7652299,0.604769
-1.9533926,-0.8995216,1.0761774,0.84849626,1.101838
2.1558263,-0.119881846,0.84907436,1.330746,1.203223
-1.4017911,-0.45455343,-1.7071207,-1.2730999,-0.19939025
3.477354,1.0009599,2.2285464,2.7949593,1.1035892
-0.092968136,-0.45079264,-0.29128486,-2.6487386,0.51009244
0.49058133,-0.48257715,0.11411607,-1.6452883,0.11593307
0.5941896,-0.17376521,0.027398268,-2.3415194,-0.0072494745
0.06252633,-0.66915715,-0.16218875,-1.86243,-0.025415502
2.0130856,-0.09788588,1.4181525,0.4712755,0.22625542
1.5537566,-0.16620117,0.50416505,-0.8860175,0.6311119
0.731271,-0.7084433,-0.10927145,-1.3061522,0.7659533
0.4226487,-0.604651,0.16609329,-1.0359753,0.2161942
1.400533,-0.28346363,0.19127534,0.37464818,-0.10661468
2.6411006,-0.044206984,1.1586081,1.2033656,0.19788563
1.4271921,0.020100148,0.21157177,-1.0879651,0.34148392
0.38667843,-0.49903747,-0.15343525,-1.2938101,0.12821496
-0.3890041,-0.6187173,-0.72397745,-2.085684,0.4712625
0.91975546,-0.4171545,0.70614344,-0.54864186,-0.08716888
0.36141014,-0.4138929,0.3789426,-0.6384042,0.1509654
1.2902707,-0.1508342,0.72442526,0.59692293,0.6908251
1.0992566,-0.27275082,0.33330014,1.0781949,0.9057954
-0.17675649,0.15599118,0.54851544,-0.97087246,0.55825377
3.088969,0.8037214,1.9818538,2.3687415,1.6946353
1.5579045,0.3681878,0.98622924,0.710399,1.1514179
1.4799179,-0.46269673,0.6659043,2.6748772,1.3557689
2.3573818,-0.22167328,1.22519,2.4125426,0.43277395
2.191186,-0.71099097,2.3987188,6.249762,1.287971
0.5305442,-0.552448,0.24487683,-1.2105854,0.70221126
4.546381,1.2098267,1.1464865,2.9965043,0.8381966
1.8003747,0.7585331,0.69314766,1.3898959,1.4816964
0.32392615,-0.47259358,0.27438962,-1.8496009,0.14859046
1.270525,-0.17327511,0.6976105,-0.48919758,0.56632906
3.5971556,-1.1974263,3.7481532,0.094523646,-1.0315931
-1.3500497,0.88355535,-0.20188223,1.0335968,-1.4558375
-0.12615348,-1.2003758,-1.2497195,5.6282463,1.7919892
0.57502264,-0.5002602,0.13007216,-0.9391278,-0.021715578
1.1147803,-0.52255434,0.03670843,0.5703636,0.8266871
2.6677656,0.026773449,0.42939702,1.9924027,-0.49615428
-0.7215894,-0.58497477,-0.5835756,-2.7378721,-0.46310768
1.0616087,0.7185429,0.20459647,-0.38842878,0.73026645
2.4336371,1.3766116,0.8614059,0.81932527,0.9759388
2.12448,0.1389131,1.2691115,2.5454192,0.743844
3.0846326,0.95217043,1.0907502,2.0155742,1.0959625
1.9114187,-0.20351997,0.021722248,0.43146497,0.2981038
1.5931487,0.056215826,-0.02458291,-1.645309,0.33913776
4.396608,1.0636649,1.4742923,3.5847182,1.2916601
0.7599144,0.06541815,0.8326945,0.6187329,0.43849498
1.2773154,0.1738537,1.1899642,-0.7189591,0.9121475
1.9791721,-0.17021978,1.0876269,0.7330278,0.2667771
-1.7964573,-0.42481172,-1.2271717,-3.8683236,0.60108614
2.0904076,-0.13458154,1.0915403,0.74958116,0.8037935
1.4308456,0.053001143,0.89005464,1.5746691,0.3204106
2.2445107,-0.63784766,1.4238712,4.032189,1.7387521
2.9074697,0.7833162,1.048194,1.5664188,0.6528981
1.2080886,0.17009823,-0.5170401,1.2757553,-0.71668345
0.87672555,-0.06699194,0.2076595,0.5597314,0.31586596
1.3563671,-0.4511109,0.6422113,0.28172183,0.6607589
1.6231147,-0.089727014,0.5611274,0.059173755,0.6986699
1.6084752,-0.018612722,1.2560124,1.6745934,0.8744106
2.54306,0.55074817,0.5552843,2.1074388,0.53903335
1.8812263,0.25183836,1.5014977,1.587894,0.69699764
0.25188953,0.20890176,-0.79847383,2.2247164,-0.08887925
2.5766137,-0.09521197,1.6041547,1.5409385,1.6572202
0.9951369,-0.050554145,0.6701572,-2.0342858,-0.19853726
1.2892342,-0.29244515,0.42245266,-0.31523597,0.6033098
2.1014378,0.01223802,0.4641395,-0.9518465,0.016774563
2.5723953,0.55264837,0.35160086,2.5619404,0.3821474
2.972217,0.09236193,0.8085576,0.14244783,0.76494545
2.3095114,-0.17921764,0.60004747,0.59565264,-0.0033611357
1.4320666,-0.20318305,0.47955897,-0.33345607,0.15795712
1.214369,-0.034292206,1.3836406,-1.2191653,0.08502983
3.110215,0.0031539798,1.7131798,2.248699,0.55154175
0.94718647,-0.31013525,-0.15321441,2.3741012,0.84823173
2.061953,-0.3888657,0.8581442,1.4141518,0.96059275
2.053691,0.16140966,1.2569933,-1.1850369,0.4175877
1.297911,-0.090398714,0.3645576,-0.86615247,-0.26777437
2.33186,0.16339606,0.63744104,0.6505563,0.16846888
0.6685146,-0.42212275,-0.20417865,-2.4531107,0.41836712
1.9651421,-0.22972327,0.8125559,1.6099486,0.72301376
0.8177371,-0.41519094,-0.23952557,-1.0794122,0.22940634
0.10978367,-0.170824,1.5994028,-1.4310253,-2.7878509
0.892984,0.5553151,-0.07831112,-1.5986154,-0.22935708
-1.4294646,-1.3844187,-0.9923812,1.6578737,1.4642022
0.9114478,-0.49001607,-0.3963632,-0.595927,0.9654248
1.0049418,0.15819481,1.3227164,-0.6206038,-0.019890245
1.0440208,-0.57859755,0.20729035,-0.93499666,0.9171847
3.9457984,0.6304356,1.4657909,3.3408844,0.98954237
2.0156586,0.18057945,0.39816874,-0.9441572,-0.19624878
1.8422843,0.15731736,1.1566143,0.32034272,0.9074013
0.85250896,-0.28799018,1.2007344,-0.65229446,1.0176854
1.3623071,0.03573283,0.8722518,1.1180544,1.2236037
0.040104654,0.60543,0.04601744,0.40078342,1.4119728
-1.0037109,-0.7294897,-1.9898952,2.3265524,0.44319636
0.3156656,-0.877605,0.5962257,-0.69563586,0.34760898
0.49883124,-0.32725775,-0.123285465,0.06169243,-0.15596159
0.5499017,-0.58822805,0.30063355,1.4694413,0.7708045
2.5124202,0.47616673,0.71017176,1.3152301,0.4666511
0.22050253,-0.83614826,0.20651582,-1.0203199,0.7865004
2.7752295,0.8239292,1.2088634,2.2350857,0.7741788
1.6129625,-0.25151876,0.88230264,-0.93727845,0.1066553
0.3032435,-0.57090807,0.17745914,-0.09233543,0.66331404
2.448408,1.3737081,0.45560893,1.1643168,1.7859734
-0.098658234,-0.49358192,-0.8498644,1.5144827,0.14019604
1.5639216,-0.22821844,1.1725495,-0.4776265,0.5486691
-1.1758798,0.57377315,-0.34974197,-1.7968779,0.54441756
0.45363647,-0.56493473,0.24387814,-0.04616928,0.80488247
0.5204727,-0.1678032,-0.647822,-0.70122147,-0.08878245
0.44815013,0.6522205,1.0171505,1.1087947,1.0123733
0.0015098602,-0.4514241,0.7805425,1.8873208,0.7005011
1.3217295,-0.5760101,0.4815656,-0.23451097,0.8350118
1.6655934,-0.11020542,0.6700859,0.05095585,-0.30203843
1.1153127,0.040893923,0.7135147,0.2906295,1.1488817
-0.58040285,-0.23753436,-1.8795537,-1.2905313,-0.068398856
1.6755769,0.60753906,0.9947326,2.3314297,0.9446893
2.5235047,-0.21217439,1.2693201,3.716966,1.3230875
-0.22422135,-0.5612219,-0.41577196,-2.879939,-0.2006719
2.1905756,0.68011296,1.3262056,1.3061099,1.110853
1.2060548,0.046407543,2.4120765,0.29172894,0.7334855
2.4111779,0.51853925,1.3929845,0.71921664,0.7850996
1.5915114,-0.32745272,0.6096616,0.2720294,0.68773705
0.72046477,-0.27453288,-0.20346639,-1.9014833,0.71274906
0.5100318,-0.54057634,-0.28865132,-1.6278619,0.31901762
1.6953187,0.27752393,0.33030224,1.7358514,-0.20337951
-0.8051732,0.35334295,-0.47019577,-2.0034242,1.5380033
0.36246172,-0.50413245,-0.72801,0.2633901,-0.031321898
1.1758184,-0.74470586,0.69863737,0.04225505,1.1174135
-0.37337106,-0.5307475,-0.39328304,-2.7437518,0.09800063
0.14666949,0.07033798,-0.94094,-1.8670845,0.23791276
-4.3778405,0.3274694,-2.3289213,3.8079975,-2.2152402
1.8609576,1.0644033,0.32979953,2.5347395,-1.6313756
-0.7182483,-1.1422457,-0.120170124,0.3500544,2.154613
1.670439,0.13757703,0.39987803,1.9879717,1.4376131
2.083663,-0.1935854,0.91753554,1.6834238,1.2901239
1.8873928,-0.18929037,0.9371408,2.6759756,1.1174583
1.3344362,-0.14794552,0.23936251,-0.63352996,0.3294791
1.3962898,0.2200433,1.0632639,-0.5810192,0.18920964
-0.033043537,-0.74021035,0.23666987,-0.9147215,0.42910162
1.0495986,0.27538964,0.2691133,1.7337036,-0.5018792
1.4120886,-0.550596,0.45691505,-0.0024852455,0.6496164
2.459407,0.091941446,1.2872452,0.8474367,1.109373
-1.2632252,-0.48059934,-1.313158,-2.2212458,-0.39364183
2.154459,-0.4108901,1.5403745,3.3604524,1.1460547
1.3071136,-0.17850381,1.1477515,-0.20502372,0.6154189
0.9569277,-0.27044526,-0.00980395,2.9672115,0.83715683
1.0438547,-0.26141796,0.56485224,-1.7417701,0.49707186
2.44353,-0.07549173,0.67990243,2.0873218,-0.1189908
0.59459543,-1.1564924,1.1634539,1.4531083,1.909573
1.3667371,-0.12899607,1.0703073,0.0536191,0.95371115
0.2891237,-0.62870145,-0.43109372,-1.8863022,0.10928349
0.063506246,0.41128102,-0.22959968,0.5343627,0.5292324
1.5611027,0.28913483,0.88268125,0.8507764,0.5626729
3.3028154,0.27550936,0.8835841,1.5591397,-0.027624568
2.5896902,-0.23215562,1.2420563,3.6510687,1.5748978
1.6634003,0.06840063,0.80437267,0.4316882,0.5124641
-2.2893271,1.9994463,-3.0570903,-3.6683865,-0.7585318
1.2377733,0.015267719,1.547543,0.07966735,1.1050062
0.9644598,-0.6165097,0.66093194,0.97167325,1.0923387
2.0387924,-0.5460969,1.2993822,1.3324269,1.5096449
0.4258409,-0.30253235,0.7183684,0.60650074,0.31867194
1.0121703,-0.37321243,0.5331284,-0.006965965,0.37446016
0.030558921,-0.6390909,-0.13129294,-1.7472506,0.53698313
3.9733903,0.84067947,1.6375381,3.3788831,0.81056494
-0.79599535,-0.49562788,-1.6257133,-3.0220942,-0.1799442
1.7079173,-0.12647432,0.99573433,2.0257328,0.31229526
1.0228958,-0.2404834,0.6360881,-1.48288,0.6110045
1.5733917,0.9117318,0.8497728,0.91621125,0.22583973
0.06650685,-0.11341235,-0.3442478,-2.5828824,0.4691067
2.284914,0.19009623,0.757291,2.731964,0.7402846
0.6192256,-0.14394242,0.7279422,-1.6701536,-0.04176137
1.7507772,-0.225624,0.6560693,2.623824,0.7981506
2.053158,0.14322165,0.68758655,0.29735693,0.12093364
2.7094243,0.83062077,1.6468294,1.3850677,1.0549172
0.5502847,0.34315342,1.0270492,1.7871604,0.8534724
1.2733525,0.15716003,0.7788896,1.3674842,1.0065784
-0.553034,-0.51872146,-0.6127976,-1.358975,0.042977393
1.7023557,0.07654338,0.6285665,-0.65104103,-0.4032524
-3.6287491,0.73315334,-3.1526558,4.88626,1.1436663
-0.6642878,0.3346549,-0.94601464,0.7586382,-1.4148405
-1.2409768,-0.6530618,-2.8153281,0.556532,2.4830773
0.33913797,-0.4886312,-0.23614335,1.3923031,1.0909474
1.666078,0.2145149,0.4316778,3.3830543,0.5132235
3.442839,0.872931,0.68445593,2.867769,0.27177992
0.17722678,-0.024058176,-0.49838433,-2.0537322,0.044921122
0.8029819,-0.2549501,0.5268751,-0.40157992,0.35746104
0.8442402,-0.28593343,0.8111372,-0.120702535,0.8473302
1.0949653,0.07384583,0.5936835,0.33890986,0.9749478
2.5879962,-0.10485175,1.3084412,1.776052,0.39216334
0.576734,0.053702373,-0.23895714,-2.5134513,0.62397474
0.6087225,-0.24261928,0.27680245,-1.0922258,0.40891135
-0.31375462,-0.59782034,-0.97404,-1.203174,0.0163891
2.285961,-0.15542924,0.99202317,1.3270639,0.1020177
0.23733333,-0.54610556,-0.9627976,-0.9986614,0.5097114
2.0785108,-0.31882828,0.7805752,1.5111696,0.7610287
0.37396455,-0.24877004,0.02192836,-2.7338893,0.8579143
2.7120388,0.8964975,1.2778467,1.6456876,0.84275603
-0.35482523,-0.8046236,-0.16050148,-1.2032152,0.79740274
0.37613058,-0.21408981,-0.6865347,0.74684656,-0.84553576
2.273823,0.21062061,0.67094445,0.4158362,0.2957282
1.7499181,-0.30966303,0.9482491,1.4662101,-0.10684543
0.63809353,-0.5888648,-0.58694947,-2.0783303,0.45349425
1.7333038,-0.4739424,0.418303,0.97976416,0.9884736
2.5929382,0.18890338,0.8725287,2.2923894,0.74308044
1.1934692,-0.14055191,1.2582382,0.7417252,1.1734384
1.5715824,0.07250867,0.26431024,-0.79051083,0.3068994
0.3402702,0.7634651,-0.3845371,-0.3429869,0.041059587
2.615247,-0.17329834,1.3185441,0.5292893,0.6835296
-0.2528651,-0.5521791,-0.22814578,-2.5154579,0.50469244
0.25650325,-0.44356638,0.39811778,-1.4638809,-0.019106355
0.22483744,-0.6931978,-0.12760232,-2.3535051,0.06061098
1.0326194,0.045496807,0.6037029,0.50704855,1.112239
1.0450215,-0.36408746,1.1190693,0.17923488,0.25911948
0.6897575,-0.38114193,-0.05572279,-2.1456575,0.61687714
2.6350617,0.67293936,0.6490131,1.5355294,0.65017533
4.0199456,0.2603053,2.1072671,5.3578863,1.556452
-0.4361029,-0.3321561,-0.68414146,-3.0005844,-0.28503397
0.41678622,-0.47063455,-0.17748745,-1.739442,-0.03858433
2.834934,0.6796924,0.53210425,2.983978,0.13039632
1.7940055,-0.40303499,0.63673854,1.1035782,1.451339
1.128947,-0.15013103,0.73394567,-0.18098247,0.79718775
0.39920256,-0.5398985,0.25712255,1.0726244,0.7923506
1.1055202,0.5943335,0.7072404,-0.091614544,0.89379364
0.62830275,-0.3522842,0.7538774,-1.3898851,0.3913096
2.217071,0.37920463,1.2229989,1.6331596,1.0738553
0.6038975,-0.5730902,-0.043373093,1.9087915,0.9130369
-3.757486,-0.11824265,-2.0992286,-0.2593178,2.6912124
-1.9252056,0.58840597,-3.104768,-1.7990214,-0.9534738
-1.1104089,-2.0025058,-0.67663145,3.8924766,5.4132833
2.6248374,0.75820386,1.4773101,2.0548067,1.0853065
1.2947435,-0.46994078,1.0837235,1.0231329,0.42045042
1.1125466,-0.40545785,-0.12560017,2.9499283,0.8389047
0.7614797,-0.45149875,0.60042536,1.4960947,0.5952955
1.2866192,-0.22360055,0.7151353,-1.5196261,0.74947095
1.5896212,-0.06641648,0.5781651,1.3505304,0.3773887
2.1306572,-0.41199058,0.79865247,2.1697664,0.48492113
2.6816409,0.32775906,1.1234797,-0.8969006,0.5192482
-0.409274,-0.4988243,-0.3054058,-2.1569686,0.061992075
2.0306354,0.38783342,0.23911567,2.5657392,0.29181692
0.8294434,-0.48773274,0.80184495,1.2217534,0.77482224
0.6440117,-0.04915019,0.906213,0.630849,0.63101435
1.9937834,0.019580994,0.0030882955,0.31408146,0.4491368
0.33704147,1.0086861,0.32375383,0.66800606,1.3965335
2.3969364,0.10053862,1.2489233,1.7841557,0.9610477
1.7440814,-0.3076643,0.4766945,-1.2377578,-0.066619344
3.0797417,0.09762722,1.0236933,1.9196322,0.18362151
-0.14612481,-0.48989892,-0.6818704,0.09367393,0.6027526
2.8955402,1.471849,0.97811854,0.75800717,1.1848953
-0.032483403,-0.33226267,0.1762588,-0.09726654,0.43227622
1.7210296,-0.2170097,1.02127,2.606379,1.2114874
1.1904705,0.81407195,0.9276373,0.7145631,0.8672808
1.0514777,0.0065496555,0.73868024,0.8720738,1.1134299
-0.78927547,-0.79395384,0.29008132,-1.4267768,0.040173713
1.570274,-0.28751495,0.20180748,-1.471849,0.33692554
4.4575853,1.9971513,0.7658083,0.26719394,0.9690575
1.4484633,-0.22389872,0.5245156,-1.2886655,0.2583512
1.2161174,-0.3288436,0.46567422,-1.3082447,0.948532
1.367058,0.23535284,0.61872333,0.6490148,0.48279044
-0.64010465,-0.15023561,-0.06433981,-0.94226456,0.2678876
1.1849201,-0.9352969,1.5008405,2.6256359,0.8371603
-1.5435637,0.7500852,0.35307598,-0.5186596,1.5393391
1.6998254,-0.1614037,0.62782556,0.7082993,0.9358545
1.5866308,0.0025299191,0.8905586,1.8130919,0.67781043
1.7355819,-0.054092478,0.0077213044,-0.71370584,0.1992468
1.8792367,-0.17754269,0.3135009,1.0805979,0.060515046
1.7093428,0.26788232,0.5219084,-2.0361817,0.22307338
-0.21101706,0.35886812,0.09935456,-0.11794589,0.6976869
0.9240717,-0.4039758,0.24195209,-1.4029802,0.2739421
1.6990098,0.16541672,1.1613802,-1.1234463,0.17205288
0.88889045,-0.3846758,0.72613966,0.024839666,0.70320034
-0.16803588,0.5000259,1.0302368,-0.38131627,1.0901543
-0.03932438,1.1478548,0.5608977,0.15422966,1.2251911
2.1007354,-0.36748573,1.1554444,1.9159881,1.1768752
-0.24088559,0.054740064,-0.5049074,-0.15811922,1.0130707
-0.65111214,-0.29830185,2.0376914,1.6788075,-1.992599
-2.6400003,-0.41528317,-2.0017805,-2.1842468,1.6478406
0.35189107,-0.8672619,0.46709576,1.9420218,2.4592028
0.86707693,-0.58440894,0.47317693,1.2436484,1.2969733
0.18593764,-0.28244492,-0.018111879,-2.9903097,0.05910284
1.4821265,0.3014917,1.0766978,0.26700512,0.43715566
1.2057519,0.12897462,0.74435896,0.77222055,0.9702221
1.4799119,-0.042854883,1.0558906,-1.4438403,0.26914588
1.199866,-0.60971504,2.0690877,1.1176358,0.8209288
0.950063,-0.30464458,0.1728888,-1.2588114,0.42145967
-0.5427183,1.4242058,-0.22280572,-0.45020768,0.98991096
0.94813484,-0.3239746,0.24611443,-0.030522188,0.47142753
1.7468396,0.012072617,1.8825936,0.7865477,1.3342355
-0.49756992,-0.76289463,0.281816,-0.70415384,0.52563304
1.7284497,-0.025518183,0.90138596,-0.08040987,0.008307338
1.1979467,-0.13768965,0.42760968,-1.1574438,-0.023100996
1.6385928,-0.25748312,0.6632564,0.68671376,0.558716
0.9673398,-0.121413164,0.49757743,-1.0537201,0.30007845
1.4756373,-0.20667203,0.56405455,-0.5524075,0.40295947
1.707465,0.19832633,1.1972952,-0.4206564,0.28730074
1.4928024,-0.16112632,0.6976535,-0.70832384,0.5021116
1.1857361,-0.1757846,-0.24545543,-1.0926787,0.10561473
0.7617927,-0.57981324,0.15028599,-1.1056216,0.50974077
0.17878284,-0.599491,0.054233585,-1.0251362,0.933747
-0.30655408,-0.61214495,0.12723088,-0.09838966,0.45964456
-0.0019876957,-0.14642385,0.49784222,0.711846,0.9981628
0.14513484,-0.7756507,-0.08462689,-2.425756,0.61053544
-0.19450644,-0.55230236,0.0587601,-1.5582919,0.12434743
0.36845756,-0.38504598,-0.3169563,-1.3785046,0.18735068
2.5164912,0.15435424,0.32411164,2.9678712,0.6989584
0.75008607,-0.66170007,0.27680132,-0.95382756,0.43257865
1.6861093,-0.08685757,0.6880797,0.1002376,0.25879282
0.105077095,-0.51260746,0.087495424,-0.60215825,0.72853816
0.91724074,-0.17141777,0.33515346,-0.3637782,0.18151969
1.1279632,0.045372233,1.2160887,0.6978005,0.24152689
1.3971379,-0.19619629,1.2993867,-0.6803927,-0.062271234
0.65169775,-0.4749697,0.24291569,-1.5309601,0.071870595
1.3939836,-0.023502067,0.29132336,-0.018165795,0.23764832
2.0231056,-0.11276751,0.43581828,4.565647,-0.4159373
-2.5866375,-0.10616798,-1.4500024,0.17147647,0.91323113
0.0671801,-0.06840093,0.46592662,-3.4364803,0.6808475
1.3446411,-0.34351832,1.4723392,-0.22353788,0.4625573
0.6189785,-0.6075262,0.084946245,-0.8619372,0.59447473
2.6783206,0.048614956,0.9527711,5.0450835,1.168666
2.0559077,-0.15545993,0.3898972,1.8946707,0.20292667
1.4990865,-0.25539625,0.12947877,1.2745887,0.28507286
0.13043302,-0.40966368,0.07046989,-1.7891097,0.036994945
0.60191476,0.9277907,-0.090779565,0.66268367,1.4104251
-1.4944928,-0.5723907,-2.3125525,3.5478408,-2.6500864
1.9303443,0.21966441,1.8908085,3.0743704,-0.27492213
-1.6758763,-0.8737469,-2.9526057,0.46945843,1.1009266
-2.6733809,-0.53224975,-1.4897907,-4.128899,1.6744132
0.3304065,0.1336331,0.37491933,-0.65891945,-0.52964973
1.4658159,-0.12306456,0.66728085,0.8366924,-0.023678327
1.5071424,-0.08067284,-0.119243786,-0.6949713,0.27567053
2.0442162,-0.18020259,1.134873,2.5998502,1.3257344
1.8080801,0.071705244,0.79542494,0.1958374,0.14088225
1.7133372,-0.028767508,1.1067427,1.3552805,1.267368
0.64404464,-0.48420355,0.31720766,-0.7263532,0.958778
0.36027688,0.10866512,-0.26067224,-1.5322113,-0.080308385
2.2725947,0.122793995,0.9012187,0.5125488,1.2722702
1.390558,0.26054743,0.5917975,0.9874599,-0.5004363
1.4385014,-0.106464475,0.5207813,-0.12505731,0.4807289
-0.34065512,-0.4273665,-1.954901,-1.0867292,-0.17269154
2.029987,-0.123973995,1.0742526,-0.36088908,0.6922624
0.83162236,-0.5489185,0.067707784,-0.19676675,0.42890635
1.2934825,-0.19225821,0.52817416,0.3314962,-0.3675031
2.1600046,0.08030332,0.79125106,0.13409826,0.008268446
0.8023203,-0.3859762,0.5486897,-0.26458004,0.7071019
3.128335,0.55991125,1.12544,2.670471,0.8485106
0.5353619,-0.5597418,0.2969652,-1.8056242,0.7065949
1.1233425,-0.44631642,0.9090344,0.98128915,0.76610357
2.8221667,1.2737617,0.8332472,1.6952789,0.8482516
0.7821612,-0.0044140215,-0.2110792,-2.3477008,0.21195088
-0.76867616,-0.6813901,-0.75464404,-0.8170008,0.019898023
1.0999936,0.07629336,0.02200537,-0.9110028,-0.3422115
1.4557399,0.059970498,0.2516808,0.01835364,-0.18630409
0.6340994,-0.48705247,0.31410888,-1.5093312,0.6226703
0.889482,-0.045134716,0.43774477,0.47668943,-0.0400942
1.9158067,0.11330656,0.49920934,-1.1825676,0.30672398
0.38067025,-0.51293975,0.4464387,-1.1012754,0.8399737
1.5800804,0.8036819,0.7740631,1.3995599,1.0944488
1.4152619,-0.2306404,0.090879224,2.795797,0.45371026
0.08623599,-0.33269253,-0.10088224,-2.687664,0.06118831
2.0872388,-0.46613538,0.6958416,3.4454474,0.20103315
1.13302,-0.076455176,0.7426504,-1.6106395,0.35773063
1.3903377,-0.44414875,0.547204,0.7923194,0.7385969
1.9025223,-0.19629222,0.44534984,-0.24043512,0.582558
0.66580975,-0.55127466,0.32213825,-1.8207662,0.42808634
0.6099573,-0.18433271,1.0047534,-1.6798885,-0.161402
1.3627322,-0.17765589,0.114026606,-0.12198301,0.03867594
0.22809131,-0.25236702,-0.0098843565,2.0394492,0.3437186
2.9653366,0.22486264,0.9334465,0.31029445,0.40972707
1.5760294,0.14201818,0.7334334,-0.7196658,0.7490555
0.6631501,-0.48205715,0.05660386,-2.1054025,0.32246473
1.4639754,0.7078599,1.0379014,0.19844253,-0.24678902
-1.5084292,-0.5089177,1.6064947,-3.1720643,-2.8351483
0.55626816,-0.56998575,1.7875109,-0.9112751,-1.0008569
-2.9345458,-1.8896223,-2.859478,-1.6411778,1.4831678
-0.35675445,-0.8117768,-0.55461556,-1.9262844,0.70699567
1.3021156,-0.18781659,0.40857273,0.2032732,-0.32997513
1.3549838,-0.11942117,0.31475648,-0.23238578,0.37407738
2.0651379,0.29432496,0.06551645,1.7693111,-0.27595052
3.4807057,0.40044072,1.2364483,2.8827918,0.8753095
-0.21340066,0.47198308,-0.4496158,0.4277992,1.1637933
0.9474889,0.093731515,0.41778684,-0.59039766,0.51390696
3.8420255,0.40729746,1.8136866,4.203596,1.2405257
1.8479452,-0.278691,0.6692263,1.7363458,0.903288
0.8414757,-0.41275465,-0.044862304,-1.2278208,-0.022549594
1.4404786,0.13849327,1.4357523,0.16611665,0.13437447
1.2342349,-0.18773437,0.060483728,-0.7568178,0.32725045
1.3348843,-0.45256376,0.8287044,-0.9103209,0.65153927
1.4475598,0.09292067,0.6896042,2.2749362,0.56417614
1.6983774,-0.2880447,0.5367438,-0.5017803,0.5647325
0.36553872,-0.3750278,-0.14998363,-2.0204096,0.12945169
1.1983525,0.39257073,0.5558942,1.3346184,1.0696814
0.8152378,-0.56584233,0.5347556,-1.7092669,0.25221884
0.20541282,-0.04794978,-0.60954285,-1.9978421,-0.10857913
1.2360542,-0.13757047,0.8282297,0.98055613,0.319524
-0.7744675,-0.604934,-1.7623196,1.0079093,-0.16853714
3.9854884,0.35161123,2.6655936,4.0054555,1.8718
0.061809268,-0.35301614,-0.3064927,-2.25556,0.52295464
0.5791303,0.27781668,0.9967892,0.4909114,0.67778975
0.62980247,0.5467676,0.7118444,1.2505699,1.0660496
1.7093662,-0.27041757,-0.009917199,-0.7239419,0.17494461
2.5670173,0.28030056,0.8246827,0.6243486,0.67290324
0.5986721,-0.46624598,-0.16773075,-2.5040421,-0.30991966
1.4007944,-0.5138579,1.0922842,1.9932866,1.2236556
0.56607074,-0.4143469,0.406379,-0.70607173,0.28142083
0.63765925,-0.46801355,0.029965615,-1.3819919,0.118219025
0.49275714,-0.39734292,0.11943517,-0.9681741,0.7683103
0.4568945,-0.52754766,0.40849915,-1.8825792,0.49583283
0.20889549,0.3737368,-0.5557369,-2.8531713,0.41741836
1.7928083,-0.36109477,0.38788447,0.6010718,-0.18333459
0.9966601,-0.41167614,0.23827437,-2.3735092,0.46920437
0.54930776,-0.5288425,0.5031567,0.32997197,1.0542024
0.8300066,-0.44708288,0.38835537,-0.73780113,0.22495995
1.3896327,-0.2915054,0.69953537,-0.84331477,0.4113896
0.6483883,-0.43695772,0.31598607,-1.2766626,0.2875574
3.0334268,0.4926857,1.2437623,2.7319171,0.9319089
0.6755122,-0.15225755,0.55363905,-2.4681232,0.22850151
1.649497,-0.3653896,0.97040737,0.7094474,0.26347503
0.072322175,-0.5076469,-0.18547644,-2.7033026,0.51553214
0.15794748,-0.6975418,-0.4086735,-1.4463413,0.44116148
1.3738402,0.37556738,-0.6811397,5.4081397,-0.21816808
-0.8129049,0.132342,-0.1554362,-1.5303212,-0.55499065
-2.647933,-1.1395348,-1.62352,2.9025698,2.3475175
1.5305262,-0.5044193,0.26551723,2.3871858,1.400049
1.628024,0.30320498,0.63734937,2.1985264,0.16768847
1.0242678,0.020536752,0.036887363,-1.1957586,0.31764877
0.4067441,-0.6873235,0.65815955,-0.7475179,0.76090777
1.1442001,-0.12164172,0.16210836,-0.078704536,0.3624635
1.6768962,-0.35489398,0.7716503,-0.55807465,0.92137736
-0.15894699,-0.061169993,0.109159335,-0.30903375,0.74813133
1.3796151,-0.32115346,0.67063904,-0.5186409,0.54979134
1.1709646,0.07137506,0.1554045,-1.3935125,-0.078895316
-0.16001923,-0.40032202,-0.35342127,-2.3291233,0.42711163
0.56180286,-0.5549012,0.42245945,-1.6041836,0.13085869
-0.26571447,-0.7674348,0.030664358,-1.4970664,-0.36136863
1.201055,-0.21985355,0.27688622,-0.28982705,0.04117799
2.0100062,0.10082976,0.9453369,0.8039019,0.7777051
2.005869,0.10962732,0.9114704,-0.65649813,0.7447448
-1.2673045,-0.6021772,-0.52443194,-3.1837106,0.5597925
2.1860247,-0.06542053,0.741091,0.06769851,0.13069102
0.12942952,-0.56637913,0.3617591,-1.4034573,0.91330016
0.57868505,-0.4221165,-0.22636917,-2.2204163,0.15466262
-0.6679779,-0.026942426,-0.4527782,-4.0900307,0.70290923
0.8146959,-0.05216819,1.2307996,0.20036615,0.20125006
0.26926747,-0.13441141,0.3376679,-2.0570307,0.70801145
-1.0276247,-0.37406328,-1.5437856,-2.2793515,-0.7235199
0.41631588,-0.22758457,0.16580452,-2.3310032,0.40407676
2.5363688,2.0471845,-0.2003105,-0.2806224,-0.04209757
1.9911253,-0.27353764,1.4740536,3.5875483,1.645457
1.8836344,0.060704798,0.640976,1.3671916,0.48298398
0.7929497,-0.42034075,1.0155301,-0.47135124,0.1716173
1.0367476,-0.18765987,0.6989755,0.7889618,0.63431257
-0.62296987,-0.28842255,-0.06504874,-3.662943,0.84719634
1.0803816,0.65029925,0.44317096,1.0359291,0.68389326
1.1103513,-0.1696251,0.023443628,-1.1306733,0.06262817
1.4752793,0.23851311,0.8135382,0.113016754,0.089136794
0.5395323,-0.4799764,0.37779245,-0.28789762,0.73021203
0.9805916,-0.33480078,0.8807455,-0.5254979,0.8153363
1.9250507,0.50822467,1.3926432,1.1298777,0.81969565
0.50430256,-0.3902878,-0.24880476,-1.6831923,0.52680373
0.161261,0.34029245,-0.55079097,-1.969046,0.7221897
2.1542459,0.089552395,0.725486,0.77986777,0.4621054
0.21694353,-0.701686,0.64904255,-0.86183405,0.49553388
2.7403421,0.5210029,1.0007284,1.8543743,1.0725737
0.24876356,-0.15198937,-0.16877142,-1.6362922,0.25942108
1.3763946,0.36579552,-0.093935736,-2.1357322,0.64036036
2.0464692,-0.19492152,0.20631087,-0.28677163,0.43114948
1.9452657,-0.4382692,1.601935,4.3697796,0.50177205
3.9111512,-0.20171976,4.500576,-1.466477,0.06518899
1.6586043,0.8645519,-0.8674036,2.0519423,-0.641714
-0.46227017,-0.94563013,0.21707949,4.593019,1.6388174
0.9620334,-0.097042255,0.76429665,-0.20686471,0.8404789
2.679577,1.0320629,1.047213,1.1960031,1.0208197
1.0557482,-0.23725168,0.7144137,2.2543452,0.99118423
2.6366208,0.550607,0.8526221,0.55131716,-0.16331369
0.15757716,-0.36087066,0.12503736,-1.8893597,-0.10162014
0.26788378,-0.6142301,0.45185912,-1.5850407,0.26187453
1.6277841,-0.21901442,1.2340281,0.52593446,0.72870916
1.1260701,0.44569674,1.2053995,0.30403122,0.67404425
0.049225576,-1.2055345,0.9396973,3.247542,1.2824773
0.6786548,-0.32125592,0.10278137,-1.7521031,0.4099094
2.3087323,0.24024007,0.70248485,0.49943227,-0.031616613
2.2130463,0.031367734,0.8082139,0.79075855,0.7626817
1.4679396,-0.20618825,0.42054537,0.3370159,0.20511402
0.1983783,0.64968944,0.21628685,2.165726,1.2916816
1.1939704,-0.08622195,0.63768196,-0.2902607,0.8959566
0.6519619,-0.55582875,0.7132659,-1.2536557,0.3848555
1.1584541,-0.3383346,0.77318907,-1.6521143,0.8795526
0.8796134,-0.28045213,0.35254392,-0.626477,-0.024428511
1.7969136,0.3211865,1.1564858,2.4155164,1.0717045
1.1884335,-0.46483967,1.3244092,0.035363838,0.45674136
2.591528,-0.07086963,0.52976525,3.2662778,0.83939
1.0093703,-0.123978466,0.5880537,-0.91195023,-0.35539746
0.2570913,-0.01812307,0.15623343,-0.5314661,0.48573506
0.7263634,-0.01786111,0.92659557,-1.0494738,0.19230877
2.265374,0.61587566,0.49798372,2.3071327,1.0716475
1.4220512,-0.7344726,1.0017854,2.1677923,1.2677062
1.5843132,-0.08672557,0.7323964,1.0818594,-0.057293072
1.3687289,0.23205644,-0.012684999,-0.13277355,0.3484342
1.3354005,-0.38066074,1.2719053,0.56859773,0.14983237
-1.2406422,-0.14802298,-0.6886294,-2.5374808,0.8221102
2.1222146,-0.023530975,0.2579412,0.11602813,-0.0031070411
2.6340375,0.034068987,0.38146135,1.5473937,0.27704716
2.001363,-0.13307828,0.38014594,-0.5082589,0.06962265
1.3236209,-0.2315581,0.66646075,0.8265867,0.7858717
1.3203793,-0.46480012,0.77716994,-0.12746973,0.7651562
-1.2948245,-0.11534299,-0.5752946,0.15649456,0.7934811
1.3346452,-0.06740349,0.29988062,-0.93125945,0.07323354
1.9440236,0.07617237,0.546017,0.9623874,0.5579212
2.099438,-0.5105728,0.5771796,4.633236,0.9194382
1.0862249,-0.22515395,0.61896324,-0.63589823,0.43575934
2.199331,-0.0984181,1.171286,1.6495783,0.7177787
1.6666131,0.24462022,1.1353041,-0.8757573,0.49384215
1.5903362,-0.10698506,0.4452842,-1.0541377,0.26108637
2.7334337,0.6316186,0.5252976,2.844311,0.5232649
1.2574513,-0.1446474,-0.17943291,-0.29721534,-0.1266014
-0.232359,-0.048926678,0.43469882,-2.7206209,-3.4841263
-0.54783297,0.8464595,0.5748816,-0.36111525,-0.81021607
-0.4675875,-0.9574839,-0.755535,1.1639671,2.2309365
-0.3776659,0.4929546,-0.43036366,0.77406067,1.4053009
1.3085909,-0.02920351,0.3572919,1.0752201,0.57045007
3.551022,0.70308363,1.3929461,2.5780694,0.9362378
0.8847799,0.0766754,-1.0266856,-0.034570176,-0.23269813
1.5757887,-0.48813617,0.8350546,-0.578697,0.8898537
0.98004043,-0.09275915,0.085876,-0.7893195,-0.35752755
4.101817,0.8608905,-0.34858042,4.847994,0.6989333
1.1052898,-0.31730548,0.73151106,-0.4289231,0.45907256
1.8898991,0.40784612,1.0185226,2.1691356,1.2247529
1.2577709,-0.38401514,-0.0989933,-1.7042361,0.061354246
1.4328711,0.28789964,1.6118016,1.1367736,0.23213378
0.22072904,-0.7171725,0.14713673,-1.2522749,0.5621493
1.8529688,0.26965547,2.1221035,2.1667798,1.4587874
1.5567662,0.6223876,1.3105645,1.6748308,0.7264332
0.88670886,-0.27504718,-0.15143992,-1.8201299,-0.043000728
-0.21339996,0.051277723,0.51964283,-0.8653908,0.82445306
2.362267,0.47139373,1.6634337,2.0711608,0.59763485
0.9898539,0.18272571,-0.38102552,-2.3051457,0.35423607
1.2541553,0.11333845,0.3262797,1.150455,0.3628394
2.4899368,0.6767174,0.46439302,1.8422685,-0.23832671
2.303653,0.47101456,1.035921,1.5527339,1.5399803
2.1660912,0.6113739,1.0502647,1.6553819,0.70709586
3.864016,0.91431683,1.1931047,2.1092548,0.84135973
1.9525907,-0.092009984,0.6810674,1.2589077,0.74571383
0.8908764,-0.19826436,0.072441526,-0.4625558,-0.112351604
1.7952148,-0.15433547,0.9552247,0.020894943,-0.38832152
2.3510623,-0.2509931,1.0258534,2.3645833,0.46275946
1.0615621,-0.68341136,0.53952634,-0.25856745,0.7011333
2.5288942,1.2374065,1.2025661,1.5818635,0.36581978
0.82047844,-0.5049556,0.49225608,-0.69786245,0.40501514
-0.08690721,0.5262003,-0.42445505,-3.025287,0.7517744
1.55284,0.21075942,0.036706164,-0.566831,-0.29595464
1.8992083,0.06654343,1.4779778,-0.71452177,0.31829256
2.3962088,0.2692034,0.6108857,-0.5236692,-0.0148265045
2.6626217,-0.054252513,1.8524835,1.9304451,0.35926706
2.667977,-0.21938232,0.36507154,2.8260655,0.7035389
2.6754444,0.051638022,2.053491,0.57560587,0.5394368
0.77860904,-0.29462242,1.2157729,-0.9158762,0.71756876
-0.0121195605,-0.6696484,0.72320056,-1.9717615,0.22103728
1.7870082,0.39154977,0.40637335,0.22809707,0.43731293
1.1404872,-0.0602694,0.67750233,-1.0175196,-0.092579134
2.7628267,0.24545865,1.570425,1.8114722,0.0319459
2.2663512,-0.009959038,1.2680956,0.7572876,1.2641357
2.9187882,0.448682,1.0291405,-0.030275337,-0.3637208
0.8219947,-0.5908561,0.5840949,-0.07387766,0.5161024
-2.1236258,0.4156247,-0.466694,-0.7275496,-0.2800044
2.0481086,0.9793964,2.8535562,3.5531602,-4.5876355
-2.3411071,-1.1467595,-1.7784948,3.5266435,2.1771598
1.602369,-0.37872997,0.50787586,2.3372405,1.5413412
0.90934193,-0.11546218,0.3883769,-0.64875925,0.5605234
-1.0776004,-0.40688005,-0.90790564,-2.652183,-0.046157885
1.0112048,-0.29095244,0.046980046,-1.2927653,0.59191155
0.74502146,-0.6230116,-0.19310412,-0.81695956,0.25707737
0.85904276,-0.66265845,1.7291697,1.2264596,1.0197839
-0.7109778,-0.6707073,-0.43324322,-3.0266404,-0.05631386
0.2908828,-0.701049,0.2758921,-1.6810548,0.57823145
0.89629555,-0.13773525,0.2031448,-0.3115011,-0.24932118
1.3957605,-0.1337794,0.71472585,1.1302569,0.3871411
1.3879317,-0.08218937,0.5398737,1.0379668,0.68801606
-0.15212756,-0.4329301,0.3912941,-0.2733914,1.0087943
1.3896408,-0.17976731,0.43489575,-1.5882621,0.34517726
1.6680926,0.07617535,0.6035705,0.7041273,0.515374
1.1669253,-0.37276718,0.7092229,-0.6221169,0.0042107105
2.2773128,-0.08250437,0.49937686,0.5307582,0.4528894
2.7403383,0.17653956,1.2398876,1.8599154,1.5223691
2.3929486,0.5469683,0.7900561,1.267467,0.022962714
1.3298684,-0.311032,1.1167829,0.23574026,1.2878382
0.4603108,-0.463668,0.23284717,-0.7668763,0.4356781
3.851561,0.7618499,0.8135326,3.959033,0.70290405
1.7412611,-0.19202852,1.17207,2.3277073,1.0213332
0.51706684,-0.16732204,0.92064035,0.9933436,0.18213072
1.9845738,0.057111062,0.9910767,0.1870533,0.5073639
3.216587,0.5805784,1.5282031,1.8903439,1.3679421
3.525073,1.1820035,-0.78100604,3.0546248,0.07203308
2.0723634,0.7945532,1.5965197,1.7276227,1.6199695
1.4992231,-0.18446974,1.4037557,0.5607579,0.88061637
-0.16295548,-0.67634404,-0.0067145224,-0.51775795,0.26622835
-3.1149535,-0.8141911,-0.7228138,-1.9705865,0.25325587
1.0749801,-0.5953915,0.31071913,0.5383762,0.703469
1.5972577,0.051593028,0.7237377,0.700207,0.27479768
-0.5659548,-0.16482411,-0.62773395,-1.8016355,0.1368609
1.8419319,-0.1284639,1.044738,0.07020144,0.26284158
0.8763248,0.118730746,1.3027277,1.8651897,0.68194973
0.8241829,0.4908589,0.7630631,0.6414882,0.6817744
1.3366938,-0.38575184,0.74827015,-0.38308138,0.79319435
2.634744,-0.42516008,1.0852791,7.548012,1.3967042
-4.5572724,-1.924554,-0.44334757,0.0060405135,1.7840053
0.95485044,-0.48969203,0.8241209,-0.25321764,0.40378815
1.0556178,-0.20683467,1.2157468,-0.71740496,0.3253519
0.47787538,-0.4732828,0.24823296,-1.447694,0.6880385
0.71187234,-0.3395292,0.49429545,-0.38206068,0.38765267
1.1278783,-0.49304977,0.3288927,-1.7829809,0.68002695
1.2370383,0.25491437,0.22270721,1.0468801,0.528104
2.6230679,0.8154854,-0.9193354,4.295751,0.99949384
-1.8152353,0.07371143,-1.3766944,-1.6950297,-0.20176947
-0.7372782,-0.44084954,-1.4210817,3.6790376,2.2769754
1.3164173,-0.2883377,0.8383121,0.56446445,0.15891902
-0.26474372,-0.4202238,-0.5239611,-2.1605215,0.2552297
0.58357793,-0.48330948,0.7288989,-1.0223705,0.81970257
0.119727165,-0.18430291,-0.035416264,1.3513256,0.03943304
-0.709666,-0.8121013,-0.06283135,-2.2342117,0.77876395
0.580631,0.69748574,0.28232554,1.2835975,0.9172935
0.8647768,-0.4190216,-0.11698116,-0.5353813,0.15893285
2.3969283,0.43456438,1.3475263,0.11734401,0.76701134
2.5479703,-0.17361744,1.3927242,2.5405076,1.837548
1.3333862,0.22419481,1.4897344,1.7215967,0.06636525
0.80504185,-0.49335152,0.8793691,-1.1599193,0.26129293
1.0576423,-0.6582821,0.85781646,1.6612307,1.0562118
0.10900921,-0.666716,-0.26793802,-1.5409503,-0.24405643
1.6968914,0.33100578,0.97736293,0.9381196,0.7709686
0.5381945,-0.7581991,0.13724047,-1.1461054,0.24136876
0.7235826,0.10958918,-0.3658266,-1.1454247,-0.16920088
2.12843,0.31424397,2.059659,3.322167,1.2639917
-0.24169861,0.7702922,0.2691201,0.7548027,1.4106665
0.6479126,-0.39897352,0.28750777,0.3524774,0.2723762
2.6543787,0.22396454,0.8762195,1.7016644,0.7454539
0.69773877,0.19689935,0.67868316,-0.3130843,0.18399313
0.090879716,-0.25848413,0.358347,-3.1756198,0.607377
0.8263214,0.42675787,0.62426543,0.6371488,0.80759156
0.36623102,-0.40396243,0.4802935,-2.0359416,0.5980746
1.0848614,-0.026727255,1.1763334,-0.054944824,0.5408442
3.0177398,-0.106405474,0.9118026,1.1031971,0.41894606
0.74134034,-0.5545809,0.77203584,1.2585285,0.8851384
0.4462905,-0.13960437,0.6133191,0.004855424,0.011496483
1.480198,-0.28034997,0.7662922,2.8651316,0.86780834
1.3002256,-0.23381323,0.06876552,-2.1753156,0.4847924
1.0428716,-0.24612999,-0.13594836,-0.12048027,0.32489562
0.15250494,-0.4231348,0.409716,-1.7443858,0.11964331
1.8482612,0.6411009,1.1934352,0.61870736,0.98044777
0.6934761,-0.26505905,0.4041524,-0.845136,0.08373604
1.9200996,0.042776503,0.70328,1.1194335,0.68002003
0.9045484,-0.4669383,0.77808464,0.19508211,1.165325
0.9489658,-0.14297852,0.36383078,-1.1042275,0.43982476
1.1859562,0.044206984,1.419094,1.0691742,0.68724644
1.3507047,-0.38564026,0.7128237,-0.11938371,0.4912501
1.0444185,-0.4049211,0.16722569,0.79253566,0.50220233
0.65742654,-0.09429712,0.8210034,-0.13352394,0.7601391
0.9345356,0.0612892,0.09462315,0.043865982,0.87422323
1.6669321,-0.05812013,0.6613199,-0.68180436,0.58316696
2.1772316,0.050538648,1.1432785,0.96192163,1.0051265
-0.30468404,-0.6197098,-0.40622392,-2.0159476,0.43965802
-5.068894,-0.6565667,-1.9060892,2.1775312,0.3634175
-3.5999112,0.4381679,1.3433243,2.1782346,0.70779115
-2.0352423,-1.4676218,-2.2254233,2.3694575,2.992507
-0.047998607,1.0437846,-0.85550755,-0.57623416,1.5853286
0.89393795,0.010093447,0.44600406,0.44936597,1.2285057
-1.1180794,-0.022878906,-0.19966958,-1.6914505,0.042820096
0.4267457,-0.4790288,-0.08133821,-2.2102284,0.61514944
1.278926,-0.12287684,0.443875,-0.38145393,0.87230974
1.9745549,-0.45116472,1.9425354,2.507834,1.087327
1.0518416,-0.4285957,0.05206149,-1.5465771,0.54597354
1.0710076,0.42676502,1.2450714,1.5476664,0.8469951
0.69895834,-0.28535396,0.32534564,-2.2505324,0.070783354
2.1600378,-0.34691,1.0973905,0.56813174,0.8222017
1.2654779,-0.5180967,1.0399755,-1.011813,1.0971441
1.2020671,-0.07246576,0.24787515,-2.428717,0.094482236
1.6009103,-0.4320892,0.29041532,1.5155779,0.6994827
2.4522305,0.35094714,1.5333574,2.0351617,0.39627737
0.46254414,-0.54405975,0.5826942,-0.8702242,1.1753333
0.7640724,-0.36622173,0.36317307,-1.7415603,0.27437595
-0.23545237,-0.6002019,0.033894204,-2.0581865,0.10248267
0.8941201,-0.16160095,0.38597816,0.10059656,0.44241005
-0.03882558,-0.8159449,0.15258706,-1.3175051,0.9097161
1.8387307,0.26552692,1.8641746,0.7701898,0.26068366
2.4476862,0.7121035,0.23094034,2.0039358,1.132216
1.2816573,-0.48935723,0.75739163,-1.1547103,0.39592996
1.2982122,0.42452288,1.440253,0.83159924,0.8844321
3.2220173,0.5133556,0.99638367,3.3996687,1.1078981
1.5666412,0.7357577,0.8795318,0.8945636,0.70193404
-0.2284042,-0.6887713,0.18857121,-1.5578974,0.50783396
0.020237753,-0.50857943,0.4413509,-1.6528795,-0.23905528
1.8829426,0.22718006,0.014252363,2.4777334,0.27719405
0.19877848,-0.08175012,0.88665557,-0.31738666,1.4030159
0.28419527,-0.05505715,1.3332455,-0.20639071,0.52719426
1.7321001,-0.013980558,0.89156544,0.3762471,0.8744607
0.45261055,-0.48901322,0.22802009,-0.61712253,0.02545958
-0.5325148,-0.6047202,-0.20586133,-1.837939,0.21769015
-0.5086961,-1.1710174,1.3086936,0.34611306,1.2047466
0.45823207,-0.68789303,0.026878458,-1.4135244,0.5749805
0.14707941,-0.615423,0.42185956,1.938478,0.07718754
-0.16435203,-0.402644,0.62382317,-0.6765352,0.82739264
0.6530219,-0.51648486,0.14260137,-1.963219,0.13052683
-0.54716635,0.6152823,0.8832383,0.49181795,0.8165418
1.7142054,-0.28220758,1.2401166,2.429786,1.4066554
0.1092805,-0.23396572,0.1556038,-1.7048669,-0.14190292
0.330605,0.7428676,1.2748963,0.5597452,1.6246392
0.9070348,-0.23798144,0.06646547,-0.4904463,0.5762945
0.083688684,-0.3853525,-0.36034513,1.5834551,0.47505563
1.2646747,-0.44780892,0.31146866,0.94129366,0.8789508
1.3379806,-0.62885076,1.3617613,-1.5553864,-3.9625335
-0.1032578,0.9809851,-0.42984635,0.82906544,-0.8180972
-0.24100097,-1.3119209,-0.2530622,3.5486145,2.818588
-0.21892633,-0.41967285,-0.37117675,-1.8301954,-0.22046171
1.5591251,-0.44497532,0.54946935,1.4541842,1.3419594
0.48063582,-0.26800054,0.30585298,-1.4974941,0.6314679
0.8065501,-0.3958638,0.33437225,-0.70353746,0.15206991
0.84880143,-0.2846771,0.43716973,0.77852124,0.62010545
2.5897374,-0.0011384487,1.0199342,2.9996333,1.0955501
1.4973437,-0.5619289,1.5458905,3.3172739,0.23769067
0.95811695,-0.29498005,0.852908,-0.7475572,0.40715724
0.5423241,-0.5426462,0.21213229,-0.87896806,0.84556603
1.1652628,0.5028086,1.1730245,1.1344533,1.0940759
1.2481961,0.18844011,0.67798185,2.3889465,1.0432
0.75645983,-0.36054742,0.79946303,-1.8116653,0.022340441
1.1635514,0.90749824,1.052769,1.0787176,0.8931789
1.7505755,-0.40356073,1.6901051,0.22428331,0.65583515
0.9578813,0.03532097,0.30907184,1.1237695,1.3645729
1.6866488,-0.23944718,1.2736787,1.9186875,1.0189561
0.63022006,-0.19618616,1.0780919,-0.7838997,0.2944665
0.18141605,-0.8345842,0.46817553,-2.2470124,0.8115305
1.5062829,-0.094335265,1.1042022,-0.1145549,0.22361697
0.87738484,-0.28636044,0.8341481,-1.3377291,0.8085666
1.0488951,-0.13997027,1.1101276,1.1747049,0.031487837
-1.2110943,-0.78043604,0.8560952,-0.2543063,1.2263395
2.7409697,0.60126436,1.3164366,2.0371997,1.2052652
0.50602436,-0.10568106,0.92983466,-0.29010043,0.46406677
0.3113193,-0.6666423,1.0073055,0.3951784,1.2656307
1.336974,0.11131631,0.6416717,-1.216992,0.00417614
1.3527817,0.08589056,0.94895405,-0.2697341,0.95272434
-0.98275524,-0.15207966,-0.9206708,-3.3272827,0.2904688
2.6415522,-0.095913745,1.3324635,-0.15855293,0.7660423
1.3735027,-0.30734602,0.65296316,1.2298027,0.8542073
1.2097572,0.22553492,-0.1596669,-1.8802118,-0.23193157
1.6681814,0.30216342,0.94698733,1.0503247,0.9363544
0.95804703,-0.20753503,0.25748715,0.088575624,0.02037337
0.5723864,-0.45915216,1.1376748,-1.150453,0.54055303
1.8990891,-0.45744032,0.80119723,2.2298856,1.1311615
0.46965247,-0.3870933,0.8161845,-0.31194755,0.44917223
-0.7373116,-0.72496885,-0.2535785,-0.8797896,0.5138802
2.6538308,-0.029062249,0.61038005,2.262419,-0.0514083
0.18135597,-0.7042004,0.686468,-1.3325272,0.6546681
0.6618438,-0.58185613,0.3573202,-0.64768374,0.8634045
0.45027328,-0.45942575,-0.11005511,-1.8467921,0.28479287
1.5906937,0.90504754,0.7854525,1.1840891,1.171271
1.1198174,-0.21553874,1.0235668,0.5660553,0.46417132
2.184988,0.3198242,1.0861132,0.5602564,0.97125196
0.58233154,-0.41846916,0.26838413,1.0565673,0.5984979
0.8245568,2.253831,-2.1783714,3.6285567,0.22568505
-2.2132072,-0.34172577,-0.9523803,1.2703365,0.5881138
0.32479447,0.0097945295,-1.6743711,3.0512803,1.9383057
-0.255903,-0.8088306,-0.7818777,-0.104407504,0.44123664
0.06822807,-0.73796546,0.04974896,-0.4222425,0.4453859
1.4142003,0.26572946,0.70529294,-0.025487775,0.4142143
1.4760379,-0.29101467,0.913772,0.2498809,0.9334958
1.0950482,-0.36501843,0.67148393,-1.246905,0.28928316
1.336781,-0.22401668,0.561451,-0.6362207,0.4933177
0.50593024,-0.27412787,0.7489531,0.07599114,0.015246538
1.1121699,-0.3957662,0.3627417,-0.15680827,1.2105712
1.868267,-0.044769943,0.84379166,0.20171347,-0.17058453
0.44421065,0.1341185,0.08988832,0.16549315,2.120291
0.69507086,-0.3183874,0.6938511,0.39603785,0.66975033
1.4566053,0.10699043,0.8002589,0.23594481,0.46323898
1.2775483,-0.22095361,1.0185949,1.4915682,0.72836715
2.3919325,0.82035255,1.506589,0.9563697,0.8362432
2.13877,2.731019,-0.80669916,-3.7564464,0.257678
0.94322765,0.67009985,-0.15387347,-1.7084676,0.98724943
2.1103973,-0.11983298,0.8480063,0.49369007,0.25930527
0.17355596,-0.29542667,-0.3144995,-3.1761847,0.57047766
0.018997947,-0.29851088,0.057270892,-0.44152418,0.24934448
-0.5047503,-0.60376257,-0.5256066,-1.9459558,0.5560127
1.5014983,-0.29758337,0.9952329,-1.1690886,0.3335605
1.3823102,-0.44833568,0.23787013,0.1346244,0.22029318
1.5643917,0.5147214,0.8075752,1.9057648,0.79992455
4.1637783,1.431665,1.5462662,0.45911235,1.0194964
0.74339974,0.398548,1.1801544,-0.46604055,0.32692638
3.0384216,2.0271132,0.5703015,-1.837335,0.82304454
1.5694535,1.9066548,-1.3455002,-4.133996,-0.59413266
-0.57285213,-0.9159959,-0.48060364,-2.292826,0.46591842
2.5363817,-0.0036394594,1.2387081,2.0294695,0.78188336
-0.14960098,-0.5507749,1.5180886,-0.47657734,0.42108986
1.5012969,0.043505155,1.3688625,-0.15456402,1.0088781
1.1767496,-0.3822686,0.72874737,0.9787776,0.13478757
0.23335579,-0.197533,0.010956823,-2.1478689,0.5914252
1.5219446,-0.27405372,0.5120585,0.57242435,0.15480696
1.4907849,0.349035,0.6812382,-0.59645,0.20473808
0.7814979,-0.59368837,-0.11800942,1.0534587,0.063594416
0.13487981,0.033959616,-0.18621475,-0.6691484,0.51017445
1.3289523,-0.0014069676,1.204751,0.20603962,0.7309911
1.3699784,0.048395615,1.1277207,0.7550347,0.6114399
0.5899503,-0.46295965,0.83121157,1.6646484,0.12138738
1.7472745,0.62459075,1.591419,1.7538066,1.1680465
1.4018346,0.060954534,0.24975477,-0.10054936,0.8247009
0.31393552,-0.24745418,-0.15608962,-1.8239008,0.21171667
1.3150095,-0.14301607,0.08587034,-0.74574167,0.28565013
1.6708274,0.8510431,0.08079123,1.0602221,0.24659373
1.9703428,-0.089588754,2.9932325,-6.1642923,-5.2495813
0.10529567,0.41006148,0.07836548,1.1362352,-0.39853525
-1.4198117,-1.7064596,-0.83745193,1.2656287,3.0590541
-0.23339772,-0.6249044,0.07754783,-1.7329327,0.4833382
0.79426366,-0.31603956,0.47477385,0.30338022,0.55071837
2.0129433,-0.041581452,-0.17443793,3.1439986,0.3193356
2.5224848,-0.17217723,1.3213291,4.7749853,0.90568835
1.3135886,-0.33665866,1.1863115,0.25294328,0.5055625
-0.18243165,0.5301666,0.92048216,1.1048632,1.0763195
0.5344649,0.20832744,0.8420137,-0.20608978,0.96929324
3.3083227,0.4379252,1.4350452,2.956615,1.5722549
0.5854182,-0.37499952,0.37865958,-2.5042405,0.31567326
1.2472317,-0.048041273,1.02411,1.991266,0.78767926
1.024271,-0.74497855,-0.11200405,-0.31709948,0.2847851
2.721555,1.4907444,1.4671024,0.0634204,1.1142566
2.068237,-0.06724286,0.8048079,1.3664101,0.23446976
0.75407016,-0.4292257,0.78629595,-1.3922167,0.6178274
1.352328,-0.10618436,1.0049295,0.5764121,-0.079427704
1.490577,-0.14219339,0.4696163,-0.3945481,-0.18384363
0.16205078,-0.36440086,-0.23222892,-2.1086338,0.10149742
1.7295221,-0.52098805,1.0297898,1.8131821,1.2203125
-0.15092412,-0.1686556,-0.7473656,-2.0534961,0.52048975
-0.37985167,0.89915043,-0.060322914,0.86975443,0.8966473
2.163899,-0.1480796,1.6429964,0.44073063,0.90443027
-0.1666666,-0.641111,-0.09396178,-1.3511264,0.5474388
0.07783943,0.037606776,-0.041795544,-0.5045756,0.1845955
1.2789872,0.6400039,0.9082141,1.8155589,0.79990554
1.6553004,-0.5615478,1.0076127,0.9064862,0.91858166
0.83671767,-0.33024308,0.2628881,-1.0164584,0.4747809
0.83353347,-0.4661651,0.18311542,-0.2207705,0.72102547
0.55267507,-0.26163656,0.8962119,0.25772563,0.38864985
3.383138,0.44542578,1.4986471,3.049929,1.6676505
-0.14937545,0.25943923,0.026689332,0.5170716,0.47769699
1.6943533,-0.28788775,0.98838305,0.73670024,0.9259956
2.2102664,0.62754655,1.2075901,1.5864222,1.0862256
0.5473718,-0.2748295,0.0563751,-1.869306,0.44518715
1.5381969,-0.19467933,0.11432444,1.6825566,0.19347374
1.328553,-0.3933039,0.9827325,0.5465703,1.2414773
1.5177308,-0.3423866,0.55320793,1.3354452,1.2049623
1.9604226,0.29893014,0.6324863,-0.6760515,-0.12729539
1.7345903,0.80361366,0.7342725,1.0042719,1.432855
1.0367925,-0.28166142,0.7989362,-0.2678263,0.74694896
1.5999187,-0.25255436,0.25114974,0.42224348,0.35772803
1.7236807,0.54304457,-0.09638639,1.435102,0.42884585
0.7709342,-0.7119158,0.84495014,-0.72137433,0.7395997
2.3327444,0.015003372,1.2156905,0.11418315,0.3449232
0.6182212,-0.20985323,0.8114583,0.43224376,0.49903402
0.6168842,-0.3943525,0.9048933,-1.11,0.6154336
3.0838335,-0.7290139,4.285896,1.739084,-2.0281467
-3.0491364,0.14431041,0.3621395,3.179256,0.06752595
-0.13480872,-0.48046434,-1.1362214,4.562493,1.2215177
-0.07440262,-0.50777805,-0.1837133,-0.37550667,1.1804655
1.2277287,0.28863844,1.4480692,1.5675865,0.98485655
1.2486095,0.51209724,1.1995512,-0.60388166,0.19255593
2.3139198,-0.055141486,1.3779764,1.0286409,0.57890356
2.157889,0.07527477,0.32316285,-0.58014816,0.5024581
0.780286,-0.3982222,0.7749845,-2.0146964,0.5242291
1.9160953,-0.37169072,1.1630726,1.2055951,0.39103478
2.1010506,0.39076865,1.1435539,1.5857844,1.1600916
-0.08831957,0.018461922,-0.32637027,-0.7592191,-0.11719834
2.247776,-0.15814178,1.4309486,-0.02602672,0.41693965
1.2770067,0.29943246,0.984395,1.6408943,1.2616428
4.28527,0.68249995,1.0133811,4.6452928,0.99982625
0.72399586,-0.38040543,0.32759073,-0.17999312,-0.05131323
2.161761,0.79682195,0.6258481,1.4451123,0.3027531
0.5683277,-0.37153062,0.7753339,-1.2295474,0.23817722
4.836472,1.3168678,1.4427795,2.8270986,0.53983593
2.1424503,0.10214956,1.0619713,0.73740214,0.45003712
1.9594582,0.15346067,0.43156686,-0.42014998,0.13276176
-0.6361178,-0.28431648,0.1120686,-0.93044186,0.3483789
1.3354169,-0.07447373,1.0562665,0.34417188,-0.084200144
0.6767242,-0.3544654,-0.22573847,-0.65821856,0.4163754
0.83766836,-0.36915836,0.69573647,-0.55553806,0.11271891
1.1763512,0.63199073,0.9118535,1.5555365,1.0057635
-1.3201385,-0.83236426,0.7750659,-3.4335618,0.54874426
1.1104982,0.36001468,0.7374285,-0.033619154,0.66144824
1.5513297,0.10232211,0.5091897,-0.34637758,0.5094081
2.4985702,-0.10745499,0.7865661,0.054819923,0.47911054
2.257679,0.056217615,0.61996776,2.6608663,0.16599025
1.8746135,0.07645577,0.9553388,-0.07992896,0.6652058
0.024613367,-0.4543488,0.61323434,-0.7894493,0.5959727
-0.31306595,-0.18280971,-0.02748547,-3.252176,0.21206409
1.3829654,-0.28215516,1.6986918,-0.51411307,0.22417179
1.1554897,-0.25253618,0.47667184,-1.4435241,0.4919439
2.3084319,0.052269816,0.8885416,0.96510535,1.0224589
-0.4443491,-0.12954077,-0.5210653,-1.8945148,-0.1923347
0.29157045,-0.26918167,0.024392651,-0.2879399,0.3021542
0.84193355,-0.35449874,0.40698233,-1.3853769,-0.023890937
1.1046184,-0.14612737,-0.032321185,2.1938834,0.59155905
0.21736203,-0.7599844,0.6395621,-0.616169,0.6248437
3.3554466,0.6257966,1.5229969,2.929722,1.2616678
2.5018997,0.35489368,0.5502637,1.9771023,0.305394
1.2752861,1.0829138,0.077803776,1.4314445,3.1837907
1.0917053,-0.14217164,-0.29649985,0.6234362,0.23322962
0.94153833,-0.5809654,0.83820134,0.55345273,0.8317009
1.4398702,-0.04795574,0.650435,0.20830938,-0.123833194
-2.3558626,1.788382,-3.0738647,6.7164774,2.2342546
0.53231,0.78441966,0.25984228,2.1486454,-0.3498782
-0.7107016,-0.992589,-0.95522696,2.9876125,2.201809
-0.0029317886,-0.594946,-0.31545392,-0.880798,0.7065171
1.2010741,0.075526,0.73822683,-1.675896,-0.14083213
0.6585352,-0.4872151,-0.08013892,-1.0479127,0.64904886
1.8831663,0.041317113,1.2842083,0.29867765,-0.13480659
0.5344525,-0.32086885,-0.007893442,-1.030828,0.005970359
-0.007206179,-0.6709491,-0.068903685,0.17002292,0.5723239
1.8522105,-0.32909575,0.31853232,3.4657555,0.8862911
1.3790016,-0.28399757,-0.019466333,-0.72720355,-0.10845986
1.534856,-0.36172366,1.0565195,4.9526634,-0.21999502
0.6550617,-0.27845454,0.028767444,-1.3609455,0.07802587
0.41067654,-0.40765062,0.05247371,-0.74843115,0.18049471
0.7667264,0.11796612,0.21304268,0.2753523,-0.09320226
-0.9322711,-0.5289465,-0.96295124,-2.4719255,0.35901648
2.8371415,0.16913679,1.2580972,1.7929085,0.7786715
-0.39234862,-0.43978557,-0.67909026,-2.3332705,0.1669072
1.8537444,0.31682196,1.0965384,1.7171106,0.40518194
1.0532959,-0.27437684,0.24250919,0.41355586,0.5092725
1.8052226,-0.28195238,0.87861305,1.321964,0.83241856
1.4483173,0.6279817,0.6282102,-1.186965,0.81574994
0.2270117,-0.5182607,-0.045573503,-1.6234263,0.042301536
1.4146359,0.057684142,0.36462212,0.049764864,0.44745445
0.63256747,-0.64721376,-0.0103690615,-1.1802633,0.44980124
1.8737962,0.3233786,1.3453537,1.908964,0.8025283
3.420007,1.7479353,0.48390266,0.22694743,0.5877631
0.8092838,-0.55870736,0.32792473,-0.9758592,0.73554546
0.9029481,-0.17301233,0.4095315,-1.6449225,-0.06684059
0.807233,-0.41086748,0.21903618,-0.8787626,0.41653177
1.5335668,0.2846083,1.1706835,0.5199801,0.5413635
0.19743837,-0.16951188,-0.446536,-2.1680262,0.60933465
0.11043376,-0.48845786,0.07349699,-1.507076,0.21213496
1.2898557,0.32657152,0.73615634,0.0325511,0.3849886
0.49768955,0.25903508,0.15953779,-0.8858032,1.1501976
-1.1443588,1.0553819,-0.53669626,-0.5550838,1.0600362
-1.9742204,-0.2034139,-0.62818867,-4.5668163,0.5402705
0.19923845,-0.49498543,-0.23666987,-1.504596,-0.08336613
-1.1918969,-0.45590723,-1.5592265,-2.2923923,-0.07027085
0.6209066,-0.6539886,0.31411794,-1.0908415,0.771631
1.5811024,-0.27319455,0.57717735,2.8254485,0.19888814
2.6216896,-0.087241694,0.69604516,0.17912179,0.6809227
1.4558047,0.01327931,0.5548826,-0.44815454,0.17790201
0.31077147,-0.78071123,0.37109637,-0.6840241,0.7151373
0.73160547,-0.3084551,0.80608535,-1.6065795,0.5515556
0.706177,-0.45234218,0.5384785,-0.5199457,0.34958613
0.25700557,-0.2406928,0.3211725,-1.3884772,0.500108
2.5083456,0.27089614,1.4485377,2.776922,1.0770919
1.1460844,1.1941077,0.124014765,4.7852335,-2.1516392
0.5620951,0.19547625,0.9174711,2.3693774,-1.2798051
-0.8147497,-0.73134685,-2.1542926,3.3045824,2.6015441
1.690484,-0.34640872,0.55043906,0.90757513,0.054668304
2.2672005,-0.10795145,0.53582716,2.7928715,0.8331448
1.1642077,-0.2711418,0.46813363,-0.35629582,0.30604297
1.0976726,1.1828508,-0.052861016,0.11912801,0.50723255
3.1184,0.8496938,1.1065509,1.8824664,0.6620054
1.6714263,-0.1272553,0.7235297,-0.39017618,0.063187346
0.55681556,-0.3949411,-0.04018062,-0.9848442,0.6246062
1.5781051,-0.18867996,0.62435937,-0.5709309,0.54779565
0.9147819,0.22141801,-0.20079967,-0.40298706,0.13124415
1.7750046,-0.20671403,0.65912104,-0.053753838,0.5275191
0.92768943,-0.40599698,0.015150424,-1.8019335,0.32211906
1.4729717,-0.24422854,1.5333742,1.621732,0.6249103
3.7826219,2.8941932,-1.1467991,-3.6864595,-0.37180302
2.4632823,0.18916555,1.7711811,2.633817,1.0368102
-0.14073807,-0.11861454,-0.21084593,0.6981544,0.32313532
1.1755685,0.38693652,0.69656885,0.64929795,0.23546445
1.8319595,-0.3708482,0.08051264,-0.07713688,-0.055643193
1.2160581,0.1382233,0.46560067,-1.2253135,0.15880062
2.7396817,-0.19128075,0.9141358,1.778937,0.52094245
0.24914026,-0.5083595,0.03408899,-1.4162024,0.80524343
0.89664435,-0.5711282,0.71311545,-0.84291863,0.89497656
1.8241818,0.012966089,1.4009523,2.4726362,0.16623914
5.562435,1.5226792,0.7369615,4.601787,0.95087
1.7110261,-0.4969107,0.5227152,-0.164254,0.8063126
1.2074044,0.17187274,0.04495177,-1.4368817,0.09326276
-2.4820678,-0.0474363,-0.8093738,-0.7590039,0.743299
1.4583913,-0.41159403,0.63224983,0.7999015,0.7033091
1.0808883,-0.20636997,0.55294204,-0.52365935,0.31892255
1.1325386,0.12120846,0.48239973,1.7654688,0.67900676
1.5886389,-0.1008971,1.0840486,-1.6839288,0.49737856
1.842982,0.19356665,1.1604956,0.6386922,1.3339441
2.0152872,-0.36677086,0.6619443,1.1731058,0.32491118
1.5724385,-0.012252325,0.6355225,-0.23047006,0.47133857
2.4760497,0.5816858,1.4600551,2.27097,0.6902965
2.8554354,0.0308614,0.88951224,0.92444247,0.25683537
1.7052423,0.0047501917,0.5819316,-0.20148727,0.048297808
0.81398594,0.08795153,0.0057553053,-0.4162993,0.87239695
0.5938824,-0.44515467,0.52304906,-0.25478718,0.59268475
1.1542051,0.5578668,0.60960054,-0.3895262,0.7182373
2.041415,-0.20725948,0.5995282,3.8592029,0.8857031
1.8751175,0.33615676,0.7258083,-0.53488576,-0.018083064
0.5978316,-0.23110476,0.12153585,-0.87734056,0.78364176
0.69434243,-0.045274787,0.7421868,1.9559091,0.37852502
2.3685791,0.16145526,0.6167572,2.155861,0.54518217
1.289587,-0.107481815,0.16344233,0.5737713,0.12991667
-1.7959366,1.4283149,-5.1907516,6.5861263,4.893219
-2.8732243,0.14410989,-2.0385365,0.99744105,-0.46672544
0.35497314,-1.0585682,-0.4103703,6.092949,3.659759
-0.09967865,-0.75203115,-0.2119998,0.1951962,1.2055938
0.96909326,-0.21636537,0.28364912,-0.22080787,0.0924495
1.2739761,-0.3167743,0.5640342,-0.32469416,0.44737583
1.9699256,0.2641266,1.5476252,-0.24922398,0.032925114
0.5460646,-0.33449176,0.09432644,-1.2869558,0.5017876
-0.16542155,-0.25269192,-0.27231646,-1.4805579,-0.6962997
0.75649077,-0.2821772,0.203061,2.184805,0.13305388
1.5038685,0.15914677,1.60235,2.9852736,0.93702096
1.4899303,-0.41281086,1.1820046,0.7652122,0.829593
1.1974722,-0.112798795,0.9695636,-0.9143657,0.5589406
1.6534358,0.04312787,1.0684468,1.6682231,1.0402929
1.3401321,-0.43618166,1.0842372,-0.1251114,0.21942638
1.5818061,-0.31247663,1.3218296,0.7442908,0.34170598
1.6809165,-0.047931004,1.3307867,1.4307475,0.96407187
0.6299247,-0.1396619,-0.783907,-0.47758913,0.23874673
0.7938643,0.03085246,0.7186398,-0.60734135,0.39462346
0.7082092,-0.21910468,-0.36697227,-0.35148713,0.030369481
0.3503541,-0.37853268,-0.50751936,-1.0612851,0.23404197
0.85155004,0.07009779,1.0823532,0.43472168,1.3389814
-0.63960475,-0.26076066,0.12964751,-0.5854327,0.6505165
3.3999941,0.9446853,0.70539474,2.0188782,0.6684874
0.6373423,-0.8294313,0.8515473,-1.2633543,0.4954993
1.000597,-0.292212,0.031021092,-1.2589341,0.48062778
-0.22013299,-0.9565971,-0.2141422,0.5205189,0.866653
0.8637159,-0.5804818,0.53082556,-0.9190012,0.41864535
-1.4656619,-0.09736231,-0.8563812,-3.193858,0.20911796
0.7955173,1.2018474,-0.14997004,2.0769854,1.0623295
0.9476139,-0.03335434,0.8829038,-0.8809936,0.49963194
0.102002375,-0.5131368,0.047840733,-1.4319618,0.5461274
0.39500496,0.63313395,0.465303,1.0085323,1.0738467
0.72665316,-0.37545845,-0.043666407,-1.326249,-0.023408676
1.0684249,-0.47710526,0.65897167,0.15462008,0.7092483
1.3641841,-0.07053586,0.16248205,-0.9216103,0.18003063
0.5403673,-0.3415391,0.060784966,-1.3418853,0.09157228
2.7312675,0.0028681755,1.6337916,2.3903475,1.3630017
0.35608193,-0.47407532,-0.013707636,0.0021341443,-0.14840637
2.2531886,-0.18459785,0.9263425,1.5882845,1.241894
0.59130454,-0.62309676,0.29612282,-0.91726375,0.61653244
1.8539327,-0.39793774,1.5552726,2.9882252,0.7308348
-0.50051403,-0.5044107,-0.8216918,0.036293224,0.40687382
2.3017206,0.9298278,0.564402,2.7852552,1.0757403
0.64874315,-0.15453658,-0.7446597,-1.1187527,-0.24119763
1.3026165,0.1510693,1.3879414,1.8775573,1.0747417
1.921604,0.6067783,0.38279265,-0.7887279,0.6232966
3.293021,1.1252987,1.0332844,2.0762212,1.7274388
2.893558,0.29111442,-0.6166158,3.4380174,0.28937906
-3.9848561,-0.098629676,-1.3399572,-0.40518084,-0.6974623
-1.1819504,-0.8655108,-0.18351176,1.9946604,2.1110713
-0.5114085,-0.5891425,-0.30879217,1.0243158,0.7826917
0.801957,0.099399686,0.17226033,-1.249469,-0.21908414
2.0920293,-0.052851543,0.57266396,1.1738917,0.49961552
1.1375604,-0.39343005,-0.015357669,0.20109586,0.29804936
0.16688031,0.11735973,1.0941297,-1.262335,1.2196765
1.3626568,-0.007455646,0.2987507,-0.21354324,0.441082
0.1465855,-0.506081,0.12861586,-1.4441396,0.5557881
1.81768,0.5028229,1.0909308,1.2505347,0.93090487
1.0539062,0.6184342,0.11747264,0.82069737,0.040129635
1.6032424,-0.072491385,0.96458566,-1.6743374,0.26492688
2.0992682,0.0005349517,0.2607617,3.801915,0.63339514
2.443018,0.38542897,1.2958214,0.9722589,0.71277845
1.5636165,-0.08122474,0.49801993,0.39556783,0.7389882
1.7122282,-0.23135348,0.42538774,-0.33191022,-0.12206495
-0.7910506,-0.57543206,-0.6136291,-1.7920231,0.28534076
1.3361461,-0.20502435,1.4459323,1.7637565,1.313808
0.34173617,-0.11303122,0.57046103,-0.5757553,0.18664892
1.7742052,-0.19323535,1.0345277,3.779446,0.84602535
2.1242676,0.17879726,0.9123585,2.1655164,0.80267423
2.1523492,1.8109295,-0.19581273,0.5514686,1.1250085
1.1623547,-0.38782805,0.4530883,-0.49798593,0.04332223
-0.37098786,-0.8745729,-0.20983249,-1.2741851,0.57652
0.9414991,1.2822658,-0.44260165,0.12504846,0.44932777
-0.58633864,0.8655879,0.14102843,-3.2782187,1.4569134
0.3922381,-0.55565965,-0.3036305,-1.0202746,0.15644643
2.7321744,0.15415879,0.9765463,2.6863236,0.72656715
2.2567644,0.20179214,0.820471,2.2131424,0.8553834
0.26623228,-0.5515076,-0.11065871,-2.3259556,0.31058505
1.7682565,0.10811772,0.48485902,0.13681556,0.08674367
2.38751,0.36168915,1.8959728,2.0410833,1.3980545
0.36667708,-0.49814564,-0.015250083,-2.1157153,0.40977806
0.23132752,-0.7647049,0.6557684,3.9594321,0.72614735
1.8790102,0.17273793,0.24523577,0.24223086,0.6695905
1.2732855,-0.45260304,0.40991524,-1.0972792,0.54859394
0.803548,-0.4560628,0.9079418,0.037987754,0.8381206
-0.80271316,-0.4970712,-0.32440937,-3.076998,0.18935224
4.0563197,1.9184023,0.15960121,0.36434263,0.6926917
-0.42635807,-0.4767214,-0.3489993,-3.2114103,1.1498759
1.6304281,0.46993202,0.53811866,1.6741931,0.7268677
0.95726305,-0.18035454,1.2379774,-1.3269873,0.18951212
1.3663664,-0.19798732,0.59504455,-1.3381227,0.33804286
1.806351,-0.041729268,0.8541513,1.4241843,0.62605405
0.023720441,-0.5733549,0.3100987,-2.119193,-0.27101424
3.7195425,1.6563843,0.84374416,1.6608305,1.0635691
0.12063618,-0.669587,-0.1777581,-1.6399143,0.50428027
-5.3477483,0.2318238,-6.5932827,3.787263,0.78613335
-2.0152485,0.8188903,-3.5849576,-2.2422302,-1.2708124
-0.92251784,-1.5476112,1.8415651,2.9042113,3.7413878
-0.550926,-0.28717726,-0.057181425,0.4869449,0.83612317
2.4902852,0.20666905,1.3954973,-0.43694985,0.15057476
1.050065,-0.92945385,0.9261753,4.0634794,1.197594
0.4089475,-0.43538836,0.010903596,-1.9679935,0.42905065
1.4178399,-0.24594472,0.45252123,-0.15911546,0.5476315
1.1578228,-0.09586309,0.02810041,2.3310735,-0.16456337
1.3677785,-0.27430537,0.8702967,-0.7396669,0.6014352
1.7972513,0.3171602,1.0269973,0.6667693,0.4422217
0.45318025,-0.044015065,0.082350634,-0.34440002,0.032507673
0.38515672,-0.6685922,0.3520786,-1.0977113,0.61626554
1.5179147,0.009644327,0.49886867,-1.2283747,0.051711656
0.031140335,-0.661252,0.15486094,-1.3877194,-0.047422305
0.5109923,-0.55427516,0.43536097,-0.40478358,0.8508879
1.2435575,-0.049537014,0.07994867,-1.127583,0.042493403
1.3992287,-0.08751795,1.5034425,1.2155247,0.25196475
0.08871807,0.19716568,1.106991,-1.243448,0.091709696
0.046143286,-0.2935341,-0.55622685,-1.7103605,-0.12929873
2.54918,0.10176665,1.0585437,2.2977037,0.8170807
2.3348045,1.010908,0.76411915,1.9648311,0.40139976
0.25636685,-0.6497526,0.319575,-1.3767247,0.65051305
1.1877389,-0.593,0.65799105,2.6013827,1.2248081
2.3193831,-0.023799792,0.49903166,2.5963492,0.37621263
1.7045753,0.2834675,1.7381608,-0.32503048,0.5402576
1.4524615,-0.4159603,0.96368885,0.62113965,1.4667772
-0.7257597,-0.015699254,0.83163536,-0.6473298,0.18488416
0.83626807,0.26018736,0.74292856,0.22925258,0.47093248
0.7990552,-0.007815359,0.62123024,1.545007,0.95196724
1.1623415,-0.41762605,0.65641654,-0.56839323,0.71518224
1.7270496,-0.1315205,0.8445907,1.0069916,1.0731865
0.981234,-0.6734252,0.30749694,0.90366185,1.1040397
1.138807,-0.051362064,0.9487157,1.2129612,0.5396683
-0.1668994,-0.6027747,0.5053839,-3.1622596,0.48367438
-0.4483936,-0.38680676,0.72647774,1.027114,0.8213036
0.53788304,-0.3554854,0.6300779,-0.5686243,-0.1209708
2.0798872,0.044149764,0.4084324,3.1071625,0.67795986
0.5076936,-0.39588195,1.0465627,1.7851442,0.32878518
0.98228097,-0.25950176,0.9484367,-0.9974783,0.5295797
2.1951704,0.039422307,0.6039563,1.1428599,0.42966932
0.5874463,-0.35540357,0.2433018,-1.024869,0.44196767
1.0906954,-0.007748006,0.1173979,-1.0028589,0.36736137
0.5570437,0.12493765,0.15030411,-1.007869,0.014943181
2.3595228,-0.16862226,0.77093124,1.3687351,1.0706196
2.3670752,0.76134735,0.6977201,1.6167107,1.2142007
1.1479771,-0.15143637,0.8906016,0.6317102,0.46013793
0.63383555,-0.10523557,0.41052988,-1.5655878,0.38254488
8.413978,0.048159286,5.688738,5.892367,-0.94256717
-0.298845,0.042088382,0.9829267,0.20722072,-0.32759696
-2.6401489,-0.9644883,-1.3624294,0.49069113,2.6855042
1.7717448,0.6915308,-0.0769329,3.1295354,1.2454879
-0.746156,0.47419912,-1.043863,-1.2171373,0.30643275
-1.9777087,-0.10570788,-0.37104318,-4.433259,0.5741805
3.0422666,0.5962016,1.4370326,2.8208268,1.3553377
1.2739892,-0.23339324,0.1846079,-1.7382405,0.036667388
2.4905298,-0.5469414,0.82471657,2.7347243,0.76642144
-0.21916975,-1.0100999,0.04955078,2.9629836,1.5905331
0.15014075,-0.644492,-0.042432,1.2015897,0.81153303
1.4966983,-0.26088902,0.5609441,-1.2707883,0.18086547
2.6740868,0.48301426,1.2765795,2.1143322,0.3320249
-0.017424565,-0.39742684,1.0016702,0.25173563,1.3813021
1.8935372,-0.1541275,1.0226036,-0.47037584,0.26771992
0.24895176,2.7980504,-1.4289465,-5.198522,0.2675255
2.2046652,-0.029082812,1.5389007,3.0300555,1.345209
0.8301125,-0.39346012,0.6663296,-1.6413113,0.63764524
0.13411084,-0.6937713,-0.43105298,-1.2874646,0.5459865
1.0269358,0.40542987,0.84742767,-0.4153396,0.57309884
1.9119105,-0.10547634,1.0250404,0.7785546,0.65114367
-0.5260092,-0.6902068,-0.4809341,-2.5436585,0.09662473
-0.42225763,-0.46980107,0.58559746,0.033248384,0.07934214
0.62786084,0.034903444,-0.0018799305,-1.6953053,0.116485335
0.49115884,-0.09173613,0.29706484,-0.06418259,0.3656487
1.9139981,0.36543125,1.3452004,1.1512506,0.40592417
0.9453874,-0.3702009,0.6045253,-2.126332,0.45730385
1.1971753,0.35919076,0.29045835,1.853294,0.93338615
0.65307766,-0.56298476,-0.28463754,1.1556296,-0.017828105
1.9403318,0.51664835,1.3042178,0.38391423,0.68584627
-0.9286292,1.3358519,-1.0669329,-1.266874,0.5779126
2.0215158,0.40172878,1.8758126,1.246901,1.1736913
1.2538406,-0.35348582,0.54254425,-1.0347354,0.09481066
1.5339618,-0.18594892,0.93505085,-0.34056097,0.38612577
0.32685363,0.19666283,1.0695858,1.5275902,0.6844236
1.3398229,0.4113185,1.1628176,1.8995973,1.9277138
1.7717272,0.13477105,0.77792627,2.219833,0.4773341
1.2323816,0.13157354,0.5992283,0.12148144,1.0609313
1.6446697,-0.26665,0.64197034,0.10260579,0.55660796
0.92858267,-0.0033015013,0.44106343,1.1612364,0.562361
0.9244331,-0.2937833,0.484627,0.0057356358,-0.15869087
1.4331291,0.21687117,0.24171884,-0.5999903,0.25839528
-2.6336906,2.4193,-3.1913853,-3.4440126,-1.6395953
-0.036658272,-0.48357558,-0.41070423,-1.0563757,1.2450143
2.4886303,0.12239233,0.71866584,0.16691422,0.49072307
3.150854,0.33191288,0.24908106,3.8287697,0.88621163
1.398365,0.0049662585,0.27051732,-0.7906966,0.8107152
2.1514344,-0.027326278,0.43052775,-0.06453762,0.43526247
-1.5751646,0.86443776,-1.4115574,6.474562,-2.1092143
1.8794843,1.1125944,1.5560386,2.7963693,-2.1041746
-2.5895212,-1.2433324,-2.593852,-0.088694625,2.6771634
2.031458,1.5309951,-0.87462723,0.8638518,0.36224312
0.81679755,-0.68617827,0.36184627,-1.2775209,0.9155615
-0.29203075,-0.4474728,-0.5466903,-1.4646573,-0.13789022
0.49595815,-0.09057334,0.19299881,2.0821476,0.09376058
1.8923819,-0.42445296,1.0034704,1.823144,1.3089659
-0.020580404,-0.52056,-0.29106408,-2.2082725,0.30778775
1.1858674,0.06745802,0.08684879,1.1988592,1.2155786
1.2051684,-0.07142303,0.6171271,-2.0093358,0.19330522
1.4430269,-0.27039343,0.57306224,-1.1446978,0.44718745
0.87238556,-0.31334454,0.45296267,-0.9512982,0.58887315
1.1942786,-0.16663022,0.37617704,-0.9942162,-0.26610303
-0.510639,-0.30487505,-1.2071738,-0.96538246,0.66468585
1.2203501,-0.4512352,0.4604871,-0.7414068,0.21326882
2.2149022,0.17218944,0.43149894,1.5106454,0.242799
2.0945818,0.09720198,0.8242498,-0.4254058,0.087403096
-0.40324122,1.3226384,-0.5174859,-0.33346197,1.7259516
3.511994,1.0245209,1.4229871,1.7397411,1.6347735
1.5382371,0.17682377,0.9444647,-0.10272971,0.31431136
1.38869,-0.22806801,0.6860733,0.47780642,0.55507964
-0.97701776,1.4306772,-0.5864392,0.3308334,0.37986955
1.6970544,-0.12726454,1.5961002,-0.511481,1.3180066
0.3332631,-0.033058405,0.002122283,-1.9265403,-0.38004068
1.4639415,-0.16314073,1.2077975,-1.7593172,0.24695496
0.3587071,-0.5083116,0.24254994,-1.698348,0.69579524
2.7008247,-0.025502685,0.8000599,3.4885502,0.89357173
-0.39568308,-0.77153,-0.80386734,0.09294026,0.2661108
0.9518519,0.35210264,1.0814513,1.6509793,0.88863194
0.15095243,-0.62599003,0.34905022,-1.6997595,0.52815413
0.8430428,-0.16697942,0.03901983,-0.85055923,0.3531697
0.54498124,-0.52744716,0.13272886,-2.5727205,0.15439904
-0.5316795,-0.49120978,1.0582896,0.89955205,0.6645865
2.3540359,0.4142526,0.8574141,2.4651804,1.0312029
1.3332546,-0.0988788,0.59894323,-0.8934157,-0.0026066303
-0.009774662,-0.67675763,0.08610135,-0.8127548,0.594936
1.4527892,-0.13005924,0.25348,0.800277,-0.17811894
0.9594385,-0.3589229,0.4912862,-1.2277315,0.4717982
2.4782577,-0.2206891,1.1881007,2.8865705,0.9965295
0.75091696,-0.33530626,-0.34558484,2.0321481,0.40985844
1.9330461,-0.31308576,1.6627942,-1.4190354,0.8341059
-0.033485383,-0.019544039,0.7058358,-0.70529413,1.4655427
1.1691561,0.08520129,-0.48619562,2.4202118,-0.8379323
0.2191962,0.5859614,1.2084664,1.3106544,1.3923937
0.64278036,-0.56057096,0.14416298,-1.3075917,0.79225993
2.3975773,0.5670986,1.0897952,1.1375751,0.954401
0.09594821,-0.31110764,-0.13063839,-1.99731,-0.8200177
-0.23715858,1.3700151,-3.002419,3.4302754,-1.184696
-2.552931,-2.7665737,-2.545907,1.7666614,2.102347
0.33057466,-1.1832157,-0.54657596,0.564317,3.7681983
-0.2036965,-0.72219366,-0.23140687,-1.5337099,0.23236194
1.9755523,-0.097766384,1.4255693,4.8738003,2.0055032
1.5053362,-0.21832363,0.3008385,0.7325481,0.93211263
0.15966737,-0.44512254,-0.13081278,-1.3067669,0.47722435
1.6956697,-0.090677336,0.36202854,0.0951216,-0.00026014447
0.7383269,-0.58290696,-0.4401285,-1.270149,0.37061396
1.5125725,-0.3311326,0.5368207,0.8674999,-0.10621021
-0.2467921,-0.004432201,-0.616506,-2.5086174,0.28150553
1.2807826,-0.19426852,0.35057518,-1.4062482,0.8301768
2.7931921,-0.004958212,1.143256,3.0430079,0.3071552
1.8054776,0.10636584,0.7217802,2.11586,1.461259
1.4117948,-0.30669662,0.6829437,-0.7933986,0.68795305
0.8663685,0.21233347,0.4286499,-0.4137417,-0.124578185
0.5957861,-0.6458863,0.9377249,-0.22384766,-0.21044454
0.5498574,-0.4672184,-0.17388873,-1.6853502,1.1220183
1.4168384,-0.35496873,0.45491397,3.9919374,0.91101557
-0.05607545,0.09669062,0.02192383,-0.56262785,0.539893
1.2533888,-0.060490526,0.76968986,0.32032108,0.8727294
1.705854,0.060528073,1.1594644,1.7607695,1.3172244
1.353792,0.40503594,1.0362598,0.6146333,-0.38262525
1.0178746,0.6976,0.6172436,1.6076764,1.092835
0.9742682,-0.16694365,0.98510885,1.222816,0.81861186
0.5609623,-0.63857126,1.2841463,-0.96106374,0.69803244
0.5495035,-0.11285363,0.2517159,-0.62441933,0.026588313
0.8561613,0.024084998,-0.34181604,-1.3283021,-0.39063644
1.6206758,-0.21654141,2.671079,1.3043524,0.45903108
0.76416516,-0.39138877,0.33316427,-1.2904488,0.86266625
0.6878514,-0.35913393,0.0058345795,-1.466645,0.4666105
1.4207735,-0.3734788,0.9894267,2.72877,0.12698945
2.447571,0.35745376,1.163129,1.7649844,0.9756997
0.6005942,-0.14884952,0.33923817,0.22188963,0.20828313
0.63435096,-0.1315494,-0.6134594,-1.1231271,-0.42756358
0.53811556,-0.66692,0.85007805,-1.296969,1.0016209
1.6938707,0.094303675,0.4977981,-0.045842767,-0.11447421
1.3062153,-0.075265534,1.0248823,-1.1080824,-0.18574148
1.557436,0.2687957,0.058548324,0.48833132,0.029181978
1.8765874,0.020249756,0.8439781,2.2048593,0.9918196
1.5775055,-0.3395289,1.0154917,0.24416034,0.9678576
2.6212466,0.2772595,0.9543617,3.7681246,0.04692622
-0.38717455,-0.34188145,-0.80624473,0.8564237,0.075095154
2.4426336,0.12860215,0.87234104,-0.036725953,0.40734303
1.4830257,-0.1984148,0.5087201,-1.65961,0.5461921
0.751427,0.4697847,1.1625829,1.807756,0.5517966
0.931316,0.20981929,0.33963782,-0.19409768,0.60353786
1.9303483,-0.033555202,0.2774648,-0.08994068,0.08077249
-2.4333963,-2.561134,0.43093184,-4.0059543,-2.2161896
-2.053715,0.6338465,0.44813988,2.0863206,-0.9136654
-3.8613155,0.27362758,-3.387549,3.2399411,2.0068028
0.9302311,0.3970582,0.49140388,-1.3081828,0.72464705
-0.17489612,-0.20076884,-0.5430806,-2.113488,0.2911524
2.7808847,1.2929779,-0.33215782,1.2563465,0.08767447
0.3168715,-0.06311005,-0.4288084,-1.5339592,-0.022827888
2.0406399,-0.08495782,0.871194,1.5204163,0.77820426
-0.508375,1.5173275,0.23232631,-3.601758,1.1938952
2.0094085,-0.35871935,0.84472185,0.6591269,0.80981016
0.95168567,-0.38381043,0.90128654,-0.46544275,0.56763536
1.0460535,-0.45958695,0.61978334,-2.037995,0.6578245
1.1434175,-0.42132396,-0.21429506,-0.39549604,0.12099673
2.4347522,0.7942671,0.7345156,2.1495836,1.1481844
1.310636,0.33684826,1.3387076,-0.23877119,0.17630836
-0.19510204,-0.4383019,-0.01848107,-1.9725318,0.18953891
0.20348507,-0.7581627,0.055243753,-2.203004,0.42483824
0.6924772,0.032251067,-0.032475203,1.2132047,0.9803942
-0.11842404,-0.67058563,-0.6484204,-2.2660718,0.18596618
2.6336155,0.41994447,0.9891725,1.22413,0.07959882
2.6571944,0.62128574,0.90396,1.8071715,1.2520796
2.9562004,0.42915642,1.1138362,2.6490982,0.76487285
2.7329962,-0.13183367,0.77862275,1.0314823,-0.102228574
1.7425048,0.08605655,1.415551,1.2849684,0.4938361
1.570414,-0.12839267,0.7889233,-0.21884099,1.0616452
1.9717089,0.14310873,0.8156781,0.18311459,0.0061795115
2.450472,0.10612417,1.6972584,0.9711289,0.49448153
0.8077285,-0.48080298,0.36668926,-1.6114714,0.5426516
1.0535396,-0.110880956,0.5435095,0.14552508,0.46181247
0.47961292,0.83576137,0.16582264,0.22628263,0.6641546
0.55946463,-0.40912277,0.7680221,-0.81153506,0.5943002
1.3990304,0.3160958,0.7816233,1.4852239,0.9585303
1.7385825,0.089206114,0.6889325,-1.035493,0.2538885
1.4047928,-0.08306819,0.5833029,0.56153256,1.0843089
1.6806848,0.36496726,0.64485943,2.2707703,-0.28057563
1.7434298,-0.033971537,0.72304004,0.47376716,0.31029904
1.1489426,-0.30543002,1.0835373,-0.27973044,0.5833026
2.208438,0.017882865,0.8431372,0.31735814,0.12796777
1.7351779,0.02019641,1.2860062,1.150614,1.490525
1.1334261,-0.25201407,0.99213946,-1.3767719,0.43842497
0.14658314,-0.38555396,-0.63419443,-0.55437785,0.020016428
1.4089477,0.109625235,0.56261533,1.1115373,0.8774396
2.2709408,0.16509792,0.8713985,1.2632422,0.40194586
1.1626903,-0.24656959,0.19790648,-1.5417588,0.095916905
1.095598,0.59746087,1.1153383,-1.2947587,0.85788935
0.45463595,-0.47833952,0.022791315,-2.151747,0.24499407
1.1601588,-0.0769892,0.99601215,0.10122402,0.056177307
1.4948102,-0.32676354,0.4093832,-0.13811275,0.7939431
-1.131164,0.028273985,-1.9518867,7.414633,2.6029587
2.2920651,0.45542175,0.94159305,0.9810631,0.11027306
-0.45457822,-1.0028706,-0.3849186,3.4433753,0.9986807
1.7412636,0.25758916,0.2065849,3.1942408,1.5372372
3.6476257,0.7338966,1.376894,2.8107338,1.0674824
2.1901853,0.00064074993,0.4036781,0.42916402,0.1547214
2.9209917,-0.18806742,1.458784,2.2933602,1.4516037
1.2449641,-0.024639916,-0.25288555,0.99430656,0.1918248
3.0534563,0.21423072,1.360576,1.1346812,0.053381413
1.3634747,-0.00596255,0.5522891,0.2638641,0.40814233
2.748335,-0.40577918,2.080387,3.2508883,0.84962887
1.5696584,0.2534997,-0.4459169,-0.23623689,-0.15102503
1.9279505,0.0553197,1.4025911,1.2218869,0.76618737
0.31501752,0.24913877,0.7534285,0.34715444,0.59178716
1.9462972,-0.12846509,1.0551105,2.084487,0.8829529
0.62451035,-0.44938946,0.1697147,-1.6259938,0.49242
1.3629409,0.07966201,0.060825735,2.1051803,0.22121531
0.670592,-0.6797149,0.33583614,-0.61003023,0.6009341
0.621085,-0.34653312,0.3699847,0.024467912,0.088602684
3.4892313,0.8620249,1.333116,1.9713519,1.1849185
1.5447634,0.36700594,0.96125907,-0.37708196,0.2545254
1.1636132,0.020083757,-0.7835792,3.9483154,0.120977715
3.5071163,0.8958794,2.1365278,2.6243575,0.91788834
2.6092405,0.12774846,0.38926893,3.1219566,0.8789585
1.452671,-0.090672866,0.81878555,-0.4039861,0.24779585
3.3196537,2.1662226,0.622124,-0.64403737,1.0448668
0.613956,-0.016605541,1.1938705,1.706755,0.8596647
0.88623863,-0.8753208,0.85722315,1.2735969,1.3695633
2.1730814,-0.18563701,1.2404594,2.275586,0.96022934
4.3589206,1.1969258,1.6721025,2.7716565,1.0610875
2.10396,-0.035424083,1.2808251,-0.49608234,-0.38812274
0.2417985,-0.51000446,-0.27522862,-2.5715103,0.46591842
1.121421,-0.05605907,0.1948525,-0.5235718,-0.019789126
0.5669511,0.04949708,1.7256104,0.6330806,0.615044
0.5722106,-0.49778116,0.18973078,-1.3842342,0.41223034
0.36044347,-0.05055712,-0.73898447,0.016013948,-0.04453912
0.98569095,-0.16962868,-0.046860006,-1.7893274,0.43779594
1.546393,-0.46820685,0.64131653,-0.90786695,0.5217805
1.4351346,0.11258156,1.0963646,0.29285493,0.4811816
0.5772612,-0.88307154,0.17282881,0.8150557,1.1169293
1.5510085,0.16313507,0.18538246,1.4037892,-0.56669533
2.454062,0.09718827,0.8778446,1.3248625,0.8687936
1.1684653,-0.035399646,1.1145663,-0.72892874,0.059118398
0.6913672,-0.5350577,0.42877558,-1.4022065,0.776363
1.7919363,-0.022097493,1.026243,-0.37161848,0.19124663
1.3701361,-0.06896744,0.033015396,-0.8468215,-0.21661162
3.4096043,0.78487515,0.57615787,4.1011763,0.39255735
0.8902623,-0.2358187,0.5429188,-0.82895833,0.25315043
0.15213242,0.5058912,-2.2177641,-3.478858,-1.3232789
1.0530989,0.46325687,0.60767275,0.83417237,-2.3865626
-0.6451008,-1.5291224,-0.2828305,0.10013925,2.465741
-1.2534372,-0.4216042,-1.5426909,-1.9980007,0.05730258
0.29662162,0.19468261,-0.49334592,-0.75544256,0.3522062
1.1794553,1.0887415,-0.075868376,1.2951554,0.6654572
1.1696118,-0.76157755,1.2052406,3.9003587,0.9793065
0.75709707,-0.0015842915,0.9285196,-1.1432145,0.70295674
1.5819143,-0.2749894,1.3768263,1.7817906,0.80090386
1.2804303,-0.20886959,-0.12889558,-1.113846,0.5819498
2.3496401,0.017099364,1.1664042,2.862707,0.86170864
0.66523814,-0.21203619,-0.08607304,-1.4911903,-0.10334433
0.17615525,-0.4815939,-0.35139483,-2.1560452,0.08066878
1.8463907,-0.028695982,0.516627,2.3848104,1.169553
1.2194943,-0.36193883,1.3811803,1.5366775,1.1358265
1.3754172,-0.17263724,0.4173284,-1.573265,0.38012624
-0.0034975559,-0.670006,0.5513726,-1.8391722,0.5503089
1.1967359,-0.43013868,0.104970396,-1.3400737,0.31655473
0.5487538,-0.6157336,0.05493232,-1.0738192,0.5942631
1.4554384,-0.16548315,0.42966187,-0.57845414,0.22279508
0.14300486,-0.557084,0.60002255,-1.116627,0.68595773
1.3311372,-0.033023536,1.3034005,2.3742478,0.62543374
-2.5961556,0.7072732,-1.276425,-0.12198694,1.0382049
3.787762,0.34753475,1.7678388,4.02129,1.5378542
0.9317792,-0.5596726,0.16623823,-1.4526509,0.018785711
1.5596672,-0.04820399,1.4287426,3.4004686,0.8000022
2.2536416,0.33344746,1.153841,-0.549394,0.010224282
2.2072167,0.013247422,0.8447365,1.9414377,0.45139632
-1.4883777,-0.62724984,-0.6024742,-2.9089098,0.58274025
1.6494639,0.556604,0.40832824,0.86126894,0.6026714
2.1324193,-0.054079663,1.4658629,2.268384,0.9124092
0.20086911,-0.12289442,1.2081066,1.3166617,1.4288554
3.5443938,1.027513,0.23919493,2.6280358,-0.13739501
0.48685047,-0.3437294,0.9610636,-0.4666797,0.23403938
-1.7017599,0.6729281,0.16663685,0.4568842,1.6861942
0.7871458,-0.48092398,0.5740726,-0.5482417,1.0499264
0.36606285,-0.41008678,0.63473403,-1.5657849,0.5263173
2.2408648,-0.24080269,1.2045976,1.1288364,0.39587638
0.8801289,-0.28855416,1.0421389,-0.5935428,0.4795201
0.18617529,-0.18464075,-0.6979995,0.99014044,0.49403915
1.465443,-0.63285416,1.4363672,0.6738317,1.39998
2.5432003,0.39600128,0.55829865,0.15318915,-0.071338214
1.0084043,0.301085,0.66993666,-0.6849737,1.1317388
0.83021563,-0.69607997,1.1668646,1.3097098,0.59976786
0.68075633,-0.3460884,-0.27087057,0.8080851,0.97997904
0.43046638,-0.33603853,0.70895606,-0.321449,-0.06716296
3.762096,0.88807195,1.5700573,2.2294095,1.0272937
-0.44736862,-0.19753985,-0.12594217,-3.4268017,0.3394229
4.5062246,0.836645,1.1879201,2.691179,-1.9902688
3.0855398,1.2335209,0.93958664,0.48294893,-1.3644298
-1.3026727,-1.2985954,-0.44009566,3.5539474,3.1649396
0.8551168,-0.32650515,0.61234397,0.3960949,0.8738994
-0.5532127,0.23225868,0.2020781,0.0649792,1.2724394
0.9222377,-0.282489,0.9437835,-0.24690409,1.2247624
0.33556706,0.032780353,0.84862,-0.9706012,0.6287346
-0.5773578,-0.33392942,-0.27793357,-3.0423164,1.0172883
2.5060163,0.24521917,1.5681384,2.009417,0.17112727
2.1471732,0.020890802,0.8031088,-0.44644558,0.083753325
0.73332834,0.46480548,0.663572,-0.2937636,0.21231471
0.94036514,-0.45869476,0.6992153,-0.25594074,0.2708077
0.40877688,-0.27141875,0.58867824,-2.1195369,0.08641784
-0.082498655,-0.37506324,-0.14944233,-2.5300386,0.43888378
1.5628234,0.16938555,1.177325,0.799874,0.17193966
1.2780777,-0.28016743,1.4284397,2.0448356,1.0094037
-0.35664028,0.3992086,0.43299305,-0.4766619,1.1408092
-0.680292,-0.38791195,-0.24037139,-0.7365882,-0.024884842
1.4640925,-0.062871344,0.5491163,-1.389078,0.04031286
2.519412,0.9327619,1.1566188,1.4084011,0.9728189
0.9500674,-0.41802678,0.4783344,-1.054011,0.17238042
2.2704847,0.69169194,1.3105432,2.1374636,1.3713431
0.16637903,0.41426003,1.0887669,-0.5215876,0.6936108
0.7792406,0.24758822,0.0013839006,-0.37486058,0.7399841
2.1072133,0.22224462,0.9535325,-0.6441888,0.4491584
0.64725596,-0.47494355,0.6192902,-1.2898949,0.45900947
1.4871765,-0.36688632,1.5147161,0.8439968,0.39823627
0.31965122,-0.6788422,-0.2060391,-1.5999813,0.23535213
0.3791263,-0.12506965,-0.24891686,-1.470367,-0.58863646
1.2893077,0.17370385,1.20721,-1.0079535,0.7532306
0.7777423,-0.30214795,0.520177,-0.6467655,0.78532153
0.13864648,0.053712804,-0.612784,-1.566719,-0.24709843
1.8462819,-0.27831578,0.8862894,-0.13043489,0.47419763
2.1634986,-0.14702155,0.94809663,1.518799,0.55329734
0.0054599047,0.1388231,-0.583631,0.19422062,0.17671196
1.7768592,-0.02880625,0.48367068,-0.4502067,0.3270724
1.0586188,0.40421206,1.2868968,0.77690524,1.2536185
2.585983,0.7970257,1.3691239,1.3127576,1.0031557
0.4830755,-0.26088694,0.52250475,-0.53874785,0.9282802
1.6916639,0.13788214,0.52402,-1.0471159,0.11042258
0.69259083,-0.10143915,1.4339935,0.11549411,0.39193606
2.6862013,0.17541575,1.3929427,2.0548773,1.1873863
0.8244644,0.4712996,1.3439993,0.08652804,0.29507056
-0.3913341,1.0437647,-0.02808229,-0.28535357,1.3194176
1.9022495,0.8862072,0.5322254,0.9407276,1.5268751
1.8185102,0.34375113,1.2997395,0.81476283,0.6067257
2.3173885,-0.15279385,0.4463074,0.3683311,-0.09532662
1.6567324,-0.014758994,1.0848874,3.005971,0.9231948
4.607876,0.100302316,2.8664715,3.0467522,1.8854256
1.6247699,0.8243481,0.2447455,4.6323147,-2.2883656
-0.3433056,-0.8213192,-1.3863385,4.982772,2.1423004
0.85872287,-0.004163384,-0.3809033,1.5232977,1.246109
0.7755864,-0.1991384,0.018705301,0.18075037,-0.31931314
0.7143507,-0.25179815,1.3399945,0.077166386,0.31664893
1.9389852,2.1223838,-1.1451415,-0.72185695,1.2370448
1.3921772,-0.16442992,1.5677075,-0.27935773,-0.30909958
-0.5782,-0.75004184,-0.068517506,-0.91125244,1.4152026
1.2160815,-0.31331325,1.0168796,2.4232185,0.52165437
2.6801736,0.38186836,1.3303021,0.97324544,0.3504269
1.6221734,-0.21913685,0.8908626,-0.9781006,1.3480341
0.6539324,-0.33386305,0.6101899,0.0370505,0.04452097
1.6463879,0.07080854,0.81868947,0.033271987,-0.44073376
1.169509,-0.2971567,0.4123467,-1.9631023,0.1517242
1.3112077,-0.42209566,0.35880324,0.33309913,0.61898327
1.8206897,0.24020968,0.5214184,0.5922097,-0.52465415
1.2544651,0.18917926,0.71453476,1.6873024,1.0657526
4.4355855,0.85777485,1.9787297,3.3345377,1.5987585
0.9183125,-0.12618409,0.5270924,-1.7756479,0.36995983
1.2521484,-0.36034948,1.0756536,2.0980535,0.998685
1.3555485,-0.12479521,0.48502654,0.040764105,0.36585432
2.8493912,-0.34770444,1.5935892,3.4008677,0.611839
2.0693717,-0.17576404,0.7626063,-0.24333033,1.1069471
2.486652,0.25022945,1.0437626,0.3094094,-0.251817
1.8750945,-0.120556176,0.6687739,0.7418196,0.761432
1.8772709,-0.11782012,0.88083696,0.04627353,0.77567035
2.1762683,0.2584588,0.5986061,-1.0843076,-0.1806425
1.6262286,-0.16222961,0.9297635,-0.07069908,0.74407804
1.2064176,-0.039127864,0.26582408,-1.194182,0.10798711
0.5274148,-0.33077002,0.016635116,-1.5272348,-0.12839991
3.1766243,1.0221107,0.83481944,2.0985117,1.4712305
0.60156953,-0.5253344,0.18301463,0.89943016,0.75459605
1.6267096,-0.24734667,0.84965307,-0.95984924,0.3095308
1.9489958,0.057273775,0.4376112,0.8485434,-0.14819635
0.25054792,-0.1709378,0.8987125,-1.8876021,0.7307354
0.583332,0.0023916364,0.3511786,0.32603353,0.4137425
3.1321015,0.38990927,1.1725191,3.038481,1.3328375
1.0638013,-0.34603035,1.0716449,-0.9879158,0.31156158
0.37156364,-0.29583222,-0.546886,-2.3780205,0.2290719
0.39871052,-0.31319296,-0.13264279,0.1724609,-0.1628323
0.60897833,-0.51063704,0.11030765,-1.0514162,0.46560216
1.8167593,-0.14607254,0.662062,0.23482567,0.7753888
0.47594452,0.22661412,0.8618297,-0.6390806,0.5490751
1.7565182,-0.1195639,0.5757517,-1.0066025,0.17086023
1.9026074,-0.21760039,0.52502036,-0.91326016,0.5922942
3.0247073,0.12355086,1.4105214,3.091127,1.1093463
0.7794877,-0.040254373,0.47236994,1.9963399,0.8509017
1.2829589,-0.20881745,1.227705,1.9955226,0.96159077
0.03160393,0.39762354,0.40538284,2.9727116,-1.4114959
-0.6632102,-1.4819397,-0.5728054,0.56695783,1.6520653
0.6830894,0.17615792,-0.52482575,1.3592234,0.36400336
1.4347038,-0.06434948,0.36561495,-0.35428482,-0.3589914
0.568973,-0.615945,0.2188867,-1.3547621,0.6187543
-0.32013705,-0.7045859,-0.2990122,-0.77816045,-0.011589824
1.5633978,-0.030919515,0.77870417,-0.3184418,0.088991605
2.2687807,0.08241825,0.8844543,0.7160769,0.8299082
1.1054723,-0.0742091,1.0163511,-1.0278637,-0.067141354
2.4118571,0.07842082,0.857752,0.59265405,0.7030543
1.1010628,-0.20604554,0.7834345,-1.0903602,-0.0060239434
-0.62642366,-0.50242907,-0.22483146,-2.6616004,0.42101988
0.44826055,0.10050793,-0.011842429,-0.8395259,0.104848996
0.8725429,-0.5732851,0.22134387,-1.4777007,0.3545437
0.8346768,0.24019478,0.7657789,-0.047896262,0.44302875
1.0219523,-0.012290472,0.64420336,0.1876935,0.4464141
1.7182752,-0.22467467,0.77584606,-0.7057178,0.55959725
3.4283924,1.6813598,0.12506567,0.9021484,0.8618278
0.8092129,-0.4734871,0.4158682,-0.52178526,0.10282232
1.8998871,-0.130637,0.9594856,-0.20306176,0.21482614
1.2722442,0.2384589,-0.24719578,-1.2297949,0.09640953
1.3129585,-0.52936465,0.7496452,1.3059981,0.1582916
1.6051308,-0.092891164,0.70421517,-0.19554138,0.3687699
0.32070363,-0.38773254,1.0243708,-1.4374304,1.1800342
2.3746934,0.12783962,0.78908044,2.1075387,1.3321053
-0.07847982,-0.17609952,-0.15381458,-2.095251,-0.49243554
0.3234694,-0.41817492,0.3240471,-2.6918192,0.5725442
1.4734228,0.6387185,0.77258646,2.2098684,0.33364433
2.3803184,0.047578156,0.79825675,0.009628236,0.13800344
0.021109246,-0.48712796,0.040475067,-1.4173843,0.8706121
0.39522848,0.17475942,-0.385111,-0.08188901,0.065447405
1.6186175,0.12589207,0.9336996,1.3978046,0.010482698
0.87628233,-0.4003003,0.89157,-0.81951106,0.42020243
1.0853503,-0.24472535,0.6188003,-1.019697,0.22577664
1.981768,-0.18385425,0.98237556,-0.36777556,0.9156935
0.14261498,-0.42879498,0.6099783,-1.7202756,-0.15367998
1.6777047,-0.14458007,0.42637932,1.0903769,0.7801518
0.6914762,-0.17012863,0.39436975,-1.6958272,-0.18641126
0.8632422,-0.63002473,0.29783702,-0.7988381,0.88916725
1.5291768,-0.033197284,0.98289174,0.44963345,0.8246473
1.6406136,-0.010132786,1.187231,-0.27518612,0.010723828
1.6778572,-0.43845686,1.1190311,1.4135175,0.41200915
1.6006837,-0.35717398,0.2249798,1.3367746,0.18993732
0.638437,-0.29909033,0.32677555,-0.8988316,0.11931748
0.4465673,-0.5299831,0.28636646,-1.9610738,0.33381197
1.961014,0.057688314,1.056585,0.010818243,-0.608659
1.0410322,-0.5200215,0.45133507,-0.7487909,0.9122347
0.8966057,0.017066283,3.8499813,0.7145375,-0.15177692
-0.3144446,0.5847554,-2.4933834,4.2626433,-1.6558652
-1.386665,-0.8026353,-0.7764475,-0.013720482,3.4467719
1.0746546,-0.2920518,0.29118636,1.7646765,0.8198908
0.71492434,-0.38020456,0.058016058,-1.1373168,0.6604151
1.4141157,0.93866616,-0.43499425,1.200702,0.30729085
-0.090069726,-0.5711508,-0.48374763,-1.0989777,0.31485233
1.058666,0.03512815,0.8922581,0.68057555,0.7630238
1.276146,-0.27722883,0.8516467,1.1451015,0.7203776
2.8335376,-0.053789992,1.3717331,2.2043443,0.9913716
2.268961,0.07979104,0.9227034,-0.35079882,0.19366042
4.1549125,1.2616895,1.3893607,2.0247881,1.0529889
0.916873,-0.32766557,0.5627952,1.3820812,0.35367697
1.1248609,-0.03998556,0.68759674,-0.29441854,0.5847506
1.9290566,0.083213314,0.42710263,-0.91306955,0.02258935
1.7480116,0.2598815,0.3926627,1.3128461,0.6787615
1.5126138,0.5345971,2.437726,1.8589782,1.0746719
1.3083297,-0.24385564,0.5311062,1.8151373,0.8168303
-0.2928367,-0.42903626,0.17122872,-2.1787574,0.45456654
1.3383839,0.36090487,-0.12558092,-0.3939522,0.20036423
-0.522116,-0.25114024,0.036847726,-2.5905817,1.1240765
0.6888179,-0.63545734,0.28419146,0.38234976,0.19718301
1.739958,0.20241298,0.7089436,0.24113533,-0.057398513
1.7143726,-0.087078996,0.73715824,2.7707777,0.94070834
2.1471322,0.96815383,0.50512135,1.3543811,0.12149021
1.8474419,-0.28393057,1.4426963,0.22194864,0.7338232
1.7446405,-0.4552348,1.701178,1.718015,1.2838669
0.36219004,-0.12388996,-0.34098616,-1.7863365,-0.31466308
2.9384222,0.35821334,1.1162547,1.1228795,-0.11453557
2.8886108,-0.0407324,0.9971178,1.8925848,1.249784
0.41276327,-0.50008273,-0.48220167,-2.051374,-0.06318994
0.8210567,-0.054458436,0.6372714,0.9659249,0.012654602
1.3501858,-0.4173946,0.44313815,-0.4465557,0.8122507
1.5082495,0.7031984,0.3476543,1.4847214,0.29922295
0.9811667,-0.058706325,1.3158844,-1.096903,0.04726847
1.5381014,-0.24729246,0.23313479,-1.4276357,0.7747324
-0.16239482,1.4935434,-0.9683403,0.22201945,1.0811008
1.7769433,-0.17056987,0.6526814,0.22975904,-0.10737263
1.9280224,0.011608298,0.5548407,-1.1067601,0.43033293
3.3283558,0.18207654,1.4731598,3.6918344,1.0181006
1.142351,-0.045149617,0.6751792,-1.7702055,-0.44368196
1.5363009,-0.4761252,0.41273496,1.7770189,0.80796033
1.517387,-0.3603968,1.1697258,2.2283463,1.3447691
2.592345,-0.033511095,1.2001749,1.1529913,0.4813959
2.232484,0.65758157,0.5040847,0.9542943,0.5093727
2.108045,-0.16390793,1.3509369,1.6991514,1.1637511
0.99658984,0.12638491,0.6945908,0.3026348,-0.33683825
0.731397,-0.48555133,-0.37841168,1.2330143,0.29234752
-3.2291293,1.6228343,-3.2639537,8.01301,1.5410491
-4.9996853,-0.6333003,-3.7127173,-4.908155,1.2260116
-0.7372289,-0.43272758,0.05223362,3.4919558,3.5063672
1.1429031,-0.3522223,0.32635668,-0.6114057,0.73585206
1.6949662,-0.338782,1.0352345,-0.8226356,0.7015643
-0.681448,-0.75252837,-0.355416,-2.4851274,0.3742977
0.48573112,-0.34503436,0.6484916,-1.4904925,0.3926049
2.3113637,0.45884046,0.75351,1.5981297,0.54792523
0.16652799,-0.093828365,-0.116881505,-0.77737606,0.9206193
0.2782558,-0.51459,0.5321224,-0.756747,0.2817276
-0.21559921,-0.15558597,1.3056661,0.18169744,0.6574963
0.06918436,-0.5743108,-0.12068652,-1.6192017,0.49877048
1.3194153,-0.44756234,0.5585012,-0.07223428,0.7957213
3.340819,0.6372578,1.4254994,2.7999332,0.95422226
0.6676663,-0.5149639,0.28766516,-0.6457765,0.5010878
1.1928475,0.110479265,1.1915119,0.39922678,0.23915032
0.80006427,0.33913654,1.6758207,0.48924577,0.6110321
-2.1596103,-0.84082806,-1.8463801,-3.18995,0.07761535
0.7254603,-0.33301967,1.7554404,-0.9500168,0.9424584
1.365761,0.19050795,1.1383699,1.0612458,0.41935477
1.1432209,-0.52638143,1.1023535,0.5407005,0.75561
1.3278973,-0.2688636,0.6630166,-0.59426546,0.5584534
2.2864702,0.86728215,1.3494664,1.4619169,1.3371651
1.3362573,-0.047620773,0.99516624,1.6818484,0.89614564
0.6447582,0.37173152,0.8355327,0.91164553,0.85186195
0.7150095,-0.18579252,0.38864294,0.46875834,0.7628839
-1.1290822,-0.21705614,-0.5793972,-3.9488323,0.98122823
2.0236516,0.156843,0.92870605,0.04558018,0.15638766
2.297465,0.83625674,0.4685298,1.0217533,0.6911093
0.7734853,-0.63795686,0.6276208,-1.8344585,0.60185766
0.92451227,0.72682506,0.5299576,1.2502046,1.2960987
0.6435643,-0.5966319,0.6418991,-2.2770133,0.25526255
0.9410468,-0.41595346,0.44783312,-0.9278407,0.4492906
0.54599446,-0.18872643,0.3257453,-2.147821,0.14687839
1.0938823,-0.3366509,0.39077565,-1.1764945,0.20217565
3.310566,0.32138482,1.5406964,3.7232618,0.9678886
7.5146046,2.4623487,2.0698564,2.6593947,0.984746
0.26731202,-0.19896743,-1.0421084,2.603611,0.29702187
1.6986759,-0.23096001,0.8063962,-0.626304,0.4761011
1.5644953,0.61738664,1.1866105,1.9537022,1.6421204
-0.51414067,-0.49236834,-1.3167219,-0.7399824,0.25555983
0.8511056,-0.46749496,0.82987094,0.20439433,0.6041539
1.8146595,0.1143942,0.08672761,2.3087122,0.102244996
0.62977314,-0.35787255,0.3337326,-0.6376836,0.032416925
2.4565072,-0.32482043,1.3552692,1.7028041,0.88587576
1.5091907,-0.38468772,1.34429,0.020125864,0.30793723
0.5185416,-0.87379825,0.35411298,-0.34925494,0.7191053
0.55504656,-0.4322867,0.173301,-1.5341358,0.13814172
0.26449254,1.3774991,-2.9400258,5.211327,-1.9893105
-1.5937848,-0.119753115,-1.5232782,-0.02849131,0.69169235
-0.59648466,-1.1276915,-0.860703,2.6539526,3.7040207
0.30017826,-0.24635544,-0.6607646,-0.32960024,0.49343777
0.07520542,-0.44592947,0.22095208,-1.074672,0.52885306
-0.039033048,0.02276834,0.43906906,-0.5068066,0.7151857
1.2456251,-0.36959586,0.34353685,-1.112723,0.5762505
0.17542383,-0.5269176,-0.09283272,-1.477102,0.41837835
1.726496,0.4183811,0.59451056,1.1402962,0.2979111
2.2036195,-0.41257495,0.71948344,-0.19940533,0.48764974
0.05772079,-0.7718798,-0.27336153,-2.6907296,0.4252271
0.8445955,-0.43982244,0.9401018,0.9711564,0.94478595
0.4473513,-0.63543445,0.4884195,-0.9984246,0.16839541
0.7952115,-0.42891636,0.081138894,-1.6823035,0.8780337
-0.108719446,-0.6261648,0.011772214,-2.51031,-0.154985
-0.11005137,-0.687163,0.007964789,-0.08668146,0.037037294
0.7714404,-0.44664955,0.095614046,-1.5968679,0.39681655
0.99807477,0.30602106,0.74368274,-1.5065117,0.3713044
1.2276314,-0.006954073,0.7742451,0.10534966,0.68424743
4.0907083,1.8412025,0.7176401,0.30188054,0.711475
0.9176292,-0.3250565,-0.06313599,-2.0683925,0.5028365
0.8182892,-0.34093276,-0.07236225,-1.4095505,-0.044102665
0.98286295,-0.3908323,0.14409165,-0.8148601,0.26546353
2.194302,-0.042236194,0.5457511,2.6109216,0.59673643
0.9043281,-0.3490603,0.08469144,0.410128,0.52528054
-0.31133273,-0.54498327,0.8503108,-0.3185559,0.35192275
0.4924089,-0.23589525,0.28016973,-0.23049071,1.0479499
1.1057847,-0.30157867,0.81394863,-0.6824198,0.49620348
0.6356187,-0.23926459,-0.013137994,-1.1762941,-0.15870124
0.39190248,-0.497807,-0.06549946,-1.6082562,0.91818875
2.5070975,-0.24829559,1.5163558,5.01327,0.371275
1.0075017,-0.32564238,0.14049733,-2.140003,0.22061728
0.5674888,0.29132733,0.74098027,1.5006642,0.9566327
1.2446249,-0.45979422,0.7879782,-1.3158665,1.2628988
-1.4280286,-0.56048304,-0.8968617,-2.882253,0.4112764
0.41604346,0.89039356,1.0837631,1.9050746,1.1581535
2.165021,0.35948455,1.385523,0.8912556,0.6296149
-0.85284436,-0.31090072,-1.5584233,-2.4500012,0.2045445
0.97227955,-0.58004194,0.14383684,2.1544292,0.58094066
4.9119864,1.3325977,1.3352109,3.0113313,1.0100305
0.55338645,-0.61182284,0.66554344,-0.06862887,0.9725236
0.4974475,-0.45739484,-0.1893673,-0.9442731,0.6275848
-0.014795219,-0.5299421,-0.061783813,-2.362555,0.14698642
0.9066772,-0.33311373,0.30333048,-1.4847214,0.42312217
1.292182,-0.23255952,0.3276077,-1.8339329,0.008799106
0.40646523,-0.5111471,0.79839927,0.037379965,0.33624974
0.7053711,-0.54916626,0.32870927,-1.3029864,0.26538837
1.7235384,0.49335226,0.29224384,2.2352796,0.6456816
-0.4124123,1.0400698,-4.610821,0.0008762777,-1.9413402
0.039307326,2.063559,0.22036214,2.313269,-3.3761616
1.3954116,-0.42935783,-0.7786035,4.0136395,3.083777
2.74575,1.4474816,-1.0367588,0.55442405,1.1012892
0.49202237,-0.69490993,0.9711721,0.04355127,0.56324136
0.62476826,-0.18512696,0.012569485,-1.2489133,-0.4129346
1.409854,-0.20204149,0.5447734,-0.0490784,0.40217486
1.1371781,1.0293338,-0.09694921,0.91924393,-0.074815996
2.3967276,0.1910025,1.384365,1.9311644,1.7859383
-0.87873065,-0.2713071,-1.6449467,2.5973637,-0.14343436
2.1026828,-0.41930723,0.99038666,1.3695322,1.2312189
0.97449607,-0.39162803,0.01858186,1.1422901,0.45982686
1.9770999,-0.21628076,0.79168516,0.02120867,0.24586694
2.0657637,-0.32277513,0.7464396,2.0822418,0.74925494
-0.89711994,-1.0768183,2.8025436,1.1237578,1.9566513
2.0463796,-0.07311005,0.37742794,0.2687153,0.56029356
1.6204406,1.2556136,0.40001616,0.29909363,1.2572848
1.1960983,-0.10735397,0.5033989,1.0065337,0.46839216
1.8562027,-0.03666027,0.66697997,-0.11373862,0.26345775
1.0714563,0.06865036,0.847535,1.0636725,0.92435265
2.9116356,0.5343818,1.8811235,3.0222092,0.68180466
0.55601627,-0.7322299,0.15893875,-0.4750051,1.3480834
0.56999034,0.5689673,0.29130977,0.870747,0.48918682
-0.49595064,-0.7610783,-0.84193116,1.1903713,0.4405143
1.2371914,-0.2812865,0.65103453,-0.7276469,0.31995952
2.404481,0.46905404,1.5930933,-0.0119787445,0.7244691
-0.9277083,0.55605674,0.6542288,-0.8152464,1.1210268
2.3431957,0.68864435,1.1618236,1.8602526,1.2875715
1.181389,-0.24229345,0.30334294,0.26335862,0.2612506
0.06504989,-0.6021291,-0.09947233,-1.4338249,0.48102176
1.1881965,-0.26311493,0.24151163,-0.67461723,-0.19725043
0.8015483,-0.25973913,-0.29993385,-2.0173554,-0.004803598
2.312638,0.8772547,0.22843225,2.3038268,-0.021905717
0.96712327,-0.21171027,0.43239993,-0.1870228,-0.054256912
1.7845417,-0.088912584,1.4158348,-0.33400282,1.0005686
1.6987313,-0.16147104,0.6636975,0.007163644,0.075360484
2.0543518,-0.113967195,0.8300654,0.2791748,0.9464194
0.07284757,0.59814715,-0.6962907,0.0715665,0.7320146
1.3418136,-0.2285318,0.33066452,-0.82702506,0.2954076
1.9678198,-0.35642537,1.2104493,1.5605508,0.23841833
0.25241533,-0.71129256,-0.12023581,-2.1223907,0.722467
2.179445,0.35156208,0.71225595,-0.06007757,-0.069747105
1.6777942,-0.43863535,0.6827424,-0.95058185,0.27225265
0.8176386,-0.59324855,-0.11696418,-1.529601,0.20571983
1.1420375,0.23646714,0.74040467,-0.2159851,0.3935649
1.7260567,0.12096858,0.9629207,1.0901942,0.57423145
1.5280063,0.0029620528,1.0004438,2.211288,0.14958866
1.4964594,0.22775853,1.2448121,0.6392723,0.6069148
-5.231136,0.3873153,-3.023777,0.0058920085,-3.518021
-0.6303083,0.8860007,-0.97439003,2.9521666,0.17747422
-0.8865318,-1.0323267,-1.1507449,1.5246853,2.4188454
0.91179436,-0.38615,-0.038000595,-0.114384755,0.5077121
-0.64873564,-0.6319699,-0.8506002,-2.0026846,1.0288085
0.7751703,-0.100737974,0.37128317,3.0071783,0.066916645
1.1439418,0.5339366,1.1152017,1.1775887,1.6727232
1.0586349,0.73439765,1.1315395,1.3523605,1.654406
0.07295177,0.2832793,1.4442356,-0.6605907,0.39893013
2.0525115,0.1846342,1.2714114,1.2412364,1.3848841
0.8369679,-0.3889145,0.28133708,0.13628548,0.42681527
-0.15867515,-0.45144546,-0.40491647,-1.8281051,-0.34102678
-0.18536393,-0.5253454,-0.6880322,-2.828066,0.3416749
2.0117598,0.12837331,1.3369553,0.75092787,0.54074574
1.7030987,-0.13143766,0.376494,-0.88285494,0.19964951
0.47378942,-0.5040977,0.37334803,-0.90961426,1.0144423
1.3267797,-0.34722698,0.04169362,-1.3793539,-0.36914235
0.5434377,-0.17301084,-0.22293255,-0.5366064,0.16249871
1.6588473,-0.050833084,0.42686602,0.5019612,0.23370321
-1.6477478,-0.7741386,-1.7420082,-2.9997582,0.37958267
2.5279253,-0.0815749,1.3701942,3.163654,1.6189718
0.76432407,-0.2672441,-0.005720198,-1.4080604,-0.04634543
1.4993643,-0.4210782,1.1723363,2.0115845,0.7180792
2.061105,-0.15537412,0.45658457,1.8583506,1.2310051
1.3966538,0.39829183,1.020116,0.36894572,0.24430704
1.0183647,-0.40110394,1.0107826,-0.22596793,0.2892486
0.3480389,-0.3020128,0.7308608,-0.84909475,0.4090928
0.02239427,-0.6015388,-0.4317672,-2.2922857,0.39824492
1.1421278,-0.3923151,0.5768073,-0.31223568,0.54979306
1.322457,-0.3417963,0.4467805,-0.6354657,0.84747267
0.4112366,-0.58254105,0.5605164,-0.7965793,0.5059159
2.9395275,0.6848338,1.3291999,2.4346492,0.75604874
0.8723824,-0.13350856,0.29512647,-0.114936486,0.2759315
0.42458695,-0.29035333,-0.20421489,-0.43543163,0.23017722
2.6706135,0.58455014,0.7654522,2.5821338,1.3873433
1.3355469,-0.30758244,-0.114854425,-1.0085342,0.24679075
0.38662335,0.08841046,0.49505934,-0.6755315,0.19997273
2.9259772,0.018705703,0.8791509,4.5908546,1.2054816
-0.06629875,0.5199766,0.7793124,-0.5700696,0.5770047
1.8449066,0.034246907,0.8276295,0.12363424,0.5036642
1.3769158,-0.5211459,1.6038859,0.5393319,0.84943116
0.6557184,0.60522604,0.42183352,-0.26120496,1.5809115
0.2678996,-0.5147237,0.44987273,0.18130209,1.4246308
2.1212862,0.18309423,1.4963781,1.33031,0.97306067
1.7195967,-0.2395002,1.0345649,2.5486941,1.1261873
1.6907259,-0.014402558,0.6459895,-1.5363252,0.2974462
1.3023186,-0.24266216,0.5814768,0.38598222,-0.119046964
2.8170714,0.44161606,1.7904819,1.5284262,1.493934
2.2187104,1.6712271,3.5284605,3.815739,1.3352705
-0.059486452,1.3544087,-0.3903387,3.0500634,-4.0887785
-0.287118,-0.7716458,-2.0803971,6.3323264,2.8971572
0.9489349,0.14337362,-0.5136055,0.7286358,0.4566705
-0.7145571,-0.6484709,-1.2128698,-2.0716612,-0.13008173
1.8024064,0.290599,0.4930098,-0.08198834,0.46975043
1.1525524,-0.21444103,0.33960384,1.464942,0.42555976
1.1981194,-0.4192144,0.470146,-0.27646455,0.924091
1.126644,-0.24489036,-0.13501523,-1.8172296,0.24791077
2.3651638,-0.017470999,1.0417686,1.3670679,0.57182026
0.9237591,-0.23878208,1.602468,0.49437243,0.5939469
0.8828488,-0.5136894,0.06265469,-1.3517057,0.73739207
0.5048045,-0.019247212,0.14061284,-1.0070535,0.0873884
2.0546763,-0.02933166,0.9052119,0.29047412,0.5123665
0.1061479,-0.49058452,0.07317536,-1.3353598,0.47811085
1.1518669,0.07497617,0.38939798,-1.1788185,-0.56918263
2.3078747,-0.01950947,0.79908437,1.0443236,0.39764696
1.3461587,0.05398519,1.0728968,0.560457,1.024893
0.6094343,-0.32059288,0.04844208,-1.5799187,-0.019347485
2.3884509,-0.09582792,1.5155365,1.1974076,0.332565
4.5538597,1.0326707,1.6707854,3.7358992,1.0729853
-0.5970849,-0.49784747,-0.5603218,-1.8337457,0.0832944
-1.0844411,-0.3546654,-0.921647,-2.7531416,-0.15113997
2.222991,-0.14301935,0.79370767,1.3572853,0.34129468
1.6017523,0.06473034,0.7570864,0.6779134,1.3399819
2.0610824,-0.36182457,0.8165519,0.9202149,0.3688356
1.9630904,-0.15641725,0.6362679,0.22463046,0.51444525
0.734266,-0.59130216,0.40523455,-1.7508596,0.30290085
1.7170616,0.09416808,0.88056016,-0.5776243,0.17624873
1.8211637,0.1392492,1.3916192,0.8557494,-0.39290732
2.1814532,0.07135986,0.92444444,1.1535333,-0.15853617
1.5330085,-0.4193929,0.90247524,0.7873439,0.3965582
1.864795,0.22589833,0.9467625,1.4283562,0.82986754
1.958759,-0.08688559,1.0838952,-0.5829001,0.34161353
2.3336802,0.060587678,0.7150991,-0.29934242,0.09498524
1.3028618,-0.32957298,0.48978323,0.12660134,0.53339934
1.0451345,-0.22077698,0.09611572,-0.24476515,0.11585615
0.03133763,-0.5382133,-0.8521554,-1.7508125,-0.08933385
2.491415,0.44341022,1.6009119,2.9211707,1.2554895
0.6900556,-0.46496844,0.07932241,-0.74360573,0.35892746
0.7450073,0.33809882,1.7340809,0.96407163,0.78990656
2.342386,0.110434875,0.40660426,2.1749346,-0.042871952
-0.05055456,-0.37531203,-1.535486,-1.0266012,-0.096598804
2.5417068,0.10260609,1.7992904,1.1017942,0.23563385
-0.15409732,0.54227275,-0.9194981,1.2071998,1.1290015
-0.058238987,-0.71738833,0.44783765,-2.7124517,0.5121755
2.0990405,0.16072707,1.0899974,0.03180464,0.19013955
1.9213827,-0.2544423,0.52597886,0.14183612,0.8214132
-4.750228,-1.5487729,-1.9860879,-1.7939078,0.5653597
-0.5988195,0.21470584,-0.0773304,1.3565549,-1.5495405
0.5217977,-0.27132437,-0.34927326,6.15486,1.4923049
0.09891154,-0.34349155,-1.1111174,-0.7171936,-0.15906595
0.55318445,-0.26738408,0.4658406,-0.7575344,0.4028471
0.7815783,0.17937048,0.8835852,1.8267932,0.9807965
-1.63387,0.061648004,-1.1736169,-4.006874,0.4005754
1.722185,0.46130794,1.0350617,2.2878814,1.1957719
0.95328957,-0.3134383,0.2199092,-1.3737323,0.4309585
1.6448697,0.12239948,0.60103744,-1.3784006,-0.0046635866
1.752644,0.03175814,0.7367964,-0.73938775,0.7352665
1.9532825,0.015662001,1.1989927,1.9863822,1.0182275
0.00550168,-0.6100912,-0.39878908,-2.6349351,0.35411248
3.023669,0.046871558,1.8066156,1.6570733,0.22324708
0.3031418,0.0080767255,-0.061488234,-2.9340289,0.3788145
3.6232047,1.5079191,1.6267576,1.343139,0.61223984
2.7651799,0.23031542,1.5429047,2.3634953,0.8131108
1.7958376,1.1338494,0.15983902,-0.47833642,1.1684935
1.4841173,-0.2183278,0.7468692,0.029044025,0.49314058
2.5940428,0.7800904,0.9944897,1.9854063,0.75993186
1.4429474,-0.12773833,0.61449796,-0.98228157,0.40650225
0.82305324,0.46091896,0.028851248,-1.1939514,0.7672264
1.5041494,-0.15247475,0.75635594,-0.6784855,0.5353649
0.95762175,0.5925319,0.42299148,1.0820382,1.203115
1.9138504,-0.01969305,1.4633086,0.097737625,0.9443172
1.0042557,-0.03661318,0.67465544,-0.4944875,0.87054133
0.30445066,-0.54689264,-0.014204798,-1.4525027,0.21706447
3.4116051,1.2479751,0.9655718,2.2059755,1.1811273
0.4198668,-0.7441377,0.46202978,-1.680219,0.5059936
0.5240028,-0.43369818,-0.40548813,-1.6346518,0.094014674
1.7625327,-0.2665511,1.0199962,-0.48336583,0.08209481
1.6563472,0.04306409,-0.13959704,0.59820694,0.34559637
1.5826653,1.355088,-0.013995288,-0.19567513,0.7113343
0.3700325,-0.512995,0.17760862,0.37608877,0.54945964
1.2863458,0.8694595,0.5812369,1.1946418,1.0953213
-0.9744496,0.76283723,1.2882879,0.46021757,1.152424
1.8537779,-0.35541758,1.0779598,1.9584513,1.0471153
2.1458504,0.14513934,1.0784599,-0.6221484,0.44750544
0.63913757,-0.62476254,-0.14553888,2.0826905,1.1285666
1.6489081,0.15536906,0.67120117,2.8263702,0.9180386
1.3111936,-0.28875637,1.3510914,1.1526906,1.1298447
0.82331413,-0.18607824,0.4834002,-0.53294486,-0.07767411
1.2206616,0.6850716,0.33649957,0.19105591,0.5965922
0.7630429,-0.7200395,-0.09447479,-1.1258619,0.52625424
2.9372292,0.21103975,0.3892259,0.57575333,-0.012280374
-1.1967573,-0.6217689,-0.21066928,-2.7325802,0.09916651
1.7159004,0.057728246,1.1452307,2.3610842,1.4402074
1.4702088,-0.1397915,0.8449049,0.28573906,0.7604077
3.275128,1.6507516,-0.819067,7.3434634,-0.16071405
0.804001,0.29723737,-0.5054314,-0.071260646,-0.97781396
0.13898037,-1.080277,0.04655197,7.258037,2.3831744
-0.5992881,-0.61509466,-0.46278924,-2.2021983,0.07214889
1.6179436,0.09026312,0.46373317,1.9843302,0.9107333
0.036610864,1.4095093,-0.40791056,-0.1568368,-0.04819064
0.7675698,-0.5611607,0.93790334,-0.89502543,0.2701423
2.2148108,-0.2907848,1.325347,3.2940807,0.13007309
1.4851099,-0.19006944,0.45659927,0.8368261,0.84320855
0.5937989,-0.2603184,0.7478869,-1.673323,0.08345515
0.7379506,-0.46037441,0.7691279,-1.4009618,0.5493862
0.5793665,-0.412422,-0.020271532,-2.217359,-0.06401099
-0.7412383,0.019574437,-0.43216676,2.3873775,1.3413471
0.20659852,-0.3375472,-0.24070543,-1.0524881,0.95038736
2.4579692,0.36565566,1.7333757,1.363182,0.4015648
3.9642842,0.9133828,0.8343459,2.9835722,0.8892329
-0.20070696,0.72125995,0.81160295,0.30919603,0.5042535
0.46359238,-0.3138438,-0.17662796,-2.0281253,0.69268304
0.7170052,-0.0971555,0.24416462,1.5895915,0.7187815
3.267869,0.3338723,0.85103536,1.2115529,0.1955695
0.43899024,-0.5301911,0.39555043,-1.0170323,0.43441224
0.93755996,-0.4175722,0.38475785,0.07218117,0.2041357
0.95644087,-0.7094005,0.3057273,2.0505588,1.5744385
1.3794206,0.5837243,1.4018139,1.3181759,0.07362159
1.7624627,0.010460611,0.96080047,-0.9254124,0.8039464
0.35737288,-0.5506085,-0.0962369,-0.34866393,0.45860425
0.68884313,0.19942708,1.0410019,-0.68151337,0.853209
1.0482024,-0.28690895,-0.07599408,1.3537331,0.18716055
1.4206623,-0.42636278,0.84217423,1.2817082,1.1549333
1.753735,0.1395272,0.7402679,0.11322525,-0.07038839
1.4537694,-0.29284444,0.6880175,0.44376513,1.1060823
1.5485816,-0.3731157,0.92837954,2.6847038,1.2214599
1.35144,0.008710919,0.9476041,0.015374689,0.11385886
3.115966,0.2730135,1.5271062,2.364914,1.28219
-1.0945113,-0.97810024,-0.98890823,-2.457096,0.08574112
0.79054046,-0.22790925,0.37727624,-0.8757681,0.14994818
1.584614,-0.13337775,0.25591892,-0.9518504,0.069299415
2.4921837,0.6377491,0.6753375,2.2037883,0.8418554
1.3646011,1.0532225,1.2463423,1.3000219,0.04458752
-0.10911638,-0.021256175,0.39648092,0.059956603,1.4892173
0.94371796,-0.4927605,0.63298965,-1.5553991,0.52431893
1.0157138,-0.5988698,0.11677959,-0.4579501,0.3097062
2.0142837,0.047838323,0.90796214,2.4162128,0.54663444
1.2911925,-0.41796014,0.40148205,-1.486384,0.57112217
0.33987677,-0.34964162,-0.16690974,-0.55533844,0.114806086
0.30571976,-0.67402476,0.5342056,-1.3768543,0.5806746
1.90118,0.021108955,0.8463708,-0.5776529,0.37576413
0.98597693,-0.3965354,0.17118682,-1.2698023,0.4794674
-6.746377,0.011532004,-2.1356165,3.181495,-3.105787
-1.4071093,1.0696276,-0.36734584,0.7922093,-1.1977097
-0.11182967,-0.9225606,-0.27139255,5.2430787,2.2957165
0.19803584,-0.40337715,-0.2638143,-1.7515774,0.43604618
2.0028696,0.4618132,0.4958029,2.8606632,0.25290674
1.5269879,-0.37902817,0.9493799,0.0003078282,0.8209737
0.12692434,-0.58697355,0.559532,-2.1803231,0.54371685
1.134582,0.0051596756,0.7216332,-0.38332817,0.048096433
0.041243225,-0.45502692,-0.3913292,-2.7955968,0.5705027
-0.5476161,-0.7319608,0.17456815,-1.6040834,-0.06488736
1.4707556,-0.19886434,0.73932934,-0.22817573,0.66143525
0.34802875,-0.6211663,0.2411844,-1.9822823,0.2037883
1.4875257,0.03183056,0.30772227,0.4978827,1.2815146
0.78704363,-0.13858503,0.20202716,-3.0662148,0.104804054
1.0912479,-0.0025609136,1.1126083,0.37290373,0.057595566
2.7975278,0.3211889,1.3847817,2.7428405,1.2693857
2.7634912,0.45088738,1.9869943,1.5585157,0.5679714
0.6289096,-0.34999612,0.3619991,-1.8523215,0.141667
1.5585833,-0.025254732,0.78558594,-0.4234018,0.036290567
1.1815584,-0.52217954,1.3120196,0.948304,1.5068436
1.0199511,-0.10187006,1.0722579,0.11640283,0.60219455
0.8020992,0.22767214,-0.009212791,-1.2413739,0.1373855
1.6131432,0.06588036,0.6554166,-0.13472964,0.5931737
0.11403181,-0.5745882,0.66381514,-1.4190061,0.3852271
1.0079384,-0.25832686,-0.17435186,1.8345623,0.21165964
0.021374606,-0.52894264,-0.26587957,-2.1036825,0.43842152
0.85897225,0.03253806,-0.53093415,2.4462419,-0.0940285
2.3324516,0.27007806,1.8899273,2.666379,1.6092272
0.5158741,-0.1778713,0.13028507,-2.020339,0.5922053
1.0140646,-0.47643894,0.4018398,-1.2731805,0.12388073
1.2611942,-0.4312973,0.55737644,-0.8632768,0.46383607
0.9389008,-0.20662078,0.46920544,-2.1694295,-0.27211264
2.7691472,0.898757,1.0758556,1.4568363,1.158956
0.953102,-0.08839586,0.76621085,0.93131745,0.8481937
-0.21364018,-0.68159294,-0.123025015,-0.26728442,-0.2775432
1.1507374,-0.10161407,0.5339487,-0.5477295,-0.10586018
2.7828481,-0.14615716,1.1104853,4.099581,1.1269761
0.5758948,-0.4016922,0.06641564,0.32799736,0.36619654
0.38495556,-0.6361667,-0.04725071,-1.6024557,0.35323972
2.0417845,-0.072448775,1.1515934,1.8698971,0.96643996
3.1915421,1.0939832,1.6042469,2.0470712,0.062066402
1.8907393,-0.30009228,1.1600376,1.8519704,1.2671325
3.0524628,1.1623572,0.9521555,0.9508668,0.4432534
0.6974238,-0.73184216,0.04601291,-0.60858005,0.50227666
-0.3264891,-0.15614581,0.5833742,-0.39018303,0.02050906
1.4691421,-0.548203,0.40028214,-1.143906,1.2155449
1.2734405,-0.11112292,0.83380103,-1.2492834,0.4946068
0.85022366,-0.5143751,-0.041733257,-1.0567815,0.48234975
-2.4359925,0.55451775,-1.4910073,2.013595,-0.57115763
-1.0330944,0.078529,-1.176074,-0.1569558,0.9106814
-0.8080937,-1.2716852,-2.4323049,1.4433906,1.966385
-0.5022254,-0.7926994,-0.75125647,-1.4728148,0.42261928
1.443891,-0.13357799,0.64382553,1.9629456,0.6565175
1.33975,-0.33060777,0.590071,1.3009175,0.8491997
0.04153409,0.06041602,-0.4012817,-2.9834087,0.55522996
2.5655656,-0.15687668,0.54397225,2.9473097,1.1307118
1.5615399,-0.6848067,0.7912725,0.70388156,1.1422071
1.9122473,0.4724046,0.9468484,1.216167,0.5474812
0.546424,-0.5902746,0.38473293,-2.085016,0.25360587
0.79192406,-0.5318203,0.35625377,-0.6701747,0.60381603
1.5567563,-0.035092983,0.81540227,-1.2628103,0.044422444
-1.4035835,-0.5421372,0.007421195,-1.7139219,1.0399597
0.8598612,1.2351245,0.08569594,0.18723227,0.8138509
-0.21672022,-0.84338003,0.32982898,-1.1292804,1.243163
1.8936335,-0.12408126,0.9223543,1.4514495,0.7871101
3.4268427,1.2005298,1.1748261,2.061492,0.7261223
0.29704103,-0.19008583,0.046323206,-3.4408803,-0.28833514
0.7630569,-0.45598304,0.6200085,-1.8327074,0.4660601
1.7626389,0.09201654,1.5131543,0.011310965,0.8032019
1.4867632,-0.43887302,0.7522209,-0.9894988,0.87261283
1.1284995,0.9730446,0.99088806,2.039494,1.3315265
0.89178973,-0.39012617,0.7287801,-1.5536956,0.7904187
1.0143815,-0.4784775,1.0659394,-1.0048201,0.36744002
3.7928762,1.7777382,0.38500237,0.9888925,-0.16871864
1.0571346,0.09224094,1.2779943,0.12735468,-0.37762806
-0.19830063,-0.41009837,-0.2150594,-1.6692767,0.44417968
0.5998883,0.26711845,0.59607077,1.345303,0.89788204
0.7212486,-0.24826461,0.7740619,-0.82994413,0.5533543
1.6934861,-0.08909199,0.53565973,-0.509309,0.13186987
1.226941,0.29276198,0.1011529,1.5602034,0.33467788
1.4126718,-0.365386,1.5092009,-0.6933729,0.72517306
1.1237471,-0.3184776,0.072064415,-1.1669236,0.3809955
2.30389,-0.6496909,1.8370957,5.887921,1.4402695
1.0640569,-0.29624346,0.26829243,-2.2229385,0.39622724
0.6281177,-0.7530067,0.41365978,-0.5600165,0.60841626
-0.46721515,-0.62449884,-0.6947344,-2.145257,0.47641042
0.45527884,-0.4979283,0.39338604,0.69383883,0.7545822
1.1912589,-0.025589708,0.48459306,-1.1775062,0.06336106
0.40745154,-0.6747854,-0.25717124,-1.9804802,0.3406716
-1.7178637,-0.5334099,-0.697235,-0.623274,0.07587126
0.38740116,0.044886764,1.9022179,1.1951722,0.7586536
2.9289665,0.6266788,0.6240109,2.468341,0.98390174
-1.7268896,0.8140585,0.64676434,0.35687992,0.305782
-0.17954537,-0.7239058,0.34557804,0.84464353,0.64225394
2.0383377,0.22133878,1.2088916,0.9438132,1.4887321
-0.052420203,-0.5594557,0.31696877,-1.7032602,0.5272245
3.150688,1.1091895,1.2318325,0.385935,-3.0667682
-0.7126001,0.7630472,-0.40333286,-0.6616239,-3.4057136
0.0075521166,-1.4834766,-0.1765136,3.6456926,2.9111276
0.37322456,0.13367334,0.26278734,-0.19607244,0.33936068
-1.978464,-0.49408048,-1.7083193,-3.2439609,0.67884356
2.4453592,2.0213876,-0.46254817,0.05127548,0.90458226
0.994909,-0.5141052,0.5973774,-1.8339045,0.6313124
-1.9771223,0.17143089,-0.7415491,-4.6696067,0.30636016
1.0494416,-0.28503147,0.8687665,-0.5194511,0.19724092
1.2003729,-0.09369159,0.31832963,-1.8947589,0.52143836
1.468843,-0.28576848,1.2010107,1.5435979,0.73398906
2.621395,0.17178038,1.1274803,0.89962083,0.49602205
1.0868596,-0.26306698,0.94903314,0.07486309,1.1495997
0.7197924,-0.46784464,1.2104403,-0.25846615,0.07503984
1.1055003,-0.22200571,0.17222182,-1.0886527,0.34263667
0.59159285,-0.41063362,0.42238927,-1.1862626,0.7539794
0.20474744,-0.31100997,-0.52046216,-1.4013201,-0.28909647
1.391098,-0.2812767,0.26584107,-1.4170574,0.5314986
1.2949543,-0.46645653,1.0080305,-1.8219488,0.5526113
0.4602459,-0.13288848,-0.5406964,-1.7544862,0.349536
5.5161176,2.7357225,-0.05342386,0.17665137,0.080344684
1.4184884,-0.40855512,1.1819425,0.6063651,0.67086464
1.5737152,-0.04139787,0.41847503,-1.2270185,0.5154302
3.6612144,1.4290655,0.13412288,0.79422426,0.36552164
0.86261535,-0.049211286,1.383155,0.07494275,0.7862137
0.6544632,0.12546119,-0.99256974,-0.23294437,-0.21618469
0.987517,-0.8502203,0.89819497,0.85058767,1.3408383
0.2674195,-0.2785123,-0.26254052,-1.4096959,0.14260556
0.5391524,-0.63070273,0.431139,1.563373,0.34025595
1.1396178,-0.40714067,0.32207483,0.32289755,0.4741985
0.7627858,-0.49421963,-0.23480494,-0.66491234,0.57342714
1.1378802,0.047193713,1.2637031,-1.0362396,0.42254412
1.42723,-0.19692437,1.0178349,-0.13333511,0.2438274
0.815469,-0.29028958,1.3533651,2.1756024,0.96053916
0.6830538,-0.51181823,-0.51105356,-1.6184845,-0.0014727116
1.6883463,0.078334995,1.1174916,0.17583217,0.79973453
1.3636028,-0.33710515,0.52332973,-0.27669662,0.29660967
1.2868581,-0.48348698,1.768893,1.3856213,0.5628474
2.2995808,0.123031184,0.5714963,0.7425942,0.53853047
2.0510333,-0.29695448,0.63143766,-0.21248211,0.37352952
-2.776315,1.8031011,-1.2980769,-2.232181,1.5914302
-0.6314338,-0.7369616,-0.3038558,-1.6806939,0.8884575
1.7173331,1.188903,1.2094883,1.7295059,1.263595
0.105294734,-0.24409391,0.43929768,0.55771977,0.75918996
1.6417214,0.1385028,0.6351639,2.5193286,0.9928702
0.7114298,-0.31984532,1.616661,0.36018893,0.9526182
1.8743939,0.94291276,0.77650744,1.7360338,1.3975863
1.056652,-0.27834377,0.29327306,-1.1702505,0.22773409
0.17432961,0.44520226,0.29733995,1.8673953,-0.9113627
1.4280058,0.4776506,0.06629786,1.3712406,0.730764
-1.1141515,-1.9406484,-1.3729284,2.3319778,4.7558813
0.12168054,-0.7562201,-0.6805787,-1.2050675,0.78991
1.0024236,0.26192096,0.69955003,1.0278587,0.14778325
1.0211924,0.23970988,1.1212327,-0.09437515,0.7437386
0.47961432,-0.813247,0.31442252,-0.079968296,0.52032036
0.20879894,-0.67482305,0.60104537,-0.8912202,0.69268566
4.296071,1.220187,2.0235636,2.3656633,0.82104886
1.7158865,0.43515688,0.20807281,1.4449415,1.5324978
1.4784017,-0.06781653,1.4162133,0.37740844,0.5702894
0.5206006,-0.56289655,-0.25367022,-0.23307812,-0.11684572
0.60183424,-0.43936825,-0.3194833,-1.7837243,-0.58841616
0.32793343,-0.45334327,0.09217929,1.236375,0.14902776
0.1467748,-0.38684693,-0.2778645,-1.5775226,0.21740496
1.1701952,-0.23203559,0.5316267,2.5621476,0.74006355
0.5906786,-0.22602105,1.4423777,0.16108531,1.1708171
1.1975486,-0.4215902,1.0222343,-0.90900695,0.7635239
0.32412747,0.40810317,0.5248744,-0.1289115,0.26929796
0.23703907,-0.8123743,-0.1718119,-1.4585392,0.61959404
0.14610642,-0.17576344,0.49826437,-2.5201657,0.27205992
1.7450733,0.016563222,0.7397918,0.4438182,0.42846048
0.25015056,-0.49155134,0.012526451,-1.9399637,0.42053854
0.7375347,-0.22281386,1.2990227,0.056412168,0.38414696
1.767019,-0.0008302927,1.1070294,0.52394056,0.53978586
0.60559905,-0.44104612,-0.17902298,-1.4371898,0.14216307
0.68444467,-0.041211016,0.02749453,0.19240028,-0.09969025
1.2652687,-0.33917403,0.7365906,1.0774306,0.98515266
1.2987092,-0.27733156,0.13194183,-0.53986967,0.40564767
3.3203688,0.4545356,1.3048545,2.8393893,0.51863647
0.21857385,-0.53141224,0.0111391535,-2.5549607,0.37458116
2.28044,0.29856807,0.8547288,0.5689458,-0.09307609
1.1482043,-0.15958266,0.35735983,0.29447067,0.50693107
1.221374,-0.18786782,1.1192534,-0.8734114,0.09733515
-0.0006704405,-0.1910615,-0.45314267,-2.657082,0.6989454
2.2325501,-0.11043547,2.0165153,2.0501513,0.6446597
0.7982086,-0.3728934,0.3060987,-0.40075588,0.78532845
0.8198321,-0.11217988,-0.3024734,-0.6041127,-0.1731323
1.2623023,-0.20351371,0.6256931,2.5100186,0.9017373
2.5406294,-0.102499716,0.8614748,1.6959085,1.0244857
0.44994047,-0.6186404,0.36694512,0.47036502,0.38263217
0.61318356,-0.3877209,-0.2095041,-0.50096714,0.17648727
1.8952595,0.110244155,1.0581926,-0.488116,0.403598
-0.3997535,-0.4456731,1.0371552,0.6524262,0.47612274
1.8511329,0.017117543,1.0479198,-0.4665607,0.63131756
1.6341302,0.4614128,0.9550123,0.03708689,-0.52311796
0.8553323,0.23671407,0.29276353,0.30761176,0.47838306
0.093070306,-0.64827234,0.19363406,-2.348289,0.18385573
2.1709466,0.5864804,0.94579893,1.1490346,-1.5904883
-0.09967036,0.487967,-1.4144349,0.72234064,-0.25407687
0.9306644,-1.0129497,-0.26310548,4.769425,3.1240194
1.3080921,-0.4070178,0.78565603,3.2234895,0.848445
2.4900987,-0.12725084,0.2955703,2.4170542,0.7247645
1.0486205,-0.13774447,0.20446059,-1.445292,0.56941766
0.92262554,-0.0385661,0.7095995,-0.08406838,0.586329
2.0837045,0.5187293,0.8132805,0.8985457,0.721605
2.5789897,0.14688091,1.1698035,1.077692,0.178927
2.1175196,-0.08990284,0.47679523,0.06528998,0.41381162
2.0301514,-0.07305612,0.50730777,1.8662503,0.7101924
1.8045121,-0.038020726,0.7200896,0.7642803,0.24771288
1.2514325,0.1814512,1.3632159,-0.31664124,0.6572224
0.7116477,-0.5205039,-0.13390999,0.6499782,0.76071954
2.750411,0.34219846,1.3204714,0.33108124,0.033818763
2.9385228,0.07789395,1.7785487,2.6619375,1.7252272
2.1573246,0.40665004,0.099727124,0.47053218,-0.2531098
2.1676688,0.36531454,0.72375923,0.5733898,0.19585383
2.1277428,0.15746424,0.74918944,0.16445953,0.8262087
1.3672541,0.16875394,-0.049714986,-0.6841735,-0.48028475
-0.03521945,-0.23830281,0.017083582,-0.27187696,-0.111218564
1.3956674,0.8094662,0.5753885,1.197496,0.26013923
0.102290414,-0.13341679,0.029365396,-2.0193317,0.5221261
1.7728777,-0.1606484,1.1926455,2.5059311,0.26606244
1.1991206,-0.311545,0.45506227,-1.1800501,-0.040500406
2.300533,0.29318243,0.42437693,2.3485699,0.45853257
1.7147491,-0.38246655,0.7564701,0.17188755,0.8962441
1.0731988,-0.036368806,-0.24891913,-0.13950828,-0.5362539
0.7487146,0.052634887,-0.22838922,-1.7275473,0.2084335
2.8166611,-0.0076678377,0.9200235,1.1295182,0.26481625
-0.31522298,-0.45800212,-0.53254104,-2.609139,0.07551346
1.139021,-0.014111092,0.49856198,-0.31887844,-0.4456676
0.6718634,0.19432572,-0.6889935,-0.9169788,-0.4548033
0.31358966,-0.27582175,-0.8745538,-1.2550472,-0.5674954
1.8339651,-0.34161502,1.0896474,-0.4180919,0.5214617
2.0024405,0.27685958,0.3029455,0.13674377,0.2426443
2.5949526,-0.03934482,0.76336837,0.50065345,0.8286733
1.3993258,-0.13685237,0.21131927,0.34205174,-0.10246884
1.3569932,-0.3807143,1.5951264,-1.0928152,0.47074667
0.7818111,-0.6378969,1.0213637,2.6089573,2.1697638
-1.1056883,0.87998426,-0.21993525,-0.057603154,1.2889516
1.858395,0.6250986,1.6178976,0.25889787,0.7814516
1.8944796,0.10225118,1.1487737,2.1840215,1.1031817
1.6015644,-0.2263782,0.113363,0.7534364,0.24927796
1.5516806,-0.09207078,1.2218236,-0.62546045,0.15309058
2.790803,0.19744691,1.043592,2.3450453,1.0076824
0.12992798,-0.4875734,-0.46504834,-1.4862447,0.10514717
-1.3825462,-0.30517992,-0.923387,-3.873183,0.12799284
2.8546925,0.9773943,3.218465,2.6782403,-1.2841446
0.8593241,1.2319028,0.06985156,1.4207681,-2.738543
1.583344,-0.20920114,0.43735993,2.1139266,1.9911228
3.0675864,0.5525779,0.96292746,3.7254386,1.8456831
1.6492939,0.0964111,0.40286988,0.3094763,0.9875369
2.2994545,-0.04218702,0.3406409,0.58207124,0.021796819
2.712675,0.19377518,1.006436,0.52676827,0.029880306
3.1404703,0.55587065,1.5140004,3.1112406,1.2702905
1.5880533,-0.14143924,0.7146602,-1.0441242,-0.21731682
1.111186,-0.13417362,0.9273458,-1.0300871,0.28199896
0.13020882,-0.51046634,-0.08561101,-2.4746244,0.40662065
2.0218601,0.30653527,0.36283228,1.3462142,0.09971618
2.804879,0.23038274,1.6179798,3.0735047,1.2957201
0.31604746,-0.21962777,0.16492125,-1.3720329,0.038974114
0.64253026,-0.17256007,0.6748342,-0.2919256,0.45906824
1.3403732,0.10088221,0.38298622,-1.5019333,0.15395655
2.5899134,0.28921136,1.679003,0.53223306,0.17221102
0.7484608,-0.13409646,-0.49391517,-1.0012091,-0.007961631
1.9377288,-0.20070212,1.0800357,0.16457656,0.99046344
2.9343493,0.36273742,1.6709933,0.41193336,-0.14260297
3.768527,-0.0014829636,2.0527065,5.771384,1.8410764
2.311791,0.14072233,0.87443405,0.27373856,-0.7039362
2.5167515,0.25790814,0.47636288,-0.37212786,-0.28837577
2.3621764,0.5365538,0.942673,0.87483543,0.27891296
2.2301192,-0.12360301,0.98707294,2.3581705,0.8928758
1.6066873,-0.07095486,0.61770517,0.8623775,0.19518664
1.1644403,-0.16647887,0.8013973,-0.7729116,-0.08916704
1.7776439,0.5748282,1.5312421,1.8477548,1.3925558
2.2198768,-0.30475175,0.6051431,2.8577387,1.1478894
2.6000693,0.057266325,0.52252966,-0.24311791,0.34787858
2.1263645,0.22440659,1.0872319,1.70219,0.5098108
1.2732899,0.4046905,0.29194155,-0.5168494,0.43187878
1.8917527,-0.14900595,0.8945961,-0.17606425,0.17281513
0.6446005,-0.24918225,0.63058466,0.6266904,0.8205324
1.6239593,-0.060672015,0.7910645,0.08127533,-0.1830736
1.9036012,-0.48487252,0.42920455,0.09227839,0.21780337
1.6062645,0.008855162,0.8473892,-1.3040028,0.53691226
2.4603162,1.0614498,0.7730749,1.5935183,0.7227382
1.235036,-0.4216994,0.08241405,0.11014406,0.34339368
1.2396244,-0.33995962,0.52106076,-0.6911365,0.48536092
1.3678071,-0.1510976,0.6272339,-0.9995496,-0.12216346
1.0406628,-0.044727325,0.4652611,-0.33343935,0.5460245
2.6269894,1.0969617,0.54173404,1.0093418,1.1019632
1.4812176,-0.35166538,0.64765006,-0.008388072,0.22318746
2.6040146,0.24995424,0.5477007,-0.14921108,-0.18171242
0.3418361,-0.4867694,0.4892785,0.5962642,0.8061459
2.6184368,0.50673497,1.4343818,1.838288,0.40490282
2.3647714,-0.32625508,1.7913934,1.9901667,0.6089847
1.8804806,-0.14086893,2.2097378,6.3594065,1.3429667
-0.02020646,-0.07329273,0.95689094,6.125836,1.0504444
-0.6628027,-0.49527174,-1.1733427,2.699561,1.4745209
0.10513405,-0.5306568,0.5335029,-0.23106503,1.1352872
2.772499,0.17979711,1.070769,1.8223616,0.47828108
-0.034489866,0.054853305,0.14013836,-1.2242421,0.41598654
1.7192055,0.61307544,0.35177746,1.2736008,1.8379515
1.0814372,0.56117254,1.0527407,0.3086227,0.7826287
0.21651441,-0.14357236,-0.86427087,-0.091470964,0.4323393
0.6258954,-0.2896485,0.3924295,-0.51050264,0.3056178
-0.11110887,-0.53223395,-0.37403518,-2.410005,0.54215395
0.64979386,-0.11763566,-0.15756628,-1.7311918,0.19388339
1.808831,-0.102101,0.747075,-0.32743484,0.67518795
1.0744716,-0.22686255,1.0552177,0.097712055,0.8108741
1.219866,-0.21580623,0.17685331,-1.0306698,0.43008924
3.4802566,2.6027126,-1.0715997,-2.506773,-0.49452472
0.6036191,-0.7828679,1.2914962,-0.41825512,1.090162
1.0669043,0.12195549,0.54064095,-1.577343,0.40847242
0.6889713,0.10954478,0.30770755,0.21010907,0.65035236
0.6772365,-0.631338,0.5898753,-0.62618405,0.7929983
0.9846897,-0.020886332,0.28892416,-1.699124,0.26916143
1.251778,-0.25621676,0.8308645,0.62390023,0.6240758
-1.2410728,0.06805285,-0.465698,-4.583142,0.9018676
2.7234,1.3470626,0.9594867,2.059221,1.0617996
-0.8756881,-0.43249193,0.27773428,-0.16578522,1.2678157
1.2287164,-0.23501746,0.298,-0.32582405,0.62767464
1.5520971,-0.007607637,0.99598956,-0.70679915,0.2708267
1.3964014,-0.01927016,0.30798718,-1.2813232,0.020771798
1.7342424,0.3970186,0.23258448,2.084056,0.6329995
2.0936577,-0.021428432,1.3534541,1.0820009,1.1916502
-0.5547246,-0.5050914,-0.9170633,-1.50485,0.3581238
2.0216172,-0.04022338,1.2600105,1.4659804,0.70191157
2.0966697,-0.17855623,0.952421,-0.3531618,0.11275175
1.1132436,-0.16367315,0.111762844,1.396652,0.116763614
0.33357564,0.33849862,-0.18366122,0.89612025,0.7600147
1.9877019,-0.046263006,0.98484796,2.8330653,0.6803681
0.008571937,-0.22918025,-0.03163603,-0.43788105,0.43590102
1.3418458,-0.027504493,0.750189,0.7680175,0.2715734
1.3559269,-0.33107188,0.44020435,0.18116638,0.10045771
1.073346,-0.3730404,0.26769912,-0.75140655,0.22967769
0.2742387,-0.7783288,0.061235692,-0.6842856,-0.13779083
3.290687,0.49383193,1.378828,3.0669625,0.944173
0.1089086,-0.6822079,0.07498959,-1.8893381,0.26315355
0.60608506,0.17759869,0.12865096,0.08189491,0.5781053
-0.235366,0.5544838,0.0047009587,1.7618384,0.55149853
0.9437627,-0.7904083,1.3152702,1.8779141,1.1918901
0.76395273,-0.045441374,1.2351278,0.7074794,1.248277
0.074643105,-0.095248625,0.7900572,-0.20314732,0.4834592
4.6040554,1.2077338,-1.2703426,4.6586566,-3.7755911
-1.3599482,0.6247006,-0.22724672,-1.5962812,-2.4172285
-1.2950369,-1.3390423,-0.8054195,2.0867202,3.1687226
1.1457087,7.241964e-05,0.6153261,0.75940686,0.25645772
1.5067708,-0.10852566,0.7247102,0.18493298,1.263136
2.1165078,0.4470737,1.7596699,0.35543537,0.624049
0.116418414,-0.15136099,0.20481616,-1.4491348,0.78117263
0.7741972,-0.33662054,0.22152959,-1.5278826,0.24878016
1.2183547,0.21045141,0.6432045,2.1585324,-0.13235903
1.9973563,0.78285515,1.8319135,1.4595965,1.8822172
1.3442907,-0.2805221,0.9315779,0.5765458,0.92328894
2.4792664,-0.22026195,1.6479353,3.2889493,1.3864896
2.2818754,0.14602248,0.70165473,-0.065752216,-0.08034555
1.6114776,-0.20679595,0.44351393,-0.7628492,0.2829513
2.284754,0.09842555,0.57313806,-0.31115198,0.12609495
0.59259856,-0.18629959,0.2648413,-1.5232651,0.15389
1.2351773,-0.81220496,0.48101443,1.9992737,0.9874886
1.4003981,-0.10003859,0.41505885,-1.5584656,0.04636963
-0.7724689,-0.09435195,-0.19799142,-3.737966,0.98000324
1.5225298,-0.31610057,0.61486566,-1.8156599,0.3002055
1.4221373,-0.048300248,0.20365775,0.43324476,0.15734439
2.5224352,0.30606422,0.50261575,1.2086024,0.42528757
4.0832224,1.8692803,0.35322994,-0.15739048,0.6253785
2.768624,-0.09088296,1.8220296,3.328407,0.68648803
1.5307461,-0.48577785,1.2338399,1.5670606,0.47776958
1.1159408,-0.6403835,0.48494503,0.9347274,1.1731606
0.6409846,-0.4274763,0.18026973,-1.7973897,0.77149373
1.0572127,0.22718453,0.2267519,0.025160277,-0.046546806
0.9436233,-0.5236677,0.4777957,-1.1008403,0.5075834
0.83145505,0.38478887,0.48178065,0.11459325,0.4233071
1.4855521,-0.06679585,0.4331436,0.15967602,-0.6067835
1.3379741,-0.38256204,0.89317566,-0.93215865,0.57849926
1.9560431,-0.07822682,1.0291044,0.65165937,0.036962103
1.057016,-0.46043155,0.42978072,1.1728859,0.589293
1.4675269,0.10544535,0.3805331,-0.82551247,0.03120436
1.5784231,-0.2546305,0.588788,0.09546679,0.2755867
1.6812004,-0.2496171,0.94368637,0.7203314,1.1330332
0.73707885,-0.00032424927,0.81653154,-1.2702963,0.34571046
1.3469459,-0.05822444,0.6707419,0.6243309,0.53143126
0.15800318,0.09954243,-0.04377399,-2.3533916,0.10976661
2.781973,1.3989686,0.72750455,1.6902097,0.9949281
1.5522951,-0.098404095,-0.046076328,-0.58154225,0.0028788745
1.9275926,0.40793568,0.64979583,0.7763823,0.42583454
-0.3254803,-0.52189636,0.2788722,-2.3409178,0.66146207
1.519567,0.36578986,1.7260495,1.2996527,1.1410654
-0.9136852,-0.4780743,0.1822548,-1.6729572,0.022075975
0.93973273,-0.24514264,1.2790022,-0.9372647,0.41047192
1.1600388,-0.043998376,0.41698202,0.22420955,1.088271
4.417239,0.99189806,2.274949,7.952069,1.1239367
-0.06404838,0.7094917,-0.71899265,-1.420824,-2.545666
0.0226989,-0.8678656,-0.4233186,5.035359,2.477159
0.09786968,-0.24633996,-0.12439752,0.3924103,0.9283267
-0.44809046,-0.5292241,-0.30002442,-1.327278,-0.1417534
-0.06231511,-0.15439565,-0.23374625,-1.920633,0.30368468
0.05732213,-0.70675683,-0.5398873,-1.566462,0.23644102
2.2200613,0.40714544,1.0936737,1.6763552,0.71498966
1.6858108,0.10011219,0.6091288,1.3445255,0.5134853
0.060407225,-0.54072547,0.63291043,-1.6445594,0.4157299
2.0439618,-0.3110609,0.33108565,0.76414275,0.51953673
-1.4026537,-1.2455622,1.2381793,1.6309521,1.1355746
1.9281888,0.0052744146,0.76809114,-1.0820382,0.599875
0.013826718,-0.17438254,-1.2347567,-0.27718735,-0.34483504
0.40621793,0.14956997,1.1685569,1.109274,0.716629
2.5062366,-0.094047695,0.86912817,0.6581871,0.6081718
0.9390229,-0.13580768,0.47025916,-1.3916875,0.7487109
0.397814,-0.43114024,0.28556374,-1.777819,0.24450666
0.9540804,0.66162145,0.9395392,1.5305225,0.8711043
0.40557468,-0.7396069,0.18410058,0.9417948,0.6954376
0.89806765,0.23461774,0.40223485,0.5584375,0.43484512
-0.18171659,-0.47503364,-0.40871876,-2.8074446,0.5215378
1.017855,-0.2925193,0.43126354,-1.8254471,0.18641558
-0.062103886,-0.3117332,0.78223723,-0.84207934,0.61376286
0.89854276,-0.07127164,1.3229678,0.582437,0.72311395
-0.4592433,-0.23280525,1.1604517,-1.8104593,-0.189653
1.225944,-0.35827732,0.5557267,-1.1339908,0.8107964
0.86310244,-0.3569296,0.7582035,-0.3639788,0.34977883
1.4647075,-0.13732435,0.75384575,0.13691096,0.5431225
0.39456734,-0.28120196,-0.14553775,-0.45425293,0.21292746
1.2793016,-0.07768296,-0.13799013,-0.49278155,0.22469118
0.55492914,-0.6160207,0.3601606,0.7081223,0.50452733
1.41663,0.44477588,-0.83708686,3.6148217,0.25193277
0.009736015,-0.80157614,0.18120623,-0.6782024,0.7844225
2.0019176,0.22082047,1.1126963,-0.17317194,0.23122206
1.5541897,-0.17512976,1.1850019,-0.27335602,0.893987
2.5388007,0.48009443,1.2878021,1.6185747,0.8141937
-0.14972764,-0.5603006,-0.2289554,-2.3326118,0.2679308
-0.14568736,-0.3049718,-0.45091403,-0.5315851,0.2968767
0.8122301,-0.3980978,0.21555422,-1.5336146,0.62023157
0.82920986,-0.40871906,0.6129831,-0.9023499,0.45336634
0.81914645,-0.5068363,0.5196632,-1.1861566,0.47437307
1.9003139,-0.07482299,0.65850455,0.14672588,0.6883339
1.0501643,0.083350696,0.20264997,-1.4991882,-0.24406248
1.7045757,0.16019434,0.43182832,-0.5694413,0.26431933
-0.17436959,0.40938136,0.9636843,0.982427,0.32866076
2.2827723,0.21882705,1.3919582,0.0031127036,0.74533385
2.6274817,0.7426178,1.0390407,2.2911348,1.3940692
-4.5848556,0.7583335,-6.6205506,9.987105,0.35758978
-0.34262243,0.6864553,-0.3463875,3.5558567,-1.9506762
-0.7294819,-0.46064895,-1.3095526,4.9628553,3.691322
0.63224894,-0.5717761,0.61796093,0.21372223,0.91137135
-0.94252634,0.7180944,0.024928318,0.87047774,1.0834044
3.024402,0.19865999,0.9485315,3.2849317,1.1209059
2.9927146,0.3510695,0.90577126,2.4617748,0.37729278
0.7350273,-0.11033832,1.375844,0.0556008,0.25550365
0.7297069,-0.15877016,1.0544455,0.0089889765,1.2357715
0.72460717,-0.39636132,1.2280738,9.214118,0.7225033
2.1060176,1.9419034,-0.6092204,-1.5046381,-0.099197626
0.33135098,-0.6044969,1.5359564,1.3071115,1.1273066
1.5969481,-0.15072694,0.3126439,1.549421,-0.2248692
1.2158813,1.4693893,0.077953264,0.15377235,1.6345762
0.95681137,0.38831756,1.7163969,0.8632404,1.2756438
1.8823918,0.33339566,0.69412935,-0.31386414,0.42714792
0.53768617,0.9857455,0.6657742,1.3250413,0.9675493
0.5059477,-0.6789175,0.18979645,-2.255883,0.5002186
-0.67323136,0.31782264,0.10924314,1.7516177,1.431272
1.7497449,-0.59912515,1.4134539,0.17168987,0.84244776
0.2639633,-0.31786874,0.35567868,-0.53153396,0.5042777
0.42380166,-0.36295944,0.03445705,-2.2948303,0.52168375
1.6227262,-0.09459392,0.9249382,-1.2840011,-0.3680769
1.343211,-0.25731635,-0.25164908,-0.67277294,0.055457376
0.44246858,-0.64781475,0.5763163,-0.6968656,0.7257725
2.462544,-0.1663746,1.4541647,2.5905514,1.1957295
2.3348086,0.17605482,0.8364754,-0.7460523,0.07639328
0.65368164,-0.358133,-0.0027644038,-0.09882141,0.33653146
2.8248558,0.2716344,0.6545286,0.4481172,-0.10723954
1.6057823,-0.59008425,0.8036944,3.3579588,0.7759605
3.7241073,1.2337452,0.7305171,2.088123,1.1980014
2.3829489,-0.02173748,0.5600943,-0.034208257,-0.34006152
1.9789271,-0.2663078,0.5709408,-0.09575692,0.6633521
0.5135398,0.45929387,0.44192255,1.8969605,1.5891054
2.8799756,0.47028247,1.5379916,0.9159754,0.99335873
-0.7225942,0.2490101,-0.043211147,-4.529209,0.9875914
2.1327138,0.35479847,1.5957719,2.503295,0.5279615
2.3151782,0.42678583,0.6209282,-1.0928496,0.11583973
2.1681137,-0.05803639,0.88360673,-0.11667525,-0.06924584
1.7279963,0.35127428,1.5709401,1.2799405,0.9299861
0.66313976,-0.43590292,0.5735182,-0.9599121,0.562418
1.5763243,-0.31034365,0.44576973,-0.54665184,0.7759977
-2.9244077,-0.00043690205,-0.9513512,-4.644073,1.1635966
1.9018013,0.089455545,0.9289094,0.052388776,0.15827085
-1.2117753,0.4882175,-0.07560792,0.78110236,1.3947917
3.2994444,0.5831302,1.1064178,2.416387,1.4593849
1.2099359,-0.06729233,0.6344478,-0.32938096,-0.4628709
0.8162822,0.20589125,0.83802724,1.5350053,0.97987545
-4.379779,1.2251477,-2.4882848,-1.8217958,-2.5645564
-1.5762739,0.7093177,0.5258838,3.7283068,-0.47672063
-2.2426488,-1.1258613,-1.3782345,0.49073637,3.2993996
-0.98192334,-0.97083485,-1.3228551,-2.0000713,0.72704387
1.4738042,-0.28043693,-0.35694206,-0.07667858,0.18841714
2.5593452,0.0066751232,1.9598938,1.652335,0.36023143
0.77437377,-0.4894283,0.122472376,-0.0550176,1.2966439
1.233841,-0.31948715,0.29023415,0.038597506,-0.3263716
3.08598,0.47388095,1.7544858,2.7737226,1.4518166
3.360037,1.079398,0.8421403,1.7681715,0.61461985
2.91757,0.99189985,0.6330768,1.7090285,0.44702762
2.0199947,-0.48720765,1.4558175,3.6472626,1.7544256
1.6906308,-0.01724301,0.4786128,-0.25143078,-0.13079646
0.402458,-0.20051146,0.47601768,0.43914655,0.3300123
2.0452192,-0.588719,1.8403447,4.267113,1.4351449
0.42089498,-0.49810755,-0.067595676,-2.326799,0.50994384
1.0716646,0.14380595,0.23645927,0.5743828,0.75754464
0.086064994,-0.63307023,-0.09755055,-2.1416807,0.29840457
1.6740048,1.0198094,0.2892378,1.4450653,0.7857758
2.6924896,0.09052774,1.0047895,0.39504665,0.32141307
0.1024475,-0.46593818,-0.007129013,-1.1796298,-0.28912586
0.84681726,-0.3686039,-0.33077887,-1.1686592,0.1163168
-2.2982857,1.6373305,-0.6097646,1.0171983,2.8065798
2.1499078,0.33057147,-0.12538049,-1.2150326,-0.052710745
1.1916507,-0.13726862,0.12227646,-1.282206,0.21771176
2.3192317,-0.062272638,0.7342216,-0.18643175,0.33058265
0.66573715,-0.4645521,0.0056046844,-1.7797459,0.35570422
2.4408526,0.32164472,1.4558727,2.033502,1.7894149
0.71894044,0.50974643,0.99282837,1.04778,1.0399684
0.9823597,-0.702511,0.3145029,0.15294133,0.6583074
4.609598,1.9770657,1.6075649,-0.48134422,0.9681631
0.33633322,-0.6807962,0.24199058,-1.5724831,0.44660944
1.8640234,-0.17770149,0.8167475,-0.05798474,0.02923729
1.0466564,0.20249131,-0.14305434,-1.455836,0.39672238
1.4656851,-0.27871305,1.4213823,-0.47916237,0.4292727
0.7773102,-0.3956204,0.44993386,0.2733747,0.4525818
1.331589,-0.6261554,0.3936996,-1.3935723,0.8447888
0.80804276,-0.24395035,0.13943851,2.7576349,0.34092653
1.525152,-0.26859885,1.0373256,-1.213028,0.49862188
1.7634114,-0.113362886,0.90131706,-0.2799802,0.26230317
0.31027526,-0.7217682,0.3031278,-1.4581869,0.663657
1.0087651,-0.28801134,0.2613652,-1.7041577,0.022393161
2.207861,-0.41504726,1.384018,1.4181589,0.6804364
0.8269956,-1.1354698,2.379966,3.923617,1.9259593
2.3986769,0.0646156,0.4599563,0.23666567,0.7096318
1.7182659,-0.06352726,0.9260104,-1.4846851,0.67654324
0.0065552965,-0.45279723,-0.0023895502,-0.57591957,0.13210061
2.0830894,-0.052235544,0.73305124,1.9381604,0.17509325
-1.8909919,0.5616412,-0.6070335,3.663899,-0.15417
0.8959191,0.089751154,-0.74660915,1.3822128,1.5554299
-1.9884162,-2.255248,-0.18863463,5.2505713,3.154526
0.54358625,-0.18338144,0.620642,1.6807673,1.2316072
3.3074958,0.115299776,1.2292646,2.6190236,1.409606
0.9794536,-0.0396789,0.658793,-0.21572745,-0.1144284
0.859191,-0.005960464,0.37047487,-1.2210325,0.11639113
1.3489195,0.388328,0.70667946,1.5917443,1.0244322
1.3739016,-0.19343199,0.5521771,-1.1281115,0.6173099
1.4568669,0.0011759996,1.266338,1.0439425,0.6233389
2.0867307,-0.06560917,1.0464814,-0.43282488,0.120099634
0.9905519,-0.65664977,0.566502,-1.4646436,0.9538493
1.2465414,0.14358696,0.43950933,1.9022125,0.36667007
0.6377412,-0.297447,0.14874023,-0.5578142,0.35267454
0.5829385,-0.7139614,0.4286341,0.090342924,1.0305858
0.57914907,-0.50875807,-0.32712543,-2.4948514,0.57156885
2.1834664,0.15019181,0.38054442,-0.96951646,-0.29177976
1.6096009,0.07579241,0.7583629,-1.1675562,0.5271381
1.3034463,-0.31491503,1.3561245,1.931233,0.80136067
0.30183515,-0.36692977,0.16117978,-0.31763643,1.0326022
0.88715464,-0.52667594,0.5791042,-0.456602,0.81280077
0.3636991,-0.4996811,-0.27236176,1.689631,0.3199794
0.26076669,-0.47185105,0.22709498,-1.7314556,0.2951371
1.6428655,-0.51534885,0.9595602,1.9900548,1.4287605
2.5284064,0.27662578,1.0896971,-0.22521462,0.36956835
-0.5458184,-0.15606268,0.03722031,0.0027202964,0.9695245
-3.232657,1.3282752,-1.2669796,1.0535687,1.915527
-0.4815984,-0.57599527,0.35712886,-0.4078447,1.1004649
0.85883594,-0.5790172,0.44430852,-0.41405833,-0.031596735
0.9971451,-0.3159261,0.27865142,-1.6482805,0.025710218
-0.20121463,-0.6067562,-0.2826086,-1.4407148,0.091853164
0.7760958,-0.28103518,-0.005687356,-2.2383163,0.32662135
2.182783,-0.09663519,1.4212471,0.94252986,0.55233485
1.1478503,-0.17349379,0.8764704,0.40621826,0.7674138
1.0630326,0.20902598,1.1244051,1.2514204,0.34562317
-0.7604102,-0.19422978,-1.252341,-3.377369,0.17183162
1.0996298,-0.31075186,0.48348734,-1.4763491,-0.17255239
1.1156275,-0.07411106,1.3796945,0.67131704,1.0581555
0.90277475,-0.0039762254,0.65753746,-0.40433323,0.42705807
1.2401673,0.27897063,1.1032033,0.5460197,0.72545123
0.55509114,-0.28856727,0.67214227,-1.6894209,0.47945702
1.434004,-0.0031089783,0.25477874,-1.7248747,0.61783606
0.88124645,-0.43595082,0.09401501,-1.75897,0.7555918
1.2173471,-0.21985444,0.30244395,-0.99071914,0.0073747933
1.2655941,-0.21470405,0.4319404,-0.9507283,-0.17648035
0.68208313,-0.45969787,0.62145543,1.5367932,0.8631334
-0.37617826,-0.59725314,-0.4940476,-2.6751568,0.2220078
1.2428381,-0.44420704,-0.18057434,-0.5014892,0.049519014
-3.6582153,0.04608926,-0.93313813,-1.4693333,-3.5053246
-1.459364,0.72463477,0.27638125,2.4219997,-0.548854
0.19020697,-1.0396606,-1.6097642,1.10504,2.0530536
0.34478807,-0.4240109,-0.9416801,-0.3746226,0.1230329
0.15987577,-0.4724425,-0.04721787,1.9468732,0.920861
0.32162467,-0.074646875,0.060542617,0.8100528,1.1749381
0.4785661,-0.12681997,-0.33647352,-0.7515383,0.4034442
1.3434515,0.07580761,0.6627531,2.3603857,0.4037527
0.7548897,-0.34107026,0.75382316,0.55510443,0.78048515
1.6864,-0.33711588,1.3225914,0.48071298,0.30949968
1.772145,0.18332513,0.3311932,-0.51744133,0.8110546
0.3693408,0.08251599,0.15729903,-0.07112689,0.29026833
2.1096718,-0.47469229,1.5900885,2.0739448,1.3960558
0.5616396,-0.71311224,0.30053505,-2.3510091,0.7089417
0.018036487,-0.34405652,-0.20527476,-2.412337,-0.42296663
0.41684768,-0.42897317,0.6291819,-1.3508122,0.0030171573
3.2659774,-0.24630362,1.848388,5.2606416,1.2333896
0.7609309,-0.31353563,-0.17237924,-1.8910085,0.10054846
2.6156979,0.26084435,0.8769631,1.3252141,-0.33406776
1.367476,-0.16177642,0.43471467,0.13034834,0.93261427
1.9677272,0.13634373,1.3059739,1.4737424,0.46857363
0.085255936,-0.51956797,-0.19450486,-2.8700635,0.36976194
1.553448,0.29539543,0.75352573,2.0105457,0.727861
1.7442806,-0.28660017,1.0501192,0.48120263,1.1466253
0.6953357,-0.25858924,0.6159053,-1.882044,0.3262057
-1.0953659,2.4000556,-1.6764063,-2.516634,0.4394256
-0.298221,-0.94492567,0.08049905,-2.2011082,1.2312768
2.3034961,0.06424279,0.7380844,-1.1864189,-0.011617481
1.6888783,-0.04387023,0.82063484,-0.12089825,0.6405832
1.3163319,-0.306805,0.32030413,-1.8307651,0.2337058
1.3752828,-0.18596412,0.9599092,-0.4112342,0.20852943
2.2047224,0.014537861,0.050852,0.6220874,0.35264084
2.1022043,-0.10457016,0.86718094,0.5520959,0.9296227
1.9493933,0.0641671,0.77354074,2.8751888,1.1030099
0.63273054,0.061684363,0.63813335,-0.36186162,-0.10048191
1.3179123,-0.5099328,0.8533997,2.1825488,0.94134295
1.1887592,-0.25469723,0.7056062,0.46019986,0.3968943
-0.374466,-0.49427193,-0.5251652,-2.7580225,0.54260325
1.4200826,-0.15197954,0.53590304,0.959917,-0.1443885
1.7805347,-0.35596195,1.0871844,-0.12473769,0.55419326
0.6888672,-0.24770914,0.2595343,0.97867346,0.4731038
1.745599,0.43671829,1.0144031,2.0687332,0.9389177
1.7122351,0.16474158,0.73823476,2.163785,1.0297183
1.5562589,-0.061453998,0.7743061,0.040506434,0.75193244
1.3399879,-0.20586175,0.7350946,-0.8024856,0.19450736
1.7468079,-0.20075664,0.4440018,-0.66268367,0.7549208
1.4351214,-0.037206836,0.6777647,-0.1936217,-0.46092507
1.0903494,-0.13952512,0.8346963,-1.5004003,0.24215864
-1.0631717,-0.25400418,4.472186,3.0311713,-1.4968734
-1.1197307,-0.70959556,1.0741127,1.300778,0.55558157
-1.1169434,-0.83267915,-1.2176777,3.1711123,1.3619013
1.1785498,-0.2697475,1.1179713,0.49308637,0.52480966
1.8492421,0.25919858,1.0135359,2.8293555,1.0043125
1.1169463,-0.3306682,0.31585473,-1.7543076,0.8239038
-0.88156605,-0.51981735,-0.3522371,-3.1891677,-0.29720423
1.082799,0.13662471,1.578856,1.5729363,1.4623607
1.4830844,0.73330796,1.6184441,1.5068336,0.80953985
1.3073353,-0.32274926,0.8314477,1.07143,1.1037712
-0.060346205,-0.5840989,0.032375544,-0.95832413,0.35740918
1.530358,0.92524,0.7859443,0.42822203,0.53045493
1.4475316,0.58618295,1.0439512,0.41206414,0.7100335
1.890331,-0.21441391,0.7812785,-0.52129656,0.8194227
0.2855187,-0.15739512,-0.02850131,-1.9877757,-0.023033584
2.340079,-0.013360075,1.1322087,0.30592525,0.026059382
1.8709855,0.21579312,1.7895246,1.3029286,1.4803827
0.96016175,-0.4793811,1.3035245,-0.017006276,0.6553013
2.0729089,-0.020552548,1.224678,1.4160149,1.2880167
2.1081495,0.690722,1.3396722,2.2295897,-0.14895776
1.6095744,-0.39336848,0.90124136,-0.38350025,1.4943936
1.3340598,-0.07904067,0.546232,-0.91748685,-0.062839046
0.11635004,-0.11475983,0.25353548,-1.086956,0.889858
1.8654596,-0.08466608,0.98344857,2.8591716,0.6851561
0.74535036,0.04425288,1.4619509,-0.06244971,0.42048585
1.5736179,-0.051693156,0.49020195,-0.31481016,0.67503333
0.71720695,-0.17316459,0.7097318,-0.055831917,0.8756618
1.0947962,-0.20558143,-0.114610955,-2.0097177,-0.055169575
1.079444,-0.3690991,0.11505487,1.3078775,0.5713615
3.8948412,0.49066824,1.705967,3.9469566,0.56267637
1.6491232,0.13620964,0.43201512,-1.3669404,0.7350764
0.3412054,-0.26729295,0.5964769,-0.564551,0.38746083
1.6243836,-0.22334737,0.8119986,-0.5462212,0.4875685
0.23424423,-0.70429,0.3276598,-1.7798489,0.4116756
0.6866695,-0.0076249223,-0.5070757,-0.4724476,-0.0838311
2.0829127,-0.19488311,1.4134889,0.6732615,0.76119107
0.9991319,-0.66234124,0.32705635,-0.02942168,0.86347103
2.7852197,-0.30773428,1.2653515,2.4212701,0.84732676
2.5097961,-0.2556077,0.96047175,2.8124657,0.43247065
0.018839607,0.24347588,-0.86339724,-2.3247178,0.25726748
1.7077794,-0.49158257,0.42676193,-1.9031065,0.7060628
0.66571814,-0.42000902,-0.06991951,-1.1079448,0.4212117
1.4038583,-0.043399654,1.2778916,1.3497822,0.82304454
1.2340893,-0.40376425,0.41461965,-1.5576658,0.37567428
1.4065204,0.40686634,0.86826926,0.2668704,0.45243317
0.82877153,-0.48768607,0.7597096,2.0852842,1.1384723
3.4248848,0.45007318,1.6403707,2.684139,1.3436359
1.0666314,-0.24729306,0.36741945,-2.0654516,0.08587508
-0.3267823,0.14837994,-3.112137,1.5703399,0.5816534
-1.7975011,0.369525,-0.49679428,1.9321622,0.492566
-2.429099,-1.3036679,-2.471557,3.2466578,3.0294306
2.3489034,-0.6584456,0.96187246,6.117086,1.5592494
1.5016878,-0.14728136,0.19893241,-0.9480829,0.0859036
-0.27576315,-0.64381504,0.7701229,0.83102727,0.88209724
0.7132387,-0.08860267,0.123634264,0.11371895,-0.5050389
1.6549866,0.42031068,1.3320522,1.8178219,1.2024343
0.57745445,-0.5160179,0.284907,-0.96678275,0.57184964
1.3625667,-0.1261686,0.72396165,2.4365232,1.1324489
0.7875758,-0.423913,1.0267816,-1.4448081,1.0029278
1.2300099,-0.3696131,0.35036123,1.2120754,0.54240537
-0.0719911,-0.39905357,0.31410435,-2.0014725,0.12226717
1.3082561,-0.30438107,0.96751463,1.178233,0.9497087
1.5733854,-0.12434885,0.58478844,0.28533784,0.558157
0.77425784,0.07211053,0.4825423,0.7536939,0.42865834
0.5930913,-0.641782,0.7150278,-1.9417328,0.36383486
0.78943807,-0.3495663,0.39721784,-1.3006366,0.34832793
0.77728707,-0.35963637,0.9193546,0.76157725,0.63984376
2.9774868,0.44246837,1.6070973,1.373695,0.9931145
1.0534701,-0.47405627,0.546499,1.1547416,0.81281114
0.23446293,0.11921169,0.6214237,-0.6880251,0.7787484
0.09248921,-0.45497072,-0.35906023,-1.5251701,-0.16219018
0.95824397,0.51713413,0.44308156,0.40290153,0.288985
1.4434445,-0.03380554,1.0891225,-0.6411933,0.11853274
1.9829332,-0.0014734268,0.6344931,-0.0018548369,0.27288523
4.206976,1.6224443,0.8829027,1.2678343,0.55537856
-2.2932801,-0.20900008,0.076966874,0.40916827,0.894512
2.4360204,0.3201856,0.41177505,1.7323834,0.15360567
1.6150091,0.17791629,1.2811295,2.0400429,0.5718919
0.47188705,-0.12759648,-0.43175927,-2.0345876,0.8259712
3.2870603,0.63888407,0.9084977,2.413018,0.9427778
0.46676168,-0.55900705,0.15924563,-1.5730894,0.47098947
0.6581549,-0.31926596,0.28712282,-0.9269277,0.59195215
1.6950865,-0.37750208,0.94764364,-0.058362395,-0.16737561
-0.53026646,-0.6772316,-0.46297258,-2.1945767,0.22847126
2.4015918,0.029902369,1.2864189,2.4168603,0.8692556
1.0064311,-0.16079709,0.86313844,0.6639479,0.4415719
0.90520704,-0.06194006,-0.05442384,-1.4260092,0.34960428
-0.94380826,-0.6807642,-1.7382193,-2.517599,-0.47719932
1.5868146,-0.21341898,1.2393092,2.2227955,1.0215102
0.1791372,-0.5410815,0.031588465,-0.31884304,0.24333137
2.2144225,1.0924997,0.993558,1.5770712,1.02579
0.45149142,-0.552975,-0.101405434,-1.8878531,0.43384537
0.25259742,-0.5197555,-0.027445832,0.33647603,0.49153608
0.7473391,-0.26590425,0.40671518,-0.32845953,0.33837813
-0.6265992,-0.7168864,-0.27472478,-1.9327346,-0.010542332
2.386526,0.31494838,1.4122951,2.040607,0.58098304
4.0297294,0.4421122,2.9211774,1.4308594,-3.1029453
1.8632876,0.7659959,2.7345498,1.475034,-1.8931149
-1.900575,-0.9927141,-1.0763026,-0.08397495,2.166191
-0.08121818,-0.14151374,-0.370819,-1.1477576,0.1584774
-0.8771696,-0.56176585,-0.6597567,-2.1756954,-0.33327794
1.7968749,-0.08831509,0.7797861,1.7750086,0.7853552
0.5830354,-0.15501122,-0.37474048,-1.6922685,0.025916778
1.3109125,-0.38479215,-0.19313696,-0.68009186,0.4496077
1.0015085,-0.026485857,-0.38420427,-0.8442455,-0.15255907
2.5554612,1.1710442,0.7165873,1.4743744,1.3171519
-0.1403121,0.98725164,-0.43678716,-2.721785,0.49142116
2.7180855,0.16803442,1.10078,2.4590385,1.2421528
2.1235757,0.016208872,0.8781316,1.5451739,0.45614773
0.45042422,-0.39742535,0.67462945,-1.6739666,0.39572343
1.6236439,-0.1976057,0.8188567,-1.1424708,0.49056754
1.5651476,0.76131076,0.641786,0.39741844,0.5958639
1.6705515,0.17977804,0.9112309,0.21251653,0.51353544
0.20184581,-0.5169188,0.21379796,-0.56269866,0.43167743
0.7183753,-0.2799569,-0.048671976,-0.14411381,0.4510766
1.0538187,-0.25925457,0.062756605,-0.8306636,0.10373324
0.9686219,1.2346182,0.75247085,-0.897498,-0.11011923
2.3934114,1.0481645,0.8410654,1.9607072,1.1545062
2.4891353,-0.23497725,0.6760941,2.231998,0.06086853
2.900925,0.5792075,1.4127389,1.7245274,0.8405031
1.8020681,0.8629167,-0.1400738,1.8101661,1.1762186
1.9018089,0.6651108,0.15340127,0.59760916,0.43454272
-0.30132714,-0.0139212515,-0.7150131,-3.082126,0.5755351
1.75668,-0.28148276,0.6005136,0.14800633,0.5032236
-0.4527057,1.0387046,0.14836088,-0.015992312,0.6318013
1.194001,-0.010299381,0.694843,-0.84022474,-0.093277454
1.6181456,-0.22622004,0.4441127,0.33935633,0.9652425
0.8304314,-0.25575364,0.13586003,-1.289408,0.09198798
0.6652184,-0.25503677,0.47609237,-0.68859136,-0.06242421
1.5142763,-0.25228778,0.43013388,1.186521,0.768033
1.0088024,-0.4074153,0.120346785,-1.3198402,0.59894025
-1.4495915,-0.27468923,-0.8717082,-3.0992744,0.39742142
2.192709,0.1023528,0.44254166,0.019312529,-0.37935975
0.44631833,-0.36978155,1.435758,0.027699614,1.0280108
0.67614245,-0.18962851,-0.18469508,-0.49844703,0.2973883
-0.22147404,-0.85718167,0.9796129,-2.0333688,0.49934763
-0.00792168,-0.41174337,0.1272139,-1.7540302,0.6378396
-1.5433819,-0.4015467,-1.3149049,-3.5255964,-0.077871166
2.5589187,0.2135,0.973866,-0.17455466,0.07067878
2.2329156,-0.2592415,0.5849367,0.09753208,0.30156574
-0.09279274,-0.19776626,-0.81399375,-2.8550115,0.64279383
0.8162532,0.06677171,0.4841019,-1.3927468,-0.04828225
1.9544145,0.069909446,0.19142593,-0.7073103,-0.061577227
0.3648517,-0.29701674,-0.576606,-1.9682013,-0.31210256
0.3294783,0.13846049,-2.4839215,5.0502877,2.0312204
0.20769851,0.68547463,1.440048,0.22911096,2.1287963
-0.6437066,-1.1035495,-1.139732,3.760332,3.5213513
0.30760834,-0.46713454,0.5787591,-0.7137334,0.20793657
1.0476146,-0.33805388,0.10429433,0.2807227,0.7609639
-0.24368581,-0.4100243,-0.80334175,-2.2880702,0.1814255
2.2900743,0.16268039,1.0509377,3.0787945,0.8873411
0.236367,-0.6661928,-0.14481413,-2.4180539,0.08922063
1.025535,-0.3353009,-0.0946424,-1.4491299,0.15056352
2.0166094,-0.12214322,0.23238972,2.825927,-0.18694794
-1.1646426,-0.27949712,-0.53488797,-4.705455,0.8942806
0.8102579,-0.34457895,0.17862211,0.30802086,0.4866345
1.2568514,-0.03343957,0.18446067,0.3956691,0.15015474
0.90550625,-0.45504418,0.34295154,-1.0009606,0.49628645
1.0443532,-0.42050436,0.7881726,0.387176,0.44240487
1.3362927,-0.40574613,0.61687934,0.15810446,0.7302267
-0.83777016,-0.5306711,-1.7222016,-1.1374878,-0.6683311
1.9257846,-0.07496276,0.35043365,-0.39994758,0.067783505
1.1166492,-0.46118274,0.035133142,0.2996099,0.9551581
2.2580962,0.41017962,1.1198244,1.9729884,0.7297102
1.5327382,-0.16355814,0.9589276,0.06516213,-0.27041018
1.0466588,-0.51800066,0.44504988,-1.1532298,0.86780405
1.1019714,-0.19333425,0.20365775,-1.1873618,0.41756782
1.9296725,0.07828105,0.8334032,1.8742458,0.826561
1.6924382,0.062244028,0.85291255,0.63134646,0.47467977
0.2592497,-0.23218898,-0.07467023,-1.6940686,0.37422946
1.1146598,-0.3842583,0.19417194,0.0101465285,0.6471043
1.4859346,-0.24856842,0.2500435,-1.8642455,0.121054634
1.0188189,-0.06895194,1.5223433,-0.5381363,0.5080275
0.7925055,-0.5108014,1.2451854,1.5479354,1.4805844
0.4814665,-0.16105242,0.74440646,-1.3558714,0.6526398
2.1671088,-0.15340018,0.6201465,1.7999862,0.8377458
0.69514716,-0.47021735,0.3622312,-0.82708603,0.6263892
0.7590364,0.30463684,0.9504305,-0.6483119,0.32521966
-0.018293398,-0.32161438,-0.5123595,1.1500975,-0.29997045
3.1692572,0.20117937,1.735396,2.6174698,1.8197062
0.64958674,-0.48989892,-0.22999147,-1.9339195,0.20385915
0.8883332,-0.62235785,0.7347259,0.31603843,0.3534739
2.3911936,-0.011143978,0.92803377,1.4383904,0.19199765
1.8394468,0.19290558,0.5058388,1.5750244,0.8014289
3.4562602,-0.051494382,1.8808725,4.5282416,1.4184074
1.1794857,-0.015905485,1.0269251,-1.0385721,-0.9015111
-0.17564209,-0.71363235,-0.35565263,-1.170495,0.47773242
1.2964429,-0.21023633,0.28651592,-0.6767347,0.07130278
0.83922786,-0.29121923,0.22754791,0.03169154,0.49119478
1.9961818,-0.098311715,0.937377,-0.022601273,0.39035302
-0.0320306,-0.5525971,-0.6271615,-1.8382243,-0.06536357
2.0659883,0.24195418,1.7583989,-0.38445902,0.26972142
-3.2907298,0.0120505635,-1.7032113,7.0986843,0.78918284
-1.962973,-0.46377835,-2.4963696,3.983818,0.98524415
-0.552673,-0.29303324,-1.6025311,3.5155206,0.303988
-1.9761376,-0.40001792,-0.8616466,-0.29884383,0.28678048
2.255415,0.20808285,1.1637473,0.2643971,0.44655326
0.20876986,-0.28732318,-0.45177877,-0.3878742,0.30446503
0.68541884,-0.16886565,-0.0993002,-1.5666063,0.24536915
1.4972935,-0.29471236,0.5070757,-0.9166732,0.57209927
0.74619144,-0.092229314,1.4037511,1.4127812,1.0008017
1.1250621,-0.49786323,0.7533754,0.56989557,1.0155387
0.21623124,-0.6185573,0.36310855,-2.1672006,0.20035127
1.9163734,-0.14957593,0.6341831,-1.2887205,-0.1372429
1.4555411,0.34796253,1.3370037,0.5050289,1.0441297
1.873969,0.28077403,0.6688677,-0.033765692,0.08329181
2.16919,0.2896753,1.2523614,1.9869643,0.71931785
2.4730318,0.060165394,0.8428377,2.3974519,1.0627301
0.541896,-0.18454811,0.033959888,-2.145826,0.032242343
0.17892584,-0.2706692,-0.06543945,-1.1115866,-0.17586933
0.8186948,0.12991174,0.16479895,0.14311364,0.5608568
-1.2072242,-0.24390271,-1.5202469,-3.2619452,0.20502587
0.21943009,-0.59533656,-0.005072415,-1.8553548,-0.03354825
0.6410307,1.5625871,-0.7635911,-0.27788654,0.45827505
2.7687507,0.039880663,1.5052556,3.6902356,1.2265422
0.45938465,0.30557683,0.6097227,1.3650749,1.1906632
0.2690353,-0.37431505,-0.074270464,-2.1547484,0.0517082
0.70826405,-0.57670426,0.42536622,-1.2820381,0.6317953
1.329738,-0.023760155,0.8805341,0.8473542,0.14746954
0.7369023,-0.41460574,0.17876592,-0.30700403,0.5534926
0.6276523,0.40856525,0.6367985,0.6448622,0.7597789
1.6967034,0.7142141,1.903432,2.36046,0.9765034
-0.005087368,-0.629328,0.738989,-1.3943921,0.5662988
0.18074551,-0.42669776,-0.18698703,-2.622698,0.53084713
0.72811544,0.7073107,1.2826988,2.170154,1.0554109
-0.07083752,-0.029842466,-0.46762773,-0.58917755,1.2512083
-1.0143683,-0.41989538,-0.80076873,-2.5230753,-0.029684117
0.5222191,-0.58546954,-0.06289024,-1.2904252,0.3230973
1.1611152,0.54888976,0.7116973,2.1926086,0.8061364
0.34215552,-0.65895385,0.26537797,-1.253857,0.6005739
-0.109365925,-0.55043674,-0.013339577,-2.3129427,0.855215
1.8133028,0.069966964,0.24010985,2.549185,0.26594144
2.1053674,0.25089064,0.66549027,1.0052859,-0.14223307
1.6714818,0.33994442,0.32813868,2.3967593,0.49061245
0.8290274,-0.35913572,0.12204884,0.778991,0.35516155
0.9207857,-0.29435802,0.5703184,-1.328631,0.1284025
1.5589917,0.13579339,0.5149386,-0.28067058,0.49044567
2.1116557,-0.01730649,0.66207325,2.2043657,0.88299006
1.8723794,-0.03472314,0.5963287,1.5262359,0.33015662
1.0114632,-0.38134906,-0.07252306,-1.1721964,0.2889539
2.8196077,-0.70797265,2.5555198,-0.38172534,-1.8653482
-0.0052527487,1.0785468,2.6333768,2.1693628,-1.6972656
-1.27641,-0.50493,-2.452375,3.359232,2.0260181
1.4519507,-0.04904529,0.632906,2.0973265,0.44723326
0.16576996,-0.2762324,-0.07377444,-2.347236,-0.1568267
1.342478,-0.2155137,0.5563377,-0.6444847,0.23253219
1.470994,0.06410213,0.96463877,-0.9629053,-0.14190552
0.16853386,-0.56447375,-0.2061127,-1.9892504,0.57773817
1.8081664,0.41842723,1.0948871,-0.82551146,0.14100066
0.92319256,-0.325637,0.78498334,0.18445109,0.2694613
1.1874255,0.17970832,1.0990881,1.3633019,1.2296938
2.0734553,-0.022622606,0.6226828,1.082551,0.2544502
0.32878423,-0.6499473,-0.1208009,-2.513033,0.65719736
-0.7574705,-0.36168706,-0.46583948,-3.087138,0.45296717
2.3481097,-0.24082564,1.3120344,1.4078808,-0.04655977
1.2328842,0.09906266,-0.2441816,-0.6758627,0.060147732
1.2616947,0.29830393,1.1408954,-1.2199816,0.55470896
5.3156466,3.2342749,-1.6564512,-4.0782685,-0.52579635
-0.109640665,-0.362924,1.997845,0.8594448,0.729997
1.4635965,-0.3700393,0.65163404,-0.488173,0.84534836
2.0467904,0.14103967,1.0342972,0.1447511,0.4921988
1.2175214,-0.44484055,0.56525165,-0.65942085,0.5797355
1.533034,0.16098657,0.46102476,-0.44395193,0.31252512
2.615623,0.7107712,0.28028977,0.88828963,0.4432871
1.8156074,-0.49364316,1.6504416,-0.027797962,0.5280349
2.58506,0.3840235,1.3677077,1.4420282,1.305101
2.186555,0.14963911,0.5927795,1.9686139,0.21960872
3.4889104,0.78482974,1.5495411,3.0573354,1.6088912
1.3721648,0.19133914,1.2328621,-1.9633758,0.3120628
2.2379494,0.063433096,0.39121825,2.889766,0.7379371
1.2884951,-0.07602366,0.8109518,-1.5656319,0.09058875
2.1216981,-0.5651549,2.028351,4.0341926,1.0373539
1.9941784,-0.26731557,0.88857436,0.91856194,1.1949514
-0.018982144,-0.20370676,-0.24899726,-0.7712917,0.07196912
1.7817073,0.08764609,0.28531575,0.19000755,-0.5474872
1.565304,-0.127623,0.8295364,-0.36100018,0.8557504
1.7933327,0.3943278,0.9762199,2.377956,1.4167072
1.03278,-0.45039532,0.37959465,-0.9394334,0.24117343
0.8399336,-0.8329381,0.66019785,2.8774042,0.57391614
0.8999775,-0.4954706,0.5108737,-0.89558166,0.8293823
0.89801985,-0.063889645,0.531062,-1.9568499,-0.4349013
3.200955,0.65402836,1.3274328,0.9925458,-0.19819847
1.8850601,0.29052603,0.092308395,3.5828404,0.8675467
1.5681746,-0.32789603,0.63352364,0.6007552,0.4421664
1.5165292,-0.22082195,0.16463928,-0.7897904,0.3254694
2.6899414,0.135131,1.4250659,-0.023459848,0.10441255
0.81766135,-0.07822175,0.47498664,-2.35664,0.56640595
1.5899969,-0.1344701,0.37881693,-1.4301193,-0.11180194
1.918944,1.0417771,-0.040691372,10.449568,-0.10866642
1.1978431,-0.05721745,-0.5555932,-0.041976728,1.7952332
0.16230814,-0.71009314,0.5414556,2.307123,2.4184902
-1.6595882,0.8767743,-1.3134274,0.07500963,-0.09193094
0.9001331,-0.21824113,0.2107361,-0.9124003,0.5953248
0.021102048,-0.025352186,-0.47896707,-2.127137,-0.013850748
0.40124992,0.2332318,0.9524842,-0.47486055,0.05758606
1.9091421,0.0015741587,0.34885097,1.2605771,0.14006294
2.879103,-0.26363313,1.1537338,2.8373137,1.5298545
1.8598449,0.182869,1.3958026,-0.40924692,-0.02071562
1.1865907,-0.267195,-0.045882672,-0.50705934,0.28054884
1.9971724,0.1663886,0.7937913,-0.06467531,0.57491136
2.037711,0.03002247,1.1453176,1.7476457,1.3064456
0.6932581,-0.071387276,0.47740978,-0.45688125,0.14976323
2.8624272,0.777416,0.9871531,2.2793367,1.2350037
2.1694043,-0.34501505,1.2146482,1.9981918,1.3097103
1.9491988,-0.01088738,1.4775308,2.4259086,0.6952261
2.0037096,-0.10212752,1.1488402,1.2794083,0.9393857
-0.855388,-0.26074487,-0.9123111,-1.4197187,-0.20452203
2.3850634,-0.15530917,0.9519205,1.295067,-0.16263613
1.4113996,-0.04251663,0.89951706,-0.7724496,0.2660901
1.0508202,-0.5270766,0.50616133,-1.2459042,0.7977663
-0.9028241,-0.3605855,-1.3021685,-3.172989,0.11551909
0.8761533,-0.08341506,0.33694676,-0.11432181,0.24509087
1.3782631,0.20809,1.4703028,0.65909344,-0.045267694
3.2072806,0.65285945,1.9809455,2.6356444,1.2224011
1.9415517,-0.3636639,0.87543863,0.65752447,1.179173
0.12024896,-0.13607496,0.42914456,-1.2439803,0.46247604
2.8504276,0.08732395,1.2606837,2.9614713,1.1149902
1.2221344,0.16999693,0.8865629,-0.36337796,0.18758833
2.7416573,0.577762,1.2758873,1.8235146,1.1262608
-2.3326993,-0.47010615,-0.663201,-4.216176,0.53550225
1.0797304,0.08431532,0.68605626,-0.5942438,0.26253304
2.5400116,-0.024934359,1.4216887,1.3510545,0.04259798
1.4512233,1.2214384,0.99769264,0.40860385,1.0295776
1.6368508,-0.3798626,1.3184192,1.4537718,0.6673247
1.6785941,0.94813836,0.7522402,0.45678982,0.49836442
1.7921876,-0.23935543,0.99770623,0.37054366,0.54600465
0.8058882,-0.52442795,-0.38584685,-0.7250066,0.28659037
0.43590346,-0.5127706,0.97289234,-1.5912694,0.56350315
-0.23701724,-0.3870734,-0.2827139,-2.232426,0.3074421
1.2260861,-0.44001818,0.949947,-0.582497,0.42970905
1.456322,-0.077299125,-0.109544374,1.1524745,0.11762095
3.212043,1.6689299,0.09987888,1.031335,1.115634
2.1823294,0.027354889,1.5645492,1.058489,1.335819
1.5468907,-0.4001497,0.8654416,1.675335,0.85343444
1.5145396,0.27277973,0.14647765,0.011868595,-0.5072127
0.11095256,-0.34684867,-0.8324899,-1.3114222,-0.22668493
1.2379133,-0.28304106,2.5985985,-3.7371118,-4.5504727
-1.5012802,0.12206127,-1.0811353,2.1811037,-1.3330315
-1.9900949,-1.7157549,-1.0799364,2.1240814,3.2622101
0.03340371,-0.6590008,-0.089863405,-1.0477465,0.7049175
-0.44823465,0.30306622,0.07506886,0.3543753,0.9821692
0.13085906,-0.3250398,-0.30243376,-1.9324816,0.8362311
0.35886744,-0.20439966,-0.24132708,-0.86932594,-0.32598534
1.4986519,0.30636078,1.2676132,2.1088884,1.5877999
0.4263264,-0.34703618,0.28738773,0.20584194,0.24076378
1.3926717,-0.06957001,0.8618094,-0.4716944,0.16107358
0.4781542,-0.16920024,0.13354081,-1.568974,0.344352
-0.07218277,-0.4903636,-1.037635,1.4992195,0.37938568
0.72295743,0.7743743,0.6169291,1.4228433,1.1614895
0.36423093,-0.31797057,0.30646098,-1.5048256,0.043610033
1.9295794,-0.07028285,1.0566007,0.25654456,0.5166311
1.39723,-0.43213886,0.87094426,0.4922919,0.78432316
1.1687242,-0.4763087,0.06816984,-0.7087878,0.716274
2.6378317,0.68015945,1.2325926,1.476041,0.11147093
1.0501052,-0.30078098,0.87377286,-1.4738345,0.68483305
0.66825604,-0.059960365,0.23407915,2.3607185,-0.3237411
0.7095612,-0.44806856,0.71745354,0.37601894,0.93415534
0.89695585,-0.18118812,0.017883116,-1.3848232,-0.21849044
1.5901716,0.27615944,0.72289526,-0.4507475,-0.2327932
-0.84480464,-0.2770284,-0.56390977,-2.646844,0.585738
-0.48278636,-0.4985208,-0.42051253,-1.6762679,0.063529596
1.4848558,-0.43619448,1.1242809,0.62137955,0.059690543
0.9240554,-0.24578121,0.35143104,-0.5953282,0.92073417
0.96338,-0.02050695,0.9832746,-0.36453146,0.6611424
1.0539591,-0.2185417,0.33159062,-0.43330082,0.12609927
0.56375235,-0.22382067,0.87164944,-1.6833247,0.7480087
-0.92895466,2.6109102,-2.7869942,-1.8260304,-0.016215382
1.0345962,-0.4086783,1.3666092,1.2208635,0.85846263
0.7153376,-0.34636465,0.51220113,0.7530806,0.6745064
-1.438694,-0.18610683,-0.03392365,-0.26396048,0.822162
2.447462,0.680455,1.4606856,0.46834734,1.1387864
1.008252,-0.37970814,0.6171192,-0.30616125,0.44430324
0.72102064,-0.5651591,-0.23019415,-0.28009823,0.2640886
-0.9134984,0.38812593,0.80940545,-0.20100145,0.7691264
2.265743,0.9286119,0.90138257,1.8270206,1.4601833
2.4204247,-0.026025416,0.4957248,-0.5138014,0.460309
0.51623154,0.1343986,0.39024585,-0.93689615,0.44939947
1.2158713,-0.3109951,0.8676307,-0.7534344,0.1555744
2.2272427,-0.14508839,1.3667682,1.2070487,1.016937
0.07609302,0.7541573,0.45441145,-0.51061475,0.50321585
1.3788193,-0.1458023,0.7545117,-0.52730024,0.30751726
2.0068543,-0.58795035,1.0833374,2.9903243,0.8560492
-0.3646293,-0.50910884,-0.88122004,-2.731469,-0.1182579
0.6031834,-0.13154702,1.2749064,1.3401288,0.81880873
-4.8724647,1.4903599,-7.6025167,8.587748,1.3123479
2.2127051,0.6819027,0.4312952,0.6906184,0.56231433
-0.26584494,-0.5447568,-0.62716717,2.4808314,2.0795612
-0.72426647,-0.45554143,-0.029317832,1.6134062,1.2134571
1.6855478,-0.15318507,1.0015471,-0.16116989,0.50853896
1.88541,-0.15721516,0.23657362,0.8020797,0.48099583
0.85452884,-0.23440894,0.33635578,-1.1908879,0.23308443
1.1526059,-0.19707632,0.6026337,-0.43070388,0.73602307
3.2727735,0.82230216,1.2144442,2.3214834,0.94588155
1.2668769,-0.17507404,0.7885705,-0.6683344,0.21203384
2.170572,0.2079896,0.9580804,1.1708782,1.061683
0.46134043,-0.044267483,0.39562175,0.987283,1.1160785
2.6047623,0.07265023,0.91672546,2.7145207,0.6587358
0.5861744,1.4179146,0.32619137,1.6025685,0.82765085
1.7076826,-0.12506458,0.34266737,-0.7252051,0.38510615
3.2455528,0.13601626,1.7273142,2.7957072,0.33167836
-0.19164804,-0.67740643,-0.48267135,-2.01034,0.5612206
1.9280237,-0.29960367,0.4554482,-1.4429822,0.0095899105
2.4197984,0.6096033,1.0974323,0.1823347,0.055350207
-0.25660807,-0.61612815,0.3882037,-1.0282921,1.0529984
-0.078758,-0.11320078,-0.7528202,-2.7220402,-0.02282443
0.4794107,-0.36850062,-0.99198246,3.1441896,-0.21386859
0.9918141,-0.41124707,1.2657664,0.084824674,0.50094175
2.8012824,0.24559118,1.6314555,2.9931881,1.2158461
0.719275,-0.09128943,-0.1610371,-2.0870328,-0.25907627
-0.6163771,-0.328445,0.02690224,-1.3739424,0.18051891
-0.68259597,-0.33332333,-0.8373027,-2.586149,0.16922681
4.200219,1.5645943,0.71895534,1.7610245,0.9234823
0.7970939,-0.5289073,1.000943,0.6981957,1.1242138
1.3029224,-0.24556437,0.21061152,-1.2328129,0.008946896
-0.014748749,0.14822827,1.3953577,-0.74855596,-0.23038551
1.5731179,0.30811715,-0.13687582,2.2069309,0.24831867
1.2024789,-0.2629842,0.5069841,-1.1609191,0.11205343
2.1742692,0.21813598,1.6934117,2.396419,1.2756628
1.6080225,0.13760532,0.94824237,1.4969308,0.82678896
1.9983275,-0.0073987236,0.5737253,-0.2564413,0.21880242
-0.7226413,-0.8606455,-0.845062,-1.8678845,0.22716802
1.6359626,-0.36507082,0.44005606,-1.1462882,0.34490937
1.0632575,0.15884018,0.5537703,2.1513956,0.7968345
1.8182794,0.022006,0.94776005,0.32999852,0.75278753
0.16175523,-0.6505272,-0.45848265,-0.3377131,0.42993373
0.82384187,-0.57337236,0.7218062,0.729776,0.37860107
1.381487,-0.24484389,-0.078964554,0.42606366,-0.5977567
0.44838208,-0.649796,0.0140405875,-1.119411,0.5641917
1.7206279,0.5951646,0.48177385,0.5642147,0.39609504
1.2643034,-0.25297996,0.6136619,1.578916,-0.12161639
1.350972,-0.28597364,1.0593826,0.48945618,0.6997047
2.0064545,-0.166099,0.55521524,4.9999347,0.5390299
0.5023898,0.59662867,-2.0082345,4.9386816,1.060466
1.0566137,0.42935634,2.7340496,1.668637,-2.232927
-0.26433086,-0.1959675,-2.0564604,3.9310477,1.7780437
0.887255,-0.09747197,-0.47012335,2.3880973,0.90548974
1.0399752,-0.09630799,0.7044663,-0.79105633,-0.31015643
-1.2332087,-0.4808003,-0.8899145,-2.9462237,0.06660811
3.7310822,0.57987934,1.8194252,3.4781444,1.1188607
1.063353,-0.37921414,0.38974097,0.9253544,1.0748832
3.259777,0.8235406,0.6149471,2.8157754,0.083504416
1.3083184,-0.13468762,0.4580639,-1.2022125,-0.14226936
1.7214873,-0.051171035,1.2331982,1.0647159,0.18886481
3.92759,0.56534773,1.2440848,4.7197576,1.2608819
0.020182053,-0.09665218,0.31287256,-0.27307868,0.88354355
2.2800205,0.44599476,-0.042092253,2.726168,-0.028416237
0.9610709,-0.3908752,0.89398134,-1.136471,0.921386
1.5881026,-0.31088287,0.4586909,-0.8665938,0.5559462
1.0538431,-0.11677033,0.5797706,1.2135367,0.9473527
0.6319524,-0.7204101,1.5425379,2.7886653,0.9872417
2.6636193,0.26998395,1.1363591,1.443956,0.67535377
1.4854244,0.64631677,0.43303835,-0.17487624,0.18132438
1.7215768,-0.24670124,0.34236512,1.882492,0.3649548
1.4262066,-0.3264408,0.7465492,-0.69689316,0.22174767
2.2296646,0.47242585,0.10910724,2.583897,0.39595675
1.612908,-0.23031273,0.09799674,2.2044754,0.17929517
1.3669478,-0.2910507,0.7389313,0.15969077,0.7290115
0.90734875,0.009547171,0.6318132,-1.3002006,0.83148247
1.6081195,-0.2243768,1.128303,1.3279123,1.1398253
1.7606537,0.4896825,1.1881763,0.8159796,-0.039083876
1.9488544,-0.049060784,0.7202332,0.036205694,0.77020425
0.42565152,-0.602372,-0.2393059,-1.1655308,0.5675411
3.0227127,0.7321555,1.6048574,2.0194974,1.0912892
2.4732788,0.6396455,0.93246365,1.5058011,1.3763584
1.4721484,0.5096806,-0.077930614,-1.5211494,-0.35793975
0.6919743,-0.75352794,0.23517975,-1.9257641,0.7860479
0.39159432,0.044627488,-0.47979665,-2.3672671,0.075153925
1.3263103,-0.27649358,0.78237396,-0.0579277,-0.27872974
2.4131699,-0.036630467,0.84920996,0.64949846,0.50416714
1.233531,-0.30711022,0.26016045,-0.45843288,1.0716035
1.1732603,-0.021264818,0.9916448,0.08852448,0.4811125
1.3981638,-0.06883602,0.34426817,-0.0045239925,-0.052769516
1.0066872,-0.4864186,-0.18313919,-1.3349327,0.2838051
1.702148,0.070062324,1.1977904,1.4579043,1.0571172
2.8997657,0.22097358,0.9932384,0.28668115,-0.15819912
0.54457235,-0.19994126,0.61533856,-1.2944287,0.08092114
1.0413854,-0.2897703,0.45937115,-0.68020487,0.6684917
0.37661076,-0.54038787,-0.097997874,-0.809812,0.1946517
1.487224,-0.2047199,-0.0023023486,-0.10743166,-0.074975885
0.99570155,0.021398034,0.94539106,0.42104188,0.933071
-0.70858055,0.924462,-4.0160913,5.2731223,0.25216872
-0.44874042,0.5677504,0.3575534,3.0500536,-2.336984
-2.3667712,-1.1756096,-1.3921103,3.3512428,3.4632514
0.5886254,0.68407714,-0.28811237,0.50516856,1.2115813
-0.3605701,-0.2803622,0.8934842,-0.93350095,0.35075703
2.762255,-0.18899724,1.2361077,3.7736008,1.483185
1.0708019,-0.094062895,0.5833402,2.7836442,0.5944272
2.5492582,0.7635987,0.61514395,2.9233603,0.49191624
0.48014212,-0.62653357,0.8277188,-0.9398,0.8900868
0.55804247,0.58187395,0.41032162,1.0118847,0.29844692
2.105077,0.07533259,2.0142243,0.18130405,0.7277124
1.2274798,-0.3128881,-0.18839797,-0.75198454,0.2064648
1.8100086,-0.29496783,0.5131098,0.7455431,0.457214
0.5733684,-0.15249024,-0.80006784,-1.7361889,0.06974538
1.712847,0.005999207,1.064464,0.027583564,0.88923806
0.7879037,0.14868534,0.24545316,-2.11977,-0.4429743
1.9955001,0.4980389,0.8289147,2.644707,0.8185721
0.5579116,-0.60515726,0.10037376,-1.8716754,0.25979182
2.2881866,0.10573619,0.6187335,0.49212277,-0.49271807
0.6635544,-0.364536,0.51565605,-1.6286937,0.64834744
1.721741,1.6552553,-0.36924094,-1.9307077,0.21308301
1.8236734,-0.12554285,1.063659,0.78473526,0.874332
2.039936,-0.32695022,1.2214401,1.5251583,0.46428195
1.6355582,-0.2784072,0.8579408,0.8617072,0.4090591
-1.3565652,-0.30667996,-1.2730283,-1.9117497,0.3900091
2.6307256,-0.21829563,0.62025285,0.16085616,0.08431423
1.7429504,0.2572943,1.287898,1.0351058,0.8451126
1.7573229,-0.118344866,0.6095824,-0.8396547,0.61361337
1.0134552,-0.4672163,0.31679326,-1.0732543,0.40313312
-0.7583739,0.32177958,-0.793641,0.9067437,0.35729513
0.42273736,0.09868629,0.7419448,-1.1554469,0.72604024
-0.03865394,-0.76755035,0.28300261,-2.101848,0.19994248
0.49909064,0.73082626,0.83636343,1.1497831,0.530448
5.4248605,1.644846,1.5847603,2.337319,0.93563086
-1.4597743,0.9124175,-0.3554545,-0.26962495,0.3196035
0.73404443,-0.3586095,0.9429645,0.036910847,0.64167774
-0.42013466,-0.40786546,-0.9330884,-1.8853632,-0.040423486
0.94028753,-0.2976724,0.31816548,-1.4974431,-0.14846082
-0.14106639,0.3954865,-0.8993894,-0.7450163,0.12578122
0.85185575,-0.35127786,1.1322324,1.3487003,0.34155044
1.0213475,-0.009675321,0.41195843,-1.693835,0.07513318
1.9998847,-0.112548485,0.6563294,-0.34171742,0.17594539
1.7189018,-0.02016035,0.7693088,0.36202386,0.09488239
1.7289698,-0.4087131,0.70735013,0.79293275,0.9694935
0.49009982,-0.4068467,-0.25504255,2.333385,0.5770168
1.8422977,0.098934814,0.84391594,0.5123462,0.27982205
0.9405205,-0.35252827,0.9393393,1.1773726,0.7567984
2.05958,-0.03611549,1.0068177,-0.76443666,-0.13900942
-2.9429479,0.94738317,-3.7626107,1.8443097,2.2943459
-4.0042863,0.17666319,-1.8066964,3.0788922,-0.13488524
-2.4184577,-1.3408217,-0.8174698,0.52756864,2.228586
-0.7541146,-0.60491705,-0.8598531,-0.3316339,-0.31333312
1.8501747,-0.4362105,0.6993307,3.891297,0.92296
1.7823699,-0.07359491,0.94689804,2.549834,0.89332736
1.0177083,-0.31094182,0.40181035,1.3026909,1.0712488
4.201669,0.91436267,1.4517678,5.1912313,0.88803786
0.8308951,0.7063078,0.55776006,0.12035734,0.6403923
1.51155,-0.31879288,0.54147494,-0.5565556,0.57184273
0.7581996,-0.093339056,0.8098372,-0.80352646,-0.7451715
-0.28796494,-0.6099163,-0.20541291,-1.4168179,0.5214496
3.2360325,0.38893116,1.6941249,2.6355176,0.8493284
0.99542147,-0.27517346,-0.024975881,0.33415326,0.42241105
1.4325001,-0.18703753,0.9612308,0.6797262,1.3683662
-2.6709814,0.27718297,-0.877049,-5.298027,1.2482691
0.89097106,-0.64925766,0.41486865,-0.28969526,0.4917469
1.1281446,-0.19970176,0.27071998,-1.1957104,0.3273766
3.0508041,0.5479326,1.1087404,2.7938032,0.18558332
0.8007439,-0.45229104,0.047896225,-0.87190676,0.12610878
3.1507928,0.9260051,0.50945455,1.7367105,0.71349967
0.7048515,0.19507734,1.2195884,2.0756316,0.899343
1.0276078,-0.37583047,0.25986606,1.3187512,0.60876095
2.2935407,-0.28479353,1.4814895,2.2149553,0.5950527
1.3706685,0.30316418,0.57072806,-1.5939224,0.81023073
-0.59976673,-0.3185398,-0.19308826,-1.9167233,0.6153602
1.5561175,-0.09967713,0.852083,0.09507144,0.10666913
1.4042459,-0.18660435,0.80650806,1.0713788,1.0680605
0.6261047,-0.042827167,-0.6170988,-1.1240436,-0.29935515
4.5167413,1.7748922,0.9504881,1.0647355,1.0316639
-0.16422766,-0.92215276,0.17715114,-1.44918,0.67363566
-0.23650968,-0.7590673,0.2021789,-1.4772178,0.53013957
-1.1374985,-0.48173544,-0.8777836,1.2077479,-0.08975734
0.20562449,-0.5647984,0.11731749,-1.756377,0.63543123
1.4687493,0.20625705,0.08637655,1.6152253,0.4512278
1.4429964,-0.002757609,1.237603,0.3357483,0.7605528
0.8871137,-0.5686523,0.84577745,0.76807845,1.2564169
0.121272184,-0.028895058,-0.21814615,-1.1221015,0.070326164
0.12032108,-0.23809046,-0.5048214,-0.92109734,0.43240583
1.5758996,-0.16029416,1.276186,0.14776835,0.95530313
1.8571652,-0.34938204,1.1250901,2.2180688,0.39153427
1.285086,-0.7248719,1.222648,2.2840426,1.4971105
1.4543265,-0.267868,0.28856865,0.0964837,0.5557855
2.3609114,0.22847907,1.5083525,2.2254524,0.9045788
1.9136999,0.57595026,0.43866044,0.8880027,0.9973531
0.021715537,-0.39135814,1.1258767,-0.79502535,-0.09696438
0.22024171,-0.41564256,-0.7661464,-2.5415976,0.8582874
2.2826526,0.3467629,0.954626,-0.29410288,-0.11858805
-3.18839,1.3293654,-1.7360675,1.7914788,0.44711143
-0.26555803,0.45636612,0.8721365,0.16652478,1.0726651
-0.11402555,-1.1984413,-0.62586963,1.2459993,1.8927312
0.70108,-0.6881659,0.47727168,-0.3267406,0.52400446
0.88461226,0.008558629,0.8656417,1.3852639,0.14121844
0.65825325,-0.5322898,0.9744127,0.95293236,1.333474
1.5989013,-0.16934744,0.14371794,-0.91107357,0.033358976
1.6544086,-0.36286983,0.7074191,2.3337371,0.43185112
0.16020384,-0.42159885,0.40689403,0.012780278,-0.018709656
1.7862374,-0.100078516,0.93036675,0.2710804,-0.0011909604
1.8831034,0.075179115,0.8638436,0.017399667,1.2407293
-0.31320852,-0.39868045,-0.1118172,-1.6309521,0.009010851
1.2116915,-0.20653798,0.30512387,-1.2513105,0.2571456
1.4166462,-0.024539482,0.7111952,-0.26070935,0.42378148
-0.972239,-0.21375768,-1.7881473,-1.6637421,-0.36415026
0.6525634,-0.5065061,1.1879201,2.3862953,0.90981716
2.7416053,0.02936176,0.9197489,0.7747723,0.05569937
2.2092586,-0.051661864,0.9256172,-0.63410014,0.6256558
0.5687371,-0.31431302,0.28563732,-0.4700386,0.14332029
1.1764988,-0.2614245,0.31313524,-1.6685125,0.46566352
0.11606685,-0.69440573,-0.5631098,-1.1056049,0.5028322
4.4572597,1.3428292,1.0631691,2.933631,1.0319203
0.64976245,-0.2144872,-0.081057355,-1.6243181,0.5183289
1.604956,0.19474936,0.9836846,1.997314,0.05948139
1.7139428,-0.19313556,0.8716336,-0.110592514,0.8516651
-0.33989155,-0.6588001,-0.075519584,-0.56421864,0.5348802
1.8428414,0.110350244,1.3776757,0.4161528,0.1806088
1.8735908,-0.2995706,0.9474245,-0.5778485,0.8438665
1.5179662,-0.021201637,0.91681355,1.3684484,0.93172073
0.16619271,-0.45295632,0.41499433,-2.1592796,0.13953662
2.1880534,0.18431513,1.0143082,0.28476056,-0.24585484
1.4405462,1.1046894,1.2399644,0.6995955,0.7282099
1.6477296,-0.32669598,1.2140291,1.1354082,0.849907
1.4690607,-0.04386993,0.81387734,1.1760427,1.1494048
1.6370447,-0.1520591,1.0295616,0.33295357,0.27750775
0.7040023,0.11853557,1.549009,-0.47148398,1.3689303
1.446528,-0.1564545,0.6919036,0.5773972,0.97128826
0.9896551,-0.50906813,0.80191725,1.1805845,0.6706867
1.3516926,-0.407462,1.3787019,1.6395012,0.2184913
2.1567872,-0.19686508,0.5673868,0.7256121,0.84742427
1.6128753,0.13809161,0.55965304,-1.054173,-0.015413342
0.8345881,0.06485431,-0.51968133,-1.4381185,-0.28119528
1.422263,-0.436002,0.9334703,-0.18442453,0.43034762
0.6911481,-0.46137217,0.46776128,-0.16959316,0.43375552
2.495664,-0.093943395,0.13627337,0.532878,-0.09477349
0.8235877,-0.5045745,-0.8701204,1.0281556,0.092083916
1.1422013,-0.2198059,0.34967402,-1.026162,0.5182537
0.45566198,-0.59912574,0.19405645,-0.87120503,0.6820179
-0.4608845,0.55912757,-2.0242488,2.4177997,-2.5589523
-0.7816202,-0.36372405,-1.8595972,-0.06423176,1.8149999
0.0030363053,-0.45462543,-0.6742834,0.8403702,2.611079
-0.15056764,-0.28304583,-0.94361293,-1.6425709,0.32747686
4.4800105,1.3766527,0.18736298,1.7461336,1.141263
1.2196549,-0.32903057,0.76015055,-0.12569557,0.6911378
1.5505604,0.08613463,0.93820274,1.5029923,0.32642087
1.095897,-0.14349489,0.8034491,0.874517,1.0935426
0.31573287,-0.570726,-0.019206993,-2.1814952,0.34167403
1.0477103,0.05087868,-0.108227335,-1.3177457,-0.02670326
2.0241895,-0.2140356,1.0408472,2.5442793,0.4322745
1.9534444,0.17983733,-0.36527306,4.032509,0.5500497
1.0691012,-0.726509,0.34789094,-0.5147463,1.0582807
-0.41631213,0.07467727,-0.2498476,-1.977653,-0.3919326
0.26474425,0.15450858,0.3318725,0.08571078,0.9598495
0.1098389,0.30114663,1.150482,1.0629022,0.65930504
-0.5454344,-0.6782809,-0.7635809,-1.3913743,0.4625616
0.9737564,-0.8826579,1.6895108,3.2504776,1.2315822
2.7177634,0.39936003,0.7872433,2.2809849,0.6302153
0.66004825,-0.7580865,0.31108823,-2.2319462,0.62768936
0.9885712,-0.536573,0.7271257,0.9510162,0.15549058
1.7292535,-0.25920781,0.20971246,-0.3750789,0.7171671
-1.1920431,-0.09851584,-0.7655178,0.20602094,0.5371551
0.9412938,-0.38222548,0.52183825,-0.6151907,0.58653283
0.45655948,-0.27131572,0.28587395,-0.11751021,0.11920858
1.1659514,-0.0006300211,1.3600792,-0.6189827,0.58222616
0.6343189,-0.30607733,0.07754557,-1.1436998,0.5385927
0.362119,-0.08049016,-0.29732862,-1.0273597,0.69670135
0.31776533,-0.6589993,0.18288328,2.3084655,0.45801756
2.0356123,-0.1364948,1.4045645,3.066403,0.95152605
1.3851796,0.5698354,0.88229024,1.4928068,1.0614786
0.22183277,-0.09385817,0.5961555,-0.24488807,0.7739206
1.631414,-0.2249088,0.99417007,0.020182906,1.1353173
1.3150868,-0.22782376,0.9824094,1.5136858,0.17514597
0.51667595,-0.49983418,0.22209914,-1.1339661,0.49292457
0.6084511,-0.14273955,0.73462975,-0.9708095,0.36228287
1.2398202,0.09898786,1.1723803,1.2701441,0.39038327
1.3471271,-0.40799338,0.44221002,-1.0681604,0.47449055
0.8810428,-0.3875504,0.17407556,-1.612581,0.33118236
0.5864818,-0.8038532,-0.123113334,-1.3207238,0.58588487
0.42413273,-0.56129885,0.1234191,-2.4270277,0.062659286
1.6901511,-0.14173393,0.1284947,-0.6175945,-0.210238
1.1948341,0.7799106,0.61325574,0.87252986,0.5710617
0.9988069,0.7897086,0.9074909,1.0930235,1.41547
1.5622832,0.046081215,0.38929835,0.31688905,1.2776986
2.2426846,-0.11911693,1.2719504,3.183245,1.1267431
2.141073,0.14451422,0.7380052,0.86180943,0.3157156
0.63611126,0.6316478,-0.013413189,1.2451882,1.0073899
3.1942222,-0.99831986,3.5116267,3.8513067,-0.8300904
0.99382335,0.51469284,0.4012885,0.2685176,-0.88448215
-2.1722035,-1.3700198,-1.2849962,0.6352887,1.6813378
0.1926981,-0.75505316,-0.01632255,-1.0376672,0.83011633
0.9369722,-0.38120803,0.49666864,-0.87553513,0.08776176
-0.16834378,0.07035199,1.1439849,0.0675028,0.918396
1.8627081,0.24317685,1.4453175,-0.13630417,1.1026864
1.1555678,-0.46567085,0.4085082,-1.6918006,0.72863656
2.8626292,0.69289774,0.7933346,2.3224287,0.5805511
1.953939,1.124795,1.0914907,1.3747828,1.1128854
2.1925342,0.44987825,0.5479259,1.9252328,0.31669387
0.9750726,-0.67311835,0.31269592,-1.5557691,0.3224604
0.5241934,-0.49185637,0.21226476,-1.6712866,0.23243022
0.10963394,-0.4546727,0.69756746,-1.2928643,0.20948957
-1.084881,-0.016890747,0.5338152,-0.14011408,0.25779727
0.99218935,-0.38888353,0.34083107,-0.21609329,1.0553954
0.11611817,-0.50794244,-0.30027914,-1.4667411,0.40994138
0.56176066,-0.43293637,0.3772117,-2.182298,-0.26234552
3.0271726,0.7358643,1.1601369,2.0469007,0.8218226
1.3288838,-0.38029826,0.33405414,-0.5714991,0.4625936
1.2842945,-0.24548694,0.68660486,-1.3583349,0.48117986
-0.0209096,-0.6468428,0.39691108,-1.9920607,0.44688419
2.4868805,0.1756416,0.77337337,-0.6997607,0.14596921
1.7586935,-0.05639553,0.93136775,-1.1952124,0.71436256
1.8852063,0.5687605,1.2242823,1.4805481,1.3561156
-0.37824893,-0.6540613,-0.26483902,-2.9049702,0.99738926
0.11560562,-0.24171919,-0.9529451,0.36787778,-0.4404953
1.9597584,-0.35530892,0.73306584,1.4206346,1.1782506
1.2953016,-0.32651109,0.35930136,3.3319135,0.74984145
3.1986682,-0.057283904,1.8725322,4.8263526,1.6344882
0.93667406,0.1327383,0.45313135,-0.20719121,-0.08871072
0.42591053,-0.33463675,1.3088795,-0.3068634,1.6656433
0.44916886,-0.6014907,0.24405138,-1.4563926,0.20151797
0.77777636,-0.15221612,0.81553906,-1.3430145,0.49165618
1.2757076,-0.28814858,1.4783199,0.14356111,0.55771726
-0.57428944,1.0291438,-0.77733386,-3.380636,1.0456574
0.8735912,-0.73294485,0.30341876,1.3128303,1.0698868
0.77705264,-0.19924387,0.29592583,0.0944489,0.6124878
-0.23247023,-0.8486403,0.608321,1.0218909,0.4250197
1.6457589,-0.013862541,0.83941185,0.51490265,0.6589552
1.3975298,-0.45476967,0.7651559,2.0182374,0.9338947
0.053695828,-0.623337,-0.123951346,-1.9695526,-0.08805129
-0.7824447,0.4253237,0.28324038,-0.5384254,0.9353157
1.4707475,0.043305486,1.3422763,-0.21565467,1.0887597
-0.54454285,-0.75082594,-0.4241472,-2.5600772,0.34561107
0.51451147,-0.31419334,0.17809102,-1.0674589,-0.25007215
2.6440036,0.6510412,0.86605644,2.0223956,1.5956049
0.7130626,-0.60869277,0.29588845,1.1201408,0.059527196
3.2870512,0.089974955,2.5336888,0.91113454,-3.8557801
2.0677526,0.29272416,1.9046743,3.3796482,-1.3664502
-0.06873735,-0.61935234,1.3554405,1.3851345,2.3892932
1.1960725,0.13443851,-0.13429955,0.16303746,-0.058929123
0.77129173,0.34977257,-0.70450586,0.82447356,0.47663593
0.9744884,0.20496002,-0.04155772,3.861851,0.51419383
3.402089,0.06465792,0.30006972,1.181669,0.17112814
1.0847102,0.08732097,0.572277,1.2779804,1.2043946
1.5921578,0.72960913,1.2006804,1.4086288,0.75687873
2.343737,-0.052019782,0.96108395,2.0285053,0.9607576
2.486526,0.12306754,1.4118649,1.5757073,0.95017153
1.3653337,0.08901153,0.2808774,1.6207352,0.84961164
1.3155531,-0.10740671,1.1971374,0.34907496,0.2100954
1.5381185,0.14621826,0.7536909,0.04985436,0.7840131
-0.03787711,-0.22511852,0.18592939,-1.2606369,0.787693
1.6623715,-0.27069512,0.6256219,0.1014748,0.75586134
-0.07428544,-0.562516,-0.6827933,-1.646187,-0.25700045
1.7618854,-0.16674194,1.190271,0.5151268,0.1283204
1.8247746,-0.3369947,0.8336575,0.4201903,0.36698982
1.1447036,-0.4384194,0.66136855,-0.41792572,0.42953625
1.3606412,-0.17764547,0.5573719,-0.8810967,0.45564315
2.3174572,-0.08520368,0.4485858,1.2363436,0.41349277
0.7480847,-0.64936125,0.5569284,0.20807631,0.9531026
2.0028863,0.010533627,0.4450352,0.044720624,0.16595136
1.3978928,-0.14315075,0.83454597,0.3980468,0.6240542
1.6344031,-0.1317258,0.33973292,-0.5609958,-0.32827276
1.4102114,-0.13833773,0.6405813,-1.3545156,-0.011261403
1.188999,-0.4832625,0.5353406,-0.5402748,0.39243466
1.6316433,-0.11097751,0.7818981,1.9759694,0.59355813
1.1132202,-0.38231298,0.3994592,-0.655456,0.46222547
0.84410983,-0.39229426,0.5191597,-0.6604295,0.7721846
1.6574268,-0.031135578,0.6790869,-0.13088137,-0.25369835
2.3704188,-0.77652776,1.7508175,7.2636313,1.2862104
1.6291765,0.082828596,0.5485109,-1.8814882,0.36311764
2.68117,0.40046334,1.1784656,2.11339,1.1944017
1.5850527,-0.22309147,0.29867825,-0.45829523,0.377374
1.2702924,-0.3327434,0.059983175,-1.1751724,0.13901806
1.1699419,-0.18836446,-0.015274998,-0.5576332,0.04254526
0.46100935,-0.19500406,0.11575925,-1.65058,-0.07376851
2.562869,0.27414185,0.88306767,3.2120142,-0.3941119
1.3829149,-0.35087898,0.17978281,-1.0853891,0.7264678
0.57475173,0.6758355,0.8071954,0.03368013,0.8668378
-0.21661742,0.06651124,0.95274854,-0.16136853,0.41189334
0.8603166,-0.5392641,0.30356255,-1.8009441,1.0959238
1.8465077,0.06382319,1.0744987,1.6257132,0.6344136
1.5341209,-0.37633848,0.5261203,-0.42058757,-0.108454674
0.48455736,-0.18341273,-0.7110968,-1.2008315,-0.55712116
0.7417597,-0.44806206,-0.18577763,-1.8535489,0.0515872
1.2468799,1.147219,-2.4469337,1.1804686,1.9525672
0.86578786,1.4757782,-0.859462,3.7028837,-0.8426499
-1.2223692,-0.71613324,-2.0870154,2.1867867,1.6558291
1.8283731,-0.33945715,0.13923694,1.2650572,1.0546643
-0.3180576,-0.15639758,-0.42252284,-2.9436579,0.78973293
1.1529986,-0.111729026,0.117709324,-0.32533434,0.04834707
1.0112283,-0.3184514,0.97077453,0.7728084,0.80069053
2.460663,0.039005976,0.3994909,0.86709106,-0.2552418
1.0116239,-0.13075799,0.68563104,-0.96102154,0.65507233
1.5613221,-0.120480195,-0.0424773,2.3051324,0.52101934
1.4704827,-0.088181004,-0.11872172,-1.1637205,-0.2732957
1.1526951,-0.2632549,0.15422906,-0.7524574,0.2686645
2.2908454,0.69200605,0.7723841,1.284383,1.5600102
1.2338687,-0.071239755,0.694584,3.1067743,0.14975372
1.6975241,-0.10081992,0.33513987,0.2699298,0.6990931
0.35933292,-0.36713186,1.4229836,2.1530974,0.060482204
0.01945951,-0.115038745,0.5515423,0.5397763,1.1939929
0.47702405,-0.58781403,0.49773583,2.9583302,1.7877918
2.7635827,0.7871336,0.92981887,1.8804374,-0.2604391
2.9590259,0.08080813,1.6073333,3.95919,0.16818367
3.4357512,-0.1489973,1.963376,3.3905687,0.40275294
-0.18003953,-0.52625453,-0.65543807,-0.8745858,-0.124713875
1.9402122,0.11370258,0.8570344,0.22597088,-0.57047504
1.092343,-0.69067574,1.0649956,1.8814294,0.6101337
2.2101772,-0.06389799,0.59139925,0.3286493,0.10803033
2.2395883,0.6618822,0.331337,2.210622,0.30178696
1.1209129,-0.13005596,0.7839206,-1.0814497,0.34349477
1.4052038,-0.035242293,0.8394277,0.45885867,0.60790575
2.5577092,0.35492912,1.3518958,1.1544331,-0.12974209
2.331341,-0.18458593,0.97920173,-0.50809467,0.9808302
0.63271004,-0.42356077,0.39695978,-0.25663698,-0.18416166
2.6939328,0.19116902,0.950574,-0.44158512,0.19045499
2.0010903,0.023418326,0.6563057,0.13550067,-0.067864746
3.676322,1.1709375,3.2828248,1.6125625,1.7773256
0.3611786,-0.5115139,0.091941476,0.06107383,1.5409861
1.6705341,0.0300028,1.1325595,-0.53289276,0.09566887
1.6360773,-0.04677381,1.4680176,1.2805789,0.117375515
3.4283533,1.130189,1.1864165,2.7214365,1.3870622
1.5831887,-0.26729086,0.8448179,1.2655953,0.5148712
2.3533044,-0.011811251,1.2503892,0.16423236,0.1737606
1.2480215,-1.0634265,0.9074153,3.9992168,2.0472267
-0.25637066,1.7719887,0.95696545,0.7111893,1.1424814
1.251348,0.039995395,1.5022001,-0.3039604,1.4614236
1.4077746,-0.317248,0.36878586,-0.83449674,0.46302128
1.3637767,-0.21016362,0.74925166,-0.4057964,0.88249964
2.3677454,0.13723168,1.0647405,0.21925895,-0.20724432
1.0914478,-0.4857499,0.702106,-0.34750354,1.0366849
3.905906,0.6481384,1.4451959,3.6518962,0.710455
-0.55738574,0.7305097,-2.3902397,3.385987,3.4868274
-0.9633572,1.5328383,-0.3499808,3.6534195,-2.3669734
-1.0360018,-1.1175228,-0.5438953,0.1430566,3.1690369
0.1685797,-0.40774167,-0.64764667,0.03264748,0.4701254
0.6791893,-0.4595694,0.49815685,0.4362704,1.0476116
1.3204541,0.040511265,0.73457885,-0.96840996,0.65976375
1.4679174,0.1614651,0.9179231,1.0199003,1.0169128
-0.04161576,-0.299004,-0.056417003,-3.3391194,0.56735975
0.26247355,-0.06282962,1.1187782,-0.06855511,0.122727826
0.82893795,-0.62187815,0.62093616,1.730063,0.9463383
1.2664049,-0.41470096,0.5481002,-0.08799636,0.6449517
1.9050883,-0.27838725,0.6601051,-0.39839488,0.42656988
0.5877916,-0.38197222,0.32963085,-1.0313025,0.13370468
1.0032707,-0.27610227,1.1108431,1.02599,1.180644
1.8063072,0.07737899,0.96359503,-0.7680391,0.28950438
2.1514986,-0.1913603,1.1460612,1.8177689,1.2391567
0.8449692,-0.4072591,0.5824057,-0.7966354,0.3614516
1.6581366,-0.22947067,0.2743183,1.2967775,0.33181924
1.3601271,-0.1856817,0.44264805,-1.2999728,0.6123703
-0.024519334,-0.41455817,-0.94887835,-1.8800286,-0.0023845136
2.5448506,-0.041212805,1.6757556,3.293068,1.3602395
1.220167,-0.33798632,1.0126584,-1.4464787,0.38142586
2.3448412,0.40530312,0.93141866,1.3276157,-0.0889458
0.5145076,-0.25637072,0.7063606,-2.561483,0.7365327
0.42972645,-0.6996279,0.5863475,0.25558472,0.69265807
2.1046917,-0.028936781,0.64535034,-0.37031257,0.26501244
0.72347873,-0.15833694,0.9101846,0.399274,0.271945
0.024449395,-0.20284313,0.6786594,-0.17335092,0.582183
-0.13325244,-0.64538264,0.03220907,-1.4733772,-0.30508116
-1.7106662,-0.45584893,-0.7040659,-3.7676072,0.3775909
2.5646584,0.13738722,1.3993484,0.69435596,0.3306034
2.1495154,0.4953804,1.103946,0.10514707,0.5057914
2.1136694,0.057983343,1.5874931,0.68124205,1.2454939
-0.001847975,-0.591369,-0.39178768,-2.5377347,0.6295725
0.5718753,0.082619995,0.6734644,1.2360077,1.1082287
1.7623657,-0.012162024,0.8208135,0.26072404,0.3449811
1.6472455,0.00096976757,0.51317656,-1.317516,0.2826082
1.3763746,0.037034877,0.7805402,1.7624307,0.39023378
0.21159466,-0.16319019,-0.32448635,-2.1093733,0.70691186
2.5454106,0.42139384,0.9010628,2.3676064,1.1114805
2.3320487,0.9237106,1.0062135,1.5276843,0.74182975
0.63652194,-0.42221552,0.22651975,-1.2164489,0.28333843
1.246832,0.16542327,1.5057395,0.3005353,0.55339926
0.82318544,-0.42095923,0.5214184,-0.1931467,1.1691009
0.048488326,-0.41440225,0.16182867,-2.5562608,0.28882512
0.035760652,-0.1868412,0.021488955,-1.058042,0.7083483
0.8835999,-0.3017579,0.117054775,-0.761762,0.11773936
-0.34561396,-0.5230296,0.15721522,-1.9737096,-0.12224989
-0.79418504,1.5914257,-2.8209755,1.448705,-0.33004856
-1.6379179,-0.35022146,-0.95452654,0.81570435,2.1356893
-1.5488491,-1.0951815,-0.78279114,0.19619341,2.58166
-0.023281408,0.495861,0.23301363,1.2452374,0.049425673
1.3002762,0.16914365,0.7214568,0.074246466,1.0277631
-3.1039526,-0.2230334,-0.47526053,-0.9567038,1.3438585
1.3917395,0.28297198,0.2540869,2.9719877,0.49850783
0.6094585,-0.29500803,0.7917259,-1.6671126,1.0651597
1.5029695,1.0008223,-1.2351029,0.1670706,-0.13337453
-1.3819532,0.18589857,-0.045925707,-4.020458,1.2058026
2.118911,-0.47386092,0.5139665,3.481867,0.87221307
1.6377665,0.5076262,1.4500351,-0.52605546,1.2481837
1.4279165,0.36353505,1.0053439,1.5844579,0.61114275
0.86227983,-0.19003816,0.11387599,-2.3721647,0.23351826
1.2763692,-0.43016577,0.22006887,-0.49947062,0.5654677
1.2372565,-0.33804196,0.8005811,1.556398,0.24475038
0.71933985,-0.49722254,0.20667775,-1.4521787,0.78946435
-0.2270444,-0.6153467,-0.91744745,-0.7632453,0.5287918
1.1534969,0.55752325,0.6109785,0.3770318,0.9718399
2.1167927,0.32140356,0.55878067,1.2981955,0.5990439
1.5107034,-0.06799295,0.38871765,2.283158,0.6692675
1.7246515,-0.27826187,1.3715867,2.6452503,1.1471119
2.8049128,0.3353,1.0166097,0.9904352,0.26390365
1.5171409,-0.2671759,0.94905233,1.9028497,1.0191761
5.7975903,1.7244262,1.3549695,2.9217932,1.1483779
0.93484354,-0.24613148,0.7080864,1.1098851,1.3509793
1.1290224,-0.055890694,0.03716142,-0.21662927,0.328462
0.37408328,-0.36119863,-0.18723048,1.3896779,0.17219374
2.7427964,0.32934937,1.5438812,2.6355467,0.9293671
0.5275538,0.29433656,-0.5407383,-1.4972773,-0.27588138
0.96966535,-0.46837902,-0.015931841,-0.698236,0.62738353
1.9805315,0.014595975,1.4992334,1.9663972,1.3286089
1.0264858,-0.22029114,-0.19692925,-1.8725675,-0.24627398
0.085044086,-0.34994167,0.38662454,-1.8241127,-0.23590693
2.982608,0.46848163,1.9610455,2.8393793,1.6666719
3.9395952,1.3221532,1.0083716,1.7820828,0.6965502
0.48234394,-0.20553735,0.5230445,-1.7065892,0.16683201
0.3574667,-0.049602877,-0.8016709,-1.121917,-0.42770702
0.8801261,0.40028125,1.121884,1.8488332,1.4959174
1.1696616,-0.6482394,1.0839617,-0.2139553,1.3217454
1.0828269,-0.41751716,0.8299003,-0.611676,0.1745557
1.8685408,-0.246569,0.8907812,0.37066758,0.7387593
1.1348759,-0.46547934,0.5429346,0.29656923,0.5725019
1.9250588,0.6257205,0.6384003,-0.51617,-0.28966683
0.8326114,-0.68513566,0.66924554,-0.08435949,0.9521183
-1.197626,-0.20880195,-0.78303194,-3.2642972,0.4063709
1.967162,-0.1201852,1.2699717,0.6621351,0.94765055
0.53520066,-0.19285075,0.5224719,-0.7992842,0.302512
2.6607442,-0.728917,7.1745405,-1.8528489,-3.6252847
-0.89972764,1.6489549,-0.3076396,1.3870881,0.08028505
-0.45984763,-0.73443705,-0.15079217,1.8470215,2.2235599
0.1368967,-0.4397826,-0.9381677,-0.69486713,-0.07676059
-1.1754355,0.36734614,-0.992589,-4.4991198,0.3673104
1.0763181,0.13867919,1.7209774,0.7522057,0.6337994
1.6835092,-0.13205178,0.493527,2.0960493,0.7555478
3.0056586,1.2157761,0.5838426,1.062806,0.9437914
2.095819,0.076749906,0.7762078,2.3605716,1.6136963
1.3880959,0.2531923,1.0998771,1.488345,0.6553816
1.816538,0.39378476,1.1466998,-0.44587526,0.7253277
0.34101364,-0.23370123,-0.29075044,-2.0510929,0.7219401
2.7070014,0.29713374,0.6559595,0.66838163,0.021922138
2.329554,0.10949859,0.8627632,1.0920922,0.35795012
2.5917425,0.17063601,0.6505628,3.2614496,1.1539177
0.13798296,-0.40562,-0.2622529,0.26293772,0.06342329
1.618946,-0.036573842,0.5757212,-1.1415997,0.58960927
0.7399337,0.19622073,-0.31865913,-0.69998974,0.39171833
0.9737912,-0.3389374,-0.013375817,0.5226643,0.450057
2.9658725,0.8581912,0.38681135,2.4567304,0.915236
0.3336213,-0.5998518,0.02301668,-2.5772512,0.31223476
0.378198,-0.17262264,0.56828403,-0.76766074,-0.03762154
2.5832136,1.0126958,-0.08473448,1.736891,0.41601247
0.014360254,-0.7100516,0.7000725,-2.2104607,0.775869
1.8142164,0.24901874,1.0840521,0.80024946,0.9678325
2.9026473,0.5005356,1.793619,3.1306913,0.29563922
2.8779988,0.6632605,0.75781673,2.2148438,0.3824965
2.331741,-0.16963822,1.1356415,1.7924849,0.7568235
-0.6874918,0.95340335,0.58407223,1.1139894,1.4990059
2.8402603,0.025680605,0.29535517,0.49149543,0.18987596
0.5648596,-0.1037176,0.6885819,-0.055877157,0.588557
0.14569636,-0.6110351,0.37850338,-0.8526772,-0.1618825
0.54500693,-0.43574765,-0.09636827,-1.5057718,0.37462175
1.0250437,0.55207,0.58776635,1.513676,0.22982807
1.3218992,-0.46234047,1.1337727,1.1608218,1.1247169
0.953839,-0.431311,0.34015518,1.1282353,0.74198526
1.7847844,-0.0047197933,1.0572588,-0.16341609,-0.01797071
1.6404005,-0.13486104,0.6147367,-0.56971467,1.0897806
1.8034748,-0.081400864,0.86106455,1.4310558,0.5510156
1.0625409,0.2160222,1.4472462,-0.6149243,0.7730837
-0.42234215,-0.0010696054,-0.3968692,-2.1641593,0.1419591
3.003104,0.23667565,1.0765532,3.0860362,1.048164
2.0105145,0.2682516,1.1070476,1.4488797,0.90722173
1.377973,-0.14180425,1.0421175,-1.032343,0.5192128
1.2161906,-0.31751657,0.90881515,-0.87459564,0.6204164
1.0532053,0.76548326,1.4408058,0.8699254,0.806069
2.578746,0.16187446,1.3700262,1.6346214,1.2534572
2.2367554,0.7993953,0.7611082,1.0250547,0.25369662
4.009416,1.0674406,4.3611937,0.962694,-1.1962128
-1.2680253,0.14826821,-1.9538308,2.8601635,0.015646694
-0.35167924,0.8076659,-3.4714546,-1.6209235,1.1937486
0.74195415,-0.57312316,0.048730865,2.685081,0.49147734
-0.112543434,-0.62631357,-0.22471596,-2.6618993,0.2880275
0.43440443,0.4907088,-0.0024733543,1.5367521,0.68196183
3.7186148,0.57974136,1.0451299,3.8304193,1.2482104
0.52126735,-0.2628993,0.31352696,0.48438647,0.19785884
1.005838,-0.07246755,0.7602308,-0.5827044,0.9449422
1.360286,-0.04952986,0.5976298,-0.2604428,0.5084447
0.48555535,-0.17110793,0.8187709,-0.7428911,0.4822245
0.8209013,-0.37600872,0.27606308,-1.8247029,0.5829104
0.72571146,0.7344604,0.48134038,1.1824331,0.60354567
0.76817876,-0.8500821,0.13062593,1.6684408,1.0912555
1.4909767,-0.3783898,0.91304326,2.0308588,0.70141923
2.7449296,1.0779436,1.0317194,1.0050893,1.0573778
2.8273537,0.21576035,1.4260074,3.0259972,1.0002621
1.4496807,-0.34521952,0.705872,0.83556604,0.71259534
2.487053,-0.23933041,0.98393303,3.32932,0.50235444
3.4575167,0.4464504,1.3376619,5.843693,1.7306899
1.8128521,-0.37591797,0.39183748,-1.4418201,0.68102723
2.3510208,0.53210515,1.161739,2.7756271,0.50778466
0.16265875,-0.15246789,-0.014849182,-0.65007067,0.5887263
1.4524406,-0.0019779801,0.6954277,-0.131439,0.4961396
1.7518319,-0.08603003,0.9288789,0.7564325,0.8947711
0.945822,-0.0909673,0.49145028,-0.5255274,0.15127134
-0.09860144,0.2588954,0.62464553,0.6280569,1.5416247
2.42189,0.4307452,0.10126728,0.19072843,-0.03857655
1.9280565,-0.05656659,0.64740574,0.80583626,0.36661047
1.033476,-0.8820594,1.2094555,5.183656,0.9502155
2.2104366,0.41550842,0.56419826,-0.46691468,0.29183853
2.498715,0.08382332,1.2027106,2.8945537,0.9818117
2.4944103,0.28148365,1.0446873,1.4245671,0.42501107
1.2608776,0.032933235,0.41837433,-1.9139757,0.370391
1.4134439,-0.25238279,0.91515046,1.0400007,0.7267278
5.4416223,1.2539732,1.6761365,3.7060106,1.2083392
2.512367,0.24983123,0.5084564,2.5806108,0.5275381
1.1016716,-0.29451016,0.75230575,-0.30949792,0.0386189
2.2427273,0.610653,1.1569518,1.4297031,1.0119252
-0.03377687,0.45140177,-0.13679089,0.19079432,0.76211524
2.8324533,2.1522365,-0.5955129,-1.9785545,-0.26443774
0.19232406,-0.72689307,0.6802225,-1.962385,0.8353183
-0.19121663,0.8766138,-0.39338037,1.3023883,0.74017495
0.9394704,0.24589348,1.5006132,0.9286268,0.25738674
0.425429,-0.1543,0.65350384,0.423804,1.2772888
0.9399743,0.034111902,0.6065629,-0.14320019,0.85283774
0.97310615,-0.27954537,0.4108627,-0.854402,0.4339629
1.120719,-0.30526507,0.6087611,1.609621,0.99515265
-2.276579,0.3674045,-1.0259686,1.4651971,-2.6899557
0.503381,-0.40264225,2.1714578,1.2756059,2.0410666
-4.635564,-0.93340564,-3.4663508,2.257033,1.3547558
-1.2820579,-0.46438646,-1.8760324,-1.4118615,1.0120823
0.43543458,-0.34678912,0.07255477,-0.5737801,0.4602235
0.080393955,-0.007030963,0.2836593,-1.0437498,0.6601939
1.5255555,0.02830647,0.7282667,-0.14572766,0.7443337
1.3557022,-0.1542279,0.47258496,-0.6781729,0.44709587
1.4581642,0.014208844,0.7953469,0.18977153,0.6223118
1.8810806,1.0378833,0.47791,1.1877782,0.9304066
0.120271176,0.0051340456,0.8019218,1.0064787,1.3743846
0.7399331,-0.60371745,0.94199854,0.39823854,1.1325033
2.8988361,0.5505152,1.1896765,1.9435685,0.48636493
-0.19371809,-0.44155598,-0.5122158,-2.396736,0.45963332
0.82851756,-0.66838837,0.70116055,1.8500371,0.9832275
1.2104349,-0.22640026,0.6479046,-1.5773077,-0.01588869
1.2802937,0.0920964,-0.37173712,-1.2892115,0.04466098
1.8462617,-0.19765514,1.1385528,0.11392843,0.47428578
1.6442988,-0.50457895,0.67858815,-1.305348,0.7225439
1.2756499,0.07564728,1.8595009,0.22900182,0.34738085
2.754953,0.36448836,1.7545611,2.3269577,1.5956092
1.5166295,-0.040334243,0.4332681,0.05774871,0.29496858
1.0875716,-0.16204846,0.7058584,-1.906201,0.345529
-0.9824836,-0.25638503,-0.63229847,-3.0366623,0.52606076
1.6786137,-0.13944288,0.53276736,0.31523302,0.59594166
1.0588565,-0.15613122,0.99719805,1.9157194,0.83507395
0.7605585,-0.36102867,0.07862707,-1.0058813,0.21912995
1.8348868,0.61710155,1.1992522,1.6265315,0.11455804
1.7995414,-0.48217785,1.1917883,3.174277,1.6572436
0.21523266,-0.2928239,-0.10942886,-1.0604501,0.6433259
1.7677207,0.14857242,0.8514761,0.013451009,0.76727474
1.4535593,1.1289059,0.43940976,0.76546973,0.6210341
0.2690882,-0.7672108,0.45411265,-0.2607211,0.8038004
2.8030844,0.45856017,0.9923947,0.25653473,-0.50520134
0.89901906,-0.46106887,0.37596306,2.2113447,1.4484156
2.923854,0.7593704,0.39684656,0.752135,0.16724598
1.8769789,-0.064916894,1.1403334,1.7568212,1.047791
-0.24769242,-0.05887381,0.45172104,0.45556858,1.1062859
2.300139,0.13428953,-0.13632207,4.203989,0.69374985
2.1459801,2.0457394,0.44598255,0.22343265,0.6900918
0.89563787,-0.2854454,0.38254473,-1.107279,0.3541989
0.5044472,-0.3412295,-0.25564945,0.9095032,0.39244676
-0.15523958,-0.6991548,0.0053294897,-0.70105433,0.5447424
1.3429904,0.29915524,0.15519613,-0.32521436,-0.20410718
0.7791736,-0.53109455,0.047927935,-1.7384515,0.32853892
1.6352581,-0.0065523377,1.2553754,2.8501368,0.76422
2.8097193,0.7999086,1.325269,1.3974472,0.41596928
-0.047828533,-0.4980829,-0.42698148,-1.5977176,-0.048814636
0.9340926,-0.021984244,0.74772966,-2.1084564,-2.6802285
-1.8624399,0.020385059,-1.9525231,-0.30000818,0.21557716
-0.72636485,-1.2409474,-0.6126528,0.93953466,2.7151468
1.7625409,0.4022965,0.4441772,2.48213,1.2370923
0.400698,-0.09868987,0.34314513,-1.1467489,0.2922136
0.22846271,-0.4713729,-0.6321548,-0.61806345,0.29977947
2.2100155,-0.30649447,0.71206486,0.6961293,0.14949445
1.4178314,-0.24926773,0.370733,-1.0497489,0.46109793
0.3040172,-0.12882236,0.5435807,-1.8829801,0.37531394
0.4357471,-0.31317925,-0.41026956,-1.7073405,-0.03243421
2.759273,0.5888448,1.1196551,3.0124822,0.73822904
1.2009811,-0.1141734,0.8680184,-0.94081116,0.5708621
-3.2526283,-0.7124051,0.15275352,-1.7688609,0.3572087
-0.25764737,0.1350276,-0.54687583,-3.2418425,0.8105468
0.59729177,0.15723303,0.6236274,-0.35310087,0.3367691
0.53623545,-0.17960703,0.49692214,-0.5218826,0.96964973
0.5293601,-0.3757632,0.12879479,-1.5374577,0.455142
2.4678433,0.43979302,1.0285612,1.6947198,1.3283632
1.7703713,-0.6938514,2.1864502,2.5090935,0.68920726
1.0404482,0.38068724,1.502326,0.9467278,1.4553969
1.3470289,-0.23800051,0.3710262,1.8587722,0.77670324
1.0665841,-0.29720253,0.84691447,-1.374823,0.6558196
1.014461,-0.2882025,0.5889905,-0.26304,0.6854826
1.656081,0.13051096,1.4392936,0.66012174,0.85189134
0.1275145,-0.5582608,-0.46656722,-1.04531,0.5694686
0.26229024,-0.30737787,0.15815966,-1.0767528,-0.07880457
1.0492113,-0.39592537,0.19968317,1.8491802,1.0056219
0.7943386,0.68519807,0.50585467,1.3161393,0.5882624
0.86297727,-0.47882867,0.75176185,0.5530142,0.93609285
0.20431721,-0.84446776,-0.18337926,0.12608208,0.7984564
1.078464,-0.28949812,0.19365445,-1.6550975,0.18361287
-1.2414092,0.58820504,0.03451141,0.48189288,0.84897435
1.8381374,-0.042422455,1.0243912,0.4773836,0.85896695
1.4745715,0.3045892,0.8939983,0.5492426,0.7325622
0.4304612,-0.3789832,-0.21686435,-1.4819162,0.42323276
0.88195306,-0.12895167,0.29191777,-0.47648293,0.0893615
0.5606875,-0.39623246,-0.099670514,-2.122674,0.38236862
0.57977426,-0.3758174,0.97483397,-0.88313997,0.6710927
0.6252784,0.5898043,1.2585596,1.1718172,1.7184727
-0.5083718,-0.7554351,-0.03767104,-0.5000537,0.92605525
-0.40570605,0.20590225,0.7864711,0.5036288,0.82176906
0.18471418,-0.4562436,-0.15205483,-1.6932759,0.54765135
1.6662118,0.12566829,0.8939938,1.6051039,1.3845711
0.71736467,-0.43163314,0.35022423,-1.3278574,0.07343405
0.6629686,-0.44514126,0.30269188,-1.5162728,0.35728216
1.0503552,0.062998,1.3422031,-0.6181598,0.9198077
0.47677493,-0.65576756,0.55488825,2.258881,1.235624
1.6839141,-0.08813749,0.6803706,-1.0090117,0.24679162
2.5155194,1.269562,-1.8997558,5.473429,-0.19795044
1.2427938,-0.101775,0.23874201,-1.2170969,2.4755325
-0.59772825,-0.95428014,0.19341211,4.4509006,3.045692
-1.8863328,0.30412292,-1.6177571,0.9975805,2.0637648
0.31882855,-0.48604664,-0.6409116,-0.7451037,0.21557197
0.8056328,-0.4081975,0.011512875,-0.15858047,0.28056267
1.1820525,-0.23076937,1.0564461,1.5202435,1.0380548
-0.37637684,-0.21133614,0.77904105,-2.151363,0.90842277
2.2891467,0.26909855,0.8613291,-0.27211395,-0.0012082458
1.7258309,0.10307364,0.80894876,2.481203,1.0239626
2.17147,-0.48964384,1.4284408,3.1740236,0.72323656
1.6103759,-0.27571157,0.36185983,-1.4181364,0.6783581
1.0630089,-0.19357976,0.66176677,0.59769964,-0.16781464
0.99866766,-0.23509699,-0.0042672157,-0.7591553,0.15802972
-0.031063512,-0.26809555,0.09687447,-0.9570624,0.23122552
1.366553,-0.52098536,1.17376,3.3634794,1.4413522
1.635082,-0.10259001,0.7437699,0.15815856,0.42676514
0.8539657,-0.66493034,0.32731673,0.57643765,0.19727117
1.2431421,-0.6270807,0.29146716,-1.7541096,0.3530159
2.1965933,0.049819235,1.2035216,1.6418107,0.78864044
0.76491165,-0.70004773,0.5708966,-0.07569511,0.5852905
2.1031446,-0.18979117,0.96200573,0.8165418,0.60972416
1.4047443,-0.31607527,0.5727794,1.5553421,1.2884221
0.33542314,-0.5932174,0.8861877,-1.2713785,0.4147198
1.2458177,-0.49768898,0.6946665,0.75948554,0.47163057
1.0558221,-0.22427553,-0.13947701,-1.7170135,0.10360188
2.772483,0.47211304,1.3534384,2.391956,0.99228233
2.430257,0.33113825,1.0877782,1.9652936,0.45992538
6.314544,2.8832161,0.5619353,-0.56776106,0.5985999
1.3063625,-0.38604498,1.0449153,2.044093,0.8242208
-0.81873655,-0.50968283,-0.6071048,-0.6796544,0.46872914
0.66437405,0.05729344,1.4500452,-0.9626537,0.64839923
0.03420683,-0.55906177,0.97699696,-0.38590553,1.011914
1.6191773,1.249219,0.14384703,1.0864512,1.1757087
2.3897147,-0.08267036,1.7742581,2.0042317,0.28610295
1.7520231,-0.2813756,0.72104174,0.63389266,0.4092449
1.9918352,-0.0023829937,1.0995927,0.85264766,1.3168674
0.54829335,-0.2616437,-0.10488774,-2.1650064,0.0022246242
1.4933923,-0.4588369,1.1714237,1.1218638,0.27743605
1.3848195,-0.5317573,0.65587467,-0.16470835,0.47988558
1.4249315,-0.3601697,0.3115547,-1.3733258,0.42333904
1.7062511,-0.14163679,0.6086253,-0.36755034,-0.27423593
1.4793079,0.19564903,0.16818032,-1.1544459,-0.014709828
2.2490263,0.43507037,1.1948621,2.509256,1.0810051
1.3152816,-0.4804236,0.36508512,-1.8736193,0.505622
1.7652045,1.1679809,0.6236625,0.9795362,1.3494459
2.2815208,0.3015048,0.34027746,0.3147954,0.13572788
-0.1683634,-0.39003634,-0.3920548,-2.1402535,0.75764656
-1.0901417,0.26189864,-3.2406275,8.956353,1.6694818
0.6495355,0.55308706,2.2293482,2.7914479,-0.024664454
-0.8598517,-1.2627529,-0.9198687,1.2170666,3.290541
0.5510597,0.2732035,-0.55555356,1.5347874,0.96476686
-0.24887846,-0.65466607,-0.54666084,-2.4731264,0.13852803
2.3973536,-0.04779332,0.92889017,-0.28634483,0.22518983
2.1300244,-0.3261854,1.3921149,0.7617581,0.630198
1.8111076,-0.47388646,1.018736,2.330381,0.6159744
1.5517501,0.41565955,0.55137825,2.0078826,0.7467097
0.925186,1.9797355,-0.018166238,-0.48168346,1.4159424
1.6944715,0.3453514,0.76961184,1.1997178,0.8569688
0.3137489,0.55239475,1.1527872,1.456322,0.23492262
0.7919632,-0.23603258,-0.087306306,-1.5417373,0.5091161
0.31693798,-0.2563743,0.29946172,-0.44662455,0.53616756
-0.011172338,-0.31052765,0.0007349849,-2.6386082,0.8186524
2.781762,0.2001775,0.9720836,0.41003555,0.5169171
-0.20455196,-0.02185222,0.8399227,-0.9379358,0.34460086
3.0984364,0.74421346,1.3642749,2.4323409,1.6472772
0.28036484,-0.44403154,-0.10428187,-0.7274208,0.5799317
1.1187215,-0.28994924,-0.19655219,-0.19439863,0.3601165
3.9995348,0.62172896,2.2596865,3.2375917,0.9618385
-0.053543746,-0.2694074,0.07081303,-0.38320923,0.04388314
1.1181948,0.11893368,0.76707125,0.23428479,0.75385755
1.1921463,-0.14860252,0.5863125,-1.2999964,0.2858005
0.57788813,-0.11188428,-1.0990024,-1.023798,-0.31899515
3.1413279,1.3757383,0.8343606,0.7621965,0.90319216
1.7009219,-0.049658902,0.73780733,-0.68786687,0.2984158
0.6645238,-0.07264874,-0.074552454,-1.9041562,-0.03811158
1.5931777,0.8219487,1.160754,1.2381644,1.0356337
1.8720939,-0.17338505,1.3654861,-1.1851252,0.45723557
-0.55764824,-0.27919397,-1.1394442,-2.4861844,-0.25372857
-0.106475525,-0.738063,-0.5505024,-0.16492373,0.16310455
0.12647313,-0.12866473,1.2374372,-1.2023382,-0.21672137
0.4149571,-0.2816668,1.027091,-0.7364122,0.738888
1.0992287,-0.16687602,0.40285063,0.53919816,0.63351345
1.1202536,0.053180847,1.5037272,1.9938744,0.874041
2.9658155,0.202253,1.519673,2.6889732,0.7078387
0.3577969,-0.71713424,0.08849312,-0.76685077,1.3694149
-0.21298641,-0.6598488,-0.31451422,-1.4149617,-0.0007415414
0.9878374,-0.067030974,1.247851,-0.109934576,0.24072316
1.3491797,-0.5532142,0.21890143,-0.0023534596,0.9861523
0.786868,0.17353879,1.077961,0.6503125,0.43770173
2.0198827,0.5494783,1.6567154,0.76693827,1.317
0.5449986,-0.010953541,0.76117826,0.5707431,0.8745004
2.0565276,-0.31507403,0.91521597,1.2885251,0.41022307
0.2515238,-0.44711027,-0.7113253,-2.3092084,0.55802315
1.06143,-0.37811127,0.50108117,-0.9639282,0.2743725
-0.027149148,-0.5822954,0.36024097,-2.380938,0.19449267
0.5779247,-0.16576083,-0.5911119,-0.022579636,0.8324082
1.958377,0.28868163,3.3304453,2.820241,-0.88311267
-2.3497725,-1.3696382,-2.07982,1.2775661,1.3148612
1.5378157,-0.044469837,0.6823397,1.8113074,0.6017626
1.3591558,-0.18996754,1.3553764,0.27028775,0.03635366
2.7689483,0.4827575,1.1111919,3.2879736,0.90290034
-0.50556624,-0.20723237,-0.4458105,-1.4119989,0.029759308
2.0419729,0.26084107,0.6009401,-0.18475989,0.13269089
0.33029717,-0.059225164,-0.1338613,-1.2622583,0.37622124
1.5369385,0.000603199,0.4264099,2.1080637,0.29711002
2.1220424,-0.019173302,0.58147454,-0.8499056,0.22858621
1.6351079,0.37607062,-0.25093913,1.0971476,0.017836748
0.08022043,-0.6157505,-0.53307515,-1.8647072,0.33811718
2.1511936,-0.0535483,0.88151836,0.4614191,1.0115308
1.5436639,-0.05142614,0.5774104,1.3209978,0.6484839
1.8528905,-0.1299311,0.68918014,1.683871,0.86887044
4.09117,0.33552325,1.3940027,4.54275,0.8226266
0.5013844,-0.5660158,-0.119252846,-1.6605783,0.36332157
1.942533,-0.38193297,0.5550987,0.049000707,0.514288
0.034103096,-0.29513845,-0.29280657,0.44308174,-0.3784602
1.6600329,0.110463485,0.5701736,-0.46584588,0.12742676
-0.8198796,0.055436224,-0.8668634,-3.6172588,0.5398463
1.980523,0.048133656,1.5360509,1.0115781,0.899077
-0.10330474,-0.7876308,-0.94639087,0.39544982,0.61414903
0.6746627,-0.5268593,-0.067840286,-1.5432328,0.07802241
2.1448812,0.86695135,0.9206517,1.799041,0.73047894
0.9104533,-0.48688924,0.43207395,-1.0683361,0.6148479
-0.14975767,-0.34869,-0.32499015,-1.7191418,0.5478259
1.0171664,-0.26031184,0.50467205,-1.0226151,-0.28051513
1.6892483,0.006773173,0.466634,0.8026084,0.35182253
2.3061693,0.03569558,0.96805686,-0.5615896,0.7653859
1.3884952,-0.555515,0.9650725,-0.19010295,0.9374198
0.07673748,-0.17248885,-0.42733464,-2.5915816,0.39727798
1.4190096,-0.13375378,1.1472019,0.3454886,0.00092735887
0.24682073,-0.29885897,0.6250528,-0.5423199,0.2856095
1.1490424,-0.03850292,0.7310745,-1.6665878,0.6750023
1.1331729,-0.16811934,0.54965717,0.44742888,0.26856256
0.83341545,-0.6997981,0.40673104,-1.3164594,0.9800861
-1.4019244,-0.39108676,-0.4497539,-2.9044492,-0.29737532
0.2961137,-0.73041093,-0.010055362,-2.1070664,0.34172845
1.4270211,0.28398564,1.2545713,2.4064639,0.9652849
0.6504993,-0.41496217,0.46564254,-0.5188877,0.5369866
0.7068767,-0.35072538,-0.019074492,-2.1129363,0.28001565
3.4112506,1.519584,0.34158733,1.110276,1.2662708
-1.1281585,-0.15619767,-0.970003,-3.4253168,0.84315675
0.3541075,-0.24071126,0.39792538,0.7613315,0.22917213
2.1975148,-0.11731027,0.75110155,-0.39908913,0.6801003
2.165502,0.62854797,0.9116557,1.1948225,0.6453888
-0.9013075,0.59083676,-0.90744805,1.6915809,0.6221191
-1.911411,0.12586108,-0.81822944,0.13280699,-0.9914484
-1.1048762,-0.9307529,-0.687055,2.387857,2.6586103
1.9225985,-0.1801427,0.37028357,0.45915955,0.3342164
0.4379349,-0.766889,-0.12588215,3.7910128,1.6238621
1.1813079,-0.23993804,-0.13350685,-0.23367113,0.5066606
0.5390453,1.1403122,0.81618905,2.4957638,0.6498341
0.7090897,-0.6452569,0.75947213,-1.9243056,0.6177488
1.3200206,0.7347511,1.3792968,0.9369345,1.1640489
0.57378316,-0.5468861,0.981236,-1.9752119,0.46326923
1.373943,-0.2765588,0.9509976,0.6715196,0.55371374
1.5554466,-0.25300735,0.9739293,-0.643884,-0.3163076
0.53474367,-0.582329,-0.041837446,-2.0690076,0.5170666
0.06637041,-0.5598214,-0.78921497,-2.0041378,-0.12483574
2.0738826,-0.10887669,1.609797,-0.559986,0.7734542
0.86691,-0.15810692,-0.1177399,-1.4585865,0.26065168
1.0791206,-0.29247406,0.6009684,-1.8906733,0.6039578
1.4848539,0.33627343,1.7477329,1.4839598,1.1116488
1.7724843,0.276638,0.9444094,1.2643245,1.0686198
1.6109629,0.03747237,0.51583034,-0.18388954,-0.30292505
1.2823896,0.899243,0.1536187,0.7467974,0.12509587
1.7593584,-0.3107173,1.7656676,-0.065684356,0.8397613
1.8089199,0.03764969,1.248708,1.0812955,0.9871252
-1.5185634,-0.06980753,-0.94306386,-0.23472634,0.5195575
2.127406,-0.012072915,0.16340835,-0.14299956,0.18627211
2.4823847,-0.1519289,1.2535825,-0.25772956,0.23649114
2.2071912,-0.15079577,0.87673026,0.6600726,0.74947697
1.2485236,-0.13614738,0.8698379,0.6063179,0.84172845
-0.67375726,-0.76474786,-0.3756076,-2.3823214,0.264958
0.84224534,-0.34143433,0.42519647,-1.4528,0.30352998
0.56432027,-0.56059384,-0.06942575,-1.9778569,0.3857974
1.4490746,0.15244555,-0.6772354,2.2122846,-0.3341386
2.7033894,0.36803722,1.7963465,2.8817472,1.0325521
0.8074098,0.3100084,0.7077403,1.3750616,1.0553797
0.66679275,0.214035,-0.014572855,-2.1173038,-0.27559274
2.1856103,-0.34003913,0.75553054,1.8846917,0.3325676
2.287193,2.2834356,-1.8805315,-1.899809,0.37271637
-0.98836297,-0.4621992,0.304594,-3.4621363,1.2922829
1.1444513,-0.0947602,0.1972599,-1.4269063,-0.25525045
1.1215177,0.20223096,-0.21079497,0.026253903,0.62605405
1.0496805,-0.13176394,0.979841,-0.25802755,0.45745245
1.149065,-0.4369613,-0.2091893,-0.3854699,0.54435706
2.214535,0.21829176,1.5952547,1.093662,0.42879054
2.3909633,-0.23488194,1.3827732,1.2199305,0.54745007
2.665681,0.20824313,1.0773299,1.6014206,0.8559628
0.695963,-0.2414952,-0.52985233,-1.2717466,-0.004098356
2.4304762,0.34165728,0.81623536,0.6559082,0.25465417
2.9748394,0.76457506,0.42397624,2.0019076,1.279466
2.37183,0.5883152,4.837595,1.170719,1.850945
-1.3350656,0.9380232,-1.6257403,1.6694531,0.85397846
0.23020455,-1.0048531,0.612835,4.092113,3.3745146
1.0054505,-0.3902262,0.23833549,-1.2392035,0.65870214
-1.1262113,-1.0475762,1.0407275,0.86998045,1.7522935
0.538961,-0.566724,0.6544359,0.34817323,0.72565067
1.3016648,-0.24895829,0.42554396,-1.2941263,0.16175288
2.1952055,0.057755664,1.5506593,0.45617425,0.1324662
1.741198,-0.31406057,0.6227745,0.62621063,0.97245896
1.7725183,-0.007082223,1.453693,-0.54190296,0.5976686
0.01761764,-0.52537155,0.43045986,-0.6489381,0.6250813
1.7339174,-0.45707333,1.0375469,3.139381,1.150265
1.6237375,-0.09608093,0.50870425,-1.0173702,0.6512655
0.48216537,-0.5682316,-0.38274398,-1.0514879,0.24627657
-0.3007199,-0.16756546,0.3411005,-0.91932946,0.44422373
0.13399115,-0.61158854,0.19351517,-0.74709135,0.83679587
0.4707847,-0.5145454,0.1735037,1.0975897,0.22646974
0.80290055,0.012713067,0.20768555,-0.6637837,-0.74554545
1.3203195,-0.123150975,0.3829047,-0.31412572,0.39024156
0.8562465,-0.5366368,0.13374239,-0.7595494,0.35487294
1.2966807,-0.12718111,1.441594,1.3032839,0.9018918
1.1569529,-0.3282357,0.16428486,-1.1580304,0.035785835
4.1048727,1.2212441,0.7850207,1.5868893,0.5897915
0.6482672,-0.600868,0.24315234,-1.1618277,0.68811023
1.567262,0.22132447,1.0308241,1.0697067,0.5631575
2.0522292,-0.028067455,0.94760185,1.0500574,0.77218205
1.2771364,-0.24014743,0.9337527,-0.9886714,0.8242596
1.5451454,-0.10484758,0.7701364,0.6401492,0.66641515
1.1486877,-0.37945402,0.5369848,0.14790899,0.3885479
2.0381439,0.1918456,0.38660303,2.835418,0.45964542
0.7252353,-0.52560097,-0.13729143,-0.68362105,0.3473238
-0.56858355,-0.7020339,-1.1707749,-1.3603348,0.060690492
2.197129,-0.032420043,1.6024783,0.7424487,0.3724537
0.28789744,-0.21753365,-0.59263134,-1.3539962,0.13400197
2.3987815,0.1839642,1.4068508,1.0573828,0.08179232
1.3219284,-0.30645725,0.026253324,1.84879,0.59525055
1.2372909,0.4955845,2.066712,1.6279403,0.5677606
2.431728,-0.13817355,0.43938598,0.5456854,0.7202446
1.5888406,-0.2576231,0.3595991,-1.1766791,0.28110972
1.4594054,0.8309071,0.4555976,-0.675792,0.7089296
1.1738917,-0.021150079,-0.05337856,0.88176996,0.42934442
2.2459035,-0.021310117,1.2289432,0.08394643,1.082556
0.49373776,-0.06137324,0.9748058,1.5381043,0.9100762
0.20258191,0.10464138,0.73276967,-0.20225927,0.049327146
0.2736297,-0.35934943,0.3075094,-1.6546748,0.4445702
2.2540438,0.18177027,0.9302809,1.681303,0.4471797
1.1785495,-0.12941502,1.5722797,0.6667104,0.58810943
1.8320117,-0.059314273,0.86901176,2.0354695,1.4191084
-2.8812253,-0.97827905,2.6305268,-5.0837345,-3.2580893
2.4371097,0.6133755,3.0766397,1.6232095,-0.6900442
-0.14763474,-1.8173034,0.5359845,7.803416,4.349549
1.2065694,-0.5222268,0.4864899,2.7027204,0.33608642
0.74155986,-0.19481638,0.24846622,1.6807203,0.22778422
1.668674,0.45909968,0.78814775,-0.12104871,-0.5850642
2.6758714,0.3400957,0.8497672,1.9881814,0.82931495
-0.41212192,-0.71270394,0.49310148,-2.4269621,0.64418024
0.85551554,-0.22020327,0.76335484,-0.26274693,0.2515214
0.6701895,-0.28926346,0.3887573,-0.17706442,0.3840925
1.7961601,0.18105316,0.7766634,0.050392322,0.064315215
0.9823036,0.7329129,0.726281,2.0438068,1.4640436
-0.72231555,0.03909657,-0.3030089,0.39391187,1.0818682
0.21979178,-0.14540064,-0.56074154,-1.3010294,-0.49637023
0.8127345,0.25999823,0.09896612,-0.61914295,0.5390713
0.92924225,-0.14772831,-0.089973256,0.89824885,-0.13355775
1.7156792,-0.012336666,0.3929242,-0.21513444,0.41116148
-0.815876,0.6075045,-0.649038,0.84751534,0.57565695
2.3874044,0.05496983,0.94039893,-0.18894053,0.11972887
1.4315735,-0.39073083,0.2713246,0.13467161,0.6559958
1.3955035,-0.35583514,0.73541796,-0.9422626,0.642469
1.0839033,-0.07756644,0.44650772,-0.8371101,0.29076695
1.9969802,-0.010285076,0.58011,-0.77766407,0.07064507
0.7463227,-0.3617689,0.84053874,0.97842973,0.9734077
2.0846822,0.047433022,0.93975496,-0.26935154,0.35262012
0.109205395,-0.376523,-1.1457317,-2.0067334,-0.041642968
2.1049886,0.2507581,1.653011,0.47152922,0.046078376
1.792783,0.04973311,0.50360143,-0.9432443,0.608983
3.9357996,0.05673705,1.0372906,3.8818064,0.583694
1.48786,-0.37980694,0.32116914,0.852461,0.65721285
0.97662103,0.049058996,0.22229052,0.7826396,0.50241226
-0.21073185,-0.6693722,-0.17400308,-2.005914,0.6529318
2.349771,0.31919986,1.1509976,1.0802678,0.024024898
0.98465395,-0.5541988,0.17635053,-1.022622,0.45691416
0.99157536,-0.16188936,0.8191778,-0.7320851,0.06422101
1.4584237,0.3124138,0.63466275,1.5879333,1.3240603
2.0691974,1.8435912,-0.14332953,-0.16611567,0.67623746
0.468889,-0.82494056,0.46345702,-0.48022825,0.43590707
3.049092,0.6178485,0.61290854,3.106178,0.45083034
0.47508097,-0.27196732,0.5025071,-1.1246213,0.32123333
1.1145214,0.16507855,0.4183245,-1.7185897,0.6594908
1.7850444,0.28164655,0.98819673,-0.90265256,0.0986687
1.7924763,0.124426916,1.0628258,0.18136306,0.4304807
2.264604,-0.10777295,1.6736902,0.97857517,0.17099504
1.1342561,-0.32304132,0.13264279,-0.94320107,-0.25506032
1.2863246,-0.11507689,0.15571365,-1.3657956,-0.3943573
2.8397775,0.7274896,0.92198706,1.5625722,0.47359365
0.68746614,-0.43268234,-0.068153985,-1.6065098,0.07658774
3.336492,0.18699583,0.26072207,3.181721,-0.35582694
-1.7340028,-0.72965,-1.7289034,-1.0471758,1.0911778
0.548622,-0.92736876,-0.037960958,1.4504521,2.8315625
1.6370066,0.17550871,0.30684707,1.6049488,0.44967422
2.0061145,-0.2852661,1.0009745,-0.100668356,1.2503405
0.9345714,0.049063765,0.40728343,-0.9990298,0.35252246
0.665773,-0.53697234,0.083355136,-0.9842095,0.44521222
1.6895314,-0.21073976,0.6516589,0.2716488,0.645381
1.9010851,-0.49308392,2.575484,2.518044,0.54790366
1.1818634,1.5190136,-0.23624073,0.81839156,0.6718139
1.5635066,-0.37827554,0.9572716,0.83790517,0.871384
1.3760662,0.51251066,-0.019248895,1.3829079,-0.04751824
0.48499426,-0.5227728,0.53289753,-1.2795026,0.88865006
1.7957059,-0.060862448,0.67997026,1.593426,0.73893726
0.9280596,-0.22514531,0.5390522,-1.7869054,0.16888198
0.828468,-0.36554193,0.5585826,-0.6637739,0.3404063
1.7665006,-0.025027044,0.79523945,-0.76212376,-0.8687772
-0.47544944,-0.21597186,0.37753436,1.3643818,1.4340852
0.39620772,-0.60642517,0.34920987,-1.2864964,0.4851501
-0.10506192,2.1556668,-1.3588432,-0.5832796,-0.9874506
2.7978525,1.9491427,-0.63995576,-1.6295258,0.8347173
1.6366411,-0.27745217,1.5974361,1.0820363,1.5612469
1.8000057,0.47247177,1.0801814,1.5886182,0.2621243
0.08314905,-0.14670303,1.1022812,-0.32343936,1.2049268
0.37259156,-0.4221257,0.13539007,-1.1402155,0.5478985
4.013542,1.5936197,1.1498287,1.2523043,0.5755481
0.8284456,-0.24942648,0.7100021,2.650896,0.9174376
2.071339,0.0032249093,1.22503,2.2464042,0.719526
1.1632819,-0.08731769,0.3002543,-0.2903384,-0.3547407
0.71152705,-0.5285295,0.8822948,-0.42571947,0.82999885
-0.09623014,0.06420763,-0.8020394,-1.6435636,-0.16089554
3.2018552,1.1412003,1.0605792,1.0453454,1.5780913
1.6004529,-0.12441143,0.8658745,1.8119977,1.1071696
0.60112137,-0.26050872,0.15299699,-1.2099991,0.46529114
-0.6538325,-0.44077042,-0.40239897,-2.841767,0.7310948
-1.0626838,0.20416671,-0.08431319,-0.06290899,1.0982841
1.1797303,-0.03855299,0.81088626,0.46122837,1.0174247
1.6807072,-0.22656944,0.7794865,1.1283237,0.49143672
0.95519286,-0.29654062,0.4822888,-1.5841675,0.21003664
2.1898024,-0.4726569,1.8395044,2.5435715,1.2354014
3.467103,1.5031136,0.68396395,0.8903377,0.75539666
1.2349106,-0.58426785,1.7899387,0.98614323,0.93135285
1.0314182,0.44551933,0.8888093,-0.12708127,0.17369491
2.1798859,0.011721844,0.4243362,0.6320759,0.45206076
2.2401977,0.22131614,0.2516174,1.9516146,0.30362332
1.8276315,0.013301066,0.47690046,-1.0357858,0.14988941
0.43749508,-0.38779858,0.2831747,-0.5262924,0.6257767
1.8909434,-0.2680473,-0.0005854964,5.1322775,1.0160056
-3.7357023,-0.29790553,-2.1582701,0.7303658,-2.7564518
-1.8713118,-0.46301556,-1.1864965,8.899333,1.483754
0.23838806,-0.7551554,-0.38376957,0.687048,2.3501723
-0.6425699,-0.36449698,-0.14835182,-1.328256,0.5368526
0.4099624,-0.44598806,0.51352626,-0.94851035,0.37789592
3.1502495,0.9134282,0.8752827,2.9437976,1.3079766
-0.017211307,-0.42282182,0.5317342,-1.5869226,-0.1764164
-0.19288751,-0.49751657,0.18515144,-1.2258713,0.8019903
1.7640944,-0.13458094,0.7117957,-0.41648418,0.14122449
1.3284923,-0.31474057,0.6029347,-0.96224785,0.5362349
0.9058991,0.4687842,0.29241708,-1.2942175,0.46941346
0.44491348,-0.42292297,0.8411627,-1.555931,0.42696476
1.1644131,0.80862075,1.4194081,1.277468,1.030036
1.2018551,-0.38271233,0.93183213,-1.3153027,0.55368
-0.32140943,-1.2433349,0.28873736,-0.38705602,1.1604023
-0.223913,-0.64739895,-0.040891822,-2.1145997,0.29849705
2.4336228,-0.3352387,1.0638385,3.0310836,0.7893573
-0.25235823,-0.26933682,-0.74009603,-2.547171,-0.14288038
0.5148921,-0.5167009,-0.45703503,-0.6095396,0.38249564
1.4087516,-0.38394284,0.048074026,0.3388194,-0.19851738
4.055,0.6457164,1.3356752,3.6086302,1.1277493
0.5747658,-0.16527161,0.6750468,-0.14118901,0.54823625
0.8010604,-0.43044865,0.3743567,-1.653577,0.8128915
0.99226916,-0.4886773,0.11673542,0.1723655,-0.18075053
1.1025683,-0.26393986,0.7682064,0.7242005,0.84456176
0.76795626,-0.35956967,0.1460179,-1.5349247,0.20848535
-0.42450574,-0.7576637,-0.05115777,0.10889407,0.033938896
2.0202608,-0.1305485,0.43308586,-0.062115327,-0.022233272
1.0176002,-0.52602065,0.25207144,0.24334115,0.7371425
0.74076617,0.64731145,0.4707843,1.0220717,1.09136
-0.97668254,-0.6185086,-0.84875,-3.1273263,0.5779204
0.75584984,-0.5653192,0.37811732,-1.0924782,0.57391876
0.8733188,0.51781803,1.5388298,0.5597078,0.57156366
1.1238976,-0.39290726,0.5881012,-0.36421677,1.1105872
1.8815904,0.17540115,1.4500767,-0.55734324,0.11856472
2.0788212,-0.30116925,0.9537653,2.0539918,0.90825444
-0.5728729,-0.9934896,0.0882519,-1.7936792,0.26847008
0.9782977,-0.4280974,-0.2967795,-0.9918236,0.50725937
0.29082114,-0.53328,0.2647756,-1.796016,-0.0675804
-0.23012571,-0.689188,0.61737937,-2.0290442,0.30756307
-0.46449295,-0.5844832,0.08914429,-2.8047614,0.58229965
-0.73799014,-0.4043314,-0.68641144,-3.1501215,0.22735903
3.284994,0.17651036,1.4428099,3.2723312,1.1317922
2.237361,0.11524614,0.9444952,2.243536,1.0201818
0.8739517,-0.41953748,0.43744364,-0.44824502,0.32112876
1.098068,-0.4580744,1.3730038,-1.168395,0.04804717
0.9254829,-0.17657979,-0.45619294,-0.99561536,0.06985168
0.4456036,-0.8479781,-0.047551952,-1.4754511,0.6777379
-0.09875962,0.27185416,-3.8647928,3.0075958,1.6439046
0.15730399,0.7374483,-0.7200319,-0.41524422,-1.384064
-0.6887136,-1.0176368,-0.012136876,4.224905,3.8359866
1.991913,0.54431,0.30767018,2.5775259,0.25177982
0.8860932,-0.17298909,0.5072568,0.39621878,1.4373012
0.62257427,0.25590822,0.78490645,0.46819788,1.0562965
2.2671902,0.15216458,1.1204834,1.9561973,0.71758693
0.4826653,0.32213923,1.1611072,0.092062026,0.045181267
1.6120993,0.10903463,0.024316775,1.5964048,0.1466243
0.65238583,-0.49180883,1.1819605,-0.30050874,0.98517424
1.9592962,-0.020588012,1.0352017,2.252264,0.98454833
1.6319717,-0.03768456,0.7855441,1.2342242,0.5619187
1.7007439,0.061248075,0.93973464,0.50625014,1.0182776
0.530743,0.2605659,1.2332263,0.9092418,0.7921045
1.5877764,-0.17801043,0.731537,-0.24826021,0.8500287
2.2966423,0.25467074,1.3849821,2.0816188,0.17716655
1.3650923,0.15543967,-0.5220928,-0.9255313,-0.69227886
0.53902555,-0.56287664,0.107013345,-2.273654,0.6091774
1.8736855,0.057216853,0.6846402,-0.41031778,-0.2514134
-0.27514789,-0.26615086,-0.3069184,-0.4986024,0.13660163
1.3906821,0.4370248,0.69338405,0.9934183,1.1045694
0.6933521,0.6799755,1.2168611,0.8665014,1.4650444
-0.236636,-0.6213892,0.012178777,-1.217157,1.0517399
2.038011,-0.28911728,0.53751326,1.3099217,0.21902107
2.4984844,0.9500709,1.0296305,2.2362938,0.46212095
-0.9170109,-0.5283182,0.06656625,-1.78677,1.0915318
3.5602913,0.66480815,1.3579453,2.7354627,1.1128277
0.2846366,0.21911123,0.51498157,0.3141749,1.1992395
1.2385195,-0.3202544,0.2432701,-1.243008,0.36638752
2.8484106,0.78620845,1.9791183,0.34920478,-0.02528932
1.2678237,-0.08566051,0.3744144,-1.0533261,0.60912293
0.64301175,-0.35985094,1.2205943,-0.95555115,-0.069607094
2.5555167,0.39067283,1.400941,0.59637237,0.09129571
1.9811519,0.12281903,1.0084248,-0.755076,0.46885964
0.8420464,-0.5023337,0.21033637,-1.6749603,0.6205944
1.6216867,0.73086095,0.63902473,1.9104834,0.56585735
0.1740516,-0.40571225,0.1799572,-1.0288845,0.31483504
0.21056382,0.0076934677,-0.61785907,0.15443914,-0.025928013
2.1275432,0.26524162,1.2191699,-1.3231157,-0.040955875
2.5069456,0.21887293,1.527797,1.9882323,1.293914
0.60133773,0.038246624,-0.8983622,-1.0319185,0.075360484
0.79383415,-0.13170494,-0.029162683,-1.993461,0.3350244
3.3302858,1.2892671,0.5501946,2.7520857,0.8239098
2.1906848,0.19112167,0.24764755,2.3226674,0.5728431
0.71247303,-0.51870453,0.33635125,-1.416765,0.6300399
2.180606,0.14645007,0.7842383,1.0675963,-0.49475023
0.8500806,-0.38199812,0.9678309,-0.42655236,0.43101296
2.7839556,0.25777322,1.3868668,0.043628965,0.22786804
0.44815764,1.716833,-3.118421,7.071461,0.95982355
-1.50763,0.15131988,-0.8337931,-0.16879754,-1.7304461
1.2408714,0.2581342,-0.8523588,4.390986,2.5259595
1.5637549,0.7406938,0.07293302,0.54888666,1.151039
1.069787,-0.14998443,0.42090985,-1.0760238,-0.2611097
0.41532806,-0.42979866,-0.014150439,-2.0060356,0.33343694
2.5175827,0.6593021,0.8690265,0.4030628,-0.34792957
1.2396194,-0.39871734,0.09990832,-1.1621902,0.7491384
0.7870902,-0.3843068,0.80265325,-0.0006195903,0.8070208
1.1388907,-0.2588135,0.2437264,-0.7085086,0.39907703
0.52825147,-0.40538523,0.57292306,-2.7958927,0.2133924
1.530441,0.21907312,0.9376819,-0.5966417,0.28727135
0.8616992,-0.6552693,0.48980248,0.082192905,0.13197358
1.3121792,-0.11121113,0.04836394,-1.2407964,0.35014263
0.5332651,-0.5632423,-0.006943285,-1.5424576,0.08135154
1.9464101,0.12960573,0.644838,1.3302296,0.31230822
0.3191888,-0.5571782,-0.1417883,-2.0896797,0.34295988
5.077584,2.7816656,-1.0957607,-3.8134537,0.10877099
0.09971323,0.1945411,0.2199794,-3.1354973,0.16328171
2.0845292,0.024568986,0.85967,1.0543371,0.5219853
0.9842524,-0.49025866,0.3790886,-0.07875273,0.3149137
1.3129675,-0.036563113,0.8070383,2.9497275,1.2414109
1.8033231,0.30032066,1.5069357,1.0245222,0.53283
2.7906394,0.10355133,0.9181445,0.6333775,0.2590806
2.0357556,0.06336038,0.37019753,0.26935548,0.30919376
1.5932604,-0.067688085,0.66361046,-0.07002343,0.48576877
0.37128976,-0.4783895,0.017318007,-2.4323878,-0.059018143
0.8582728,-0.18917568,1.0689842,-1.0263909,0.46896675
2.1915455,0.296158,1.1743727,2.8975534,1.1718491
0.11066562,-0.7161306,-0.19914643,-1.6518435,0.45348388
1.7857789,-0.05474513,0.36381492,0.12491864,0.20697987
1.8387363,0.21963997,1.0217454,1.8271718,0.8245316
1.3639209,-0.24777645,-0.041877083,3.3318295,0.75810343
1.0299803,-0.13704485,0.31611288,-0.09035079,-0.42639878
4.511737,1.589291,1.543726,1.8490626,0.6118399
1.6922659,-0.59849536,0.24950679,0.74317807,0.12969455
2.041831,0.3943424,1.0609258,-0.44920963,0.08635302
2.034977,-0.090176105,0.6985243,0.6033409,0.685036
2.810992,1.1243721,1.3297037,0.66822433,0.6746351
3.1467695,2.1224294,0.37176543,-0.47482222,0.2207737
0.46411145,-0.24680728,0.21105088,-1.8306739,0.32314396
1.8925036,0.034898378,1.3452524,1.342281,0.5592992
3.2843275,0.3587131,1.6756219,2.7253437,1.2428386
1.8309721,0.14182541,0.48889595,0.03019666,0.2836573
0.2370652,-0.56287664,0.34036237,0.4541428,0.7268055
1.2934607,0.42858437,1.1392423,1.712336,0.44051343
3.0878937,0.34688944,0.745518,2.1827722,0.15319774
0.9604937,-0.41217536,-0.051077362,0.9555148,0.7198965
-0.21296966,-1.2769473,1.8774285,-2.4383612,-1.8949325
1.5938011,1.5663363,1.8354442,1.8996208,-2.554903
-2.2547312,-0.76067775,-1.0539193,-0.3119564,2.027402
2.8741803,0.08081618,0.8310917,2.2563636,0.39717513
2.4800906,0.4570308,0.65758044,-0.015921501,-0.092077866
2.0912051,0.15208592,0.7401299,0.6521745,0.56063914
0.7444925,0.18640773,-0.045910984,-1.2989585,-0.3875101
1.7503687,-0.30397466,1.6388004,0.9862867,0.73486143
1.487189,-0.29692116,0.5970505,0.5075559,1.0412285
0.089357525,0.04871449,-1.3359276,-1.1612226,-1.2907562
2.9935596,0.17952539,1.1272038,2.3587322,0.21018009
1.433535,-0.2816811,0.51866853,-0.5781199,0.7962101
1.1515144,0.057743445,0.9017317,-0.34993148,0.61410064
1.0619439,-0.1999356,0.15700686,-1.5647869,0.07021381
1.226302,-0.53327376,0.12780504,0.38403422,0.57615024
2.133029,-0.31047586,1.0220649,1.9983643,1.0984861
1.8228738,-0.07248662,1.2435988,-0.63923293,0.11243976
1.2797917,-0.3233146,-1.0743611,4.2680993,0.9159742
1.3191031,-0.10891305,0.24383397,-1.1732513,-0.114518285
0.5475869,-0.17765827,0.39374942,-0.6925147,-0.13927475
0.9790803,-0.47642764,0.6955419,-0.5018914,0.886437
1.803658,-0.18251956,0.7649649,-0.6164609,0.11189528
-0.8356353,-0.08657448,-0.6155897,-3.6272936,0.6562515
1.845647,-0.11052099,0.9166114,-1.4495453,0.20134166
2.224696,-0.36162156,1.2108542,4.205852,0.7400955
2.0703604,0.8416837,1.5988339,1.7622914,1.5128778
1.8283942,0.48966554,0.99527913,-0.3059095,0.67164636
0.9670066,0.006685852,-0.114730984,-0.13926142,-0.6176443
2.653209,0.07213348,0.6356096,0.15314883,0.40550596
2.906749,0.19196954,1.9192183,0.863722,0.49188778
3.0229566,0.91970634,0.9072401,1.992152,1.9459814
2.236007,-0.20635924,0.5315962,1.1436654,0.2247318
2.9027927,0.8341576,-0.3386619,2.6817262,0.3533201
1.7477932,-0.2556238,1.5532793,3.214397,1.2787285
1.290772,-0.12532113,0.3283142,-2.2413666,0.23854451
1.1573865,-0.219581,0.13091244,-1.4317487,0.25272956
0.5917468,-0.41510347,0.12219946,-0.2787185,0.5472358
1.8581121,0.08872843,0.77656394,1.231604,0.13906819
1.1678765,-0.23653178,1.0814896,-1.4429293,0.20531279
0.9064126,-0.03803056,0.016009983,-1.4514643,0.31783974
1.2246865,-0.29088902,0.80249727,1.4873439,0.7156642
3.9356267,0.72009933,1.7187353,3.3430667,1.126983
2.3525393,-0.01160949,0.26909745,3.6263125,-0.09431198
1.4184476,-0.058628246,0.22074375,-0.6416455,0.44408548
1.9647219,0.6738163,0.1679006,1.8748026,0.0374435
1.5302076,0.49388948,0.7057103,1.0906501,1.2465265
0.60731745,-0.12050761,-0.4376644,-2.3979783,0.48932678
-0.4391345,-0.4612336,-0.37342274,0.22899592,-0.010189712
0.43485737,-0.5763434,0.64081657,-1.67827,-1.110116
-0.52181,0.065208346,2.4095547,1.0641638,-1.9271151
-0.75263023,-1.3620739,-2.1216035,0.6471686,1.8863508
-0.57400644,-0.41126585,-1.1953753,-0.42928398,-0.44642362
-0.10907054,-0.66652125,-0.52861893,-2.2144845,0.24262269
1.1441059,-0.17120329,0.2886128,-0.936792,0.25127685
1.2143216,0.18405057,0.34007597,-0.5903495,0.06098348
2.3547297,-0.05720672,0.73606026,2.339037,-0.20652269
0.30221432,-0.06032692,0.07484689,-0.27854544,1.9728138
-0.00029477477,-0.61218506,-0.17528722,-2.135598,0.29257137
1.733244,0.2568827,1.4564728,0.6240261,-0.21366377
0.4662029,0.5746574,-0.022088042,-2.5494792,0.70121276
2.5268273,-0.30827704,0.5538042,4.3334804,1.4046464
1.1794118,-0.026557978,0.6885954,-0.60995555,0.10562078
0.6863508,-0.36235467,-0.09315887,-1.7599947,0.1932162
0.5708007,-0.46797904,0.30185404,-1.6764817,0.2898682
0.72833556,-0.32619283,0.5456289,-0.67287034,0.46995434
0.79287326,-0.35540625,0.24195322,-0.8862661,0.22551046
0.8601608,-0.2893698,0.6359445,-1.6256456,0.24576063
1.520716,-0.29547998,0.35148653,1.1882496,0.70208436
-1.2338569,0.31511274,-0.9882407,-4.117603,1.1246444
2.1979318,0.067320645,0.6106572,0.8180594,0.18237443
2.2294002,0.13289504,1.1151476,0.7938213,0.26755056
-0.5643662,0.15326104,-0.0059919953,-0.309729,1.109253
1.226084,-0.34994227,0.5519101,-1.277515,0.69559574
-1.1315697,-0.057667155,-1.0353191,-3.5626347,0.5824863
1.3641206,-0.4516754,1.68673,0.40698528,-0.113804415
1.3064884,-0.60809267,-0.022655416,-0.17907459,0.3168131
1.7123328,-0.05705384,0.6487462,-0.5913366,-0.09866611
-0.5039791,0.330241,-0.7270986,-0.8196634,0.8125287
0.7830558,-0.6171477,0.7670034,1.0409302,0.2681002
2.1262515,-0.21328135,0.722452,1.6028472,0.31969422
1.0471505,-0.3560813,0.17796306,-0.061905846,0.43488488
2.1025376,-0.4567926,0.46582702,2.273775,0.1909839
1.959817,0.67203313,0.6255721,1.3613559,0.26861182
0.17339921,-0.4389191,0.20063323,-1.3560827,0.32731524
1.0317158,-0.50198525,0.15649047,-0.030178957,0.28605282
2.176887,0.08387697,2.1414511,2.8535004,1.0602295
-0.8143933,-0.68043876,-1.2900409,-2.636903,0.1825827
-0.2958289,-0.55503875,-0.51954216,-2.2819638,0.026203714
0.9860395,0.15021,1.0259392,-0.88633984,0.56180114
2.6868331,-0.020679206,1.5271467,3.1628842,1.2379644
-0.36029372,-0.06512132,0.88087654,0.5147866,0.7702803
0.9775524,-0.16943769,0.15830573,-1.295337,0.26141566
3.0349743,0.5236281,0.43394724,4.0133386,1.0342802
1.6927245,-0.16000456,0.9888393,1.9080036,0.92575985
3.8857818,1.1460303,1.0690236,1.6290921,0.74381196
1.9307588,-0.053257737,1.0555847,1.2449623,1.1635147
-2.5742683,0.058124006,-0.84389335,2.467645,-1.7245986
0.2613419,0.7256713,-1.8246877,4.7598996,-1.3839364
-1.394797,-1.0931368,-0.8666724,0.96782136,4.456677
-0.75474954,-0.7339536,-0.52216417,-1.8326808,0.7832506
-0.59073,-0.79195845,-0.50980985,-2.111478,0.5753554
2.0638633,-0.18898681,0.95958734,0.55251473,0.3906157
0.54926634,-0.27679494,-0.11280243,-0.335295,-0.11192207
2.0200157,0.042489808,0.9677304,2.0180433,1.0017867
3.0291224,0.507082,0.9603791,2.4815943,0.27977023
1.2374921,-0.34308612,0.30044106,-1.0726099,0.5048436
2.0634487,-0.0106537305,0.3660689,-0.07050632,0.36164343
4.2510467,0.7201507,1.8354477,3.776963,1.0785177
0.75999194,-0.3684512,0.52276164,0.16230774,0.34727973
2.3089106,0.009763238,0.7247566,1.0651697,0.509638
2.08362,0.097430244,1.0001581,-1.1739595,0.60362345
1.2125654,-0.092170015,0.7738912,-0.43728614,0.4825753
1.2063323,-0.24394886,0.7399467,0.29207018,1.017164
1.7521958,-0.0418896,0.7478473,0.3112287,0.4210527
3.0218651,1.1930978,1.3346261,2.0352108,1.9188493
1.2451513,0.64448684,1.63424,0.26443154,0.5578322
0.83889467,0.15954898,0.9228503,-0.44977897,-0.1175207
-0.21362752,-0.14139336,1.0661765,-0.46383703,1.1062732
2.6284535,0.3837387,1.6347897,-0.13803113,0.1724651
3.129394,0.17828333,1.2701747,4.6300683,1.1717741
2.784306,0.53378534,1.3638412,1.059941,0.6047197
0.5534127,0.17063035,0.9677293,0.74057126,0.32991463
1.6783777,-0.28358245,1.1384896,0.4245454,1.0643648
1.5263996,-0.07279387,1.3027806,1.810923,0.63075256
1.5037289,-0.13591406,0.5256654,1.6691256,0.33922762
0.22570728,-0.76188034,0.69178486,1.1417558,0.9608285
1.5768079,0.77291757,1.313388,1.6969758,1.0640894
1.1723523,-0.017887037,1.045988,-0.50565034,0.8057538
0.6067245,-0.52372414,0.1368611,-2.124903,0.71520126
1.2019377,-0.52211356,1.2611346,1.1228659,0.602585
0.45432204,-0.4318902,0.8925881,-0.7156453,0.80741453
0.7419866,-0.28076747,0.6066896,0.76554835,0.7998442
1.3274423,-0.1607521,0.81931114,-0.27536118,-0.2273184
2.6603346,-0.13279521,1.7415904,2.4300697,0.9976267
3.6163437,1.938041,0.67921925,1.0672702,1.2110904
2.3960729,-0.15607549,0.71210104,1.0816826,-0.2489893
1.9676974,-0.43769538,0.71528566,2.759006,1.3784823
0.72506726,0.023541704,0.75813335,-0.9057226,0.4260082
1.4385971,-0.3605876,1.1709678,1.2360194,1.2128056
1.217517,-0.3032386,0.855564,-0.3605567,0.3838912
1.3374648,0.6390936,1.0677773,0.64344263,0.34046593
1.2488538,0.115770295,1.4171019,1.079645,1.1825372
0.83297414,0.0562647,0.36164364,-1.3974296,0.5236822
1.5822933,-0.011057551,0.63669443,0.062259898,0.4985951
2.8901434,0.36097333,-0.23835021,-3.4385388,-2.4545195
0.72869396,1.4678447,-1.006165,2.8141294,-4.3487663
-0.78913826,-1.2350051,-1.6700954,2.5584426,3.1645417
-0.18799064,-0.88022006,-0.061601482,-0.19351846,1.4922411
2.3003104,0.47262776,0.40858066,0.6949949,0.05167017
2.351173,-0.2604411,0.72339165,0.12384863,0.5904671
2.3635528,-0.020855933,1.25166,0.16925484,0.5266223
1.0941682,-0.26534316,0.70829785,-0.33081472,0.40830132
1.9766096,0.08244089,0.6127637,0.15194508,-0.287299
2.0204785,-0.07277927,1.0139706,0.14509629,0.49546388
1.6739928,0.3323207,0.8931282,-0.35938653,0.34612954
2.1080778,-0.10305993,0.7168655,-0.53424966,0.4554038
1.3249279,0.59909326,0.8176247,1.5725026,0.44388154
1.3901883,-0.61222243,0.5583643,0.5118959,1.0400901
0.60097504,0.13881625,0.97802484,0.7586638,0.76018745
2.199918,-0.099119574,0.3178043,-0.7929052,0.37390283
1.8227506,-0.0048598642,1.260739,0.20304504,0.21657705
-0.13556932,-0.5706452,-0.5783948,0.8748276,0.6326634
1.9479609,0.010219809,0.53263724,-0.73320377,-0.29317456
0.47608855,-0.039619893,0.8319417,0.78248626,1.2543863
1.3316672,-0.17462356,0.4883346,-0.6599458,0.45753542
1.9353375,0.012918107,1.1320384,0.61220294,0.69600254
0.31261683,-0.50301176,-0.28180242,-2.3659785,0.37435475
3.5864751,0.7980046,1.7027879,2.59529,0.3462851
1.7225034,-0.22216448,0.6224046,0.3237324,0.72009605
0.4677377,0.8093541,0.2387556,0.49741465,1.0978837
0.9243556,-0.5539935,1.6476386,1.2838783,0.8002691
0.79999286,0.84368414,0.54191965,1.16746,1.3607405
1.1807995,-0.21129204,0.8458939,-0.84098446,0.29639363
0.7575374,-0.2849731,0.4527997,-2.3199089,0.4552759
0.892821,0.25635585,-0.36747605,-0.8537514,-0.08149155
0.27565756,-0.4352545,0.33143437,-1.8198426,0.6712205
-0.22771156,-1.0507517,0.49195048,3.6840026,1.1728423
1.2449657,-0.25610122,0.5118797,1.1599163,0.6224871
0.6882056,-0.7072524,0.917896,-1.3454002,1.0055391
2.5521696,0.5240584,0.47111705,1.900011,0.8097419
2.3804674,0.005075037,0.43455958,1.4631398,-0.27158463
1.7518892,-0.013695053,0.6510334,1.5706147,1.4587004
1.9122258,0.28511125,1.0859044,-0.31126803,0.88663477
1.2800574,-0.20303679,0.6696188,-0.9313096,0.40416488
0.5183519,-0.4229161,0.17922342,-1.1975148,0.48610744
0.11945024,0.23764634,1.1987435,-0.5769401,0.5891444
0.5373893,0.83953667,0.23075692,0.41956687,0.4920113
2.5131817,0.00038057566,0.8694434,2.0044885,0.78288263
0.015837727,-0.26563233,-0.8743413,-0.65642434,0.38218975
-0.80155724,0.70649993,-0.17722929,0.838605,2.1272154
1.1883959,0.03826361,0.13009028,0.5124426,0.8505874
1.054133,-0.23778783,0.7992494,-1.8890519,0.47855845
-0.45076078,0.15779378,-3.1593714,3.3889105,0.17544413
-1.0330586,0.037774563,-0.47562498,3.619379,-0.22738579
-0.20907438,-1.4855893,-0.58095634,2.0814855,2.608442
1.6074942,-0.094454154,-0.2446164,1.7490952,-0.72343266
0.027961185,-0.11561028,-0.53187,-0.76060414,0.34141132
0.5813658,-0.26500964,0.37367406,-0.64545506,0.14236356
-0.12465008,-0.31072712,-0.40056178,-1.2304235,-0.2487404
-0.3984828,0.44539633,1.1124288,1.1489972,2.0441325
1.9559423,0.21338502,-0.09977922,-0.30765405,0.95471865
1.8364785,-0.16605549,0.67471766,1.4551677,0.42968747
0.30126527,-0.47579038,-0.39710355,-0.57927805,0.2553438
0.71591496,-0.32694545,0.087659635,-1.0711794,-0.00044336915
1.2527009,-0.3364818,0.34642148,0.274364,0.01653084
0.67862415,-0.26233524,-0.0866506,-2.2784472,-0.015967337
-1.1965979,-0.79913706,-0.40393507,-1.0255793,-0.5972073
-0.26819476,-0.5406812,-0.3602104,-2.58728,0.6366052
2.3749843,0.4422716,0.62422705,1.2729741,0.94908804
1.2733725,0.08175399,0.16216044,1.1334298,0.2703393
1.8883951,-0.60501146,1.0378947,2.4037697,1.2967035
0.6530583,-0.045363292,0.3813889,0.29422677,0.3771502
2.0605502,-0.32874626,0.52999836,-0.3498007,0.47913474
3.077579,0.18373448,1.6259167,2.6482892,0.9210605
2.1221874,-0.01585065,1.1528279,-0.6818171,0.41382116
0.49722713,0.44824287,0.15279089,0.55975497,0.40194067
1.5195655,-0.048955884,0.5745512,-0.20747444,0.33854407
-0.36396158,-0.41053247,-0.38831466,-2.6446395,0.19300534
1.1006385,0.22391629,0.6162096,1.289784,0.51824254
3.6780713,2.5592782,-0.028895415,-2.761423,0.16255057
0.9847748,-0.4443745,1.5106684,2.954789,1.2776545
1.8893429,-0.030459668,1.1101445,0.007879615,0.7786378
1.0086571,0.029847234,0.2789741,-0.9602256,0.09106323
2.2664464,0.12796508,0.91931164,1.5071948,0.041263554
2.5659816,0.5085438,0.944807,2.8385243,1.0519764
1.9137102,0.75548226,1.8396907,1.0393109,1.3460335
1.2581015,-0.30573463,0.7773712,0.7730993,1.0728343
1.6505588,-0.17539072,0.9891251,1.0226927,0.5356051
2.7795143,-0.030805074,0.774591,1.8528352,-0.07527838
1.6746151,-0.13675076,0.22719462,-0.43539622,0.12750714
1.7929201,0.078394,1.0866032,0.90671617,0.8087644
3.6237411,0.7618484,1.0723358,1.6561433,0.4395137
0.27524036,-0.446433,0.36845303,-0.5298517,0.24906017
1.243323,-0.29345906,0.47570643,-0.9413595,0.42227453
2.782193,-0.13479787,1.2979878,2.9076402,0.25770912
1.4479036,-0.039899737,0.8215199,-0.5422835,0.22380191
0.1255145,-0.26270154,0.2405956,-0.88273203,-0.004942745
-0.1948421,-0.9009417,-0.88797086,-0.0871673,1.0830824
1.839725,-0.16127469,0.7468726,-0.6087708,0.25702465
1.1945605,0.5974677,-0.69342023,-1.6414819,0.54840213
-3.9430099,0.4023596,-1.184228,-0.91673905,-1.9906087
3.68195,1.1326926,2.5330226,1.1732749,-1.5254633
0.6601565,-0.67641884,-1.445357,2.357781,1.79461
0.1536134,-0.48895615,-0.2665272,-1.2180163,0.48674425
0.30771455,-0.7553652,-0.5513092,-0.318904,0.09079704
1.2162496,-0.05752798,0.9285219,1.1633934,0.39621514
0.39436308,-0.52296895,-0.048290327,-1.5602349,0.73710966
1.0108709,0.13042694,1.0565408,1.6882106,0.08907112
-0.3726951,-0.5836331,0.26258013,-0.268375,2.0861483
2.4274833,0.83950883,1.4226707,1.035497,0.867722
2.2027822,-0.16069876,1.1831946,1.2989045,0.47711807
1.5406302,-0.3154947,0.84136945,-0.3182117,0.6108196
0.48562664,-0.0049012895,-0.41069064,-1.2427046,-0.298039
2.2017753,-0.072922006,0.8189167,0.37226453,0.5312161
-0.79616123,-0.49397287,1.0379534,-0.0026504695,0.30538794
1.1476597,-0.45483476,0.99675983,1.5149696,1.5024476
1.8050766,-0.03874968,0.26142636,-0.09614834,0.26388204
2.5125804,0.38258734,1.12645,2.0758,1.1881567
1.7470697,0.04106886,1.1809396,0.039955687,0.7043301
0.99333024,-0.15987524,0.6479283,-0.60108656,0.06437139
0.2766714,-0.5132604,0.3678213,-1.5428913,0.44643313
1.5014721,-0.14031205,0.9550756,1.1229287,-0.43204293
0.7013384,-0.39269152,0.062224347,-1.1924436,0.47842622
0.48967794,-0.21784195,0.102306865,-2.3505335,0.34334096
-0.46896172,-0.20239957,0.21071231,-1.1226693,0.206699
1.4044448,0.17002463,0.759082,-0.8510801,0.14867689
1.0825171,-0.039017897,0.31611967,0.056379713,0.12726343
2.7917802,0.23523492,1.3460478,0.65462434,0.091792665
1.9056674,-0.22025062,0.25119957,2.7610414,1.222433
2.0784926,0.65280426,0.7268668,2.6584666,0.55465806
1.1073762,0.44942927,1.389773,0.57804614,1.3418766
-1.3454823,-0.22629094,-0.53663176,0.22293699,1.3496718
0.59803236,-0.2899716,-0.10412899,-1.4366333,-0.10320086
0.6235696,-0.39621997,-0.50182694,-0.8259498,0.11029726
0.68436444,-0.017256422,0.16752918,-1.2201642,-0.016390828
0.4150331,-0.41224915,-0.42382002,-1.7586325,-0.1605844
0.39176968,-0.11357743,0.113094606,-0.433997,-0.29619747
2.6098127,0.1697687,1.0695666,0.39344183,0.16348049
1.4887751,-0.55398846,0.80208796,0.6888981,0.8070786
1.6702205,0.48012686,1.047187,1.2457736,0.896757
1.1638154,0.20153715,0.98477674,1.2966086,1.3415385
0.69126207,-0.42361644,0.8733841,2.2163887,0.516594
5.0288844,2.9950447,-0.89157784,-1.867159,0.26336095
0.24528667,-0.74847406,0.6333234,-1.4764258,0.83883125
2.322529,0.7933358,1.3757911,-0.14325033,0.29777372
3.263355,0.070465535,1.403945,4.402822,0.96644515
4.111451,1.4537446,0.9219724,1.6111183,1.3239982
0.040889934,-0.56360537,0.2579978,-1.2574826,0.38642994
0.43034083,-0.46821994,3.4781232,-0.9199279,-1.4926032
-2.292322,0.14743184,-1.1240903,-0.09224987,0.10428377
-1.2621914,-1.7813728,-1.5052578,2.8681827,2.1535833
-1.2337672,-0.3842416,-1.3421783,-2.4146135,0.33936155
1.8575226,0.3862214,1.1340841,1.678266,0.69160855
0.41997346,-0.12416768,0.17165563,-2.5276043,0.3126677
1.2232614,-0.26472372,-0.02029305,1.2637687,-0.024738781
1.2625916,-0.14089993,1.0143117,1.6517209,0.82461625
2.1841216,0.25876406,0.7502704,2.8191946,0.48971993
1.160374,-0.28136635,0.48645592,-0.10992769,0.43080473
1.7232857,0.15226081,0.36999714,0.51975787,-0.46190667
1.391865,-0.23611031,0.34785813,-0.599139,0.22333178
1.5358759,-0.118278414,0.752602,1.8461647,0.4203839
1.0849369,-0.12236938,0.601042,-2.1650143,0.34351984
1.9967504,-0.15251884,1.0869304,-0.18305263,0.3335078
2.5416446,0.07716294,0.908883,0.017585544,0.301653
1.9316391,-0.19048026,0.6008643,1.9697487,0.9822296
1.9587334,0.71023667,0.77609813,-1.3748378,0.112547785
1.5613984,-0.48487014,0.75345343,0.50986844,0.7139635
1.2807243,-0.43146658,1.0074602,-0.35533407,0.27138412
5.2777343,2.8582058,-0.4404477,-0.5781061,-0.18296729
-1.0939437,-0.70208186,0.6083572,1.2699398,0.60539013
1.4687203,-0.2585264,0.7233035,0.42274302,0.43158066
1.457593,-0.13849804,0.79236126,-1.1945562,0.58533454
0.8325851,-0.31634802,0.017202493,-1.1485925,0.30264333
0.6022529,0.63847876,0.09709303,0.47022736,0.12212545
1.3439932,-0.3965693,1.0751613,-0.4559304,0.6614171
1.4454358,0.59983474,1.3497865,0.4967952,1.2101251
-1.8560511,1.7803274,-2.301216,-1.0671661,0.9978528
0.81155354,-0.20383842,1.6903669,1.3384635,1.5886505
0.19640376,-0.6840601,-0.3160959,-0.7573997,0.1647803
0.5278942,-0.5074766,0.40901873,-0.59214574,0.41105175
0.9640359,0.19035244,0.7891991,0.7382514,0.70366156
0.6579531,-0.3352217,0.19521712,0.46376327,0.138541
1.0739865,-0.7442572,0.6829754,1.1391567,0.9761538
1.1706309,-0.5872233,0.5838267,2.2943997,1.0692405
1.6451316,0.1354084,0.3637787,0.010533035,-0.41475868
2.7489321,-0.06452501,0.87166977,1.7699014,0.071872324
1.8719757,0.115497045,0.8749143,-0.8724463,0.20751138
0.40899476,-0.53164643,-0.29817778,-1.361135,0.20752262
2.2799883,0.28440464,0.08633125,-0.21802574,-0.48528746
1.524412,-0.38204634,1.4070005,1.5794399,1.0372788
-0.16101184,-0.63430977,-0.22330168,-0.10932483,0.85406053
2.6829526,0.32936427,1.3603137,2.0403936,1.0264175
1.6181649,-0.09739001,1.3267127,0.9665734,0.68271244
1.9448487,0.082462944,0.96559095,-0.33945662,1.0025687
1.4683933,-0.26994076,0.32692614,0.4414937,0.35351625
-0.58854765,-0.25435475,-0.20416619,-0.5533081,0.47851005
-0.7981658,-0.16440699,-1.2045288,3.960929,-0.9163066
1.4996222,1.5007384,-1.1693816,0.43935305,-2.5293064
0.049333375,-0.70435226,-0.14252777,2.7272053,2.2969584
-0.62214625,-0.5087081,0.022021225,-0.14044257,-0.056312997
2.3517964,0.10805782,0.89792156,0.09990715,0.660923
0.60358346,-0.22072008,1.0402014,-0.52814084,0.82718885
2.3883095,0.13919945,0.38380015,1.0305549,0.41355586
0.7430139,-0.36483985,-0.51664174,-1.5349592,-0.019707885
0.6863083,-0.126946,0.25928974,-0.68196654,-0.011758356
1.0343877,0.66224456,0.9965814,1.1052679,0.5887073
0.9302871,-0.39491907,0.53757775,0.23920289,0.45488968
2.7986455,0.59268177,0.9698686,2.9557254,1.7070353
1.1771241,-0.10029308,-0.772487,4.2924175,0.5488842
1.0915176,-0.35821065,1.0437795,0.45694125,0.48006096
1.2466128,-0.015231658,0.4787147,0.83259785,0.6853107
0.9129161,0.08556157,-0.021102777,-0.010050148,-0.19443822
2.0250716,-0.09645551,0.97504973,-0.20456249,0.07633364
1.4503111,-0.1863079,1.3066174,1.7779896,1.17275
1.076454,-0.39651158,0.4857214,-1.7373854,0.5766297
1.8494916,0.6407911,0.4368562,1.938919,0.74018013
1.8496912,-0.13115637,-0.030722115,0.00368312,-0.073870495
-0.70001656,-0.2660317,-0.6792928,-2.2384055,0.5889544
1.6233312,0.24650675,1.0960948,1.737762,0.8089509
2.0784767,-0.15037565,1.041562,-0.17853369,0.42364496
1.6978557,-0.2751943,1.0417912,-0.12594931,0.43610063
1.5173194,-0.28513658,0.98823845,0.9034083,0.8989933
1.159702,-0.23950407,0.50274706,-0.1780341,0.58695704
0.6064839,-0.24376957,0.20133981,0.2545885,0.30422565
1.1200651,0.12608813,1.4560122,-0.95492715,0.6427843
4.152303,0.99534696,1.544285,2.6006243,1.177839
1.7514799,-0.02645665,1.1376591,-1.5474957,0.019681957
-0.20801648,-0.5708549,-0.39214537,0.09374277,0.9136715
1.1493955,-0.5433347,0.30093473,-1.0321367,-0.012549161
0.9081904,-0.4531119,-0.29998595,-1.0811137,0.06364022
1.564246,0.63422924,1.0793054,1.1970737,0.54830796
1.4020618,0.20593563,0.93232584,0.6919337,0.74778503
1.716262,0.05609543,1.4590352,2.1405544,0.74397177
2.2605739,1.2022882,0.54277396,0.8118574,1.5607195
1.321984,-0.030271318,1.0803642,-0.81482863,1.0510763
0.6184842,2.5056634,-1.8255159,-4.1382813,-0.7926114
2.454356,0.56549895,0.26108325,2.8225646,0.7861592
-0.7198324,-0.53291243,-1.2146653,-1.3683835,0.13988924
0.86007416,-0.37782735,0.21788459,-1.5271701,0.56777877
0.83302975,-0.24155298,0.2541922,0.9544162,0.38352135
2.8333924,0.28459015,-0.019637339,4.1705065,0.51042676
1.5456632,0.10495515,1.244935,-0.5815403,0.42456347
-0.9568527,-0.42285573,-0.09133334,-3.5074034,0.24673893
1.7119756,-0.29635155,0.72352177,-0.13010247,0.5167037
-1.5058248,-0.7405471,-1.471441,-0.90879667,2.2164764
-1.7431815,-0.552155,0.3779181,4.885877,3.067175
-1.8321053,-0.7448217,-3.1775706,3.1790922,2.1152596
0.4580197,-0.36281747,0.326668,-0.24719322,0.6322116
0.26807058,-0.6132574,-0.25366682,-0.33104977,0.8412751
3.195776,1.1017921,0.9479735,1.6854582,0.53793955
1.6370686,0.59291935,0.40372226,1.7716019,0.34352934
1.1662493,-0.28124812,0.7490323,-0.95629203,0.71141547
1.3115679,-0.09753991,0.6772388,0.91880566,1.0123032
0.1789443,-0.4083314,0.12878913,-1.9084505,0.19543037
2.0674882,0.1152217,0.8442539,1.636099,0.8439676
2.21404,0.7185102,-0.013708768,1.4098638,-0.033795428
1.286243,-0.4475957,0.43673283,-1.3737568,0.6290153
1.9102495,0.013598791,0.59011513,-0.6538988,-0.2181724
1.942452,1.2893853,0.6098087,-0.03149681,0.35657787
-0.24374571,-0.23875824,-0.094158836,-0.48880526,0.23132834
1.3452946,-0.11635672,0.7369581,0.29820758,0.65658057
2.213714,0.95740175,0.70692605,1.6968777,1.297898
1.028699,-0.33360735,0.50851977,-2.4752543,0.6334366
2.4868526,0.0066670766,0.8668634,-0.024307605,0.35713008
1.8430345,0.8177798,0.6299274,1.6742873,1.2540308
-0.38357657,-0.5170347,-0.35580775,-2.688178,0.14807537
2.368538,-0.029067613,1.2962846,3.8049,0.06481217
0.87205845,-0.025263673,0.6452372,0.096072614,1.2773415
1.7081109,-0.25092727,1.1128182,3.0417168,1.0836418
-0.016112473,-0.55886036,-0.058233496,-1.7629721,0.44300282
-0.07462198,-0.5055935,-0.009426831,-1.3547964,-0.04491248
1.8864895,0.17021203,0.3311445,-0.3234718,-0.36723262
1.02717,-0.43386653,0.17425448,-1.5087081,0.7454833
0.673611,-0.11163218,0.4691602,-2.2181795,-0.13462596
0.9841524,-0.15411825,0.4650857,-1.3891467,0.2762625
0.43768385,-0.1482238,-0.9992704,1.7137033,-0.040882412
1.4852086,-0.14982176,1.8290737,-0.97815067,0.7199138
1.1575247,-0.16574146,0.82195175,2.1769693,1.288856
1.5170904,-0.28503802,0.68638426,0.45878983,0.8235955
0.5407114,0.86140573,0.5950525,1.0874336,0.88205665
0.3704584,-0.7051903,0.2718998,-1.0880752,0.47508675
2.3446796,0.48853204,1.2810652,2.0251722,1.3890059
0.28841242,-0.6585939,-0.02911625,-1.7123811,0.694275
0.250804,-0.20360099,0.11925058,-0.7881784,0.16989574
1.3102345,-0.20435378,0.83679974,0.43285832,0.89204174
-0.06714536,-0.41393042,0.50866574,-0.99417096,0.70786464
1.6702217,-0.10627942,0.9173186,0.22988197,0.44817424
0.3881659,-0.58173734,0.11257141,-0.63663167,0.501188
1.9230518,0.8027721,1.1389782,1.6631024,0.40990594
2.085645,0.054496583,1.370744,0.64829916,0.6796814
1.1370404,0.15702447,1.155696,-0.09644141,1.1916468
-1.679263,-0.13069244,0.439944,-1.7266341,0.21608531
-3.380657,-0.7268315,-0.020843437,1.7122653,-2.0241337
3.4853692,1.6166692,2.8372197,0.7601933,-4.3318977
-0.4394477,-0.9643784,0.11521228,3.8122785,3.4635801
0.60122067,-0.49015552,0.17984055,1.6978154,0.9757722
0.8748149,-0.17125452,0.5690206,0.020647107,0.5708569
-0.05067707,-0.8396133,-0.046195235,-0.7522569,0.73411864
-0.7256964,-0.1811342,-0.34597313,-2.5771575,0.17034341
0.7112922,-0.23504665,0.7358409,-0.8203396,0.5498216
0.25986668,-0.5429532,0.254824,-1.8477676,0.5229408
0.5139653,-0.21290393,-0.35211483,-1.6945354,0.088424645
1.3859,0.08768185,0.51260734,2.6597624,0.4703777
0.36486033,-0.34345433,0.062829085,-1.7673085,0.69217175
0.062254246,0.03288406,-0.14653428,-0.2435034,0.37632322
0.82543546,-0.11540824,0.6439567,0.24265471,0.5353926
1.5000808,-0.06389501,0.52308756,-0.7226896,-0.085774824
2.1587815,0.33718318,0.8911632,1.6768732,0.55351675
0.1743429,-0.18999554,0.99777055,0.5284024,1.0508457
1.7544683,-0.4725778,1.3906708,2.5633597,1.6635716
0.9475568,0.20075873,1.184439,-0.51065016,0.5791368
2.9688132,0.52688146,1.2105688,2.1591299,1.4072832
0.40495497,-0.66464907,-0.2295193,-1.6633545,0.1340737
0.14726245,-0.83364546,0.11933665,-1.360375,0.46418774
1.6303009,-0.07600698,0.6542142,0.71244174,0.2491319
-0.012549519,-0.89231,-0.2529184,-0.18629013,0.90367395
2.0651727,0.4592231,1.3324658,0.66137224,0.69589454
-0.484689,-0.7470798,-0.25119504,-2.6124337,0.57811654
1.4610088,-0.5353329,0.29831025,1.1602639,0.4624337
1.8430604,0.033120096,0.634458,0.7068188,-0.22254965
0.06293688,-0.17191207,0.005028248,-2.5675542,0.7152885
1.5117551,-0.23163764,1.3050733,1.030433,0.8025266
0.3234719,-0.638654,-0.59513056,-0.49509218,0.89153486
2.668781,-0.27979222,1.6751364,2.8219633,0.61979014
1.1394764,1.7314742,-1.3039732,-1.6100193,0.28687814
1.3554853,-0.123363435,1.8233346,0.6415708,0.783279
1.7628943,0.032736544,0.40439576,2.5266304,0.25219464
-1.950274,0.053802807,-0.31860703,-4.2849884,1.522557
0.051145196,0.0850946,0.32870135,0.6790891,0.8912387
2.3423524,0.017159564,0.97607195,1.6535554,0.14602366
1.1167477,-0.2609489,0.014972623,-0.40328896,0.32479882
0.99818105,-0.49700347,0.28008142,-1.5105777,0.3801945
0.67557675,-0.23555599,-0.32797337,-0.32773575,0.35458863
0.78191364,-0.41214114,0.39772272,-1.3017541,0.29507056
0.7051438,-0.3728288,0.21978804,-1.9140327,0.23096105
5.007729,2.148173,1.1574122,0.66837966,0.14411625
1.2780293,-0.46116042,0.8734915,0.595456,0.2954845
1.6448674,-0.018613318,0.7862937,1.1397204,0.930158
0.9363616,0.3667637,1.221757,0.4347728,0.30985484
3.1083243,0.35627896,1.5226729,3.3608515,1.2541947
-2.6710083,1.3610914,1.3696727,2.616037,-0.44498238
-1.686755,1.307359,-1.3562,5.0688705,-0.76496875
-0.9072012,-1.4322491,-1.299292,3.400817,2.853439
0.81785667,-0.2403029,0.10281195,-0.23320301,1.0782932
-2.2294922,0.385637,-3.157856,-3.8924718,-0.69845736
0.37766635,-0.807519,-0.14771426,-1.2383176,0.9665591
1.4389066,-0.12884708,1.1939393,0.2452598,0.6088776
1.6699141,-0.16507915,0.481277,2.8480458,0.8480685
-0.009107663,-0.14904527,0.083726585,0.13675065,-0.34429324
1.2424483,-0.34428602,0.83800465,-1.2159724,0.7165547
2.1018252,-0.09619028,0.95362633,2.3790555,0.9825939
1.8519813,0.12571418,0.51865155,-1.2622241,0.09842671
0.7256466,-0.8341876,0.4998284,0.3981402,1.1374367
1.2803504,0.20622668,0.34439725,-0.3157837,-0.53958625
1.5849867,-0.38803902,0.44689822,-1.641786,0.87038845
1.5520803,0.011515911,1.0745066,-0.026928568,0.30329406
1.6527998,0.14977705,0.99083954,1.3543282,0.65251285
1.1511263,-0.3594518,0.6254974,1.3685602,0.79324794
1.20368,-0.00722289,0.07504508,1.9334089,0.40059182
-0.4743468,1.4212697,-0.6720008,0.9447291,0.9962516
1.1740192,-0.4350019,0.59428877,-0.65637815,0.7749198
0.37359354,-0.2326054,-0.19797896,-2.4114196,0.22254705
2.2094293,-0.11334441,1.141938,2.4638817,1.0573615
4.14211,1.15041,1.6175728,2.2247732,0.9637698
1.9915934,-0.050433744,1.0681002,2.041293,0.7681194
4.176622,1.9014357,1.0849743,0.83174866,0.3206906
0.7431728,0.77097166,-1.0556433,-0.009429574,-0.047219206
3.1647031,-0.060075693,1.2540652,1.603422,0.7330269
3.2060723,0.086576864,1.7662323,2.2607331,-0.015147148
1.3479086,-0.4268337,-0.17951216,1.0916619,0.79352164
1.158643,-0.326707,0.84236974,-1.9898382,0.19703522
1.3443413,-0.02230402,0.16205174,-0.95144266,0.052569006
2.4906933,-0.25858092,0.7808217,0.5099294,0.5246135
1.5969499,-0.18482429,1.2315732,-0.4109107,0.4862932
2.6782262,0.37876123,0.2301047,1.6497824,0.2148728
2.005906,0.27470323,1.1723995,0.30301046,-0.13173677
0.22838512,-0.3337404,0.12484824,-2.0809586,0.016035615
0.82743585,-0.25518033,0.3830768,-0.1392447,0.21169075
3.025882,0.79914814,1.2416581,1.1481388,0.24472359
0.99153763,-0.44196254,0.2965576,2.5739367,1.2397786
1.4277343,-0.2929228,0.6540603,-0.59424186,0.24549879
2.534984,-0.002745986,0.46693507,0.5079354,-0.017263738
2.558688,-0.23496744,0.8877325,1.2389382,0.89149165
1.4061261,0.82727915,0.8297455,0.6558001,0.193313
1.6894298,-0.32372338,1.7713236,2.2190008,1.7649137
-0.029830907,-0.16034302,-0.45423147,-1.6001314,-0.26140702
0.7479403,-0.2508397,0.3242418,-1.4397185,0.11943848
2.899418,0.9493357,0.76350063,2.1497402,1.3720002
0.6656673,0.21456614,-1.9240539,2.9974892,-0.2609213
-0.020394998,0.2098422,0.067753084,0.18848716,0.99752223
-1.3307482,-1.3467205,-0.52635,1.7414868,1.8262738
-0.50100386,0.20350865,-0.15101752,1.7395664,0.5621614
1.8569609,-0.04847101,0.5826138,0.43345717,0.1292607
2.1265512,-0.1583715,0.4247686,0.9791962,0.91052866
1.6917864,0.1327821,1.2888312,-1.013332,0.7890144
3.1886516,-0.09781883,1.8711886,4.5025096,0.8291698
2.4629667,-0.04710997,0.5437516,0.42851996,0.43054292
1.6262299,0.46752408,0.8235286,-0.10604398,0.37116528
1.0639067,-0.20621446,0.8018506,-0.33071247,1.0099347
1.607907,0.1805169,0.80042845,0.49349934,-0.13990739
1.059306,0.37952125,0.9501786,1.7269088,0.51077414
0.21582463,-0.77117145,0.062883444,-0.86269593,0.6984885
1.8927289,0.19063815,0.77736557,-0.65484846,-0.08846354
0.41698188,0.08059685,1.6316017,0.87858766,1.0211365
-0.24701573,0.028837543,0.55855095,-0.27413192,-0.03838209
4.8900795,2.5548272,0.2209634,-1.4572093,0.9599064
1.3141431,-0.48891068,0.021220556,-0.7281256,0.45117164
2.0060062,0.2042948,0.8695938,0.7150644,0.4848097
-1.7661861,-0.28774005,-1.7464855,-3.6485488,-0.2551891
2.0100408,-0.27564692,1.4264792,2.9193578,0.8838734
0.79487145,-0.14644411,0.101804055,-1.544167,0.033622578
1.1298147,-0.19538121,0.46478122,-1.3556378,-0.04784234
1.8258927,0.34616882,0.6008541,1.1390761,0.18924853
0.46643797,0.086093806,0.32401198,-2.1126592,0.63880545
2.2938557,0.17136058,1.1710615,0.9596596,0.83824664
-0.02612698,-0.3939886,0.41414648,0.25969446,0.47007793
2.7967286,0.20248029,1.0051982,3.068431,0.8271741
1.737597,-0.18321341,0.68382704,-0.046119124,0.028496614
0.07574083,-0.28331533,-0.4513566,-2.1970038,0.24053565
0.94151497,0.48490584,0.16202003,-0.6314752,1.1811377
2.1695573,-0.171374,0.9866031,0.7859658,0.35909337
3.6629238,0.6590158,1.4286672,3.2192638,1.4256713
1.4648602,-0.19161919,0.35259598,-0.68392974,0.23698895
1.2249105,-0.093745224,-0.28520593,-1.3201053,0.16621494
1.7854205,-0.2183561,1.0243256,1.0803032,0.92699456
0.4763291,0.06416203,0.12402043,-0.29158536,-0.4007612
2.1975365,0.022614857,0.9657638,-0.040753286,0.56563795
-1.0087314,-0.4625445,-0.69569916,-0.7170029,-0.10264342
1.0554043,0.3721577,1.5532984,1.3407394,1.2212805
2.0443575,-0.0966492,0.89971477,-0.67273754,0.5685597
1.483866,-0.18575409,0.1834642,0.9476869,0.58894664
1.4701905,0.081940845,0.1264699,2.337579,0.6440775
2.3359008,-0.024078442,1.2309247,1.6919557,0.7564676
-0.5704292,-0.7479712,-0.30550313,-1.3800185,-0.062719785
1.9527982,-0.0040313597,0.740131,-0.09123493,0.31929585
-0.015639959,-0.5717541,0.15478733,-2.2333412,-0.0008547604
-4.93271,-0.068560064,-4.112405,-1.9238145,-0.94419974
-1.3506112,0.3191698,0.75709534,0.93925756,0.13974491
-1.9728712,-0.8686263,-1.1842483,0.8044956,1.4972018
0.48809084,-0.56525916,-0.36965188,-0.7447273,0.47620997
-0.21790755,-0.62259483,-0.18826775,-1.080321,0.5457973
-1.9077073,-0.30117875,-0.72875303,-3.6561036,0.6163744
0.7749983,-0.76987386,0.842511,3.4247868,0.40176094
2.8055973,0.2785525,1.0626993,1.384137,0.94784915
-0.25139418,-0.2634455,0.083667696,-1.4339603,-0.08426842
1.1139336,-0.5234189,0.46316275,0.6540502,0.8879869
4.6715097,0.76333946,1.8365549,3.9382179,1.341843
0.09712853,-0.07732744,-0.4739703,-0.8314283,0.40561745
-0.5244104,-0.75996035,0.3434293,-1.7658886,0.44878078
1.6268959,0.21187204,1.0317149,0.3446901,0.24973856
1.0653813,-0.18379585,1.0476329,-1.5491325,0.5412071
1.4491553,-0.3401838,0.46642464,1.3852954,0.740954
1.9091141,0.04284326,0.87361467,2.098363,0.5976116
2.0920298,0.14459348,1.1694099,2.2073011,0.6287476
-1.1039969,-0.51233125,-0.91979295,-3.8083255,0.59920895
1.9125326,-0.08579074,0.4300105,-0.5571967,0.031747982
1.4434117,-0.14664671,1.3914886,-0.9926696,0.49048543
1.7569416,-0.21136773,0.68238956,-0.73171455,0.7315551
1.7875928,-0.28280017,0.5553499,1.3628305,0.3621714
-0.91806877,0.6138802,-0.0037315488,0.7199362,-0.41259846
0.7189568,-0.2910763,1.3886297,-0.0680437,1.8982036
-0.48620877,-0.6122192,0.51520115,0.33440503,0.28204045
1.4951527,0.11771731,0.31812358,-0.98393923,0.22694764
1.765243,-0.0980316,1.2783247,3.090546,0.81273425
1.6142673,1.465344,0.20820303,-0.046934426,0.8233062
1.8172758,0.28594685,1.1497215,-1.1447282,0.2973079
0.19450887,-0.596008,-0.29701048,-0.7813992,0.39591786
2.3984394,0.16842918,1.4901959,2.4453478,1.3408176
0.6875016,0.084381185,-0.5474993,1.9394873,-0.28718147
1.2974185,-0.27456504,1.0262791,1.7456411,1.1496894
0.53567857,-0.4073525,0.43634915,-1.6065246,0.2617475
-0.63673264,-0.5129032,-1.000298,0.57478786,0.68069637
2.0124235,-0.060191024,0.78060013,0.40255243,0.48614028
0.15519077,0.31584603,0.36428133,0.2365388,0.6362087
0.87385106,-0.23542374,-0.16503336,-2.1251793,0.22337586
1.6124682,-0.29462034,0.73176664,0.54084796,0.50530845
0.46040994,-0.12586793,0.32055435,-2.457365,0.31388447
0.45965427,-0.5263104,0.37143034,-2.1633759,0.43245682
1.3725463,-0.21028191,1.0412695,1.2894403,0.32394505
0.48847133,-0.4781549,-0.38389748,-1.4711943,0.7897157
1.1395566,-0.23402709,0.92066175,-0.84947217,0.48754692
0.3262652,-0.36804557,0.730257,-0.58553296,-0.020830568
1.3755351,1.7082304,0.32059738,-0.3054355,0.16163707
0.30329418,-0.97762173,1.7228543,0.6912338,1.1645406
-6.6793227,0.6864805,-7.6529694,1.1179522,-0.39039537
0.53364444,1.0587946,-0.43000144,2.8381455,-1.9674809
-1.0157686,-1.5545641,-0.3304098,1.9843459,3.6646833
-1.4786044,0.13823374,-0.5636201,0.79396677,0.8947883
0.16174522,-0.18563046,0.7697305,-0.17601016,0.5187747
0.7349236,-0.649166,0.15566155,-0.69391656,0.5898684
-1.5829307,-0.16387038,-1.3020197,-3.7987592,0.28441954
1.3004136,0.22152019,1.563618,-0.59439325,0.6301168
2.2396135,0.20727468,1.4533001,1.393756,0.8251292
1.4874027,-0.013968339,0.9091451,1.4052478,1.2822142
0.7601088,-0.44445243,0.11012646,2.3141673,0.6821501
1.7552917,-0.47874156,1.434901,2.4057126,0.1918948
-2.2032003,-0.111545764,-0.84307283,-3.9239118,1.4641806
0.6540058,-0.046447776,-0.4182577,0.5423778,-0.8143207
1.3373461,-0.15072396,0.33676332,-0.5023053,0.73044866
-0.992489,-0.77643883,-1.3814056,-2.7464309,0.22311573
0.8822465,-0.2887272,1.2315934,-2.5655632,0.105484225
1.6358851,-0.0660988,1.0090232,1.5364459,0.88853866
2.3917384,0.005985796,1.073879,1.7149626,1.2487056
2.2146752,0.12162533,1.1549231,1.8832331,0.9466612
0.3366698,-0.47342408,0.11119888,-0.81663024,0.47638455
0.26682582,-0.5513953,-0.40786865,-1.2189876,0.3052056
0.4389921,0.040961277,0.34255302,-1.3659093,0.6128264
0.97591746,-0.5234367,0.715021,-1.4628483,0.78772414
1.2014515,-0.29067075,1.2475522,0.525907,0.28928056
-0.051094033,-0.11618986,0.52746236,0.13962236,0.7931477
1.7788233,-0.12547877,0.9483418,2.7608185,1.3024366
1.3866446,-0.18196124,0.76591575,0.8081539,0.47573563
1.1571304,0.079425395,0.5527564,0.7886473,0.76084304
0.51081896,-0.576311,0.38076404,-1.1423384,0.3207926
-2.238867,0.041563272,-0.047037803,-1.1124845,0.095981725
1.2932996,-0.8149836,0.99209887,1.8620329,1.5119815
0.8961473,-0.46798322,0.14936192,-1.4849216,0.50477535
2.7235727,0.03213633,1.5119332,2.5804935,1.0046862
1.3221462,-0.13648795,0.4786004,-0.14502941,0.073701106
1.1589332,-0.3970924,0.8727106,1.1894598,0.9422062
1.7156751,-0.028068647,0.60554135,-0.4901946,0.7709798
0.94551677,-0.097922236,1.3972973,0.9460164,0.94946015
2.8442404,0.60801727,0.95672375,1.5482925,0.28134304
-0.2712066,-0.23132905,0.4066416,-0.4819804,0.47814023
1.7238669,-0.37053213,0.66961765,0.4994539,0.9348038
0.39337784,-0.3215974,0.27332416,-1.2980629,0.33352163
0.66034555,-0.4202125,0.19732785,-0.6620476,0.7009502
-0.18086205,-0.6204282,-0.6658613,-1.7439092,-0.23848228
0.66036326,-0.12129188,-0.25163323,-1.3283983,-0.16327652
2.5047648,0.1635194,1.32857,1.3648549,0.8051891
1.1873447,-0.3698631,0.55059975,0.77846026,0.65146154
0.8541226,0.18941611,0.9043814,0.80817163,0.35594618
-0.52025235,0.7328429,-4.279639,5.871732,2.892054
-1.9650301,0.35748976,-0.56594074,2.0480294,-0.80751044
-0.91345876,-1.245128,-1.2693629,0.9221076,2.1756773
1.5489002,0.033512287,0.30981112,2.9621992,1.4115564
-0.65133995,-0.36769673,-0.7263455,-0.17197213,0.53101563
1.6232786,-0.040158115,0.87972164,0.62642694,0.08284412
-1.3757952,-0.37786633,0.10942886,-1.1082631,0.73609567
1.3597207,-0.34366184,0.63393533,-0.11905032,0.9472318
0.12020812,-0.3069661,0.39735484,0.5127533,0.043298032
1.6426579,-0.21504931,0.6330779,0.23295715,-0.07356023
-0.07348655,0.73396707,-0.4419135,-0.63804144,0.47039068
1.5767342,0.12341886,0.723913,0.5569352,0.14442566
1.8029647,-0.08464224,1.0317374,0.018190382,0.83450747
1.7102511,0.36372972,0.89902437,0.8522841,1.0231874
1.9065942,0.5875172,0.2921748,1.4243492,0.31903055
0.7951579,-0.650861,0.06159129,-1.5162885,0.6257249
0.55076015,-0.47208095,0.18284704,-0.5417663,0.46357685
2.2179947,0.09311139,1.0163691,-0.19844253,0.74247676
4.6882544,1.9705937,0.9380593,0.7326346,0.32030347
2.7004225,0.6285695,0.33719695,2.845871,0.92084205
2.0720048,0.10985945,1.0368966,-0.7986552,-0.36939812
2.7043965,0.16205084,0.5353802,1.0168388,0.43274975
3.525542,0.71364653,0.9455831,3.1443532,0.9775981
1.0217593,-0.32370877,0.65672415,-0.02688923,0.22063889
1.1213893,-0.24993727,0.016871806,0.13004543,1.102071
1.4119488,-0.6041863,1.1151149,2.3492234,0.6384694
1.7166514,-0.016338512,0.94986457,0.21490234,0.89828783
-1.199929,0.97318506,0.6362792,0.86621046,1.8255783
0.7596733,-0.6444588,0.54406506,-1.7242361,1.0423256
0.3665862,-0.31097692,0.010115384,-1.779283,0.2899676
1.1991602,-0.36570415,0.5274432,0.17864382,0.61437625
1.326065,-0.07817973,1.1431013,-0.5139941,0.5398722
0.44237083,-0.13930254,0.66456616,-1.9908515,0.31416792
2.2520409,0.21957622,1.4730023,-0.024301704,0.021962758
2.4134734,-0.12471625,0.83979166,0.46068954,0.6940064
-1.4015414,0.068830654,-0.8161495,-3.442112,0.94455713
1.0125085,0.515627,0.79778767,1.677397,0.60494083
0.60074663,-0.6512314,0.0455769,-1.6781032,0.84932667
0.9765373,1.8610007,0.43335414,-0.5007508,0.6220863
2.0154798,-0.3315717,0.96233785,0.9128504,0.57292086
-0.5422072,-0.5051176,-1.3635167,-1.9458245,-0.053578466
0.39488813,-0.117994435,1.0993015,-0.92289275,0.6296555
0.63861954,-0.34779015,0.106620386,-0.4601104,0.02203449
0.13488044,-0.19049904,-0.080557935,-2.6314104,0.6369266
1.3468136,-0.20871855,1.1570646,-0.31663534,0.1935472
0.81574297,0.09283216,1.5171007,1.2789979,1.372058
1.4952031,-0.038294904,0.73474514,-0.81865203,0.67089576
-0.5911757,0.018506924,-0.3062221,-0.14507465,-0.13913214
0.7083048,-0.8529783,2.7575924,-2.5224917,-7.462047
2.2668686,1.3573759,1.0935823,-0.601645,-3.1846719
0.7830624,-0.8521209,0.3115026,3.4097083,3.5528078
0.70492375,-0.40625376,0.62007415,-1.3491018,0.48183137
2.4962893,0.25901484,0.6917724,3.0915148,0.8259643
1.0909625,-0.3933021,0.06693997,-1.1846106,0.34990326
1.440083,0.12088485,1.3175513,2.0234282,1.2313268
1.5131259,0.15647176,0.5508702,0.4053323,0.13487141
2.0905087,0.0071048727,0.5340449,0.1614,0.35918844
1.7582922,0.032883465,0.57714003,-0.7433423,0.020514246
2.3950899,0.13729872,1.5732459,3.8866208,1.4976423
2.1718068,0.030193238,0.9246873,-0.27394015,-0.035465192
2.779784,-0.19806118,1.0452946,2.461595,-0.030702224
1.1257393,-0.16379291,0.79787016,-1.220558,0.71158993
2.2325342,-0.2552003,0.8361351,2.3680253,0.92567354
1.8879986,-0.17216174,0.8668883,1.4918312,1.393926
0.6978835,0.5200454,-0.034254335,0.9575724,0.6992572
1.4043558,-0.12376987,0.6227428,-0.873149,0.4668455
1.965658,0.09446429,1.2389438,2.162939,0.59083074
1.5660102,-0.26481068,0.7917768,-0.109829344,0.64850634
1.7715743,2.020381,-0.534647,-1.2425965,0.7183703
-1.9285927,-0.30063537,0.07713335,-0.62106,1.1432348
2.0185323,0.028399749,1.017714,0.14537658,0.10523446
3.1606722,0.4250381,1.131166,0.36297873,-0.02401107
1.0413913,-0.12216467,0.20766403,-1.080545,0.42779946
-0.30535847,-0.13597903,-0.860113,1.7093798,-0.50851476
2.2883463,0.1155176,1.4513298,2.680788,1.5348809
2.2404146,-0.04403533,0.7362016,2.067068,0.50496197
1.036222,-0.44382662,0.24257146,3.8203032,1.2401211
2.6204417,0.067358784,1.3053347,0.93899024,-0.25800812
1.4069171,-0.049534034,0.62299055,-0.60848475,0.8328598
1.482443,0.17766215,0.23113512,0.67916584,0.29575846
1.0247824,-0.21032718,0.5091445,0.9058494,0.67587036
2.4912517,-0.011619921,1.4369222,0.2748026,-0.031030642
1.2191744,-0.12782562,0.29163474,0.68908876,1.1995414
1.7848077,0.19579917,-0.033750378,1.127473,0.17695653
0.28913715,-0.15527728,0.42967433,0.68711877,0.35032064
1.2097771,-0.17918068,0.44544262,-0.49751887,0.63365257
1.4650819,0.0013011694,0.2371647,1.2893245,0.19666448
0.8404113,-0.2980848,0.030702863,1.4280853,0.428311
0.5599007,-0.13280207,0.38781205,-0.024194505,0.62793034
2.1142669,-0.27618235,1.337574,2.920232,1.1779529
0.978982,-0.44569004,0.25526336,-0.51901555,0.2625996
1.9520525,0.12417573,1.4635934,0.10139612,0.18225949
1.8242675,0.026085617,0.019491248,2.435021,0.25864762
2.3075743,0.9643283,0.77172494,1.7462158,0.42493764
1.0388737,-0.53852683,0.4652747,0.9655063,1.1351707
1.6979146,0.22247905,0.705613,0.35143602,0.59281343
-4.7712483,-0.72946095,3.3813248,-5.0874095,-4.8439584
0.25278378,0.8395256,0.2504364,2.1093879,-3.3293111
-1.2841082,-1.083139,-1.8941464,3.4762535,3.3069322
-0.7665451,-0.39204222,-1.1609943,0.69656974,0.8973752
0.278882,-0.45405853,0.10888189,-1.6983098,0.35121676
1.0352364,0.6317948,1.191169,0.60609174,1.1781471
0.874551,0.4423161,0.89615995,-0.8053291,0.14029284
0.19699234,0.2974053,-0.031784385,1.1088555,1.0733323
1.518272,-0.28587955,0.56262326,0.5013575,0.6399716
2.4744916,-0.0012102723,0.94770354,-0.33930814,0.19470958
1.7759215,-0.25866163,0.5606782,0.89142466,0.065568395
-0.6627202,-0.77467835,-0.21881989,-1.5900576,0.11351748
0.4555838,-0.5889019,0.08212527,-0.042375036,0.077889316
2.0102952,-0.042630773,0.7822157,0.9196213,0.31544685
1.3595983,-0.33075422,0.88823533,-1.3808354,0.66680473
2.2858508,0.55013174,0.33720598,2.0818167,1.1547219
3.9319708,1.3912076,0.91575605,0.9132926,0.3215038
0.6383816,-0.36887679,0.44731134,-1.4889653,0.76591015
1.9320582,0.39737,0.42345893,-0.62663925,0.060590237
1.3789561,-0.54690546,0.75760645,2.0367785,1.796319
0.73836607,-0.41881427,0.50436085,-0.8269307,0.48931554
-0.20738663,-0.26946697,0.3457637,-0.9370249,0.8432811
1.8878031,0.102195755,0.60587734,-1.1152143,-0.04941876
1.8861756,-0.16994508,0.7146636,0.14582208,0.27130115
2.3687017,0.07195229,0.5679616,-0.5960371,-0.119122155
0.18049489,-0.14755012,-0.71507645,-1.3117168,-0.35359055
1.441031,-0.15163124,0.8289814,0.14991425,0.5550537
0.88829714,-0.40743256,1.1696783,-1.6399053,0.41808283
1.5028257,0.11535223,0.51474166,-0.55137223,0.46627092
1.5046005,-0.25439078,1.0807751,-0.67065644,-0.05245665
-0.17469704,0.18942444,0.2499246,1.2488062,0.47667915
0.9219322,0.42782223,0.6723119,1.9134102,1.2400427
1.4007739,-0.20203225,1.0320548,-1.496971,0.62721765
2.1919243,0.9833047,0.7290639,0.86308515,1.2331463
1.7467518,0.02532,1.1459347,-0.05284117,0.79361665
-0.18735577,-0.5414707,-0.26449817,-2.2307096,0.6287994
0.5070833,-0.37005687,-0.13826078,-1.6149515,0.34565687
2.4292212,-0.22153449,1.6417904,4.046999,0.10256996
1.496888,-0.40941882,0.4758502,-1.333343,0.68847996
0.9676866,-0.23891999,0.6573644,0.1348034,0.67342407
2.8677874,-0.034230515,1.5184948,0.5072963,0.4558263
0.882062,-0.22059557,0.48556298,0.22535919,-0.16742833
0.56497943,-0.6275764,-0.009249031,-0.6988071,0.78431886
0.6459784,-0.51858383,0.29870203,0.3059823,0.43456
1.1634822,-0.65999776,1.0261267,0.4823806,0.33027932
0.93311805,-0.25886443,0.23159257,1.8735046,0.50847757
1.5909295,-0.22711842,0.98338413,0.032055426,0.77397156
0.29667562,-0.3855233,-0.81480426,-1.4580004,-0.028592547
0.64887255,-0.5205128,5.2304897,0.09066353,-7.8162403
1.3327861,-0.32061312,-3.0790977,0.83070093,-1.0995295
-1.9440346,-1.3743172,-0.70646125,3.8848615,3.599635
-0.49588317,-0.35284764,0.47511566,-1.3792645,0.79528946
2.825061,0.66524434,1.1092765,2.2220123,1.2830689
0.78623176,-0.45093748,0.26391736,-1.2942618,0.4191016
2.5242932,0.13009888,0.9148894,2.2701104,0.95953953
1.0002141,-0.2592424,1.753637,1.412477,0.94754004
2.0418944,0.30092153,1.5317316,-0.1178023,0.21975738
1.0981048,-0.48857713,0.45321733,-1.3404675,0.4124801
-0.6966422,-0.80087787,0.40114585,-1.9087632,0.38086417
-1.4429985,0.22127622,-0.2548693,-0.4741349,0.7066372
-0.5685334,0.6056993,0.2045693,0.8711716,0.9180334
1.8113455,-0.08850701,1.3512096,1.444492,0.92812127
0.780597,-0.41223603,0.985686,2.2324483,1.0021509
-0.3742079,0.6741586,0.28795612,0.012007265,1.5694067
1.063768,0.060042612,0.22159299,1.0068187,0.119766034
-0.63377607,-0.087827876,0.37169865,-0.5707136,1.5301898
0.017574456,-0.42321122,-0.17587267,0.33630785,-0.05691798
1.2732512,-0.16849235,0.660579,-1.0976348,0.27699184
-0.48424083,-0.44417495,-0.6099885,-3.102152,0.68483305
1.5755676,-0.3135535,0.61225796,-0.7644573,0.21725719
1.5207695,0.08499805,0.53811413,-1.436012,-0.04819496
2.1944408,0.07918759,0.23340994,-1.0722208,0.18744747
3.590003,0.15208413,1.439717,4.9777265,0.89386016
1.3208219,-0.18445277,-0.006327212,-1.1231389,0.2329833
1.5030831,-0.2856562,0.7740043,2.2841563,0.90333545
1.7650746,-0.21613093,0.9808858,-0.2544361,0.52307045
0.84562415,-0.5988098,0.1790094,0.64459676,0.70505995
1.2531637,0.20957917,-0.16534477,-1.7607234,-0.30257764
1.2265799,-0.30716738,0.77170575,-0.36505753,0.86902416
2.2880723,0.0720554,0.9695783,0.19029866,0.1668493
1.4177274,-0.37365764,-0.049454518,0.67020226,0.746353
1.5679638,-0.017653685,1.1595919,-1.4840598,-0.1802752
0.55569017,-0.64331764,0.3709526,0.052365173,0.9155676
1.2002579,-0.020643443,-0.13843292,-1.0565369,0.17906441
0.33200654,-0.53460306,0.7702789,-1.522222,0.3610463
1.4515076,-0.29438004,0.025063083,0.08331603,0.601709
2.9936948,0.9302063,0.56055486,1.7259829,0.45203137
2.340819,-0.34744814,1.0204096,3.967078,1.0556662
1.9744674,0.03555104,0.60687065,-1.1032029,0.3938587
0.37361968,0.57768923,0.53723717,-0.5580295,1.0257674
1.0553602,-0.45376742,1.1050363,-0.7779206,0.40594319
1.1525255,0.11701645,0.32640764,1.138644,0.9571161
1.8604236,-0.13841103,1.1223805,0.8896773,1.2539997
-0.3286062,-0.6787641,0.097521104,-1.7279582,0.42178977
-1.9835435,-1.0347226,0.3861774,1.3622571,0.44248694
2.341137,-0.33570397,0.30303383,2.5953815,1.0253938
3.4880583,0.7251829,1.8877283,6.904268,3.211157
-0.44385758,0.28279987,-1.3741035,2.462395,-2.4188962
-1.524246,-0.45360976,-2.9260612,5.8037686,1.5527222
1.2217772,-0.05227101,-0.22039157,-0.7736812,0.35661674
3.2161157,0.40730163,0.9706841,3.9865317,0.13515748
1.8078662,0.20017721,1.1228139,0.44230688,0.4002263
0.74913514,-0.51392776,0.3645938,-1.6911426,0.59240395
1.1687828,-0.38293642,0.38633814,-0.9190631,0.42992854
1.9748179,0.54654086,0.37331066,1.5613515,0.29760346
1.3537694,0.6074151,1.5199318,2.348296,1.1791652
3.6214697,0.30618155,1.5431725,3.5850487,1.440172
2.703147,0.9757055,0.61451495,1.4008322,0.42819348
0.7743732,0.29360348,0.2682811,-2.138096,0.09627903
2.2853508,0.13814703,1.1456504,1.2378559,1.1482043
0.37224746,0.47800565,0.716913,0.66388303,0.73831105
1.5679293,-0.2391115,1.1861435,0.86807775,0.7362088
2.6832857,0.63794583,1.2895122,1.4718735,0.37783542
-0.8959929,-0.17704545,0.056529116,-0.69289315,1.2977211
1.2255813,-0.4672407,0.530597,-0.9263342,0.5809303
2.4463365,0.033251222,0.4495841,3.1897454,0.14712644
0.42495245,-0.2832147,-0.15459596,-2.4757042,0.47491306
1.3250356,-0.04835389,0.2680048,-1.5126976,0.48999643
2.9782712,0.74103725,1.5457746,1.2561913,1.0897797
1.2273258,-0.25531673,0.22910032,-0.14417282,-0.020547953
2.2462728,0.36006466,0.17327948,-0.26921585,-0.035698544
1.4270998,-0.50282353,0.772383,-0.79840165,0.7951047
0.5737349,-0.72242254,0.33639202,-1.0478773,0.91732794
0.42148995,-0.0036901233,-0.5089996,-1.597903,-0.2445611
2.143276,0.05063431,0.6748319,0.014713793,0.115825035
2.0946932,-0.101728804,0.56932163,-0.4365113,1.0525488
1.7748135,-0.16249776,0.8208474,1.015473,0.7924188
0.9353546,-0.42902228,0.6438312,-0.18667564,0.54063165
-0.5828185,-0.3011121,0.064132564,1.7063078,0.7637061
1.3409733,-0.22941647,0.17040095,-0.90203834,0.5343791
1.421622,0.16004685,0.8567259,-0.49615017,0.27564633
0.9910018,-0.33250555,-0.024764108,-0.16090533,0.47126943
1.4731095,-0.5535452,1.392072,3.0045664,1.5521698
1.4476037,0.1738403,-0.9287671,1.1376066,-0.41376066
1.002959,-0.43749523,0.2822859,-0.7961606,0.18437512
2.5454757,0.16316397,1.7101009,0.1347562,0.09201996
2.0709229,0.4447521,1.4904041,-0.708544,0.1104027
2.1944125,0.5913895,1.3510993,0.5688691,0.22711098
1.6035011,-0.28702986,0.68484616,-0.86040896,0.84123105
1.6263857,0.08808087,-0.1372835,3.7713492,0.31390867
3.692438,0.22959636,1.2340136,4.7136636,1.281331
1.7491558,0.31110406,0.9375328,0.040780824,0.346591
-0.0005218014,-0.5401225,0.02538924,-1.6884362,0.19450477
2.5360572,1.4015799,0.5077016,0.8050971,1.1276103
-0.7953251,0.24303418,-3.2894218,3.4190915,1.1260113
0.06594531,0.69127566,0.079037026,1.4733065,-0.22009873
-0.37270135,-1.037966,-0.63457,2.5064535,2.4111156
5.11343,1.6328244,0.8377243,2.4511986,0.9669907
-0.4233901,-0.58563375,-0.2597234,-2.753823,0.01414287
0.32578853,-0.31994566,0.27316225,-0.68951935,0.3155739
-0.048106253,-0.08945376,0.18189584,-1.0010421,0.46741754
1.2046472,-0.1533266,-0.018775515,-0.28976116,-0.10266502
1.4759606,0.8318565,0.37652683,1.8173532,1.5740808
0.8549189,-0.5653385,0.45951036,-0.17731029,0.68393904
1.8772355,-0.20643668,1.0278723,0.5421399,0.31772307
0.25225157,-0.1980156,-0.9263606,-1.783842,-0.020757105
0.78036666,0.32779986,-0.4356281,-1.9420631,-0.3384127
3.0119517,0.012865953,1.5030036,2.5860708,0.19011362
2.512277,-0.34852627,0.664409,0.9695252,1.2618697
-0.13603619,1.10416,0.5153539,0.36261684,1.5147156
0.29200363,-0.69877875,0.11392809,-1.5960536,0.67744505
3.008415,0.17240635,0.73395586,3.8719678,1.1222471
0.40758038,-0.58086264,0.6051239,-0.29309192,0.33077016
1.5601988,0.25447983,0.9711766,0.77133006,0.65633875
1.6942194,-0.5096466,1.138186,2.535635,0.73441744
0.8984945,-0.3443137,-0.3115162,-1.5803701,0.47165477
0.86562526,-0.3279091,0.107675835,-1.7160327,0.28008565
1.2597053,0.3331718,0.9151312,0.94830203,0.90907377
1.7974105,0.28530034,0.43779454,-0.06596366,0.78522396
0.2018563,-0.36449757,-0.44256544,-1.8535635,0.119399585
0.94619393,0.2867288,-1.0210487,-0.8274585,-1.0402334
2.1940885,0.07472078,0.120093115,1.0750806,0.28793418
2.4384367,0.37110385,1.1702582,1.8333682,1.001046
0.6511568,-0.28794226,0.36263648,-1.8003205,0.1276895
1.9340713,-0.065172285,0.7998564,0.03945018,0.19781649
1.5917491,-0.072843336,1.3895206,0.7094336,0.988856
1.1073134,-0.10488424,0.9893645,-1.7566751,0.48362598
1.6910264,-0.21285775,0.67703295,0.64747137,0.56799906
1.2405982,-0.073361866,0.56747735,-0.60097057,0.06137499
1.1089122,0.08569031,0.8222253,-0.75734854,1.1716722
1.3790733,-0.022286437,0.62291926,0.13625401,0.3104537
1.4903597,-0.39840817,1.3503714,0.38657618,0.4645627
1.0628743,-0.5489613,0.38076064,-2.4932232,0.63017726
-0.3312718,-0.32918715,-0.048797682,-1.9283632,-0.03520332
1.0117648,-0.26929215,0.31156942,-1.2018667,-0.12395333
1.9756085,-0.058995396,0.79834723,1.0828084,-0.1266498
0.39485088,-0.39843407,-0.10997357,-0.1651391,0.50499916
2.5114062,0.32076913,1.7197474,2.8939292,0.76599914
0.7173791,-0.46521142,-0.030243073,-1.5607226,0.27208757
1.2126006,-0.052392896,0.9527836,1.3922617,0.5937543
1.7894393,-0.0010532141,1.0512064,-0.17500311,0.36880276
1.7732837,0.18352535,0.6450076,0.9611886,0.49035844
-3.0142348,0.69869363,-5.392949,4.413298,0.2143828
0.39513838,0.6507913,-0.18628609,3.1253777,-0.6166543
0.48009333,-0.7833219,-0.03382512,3.3705566,2.6598272
0.6502708,0.13250498,-1.2320254,1.6988512,0.60751694
1.0366002,0.5466824,0.039674405,0.9824466,0.49245456
1.078892,-0.26997292,-0.20216304,0.47053808,0.6624321
2.702965,-0.100275196,1.7541187,3.8966427,1.4262619
1.6980444,-0.11124092,-0.018558078,-1.2870756,0.43842152
1.4802146,0.2559219,0.5944619,2.2046127,0.5370522
1.644912,0.03023019,1.4923973,1.1565589,0.8600783
2.4323964,0.6200988,0.6183851,-0.25956956,0.048578694
3.6166618,1.4588994,0.19903547,0.8750851,0.7362166
1.3765765,-0.38112825,0.44850203,-1.2758554,0.55435306
-0.6663217,0.116163634,0.09616895,-0.43944255,0.5186287
1.9531492,-0.7970979,2.1768203,5.151325,1.0754752
0.9951193,-0.5604697,-0.12361841,0.45578098,0.78487504
0.94657564,0.20383306,0.7804034,-0.12996675,0.023852909
0.92255074,-0.4018014,-0.3846152,0.59902686,0.17302945
1.6561801,0.98737085,0.6177176,0.83610463,1.531368
1.4593102,-0.5436179,0.9709202,0.21194121,0.29114288
0.81944376,0.8892678,-0.19604488,0.5378236,0.8710119
0.9014092,-0.4372974,0.47026256,-1.4777901,0.5356483
-0.36025757,0.65475667,0.035840947,0.96511126,0.6670034
1.558367,-0.046544038,0.8674217,0.15255876,0.5988824
0.054610815,0.19605121,0.31095463,0.24742924,0.5873216
1.6333857,0.0674014,0.42858768,2.3840022,0.3652313
1.4456246,0.21396472,1.1697494,1.1599202,1.1746318
1.8084946,0.59395486,1.421968,2.0327106,0.94021624
0.36544877,-0.44023085,0.6648818,-1.0488539,0.996419
0.22032793,0.58783346,0.17420238,0.111858234,0.73384655
0.13284262,-0.2819774,0.09269229,-2.585811,0.47895676
0.7276167,0.21431711,1.1461661,0.1719259,0.22168198
2.5123563,1.0419481,1.0511408,2.6646554,1.4523555
1.944367,-0.21641302,0.3883509,-0.017677007,0.10120011
0.027960716,0.5523187,1.166385,0.93070424,0.9206202
-0.33821508,-0.33003318,0.30957904,0.9851095,1.0585699
2.6652315,0.09615214,1.2976723,2.8801467,1.3213228
1.7886692,-0.20993963,0.32976103,2.0690565,0.17769718
1.1193788,-0.2234397,0.31203133,-0.88180333,0.44267014
2.1964376,-0.19136655,0.76733583,-0.67881095,0.29504204
0.8322276,-0.23048908,0.007953464,-1.6998026,0.04121429
3.3750522,1.765402,-0.27875784,-0.08809668,0.9565844
1.6027721,0.03754151,1.5567012,0.32436964,0.3520282
-0.5454469,-0.46361774,0.80058223,-0.8590645,1.1270434
1.0938766,0.29946253,0.85408914,1.8346565,1.5690329
2.7650175,-0.06796523,1.6045842,0.87017506,0.45755616
1.7250949,0.008098183,0.15489492,-0.7763735,-0.061467465
1.7663597,-0.20900127,0.80793023,1.6106119,0.7422461
-0.7358801,0.35932118,2.4710917,-0.7973431,-2.4633772
1.8080665,1.6068978,1.254824,0.2111112,-1.7801428
-1.9851568,-1.427552,-1.273717,0.29590052,3.237118
-0.62433976,0.62540996,-0.24596949,1.1811306,1.3226087
1.3498601,-0.19643342,0.5902373,2.1352053,0.84666264
4.769941,2.435549,-0.3483789,-0.39714706,0.1055525
0.47829652,-0.7746947,0.9995742,-1.0405086,1.033846
2.0056171,0.04605022,0.87206084,-0.8498899,-0.18793143
2.069069,0.36610627,1.1501503,1.6126664,0.35817307
1.8284588,0.014101258,0.81951123,-0.78655857,-0.19239174
2.702429,0.5933501,0.87138504,1.140025,0.38708064
2.3026156,0.27154294,1.2109692,1.9512208,1.0252064
1.4241173,-0.22763848,0.66065824,-0.5228216,0.6120887
2.1877494,0.5310882,1.1542845,2.857856,0.81407714
2.6578846,0.68284833,1.8284892,2.2751515,1.5411241
0.77027845,-0.4312292,0.84937954,-0.16633104,1.1187632
0.9405771,-0.5604916,-0.05119967,-1.9607642,0.27457905
-1.073356,-0.59835756,-1.3741744,-2.6553507,-0.39719155
-0.06250896,0.24894577,0.74954677,2.0095425,0.60435426
1.6058455,-0.25594336,1.2458022,0.8181813,1.3674444
1.7310786,-0.15958653,1.1020893,0.537096,0.28329262
1.1158711,-1.0503067,1.9152591,5.3527765,2.0398147
0.9879601,-0.19182326,0.4004327,-1.8107024,0.42133266
1.601499,-0.29423085,0.8515236,-0.88856775,0.275521
1.4118228,-0.19231571,0.67063904,1.1378089,1.0379822
0.92417014,-0.54721534,-0.027833143,-0.21556517,0.41211283
1.2983907,-0.21083269,0.54057306,-0.51776487,0.45389432
0.87838507,-0.5560587,0.3718503,-1.1656035,0.3630373
2.305357,0.40473783,1.1572022,1.647989,1.1315938
0.0012360513,-0.5342919,-0.12620263,-2.0606182,0.23753251
2.4685357,0.60638404,1.686349,0.44115248,0.48144603
1.7760961,-0.38612977,0.74244004,-0.3011204,0.88276815
1.8405874,0.08631402,0.8246262,-0.50919294,0.21893637
0.8834581,-0.38181362,-0.13264845,-1.4707772,0.22019812
1.5377684,-0.37209636,0.34684148,2.2420168,1.4883035
-0.36299416,-0.31398165,-0.5979058,-2.9402306,0.3801893
2.2307653,-0.056460198,0.75431955,-0.51742166,0.13975182
1.9705186,-0.27374578,0.94857675,3.4810872,1.1747404
2.9255497,1.5856588,1.3628104,0.34599897,0.8429244
-0.13277893,0.7908306,1.2816582,-0.13463129,0.3370465
2.412904,0.039918207,0.9601566,0.15527408,0.46649733
1.1051146,-0.18655103,0.13256013,0.20835856,0.69388807
1.6617165,-0.34877214,0.6721943,-0.39567304,0.042031884
2.317,0.3983216,1.2264905,0.98740095,0.74452627
3.3370368,2.2111018,-0.96750104,-0.4317275,-0.49608946
2.5191169,0.2836289,2.2086105,3.170436,1.4461603
-1.8818718,0.119030215,-1.0297005,-4.656802,0.75749713
2.776075,-0.37865555,2.5140588,3.5534713,0.2576469
1.6810545,0.3184794,-2.2756402,4.6369133,-2.3525045
0.7928759,0.72616786,1.427174,0.7899643,-2.1012878
-2.726104,-1.3575718,-3.730155,3.5596712,1.9594111
-0.36445042,0.06932833,-0.5737875,1.5796087,1.0446509
0.58948755,-0.37047324,0.78314054,-1.6595916,0.5830003
1.343896,-0.12647253,0.6455426,0.61224425,1.4685082
0.42941463,-0.62566733,0.69700766,-1.3442289,0.8383235
1.9241519,0.35449666,1.0047815,0.7057237,0.6972792
-0.008146203,-0.5356812,0.37719023,-0.2205443,-0.3209049
0.51972353,-0.5633151,-0.19373146,-0.16113448,0.7711016
0.9621311,-0.5763205,0.35154423,0.05852467,0.02042177
0.10815071,-0.35072657,0.56416094,-0.68874377,0.11112609
1.8265597,0.030874513,1.124913,0.00901258,0.13226828
-3.1715274,-0.34027398,-1.8726243,-4.525062,0.16568689
-0.48392266,-0.7497778,-0.67263424,-2.3670928,0.78803766
-0.032111805,-0.06366584,1.1931498,-2.141335,0.099583946
0.41489172,-0.51657254,-0.067413345,-1.5004052,0.36510602
0.21083026,-0.45443505,0.21798083,-1.7107412,0.1949075
1.8787824,0.12805983,0.9522831,0.54050386,0.0515993
1.033086,-0.3000464,0.16728231,-1.7178423,0.10145334
0.84139943,-0.57188624,0.02897016,-1.5591054,0.12140638
-0.3724902,0.14434348,-0.2098223,-2.768886,0.9937343
0.3816533,-0.5128443,0.24881382,1.5425968,1.0338037
0.0450188,-0.30445403,-0.0018561482,-1.0095414,0.50942975
0.69441825,-0.6228385,0.3811093,-1.14679,0.38624933
1.0677692,-0.19673014,0.66738826,-0.92191297,0.32067072
0.8927971,-0.37890106,0.07687402,-1.2922851,0.21117741
0.95265967,-0.060512576,0.5867775,-1.1683735,0.29273468
1.1110226,-0.64310247,0.9969834,2.3007162,1.2788881
1.7433057,-0.040755346,0.41704655,-1.6188229,-0.2379577
1.7965456,0.04047968,1.1843882,0.5194491,0.9808544
0.89045787,-0.37819758,-0.1435798,-1.9753071,0.25309253
-0.19977851,-0.6175467,-0.71575606,-2.082085,-0.24000329
2.443372,0.9514965,1.7969167,2.0016644,0.6727806
1.0189757,-0.11599556,0.3446701,-1.4721425,0.8608339
2.0376627,-0.23388532,-0.04993469,1.1460621,-0.15040018
1.0084485,0.015395869,0.5555479,-0.75375193,0.5367896
0.42304626,-0.4448938,-0.25084516,-1.9736754,0.4566653
2.3548205,0.25911668,0.55690235,3.63985,0.6850188
2.0267606,0.046152443,0.94303113,2.0829902,0.77876914
0.8804302,-0.808436,0.98461974,-0.5899848,1.1348902
1.7262436,-0.3822859,0.5569646,-0.9759487,0.75236255
-0.11559217,-0.3680643,-0.06422769,-2.3975394,0.41904455
0.562576,-0.2393605,-0.4196817,2.764266,0.2666639
1.1309927,-0.23706047,0.27659637,-1.795001,0.69316936
1.4150853,-0.21364716,0.6840759,-1.2831968,0.21163025
0.124345616,-0.36252666,-0.19343589,-2.1184096,0.33188233
0.74863946,-0.47966212,-0.15606584,-1.7716283,0.11004058
1.3134146,-0.056325793,2.086485,-4.7387614,-1.7977782
-0.5662397,0.36858663,0.24475908,0.68457854,-0.46506646
-0.6469627,-1.0138731,-0.75785404,2.888302,3.048851
1.2197564,0.36501366,0.30200124,1.4302685,0.7659076
-0.9084579,-0.12811853,0.018399531,-1.3213483,1.2358879
1.8345128,0.1602307,0.7232571,-0.8856548,0.179971
-0.18607906,-0.01844553,-0.12658086,-0.061420012,0.116479285
0.05029358,0.33700275,-0.39779857,-2.427912,-0.1160774
-1.8812883,0.25050017,0.6876736,-0.60691273,-0.22216853
1.2458519,-0.6034757,0.4845557,-1.2999688,1.2897902
1.8522124,0.747857,1.8282503,1.4826465,0.22551219
2.2843144,-0.08627021,0.8282184,2.1472528,1.2202563
0.79131925,0.043972448,0.07049481,0.068381034,0.33167666
-0.22213133,-0.52883685,0.45237753,-1.6390185,1.3154329
0.7754224,-0.7002319,0.58573544,1.2809894,0.8458933
0.76319194,-0.15844211,0.26831055,-0.68079966,0.15578009
0.12295018,-0.41975465,0.44476128,-1.7881418,-0.15423223
2.0644112,0.14214393,0.7931424,1.2591237,1.114551
1.1806554,0.016700312,0.7938049,1.1211566,0.266078
0.11565052,-0.22198188,-0.24228953,-1.2374799,0.5074702
1.2821177,0.39813474,1.3354644,0.6677426,0.45593774
0.50578827,-0.6446152,0.41415894,-0.9216024,0.90935445
0.37252417,-0.41698343,-0.58551145,0.81741655,0.3560784
2.195531,-0.09484365,0.38345262,-0.27434433,-0.3214122
1.3319628,-0.5162839,0.51718605,-0.4159463,-0.11799259
2.5540943,0.72875804,1.3776847,1.0570428,0.48689026
0.72259104,-0.46103436,0.23353562,-0.3594573,0.8394651
0.97187984,1.2222276,0.71330994,0.26260042,0.91694814
1.6245357,-0.26552722,1.2948767,1.3934203,1.3552852
0.32324383,-0.7314372,0.2373889,-0.6798589,0.4073076
1.1161969,0.12675738,0.08975696,0.04657939,-0.06743866
2.063391,-0.2942017,0.9770749,-0.4174134,0.24167036
-0.9279167,-0.053817704,-0.2905659,0.44977897,0.94792855
1.519748,0.20899084,-0.20164782,1.3701193,-0.15696238
1.5080779,-0.49119815,0.4830041,1.5254526,0.7614182
-0.5187589,1.8148767,-1.1666592,-2.0330603,0.942802
-0.12208263,-1.0084052,0.38606757,-0.10922845,1.2956934
0.3541752,-0.6673663,-0.07382767,-1.6438816,0.39740327
0.4722686,-0.29240853,0.008140325,-0.6502722,0.4342593
3.2082798,0.75954807,2.2213855,3.5698712,0.52803063
1.3453876,-0.24759686,0.26784968,0.9581679,0.12559368
1.2604215,0.09412785,1.166366,0.5532305,0.83851606
2.4015212,0.008414684,0.7983167,-0.30956382,0.3771191
0.8547357,-0.3871686,0.7395566,-1.4565457,0.9528816
1.0738634,0.10913297,0.84430134,1.1923769,0.9094511
2.6421883,0.025528017,0.36853567,-0.48680627,0.11848261
2.241517,-0.071493655,0.6085721,0.2834605,0.11982912
2.1422143,0.34466082,0.62254816,-0.28534865,-0.06819489
-2.5674627,1.091912,-4.433708,3.4044795,2.2105322
0.857415,0.4253823,-0.19280857,-1.4296943,-0.13666558
-0.40223372,-0.7837043,-0.5167843,2.9445155,1.1957881
1.0332853,-0.058890797,0.27823475,0.6799267,0.41356277
1.5944735,-0.17897812,0.8882805,-0.49581882,0.15124282
0.5581724,-0.44840884,0.17992096,-2.0426617,0.022561694
0.69491136,-0.4507516,0.3456573,-2.1412537,0.34448075
1.5692235,-0.17391983,0.39596814,0.7608341,0.07797661
1.8075593,0.13443732,0.71163744,0.16862248,0.027107736
1.9029218,0.7717453,-0.41385445,2.0869358,0.17735322
0.44364262,-0.44771612,-0.3256117,-2.077579,0.50575256
2.5513759,0.28964254,1.497606,1.0931453,-0.019609358
1.7830702,-0.07114261,0.615015,2.5678115,0.9175965
0.86624485,-0.3420383,0.56253725,-1.478801,0.21345809
1.9844593,0.0594597,0.7074236,-1.2959439,-0.18662472
0.8822935,-0.14347403,0.96737003,-1.1572161,0.43763867
2.7620418,0.23918357,1.696509,3.8352952,0.9376184
2.3197682,-0.23659313,0.9410067,1.8743105,0.13026322
0.6448611,1.3555748,0.14058113,0.17717063,-0.4908129
0.7224289,-0.21515773,1.1609086,-0.9061826,0.64721495
1.7595662,-0.11531527,0.72483695,-0.13942173,0.3674867
0.19969231,0.24751672,0.5132502,-1.0599539,0.76796395
1.0350748,-0.31674665,0.82635444,0.3776867,0.48033488
0.98820347,-0.41564286,0.113081016,-1.0294358,0.4460832
1.197339,-0.17685327,0.7606604,0.89832157,0.7142356
1.3520147,-0.18540105,0.8605549,0.09729801,0.39153945
0.97820216,0.23553962,0.1917849,-0.39393055,-0.09631533
0.08222438,-0.73485583,-0.49517027,-0.49994454,0.34834954
2.3092575,0.47073966,0.20625424,2.6894343,0.2158321
2.6717944,0.18849821,1.4693202,1.5874094,0.70078266
1.2881587,0.09933264,1.0759866,-0.10442029,0.7142995
2.7267,0.3193684,0.8963396,3.000706,0.39745513
0.23073004,-0.27071178,-0.5016991,-2.99787,0.20788558
0.31395742,-0.27327883,0.50910145,-1.9428344,0.5752457
1.5714238,0.13870363,0.77706254,-0.04332704,0.28242326
1.3488644,-0.25523242,1.003397,0.28909537,0.4242982
0.87306774,-0.23612162,-0.13655987,-1.4710746,0.5552706
0.071418144,0.6017463,1.0078543,-0.9428551,0.7248872
2.6787767,0.16901344,0.50864536,0.7715876,0.9280375
2.2201662,0.07365421,1.3091592,-0.17857696,1.0088348
2.408916,0.31584096,1.6938992,1.8579429,0.78716457
2.1250522,-0.12614982,0.786989,-0.08826092,0.90718806
2.1594205,-0.031683635,1.056184,-1.1386223,0.2930268
1.2974207,0.096095815,1.2160208,2.0018194,1.0003191
1.7993206,0.08661739,0.8745674,1.7521393,0.9265318
1.466898,-0.31449345,0.81609523,-0.048881706,0.6326021
1.0887358,-0.15761888,0.091876924,-0.9024138,-0.006177783
0.72047305,-0.60719657,-0.1973539,-1.7126791,0.37609336
2.3719518,0.7617643,0.6841709,4.3055735,0.24958561
-1.0851856,-0.310946,0.8406065,2.3107753,-0.5709693
-1.3764056,-1.0858772,-2.5682075,2.5783625,1.645824
2.034498,0.5173027,0.29490006,2.0400035,1.3941623
0.5319093,-0.37507898,0.40300006,0.6367339,0.033552572
0.14523356,-0.64307487,-0.33784226,-1.1886277,-0.1985848
0.742306,-0.46595275,0.19542548,-1.2571939,0.44639683
0.8880764,-0.3256004,1.3633544,-0.84055007,0.065062806
-0.24156854,-0.616488,-0.25583175,-1.566093,0.19998483
1.4690018,0.16680242,1.066592,-0.6214012,-0.0145032685
2.567493,-0.1585744,1.1229267,3.4799104,1.2652072
0.4946296,0.11717737,-0.4938733,-2.1892414,0.44342273
1.8527498,-0.026617285,0.8580278,1.4669089,0.6716732
1.5393451,-0.1702469,0.69669324,0.8212419,0.66236645
0.6050742,-0.18851043,-0.09854711,-1.1529381,0.51397955
1.927895,-0.18819763,0.9738445,0.78133434,0.5097728
0.8370883,-0.5869474,0.85592,0.867492,1.5640286
1.3767706,-0.19255105,-0.010577439,-1.1242087,-0.062279876
2.5821068,0.093561366,1.0260127,1.5240612,0.6708093
0.54782194,-0.4443367,-0.00902593,-0.7392924,0.2757889
0.92976445,-0.17007975,0.09032432,-2.3272865,0.06839799
0.8577059,-0.18777011,-0.062217552,-1.6298916,-0.22105111
2.3541465,0.3293583,1.3287424,1.9481297,1.0767717
-1.6585433,-0.11161192,-1.1523325,-3.5809085,0.59523326
1.5541859,-0.38770604,0.32388404,-0.5238589,0.64761573
0.40015215,0.5718423,0.7208235,-1.79233,0.17656763
1.1483083,0.93681467,0.4852925,1.9469378,0.7155554
1.1459352,-0.49706322,0.60207486,-0.38414827,0.86088485
1.6138546,0.32816753,-0.16847132,3.3041873,0.62495863
0.6407997,0.43264842,0.49307543,-0.17911196,0.330523
1.3239995,-0.26693767,0.31815755,1.2760558,0.3927371
2.4003806,0.42649788,1.2280545,2.4084673,1.1385611
1.0710955,-0.016229138,0.6572739,0.30838275,0.6299881
1.1413873,-0.2699196,0.54826766,0.049399994,0.5192456
1.4272671,1.3238897,0.56193304,0.46097666,0.572514
0.8153275,-0.007442235,1.4283327,0.6982586,0.63766426
1.2049077,-0.5365465,0.09611572,-0.21811818,0.5925093
2.8131094,-0.0046333666,1.6052994,2.1542373,1.5138062
1.3823928,0.17989513,0.6954266,2.3309755,0.29801482
2.9108794,1.6760297,0.8701758,1.7105155,1.114179
0.7466298,-0.14779237,2.0166495,-0.9480338,0.66325873
1.5358,-0.040544346,0.41458228,-0.79447883,0.23543853
1.1160158,0.72049296,0.82728696,1.565361,0.8247173
2.411386,-0.019060351,1.2551858,0.48055565,1.295081
-2.8536654,0.55730414,-0.06136253,0.86156374,0.56210095
1.5293732,0.21383065,1.5050416,-0.47217128,0.65028673
0.32293317,-0.54225636,-0.22545084,-2.1550815,0.55475825
1.281445,-0.50559676,0.27393445,-0.13314825,0.6095791
2.424067,1.2130191,-0.30401206,-1.3552727,1.2393439
-1.2929475,0.058989733,1.376788,-0.30977523,-0.60944605
0.28845432,-0.3830995,-0.051138517,3.1905658,2.47202
-0.933179,-0.12466173,-0.54695845,-3.504357,0.508907
1.8110951,-0.4079675,0.44684047,2.7867222,-0.031340912
0.8932213,-0.17368269,0.11105619,-0.6842021,0.22478625
0.57617646,-0.43840364,0.4875288,-0.4458064,1.0823929
1.0231438,1.6345639,-0.1067257,-0.3247384,-0.1963499
0.059159294,-0.84376264,1.2977691,-2.2160451,0.77033985
2.2038713,-0.22547089,1.6159537,1.9870367,0.15734266
-0.09302493,-0.14640388,0.84068567,-0.66490346,0.50733453
1.3963867,0.31308338,1.0425205,1.2864257,1.215651
1.6919692,-0.16122553,1.145436,2.0806782,1.0847697
-0.2871934,-0.75103575,0.09816207,-2.3278708,-0.14787313
0.76102364,-0.6112593,0.16399722,-1.4565684,-0.13747884
2.3015292,0.052188456,0.8196491,3.5512354,0.7017699
1.4462849,-0.25022796,0.8687009,-1.2286271,0.27028313
-2.1750298,-0.27193904,-0.9953978,-1.2861507,0.5133972
1.4029689,-0.24628517,0.10393987,-0.6750498,-0.30213606
1.6728817,0.21639723,1.0663627,1.8500234,1.2915903
0.9588223,-0.5460194,0.9723536,-1.8806981,0.6343799
-0.035267014,-0.12691769,-0.0011732578,-1.3808529,-0.14687234
0.9624392,0.3048831,0.82351613,0.4089431,0.30606544
2.1239011,-0.21257952,1.0313559,-0.5871247,0.6020762
0.39858493,-0.24918911,1.118004,0.32665896,0.16575603
1.0166714,-0.81956834,2.6366477,2.1881828,1.279836
1.6924542,-0.16319227,0.5452498,-0.5676284,0.615241
0.034757417,-0.34702307,0.8449671,-0.25877494,0.715057
0.40872025,-0.56241703,0.6789207,-0.16907783,0.7706698
1.1896538,-0.058527216,0.92517316,-0.39636925,0.3757477
0.8521267,-0.24225412,0.64789325,0.48182407,0.70569134
2.288261,-0.12758338,1.2523953,-0.07501061,0.508151
0.96626186,0.11941491,0.6880548,-0.35090798,0.70313203
0.7579329,-0.41474766,0.16475026,-0.030643156,1.010873
0.09345597,-0.4347366,0.07748555,0.19129686,0.095453665
1.3513438,-0.46463716,0.3891852,-1.0381781,0.2945901
0.5355522,-0.49357715,0.12148149,0.71466726,0.50106966
-0.33767217,-0.84453225,0.10411766,-2.1567364,0.5395128
-1.3689442,-0.45479077,-0.81325454,-3.5010335,0.32105097
1.6554701,-0.1395275,0.50122374,0.42425138,0.47124004
0.41935572,-0.35883987,0.695206,1.0040439,0.75622666
1.6994833,-0.39543563,1.2334396,2.8710933,1.3775933
0.23670678,-0.2437365,0.15245003,-2.6213446,0.24731362
0.8744146,-0.58614874,0.22898595,-0.6944936,0.38290262
1.1798868,-0.21890211,0.37430233,-1.406365,-0.06094286
1.4054661,-0.047002986,-0.40822637,-0.34327602,-0.44118482
0.36097655,-0.580944,0.2067389,-1.3103892,0.45526472
1.0522406,-0.26304436,0.64278257,0.8610567,0.5592957
-3.6530411,1.106651,-2.2778034,7.380818,-1.6501554
1.3040835,0.9301617,1.7396938,2.6965895,0.3222608
-0.59105504,-0.56137013,-0.65484875,2.7763362,2.0100353
0.97374165,0.027163558,-0.20206338,-0.7327437,0.40743202
0.8273331,0.12316409,0.6653501,-0.9180755,0.6327559
0.75001675,-0.440216,0.12813683,-0.9593088,0.2855568
0.841145,-0.1884157,-0.08786461,-1.9440458,-0.1300532
0.35971957,0.009956356,-0.056016102,-0.10224092,0.29141942
1.1151911,-0.3640988,0.5329914,0.9347922,-0.09371996
2.1732435,-0.6192336,1.6191546,5.854465,1.6114916
-0.1231977,1.0066733,-0.0043159127,-0.13127574,1.2638718
1.0181593,-0.022943279,1.6114688,0.7192009,0.6157558
-0.09126883,-0.41611916,-0.0071018334,-1.854786,0.3831722
2.4020422,0.0813648,1.4003497,2.668507,0.67575806
1.4918458,0.7239455,0.6245766,2.0621247,1.6497402
1.344274,-0.39467865,0.74191314,1.0788119,1.1564641
-1.2626857,0.1668352,-0.9896152,-3.8607879,0.7584921
2.6282337,0.03938565,1.3040116,4.027612,1.2755911
0.045274302,-0.46365494,-0.01126939,-3.2476356,0.24402705
1.7953267,1.1388259,0.6650119,1.7402824,1.0897012
0.75461096,0.4941169,0.66374725,0.22304419,1.0750843
0.695933,-0.49659944,0.5016753,-1.2297419,0.45947778
0.28353122,-0.39752567,0.23540507,0.13440117,0.6808372
1.2501909,-0.1897003,0.76693,0.19572333,0.115649596
2.5769544,-0.20198488,0.87663764,1.989073,0.14143883
1.3716692,-0.06989157,0.57183236,-0.8176505,0.57209927
1.781322,0.03125985,1.2972304,-0.35230333,0.6450173
0.65116256,-0.5208507,0.17388533,-1.5484062,0.25692785
1.5568752,-0.14571649,0.5148356,1.2102367,0.30922574
2.387685,0.64088154,1.6370052,1.3799508,0.33198428
0.55927026,-0.6604319,-0.044053715,-1.8468283,1.0612558
1.2023064,-0.3531221,0.121359184,-0.531533,-0.25318587
1.0403355,-0.4499337,0.5776559,-0.8804098,0.5645183
0.69551426,-0.5694555,0.07161935,-0.855378,0.46566093
1.4783124,-0.1172471,0.5667215,-0.3351986,0.6124532
1.280479,0.32708895,1.1783742,0.29682493,0.76971114
1.0697947,-0.11899327,1.1529113,1.1900864,1.0674607
4.63514,2.2809324,0.13712722,-0.023147102,0.030197492
1.0156618,-0.15612437,0.15517348,-0.69669163,0.10082762
1.1312011,-0.5224408,0.31184116,-0.03842638,0.8457672
1.6341232,-0.30544433,0.36877567,0.7291568,0.22819905
4.2265162,1.0955582,1.1381104,2.7447119,0.75209826
0.6461668,-0.32636523,0.6686992,-0.5118959,0.47446808
-0.29590183,-0.40714633,-0.40442407,-2.4970114,0.303689
2.1969538,-0.1482834,0.9926872,-1.0049301,0.09747689
0.6149834,-0.22689381,-0.051187214,-1.5598973,0.5208085
0.6573504,-0.45342952,-0.5140095,-0.5946076,-0.27537066
2.4096365,-1.1507679,2.1414769,6.143899,2.2373183
3.8398583,-0.0809169,-0.028050581,2.1285944,3.154138
-0.7785929,1.2225198,-1.1005565,6.8469286,-3.3800476
0.722272,0.8334028,-1.2711319,4.0897865,2.365926
1.747654,-0.29013506,-0.24156258,0.794008,0.52273697
1.3085998,0.5982472,0.25057003,1.0753655,1.4928247
1.0831996,-0.42239374,-0.110720985,-0.21517673,0.14098942
1.3306702,-0.04259501,-0.028036991,-1.608586,0.2845846
0.070401154,-0.22906914,0.03681262,-1.9200468,-0.19797982
3.15757,0.989232,0.8798855,2.5097778,0.5382687
2.751711,0.6232537,1.5285823,1.9986093,0.84955466
1.1822777,0.72024584,1.1206053,1.3534169,1.5268862
2.1103442,0.7659553,1.6564738,1.9480062,0.22562541
0.9470231,-0.5802279,0.59628683,1.74804,1.3871019
1.7216132,0.2692019,1.0870208,0.6712836,0.67518276
3.9187903,1.5826511,1.0072423,2.5458121,1.3270547
1.7940853,-0.26728016,0.91917384,-0.021414217,0.8986591
2.067988,-0.12879762,0.83242893,0.21163045,-0.21797103
0.6914504,-0.51744044,0.3928223,-0.6891841,0.65251976
0.38809562,-0.23476936,0.46173325,-1.2845923,-0.020859089
0.71010804,-0.090519704,0.04260074,-1.6636969,0.23218045
1.4487399,-0.00977486,0.9937263,1.0567403,0.8240437
2.6398993,0.489105,1.1131828,2.6867592,0.43768013
1.2622164,-0.21478835,1.2021308,-0.3238986,0.8874688
0.8952316,0.343588,0.14863606,0.055336244,-0.046354074
1.683762,-0.11110236,0.3778513,1.0471473,-0.75047106
2.2548332,0.20356137,0.7327289,-0.9573877,0.26793858
2.4200015,0.08204365,0.48112875,1.5684559,0.26913032
1.6070939,-0.23689456,0.55417424,-0.2317259,0.12309945
0.3869374,-0.6929379,0.23926853,-1.8154079,0.72905034
0.5363751,-0.38087204,-0.23954256,-0.88638014,0.006652266
2.073557,0.79189444,0.84936595,2.1784341,1.4920541
2.675665,0.007259547,1.6573179,0.7724368,-0.085204415
-0.010648972,0.48679945,-0.22738712,-0.20965767,1.2359172
-0.88603234,-0.82051563,-0.7064556,-2.2968946,-0.1605533
2.396356,-0.041870825,1.1198763,2.517825,0.81661606
0.7115585,-0.31755942,0.09724365,-0.5865506,0.5586374
1.4230785,-0.32571024,0.422893,-0.12534252,-0.017669944
1.1308355,-0.095054924,0.34224397,-1.1318227,0.37886375
1.3431206,-0.26732868,1.0635483,0.24733287,-0.026161365
2.9973137,0.451349,1.4877815,0.88949054,0.5597424
1.1256254,-0.2424644,1.8104547,0.66081583,0.80787134
1.1032571,0.18113628,0.23663138,1.1704028,1.5392642
1.7577313,0.21683513,1.5039196,-0.044314448,0.27758726
2.4029264,0.8010671,-0.2403963,2.2139685,-0.13424483
1.1853321,-0.4506597,0.9863817,1.5738115,0.8483474
1.0205234,0.007894633,0.3629704,-0.20898697,0.09224121
2.8391705,0.04535137,1.399424,3.640944,1.1565771
0.9727987,-0.19003905,0.52529645,-1.9418582,-0.021342214
-1.4117308,-0.035438985,-0.5995565,-0.74647105,-1.0692507
0.22580692,0.9368604,-0.0035571456,1.4387574,-4.4489374
-1.2731682,-1.652788,-1.2269573,5.4512167,3.6376033
1.3467721,0.07400676,0.3349723,2.4266503,1.0177709
1.144977,-0.16587465,0.54682606,-0.63345224,0.32680714
2.418747,0.23257501,0.9591546,1.0266758,1.185457
1.1543103,-0.06462514,0.36842018,-0.88044417,0.09890118
-0.010988182,-0.3539374,-0.11920641,-2.0103674,0.0312614
4.534185,2.0483818,0.20774782,0.6326009,0.4605708
-0.20635305,-0.19500197,0.35706207,1.3629425,-0.7496911
3.1624682,0.16967726,0.9822107,1.2980993,0.17611478
3.4981203,0.3479926,1.8406723,3.505418,0.8636152
0.9163686,0.41414106,0.88916415,-0.379443,0.28116676
1.6475388,0.091537654,0.48110387,-0.6878236,0.23707707
0.034119368,-0.81263834,-0.043318734,-1.7443672,0.17021205
0.10611489,-0.7417457,-0.21451133,-1.7805325,0.056276698
2.6536167,-0.01868514,0.86432624,3.321427,-0.1133308
2.223091,0.031677376,0.88457406,0.601467,0.93626547
0.9315248,-0.1840777,1.0832505,0.7864947,0.54161227
1.0291836,-0.27318206,0.36874738,1.6144011,-0.20170724
0.64841425,-0.45715216,0.17907506,0.57836074,1.0383258
0.9872123,0.054453965,0.28365138,-0.37066856,0.4368014
-1.9859295,-0.50136423,-1.2924598,-3.1521533,-0.0738679
2.0955682,-0.34810123,0.6303007,0.20906073,0.556322
2.6308556,0.1660412,1.1414562,-0.39360312,0.34579858
0.26086977,-0.4082091,0.4466028,-1.7141201,0.57837397
1.2527546,-0.19994275,0.56985,2.5222385,0.62275493
1.3005209,-0.1750347,0.50789845,0.030593982,0.93681026
0.60207844,-0.5004513,-0.18822812,0.3490425,0.76134485
1.2524222,0.25166768,0.36605757,1.8033828,1.1719941
1.6223226,0.14285874,0.29622245,1.2606263,0.5767559
0.5799417,-0.35145494,0.99431926,1.3220563,0.45961085
2.3011549,0.046601854,1.3798623,3.0103405,1.3897017
1.3313131,-0.1599685,0.40028214,-1.0817847,0.43239978
-0.5747936,0.41765904,0.8733627,0.9902996,0.22594775
0.9065995,-0.0215691,0.7086394,2.1762762,1.7177123
1.0001366,0.078837134,0.0029954314,-2.1455598,-0.2842398
2.2054703,-0.036276124,1.7226138,2.3038619,1.1466339
2.0696745,0.068552315,0.8813139,2.4988244,0.72182435
1.326117,0.18676165,0.4535965,-0.0034283996,1.3523307
1.4754231,-0.10910138,0.43029913,-1.1426134,-0.10638392
2.2306466,0.07937056,0.5383495,0.59380037,0.14213455
0.5472881,-0.44152322,0.07418214,-0.55404556,0.7463107
0.13147925,-1.3204311,0.85412526,4.850259,1.658123
0.9528158,-0.6730407,1.569749,1.0268409,0.6857711
1.2868125,-0.24978566,0.50833756,-1.6002971,0.3787445
0.90641856,-0.23415577,0.031064125,-2.05117,0.31897527
1.1434959,0.023887409,0.82486355,1.1987827,0.19298632
3.8143377,0.32835805,0.5270584,2.1700268,1.7355839
-0.5938698,0.39919403,3.021079,2.907974,-0.95493793
-2.788008,-0.22561744,-3.9336681,2.206234,2.3584533
0.395713,-0.60252434,0.23724055,-1.6385692,1.0908016
2.6280863,0.791164,1.1421931,1.8255049,0.49673492
2.9006214,0.89221644,0.8384421,2.1708121,1.5378275
1.8922187,-0.36935687,0.7456978,0.04004715,0.45261464
0.45990402,-0.4811238,-0.14109752,-1.0185817,0.42939195
1.1512146,-0.37498468,0.80941904,-0.28579217,0.3145706
1.0075535,0.15806907,0.8797962,0.09726654,0.32493365
2.065586,-0.14850569,0.4274524,-0.4484702,0.5167478
1.0841199,-0.53174067,0.16202569,-1.357514,0.48220375
1.2790585,-0.35179222,0.49439391,0.57658905,0.799985
0.4742281,-0.35882917,0.5313936,0.048919078,0.79818
-0.15895325,-0.53645116,0.73769647,1.6812265,0.8924389
2.4709578,0.95932055,1.7273142,0.8548728,1.2008615
1.052504,-0.25711828,0.46132803,-0.461839,-0.095247105
1.588506,-0.11525091,0.22366741,0.5478976,0.39955577
1.0977098,-0.2481547,0.36518475,-0.13730434,0.67603016
0.39954087,0.6731868,0.5945479,-0.19236782,0.31847575
0.9274331,-0.52602303,-0.30670553,-0.45024997,-0.12182209
3.3517628,0.060944103,2.0216467,3.901571,1.770012
1.3734546,0.15270089,0.36079228,0.0034077466,0.24950697
1.6271006,-0.19134897,-0.14546074,-0.47148496,0.19397154
1.6006254,-0.20679714,0.96415985,1.0077933,0.6635473
0.60608417,-0.40410495,0.32630685,-1.5085707,-0.028391173
0.2652469,-0.5500321,-0.16001454,1.193033,0.22914274
0.6647828,0.41724527,-0.078257896,-2.6419423,0.33643726
1.3319883,-0.42725468,0.7495049,1.259322,1.2983984
0.29777375,-0.5202691,0.31578904,-1.4562916,0.6759809
3.0008557,0.32962832,0.64174867,0.7653813,-0.062079366
1.397898,-0.54530686,0.17579114,-0.4071318,0.81925774
1.7773105,-0.08935512,0.40801582,1.7581726,0.42351103
0.9947932,-0.41296557,0.19670166,2.9892805,0.8006206
0.88998824,-0.49893582,0.14627382,-1.7393566,0.54172367
1.8838735,-0.10153689,0.72104514,0.2622021,0.15661842
1.5813035,-0.07041398,1.068405,1.1716954,0.81296057
0.19719744,-0.16517179,0.02201443,-0.032429148,0.20321186
4.0301456,0.5022812,1.8476331,3.909544,1.3821687
1.6155715,-0.13171239,0.4070661,2.1867101,-0.1728661
1.1337652,0.89518344,-0.23632905,0.70878094,1.3242112
2.3842306,1.234733,1.1817878,0.9789014,0.24349296
-0.037403345,1.175836,-0.4457867,0.043946628,0.5676776
0.32724172,-0.6056169,1.1654103,-1.3547434,0.20172194
0.9857028,-0.3589824,0.34968647,-1.8094151,0.77230126
1.1979488,-0.04700418,-0.058869947,-0.75575125,-0.3783643
-0.018874967,-0.31623158,-0.5341343,-2.7990866,0.38923573
2.3472826,0.9335286,1.682284,0.79316664,0.22032084
1.1956601,0.7697743,-1.2454548,5.453023,-0.31901935
-1.2999386,0.7967125,0.29836348,4.1774163,-1.3505473
-1.0658247,-1.2550288,-0.9677462,1.0827848,2.005196
-0.8437969,-0.93979204,-1.2544609,0.22786988,0.32834446
0.82689315,-0.0056475396,0.94839257,0.7499803,0.88722366
1.2234445,-0.1747323,0.00068968534,-1.4454069,0.047684178
-0.5711214,-0.26697877,0.92740566,-0.78141886,0.4824552
-0.0511308,-0.64080703,-0.20704803,-1.4528776,0.6200061
0.4466788,-0.33306584,-0.04481021,-0.3939345,0.13448164
1.8664744,0.23919818,0.7918762,-0.18485528,0.5548602
-0.19175401,-0.31078193,1.3676761,0.7456827,0.6936764
1.1405847,-0.053411514,0.79443115,-1.0228351,0.4509228
1.7354271,-0.03784549,2.1308675,0.67607117,0.7285805
1.8408597,-0.34957048,0.46524867,3.0051653,0.96661866
-0.76167196,-0.21861169,0.37777886,-1.0599421,0.9000165
-1.0725592,-0.4765971,-0.38749167,-3.66681,0.9634848
2.4402347,0.013765684,1.0415372,-0.66242313,0.3264511
2.5288813,1.0781603,0.7264314,1.4672701,0.77998686
1.6688106,-0.15907347,1.4713981,-0.048296537,0.30230027
0.35641873,-0.2656285,0.9928103,-1.3609691,0.82038736
3.122879,0.65920687,1.4093544,2.1972928,1.2224244
2.1394083,0.25683624,0.868241,1.858141,1.0990298
0.5948117,-0.8210931,0.62780744,0.55892515,0.9154657
1.1156214,-0.5351549,0.38048106,1.7839497,0.14121066
0.46476436,0.1507341,0.45479062,0.44855475,0.77722406
1.162222,-0.29774415,0.45275897,-1.795965,0.37606138
1.8741176,0.067942284,0.65527743,-0.6635262,0.13788158
1.7636625,-0.35652006,0.90488535,2.779078,0.9240107
0.564293,-0.35851663,0.44280878,-0.85417694,0.24898411
1.0843332,-0.26596233,0.41167432,-1.0875328,0.39220828
1.5474567,-0.006700157,0.51050925,2.3209727,0.17108406
2.5445967,0.12975918,0.80344117,0.6000277,0.23709609
0.18689495,-0.2546332,0.65686667,-1.4173156,0.19033487
1.4217002,-0.4377674,0.5977146,-1.5225773,0.796705
-0.10228134,-0.5050566,0.20997968,-2.1872578,0.1839067
1.4275817,-0.09026908,0.6152096,-1.3558195,0.03625686
3.4440055,0.16020685,1.6174524,4.664054,0.84225434
0.3910591,0.17775482,0.8494982,0.33320534,1.0152382
1.7284367,-0.42193264,0.10639955,-1.4844917,0.70202297
-0.16493085,0.32690257,0.52060133,-0.4951325,0.42751345
-0.12387735,-0.5274103,-0.33772567,-1.3582524,0.30377197
0.4823385,-0.43807226,0.7756549,-1.3595866,0.644607
0.7797362,-0.56717706,0.48805168,-1.2077951,0.79848576
0.96804786,-0.49947417,0.9734865,0.3200369,0.013848155
0.7941565,-0.22522724,0.6050243,-1.723525,0.79740447
1.0483639,-0.411846,0.3584874,-1.2430168,0.60721636
0.8464407,-0.064353056,0.8737289,-0.087863594,0.6217874
2.2392204,0.65046835,1.0514965,1.6070937,1.0494751
-6.2535496,-0.41713518,-2.6053228,-0.7819713,-2.8868823
3.937632,1.4446282,1.9364815,4.8111815,-2.4974804
-2.2703543,-1.2910877,-1.1635374,2.4687812,2.1406114
-0.045035228,-0.55844676,-0.34990948,-1.2149795,0.6056415
-0.32294583,-0.20668037,0.10595564,-0.53902215,0.3981127
1.0714247,-0.36922264,-0.041636996,-0.05914721,0.5395344
2.3439713,-0.1720646,1.0474387,1.7095995,0.44207913
1.0233668,-0.39555076,-0.0052989125,-1.2370536,0.34636804
0.32242712,-0.3450686,-0.2870843,-2.0800977,0.45907688
2.664579,0.18169191,1.1142955,2.4813793,1.0109955
1.314784,0.7528188,0.8123343,2.0451217,0.6556209
4.8792343,1.2789695,0.37839016,3.0188875,0.4590475
-1.4292034,-0.24771272,-0.22146617,-3.4908178,0.72787994
1.1522151,-0.3596301,0.46121827,-1.2666304,0.042351663
1.9293796,0.038642988,0.85539335,0.02125391,0.5710254
0.31812027,-0.66415393,-0.0088288775,-2.1504014,0.70264924
1.6149266,0.1954095,0.9570231,2.3097985,1.2947705
0.9167706,-0.21874753,0.20104879,-2.0111513,0.48477772
1.3262424,-0.40558934,0.402365,1.6483364,1.1034303
2.7207537,-0.18901302,1.6516533,3.3232436,1.6580981
1.2758379,0.45512134,0.5171747,-1.0641421,0.17051971
1.1455728,0.08066598,1.0357031,0.112463064,0.1842766
2.2397199,0.2104222,0.8657706,1.7076592,0.47939825
1.8197368,0.22006504,0.7789122,0.8677692,0.5666297
2.086412,0.4926646,1.7365841,1.3522819,1.0548248
1.7178627,-0.4797772,1.200783,1.3919457,0.459826
2.0507371,0.038508285,1.0202491,-0.056612797,0.8649027
1.8675427,-0.027371578,1.4660398,2.8640814,0.629468
0.1854955,-0.6534636,-0.11343095,-0.92489153,0.396909
3.69695,0.53797793,1.4585083,2.2416663,1.530843
0.3749354,-0.26153946,1.008052,-0.92297727,-0.03395964
1.0978155,-0.10573649,0.28696203,-1.1266606,0.12845868
2.103482,0.07556861,0.82700104,-0.7723916,0.45796052
2.3149462,1.3595502,0.5116885,1.0028255,0.87573
1.1397941,-0.4544068,0.39557308,-1.5741236,0.35771507
0.7232924,-0.4815163,0.105500385,-2.1577775,0.10341001
1.0654553,0.24930972,0.68081963,-0.52895397,0.0680834
1.2798235,0.11261285,0.16044486,-1.4149901,0.50668395
0.71508706,-0.34561452,0.026513796,-0.907637,0.26211998
1.3007852,-0.2225139,0.75524557,-1.672085,0.10048537
-0.30429462,-0.8193611,-0.46306312,-1.9007932,0.25309166
2.4667048,-0.2693523,1.4830002,2.3084402,0.5625925
3.422367,0.37202376,0.39380375,2.2618825,0.93783766
0.9241767,-0.37861896,0.9275186,-0.9699026,0.43979368
1.2155068,0.14219369,0.67136854,-0.38503623,0.692817
1.1410631,0.34384996,1.4211278,0.42271352,0.6559612
0.7693836,-0.28270578,-0.001493752,0.50404567,0.6136186
-0.005174987,0.27490395,0.1517921,-1.3287469,0.79062593
0.037720647,-0.56132144,2.484853,-1.5767347,-0.6295786
0.6971567,0.41949525,1.2199345,2.098894,2.133763
1.2791682,-1.0341161,0.2025503,6.9598675,3.3745794
-0.31805143,0.6697072,-0.6237078,0.62956893,0.6731312
0.5511121,-0.5564497,0.080186486,0.96556526,0.97268766
-0.36344016,-0.7328017,-0.2620989,-1.9322249,0.67856365
0.9540215,-0.48186418,0.9806441,0.576243,0.6608522
-0.50630397,-0.7795107,0.17264308,-0.2059639,0.9224333
3.6797876,1.5349947,1.0837157,3.257174,1.2866158
-0.4651791,-0.4525456,-0.41551504,-3.1916707,0.45092797
0.80961454,-0.2439143,0.47005996,-2.1366136,0.2451315
0.9112953,-0.47152635,0.31934407,0.6862163,0.8194728
-1.1978862,-0.11130349,-0.6748478,-2.6480105,0.3872284
1.9194678,-0.38763818,0.8100633,0.32469612,0.6459304
0.8750189,-0.44050542,1.0183171,0.48881313,0.6184062
2.2540555,0.14563753,0.76348823,1.1912316,0.3065131
3.5434213,0.29074547,1.6974078,3.1225317,1.2747045
1.2767885,-0.2919854,0.7395883,1.192033,0.74248016
2.532048,-0.25074977,1.0983522,4.334279,1.2390221
4.7027206,1.1933763,1.7516878,2.982441,0.7866178
0.007143125,-0.6177115,-0.16693465,-1.8611379,0.03419904
-1.04414,-0.18227912,0.60237694,-0.36881295,1.4341861
-0.5639472,-0.5466873,0.9713912,0.64124835,0.8220014
1.8785741,-0.031306043,0.948579,0.60158503,1.1110048
-0.93050015,-0.7734277,0.13036434,0.041930504,0.89284813
1.2748752,0.17594041,1.2072483,0.41282326,0.5142154
0.9978795,-0.34063,0.07950248,-1.536336,0.2752877
0.11165177,-0.07562314,-0.27598158,-1.9032848,0.290824
0.27483752,0.63852715,-0.26673555,1.2292862,0.84421283
-0.6067154,-0.27745754,-0.3523107,-2.9739826,-0.24122183
3.2918422,0.68537414,1.2701961,3.0078747,1.0838273
-0.35141122,-0.8011559,-0.14904259,-1.8684483,0.19302349
1.9343477,0.42919362,1.3959535,2.4179366,1.5933723
-0.43105522,-0.23467433,-0.49023026,-1.2809776,-0.14399353
1.4687754,-0.15762097,-0.013330517,-0.8195533,0.4690748
0.42359695,-0.46794784,0.0729115,-1.6840339,0.77914476
3.252289,0.49678063,1.3800876,2.2821224,1.2632654
0.7657339,0.042838193,-0.1775067,-1.2362552,0.49101853
-1.2670543,-0.33111,-0.6905939,-3.811736,0.3623399
1.7259574,-0.051681533,0.21529604,3.6439266,0.824029
0.56809765,-0.7673186,0.04850097,-1.2097771,0.24377641
-0.32532418,-0.8435022,0.55407923,0.96191376,0.19479774
1.6669781,0.115778334,0.4890906,0.3364711,0.72399926
-0.4930628,-0.31634682,1.0457125,1.5949488,0.8765719
2.1355457,-0.2302055,0.5220102,-0.2066572,0.45146802
1.4833874,-0.18695113,1.3049989,-0.03903122,0.44119173
0.97269875,-0.35103914,0.6600146,-0.7947118,0.63461226
0.337247,-0.47391143,-0.34350967,-1.7052327,0.2717065
0.68632054,0.26653442,0.68044984,4.2795525,2.2053905
0.43028075,1.0074388,0.29157472,0.43447977,0.7868528
-0.4700912,-1.0343556,-1.8241818,4.9231296,3.297709
-0.5858534,-0.9333371,-0.5173841,0.98769766,1.3761239
0.9455942,-0.32175636,0.41442722,-0.74728596,0.06913435
0.58221793,-0.5460497,0.41800418,-0.1445544,0.29006267
-0.61013716,-0.29790553,-0.6301254,-2.6082273,0.36626223
1.2509748,-0.25802785,0.5665823,-0.98791385,0.71612805
1.2531044,-0.22944805,0.80031884,-0.057566766,0.79251903
0.974386,-0.45809907,0.2515404,-1.6077019,0.7336444
2.1906016,0.13305624,1.4247111,0.61826694,-0.18887605
1.6754348,-0.023047883,1.2213229,0.2642014,1.3237903
0.8110266,-0.075974494,0.53624135,-0.7674091,0.60199416
2.2105873,-0.21758996,0.7090578,5.1954403,0.68269
2.9550266,-0.32022133,1.1093308,1.867415,0.499282
1.8127254,-0.16051166,0.7201371,-0.6829486,0.22210458
-0.33029598,-0.06789461,-0.83082384,-1.6389773,0.047111172
2.9899867,0.3228201,1.4793701,0.79145837,0.34050915
1.5513297,-0.5492052,0.90027636,0.80849594,0.834694
2.2555718,-0.23823819,0.9282575,1.5010097,0.9241894
2.8233633,0.4035063,0.92201644,0.7263178,0.0018045902
0.96913993,-0.7008883,0.47814655,0.7343705,1.1080137
0.07752432,-0.07264993,-0.35596508,-2.1783383,-0.37758225
0.646622,-0.73198354,0.30744034,-0.8957311,0.89785874
1.4251983,0.051127523,0.33944649,0.34643364,0.06106472
1.895045,-0.36238146,0.6266457,-0.49804392,0.75995344
2.0781264,-0.27341375,1.2714972,2.3237224,1.035271
0.7233135,-0.20701014,0.2498193,-0.8642566,0.3218002
0.46647835,0.0073954454,0.6882346,-2.2250454,-0.56122667
1.9635539,-0.22983557,0.86461216,0.90766555,-0.15227473
1.5468612,-0.4639038,0.4582506,-0.3042574,0.44625255
1.8256654,0.117628805,1.0063072,0.24093863,0.6783719
1.7439787,-0.17804024,1.2838553,1.0112499,0.28020403
-0.119883314,0.010733898,0.2783423,-0.5452734,1.4779224
0.41330987,-0.3239907,0.55084527,-1.4477862,0.43867987
1.9036514,-0.44316334,0.8424093,2.7705197,0.6619769
0.6547719,-0.22820564,-0.208699,-2.1152196,0.50676346
1.5913843,-0.17925547,0.30567524,-0.9962717,0.41080114
0.64437604,-1.095125,1.6586069,2.7593086,1.4281563
-0.43821257,-0.35177046,-1.1386634,1.0774641,0.49081808
2.2158704,0.031280115,1.4045001,1.8029611,0.15827776
3.322854,-0.06017046,1.3443936,4.7333055,1.2796636
0.9691395,-0.15794633,0.65484196,-0.6317918,0.2864659
-0.10226882,-0.5218372,0.069557115,-0.14322181,-0.25300696
1.9240808,-0.004563927,0.7069249,-0.89316213,0.00020310283
1.2530979,-0.33317715,0.81450814,-0.1965327,0.79338264
-0.42061684,-0.62478745,-0.652548,-0.91929895,0.72559285
-0.20193265,-0.47717425,-1.1973966,-1.0246971,-0.16157484
-6.32662,0.2838317,-9.239469,8.436879,5.1537557
1.5745384,1.0546063,2.5123174,2.8829381,-0.18497403
-4.525046,-0.055140294,-4.3254776,1.8809314,2.4569082
1.4297726,-0.25014725,0.43655968,1.5438178,0.41642722
0.48391512,-0.44296438,-0.2269274,-2.1890965,0.22207434
1.9245088,0.6274149,1.4771278,2.075716,0.5404934
0.3591551,0.11696252,0.34771886,-0.21859416,0.7758707
2.080544,0.2160091,1.8802848,0.09189385,0.6008114
2.0768151,-0.06919631,0.97082984,-0.50484306,0.6185384
2.0938358,0.6411276,-0.0063702464,2.786837,0.70736533
1.3193017,-0.09617479,0.37641928,-0.7693091,0.74657494
0.69714344,-0.24486862,-0.9081011,-1.7799244,-0.19282559
1.8906506,-0.12655386,1.4770975,0.6393273,0.28146577
2.3321257,-0.0030136108,1.3782852,1.9929476,0.7856091
2.2443635,0.25504154,1.8340206,0.46198943,0.6643835
-0.6262489,-0.44639525,-0.8966492,-2.8258858,-0.5956626
1.169865,-0.21705347,1.1827061,-0.5250781,1.0147729
1.6162505,0.008983312,0.89596444,-1.3988845,-0.08253817
2.3108642,-0.092747524,0.62851334,1.0805135,-0.04440775
1.1901126,-0.1451143,0.23692125,-1.6692717,0.43174052
1.7812717,0.36611724,-0.20238611,1.1174296,-0.31514442
-0.21940583,-0.7188426,-0.24760115,2.662588,0.7272909
3.014092,-0.105642915,1.1640192,2.5516877,0.56049055
2.866851,1.0460457,0.73630226,2.208901,-0.0444985
-0.42539677,-0.4271077,0.2168904,3.1637788,0.8098827
1.8759308,0.27445844,0.040002827,0.8378757,-0.37775508
1.5207673,-0.10624218,0.40736493,-0.027283603,-0.39550224
-1.0156164,0.23207965,-0.47462672,-2.434304,0.6033945
-0.1558011,-0.5365127,-0.34111184,-1.5263643,0.17291883
3.7990332,1.2014333,0.90582436,2.015204,0.88255835
-0.15773112,-0.20691034,-0.49500614,-1.7400383,0.18303211
1.7391201,-0.09696388,0.8879235,1.380045,0.25136328
2.2245436,0.110556446,0.7150708,0.3744407,0.33896145
0.6638326,0.043060813,0.36030322,0.6314015,0.80538166
1.3352103,-0.36315408,0.5590907,-1.9193313,0.46532398
1.505717,-0.2745058,0.5021167,-0.48405904,0.13151033
-0.9022384,-0.31442973,-0.045196388,-1.7252532,0.7988398
1.4197242,-0.2894329,0.4433306,-0.72969747,-0.068994336
0.7721291,-0.5686737,0.35466546,-1.502737,0.62185216
-0.0996896,0.7173965,0.25712594,1.2033911,1.33306
2.7353563,0.09382658,1.2978029,0.3680597,0.66654384
2.0077384,0.104120485,1.0925992,-0.8336426,0.6448368
1.9364691,0.14995942,1.0821432,0.3344414,0.63746387
2.549685,0.49399114,1.7795534,2.481121,0.9162582
2.4631505,0.7412766,0.6769685,2.1462033,0.80506384
1.8345989,-0.78957045,2.2452714,3.6278281,1.3211968
-0.22830823,-0.3846743,0.36817455,-2.3084645,0.6037124
0.501903,-0.06664267,-0.22785251,-1.9416504,-0.47511873
1.1031767,0.63818014,1.091888,4.68405,0.5450975
0.40582508,0.33514667,-0.85044533,-0.7392403,1.2147788
0.5331763,-0.92656606,-1.1835884,2.9840875,1.5115954
1.9497222,0.315105,0.4999144,0.57764304,0.43008667
2.217057,-0.21538949,0.68056065,4.2656355,0.6276314
0.86431646,-0.42983794,0.16395192,-2.491963,0.258047
1.8203466,-0.37595603,0.74528056,0.98042643,0.39910728
1.2072144,-0.07579986,0.8435215,-1.3369553,0.49963713
1.766836,-0.12833546,0.63493985,0.5368856,0.32908246
2.4037042,0.2043803,0.35794625,2.926352,0.26358044
1.7560431,-0.27474967,0.6382996,-0.8640689,0.7250055
0.7387608,-0.31542295,0.30347198,-0.8711657,0.34363043
1.9772985,-0.6192986,1.349968,3.1555328,0.6843631
1.1202523,-0.064001694,0.76746243,-1.232863,1.1447906
3.878417,0.8809488,1.4108692,3.123489,1.2016984
0.26267272,-0.6257576,-0.14442006,-1.7392957,0.6846992
1.8984747,1.1335857,0.20768102,1.671323,0.76285017
1.5174868,-0.45087057,0.47503188,0.39305636,0.86532927
1.0282906,-0.28070375,0.99848205,-0.7214029,0.57479125
0.65400004,-0.16575785,0.39668584,-0.70544356,0.6908069
2.1594672,0.6768789,0.61341304,1.1297834,0.8129355
2.18212,-0.28597155,1.4097419,1.3569239,1.1696074
2.2200506,0.30010152,0.37005037,-0.32274315,-0.42191938
1.3973554,-0.15165655,0.4187592,0.3356116,0.83992106
1.6113784,-0.047868717,-0.26775458,2.5758524,0.28471422
0.8124406,-0.3898795,0.63821816,-1.4711148,0.10313173
0.6828321,0.09719721,-0.04714086,-2.1948156,0.091954276
1.9513706,0.15253493,1.4012,-0.02276158,-0.07733706
3.8164265,0.6335019,1.1794279,3.7253454,1.3641425
1.5468057,-0.21310829,1.2973441,0.49514922,0.6464038
1.3864743,0.5949477,0.3620342,1.229622,0.9453221
1.3574535,0.116151415,1.4231539,0.6697146,1.0826474
2.7388635,0.57407683,0.5279852,2.5457828,1.1217189
1.6283334,0.6379783,0.28573242,2.500121,-0.43558133
1.0695513,-0.6105719,0.97586745,-1.1351675,0.6471683
1.7290938,0.09212889,0.28600416,-0.82658184,-0.026501887
0.76307344,-0.6447784,1.3091929,1.8945413,0.9742364
1.2007538,0.07603171,0.2577306,-1.3120899,0.12626003
1.4208493,0.086442165,1.1597104,1.4632968,0.5592257
2.385423,0.13239087,1.5322356,1.5909141,0.98467004
0.7970367,-0.23563701,0.74946195,-0.3291066,0.5942993
2.7539926,0.0477361,1.1739824,-0.002108574,0.18268555
1.3944502,0.235223,-0.048416033,2.7092497,0.43961307
1.584022,-0.21788158,0.6604807,-0.44934532,0.06617943
0.5321959,-0.42762768,0.2205116,-1.6093796,-0.20229578
1.9194067,0.039880663,1.0135448,1.375906,0.8194927
0.5632628,-0.4657339,0.2258732,-2.3637621,0.21947132
1.8360406,0.3101692,0.95639724,0.5828558,0.17166829
-1.8061917,-0.23983794,-0.60245275,-0.562037,-0.078314535
0.7161205,1.2385856,0.57022566,1.140579,-1.6437168
0.071810864,-0.51654845,-0.6952309,0.96375525,1.6202745
-0.24798715,-0.464895,-0.71123594,-2.3986173,0.11648015
1.7509608,1.3060954,0.33739394,1.5784312,0.7186925
0.7014998,-0.11737493,0.5878093,-1.8229733,0.053228438
1.2099359,0.046031445,1.2275077,2.6338542,1.37705
2.046628,0.61975443,1.2940414,0.05008646,-0.21345809
0.5056516,-0.06118728,0.043368563,-0.40856352,0.49669084
0.17374918,-0.46899372,-0.1444812,-2.1179786,-0.01339355
1.0834341,0.98788375,-0.05365149,0.9953422,1.0323958
2.866097,0.14279468,1.4313675,2.1676178,1.2677691
1.2427863,0.3393464,0.94055486,1.2889807,0.33346632
2.551378,0.21552533,1.2060854,0.39979517,0.39471418
1.3141111,-0.19553256,0.14543356,-0.26426533,0.4930939
2.4716392,0.15709388,0.44570976,1.1355596,0.30099016
1.899898,0.019277906,0.2769372,-0.6213992,0.21472242
1.7079139,-0.054046582,0.707055,-0.33523795,0.27417633
2.6483617,1.5473881,0.47896934,1.3027773,1.4769406
2.3619394,-0.123401575,0.8885913,-0.64935005,-0.30956796
2.5063038,-0.29367435,0.94979227,2.4961607,0.5540291
1.9437863,0.011991555,-0.002695322,0.14322968,0.71069425
1.7160857,0.11315458,0.6504395,-0.16034968,0.1899477
1.2326207,-0.005819499,0.88112175,-0.088620864,0.17749064
1.8600014,-0.29363027,1.2841902,2.2892125,0.3702277
1.7908903,0.11458433,0.7976135,1.4611983,0.9889181
1.0919954,0.14444807,0.26516396,-1.0714034,-0.050366856
0.92576605,-0.4865762,0.13798107,-0.7341641,0.5703256
2.2088988,0.1773234,0.9353219,-0.76432955,-0.34296763
-0.47129458,-0.69031185,-0.67455256,-0.6805037,0.2621295
2.3694296,0.031218724,0.7584647,0.31267232,-0.34379724
3.2037048,0.12842813,1.2185777,1.4467103,0.5214548
1.221151,-0.31515115,0.33577386,0.30687913,0.7124494
0.32560536,-0.13232711,0.62098026,0.37438267,-0.30707395
-0.9767703,1.6001898,-0.58181846,-1.3147312,-0.3876829
0.8346889,-0.37053213,1.5217705,1.2182333,0.95716625
1.5612152,0.17634827,0.6750536,0.57681715,0.69495475
0.96844363,0.42878067,0.8180305,-0.13717748,0.38653105
1.5558866,0.28708076,1.404712,1.3529142,0.12676734
2.8616748,0.57715756,0.859488,1.967867,1.5945226
1.3835146,0.22297233,1.4187899,-0.52398086,0.46237153
2.0211422,0.22116481,0.47121778,-0.25367492,0.3504632
0.48611036,-0.7306132,-0.23526919,-1.8554734,0.51196986
1.7289276,-0.0954599,1.269584,0.78241354,-0.29098645
0.42731014,-0.5321808,-0.11872172,-1.5899497,0.14093065
2.8969777,0.62166053,1.6973596,2.7006981,1.1497576
1.2263799,-0.32520208,0.85871947,-0.891518,0.36862215
0.3890898,-0.46768528,0.32100835,-1.6656628,-0.17587624
-0.55620724,0.10189299,1.3945118,0.3502737,2.1082332
2.0123627,1.396281,2.2386427,3.3411765,-4.0736876
0.5139994,-0.8160627,-1.3295786,4.117096,0.5305733
0.80800855,-0.15953319,-0.56190133,-1.0355607,-0.11722254
1.3260248,0.38447702,0.060298,0.68749225,-0.35985294
0.63899004,-0.41943398,0.5701668,1.2960646,0.5291149
0.2355729,-0.34414345,0.39780423,-1.5584881,0.24181984
1.5790579,0.3213729,1.3179108,0.24845394,0.34927765
2.572745,0.13756183,1.2748963,1.9114441,0.7497974
-0.3529712,-0.6611354,-1.2998703,0.904965,0.64685124
0.9375517,-0.25925517,0.5338888,-0.23976737,0.2057907
1.1362691,-0.15214431,0.576968,-0.45315558,-0.00036385655
-1.7824228,-0.39635953,-1.4352736,-2.6375303,0.58377177
-0.13692369,-0.19253644,-0.40017802,-0.8572345,0.019703563
1.2276096,0.38861215,0.6999041,0.5301093,0.19116193
-0.14704522,0.13301185,0.3421115,1.3634943,1.0368283
0.9544376,0.78826004,0.23081127,1.297565,0.87408936
-0.24158418,-0.5833549,-0.21714178,-2.1927996,0.57980806
2.5434637,-0.02199527,1.7206854,1.0461628,0.28559223
0.7592047,-0.3511022,1.1210974,-1.1214424,0.42839307
1.1080194,-0.113225505,-0.009059905,3.2135632,0.37788036
1.5149431,-0.28912532,0.91694355,-0.16748168,0.7984236
0.12391975,-0.2703562,-0.12408385,-1.3977791,-0.10564757
2.846933,0.35890505,1.4822752,1.0969296,0.1019814
1.8967018,0.3413531,0.56948006,0.05753136,0.7466406
1.3805413,-0.761188,1.073328,2.2769525,1.6293398
1.1347746,0.3760736,1.038781,0.18361123,0.16257304
0.47635707,0.17223415,0.9006978,0.2796026,0.25445798
1.0842866,-0.21967006,0.89688313,-0.64575684,0.54462576
1.0313962,-0.22785622,0.39815742,-1.4178654,0.12246682
1.4863441,-0.30641142,0.46498948,0.5253426,0.4383835
0.18591762,-0.6743261,-0.2855875,-2.5902755,0.36221808
-0.4974713,1.1979653,-0.31430024,1.0643661,0.8785363
2.9413137,0.05566033,0.8993239,0.3430715,0.30796748
1.5509338,0.29566193,0.43816465,2.4071584,0.94738114
2.878982,0.22135544,0.54899186,1.070361,0.33605704
0.80771446,-0.5471972,-0.8983204,1.2831713,0.5180826
1.9677402,-0.14717053,0.7989916,-0.5381471,0.53450954
1.4471546,-0.32591686,1.1667608,2.8807676,1.1892568
1.0786765,-0.3342679,0.11513641,-0.74879384,0.23213464
1.293453,-0.17377058,0.9174417,-0.40321422,0.95321643
1.2743071,-0.09358014,-0.020618072,-0.8759037,-0.49188432
2.087997,0.26104417,0.8927293,2.469636,0.99716747
0.39991784,-0.22042221,-0.3209008,0.14105624,0.32058084
0.34305823,-0.22418915,-1.1534946,2.0064461,-0.28198254
1.5297955,-0.11259288,1.855215,1.3437518,1.0625963
0.7121466,1.9076526,-1.4471765,-1.1808487,0.40385035
3.1363177,1.2939595,1.6771816,1.4167864,1.187356
-0.3543548,0.23963363,-3.6162379,4.3178663,-0.09462138
-1.2576317,0.74095696,-0.12899183,2.9311292,-1.5070289
-3.4614146,-1.7077006,-1.7740673,-0.7657469,3.3279147
-0.6548328,-0.7577953,-0.44430512,0.70205504,-0.11194973
-2.4823573,-1.4891813,0.029304242,1.9855082,1.4972008
1.0826108,-0.18814757,0.46655136,-0.6739841,1.0944885
0.9719337,-0.28206435,0.5153279,0.8650881,0.22685865
1.261939,0.14688985,0.35113895,-1.2763327,0.8085217
1.8195086,-0.17710474,0.6178025,-0.33190727,0.22845398
0.9230505,-0.275518,0.93622345,1.2916673,0.26657057
0.82774425,-0.31408763,0.2907131,0.07149372,0.50320977
-0.20359811,0.2996915,-0.28870678,-1.3694104,0.6261681
2.2715178,-0.14701469,0.7731314,3.3691473,1.0864941
1.0641322,0.10721988,1.3383572,-0.25966397,0.45203915
0.5960953,-0.41365907,-0.0009456277,0.42692798,0.36690167
-0.46680698,-0.101025246,-1.8507146,-1.5588297,-0.40113363
2.2615857,0.04934539,0.6323302,1.2560027,0.7893495
1.6458602,-0.11112709,1.0524132,-0.5231874,0.1344972
1.142954,-0.38678712,1.0594356,2.1729608,0.10707273
1.0933443,-0.17341694,0.69048077,-0.8531165,0.58358514
0.731632,-0.2405677,0.71356785,-0.2360884,0.19417204
1.6098678,-0.037385944,0.4444896,-0.27708998,0.973507
3.120482,0.038805112,1.5734067,3.4385874,0.5862287
1.923457,0.41025516,1.1562387,0.77216554,1.102916
1.4630138,-0.01925496,0.52451336,-0.8532688,-0.3067041
0.55207133,0.24035919,0.26449704,0.05896625,1.2783637
0.59816414,-0.21029381,-0.1727416,-0.39807236,-0.32673886
0.83168125,-0.44184774,0.33704072,0.14548083,0.7801993
1.268152,0.3214497,1.5247769,-0.12222887,-0.4775579
1.8019779,-0.15240592,0.95707047,1.0266424,1.169427
-0.28327927,-0.5245076,-0.29667196,-2.5982618,0.66127545
2.5231295,0.19891976,1.4299217,1.6626472,0.7454824
1.2186354,-0.16360104,0.39135185,0.2072512,0.086052254
-0.5688531,-0.2888427,-0.7361202,-1.5991688,-0.024939291
0.35177407,0.69576454,1.4412303,0.037609115,1.1691113
1.3791858,-0.6290194,0.5766784,2.214693,1.0214775
2.0579062,-0.08728431,0.72871006,2.9853632,0.8253192
-0.6806987,-0.55736774,-0.7274096,-2.7948022,0.3837011
1.0267755,-0.13485269,0.6490029,-0.57670313,0.019384649
-0.5424075,-0.11923105,-0.8512613,-1.0225236,0.121916294
1.8810198,0.025065785,1.3487172,0.43468824,0.7971523
1.2422856,0.09254966,1.3628653,-0.3700982,0.31150627
1.8165491,0.20819159,1.198985,0.6246691,0.9196255
1.526344,-0.27957156,1.2220559,-0.3826733,0.74139106
2.1616378,0.2439578,0.36312664,0.74158955,0.4090021
2.1093664,0.18862872,1.0671418,1.218149,1.3030931
0.7360693,-0.110113636,0.14409618,1.0624838,0.43718332
2.2581298,0.042222783,0.84263086,0.026167357,-0.15635481
3.9989874,-0.9975654,1.0487642,2.5985231,3.5879865
-1.5383904,0.7673871,1.7461979,4.4750876,-2.2264338
0.13782385,-0.99942684,0.049956206,2.829621,3.4141252
0.5210936,-1.3477175,0.92900765,4.757569,1.7114648
3.5525658,0.340986,1.2463953,3.6394267,1.6799682
2.142889,-0.15620363,0.05386666,0.6246376,-0.29747817
0.5109536,-0.64677066,-0.20742397,-0.4709432,0.33683997
3.5464628,0.18641844,1.4239568,1.6579052,0.01730868
2.6798334,0.44890434,1.2597739,2.7930572,1.14844
2.8515913,-0.043753404,0.5446376,0.6597462,0.89214444
1.2271112,-0.27589768,0.7632553,-0.92543894,0.57359385
1.7575716,0.041327834,1.0578573,0.6312619,0.13525859
1.937201,-0.2373634,0.43601748,-0.19279267,0.2771405
2.0218816,0.17994457,0.48905328,-1.1611952,0.108495295
1.5043253,-0.09174328,0.51306456,-0.9473715,0.7064161
2.8333464,1.8222623,0.57965744,0.25765285,0.8983396
0.89209306,-0.6635174,0.8833547,-0.6099693,0.96560866
0.51369995,-0.47476664,0.0038425326,-1.6203495,0.030932983
0.99875534,-0.38683176,0.5425227,2.0360143,0.56764054
1.2725322,0.7531854,1.0564607,0.84315753,0.5453351
1.864497,-0.3673113,1.1652411,2.0529394,1.4009137
0.37019295,-0.071283266,-0.61523783,0.14578372,-0.61956376
0.95759624,-0.49479637,0.13849181,-0.3885291,0.38611972
1.8095057,0.2580377,0.56987494,-0.95869267,0.004803598
1.2814002,-0.39382848,0.99864584,-1.5442151,0.74513775
0.91359603,1.0753019,0.51268095,-0.44537574,0.93926567
1.3578346,-0.24429587,0.85770124,-0.106868125,0.8461549
1.1328992,-0.37095296,0.36254022,-1.0135835,0.32428896
2.518195,0.18941343,1.5359024,2.3292007,1.218568
1.6535064,-0.099010214,0.6888318,-0.7258667,-0.07377802
-0.28194374,-0.49612823,-0.36458814,-2.0836797,0.059216924
1.4713876,0.023621872,1.1824354,0.23396026,-0.25021648
-0.29076555,0.066092245,0.060916334,1.5478097,1.7383362
2.054624,-0.0782295,0.16678406,1.5849662,-0.054303583
1.4249126,-0.5299171,0.117423944,2.3151145,0.9609579
-0.0019138455,-0.26828822,-0.50871897,-2.315644,0.20910673
2.8989217,0.65582246,1.37038,2.3309834,0.93356746
1.7794266,-0.09182434,1.3894452,-0.34610814,0.56586164
1.3893592,-0.18388374,0.09835006,-0.8761809,0.26284245
0.18551646,-0.9337634,-0.48934415,0.8109335,0.47163835
-0.06075316,-0.09802773,-1.2849174,-2.2848608,-0.37382245
1.0153869,-0.4136421,1.1656518,-0.12509075,0.39746028
1.2723074,0.016327485,0.49788526,1.3660214,1.198444
1.4516416,-0.3012264,0.73116726,0.9153151,0.0963473
1.5949156,-0.20397635,0.41924024,-0.45502877,-0.080542594
3.9205291,0.27794296,0.8250026,3.116204,-0.18294309
1.5226116,-0.010135468,1.2544552,-0.5477599,0.60154486
1.5145024,-0.20738608,-0.0037077665,-0.113333434,0.3297012
2.8370478,-0.18474801,6.0693784,-4.5761075,-2.2971604
2.43114,1.2420536,2.506066,1.2585777,-2.1626534
-1.823127,0.80579937,-3.1551921,0.08682013,2.4377878
-2.1728277,-0.3074407,-1.5727994,-3.8590438,0.89283955
-0.23840293,-0.8017588,-0.69135165,-0.14535101,0.99576986
0.4587147,-0.18693326,0.4427782,0.64749694,0.055238716
1.885739,-0.06216714,1.2337215,1.3668127,0.7834569
1.6210726,-0.09326993,0.5060301,0.0107139945,-0.112754345
1.8281109,0.26777184,-0.27909636,0.0037962198,0.082018755
2.1374927,0.2856142,0.439326,0.3884445,-0.12320748
0.30514818,-0.10412108,0.52548885,0.4439893,0.96914554
0.79643834,-0.2828645,0.5947334,-0.8767961,0.32386813
0.416993,-0.49003422,-0.1164172,-2.397861,0.12861511
1.2424449,-0.3318036,0.47800052,-0.14789718,0.38172227
1.968448,-0.18562181,0.692866,0.4575686,-0.11563231
1.7547387,-0.1782893,0.95265025,1.9736176,0.9300337
1.422076,-0.34785298,0.73090833,-0.72854143,0.49358726
2.2902007,0.07262609,0.4698845,-0.39250866,-0.104721956
-1.3355759,-0.48902988,-1.0070729,-1.6500767,0.33427343
0.24591024,-0.35018367,-0.007115423,0.1806009,0.26286402
2.0345564,-0.06776408,1.0779418,0.024248596,0.7200943
1.1931906,-0.3415007,0.24440692,-0.9613203,0.3619381
1.7945569,-0.046119362,0.11890519,3.3638003,0.51319504
1.2218733,0.057452284,0.4686984,-0.29028824,0.36994082
1.0039146,-0.42062038,0.72246665,-0.6265773,0.63960963
0.35761905,-0.3495821,-0.24865419,-1.8635015,-0.015344201
1.4839993,-0.2587185,0.55243963,-1.1496308,0.40805936
2.6250882,0.28780258,1.136517,-0.22704577,0.37684086
1.609226,-0.07363514,0.070343055,-1.137641,0.2553749
1.511749,0.18431543,1.2478927,0.43947795,1.012817
3.1610012,0.60411906,1.2297204,1.9380995,0.92411256
0.83780676,-0.10004008,-0.071497045,-1.8192406,-0.27981514
-0.015834598,0.30480358,1.2261982,1.2595636,0.060247988
4.846752,1.0799001,0.71929914,4.3157244,0.86431724
1.5058275,-0.45014963,1.1040329,2.867039,1.0190017
0.51361287,0.4649384,-0.29716447,-0.5626259,1.0692568
1.3057553,-0.09518246,0.40786186,-0.10667439,0.2450589
2.256384,0.04651483,0.95825887,-0.10353222,0.31541142
1.3436482,-0.24502587,0.4499044,0.66186774,0.76696897
2.4362922,0.019592617,0.8715387,-0.2585704,0.25027525
3.93234,0.3888734,1.0436033,4.834895,1.2290846
2.1942236,0.16480862,1.3388621,0.69757044,-0.078071676
1.5998828,-0.29272297,0.2920095,-0.58095926,0.2994917
4.0003953,0.7059616,1.5887684,4.0300674,0.9108516
1.504145,0.0649008,1.3666611,0.9365532,0.28318807
0.42184588,-0.2411884,0.022992898,-2.1722782,0.57128376
3.170718,0.616553,1.2508312,0.56447035,0.87874526
1.1224754,-0.27413234,0.6997751,-0.2038908,0.24751064
0.49392983,1.1185012,0.47859588,7.9772706,-3.2564662
-1.4199022,1.583791,0.057698965,2.7346637,-2.1980891
-1.9387388,-1.2411771,-0.82315785,2.4185781,2.4509943
1.0268214,-0.30996168,0.5539853,0.79597783,0.9503295
0.76827544,-0.39989027,0.22407053,-1.0043849,-0.18448661
2.0476236,0.8780337,0.65137386,1.1962624,1.0360367
1.5139387,-0.20459837,1.2196063,0.7178876,0.26197132
0.54793954,-0.45112845,0.6562457,-0.32878307,1.1743419
1.7863832,-0.07306744,0.99400413,1.7158905,-0.5495849
-0.37359604,-0.36309484,-0.101270676,-0.9874982,0.64471066
1.3868309,-0.4910525,0.48467794,-0.13758168,0.7992362
0.48008958,-0.4272508,0.40999448,-2.4269445,-0.014630316
1.5230247,-0.15629002,0.61470616,-0.1497087,0.3101383
1.9944875,-0.022409819,0.970665,0.6316827,0.8470651
-0.19325626,0.5072186,-0.51796913,1.12019,1.1933732
0.16186789,-0.8310034,0.35970774,-1.4445097,0.7066104
1.555344,-0.33012968,0.14344503,-0.8988061,0.18257925
1.0337483,-0.5214781,0.9107078,2.0703733,0.93148065
0.31095088,-0.5945843,-0.014752921,-2.132882,0.39221
0.68796676,-0.31453067,0.024931716,-0.93019915,0.15997772
3.1818576,0.35878748,1.3222003,1.6357968,1.2298343
3.3402517,1.5297196,0.891553,0.8766182,1.4232262
0.27072233,-0.26225245,1.4778436,-0.9531407,-0.5118982
-0.90080595,-0.053796846,-0.6577727,0.8196162,0.79234713
1.3912979,-0.37286842,0.16213328,-1.7431923,0.31775331
4.810737,1.2023164,1.180116,2.3772986,0.97086436
1.1260722,-0.3115638,0.4210253,-0.22193094,-0.015233574
1.687557,0.019201018,0.2002686,-0.6415905,0.20561008
1.9418597,-0.19019039,0.9455967,3.0162466,1.2041245
0.5318758,-0.5739977,-0.49482962,-0.75693476,0.46546394
0.9942949,0.03336924,-0.07738816,-1.1882604,0.35829318
1.946922,0.72939837,0.9816425,1.0049459,0.47892478
1.3884836,-0.14819282,0.3827553,0.7109849,-0.25495577
2.8368235,-0.057003178,0.77710325,-0.1637957,0.33769375
0.6054375,-0.2546892,1.1545157,-0.76451725,0.46989563
2.0297155,-0.28923666,1.1664573,2.2019122,1.4400185
2.5251539,-0.0033089519,1.0700498,1.5228009,0.77168113
1.2286747,-0.3906154,0.74242085,1.7281839,0.7888011
3.044783,0.078174666,1.7398722,3.5333617,1.5565898
2.2524245,0.44675544,0.21014048,2.0212061,0.44143194
0.16738175,1.0987734,0.64267963,0.4445016,1.3039935
1.0472707,0.12210775,-0.29148415,2.1710236,0.59658617
1.9042817,-0.335723,0.7476698,-0.49694172,0.639379
1.5847106,-0.41043904,1.0068866,1.6028,1.1519028
0.72309375,-0.34157574,0.03934485,-1.2334228,-0.6216008
0.9826007,-0.33355254,0.797955,-1.0801696,0.45151383
1.448927,0.063206606,0.5992351,-1.1218796,0.20970908
2.1129453,0.7141869,1.3964672,2.7961037,1.3640615
2.496,-0.17522627,1.9860802,0.016317843,-1.7009891
-2.9966602,-0.034712113,-2.0407856,1.5781702,0.7484354
-2.3917983,-1.3950591,-1.7650489,2.1628432,3.1737149
0.2538455,-0.41299856,0.057259567,-0.33190727,1.1185216
-0.45516592,-0.7593227,0.03327587,-1.5794007,0.79178923
-0.5150124,-0.69730633,1.7715975,-0.80154496,0.5557449
-0.36356014,-0.5995388,-0.30507064,-0.8433128,0.4825511
1.2666614,-0.16194507,0.6092849,-1.6890639,0.24204455
0.23937647,0.045613628,0.7753791,-0.55834603,0.7359229
2.6961906,0.66104656,1.5347378,1.8847897,1.3589538
2.0261936,0.7368542,1.027677,1.4419929,1.0011522
-0.43627045,-0.27218175,0.6718527,-1.116459,0.4501201
-0.8048,-0.68767613,-1.5316821,3.101733,0.48421696
1.480449,-0.47327602,0.84978867,0.047041625,0.87480086
1.5651766,-0.16727197,0.95706266,1.8787768,0.7780238
0.31879038,-0.4345736,-0.23208854,-1.2739502,0.4564156
1.2312361,0.15787423,1.1784419,0.46197566,0.37318993
-0.055285633,-0.44838265,0.78669274,-0.63923687,1.0392053
0.24094573,-0.18784252,0.5976264,-1.705068,0.4076031
0.39694142,-0.053840354,0.8042393,0.26661766,0.5499572
0.800018,-0.614986,-0.06528883,-0.639929,0.40749338
1.1548026,0.017302318,-0.023785638,-0.24070163,0.6591954
-0.48932967,-0.50819033,-0.62900317,-3.084175,0.51685405
1.8046964,-0.43650562,1.7447045,0.9551551,0.617462
-0.9477012,-0.21516876,-0.23459095,1.8951236,1.7128239
-2.960301,-0.4416482,-2.6354182,-3.9072952,-0.3678669
0.6115213,-0.24959743,0.42836696,1.3172195,0.9732342
2.0066383,-0.4214022,1.3069161,0.8449561,0.7681773
1.2605572,0.03540501,0.07596124,-1.1127526,0.58300203
0.85496855,-0.4263289,0.6767264,-1.2678795,0.27860618
0.12513088,-0.1434052,-0.31825265,-2.319808,0.6796521
0.9246873,-0.3509007,0.64904255,0.43588394,0.41620603
0.64758515,-0.06842656,0.8088956,0.30353656,1.153588
1.3199822,-0.5412639,1.1794031,0.4831967,1.0390742
2.0440187,-0.15244198,1.069456,1.8444548,1.1289989
3.748632,0.88831216,1.3854148,2.5849252,0.55036765
1.7290189,-0.05563619,1.2313341,-1.466646,-0.059877217
1.3153033,-0.12064378,0.21152873,-1.9663345,-0.14340843
1.4719702,-0.22809632,0.6616344,0.5226368,0.8378321
1.511997,0.03786009,-0.079572685,2.344967,0.04854153
1.8020192,-0.18349794,0.943666,0.84686077,0.6874641
0.7887269,-0.3957674,0.6897332,-0.12620501,1.001046
0.88865376,-0.3620374,0.4636777,-1.0499375,0.027982375
2.2555938,-0.15123555,1.3924471,4.2787886,1.5847788
0.8257145,-0.13818546,-0.16521455,-1.5409886,0.15080205
1.5144037,-0.29197556,0.6275552,-0.111539595,0.8757628
1.135117,-0.028055832,1.0627762,2.2982953,0.06362207
0.26146048,-0.4806115,-0.35295826,-1.6733593,-0.11875918
0.30766386,0.49965802,0.32936594,3.8451543,0.12868942
-1.5258629,0.5655867,-3.154212,2.7251756,0.07764906
-1.0371954,-0.7457944,-1.1623516,1.9595999,1.9991932
0.25591567,-0.6753123,-0.46030602,-0.063703634,0.8796942
1.7549807,-0.0566402,0.56884754,-0.88295716,-0.05293027
0.3184805,-0.43592346,0.19445843,-1.8901095,0.27821037
1.7890712,0.64724123,0.8961407,1.798027,0.89109623
0.3270052,-0.34243867,0.109127626,-2.3343215,0.6253932
1.3193214,-0.23701163,-0.122716986,-0.897328,0.07898174
2.2951646,0.2152915,0.98434645,1.1390171,0.66525507
-0.12625235,-0.9849114,0.028395988,-1.4906819,0.29929382
0.887765,-0.30304122,0.7887978,-0.9730077,0.5199549
1.9237134,-0.2560175,0.4219863,-0.84359586,0.7896595
1.168434,-0.33540094,0.11588383,0.7497168,0.011042743
1.1131167,0.796597,1.616047,-0.51597834,0.68244725
1.5276309,-0.45716524,1.5448747,1.8440685,0.6849972
2.581809,0.31019032,0.5387942,-0.3530448,0.89393175
0.99946773,-0.45319068,0.39171973,-0.7166402,0.7312364
0.7360498,-0.16544887,0.49734882,-1.291688,-0.15422705
1.1413164,-0.38387054,0.4034585,-0.83392274,0.77639496
0.86673474,-0.21295963,0.10471447,-1.3073393,-0.4250154
2.0400245,-0.058793645,0.36389193,1.799539,-0.054263826
0.84110075,-0.73334944,0.30004594,0.9683225,0.9064602
1.7753415,-0.027595688,0.703246,1.0717207,0.9215526
1.4594626,-0.23652045,0.49919915,0.21597724,0.5071116
1.8315465,0.6492206,1.1042778,0.13340002,0.82152987
1.0423197,-0.62583834,0.50128376,-0.6857366,1.3264571
1.7750031,0.1477143,0.7287315,-0.16060832,0.51306975
1.8943392,-0.061591383,0.8553188,-0.73621464,0.4332302
0.8305887,0.40296152,0.93039054,1.2936274,1.4612142
-1.0334861,-0.7414211,-0.6910791,-2.9143794,0.42267805
-1.8443799,1.0596548,-0.8326877,0.7032367,0.855051
-0.8965476,0.47235447,0.37634456,0.715204,2.2696383
0.8728958,-0.3458315,0.26331723,-1.3405706,0.68738467
0.48426634,-0.7112771,0.50218344,-0.8671274,0.82993406
3.0238068,0.2875429,1.374732,2.9407594,0.7726787
0.4718994,-0.3616555,0.34743473,-0.6738917,0.41447872
1.7874455,0.11463587,0.31324846,0.8909608,-0.14039914
-0.09327197,-0.6135253,-0.7921046,-1.5246853,0.01313427
2.3827891,0.34248602,0.9656599,1.210384,0.721865
0.40891057,-0.46827078,-0.6724126,0.60048586,-0.059731156
1.0312184,-0.04544942,1.2174804,-0.6602545,0.8500822
0.4630261,0.33390355,0.6932743,-1.7942009,0.7525016
-1.7432227,-0.7706809,-2.0139198,-1.8961959,-0.3666692
0.8068785,-0.5428299,0.5438376,-0.14039733,0.6294309
1.7958488,-0.008425115,0.14055961,0.52176565,-0.17412359
3.406656,1.2991036,1.0740619,1.4183455,1.8231618
0.48574036,-0.6473025,0.25978908,-1.0955502,0.5765001
-5.1077294,1.4031465,-6.954498,7.8286896,0.7341505
1.1947299,0.822492,-0.68193716,1.8911183,-2.0079262
-0.38331887,-1.3717766,-0.09258697,2.0023386,2.5683475
-0.3348293,0.33795476,0.3362131,-0.7918673,1.2642936
1.1689184,-0.3224923,1.1561574,-0.2858482,0.94965523
0.6148111,-0.2111288,0.29830572,-1.9579221,0.019082155
0.6689928,-0.47472858,0.31362092,-2.0797782,0.25084475
0.29372424,-0.515795,0.3832885,-1.3288234,0.49563584
0.4382153,-0.52332884,-0.26215214,-1.8680806,0.19828057
1.2815853,-0.18136956,0.9148284,0.6702966,0.40172637
0.77708113,-0.20858957,0.37506536,-1.5635289,-0.11552255
0.63320714,-0.271076,-0.3929774,-1.7438316,0.27059424
0.5091845,-0.35777074,-0.73740923,-1.2573756,-0.35687774
4.23865,2.310709,0.103280775,-1.9432126,0.27898726
0.7694102,-0.36664164,0.6823465,-0.6331583,0.7499183
0.78857505,-0.56265944,0.07694309,-1.3919476,0.424808
1.0058299,0.06560977,0.50529337,-0.70130205,0.19342017
0.643974,-0.20733216,0.8197294,-1.325598,-0.009893268
-0.37991023,-0.7448437,-0.73477906,-2.0487425,0.22024305
-0.22240192,-0.52532756,-0.94754535,-0.06350793,0.018458156
1.7551147,0.5845129,1.1302722,1.7477615,0.5631402
-0.2787391,1.2842165,-0.37119487,-2.7654018,1.1860678
4.107695,0.94210315,1.6636776,2.8103452,1.2926849
0.92021054,-0.6503898,0.51978654,1.1324357,0.6211066
0.8925866,-0.30633488,0.51321167,-0.91643727,0.587662
0.5144608,0.9561915,0.7616905,0.06298374,1.2590048
0.7874191,-0.3699119,0.47173047,-1.7277327,0.09833423
1.5508606,-0.34799433,1.0366583,2.6490862,1.3350323
3.712156,1.2699203,-0.042283643,1.4426132,-0.18765143
0.44570544,-0.72629875,0.7125579,0.37745464,0.51115686
0.37187707,-0.26244336,-0.07250154,-1.563415,0.093393266
0.041084416,0.6951665,0.1209164,0.7544016,1.411152
0.92687154,0.40899515,1.4539847,-0.09056518,0.90965575
-0.6372597,0.06521878,-0.062082786,1.0474756,1.3581508
-0.08892163,-0.59910023,-0.00649935,-2.0165756,0.4017834
0.05452351,0.8358732,-0.038689144,0.7654953,1.3039815
-4.8288984,0.38305843,-0.6082486,-1.4951259,0.92600423
2.5250182,0.3584851,1.2830504,1.4116641,1.6752342
1.1269906,-0.0881217,0.7000556,-0.12126311,1.0493085
1.0493312,-0.6991919,0.5250226,0.3940348,1.1914406
1.4607471,0.5277922,0.7686044,0.00018489361,0.81627756
0.40082043,0.24063857,0.57085705,0.6419208,1.1999279
1.54904,-0.35206363,0.5339069,0.9174908,0.70925695
1.1730971,-0.08052771,0.83340883,-0.56117964,0.2670476
2.8398874,0.3439315,1.4190838,2.7450304,1.9418497
0.73590827,-0.24462527,0.2556687,0.26151276,0.091841064
0.33410323,-0.7439214,-0.09380211,-2.439576,0.48778537
1.7247095,-0.25463468,0.8563382,1.6724098,0.6926995
0.78552574,0.30819547,-1.0888517,5.58012,-1.2926202
0.61958003,0.68018377,2.0313537,1.0429187,-0.8174512
-0.4171589,0.6235311,-2.4714034,2.9211981,1.4793491
0.3857831,-0.56340927,-0.107017875,1.6159002,0.5386601
0.77577966,-0.14244367,0.40642542,-1.2309058,-0.043308403
1.087101,-0.18831739,0.60489756,-1.126751,0.81846154
2.7007844,0.3654134,0.56005925,1.1038455,-0.9805436
1.6020724,0.055685956,1.1386498,-0.16414975,0.114052445
1.6011549,-0.25897908,0.44665825,1.5660166,0.8919605
-0.802045,-0.54615605,0.35393524,0.7333385,1.5090035
3.4163415,1.194667,2.1044626,2.211748,0.574558
2.012225,0.20946568,1.1221627,0.782909,-0.023345584
1.4294456,-0.45286712,0.44592255,2.2876778,2.2884471
0.76317644,-0.59618825,0.12813343,-0.7847932,0.7612455
1.663797,0.15327385,1.0334313,0.9465175,0.4017955
1.9059409,-0.17859466,0.8521531,-0.6367732,-0.007311702
2.6881635,0.14210042,1.0014726,-0.18289724,0.14837526
1.7172801,-0.5000069,1.1494642,1.5602801,0.83028984
0.45686072,-0.81153786,-0.1408733,-1.24745,0.5024624
1.1333073,-0.21249908,0.5534297,-1.0301244,0.23570472
1.1883254,0.45863974,0.896317,0.38632247,0.96974385
0.96005684,0.5154722,-0.3904372,-1.4935026,0.19696523
0.3281099,-0.53144735,0.6095949,-3.1564965,0.47330943
1.5110042,0.029314375,0.77532595,1.46887,0.37679505
0.70993304,-0.44462937,0.4923568,-1.9143746,0.62666047
2.1073973,0.4282307,1.7222521,2.618912,0.5783826
1.292109,-0.45380694,0.88157606,-1.448653,0.49009663
-3.464642,-0.31222743,-2.5458648,-3.6548,0.592099
2.4766512,0.13166828,1.7047099,0.74109817,0.26920724
1.8429323,0.11901741,1.2419107,-0.6216263,0.05612718
2.057426,0.5818992,-0.8497593,3.8636513,0.3679784
1.8177023,0.60147196,1.9268774,2.6946805,1.3549963
2.4289382,-0.4524606,1.7394017,4.819269,1.0014949
1.731454,0.68404984,-0.033453666,0.36880016,0.049926944
2.481728,0.61280024,1.0899782,1.9146883,1.4424938
2.2194412,0.077394485,1.134487,0.0060572326,0.17381936
0.7553076,-0.51870275,0.4214849,0.25082204,0.1157533
-0.44992322,0.9186354,0.06788672,-0.73920786,0.62554085
1.955798,-0.20700656,0.49977067,0.17061299,0.0063402653
3.0980976,0.22529663,0.6491726,-0.02844017,0.53098106
0.8487678,0.27328777,0.4762293,1.0396646,0.22432563
-1.1043515,-0.526152,0.052670762,-1.5665827,0.20373125
1.1950328,-0.4335801,0.6461196,1.50681,1.035013
0.062942356,-0.16876616,-0.7411284,-1.2516356,0.044055995
3.0094872,0.327353,1.1696682,1.2465907,0.5049412
2.4037018,-0.1106834,0.49206254,0.7429147,0.45678285
2.0074303,-0.05608798,1.0283873,-0.6021975,0.82658434
2.1712804,-0.32964918,1.088031,1.483255,0.48593637
-5.097458,0.22213173,-3.2011626,6.001651,-0.6585026
-0.043118417,0.64968705,0.5754677,-1.8462676,-2.1535747
-1.9968944,-1.0098324,-1.981464,5.6201773,2.3301609
0.18938498,-0.3463441,-0.08774343,0.5998999,0.37857255
0.45469537,-0.22415847,0.25680777,0.6981957,0.50658804
0.6666335,-0.53090465,0.10353105,0.97880316,0.48927665
1.335354,0.008810459,0.44167122,-1.1378914,-0.29416317
1.8689361,0.021648372,0.97001433,0.0022806823,0.4772736
0.28670993,-0.5993717,0.6094127,0.80162555,0.72219664
2.9201226,0.8121418,0.11116718,2.4742265,0.03843654
1.1360186,-0.56760335,0.5008911,-0.42560837,1.0209078
0.9283936,0.19355682,0.7322212,1.3180423,0.6663901
1.6460783,-0.5247831,0.14815478,2.67102,0.7081082
0.3473945,-0.24701369,-0.22838695,-1.9268931,0.5901906
1.1485164,-0.29691878,1.3999927,0.7402783,1.0854844
1.1811466,-0.32403177,0.7732106,-0.36372805,0.77884424
1.0251176,0.8873311,0.6486715,1.972373,1.0663474
0.90887386,-0.6160076,0.34769848,1.0018488,0.78490525
1.36412,-0.44620162,0.3781807,-1.3084185,0.03205912
2.8216717,1.4546012,1.0076715,0.6284777,-0.043339517
1.3912156,-0.21886638,1.1774615,-0.24287501,1.0311288
1.1876843,0.19714989,1.2395381,-0.58903897,0.7264799
1.0266515,-0.19516194,0.3551398,-1.2493119,0.07009713
0.76651573,-0.2582399,0.3959568,-1.1823014,0.57081634
-0.282997,-0.5407674,-0.515123,-2.002914,0.08748261
1.689999,-0.22594808,0.5834206,-0.22244921,0.5003888
0.43802264,-0.65535986,0.26346672,-0.9369001,0.6100646
0.49006778,-0.42001587,0.0057439804,-1.2359576,0.69878215
0.15507641,-0.25134453,-0.49029252,-0.96384466,-0.15674114
2.3329449,-0.031629696,0.9701148,-0.43578562,0.27547607
0.527432,-0.6039437,0.3241467,0.35835204,0.72036207
-0.036747925,0.19961298,1.5987439,0.84144735,1.3539735
1.5018071,-0.05235594,1.1760085,0.8154056,1.6501968
0.87012446,-0.32014006,0.6356401,-0.9002232,0.01765093
0.89654183,-0.63721865,-0.26838413,-1.031615,0.57731915
-0.057711247,-0.11160268,-0.4431053,-1.3928164,0.06869616
0.99202543,-0.36088702,1.0797614,1.0817198,0.12670079
3.245077,0.70912087,2.1260445,3.300715,0.9840588
1.3218203,0.14100154,0.42240852,-1.2174829,-0.54856026
2.0747182,0.006867348,-0.055318497,1.3853524,0.0043947995
1.0369446,-0.10549124,0.19889277,-0.7120731,-0.08488118
0.6365605,-0.45887527,0.2947687,-1.3681784,0.15458918
0.93656397,-0.10694185,0.4901137,-1.6947316,-0.19601199
2.1991746,-0.06466209,1.133863,-0.0023052692,0.04727452
0.12122415,0.11492313,0.038881667,-0.5119893,0.89322114
1.9268701,-0.10665907,1.1252561,0.8305987,0.07976303
0.60405356,0.22235453,-0.049278982,-1.1945348,-0.18583483
-0.095724784,-0.21466652,-0.042102445,-1.5299915,1.2434744
-1.1360345,1.168458,-2.5680575,4.0731783,-1.477176
-0.40864542,0.5507245,0.10747652,3.5223696,-1.3126143
0.06343928,-0.8385101,-1.452663,4.28996,1.4838885
0.33663055,-0.06544496,-0.21353526,1.6230937,0.88931835
1.8765899,-0.15550493,0.26864,1.3063534,0.048672896
1.1771413,-0.2707094,0.21687227,-0.23759206,0.13052337
2.7952418,0.1949001,1.4375573,2.6001828,1.0458664
1.0005926,-0.08571594,0.61972,0.93461734,0.26200417
2.8077066,0.15343773,0.70103955,0.44147304,0.3219834
0.61170876,-0.35440916,0.088728674,-2.3619757,0.38343754
1.199915,-0.19944228,0.24905048,-0.6077523,0.07371579
-0.306471,-0.79650474,0.2362815,-2.8423898,0.45846862
-0.14379495,-0.653296,0.44313136,-2.4464257,0.70246613
0.0059181824,-0.6181345,0.9335878,-0.7600271,0.3229504
1.2845118,0.7814454,1.24088,1.6326141,1.3593832
0.015104544,-0.33687356,0.1688892,-2.2059627,0.5029981
0.788524,-0.58730495,0.51231426,-1.7371911,0.5432184
-0.4384221,-0.39882833,0.33800754,1.2690972,0.95673454
1.3440243,-0.5052109,1.1101129,1.136027,1.0861757
-0.044888154,-0.20557427,0.20531891,-0.67136425,0.17725644
1.7727786,-0.14901726,0.44597575,3.6461685,1.0075988
2.0543811,0.29403198,1.5617744,-0.72466445,-0.036429714
1.0928893,-0.03887336,0.953049,1.0785289,1.0316199
1.6691047,-0.12167807,0.8842226,-1.332644,0.73044
1.1794784,-0.07244371,0.67038006,-1.0839874,0.7509167
0.84176207,-0.24441677,0.80411154,-0.36875397,0.5108717
0.75450706,-0.53673166,0.5065755,-0.14134145,0.5937232
-0.08898296,-0.6619048,-0.022746015,-0.23382257,0.7928463
0.95949775,0.9886136,1.4927092,1.3945315,1.349095
1.1871681,-0.42972904,0.8356107,-0.8651982,1.2499781
1.4347477,-0.1706515,1.2691984,-0.7407,0.2717402
1.4033777,0.052138396,1.0485114,0.53537345,0.81849957
0.13806026,-0.28256077,0.33078676,-0.5757583,0.04166371
0.50011677,0.29869252,0.75114334,0.78802997,0.6340957
0.44675186,-0.013634852,0.15499684,1.4249048,0.6785308
0.18846585,-0.59609205,0.10299314,-2.1257365,0.9223953
0.018398227,-0.48077118,-0.023897754,-0.43670303,0.45079058
0.36702025,-0.3525655,-0.38990626,-1.2012155,0.16047207
-1.7574596,0.15835272,0.835518,0.79066026,0.70155746
0.6932268,-0.35959885,0.7854288,1.2136213,1.6720117
-0.20712984,-0.6260779,-0.06831026,-2.8552098,0.4383697
0.006516494,-0.482336,-0.8126622,-1.3209124,0.21361278
2.9367576,0.49377635,1.92488,2.1862912,1.4563289
0.21852991,-0.1697273,1.0832224,-0.9857295,0.123042405
0.92150307,-0.04536955,0.41263533,-1.3918113,0.1392177
0.60592484,-0.7645043,0.19617963,-1.4137561,0.45908466
0.57106256,-0.46947274,0.24950226,-2.0584383,0.38229516
1.5298797,-0.21665967,0.6475448,-0.7528672,0.5693226
-6.990865,0.42976177,-3.6820364,-1.5146908,1.0304313
0.22929202,0.72711384,0.43054813,2.1160676,-0.7809351
-1.8038244,-0.7576847,-2.173835,3.168643,1.9927272
2.4865646,-0.2103263,0.751114,2.4287941,1.9569696
1.4059992,0.0028946996,-0.08957236,-0.56406134,-0.08770645
1.0718541,0.051810574,0.9036131,-1.0019412,0.26574874
0.7616082,-0.25506416,0.5795398,-1.0964677,0.3529217
1.1925291,-0.30318144,0.5322536,1.1708075,0.850381
1.2077651,-0.07191445,0.4140718,-1.62764,0.08908149
2.9592001,0.44742972,1.1335921,-0.31314823,0.3608683
-1.1532502,-0.30956745,-0.9255031,-2.7220147,0.48905033
1.5522953,-0.27998132,0.8979306,0.7350901,1.0476218
1.4565909,0.051148385,0.50082994,-1.1675552,-0.046686817
0.7400766,0.20914334,0.06478034,-1.1831363,0.67965555
1.695189,-0.07688103,0.8801137,1.6605911,-0.5945439
0.6074445,-0.4513955,-0.21374133,-1.8969252,0.29338628
1.2102965,0.2626003,1.8886567,1.9964967,1.0588478
1.0714437,0.07389649,-0.14311096,-1.1725538,0.6958661
2.0043466,0.17639416,1.5352712,1.2640634,-0.53685004
0.9842963,-0.40416208,0.31550258,-0.39590117,0.73734367
1.471765,-0.19518578,0.17312434,0.15928265,0.3930266
2.1043663,-0.18842763,0.809393,0.121864006,0.26498306
1.4910136,-0.29778466,0.6111549,-0.12084317,0.9088182
0.8323336,-0.056986194,0.6943375,-1.429655,0.37981772
2.2498126,0.38954055,1.072066,1.8624976,0.80374247
0.776422,-0.38501832,0.15076838,-1.7952335,0.21771522
2.1675515,0.15672354,1.42863,-0.8272787,0.36472148
2.0090044,0.20838909,1.2364122,1.5524218,0.8752188
2.0561469,0.33077598,1.2593982,0.43359876,-0.20290679
0.926641,0.3022748,0.4481772,0.7010819,2.0886526
0.6024077,-0.652687,0.46437263,-0.25610593,0.10134012
1.4613936,-0.06500778,0.4286601,-1.5971093,0.22481994
0.28736132,-0.27269366,-0.2393025,-1.6742619,-0.044037845
2.2917325,0.13411999,0.89331126,-0.6490738,0.47361007
1.605748,-0.22210671,0.13739108,-1.2191831,0.12864017
0.34065685,1.1902974,0.10089017,-1.4987004,1.3275999
1.2361841,-0.4450366,0.20464064,-0.51121354,0.47001398
0.45963722,-0.57493246,0.12226174,-1.911099,0.2008119
0.08112728,-0.23564802,0.44832662,-0.0080192685,0.84292614
1.7285417,-0.32773197,0.7169311,-0.3793712,-0.018911894
0.6436392,-0.6767018,-0.20272015,-0.24368142,0.5420788
2.5490701,0.24175613,1.1073263,-0.37421748,-0.24175332
3.012913,-0.17763087,1.7162362,3.1665304,0.6897488
-0.22476125,-0.53282744,-0.25433826,-2.863448,0.61934435
2.8627849,0.9164768,1.0001942,2.1569636,0.5869138
1.9088348,-0.22549115,-0.18822698,0.9415806,0.4175255
0.3012171,-0.04402013,0.7533754,0.22506711,0.49761534
2.8221495,0.25687793,0.8421821,-0.14893079,0.1404363
6.7282867,-0.20108612,5.374062,-0.50377136,-3.1457665
0.7249098,0.32309338,1.3988607,0.2372567,-1.3555396
-0.38160032,-0.7822373,-1.0547537,1.4268622,2.129907
0.4287113,-0.55016994,0.32220504,0.6899814,0.16876099
0.7053081,-0.2695262,0.3755329,-1.2469589,0.4223661
2.7120552,0.1687009,0.33425903,0.08752921,-0.071805775
2.2385435,-0.1394837,0.9430108,1.0873648,0.4047948
1.410908,0.17462833,0.18658276,0.96082306,-0.09524278
4.2464027,1.2432222,1.3940916,2.9358342,1.1463878
2.079593,-0.09052536,0.4008459,0.94128776,0.23128858
3.8812997,2.7215786,-0.3652991,-2.6905804,0.11387874
0.8494224,0.29753304,1.5340482,1.3436496,1.1778675
0.08405605,-0.5800464,-0.3528122,-2.2456563,0.21336389
-0.7633333,-0.47277555,-1.2689322,-1.7098142,-0.33582804
1.7958604,0.019432878,0.45283818,-0.6260543,0.07434411
-0.0017658323,0.031284884,0.9914201,0.9468713,0.42207664
4.4722953,1.1944247,1.0626068,2.57396,0.9605461
2.2222614,-0.13951886,0.7711076,1.1769719,0.60745996
1.7563314,0.5916452,0.874321,1.1985037,0.9661094
2.1989493,-0.07484236,1.4317863,2.2622917,0.81893563
1.0716231,-0.62606364,1.6335914,1.7667084,0.43017828
1.203961,-0.00087857246,0.1637662,-1.6315496,0.5229305
0.07185874,-0.6446069,-0.49371487,-1.1738495,0.1500856
2.1301737,-0.01392602,0.22067466,0.22285832,-0.23604694
3.4467623,1.4332652,1.2169976,1.5299474,0.8751325
-0.13616018,-0.43976063,-0.0041947365,-3.140067,0.84973425
0.1640712,-0.47655818,0.24236313,-1.1756773,0.023244465
1.5839292,-0.09919289,0.8909756,-1.3166165,0.28346807
0.8265868,0.3680682,0.5301624,1.0712,0.57483274
-0.1851075,1.0102351,0.7465594,-0.48185948,1.2037665
0.07868979,-0.45787454,0.121106654,-1.8205143,0.31863478
1.9305811,-0.12997194,0.72552896,3.0584586,0.7206359
2.020538,-0.38354796,1.3035109,1.6861821,0.8527868
2.3725648,0.04404278,1.2397997,0.40276778,0.9370469
1.735006,1.0350635,0.8665594,1.3773884,0.5984072
-0.122265846,-0.5859177,-1.1282138,-0.034239728,0.15263858
1.5198992,-0.03847878,0.350411,1.2462057,-0.30082512
2.152073,-0.21485747,1.1638217,1.5667975,1.0773145
-3.4091887,0.31930166,-2.5962183,-3.9363742,0.6745833
0.306378,-0.74738085,0.19119494,-0.19517063,0.85062456
3.7651956,1.5969865,0.28930688,1.6569046,0.67261213
0.08567337,-1.0209634,0.1301956,0.0686269,0.82458603
1.5514474,-0.029854983,1.0529033,0.8815616,0.11648447
1.7283441,0.3431165,-0.49754006,2.7830036,0.07286795
1.3423359,-0.3644413,1.0401189,-1.6131266,0.56112206
1.6481704,-0.26848686,0.8464748,2.4564428,0.92871696
0.5206664,-0.41349068,-0.43853706,-1.847143,-0.2598834
1.130332,0.16544738,0.96904516,2.988773,0.4529594
-0.2244475,-0.2077519,-1.7396792,1.2699063,2.2883122
1.3610089,1.19777,1.4587492,-0.58521545,-2.2040372
-2.7661338,-1.3001071,-1.757019,4.330722,1.9623485
1.0253595,-0.38754684,-0.4431438,1.72909,0.45020393
1.5095757,-0.20587605,0.7743864,-0.44518992,-0.19023375
1.1693486,0.09273711,-0.13695057,-0.76393634,0.5357614
1.0892073,-0.258597,0.59719986,-0.5626259,0.18483922
0.15148093,0.4211785,-0.6111572,0.8768148,0.8802572
2.6578112,0.37793982,0.21994884,1.2089736,0.5691187
2.055242,0.6114953,1.4565696,0.72443444,0.078575544
0.6089486,-0.58215076,1.0852599,-1.580427,1.1740329
1.8207681,0.06353859,0.8798629,0.4590966,0.698118
0.5502487,0.53707755,0.98052216,1.4350255,0.8158389
0.35061216,0.123071715,-0.043402538,-3.0188777,0.4901891
1.9711131,-0.026742455,0.7177691,-0.3360561,0.20097956
2.173867,0.06775186,0.5821138,-0.5168102,0.078954086
1.488689,0.26806873,0.86292595,1.5256137,1.1332412
-2.1428072,-0.3405684,-0.75226504,-3.9291027,1.1406434
1.0489858,-0.7060713,1.2493145,1.0372909,1.190249
1.020417,-0.05464559,0.112560086,-2.2704217,-0.21534121
1.352947,1.3589158,0.329615,1.6513089,0.8909805
1.9305332,-0.30291733,0.60659796,0.089700714,0.27389458
0.19936001,0.13558778,0.019060902,-0.6126405,0.7015056
3.4275346,-0.45922473,1.9903836,8.303984,1.7097259
0.67627245,-0.2755683,-0.8446823,-1.4599724,-0.087098874
3.5244005,0.49020487,1.6629606,1.1331547,0.38487712
1.1432502,-0.4140247,1.5655425,1.2918187,0.45665666
0.96545374,-0.2775716,0.8249664,-0.2868562,0.9992021
0.82486033,-0.16656885,-0.15406711,-1.8583262,-0.20674135
-0.0058302507,-0.14130427,0.30093926,-0.19217803,0.4456045
2.1807082,0.17508356,1.1395864,0.58961016,0.539753
0.46739566,-0.75458467,0.11902296,0.43640214,0.5739809
1.3895633,-0.058652386,1.6464123,0.44718698,1.3242025
1.2565917,-0.43896553,0.424961,-0.552382,1.1887547
0.6329627,-0.20297779,-0.31800133,1.6463273,0.2649243
3.022589,0.101298206,1.3107991,1.3087671,-0.45345017
1.1141464,0.7690975,0.91310763,0.022194114,0.79098177
1.4537034,0.46535668,1.3276976,2.2161067,1.1600778
1.3626822,-0.3244075,0.20454551,-1.0201273,0.20693061
0.91932756,-0.10940413,0.22037007,-1.5513513,-0.39231282
2.3599985,-0.26090777,0.6611141,1.9947172,1.1321452
1.3975632,0.0044643874,1.4050678,0.6655582,-0.29035908
1.1056314,-0.16663708,0.651927,0.08547868,0.8262778
-0.02719421,-0.620989,-0.2537042,-1.6007906,0.3899685
0.91264653,-0.15966341,0.47094843,2.0206182,0.19705251
4.1070414,1.175793,0.82134473,2.067491,0.9230117
1.6676236,0.027798342,1.150025,-0.23984507,0.93109304
0.9449632,-0.35118854,-0.38621476,-1.1070784,0.12101142
3.90659,-0.3812875,1.5617057,2.6534033,-1.8733628
-0.98218626,0.517161,0.790939,5.1473165,-0.9650138
-0.25839552,-0.8206358,-1.5000741,3.2787135,1.5902807
2.4186366,0.71031696,0.38248926,2.6516876,2.021195
1.3627423,-0.07612528,0.12987286,-1.0863117,-0.12951133
2.731214,-0.28936026,1.2721071,5.6265063,0.8405342
2.1532772,0.2952528,0.86123633,-1.0219921,0.46564883
5.1307006,1.9123231,-0.001057744,3.2476141,0.72139597
0.488522,-0.2571856,-0.285412,1.820638,0.2933336
2.2110379,0.3473145,-0.1338194,0.45745844,0.00030854344
0.22361216,-0.6803628,0.24332218,-1.1542426,0.7730371
1.4505001,-0.22420435,0.42707545,-0.69805217,0.25694686
0.19926411,-0.4142639,-0.43851668,-1.919002,0.7596037
0.9740455,-0.13068081,0.9887897,0.6986872,0.121313915
3.575532,0.07910176,2.0010638,7.2187314,1.0135645
0.80502,-0.22058038,0.3975801,-0.42722493,1.0520619
1.700272,0.23998988,1.1222733,0.17298803,1.5489932
1.1782678,-0.037990924,0.25675797,1.2107828,-0.0043394864
1.2905285,-0.26315126,0.44695255,0.31128278,0.5120762
1.7477891,-0.11181276,0.798527,-0.18346272,0.6871981
2.02859,0.69115394,1.4227573,2.1625102,0.6566039
1.7812556,-0.24896869,0.90505826,1.5162178,0.09256012
1.4384148,0.425664,1.0864903,1.0470314,0.71762747
2.1008976,-0.041728076,1.3261154,-0.31791177,0.17840673
1.7388057,0.81091636,0.9866754,2.2356808,0.6296399
1.9568604,-0.03592178,1.4817575,1.6093934,1.2953691
0.8498305,-0.36254513,0.05020875,-1.1826668,-0.17002624
1.656701,0.012584023,1.1523314,2.4759946,0.9022994
2.5784752,0.39234516,0.82529086,2.527745,1.2422037
0.92642665,-0.1820372,-0.010181068,1.8169433,0.4576642
0.10509196,-0.23566203,-0.1367354,-3.080877,0.65907097
2.4689167,0.33419555,1.5213282,2.217632,0.73010665
0.1443754,-0.034167036,-0.53534967,-2.4219394,0.20176515
1.0225292,0.4402795,-0.27801847,-0.95686495,0.102492176
2.124419,0.24665537,0.77588445,2.488635,0.68743306
2.140826,-0.24574517,0.73996824,1.4438442,-0.0021235049
0.907754,-0.3695143,-0.31549695,1.3308167,0.62666136
1.797209,0.6241324,1.6353619,1.2276146,1.1157013
1.2611439,-0.12603986,0.23984261,-0.8561976,0.07227853
0.8502571,-0.118242055,0.32246318,-1.1467469,0.13866027
1.7371032,1.2505757,0.36463684,0.8574242,1.0210873
1.1911726,0.37016577,0.60271746,-1.4395201,0.28262463
1.9356427,0.30014795,1.1785265,1.9638981,1.2561013
1.3263979,-0.1656372,0.81617326,2.8304217,1.0038186
1.5347373,0.116053976,1.0917335,-0.6385418,1.0330087
0.9098852,0.17857173,-0.10609266,1.3249176,0.27527127
1.1101338,-0.43837184,1.0157198,-0.0629621,1.1083452
2.242969,0.29025894,0.96358824,-0.3580649,0.017341522
-5.6178985,-1.6986423,-2.4773917,-5.795359,-2.4515855
-3.1046999,1.143106,-1.9099265,1.7268047,0.12244262
-0.50139666,-1.2627945,-0.5666027,1.6576992,2.5840883
1.3027025,1.2971746,-0.39726767,0.19415177,1.082335
0.42206424,-0.5036975,0.6347657,0.16832942,0.61299056
0.74121994,-0.40719125,-0.48749712,-1.1249002,0.13961267
0.8166871,-0.66915894,2.2462552,0.66813976,0.1429599
-0.7883907,-0.1758591,0.7394051,-1.2800055,0.3314053
2.7644098,0.34835067,1.5288513,2.7033534,1.7288736
0.93687314,-0.22320168,0.33131322,-1.0853529,0.10022437
3.4181497,1.5697228,0.563258,1.6411337,0.9758146
0.10361656,-0.08584975,0.5685828,-0.656911,-0.30615965
-0.10505112,-0.09578322,0.016811784,0.06002348,0.6860501
1.2700448,-0.028694194,0.6906764,-0.724575,0.31894502
1.3248289,-0.1070688,0.45942205,0.6605779,-0.21315648
1.9645629,0.91074884,0.9076988,2.269437,0.79856086
1.1390846,-0.43210524,0.2804596,-1.5274066,0.79622823
0.2610057,-0.36351806,-1.3859769,-0.60322,-0.24062812
0.2711222,0.18296853,0.037804674,-1.819118,0.14818858
2.4117186,-0.2367084,1.1755978,2.9449546,1.2792684
0.68746114,-0.21193966,0.08277644,-1.6431959,0.0023559928
1.4080629,0.059338704,0.36956358,-1.0155712,-0.08099806
2.2021704,0.04902264,0.59956217,0.680027,0.3621792
2.098807,-0.23577613,1.0469928,0.38501266,0.09628249
0.7696889,-0.022204481,0.6169325,0.4734879,1.0896442
1.1066728,-0.2452296,0.24617784,0.07239852,0.36843118
1.7961501,-0.08946538,0.7220335,2.242749,0.80133307
1.8527262,0.076163724,1.4943174,1.7701074,0.67937386
1.1497025,0.018917896,0.15622097,-1.8442979,0.3313379
0.26527628,-0.41230565,-0.2626571,-0.53403133,-0.15883951
-0.07237145,-0.62170863,-0.5369543,-2.0599785,0.45533985
1.2908883,-0.28102654,0.4273652,1.1642637,-0.37514803
1.0644453,-0.16673091,0.1514671,-0.47834527,0.48073667
0.8667619,0.65542006,0.33056825,-2.1713467,0.7265386
2.2742426,0.8107679,1.5528854,1.4478608,0.587852
1.1874741,-0.28998795,0.13821208,1.4766653,0.6916647
2.395936,0.51347715,0.85248196,3.0065093,0.710886
0.9121623,-0.4510276,0.4310258,-0.50099856,0.7639954
1.45552,-0.0670271,0.67549014,-1.6189122,0.2445879
0.34804174,-0.42625305,-0.15434682,-1.6563699,0.287178
0.67658776,-0.66874945,0.5289154,-0.5012719,0.52689874
1.9666075,-0.22572824,0.7396154,1.5380161,0.9293585
1.4285903,0.69219923,1.5469728,0.87607175,0.6294663
0.04080826,-0.5288475,-0.20941238,-2.1775746,0.18150759
1.429059,-0.004867911,1.0617747,-0.53285736,-0.3707764
1.2234541,-0.46620464,1.104464,0.11672246,0.4655132
0.9563501,-0.30500484,0.37533817,-0.63873845,0.5938225
2.659761,0.6601429,0.7909503,2.1407247,0.20575008
6.148743,0.9397084,5.933622,0.41788048,-7.551102
0.48506433,-0.032071363,-1.6013111,4.172971,-1.9258037
-1.22003,-1.4794946,-1.7395309,0.48459688,1.6281353
-2.9745097,-0.571324,-2.3993921,-2.8894215,-0.14789301
1.9101019,-0.014640381,0.7219974,1.4594904,-0.38637808
1.3379333,-0.23543179,0.38029426,-0.9884543,0.830511
2.9182415,0.31854486,1.2850864,1.5429815,-0.3156577
2.4696665,0.14041634,1.304264,2.957823,1.4024149
0.25849032,-0.40605646,0.20914403,-2.1299458,0.4765755
-0.3880495,-0.6928795,-1.061374,-1.5114708,0.10339532
3.4787767,0.2480984,2.4893043,4.4286413,1.6797556
2.8354223,1.1213207,0.70238197,1.4003531,0.24224935
1.7496893,-0.20433591,0.5250147,-0.36021152,0.21636273
0.5727272,-0.13034528,0.18605734,0.54247814,0.4837452
2.4829736,0.34482035,1.9014499,1.1874502,0.28769308
1.0451883,0.054892644,1.012743,1.7131579,0.95946866
1.591829,0.5338704,0.9441123,0.006319821,-0.047430947
0.8716621,-0.09384386,1.1386882,0.5217381,0.87971234
2.2701986,0.14982682,1.3423733,1.0602221,0.6923652
0.33765638,-0.42092592,1.5661666,-1.0819458,0.8707667
-1.2451339,-0.15309003,-1.0129486,-3.0454934,0.28148133
2.28161,0.12228475,1.2138283,2.0137637,-0.34359676
-0.6886784,-0.47745198,-0.7132625,-3.459465,0.21597382
2.869103,0.066052906,1.2976451,3.2391717,1.2965646
3.3571637,0.5058705,1.4119267,2.6316593,0.30753022
-0.2124236,0.17695844,-0.913163,-2.964161,0.21491861
2.383305,-0.068908736,0.9496126,1.0594537,0.4641402
1.9809777,-0.032902837,1.2337554,0.08670802,0.8486108
1.205699,-0.059583675,0.81958926,-1.6857475,0.4031003
1.0057422,-0.1419148,0.88618314,-0.4613729,0.07937239
1.9963946,0.12162771,1.3762066,1.7021136,0.82694274
0.8987086,-0.3882128,0.69124305,0.99439305,0.87295216
1.6200365,-0.17692955,0.3330522,0.22629246,-0.24633016
0.6029228,-0.27472794,0.19182567,-0.32688808,0.2709693
0.4781697,-0.2816522,0.56522906,-0.37051317,0.7911873
3.2029455,0.33683127,1.6013234,3.5324204,0.54383093
1.044902,-0.07682053,1.0418329,-0.67136717,0.3078085
1.0064554,-0.030296352,0.20943843,-2.4397433,0.4594078
1.71505,0.26087266,0.6508354,-0.5908352,0.265327
2.795917,1.4357984,0.12383131,1.3399304,0.14799845
0.50779295,0.30423072,0.30614963,1.5602525,0.18988028
2.3570724,-0.120926864,1.0249648,2.1307118,1.0726885
2.2615535,0.7432772,1.2669941,0.34353366,0.35096702
3.032875,0.65439314,0.82515067,2.4197323,0.95550686
2.155468,-0.0044003124,0.877353,0.468485,-0.36289817
1.5495862,0.28600103,0.19161844,1.1296833,0.5220328
0.06900287,-0.23655322,-0.28788707,-3.051486,0.36285064
1.1253324,0.5844701,0.43502253,-0.4912565,0.015558539
-1.3526032,1.2658197,-2.8722804,6.6841025,2.5432296
-4.364676,-1.0978794,-2.9319725,1.251012,0.52311194
-1.4224516,-0.1782324,-2.3013275,3.7454388,1.9699483
1.7475715,0.07188107,0.6945863,2.5016875,0.81846243
0.41079322,-0.49341783,-0.1434054,-0.24921414,0.7622922
0.43534216,0.0036793945,0.81823397,0.19423537,-0.049511235
2.3314505,0.51452696,2.146828,0.24863589,0.7426935
0.98691404,-0.08442559,-0.014031528,-1.3815569,-0.2808124
2.69655,0.98326766,1.0317273,2.3147779,0.48178816
1.0352565,-0.5120055,0.32006413,0.42365256,0.5753632
0.76225233,-0.85381913,1.0754843,2.1226904,0.91592836
0.11224616,2.0822554,-0.9837817,-2.5185444,0.879253
1.2011216,-0.5114119,0.79931384,-0.1745163,0.80406725
2.040095,0.036749378,1.1498559,2.7935982,1.4953916
0.22983207,-0.40563935,-0.42831373,-2.455329,0.19596359
1.7944616,0.24810854,1.0066347,0.26007405,0.2901629
0.65107346,-0.351955,0.18087216,-0.40358296,0.3831774
0.4105841,-0.102854624,0.33242723,-1.7109461,0.5242343
0.76761144,-0.48054877,0.15609868,-0.416906,0.34740505
1.3764409,-0.023462135,1.3235753,1.7900648,0.72570944
0.6023076,-0.38716978,0.79377663,-0.70800924,0.5896507
0.93120736,0.30476934,1.443204,1.3905281,0.835232
1.5749866,1.6327531,-0.51227695,-1.25965,0.60816145
1.2773188,-0.41701555,0.8670148,-0.5019838,0.900133
1.3451484,1.795578,-0.20218456,-0.31984118,0.67466795
1.5206732,-0.38179278,1.2486312,1.4984108,0.07132957
1.5248274,-0.27497986,0.6333788,-0.2664151,0.6821838
-0.72277296,-0.19217509,-0.48676717,-3.228465,0.14899838
3.9335277,0.65326864,0.5041187,4.5057025,0.8608805
0.31093666,-0.1799705,0.8344363,0.9355037,0.92681235
-0.015912673,-0.41080204,-0.037759375,-1.4934143,0.7913903
3.4093947,0.6886966,1.0021107,1.7654767,0.77663326
0.78654253,-0.20103487,0.25781664,-0.6078565,0.024646305
0.78286314,-0.49458143,0.699299,-1.8173875,0.44884732
0.44197905,-0.5258218,0.33399868,-2.5777998,0.3519841
0.7688011,-0.7399478,0.15381798,-1.3917572,0.9417892
0.80124915,-0.11398716,0.8095094,-0.631892,0.43648684
5.3041267,1.5731189,1.3516896,2.1680822,0.49367628
2.1390693,-0.04446507,1.3185476,-0.540965,0.49740016
2.22104,-0.090878785,0.4312375,1.0925263,-0.00504905
1.9622971,-0.123788945,0.79449224,-1.4117123,0.27400866
-0.3465709,-0.716857,0.20303835,-2.2490132,0.5736863
2.8534617,0.37600484,1.6910018,2.1164613,1.0823686
1.2713375,-0.008736251,0.5824136,2.040952,0.46074882
0.8601317,-0.17589572,0.39429843,-1.4146533,0.4319548
1.8168557,0.08423546,1.0026076,1.9351534,1.148049
0.5866669,-0.51266897,0.8128939,-1.8531576,0.27483743
1.5045128,-0.12073615,0.3385872,-1.0055404,0.4733984
1.5473093,0.33046547,0.7863389,-0.2551766,-0.501118
-1.0999423,-0.100710556,0.95520437,-0.3229772,0.9551089
-0.8577959,-1.4205295,-0.5653298,0.83327407,3.6114793
-1.0330973,-0.63212574,-0.8862284,-2.4607234,0.2904524
0.98854816,-0.19599758,0.07081756,0.085203305,0.50199497
2.2038264,0.20056032,1.1643227,4.3669095,0.322902
1.145178,0.007455944,0.6992447,-0.16960692,0.81934935
-0.39360932,-0.5942366,0.036310926,-1.429491,0.44632512
0.64910156,-0.24955484,0.4262129,-0.961958,0.07878901
1.6922932,0.24828248,0.8152621,1.405401,0.7075545
0.84905016,0.11508374,1.1615833,0.11441819,0.4444743
0.5505244,-0.28202623,0.058851827,-0.8163236,0.32199636
1.1447464,-0.28743154,0.36292514,-0.5029661,0.64132094
0.75169826,-0.31873304,0.1951152,-0.640043,0.18257493
0.15903233,-0.38412854,0.7077708,-0.040534955,0.8210868
0.6683425,-0.32724702,1.0530365,-1.2387861,0.9203248
0.75872076,-0.13836306,0.74145406,1.7937381,1.7323201
0.8576774,-0.2069321,0.09634335,-1.276095,-0.0030897558
-0.100821584,-0.8674311,0.10553096,-0.79969704,0.30725974
-0.23283717,-0.6358628,-0.60716814,-2.5551562,0.60047626
-0.3595902,-0.04116542,-0.92090696,-2.4768493,-0.0521507
2.3819082,-0.4794201,1.5467489,5.5314302,0.8560535
1.6262215,-0.4084736,0.9756744,2.058259,1.4166131
2.4046936,-0.10962106,1.2343868,2.3056765,1.1401274
1.9135417,0.35135135,0.72364044,-0.8883889,-0.22054814
1.6608824,0.20907454,0.13911124,-0.11288006,0.5503728
0.7150938,-0.5215709,0.79780465,0.8607854,1.4602255
1.4148563,0.047407094,0.43631744,-1.504642,-0.09772839
0.17829034,-0.8064321,-0.062557295,-1.8128145,0.50505877
0.37460774,-0.4066423,0.48941994,0.034937013,0.25690538
1.7458922,0.0023582578,1.0659417,0.14213116,0.4864513
0.24682511,-0.46454614,-0.22317146,-1.3599479,0.3028127
0.2796889,-0.6217152,0.06037161,0.38581112,0.40698013
0.82729006,-0.2780823,0.016934093,-0.7830692,-0.26255724
1.106561,0.38408953,1.4536108,-0.9317321,0.6673705
2.3285136,1.1905364,0.8990255,0.73481685,0.6665128
1.2242618,-0.6190406,0.8913157,0.76211196,1.167823
0.52307993,-0.6551028,0.3858174,-1.376009,0.18254554
1.6717312,-0.1799261,0.86737645,-0.3161279,0.089141116
-0.26766774,-0.87449324,-0.20173615,-2.3543017,0.6065399
1.2531428,0.16812259,0.9943463,-0.54518396,0.62883395
2.301111,-0.041824933,1.1147153,1.2215687,0.9356741
0.37175584,-0.61632645,0.122878924,-1.4927862,0.80890256
1.713695,-0.04544197,0.59956783,-0.3955275,0.025724046
2.021825,0.10427335,0.6074453,-0.6663024,0.71923923
1.5523819,-0.027409725,0.43691507,-0.53698593,0.43282062
2.3971884,0.55188787,1.1793308,1.9477729,0.67633504
0.89685434,-0.5324776,0.20895378,-1.7555208,0.22183323
0.23305057,-0.9762285,-1.7574524,-1.9815404,-0.98668057
-0.67361814,-0.44148546,0.7103561,-1.5440258,-0.11790875
-2.713973,-1.2838453,-2.340111,2.3765647,2.5864859
0.55926305,-0.5321139,0.032352895,-1.5382967,0.6789092
0.57866377,0.17549412,0.014435824,-0.17911786,0.65312093
-0.45108497,-0.36071527,0.4208872,-1.3064576,0.11428061
-0.46521693,1.167583,-0.35003403,-0.13176943,1.3567184
0.339013,-0.5568953,-0.39710242,-0.6008968,0.6022516
1.4213152,-0.19414786,0.7649524,-0.65922815,0.36711943
0.28899434,-0.5048729,-0.22566259,-1.5965511,0.32624543
1.9554429,0.8172747,0.7102498,1.2673491,1.2119446
3.1120274,0.6533623,1.2590647,2.223884,0.90026337
1.0483614,0.009600815,-0.08565064,-1.5866696,0.3624687
1.6021798,-0.54431266,1.1882169,0.6378861,0.42108727
1.4464788,-0.32317853,0.21413314,1.1329818,0.34551862
1.4424773,-0.192375,0.103671476,-1.192763,0.48927492
1.6925418,-0.17940265,1.6801996,-0.20846477,0.02767556
0.59497285,-0.42029554,0.59809697,-2.2861247,0.57371914
0.1699585,0.0076270085,-0.37999088,-0.2749039,0.17353936
1.5580666,0.48509255,0.9766864,0.35927048,0.94659203
1.1148001,-0.59467787,1.1046762,2.9850862,0.97615635
2.2015204,-0.14813918,0.94736123,3.3488388,0.9420837
1.7234694,0.122269854,1.336047,0.33343345,0.43964505
1.0127406,-0.12307589,0.99582016,-0.70651406,-0.12073313
0.60179657,-0.43116078,0.11918716,-0.6229368,0.68116194
-0.49316478,-0.87284774,-0.30391806,-1.5639117,0.21151444
0.4934502,-0.8601825,0.6684685,0.38332424,0.5827022
-0.20331462,-0.6690293,0.56575406,-1.2109056,0.39236206
1.9803736,0.02110508,1.4762746,0.6199599,-0.0328698
1.8854446,0.04672255,1.0782351,0.6536747,1.2089379
1.2570232,-0.30382815,0.8625011,1.2295612,1.1959599
1.2029654,-0.20184845,0.6588258,-0.9458041,0.08281474
-0.21351558,-0.8070116,0.08128838,0.25973868,0.8399003
1.1938705,0.25938147,0.3212246,-1.6692394,0.2889876
0.4657275,1.0299588,0.8877369,0.96032584,0.88775724
-1.1470034,-0.39629585,-0.2807302,-1.658384,1.006518
2.790048,1.1274506,1.1504889,1.507813,1.1730874
1.50319,-0.18681587,0.51356363,-0.5951591,-0.052505914
-0.93236446,1.2387629,-1.5521768,0.34533423,0.81192595
2.3799124,0.8696392,0.6522833,0.2285514,0.70461947
0.87999195,-0.2812359,0.20354226,-2.241815,0.19403118
0.68708026,-0.44123444,0.6349659,-0.5920563,0.09027935
0.13927825,-0.31626433,0.4120524,-1.1902641,0.7607109
1.1137681,-0.025404936,0.8635091,-1.1722847,0.31270313
-0.30136397,-0.5380695,0.13188747,-1.6683476,0.40492615
0.7827407,-1.0554646,0.9360687,3.3495026,1.3094921
1.5303689,0.2649435,1.1833402,1.2346367,0.72630113
0.37814873,-0.1564649,1.050853,0.7036299,0.84699684
-1.9121783,-0.59543484,1.6357316,-1.4863801,-1.4929816
1.4006389,-0.091790065,1.8976917,0.04702294,-0.77495956
-3.1372414,-1.5720277,-0.9313655,0.35533112,2.4987063
0.34133646,-0.40909782,0.5724264,1.317732,0.9899696
3.281958,0.956427,1.0774846,2.0550988,1.3360897
1.7829801,-0.010321137,0.2068408,0.009291887,-0.16104679
0.63741934,-0.36621457,0.29849255,-1.8094866,0.22672468
1.1899441,-0.1973623,0.55160344,-1.3371145,0.17362145
1.2418268,-0.34746692,0.6759698,0.21271911,0.2510202
0.09400921,0.13503863,-0.3956772,-1.5139273,1.0696124
2.842499,0.47713977,1.4565582,-0.6074161,0.04877315
-0.5549365,-0.586406,-0.08997099,-1.4718068,0.3942916
1.3422904,-0.22138375,0.42419356,1.0202461,-0.055319957
0.38993344,-0.53745973,-0.16780548,-1.6555262,0.424827
-0.22200494,0.08954375,-1.1890562,-1.5939381,-0.53338635
1.9784951,-0.330071,1.0178801,1.3646705,0.55849224
0.92244494,-0.29468524,1.880638,0.5098291,-0.12663856
0.27926245,-0.64038825,-0.6883319,-1.5325048,0.5469265
1.6776181,0.1495223,0.18134438,3.0728126,0.70616645
1.4291606,-0.2953871,1.3287221,-0.7891672,-0.087161966
0.062264103,0.115251504,-0.11825403,-0.58644044,0.42436212
-0.17376834,-0.55952346,-0.15387347,-2.1549227,0.026548557
-0.59160346,0.35948753,0.15962952,-0.17257006,0.40546277
0.65209246,-0.4683487,0.26837507,-1.9744496,0.3755792
0.3852973,-0.688383,-0.17096826,0.81444633,0.39036167
1.5558236,-0.11581648,0.65344274,-0.6349279,-0.0874973
1.7690954,-0.10026596,1.370273,0.22402664,-0.0056134164
0.9682961,-0.6155472,0.5069479,1.0399437,1.1511815
1.53494,0.013707272,-0.09646565,-0.5367067,-0.14707285
0.9917274,-0.061623566,0.77431065,-1.3929167,-0.12718824
-4.1063213,1.2437648,-1.5562524,-0.40951046,1.3788117
-0.83379436,-0.31705564,-1.3943902,-2.3369946,0.52864575
2.7821074,0.7669157,1.6136365,2.7466145,0.70346636
0.4940715,-0.3729922,-0.28108686,-1.3697777,1.1302692
1.3938708,-0.023425478,-0.15709746,-0.89214694,0.08189603
1.8254756,0.33933032,-0.091146484,2.2010524,0.19071425
1.6094939,-0.4480189,0.34405196,-0.57450867,0.44607714
3.17592,0.120717674,0.67579335,2.1974592,-0.022433782
0.94142026,-0.289273,0.4496226,-1.5075265,0.30541646
2.0177057,-0.13737977,0.44615796,-0.5324395,0.7052198
1.0265363,-0.35177523,0.8421855,0.84860045,0.6485236
0.36350846,-0.4361668,-0.22987823,-1.8381174,-0.23907512
3.3384733,0.34222615,1.0458795,1.1590577,-0.32142517
0.09753078,-0.12414861,0.6442542,-0.39599654,0.68912
0.15420184,0.1182212,0.7820077,0.74312896,0.8804679
5.427787,2.5637279,-0.5920713,-2.1291232,-0.12204939
1.0523596,-0.35948545,1.0601829,-0.2555405,0.59936184
2.14389,1.2511283,1.1602621,0.97143745,1.1635717
-2.6621256,-0.5419031,-1.816189,1.2078481,-2.3847773
-0.841721,1.4116244,-0.24012001,0.14580142,-2.9993737
-2.0178454,-0.6181538,-1.4919009,2.9809153,3.446068
1.2008268,-0.36531693,0.9533157,0.87221336,1.0096731
0.69079816,-0.30556166,-0.047674257,-0.5897891,0.077844374
-1.3517833,-0.14962839,-0.8780638,-3.9258645,-0.11620963
2.9289842,0.2818669,0.5013019,1.6070348,0.31192628
0.64856976,-0.42285812,0.8225056,2.5617332,0.64676315
1.0226763,-0.42573124,-0.029364264,-1.6502396,0.5798366
0.29309615,-0.53585505,0.7065799,-1.2018214,0.38689658
1.45694,-0.12793915,0.4234171,-1.4301624,0.42904893
1.8255429,-0.096975505,0.8082117,0.6104589,0.064823404
0.53563195,-0.50502723,0.47642288,-2.1341426,0.4352374
0.7779811,-0.3080055,0.03616257,-1.7006962,0.0053264797
2.884567,-0.14271334,1.3733633,3.9577901,0.5742453
0.7085582,0.0037470458,0.8241684,0.58566964,0.71313
3.1140542,0.13623437,0.8981453,4.0938497,1.1925217
1.229942,-0.38515222,1.1488471,2.413104,0.7760866
-0.33452114,-0.31521246,1.1326319,-1.7691758,0.8339099
0.83143413,0.2891396,0.76594627,0.57262295,1.6704853
1.0835725,-0.5227434,0.8296031,3.4977593,1.400355
2.0607176,-0.03721846,1.3019916,0.33035156,0.41319814
0.5819073,-0.45086998,-0.19956426,-1.8829086,0.7073766
1.975785,-0.41781914,0.41921985,0.24979928,0.5209917
1.1552835,-0.22211148,0.6819858,2.2928102,0.7840304
0.5566897,-0.60510975,0.21427129,-1.4854506,0.06579224
1.9018831,-0.16512531,0.7470874,-0.1448514,0.104689114
0.054663856,-0.4830963,-0.10916273,-2.5403755,0.4304133
0.056135062,-0.5433344,-0.18535075,-1.8130429,0.32808006
2.0858178,0.6326377,1.2013729,1.9015538,0.9881309
0.57460004,-0.19769864,0.74387157,-2.1192126,0.49497575
1.3517299,0.90146077,0.75614226,2.1657574,0.9589679
2.1250992,0.63804144,0.1195688,1.7472457,0.42644373
2.1675217,-0.20377705,1.0743937,2.977616,1.3155003
0.42363602,-0.45732972,0.6691155,-1.7793126,0.16998044
1.0178012,-0.42502797,0.4334198,-0.4418172,0.4000431
2.1770291,0.5037023,0.3954995,1.7248433,0.43625095
-0.1697976,-0.45038518,-0.21528246,-1.0313143,0.33105102
1.6393176,-0.09531656,0.39564893,0.013248413,0.035398643
1.2992315,0.102462165,0.60328203,-0.6230224,0.54901385
1.3339071,0.067773916,0.8192908,-0.85076755,0.23740031
1.1976922,-0.65857583,0.46700525,0.2539208,0.83458257
2.4861362,0.14097382,1.2828768,0.48395777,0.6105665
-0.14949475,-0.19848719,-0.0034314394,0.17445926,0.46137524
1.1506248,0.2815983,0.79862875,-0.06650555,0.62560654
1.9739317,0.08856035,0.88037366,-0.25388047,-0.4017229
0.81184196,-0.47376633,-0.28613436,-0.3103033,0.7445392
0.26378623,-0.6664442,0.08747844,-2.188557,0.20954143
0.7551422,-2.3727407,1.6565884,-4.6950364,-2.8738236
-1.4550893,-0.43875045,1.4215783,-0.3829447,0.84131825
-1.7580025,-1.4834194,-1.5225468,-0.7480045,1.9113948
-1.6632046,-0.17786832,-0.20909646,1.0936188,0.9266604
0.21313456,-0.3038487,0.19663031,0.88712996,0.64109546
0.86969525,-0.008419154,0.83162403,1.3432097,0.88572556
0.9339364,1.0544432,0.8900874,1.828864,0.7329837
-0.3606877,-0.37477666,0.6262701,-1.5095463,0.39449036
-0.17830324,-0.5091196,-0.07553544,-2.8067005,0.9981377
1.1584961,-0.52856255,0.8728982,0.4404858,0.24989326
1.1126686,-0.15106781,-0.10021409,-0.7355374,0.07487995
2.5086977,0.9818175,1.0677694,1.4249637,0.97764045
0.28189334,-0.14690773,0.14139648,-1.59092,0.37077728
1.1212008,-0.2721755,-0.0670351,-0.7678956,0.1245246
1.5043347,0.40927038,1.067205,1.665449,1.014022
-0.52818424,-0.52483094,-0.20166028,-2.0621934,0.058664657
0.71264076,-0.5276867,0.007873057,0.8307206,-0.17734371
1.6316056,0.4301589,-0.79378116,3.5059295,0.10482393
-0.11162517,-0.6657579,0.5472979,-0.7584475,0.4536126
0.8976872,-0.4816745,-0.15116361,-1.8408037,0.5189147
1.4441919,-0.316094,0.67062324,1.2539659,0.6677739
0.9267944,-0.2869849,0.52825564,-0.54813653,0.1510207
0.5086059,-0.50157773,0.7636951,-1.888454,0.8281724
0.7193276,-0.24554086,0.14560457,1.3409398,0.48823726
0.074908614,-0.1501787,-0.33874118,-2.2089489,0.6379183
1.7472312,-0.3360677,0.47714266,-0.5385827,0.6287752
0.11377553,-0.5966788,-0.25209522,-0.8471272,0.33602592
0.16115102,-0.51473534,-0.28206512,-1.3691013,0.28286314
-2.0238464,0.31586182,0.21590753,-1.4182346,0.76393753
1.0800956,-0.4649176,0.51434106,0.5496634,0.775818
1.3428717,0.3108629,1.4980562,0.983954,1.1620711
0.81200767,-0.32888857,0.47422945,-1.7409003,0.39895865
1.0694544,-0.068016194,0.23233989,-1.267142,-0.13087943
-0.05308172,-0.30008334,0.6568135,-1.7283545,0.17116271
1.5733148,-0.1193431,0.7375382,0.17274019,0.86143744
2.7708786,1.1870425,0.6393935,1.1917228,0.7986222
0.6136895,-0.40550813,1.235131,-1.4858383,-0.14878577
1.2417663,0.03334629,0.08881701,0.79927444,-0.037346702
-0.7354414,-0.57312524,-0.26791424,-2.0344124,-0.47488022
0.8430311,-0.53274834,0.043771725,-0.8987648,0.17884922
0.9991905,-0.18314072,1.4764153,-0.87863684,0.1676928
2.034291,-0.09410998,0.84177977,0.14333786,0.5225737
-0.40845704,-0.69815004,-0.50881857,-1.609103,0.1783013
2.3876746,0.25961107,1.3484739,2.1245925,0.68541443
0.61468494,-0.022573434,0.4274988,0.33637276,0.9445796
0.8520152,-0.45078787,0.7434397,-0.034840632,0.8057703
1.6642917,-0.30065563,0.48715082,0.0813009,-0.18138833
1.6150354,0.33147407,0.9866098,-0.49228895,1.04419
1.9645985,-0.2605939,3.5856628,1.7619444,-2.444344
-1.3560144,1.2330406,-0.35939872,1.7965112,-1.6386046
-0.3319773,-0.8207056,0.37587702,3.9187553,2.3648417
-0.1641905,-0.23896763,-1.1863837,-0.35898924,0.61543876
1.0306814,-0.06252893,0.004631877,2.1858957,0.6180217
1.5302622,-0.3640714,1.320849,2.1965897,1.4970932
1.545657,-0.32992396,0.33401114,0.23844665,0.18843615
0.37139252,0.33924073,-0.54136854,-1.7106931,0.55818814
1.6999189,-0.44868633,0.66665083,-0.2626486,0.9204
0.22911961,0.16350988,0.3970707,0.79351854,0.0213111
-0.4057036,-0.47266757,-0.2540937,-0.9097184,0.40422106
0.7259919,-0.38940132,0.14184265,2.400428,0.5586607
1.4896659,-0.43041232,0.22299254,-0.4326892,0.44046852
1.1485703,-0.39000776,1.3904172,-0.2092643,0.20410632
1.9261663,0.1857946,0.44124,1.4438697,0.601151
2.5819669,0.28598493,1.040382,1.5857688,1.0222301
0.6206349,-0.21418364,0.32869115,-1.5431572,0.13167368
0.9502627,-0.07903292,0.3452271,-1.4323338,0.28529668
2.7505112,0.4295696,0.99729174,1.62069,0.11662965
1.7953948,0.17374644,0.5731562,0.97347933,0.5599437
0.2816365,-0.690028,0.75332564,-0.2809469,0.5994629
1.4403985,0.4082933,0.19757925,-2.024123,-0.25408465
0.031462017,-0.5128505,-0.50167084,2.7139423,0.48261246
1.2478381,-0.44942722,0.73472136,-0.8878464,0.31432518
1.0493957,0.5685089,0.6154256,0.36830357,-0.16045651
2.2146637,0.56340766,0.8623123,1.6102568,1.2696065
1.1997763,-0.14905243,0.6323494,1.3295697,0.64008737
0.003954269,-0.418271,-0.52494794,-2.6812308,0.48997137
0.8237752,-0.06399633,0.7710861,1.5376844,1.0166022
-0.5512511,-0.5838431,-0.6038409,-2.7363641,0.73196536
0.06475949,-0.5775609,-0.053868923,-0.6561472,0.6001505
2.8000586,0.6694002,-0.49733636,3.2512078,0.6830251
2.1212115,-0.231139,0.67547655,0.333578,0.50135475
1.1574202,-0.12977855,0.28444847,0.047838237,0.22790347
0.40920573,-0.093134634,-0.56062615,-1.9466585,0.115379944
1.0807631,-0.34010428,0.6886339,-0.5357746,0.46803102
0.71287173,-0.53982306,0.25780305,-0.8121886,0.22614308
1.5331551,-0.1963098,0.796812,-0.5958945,0.74457204
1.4392228,-0.12045337,0.055207513,0.69192976,-0.040357802
0.43623704,-0.5107374,0.46894285,-2.0332015,0.62827766
0.51552725,0.029630873,0.5091445,-0.7970354,0.47185352
0.8074048,-0.50277334,-0.20523965,-0.31637475,0.53424865
1.7370973,0.03427522,1.6933486,2.194749,1.4322549
0.8928249,-0.50024384,0.74526584,1.2348586,0.6090884
1.5263666,-0.009310839,0.72561157,0.89417046,1.1509131
1.815687,0.015071023,1.1179442,0.8239644,0.55163246
2.1057348,0.02047536,0.32796884,-1.0411639,0.27590472
0.67978466,-0.3047744,0.13405381,-0.9320947,0.19753735
-3.701001,0.04597929,-4.7836795,-3.6166787,-3.1427908
-2.5280883,-0.01868216,-0.37232804,-1.5024358,0.39561197
0.017015416,-0.69244057,-0.6755072,1.6217752,2.2789896
1.0993135,0.05709795,0.28768438,-0.054385226,0.47401792
1.03743,-0.40820703,0.46820155,0.4745243,1.0919995
1.1175123,0.54041153,0.73443526,1.6628532,0.9572007
1.5533255,-0.014300039,0.26214987,-0.057280574,0.2572061
-2.4737096,-0.4483886,-2.463174,-3.5008924,-0.41844058
2.4948878,-0.011541839,0.7806861,4.1311564,1.2565454
0.046280973,1.1552261,0.72228575,1.2933958,1.171372
0.9766793,-0.17615405,0.9513331,-0.11871692,1.663637
0.930764,-0.29531473,0.25396913,0.7911006,0.8137697
2.245486,-0.1928427,0.4985971,1.1842424,-0.28529495
0.04301828,-0.45143807,-0.23073201,-0.7210451,0.90733314
1.9288683,0.3607793,0.92871165,1.6820859,0.7410974
0.35467938,-0.041321874,0.23459208,-0.58146954,0.12913625
2.7175052,0.42306724,1.289457,1.5099918,1.481162
1.3828846,-0.1265634,0.923431,-1.5300307,0.03269176
1.6417389,0.022203885,0.78610706,-0.5169792,0.9245278
0.71429574,-0.4047616,0.085032314,-1.0821894,0.1299037
2.9947193,0.9600942,1.4923388,2.1730838,0.95603263
0.88384396,-0.40015656,0.61071265,-0.23649652,0.3344618
2.0267215,0.24266365,0.88997555,1.5729814,0.6468072
1.8057123,-0.3870091,0.9403876,1.6861291,0.8037114
1.4134628,0.22076863,1.3100066,0.30955103,-0.08106029
0.8611191,-0.40089685,0.29059646,-1.7850991,0.5890071
1.6644193,0.15544385,1.3636608,-0.1719377,-0.13990912
0.6886945,-0.2174726,0.6155161,-1.5358237,0.2468331
1.2266123,-0.25929776,0.4623014,-1.0392864,0.5129937
2.0575018,-0.14066127,0.5588248,0.77689934,0.43894514
1.8461043,-0.12741324,0.29640588,-0.400218,0.61127925
0.56843907,-0.23822926,0.10198298,-1.162639,0.032329634
1.2905921,-0.14824615,0.6048467,0.7195351,0.76126105
0.7430342,-0.11341593,0.30768943,-2.2388341,0.40690926
1.19303,0.14419957,0.8157697,1.6125821,1.0540247
2.2233691,0.12289025,1.1785637,1.6747719,0.7558113
1.0200244,-0.36858365,0.5679039,0.03428595,0.36820045
2.756441,0.18122359,0.534957,1.2562227,0.35897413
4.0195255,1.0059484,3.4163127,2.1992335,2.4189932
1.2014072,-0.1884422,0.6449104,-0.36958882,1.0379659
1.6422952,0.16584605,1.0409354,-1.5983976,-0.05478498
-1.033714,-0.7397438,-0.57936215,-1.9003304,-0.01335293
0.80387676,0.12752855,1.1538895,0.38305086,0.21296117
2.2789497,-0.26338536,1.2521641,1.5936575,1.2043885
0.5585917,-0.42458832,-0.196371,-2.529808,0.37053618
0.9173534,0.03549829,0.062042017,-1.3560963,-0.10182497
0.2332652,-0.6143726,0.010956823,-2.0791836,0.5134145
2.3301225,0.04180556,1.0574023,-0.041184045,0.40505576
-0.7023995,-1.1997246,-3.3691127,4.8551607,1.2465869
0.43652466,0.32459235,1.8092607,1.376006,-0.31504244
-1.3252661,-1.4909338,-1.4795153,3.6165261,2.7623177
-0.409321,-0.8567619,-0.62234795,0.53975075,0.21504046
1.1151198,-0.22533745,1.2138735,-1.3620569,0.00847587
1.9852183,0.5027791,0.2635833,1.3083979,0.98875844
0.88448477,-0.17307311,0.6619443,-1.7512921,0.028804293
0.7222582,0.367867,0.297349,1.4069443,0.6564286
1.334597,-0.16992751,0.5656466,-1.242571,0.5714625
-1.7704456,-0.46355054,-1.3162192,-2.980092,0.29834753
-0.52824706,-0.53816843,-0.7801603,-2.0587547,0.8098162
1.4457183,-0.278772,0.9094491,2.5982554,0.97504365
1.076051,-0.43095732,0.74841493,-2.0737047,0.36804923
0.2422101,-0.6300057,-0.07783322,-1.0503207,0.375549
2.477358,0.1330187,1.4349291,1.1102505,-0.11247951
-1.0761476,-0.5852533,-3.1228805,1.1901807,-0.30286714
1.7183318,-0.4571129,0.68822896,-0.65557504,0.5262862
2.515953,0.17552122,1.2367966,0.74874765,-0.25083005
0.775945,-0.09919497,0.2068895,-0.18959647,0.97534406
0.83260447,0.023582235,0.8213866,0.57378507,0.34498283
2.2821367,0.0204694,0.6695283,-0.20731808,0.6433415
-0.41445497,-0.53553975,-0.7292053,-0.79273516,0.6209943
2.2003393,0.11621131,1.2136478,-0.9066149,0.27538103
1.2218361,-0.29076186,0.4395965,2.275416,0.915735
1.9419842,0.029238677,0.7855113,0.06100892,0.34611484
0.96456957,-0.29874194,0.0734834,-0.31019416,0.030209592
-1.1042013,-0.48813438,-0.6120091,-3.4595118,0.75660324
0.949571,1.0273842,1.0279323,0.815156,1.0846999
0.51306695,-0.49861357,0.7325864,-1.7987909,-0.0062305033
-1.3040814,-0.30979937,-1.9241616,-2.517028,-0.15422446
1.7521666,-0.0074341884,0.8692943,-0.60568964,0.36483812
-0.5761232,-0.3523077,-0.28718847,-2.4169035,0.14093843
1.3477386,-0.053971183,0.5432085,-0.9707064,0.71785986
1.3651476,0.46321598,1.3798229,1.8689032,0.36037228
0.68126714,0.2289077,0.44351733,0.35191983,0.6983347
-0.9717929,0.20795059,-1.2478611,-3.0170054,0.19730574
0.548144,-0.83868504,-0.015974876,2.2834203,0.5958086
1.7902063,0.8786794,0.6671609,1.2609404,-0.1538753
1.7996957,-0.09425957,0.72070813,0.83678085,0.6339756
-0.50327533,-0.26656273,0.29649985,-2.9615593,0.64734536
1.6919761,0.34496024,0.24791706,-0.68509656,0.3670987
1.7488678,0.23053525,0.16782473,0.08066262,-0.23746942
2.1741533,-0.042429607,0.9132229,-0.2063553,0.7463616
1.0284575,-0.54404074,0.17904335,-1.0277212,0.42327943
0.7893856,-0.5069472,0.26187474,-1.2746347,0.6959801
2.4581206,0.31643373,0.8014854,2.310642,0.50528944
1.4548676,-0.3134728,0.77716655,-0.51441693,0.4193781
1.186066,0.31155872,1.1504786,0.0067171454,0.8751325
0.31064114,-0.23557387,0.9830612,3.0429082,-1.882528
0.1469278,0.445661,0.921647,2.9036431,-2.2818303
-1.409417,-0.97150624,-2.3660932,3.1155918,1.5649998
-0.852235,-0.30575636,-0.009169756,-0.083082944,1.191048
-0.32850486,0.15732779,0.53125894,-0.6446734,0.8678835
0.2300281,-0.8242867,0.7189474,-0.62258977,0.80448693
2.7333171,-0.5015667,2.063924,6.5069466,0.99501014
0.4209494,-0.05430734,1.1699401,-0.8455792,0.08599348
0.97816217,-0.4436223,0.9771754,1.5094677,1.2596406
-0.54264915,-0.465066,-0.556581,-2.7117279,-0.13339181
0.5428829,-0.5611087,-0.023935126,-1.3696873,-0.11047876
1.2393318,0.023817971,1.4889679,1.6609206,1.3855773
-0.24341118,0.64224833,-0.15299246,-0.416614,1.1034243
-0.15710787,-0.6226135,-0.38546988,-2.2339532,0.5775792
0.9651624,-0.29201755,0.46075535,-1.318817,0.2163636
0.29320142,-0.17508833,-0.2093886,-3.1323707,0.37524828
0.46586657,-0.5300648,-0.3195886,-1.7101213,0.33067855
1.075475,0.2937068,-0.1086973,-1.5845854,-0.27398792
1.770463,-0.17651215,0.799749,1.420348,1.5886841
0.5731131,-0.4109493,0.2891291,-1.7762892,0.6113103
-0.13680345,-0.53965604,0.51630676,-1.9707649,0.34131193
0.7070852,-0.3110856,0.7582532,-2.2691247,0.47684675
-1.103703,0.69969,-0.53741145,-0.31210095,0.4999447
0.65868837,-0.68382984,0.8988967,-0.12389682,1.2164465
0.4475455,0.075709864,-0.1753846,-1.3086797,0.6372004
3.8370786,0.59847975,1.6262023,3.2283113,1.0079769
2.386227,0.14182839,1.2336943,0.8445413,0.9263427
0.49281624,-0.7488244,-0.08593263,-2.1397786,0.40535042
2.0757508,-0.22755152,1.088864,2.0503886,1.1331583
1.5063229,0.13137895,0.98421204,-0.11319673,1.0812079
0.90391415,-0.44688988,0.33934346,1.3252553,0.7448087
1.5546117,0.063055515,0.6884257,1.4825346,1.1412172
1.5962317,-0.5003003,0.72735757,0.66272694,0.9625706
-0.5969765,-0.37274218,-0.27446887,-1.9463891,0.4271894
0.1640141,-0.42392373,-0.09495948,-1.180003,-0.43178803
1.5074352,0.39083707,0.9421014,1.988979,0.98688
0.6762634,-0.4481328,0.066105336,-1.2620884,0.49073172
2.046343,-0.35727665,1.2248483,1.6002706,0.80585575
1.4665464,-0.3589738,0.07828168,-1.4640949,0.004082799
1.8098701,-0.29031402,0.24875155,2.7787597,0.82050997
0.72546464,-0.59034115,1.1941514,0.5104781,0.11309659
2.5467541,0.28748217,1.0800651,0.4216574,0.8200004
2.0950892,0.17415701,0.90925926,1.0432705,0.5159633
0.03923504,-0.58440834,-0.2695934,-1.7625631,-0.0525837
0.49252695,-0.48184365,0.6605541,0.4319645,0.420167
1.1605439,-0.06568784,0.37295294,-0.7139437,0.4393409
0.842669,-0.6492167,0.49089572,-1.2469864,0.5010567
1.2357657,0.21638799,1.3008723,0.762456,0.040509913
-5.2285595,0.8443859,-3.893086,6.197306,2.5291314
1.1163846,0.9250807,1.728516,5.417407,-1.9935805
-0.8754423,-0.4792494,-1.9438208,5.801359,1.9422404
1.132265,-0.14251578,-0.21339145,-0.99975103,0.4670762
1.0820653,-0.2854561,0.88822854,1.0691919,0.2782337
1.8845853,0.04904529,0.80452865,-1.7092376,0.30668768
2.24507,0.63806957,0.6134651,-0.22292125,0.09627385
0.7741538,-0.3638205,0.4850831,-1.2199502,0.086092874
1.7156042,-0.42547035,0.72370493,0.6474045,1.0596712
0.79731405,0.08545489,-0.20143153,-0.97241026,0.16804367
0.16258413,-0.57097226,0.017423328,-1.8475792,0.21295512
1.6765183,0.12811615,0.28849733,0.51899487,0.4263962
1.1603173,0.017275495,0.63518655,1.7121614,0.63142204
0.7513014,-0.4562775,0.5194403,-1.3273026,0.20542514
1.1428332,0.38955098,1.1653923,-1.1746902,0.21654335
2.1386538,0.49022374,0.995635,0.3113693,0.515965
-0.7103423,-0.5731915,-1.3626479,-1.5173867,0.060260087
1.3713868,-0.34270778,1.1287036,-0.33654583,0.25036687
0.8014925,0.14296809,1.071487,-0.85068697,0.5267234
0.998732,1.431991,0.15076725,0.11191429,1.4047291
0.47088525,-0.5222533,-0.16626315,-1.6766397,0.3569443
2.5515535,0.08185025,0.9307204,0.3940987,0.025822572
0.8035403,0.09408495,0.867112,-1.0110662,0.2309308
2.6491861,0.256226,0.9906622,1.2498256,0.37579784
0.800108,-0.37069792,0.6083617,0.3601083,0.9567553
0.65545577,-0.23074166,0.21603434,-1.0984434,-0.4800869
2.7488399,0.23627682,1.4302527,3.2057562,0.84537774
2.237422,0.13623795,0.86987066,0.47689986,0.38027313
2.8402143,0.26945922,1.643954,0.31233206,-0.004290223
-0.44892573,-0.3685018,-0.88436836,-0.9252119,0.10033586
-0.22576381,-0.75484747,-0.3934472,-1.9850574,0.055451326
2.184384,-0.068002485,0.6878478,0.39685696,0.01743832
1.0808897,-0.21427839,0.9110015,-1.2690933,0.19379869
2.342643,0.31419632,1.1429073,1.3685367,0.6718813
0.13785529,-0.10533719,1.5002384,-0.34761468,0.7135213
1.8620803,-0.007314085,0.70351064,-0.87415534,0.53692174
1.65863,0.017205758,-0.38383296,4.3393373,0.51723593
0.048189804,-0.5654582,-0.55633545,-0.016253917,0.50627613
1.8703405,-0.3447721,0.56104934,-0.02019569,0.23246393
0.7857872,-0.44475225,1.440879,1.4602188,0.36317295
2.285102,-0.10564917,1.6741228,0.35403603,0.29508784
1.4258063,0.85028565,0.25310522,1.9867722,1.2295496
0.17162536,-0.3801462,-0.8457684,2.3200781,0.5552023
1.6151639,-0.029723853,1.0549829,-0.34247166,0.14349054
0.76656556,-0.44076237,0.661648,-1.3100789,0.99556524
2.7661753,-0.08923145,1.8871565,2.0758314,0.36486578
1.1760917,-0.5178622,0.25713387,1.3341649,0.89700735
3.2138577,0.0057756896,0.9885604,2.4983883,-0.010543196
-2.2994633,-0.36401662,0.15222356,-3.6878018,-5.550526
-0.81897926,0.2578128,0.6944845,1.822593,-1.4833049
-1.1663712,-1.2910411,-0.47065076,1.3108783,1.7981768
-0.33153275,-0.50476503,-0.2668069,-0.9166545,0.24356815
-0.2962905,-0.4959121,-0.06230249,-0.86469597,0.14246209
1.2158735,-0.08990582,0.8245482,0.6324515,0.8528179
1.3622975,0.40642095,0.6702115,2.0406775,0.037383
0.9816754,-0.55818087,1.0496697,2.5699286,1.4217803
0.14118074,0.5937402,-0.37736568,-1.6418282,0.00658831
2.4375515,1.1844032,0.60065955,0.24774,0.6535304
1.2139302,-0.3878465,0.56903535,-1.3631723,0.575593
-1.976433,-0.23675576,-0.6665581,-3.5581915,0.31100938
1.5438969,-0.32418573,0.66024655,0.05868104,0.5351454
2.413141,0.17664889,0.57998896,1.5177841,-0.094929926
1.1614598,0.023243982,0.860078,1.1044879,0.7718098
1.4858162,-0.0144716995,1.0284234,0.20067102,0.74170804
1.9029953,1.0273247,0.060770243,1.030154,0.3393987
1.7141777,0.26373142,1.9596663,1.2501477,1.2967232
-1.4173056,0.34867182,-0.2918442,0.35582379,1.1174575
1.0193558,-0.36251748,0.21407765,-1.9775217,0.7495677
1.1732352,-0.16119274,0.48371935,-0.9650209,0.037428807
1.3218982,-0.209362,0.8540665,-2.011754,0.612588
-1.5321449,-0.5489984,-1.4383038,-2.4385831,-0.17405963
1.0240102,-0.022641381,-0.09063687,-1.6844321,-0.29200447
0.68867946,-0.30944687,-0.010406434,1.4903865,0.4209326
1.7528472,-0.22442417,1.753966,1.0583868,0.563415
1.152401,-0.1377972,0.4937907,-0.47783396,0.38095665
2.8103404,1.3560941,0.39634508,-0.018139241,-0.1869635
0.22402376,-0.18276623,0.59270144,-2.9091635,0.83956873
1.21822,-0.14413312,0.21904297,-0.20732005,0.2973952
2.3608446,0.22607914,0.83144206,1.8290013,0.71394104
1.7784042,-0.22113502,0.52071905,-0.13651364,0.5797485
0.7628604,-0.53208506,-0.23264563,-1.9337,0.35840636
1.4009129,0.6629087,1.0564641,-0.2861167,-0.17278834
-0.17770575,-0.7438606,-0.8631,-2.2743595,0.29625535
1.7357936,-0.20518553,0.18570857,-1.3796357,-0.11462286
0.6457366,-0.22202478,-0.32808772,-2.1954238,0.4265716
2.1299493,0.13026336,0.7592527,0.26513565,0.48276106
0.41971463,1.1964048,0.24641223,0.8493022,0.8080821
0.22210185,-0.68757594,0.14932342,-2.0538173,0.9704613
1.252661,0.13205297,0.9715403,-0.12594439,0.7726389
-0.07645648,0.34874803,-0.36633265,0.04429773,0.8876329
0.863625,0.054735593,0.8735955,-1.1002333,0.6066868
1.0288932,-0.44541553,0.62299055,-0.5187117,0.53140014
1.6419269,0.26071957,1.2243533,0.5820909,0.8361897
2.304817,0.4197362,1.794682,2.2637813,0.84207386
0.73720086,-0.14688359,1.1923748,-0.02675941,0.48358968
2.3421085,0.28400946,1.1334963,0.017757652,0.5051382
3.205231,0.97651786,1.9923896,1.5306579,-0.77703923
-3.4636998,0.10511607,-1.1967628,-0.3538551,-0.49045864
-0.4461864,-1.3038188,-0.15388933,2.84829,3.1437047
1.0884498,0.90589416,-0.19764264,0.56664324,0.17842229
1.813046,0.856081,0.6685838,1.5670077,0.85184985
1.6328781,0.31766123,1.0620537,1.1170818,0.42723086
1.2363812,-0.150544,1.1372687,-0.8570399,0.3044996
1.4377599,0.48913115,0.56896406,0.63311994,0.8167137
0.8306766,-0.42358816,0.8460793,-0.58911175,0.40776125
1.4589916,-0.109277785,0.66343284,0.20911285,0.73420066
-0.7637025,-0.3713863,-0.54636776,-2.9272847,0.561955
0.69352674,-0.030416157,-0.0045933723,-0.2936328,0.21038406
1.0953339,-0.45574632,0.17241208,-1.4290768,0.70899093
1.7056987,0.002080202,0.9607248,2.2696621,1.4901216
0.6712493,-0.37291214,-0.10906649,-0.2363136,0.062893495
1.5864439,-0.26432586,1.204371,2.7073586,1.8429039
-0.9720785,-0.31262696,-1.0091215,-2.179768,0.45946568
1.4351249,-0.4718891,0.36697114,-0.6663142,0.64606607
1.7407748,0.13329878,1.0767316,-0.1573,0.04435676
2.1056142,1.7247005,0.31920594,0.03449248,1.0954906
1.9740257,-0.19396466,1.0165465,-0.71162975,0.29245123
0.7293068,-0.31929278,0.37871394,-1.4044615,0.28556544
0.6632829,-0.4454872,0.038051557,-1.8730567,0.3250693
-1.4313695,0.3627157,-0.48358804,0.72982323,1.629761
0.7872845,-0.16735928,0.69959986,-0.6943412,0.38261747
0.58495015,-0.64090586,0.43998474,-2.0054536,0.70249027
0.6712571,0.21010824,0.48296675,-0.40145406,0.4516564
-0.08381713,-0.47010526,0.07796459,-1.7978643,0.4144692
0.7417063,-0.5638344,0.01462495,-1.6408354,-0.059190996
3.9804502,1.5371304,1.0328329,1.9020948,0.56843185
1.8961895,-0.44581825,0.43338245,1.164747,0.24904375
1.5023036,-0.28921968,0.36305758,-0.26098564,0.7758888
2.179812,1.9520652,-0.90683216,-0.7116199,-0.74012315
1.427426,-0.20506904,0.34889513,-0.48806977,0.8251577
0.7102151,0.60631764,-0.11861075,1.928965,1.2357912
2.2874415,-0.29239362,1.8350223,1.0859402,0.54131246
2.0254397,0.12075552,1.0197489,0.56773067,0.76422346
-0.43461055,0.13312328,-0.640458,0.010995269,0.20350051
2.3545716,-0.018168667,0.6271886,-0.19875823,-0.09067777
0.38403368,-0.5258438,-0.32659104,-0.81415737,0.4251113
1.169399,-0.46463,0.28397858,0.10599974,-0.1170324
1.0356827,-0.58973616,-0.10778794,1.3167875,0.035692494
0.595747,-0.6245028,0.29647493,-1.0870594,0.713016
3.6719427,0.93382215,1.3152397,1.4549105,0.7484751
0.33015013,0.6895417,-0.26194832,0.35313034,0.5878209
2.15717,0.058631822,0.087200984,0.22882873,-0.13255435
1.7396469,-0.17003626,0.35505602,-0.55078137,-0.2389749
2.374619,0.4827312,1.2638519,0.5275667,0.14516804
-1.648002,0.14087221,1.4078791,1.727919,-3.6505442
-0.8171672,0.7534835,-0.44595084,1.2623153,1.1410016
-2.4071627,-0.3407461,-3.2062163,5.2809305,1.8396026
0.8646503,-0.4658594,0.15881419,-1.3065705,0.5734254
2.4447296,0.50087345,1.1953291,1.9365569,1.2664735
-0.06398283,-0.032663528,-0.6181532,-1.3903543,-0.14716272
1.7536172,-0.13093558,0.76240504,-0.21151736,1.0395792
1.9373528,0.41575772,1.491255,0.7270905,0.7439277
0.9610723,-0.37095445,0.16385679,-1.8070462,0.093102016
-0.83055663,0.05521748,-1.0518849,0.15812217,0.3969911
0.68330467,-0.22886154,0.85363704,-0.87225366,-0.042378455
1.2778311,-0.47772762,0.8198413,2.5627577,0.97854596
0.7922302,1.4952248,0.46267718,0.3530517,0.20409335
0.84803355,0.72674894,1.8783549,2.2455623,2.3791895
1.2780372,0.7098922,1.3084648,0.32238224,0.9452806
0.99900293,0.19053566,-0.17240076,-0.48291647,0.46684033
1.8641543,-0.0877793,1.5239421,1.6501061,0.4724298
0.38492242,-0.20117907,0.5322129,-0.013124495,-0.1447437
1.4263544,-0.44664687,0.63737994,0.6304813,0.3082276
1.5423832,-0.30467704,0.4496792,1.307905,0.8387984
0.9178203,-0.24874204,0.50844735,-1.4129786,-0.008307338
0.38682044,-0.65622985,0.33772793,-2.222175,0.5029091
1.9376343,0.3463474,0.49595228,-0.016858755,0.43031996
0.55768895,-0.6129763,-0.5286959,-1.2650169,0.28452238
0.43132406,-0.2931982,0.68248004,-1.6195059,-0.044149335
3.9731777,0.44538084,2.2091846,3.6753137,0.9583369
1.0705831,-0.52335477,0.13412061,-1.1314405,0.3683249
1.5563246,-0.22053152,0.7364922,1.0144118,0.81160814
0.00664182,0.121054694,0.41703522,-0.44574744,0.99568784
1.1909455,0.05923917,0.98081684,-0.029868178,0.9448326
0.28777245,-0.7352234,0.045163546,-0.62191534,0.8972526
-0.60293365,-0.382765,-0.7147892,-1.8092072,0.12892883
-2.095625,-0.24052688,-0.71566224,-4.0845246,0.12165183
1.7940869,0.005756616,1.3467093,0.47413293,0.5455934
0.46269083,-0.33209178,0.5599076,0.09730096,0.28914747
0.61083007,-0.14343888,0.69250524,-0.6249266,0.4673968
1.7518353,-0.06709624,0.59580934,0.6194762,0.5612102
0.8464154,-0.30473092,0.02030664,-0.06329648,-0.5297836
1.2341279,-0.24569423,0.75452304,1.5459197,1.0712669
-0.009128003,0.26280668,0.92944604,0.1503804,0.29463676
1.2240114,-0.20263432,0.6795088,-0.43803936,0.7887614
2.0317006,0.068703406,0.6296265,-0.039767843,0.18196824
0.796169,0.21515863,1.4725633,-1.038801,0.71480304
2.9893804,0.44012067,1.6414869,2.0762272,1.5895319
0.80276847,-0.3898518,0.052448794,-0.96853966,0.4591348
1.413061,-0.21391198,0.605065,-1.1751784,-0.24172308
0.42874587,-0.67445457,0.6215798,-1.8719724,0.5437151
0.10522667,-0.4659046,-0.07747762,-1.3811938,-0.04316148
-3.4741426,0.53106594,-4.6271195,4.2450495,0.13797492
-0.5976303,0.9678357,-0.55716825,0.3874238,-1.4941694
-0.7314748,-1.5014696,-0.45010138,1.9651917,2.9887104
0.15902779,-0.7445144,0.15017274,0.017353443,0.9273175
0.42167777,-0.49436855,0.3342896,-1.2035934,0.7171006
-0.6529983,-0.5198298,-0.34794644,-2.8150852,0.49158877
0.7047453,0.24476765,0.76940036,-0.6615069,0.24701114
1.722604,-0.45420486,0.84954345,1.912334,1.3566874
1.5515267,0.51976526,0.8163699,1.3594198,0.25613537
2.5093038,0.50272113,0.99074465,1.7149998,0.60423595
-1.3358362,-0.5426177,-0.8323034,-3.3204505,0.5171331
2.6319196,0.8831785,0.94902974,2.4736378,1.4004791
-0.02183789,-0.48084313,0.38934252,-2.0181532,-0.22394796
-0.42358574,-0.4215792,0.24196342,-2.1706634,0.31083393
1.3005501,-0.5128101,0.6933931,-1.8976859,0.672841
0.36428475,-0.20540716,0.8027448,-1.1402155,0.20166057
2.5003483,0.13584463,1.0114884,1.8160943,0.94392514
1.0981988,0.3077742,0.9321733,0.84963834,0.77015334
0.44500935,0.015954062,0.9325393,-0.122694045,0.27247474
3.8224168,1.8796264,0.12151094,0.25534478,0.745878
0.43622845,-0.51464915,1.041213,-1.0155231,0.4489467
-0.9169834,-0.7940146,-0.22131783,-2.0315378,0.7085521
2.7947943,1.6386963,-1.2281888,-0.40514153,-0.7037686
-0.15129475,-0.7182617,0.43947315,0.4171892,1.4631876
1.1783509,-0.5135488,0.37859052,-0.48836672,0.1641157
1.7264426,-0.44091764,0.40402335,1.5521412,0.61339915
0.7539884,-0.5924197,0.32503885,0.8293171,0.21482095
2.5932703,0.4449228,0.21968047,2.8745873,0.82918626
1.1625291,0.053890422,1.3093506,0.69988847,0.9898022
1.591889,-0.2387639,0.99060345,0.6077828,1.1268026
-0.6263908,2.356336,-2.6092453,-2.50373,0.6757667
0.9528269,-0.5865607,0.9961036,0.5515177,0.96255076
2.0931354,0.33862156,0.2658139,2.5024247,1.029032
2.093113,0.068274274,0.47423512,-0.5308251,0.12782605
0.5372035,-0.537805,-0.09709643,-1.7898932,0.7330778
-0.23548435,-0.735219,-0.47658244,-2.010691,0.037162613
1.8398337,-0.17098339,0.6302566,0.15371531,0.54416007
0.981513,-0.27092978,0.004943311,-1.526176,0.24190368
0.9605299,0.3235203,0.5521443,2.0283957,1.0579449
1.4906,-0.17206311,0.60706747,0.44147795,0.5105901
1.2924551,0.35888183,1.273779,0.48894882,0.5252606
1.0313442,-0.66221106,0.5371421,1.5705146,1.4581176
0.14606512,-0.68850636,-0.07775281,-2.308943,0.29450366
1.2956635,-0.2378489,0.5729287,0.23269556,0.33856997
-1.456222,-0.15004551,0.9010481,-0.031690557,1.0722466
0.87674075,-0.21539813,0.24278887,-1.149291,0.3163128
1.4953706,0.22745648,0.8558364,0.602928,0.40559843
1.2692585,-0.23337239,0.13345136,-0.93616796,0.5182339
5.2908015,0.53202474,4.4546304,-1.6194382,-2.3916452
-1.4163984,0.022752842,0.8807172,2.0909264,-0.898502
-1.2454766,-1.1999786,-1.039979,0.18777218,2.335053
-1.0782394,-0.8584768,-0.61633635,-1.897086,-0.021279987
0.4239302,-0.2063798,-0.6963992,-1.1422783,0.111293755
0.45290157,-0.50518805,0.01431918,-1.0283511,0.5195817
1.2146242,-0.3048509,0.33732826,-1.2443829,-0.19211519
0.7847048,-0.43560785,-0.12030941,-1.9955158,0.4777255
2.058773,1.456568,0.19888258,0.21883312,0.8844035
0.3611891,-0.54886264,0.44262317,-2.0490394,0.43869975
0.7891454,-0.46659893,0.34435648,-1.0390328,0.68351406
0.8851355,-0.33371955,0.1761705,0.3979445,0.0040620565
1.9840326,-0.35471007,0.41115475,-0.45732176,0.5787973
0.27280214,-0.6388419,0.5905089,-2.0689075,0.43912488
2.7224839,-0.11558554,0.9342644,3.212967,0.921455
0.70628595,-0.39191756,-0.14073966,-1.7356082,0.12049201
0.42175987,-0.08824894,-0.11290775,-0.45316344,0.7229498
0.09771259,-0.52202886,-0.30430755,-2.2809672,0.11763305
-0.6460974,-0.24592,-0.7345529,-3.26895,0.43544048
0.6580193,-0.44117793,-0.02120017,-2.0514817,0.39519203
-0.05782124,-0.2888332,1.3393432,-0.83044636,0.7568131
2.5122976,0.43612558,1.183858,1.2764055,0.9423003
1.2792827,0.03246743,0.47206435,0.38591635,-0.017742543
1.2388266,-0.46365792,0.9968852,0.78610736,1.169088
-0.061753575,-0.5178087,-0.08311052,-1.6349776,0.39356145
1.5732327,-0.13882251,1.1648371,0.43825275,0.5081588
-1.5390284,1.457289,-1.1999178,-0.17290935,1.7918015
4.2265425,1.794923,0.6445664,0.19972101,0.20633689
2.0306969,0.7178495,0.36788812,1.3058312,0.7422582
2.9564867,-0.06084099,1.6459167,2.638064,0.73191786
-0.7161888,-0.5122665,-0.84851265,-1.006236,0.06019008
1.3484998,-0.47638747,0.43362805,-0.88852644,0.56654674
1.0333081,-0.30599755,0.8450914,-1.086173,0.49444523
1.490136,-0.21221848,0.69585973,0.3228464,0.8234703
-0.48343992,-0.8593512,-0.32999992,-2.157517,0.59353304
1.3400834,-0.01114815,0.7455903,-0.6554158,0.14347152
0.9131933,0.009066759,0.37671247,-0.9637022,-0.06769276
1.1196373,-0.23863165,0.6416434,-0.18418753,0.5663895
0.03252596,-0.53073883,-0.33178532,-1.0467534,0.29101065
0.2121915,-0.83454394,1.6844918,0.8744895,1.1400619
0.8656858,-0.43918356,0.34460104,-0.23575206,0.58179337
-0.3609483,0.2230182,0.2435713,0.0622658,0.84988534
0.16736281,0.5639614,0.68995374,0.9350733,2.0513313
2.914957,1.6554123,0.109100446,1.5051435,1.340802
-0.36512443,-0.5080295,-0.47718227,-2.9088347,0.109897114
0.67887247,-0.519458,0.020739248,-1.1011822,0.27399483
1.9441152,0.1390308,1.119953,2.5800009,1.1801575
1.2797307,-0.13596115,-0.06795127,-1.8374232,-0.25871417
3.8060794,-0.30477142,3.5464728,0.82085466,-0.21919304
-2.0071168,0.24540114,-0.57153815,0.88816977,-0.008217454
0.758331,-0.304404,-0.81032896,4.7362685,0.6768853
0.17275572,-0.6161638,0.37225223,-1.561116,0.5502087
0.4104504,-0.28370455,0.83229434,-0.90183985,0.69587994
0.6890818,-0.4373248,0.74799424,-0.98430187,0.6244853
-0.060604367,-0.5643923,0.12511776,-0.14584863,0.9605893
0.8203426,-0.06477474,0.7755249,1.2178032,1.0291762
1.3474323,-0.38984472,0.55732894,-0.20696501,0.90612435
1.4870834,0.27789888,1.1249954,-0.07739455,-0.008610696
-0.44099385,-0.06296581,-0.29065648,0.6058165,1.1983137
1.4918798,-0.40230393,0.8592134,0.14303595,0.7814844
0.28702235,-0.58374304,0.094910786,0.86668617,0.32175958
0.6863513,-0.4463408,0.3508265,-0.41235128,0.769015
1.0383067,-0.19050676,0.71181947,-1.8987122,0.6690083
-1.8720121,-0.16432506,-1.0298518,-4.3618646,0.6524334
0.18805502,-0.7418467,-0.34695584,-0.6194929,0.6788029
1.8879589,-0.30338362,0.73698974,-1.4955529,0.81374294
0.73459697,-0.16568336,0.7060484,0.25791937,0.47673187
0.4337987,-0.4220046,-0.15616775,-1.3505805,0.28316128
0.8258233,-0.6350765,0.7108809,-0.7180036,1.0223588
0.88528913,-0.33443612,1.2039378,-0.65995264,0.73916614
1.0610178,0.08233033,0.94831693,-0.6926858,0.6873639
-0.41410136,-0.96552813,0.08954405,-1.7233121,0.807823
0.428015,-0.6765627,0.3991581,-0.6582323,0.7366519
2.2893627,0.32870963,0.9621255,1.560433,0.42581207
0.94515526,-0.3100611,0.23620562,-0.8614586,0.29142547
-0.31526038,-0.056080826,-0.10090602,-0.6894997,1.2979445
0.80914867,-0.39427277,0.5838075,-1.5639666,0.46244752
-0.81735873,-0.00088334084,0.48452288,-0.88201076,0.09740948
0.26837736,-0.65299386,0.17384343,-2.0766985,0.7334415
0.6463617,-0.077423394,1.0619757,-0.83962715,0.12750627
1.2127753,-0.4492086,1.0376632,0.7197337,1.2552912
-0.13518491,-0.48281682,0.25023144,-2.5621789,0.5013461
1.9098175,-0.25257966,0.49027327,-0.25843763,0.10660517
0.6477521,1.4039385,0.066319376,-0.65436083,0.7702034
0.33282366,-0.7633891,0.9970523,1.4031117,1.3497099
-0.53836995,0.87927425,0.18541642,0.8506781,1.3435255
-1.0352768,-0.27136546,0.7918559,0.28515294,1.5154601
0.61293936,-0.59234667,0.18668127,-0.655458,0.85024464
0.96934,-0.32753134,0.5770076,1.777213,0.7020247
2.0626915,-0.1338256,0.51882243,0.8797277,-0.18087411
1.8342876,0.277191,0.4111174,0.40859598,0.8295878
1.0058789,1.0167174,-0.00025707483,1.0057299,0.663885
0.2712137,-0.5176402,-0.0531951,-1.783337,0.26985106
0.73046666,-0.15679595,0.59610695,-0.546644,0.8689758
0.010301939,-0.5247109,-0.16676708,-1.7781054,0.36781505
0.3708033,-0.5844187,1.050626,1.7739985,0.41609716
-7.9915557,0.6176046,-6.932455,1.0496802,-0.96497494
1.3706197,0.52248514,-0.9466507,2.037815,-1.5599577
-0.9185304,-1.6493212,-0.6609308,3.9533448,4.0493736
0.8930717,-0.326214,0.310598,0.6257171,1.2906423
-0.09560556,-0.22050084,0.74876994,-0.080787525,0.039557494
1.3171571,-0.3393893,-0.22528325,-1.708547,0.36797148
0.7904487,-0.4206552,0.41818866,0.34111363,0.6928325
1.5182726,-0.01737891,1.0575954,-0.29314995,0.15478449
1.2885237,0.042449873,-0.078682564,-0.95383054,0.2718456
-0.19326955,-0.30679786,-0.68537885,-2.537687,0.314918
2.0967247,-0.06704558,0.8672781,1.6263235,0.58161366
0.27131054,-0.4360267,-0.38081953,-1.258556,0.4098351
1.3277954,-0.065686055,1.6504587,-0.19837272,0.23826276
1.4291798,-0.324718,0.0041947365,1.5426245,0.88342786
0.18821709,-0.65818775,-0.13814302,-1.8705853,0.31886032
0.91246545,-0.28009328,0.8960323,-1.4646916,0.36343044
0.9155977,-0.39207613,-0.33864155,-1.0472407,0.568006
1.4059078,-0.17278144,0.87885594,0.007856011,0.61439526
1.1199664,1.0194318,-0.9129302,0.4162128,0.2501214
0.28915906,-0.4716063,1.3131874,-1.0085696,0.61722183
0.97071856,-0.48937863,0.45068768,-0.2488306,0.97901386
0.44676244,-0.42056713,0.14682078,-2.5818648,0.039306857
0.3553224,-0.37432846,0.9886575,-1.9681454,0.3636698
0.19568409,-0.6015863,0.06577919,-1.7794714,0.31187615
-0.21354406,-0.2831307,0.9078446,-1.2577213,0.24073267
2.2008793,0.70284915,1.115906,1.3090479,0.5661675
0.4540226,-0.15597092,0.3905911,-0.6432028,-0.16184017
0.13907267,-0.51655084,0.13570262,-2.5138583,0.64440745
-0.40819713,-0.47657865,-0.2767062,-2.9367893,0.3561484
-0.29940853,-0.44744906,0.12549034,0.21326788,0.5583212
2.1950324,-0.1735504,0.47870564,3.156753,0.6650598
-1.057034,-0.10440805,0.689844,-1.6693149,0.58204824
-0.25625852,-0.58177775,-0.29060552,-1.3498726,0.5363783
0.07457614,-0.71552753,-0.17815444,0.539033,0.3535076
1.4234269,-0.0515066,1.0380596,0.67528075,0.6715418
0.6600491,-0.4225294,0.09998533,-1.0059314,0.042016327
0.89791006,-0.17096433,0.6057902,-1.1359563,0.68746156
1.3895278,-0.1826536,0.6927326,-1.3454622,0.40903494
0.84731185,-0.11375175,0.79785997,-0.13081548,0.19950087
-0.30179262,-0.4886098,0.26320174,-1.6178398,0.8013132
1.0121906,-0.37475464,0.5902056,0.49200478,0.91983443
2.408188,1.5191784,-0.57468134,-0.76628757,0.33812842
0.2904077,0.2640027,1.9790635,0.025311733,0.103195675
2.2163723,0.01724629,0.6626682,-0.07440579,0.87026846
1.2787436,-0.13594028,-0.17673215,0.8889815,0.18219899
1.7433262,-0.027421642,0.9950544,0.032829423,0.4109489
-0.026481837,-0.6098065,-0.00081312656,-1.9979979,0.7712864
2.2392147,-0.007285475,0.8660316,-0.47200218,0.16214092
2.4171803,-0.60655546,4.404949,-1.1373463,-2.1603906
2.0798073,0.1338831,3.7636402,0.35582083,-0.089859314
-1.8264606,-1.2868203,-1.6630776,1.6905295,1.9921415
2.1803403,-0.12407888,0.42466104,0.93293303,0.47135234
2.2083073,-0.009338853,0.45403793,1.4604229,1.3234109
1.5109925,-0.08489941,0.63905525,1.8468351,0.7759061
1.3573154,-0.04401119,-0.005671501,-1.261076,0.119553424
1.2749354,-0.5025245,0.5359256,-0.43688297,0.56367505
0.85691106,-0.09795442,0.0715129,-1.2319615,-0.5182848
-0.22763841,-0.6252503,0.3843571,-1.4620985,0.28684098
1.7171842,-0.03879647,-0.15944493,-0.3755558,-0.04886217
0.88084537,-0.2906499,0.32591856,-1.7974534,0.65958065
1.1823118,-0.078694984,0.55297595,-0.9628099,0.6057374
3.6372337,0.71025693,1.584867,2.4313118,1.2008615
0.14192876,-0.5838844,-0.5844875,-2.100841,0.38375294
-0.21881196,-0.71983016,-0.292168,-1.1445583,-0.025661819
1.5993248,-0.30831933,0.47701252,-0.5785672,-0.1931151
1.4223624,0.28808784,0.7169741,1.4148841,1.7833655
0.8678534,-0.44686878,0.2844666,-1.656572,0.023016298
-1.3587353,-0.2542639,0.93244785,0.19219474,0.87661505
1.0267754,-0.51447976,0.7506288,0.35717493,0.8023167
1.83353,0.62536806,1.3387899,1.1142408,1.1926235
1.5662022,-0.14265911,0.7826272,-0.14895537,0.028609833
1.790663,-0.15083033,1.073458,3.3668506,1.2224166
0.75332725,-0.16721687,0.45700336,-1.6087008,0.49961984
1.6906037,-0.1972357,1.4424429,0.7370856,0.124432124
0.55422026,-0.5826887,0.21001819,-2.0847015,0.3498549
0.9959474,0.17132781,0.39873475,-0.64729047,-0.20372002
0.17969447,-0.5790187,-0.46863276,-1.6682427,-0.11127301
0.29173267,0.18336922,0.85201746,0.2484746,0.721174
2.3747518,0.06648175,0.6487507,0.39993086,0.4995507
2.719883,0.34366155,1.4081326,3.4944978,1.3930594
-1.025135,-0.44100004,-0.84529376,-3.2351596,0.52272314
2.0350983,0.27103788,1.046444,1.8530333,1.2831216
1.6442128,-0.25590703,-0.12790017,2.8127177,0.25688204
0.4208748,-0.28227368,-0.097789496,-0.41649693,0.08377579
1.3163648,-0.29742438,0.5095077,-1.0462091,0.31866762
2.274928,0.2058269,0.8362765,0.016678778,0.29844
1.8037298,-0.17514107,0.59443134,-0.09004788,-0.15543094
3.0973005,0.15583356,0.17727795,4.225226,0.66948426
1.8685367,0.11830404,1.0154239,-1.2765418,0.49030918
0.87664014,0.67883146,0.79470026,1.8781102,1.1992024
0.22450624,-0.8005842,0.30116454,-0.81907076,1.1560446
-0.11978052,-0.27863023,0.046869066,0.7380528,0.6244049
1.0492333,-0.040266294,1.4611415,1.0610042,-0.063853696
0.87134016,-0.04576502,1.4759144,1.2645367,0.89630544
0.8690458,-0.32211453,0.39473766,-1.1785691,0.48034352
2.731128,0.9173157,0.9184247,1.9812964,1.0815971
5.410157,-0.19466355,1.7983005,2.551283,-0.16335863
-1.4320126,0.44689327,1.376574,4.205127,-1.478807
0.05593432,-0.18470958,-1.9453022,2.948233,2.7872736
1.0188774,-0.40096408,0.04658934,0.35415897,0.802397
0.790819,0.062008,0.27804905,-0.47686347,0.35816443
2.02134,0.15610023,0.7907457,-0.24707718,0.5588404
0.46255368,-0.46009338,0.56509894,-0.41074255,0.552531
1.409132,-0.11729716,0.34012008,0.4742942,0.2016744
1.4959121,-0.15429613,0.7414303,-0.57615745,0.14295903
0.9918348,-0.4666962,0.0430945,-0.9693356,0.25372946
0.6675741,0.110717654,1.1903872,-2.1952717,0.44533062
0.41560385,0.4304796,1.1833616,1.0997725,0.77600116
2.126125,-0.30317193,0.92082,1.6313132,0.17010576
1.1729391,-0.32273376,0.111527294,-0.80815,0.36583617
0.8330339,-0.39143074,0.1424066,-1.4698153,-0.13599147
0.9346952,-0.72627735,0.9829109,-0.16643725,0.54965746
1.5779984,-0.14104712,0.7073287,-1.3815932,0.4557442
1.9746171,0.4065852,1.0276872,2.5215013,0.9733179
2.5434062,-0.029176688,1.000367,1.7862014,-0.15413027
0.35903993,1.9603063,-1.2884165,-2.0963717,0.71918654
0.8659942,-0.25593114,2.0612762,1.4643373,1.2624476
1.4206225,-0.28258994,0.39416033,-1.2677459,0.3611699
0.6058053,-0.68987614,0.26379392,-0.9568119,0.17176162
0.40576926,0.021766985,-0.2989375,-1.9082624,-0.20939624
0.7361986,-0.31960773,0.55765027,-0.40021113,0.10608748
1.0159106,-0.31738615,0.27340567,-1.2516886,0.5787273
2.0584826,0.41455817,-0.36453947,3.5308163,0.19614163
2.0001662,-0.16149399,1.4070783,0.972595,1.1562155
1.1734957,-0.26807916,0.7996892,-1.107434,0.72110665
-0.52718395,0.34557644,-0.6379071,0.9786145,1.9123234
0.80072224,-0.11163814,0.11592345,-0.47796866,0.6545558
1.1789228,-0.27829194,1.1757885,0.3409189,0.8382726
0.65536654,-0.05024063,-0.1586466,-1.4797432,0.3024757
1.1987251,-0.5688064,0.23626111,1.7454627,1.1568817
-0.07351628,-0.63485,0.09370585,-2.4267116,0.13832666
1.0623349,-0.22867984,0.550318,-0.28828606,0.20637059
1.9287767,0.6143799,0.5102059,0.48547393,-0.14617144
2.538444,0.03291267,0.9886484,0.1703986,0.51302224
1.6880637,-0.26757735,0.81232417,0.4764574,1.0608096
1.0664457,0.087489635,0.72210026,-0.5425362,0.45918745
2.4421487,0.7530034,1.5718658,1.3555317,0.83297724
0.98538136,-0.5225362,0.7487632,-1.6263431,0.6601223
0.959756,0.017892998,1.4178609,0.2048113,0.6270466
1.3392562,-0.1870426,0.37030622,-1.384676,0.7537833
0.44155946,-0.29076782,1.0518669,-1.5751842,0.22371376
1.623971,0.04471928,0.45856526,-1.3050957,0.12396975
0.5311661,-0.4610653,-0.05696965,-2.2714899,0.12648042
0.15921631,-0.6875355,-0.19103187,-2.3479574,-0.030301204
-0.096764766,0.29478204,1.9372277,0.9328367,-2.555354
-2.2639334,0.05826228,-1.0545144,2.4479866,0.6075083
1.1902761,-0.6277856,-0.34737018,4.679852,1.0521344
0.4967716,0.052626543,-0.872931,0.5442774,0.42850107
1.2280973,-0.34057555,0.9002956,-0.9268776,0.48343587
1.0586232,-0.25836232,0.16775,-0.7943245,0.8263814
1.1534412,0.12570524,1.1331487,0.27749613,0.45602334
2.8258467,0.2599929,1.3236384,0.87289345,0.27169266
1.6233706,0.2459343,0.6923628,-0.44087026,1.0457989
-1.0944208,-0.706938,-0.6769786,2.022045,0.8432716
1.0952573,-0.39312777,1.2261848,0.3521037,0.905488
1.8567436,0.10815437,0.7139467,1.5939165,0.6724376
1.7654808,-0.44493186,1.2024477,2.9471712,0.17056206
0.9138633,-0.42350248,-0.51379675,-1.7225177,0.10736571
0.86537504,-0.17643975,0.04359846,-1.0812787,0.39364097
1.7797267,-0.29622886,0.9037713,2.0759842,1.090434
1.4193143,0.20968047,1.2073994,1.1153076,0.086133495
-0.67232174,-0.5352979,-1.5363153,-2.6401267,-0.011754899
0.4944449,-0.3135794,0.9015566,-0.17955549,-0.028379938
1.6304983,-0.20116507,0.56989413,-1.5561988,0.11089361
1.1371518,-0.14646645,0.52151006,4.583889,1.2667236
3.0118816,0.19723272,0.26695633,3.3637245,0.5959123
0.092040956,-0.5477225,0.10360126,-1.2567157,0.63506407
1.8762505,-0.10919942,0.6036248,2.4487789,0.18815699
0.3741169,0.10586224,0.13012426,-0.16328922,0.71281046
0.7937996,-0.3395896,0.28785196,-1.237201,0.60789365
0.33232236,-0.4409254,-0.30496874,-0.16621304,-0.22822325
0.44387126,-0.42846805,0.2508916,0.07230017,0.3525916
2.016044,0.5593437,1.4522125,2.026148,0.9768867
0.77138054,-0.19730629,1.3285136,1.3855153,1.0941502
1.158446,-0.33370766,0.59828484,-1.9588287,0.4616189
0.96610564,-0.18416259,0.2980136,-0.18708968,0.59880805
0.35081774,0.35850084,0.87964475,0.11960991,0.6515479
1.6795824,-0.4910534,1.0154748,2.208108,1.0414176
-0.11347498,-0.68252385,0.5611625,0.026653195,0.08888876
1.4941592,-0.034394726,0.72714496,0.19190462,0.6744399
1.1306593,-0.2758554,0.32905006,0.25876412,0.20659356
1.1210111,-0.16778684,0.18426931,-0.9069874,-0.2429727
-0.16098416,-0.7342856,-0.18431461,-1.0483725,0.4021593
1.4239177,0.15579692,1.1163123,-0.16769312,0.6719409
-0.4136872,0.86997443,0.4465066,0.29314798,0.5028901
1.4659503,0.010271963,1.4000626,-0.11681195,0.5076067
1.3558804,-0.13123474,0.92131376,-0.80419385,0.56188583
-0.32176185,-0.8058686,0.40425655,0.36011517,0.7638443
0.97797203,-0.31090102,0.75136495,-0.59221065,0.44946426
1.8597757,-0.30106026,0.5666774,1.0104994,0.2835631
1.4082087,-0.0360386,1.6284866,1.9968475,0.7076184
2.1303444,0.36952826,1.137246,0.77317995,0.707317
3.1539853,-0.24883646,4.7494736,2.629529,-2.2360363
-0.33784556,0.7923763,-0.5107944,1.7936087,-1.0557439
-1.3203495,-1.1746377,0.39076206,1.7151371,2.830852
0.13097875,-0.30522966,-0.01618665,-0.9792001,0.21089567
0.7980566,-0.25072742,0.4974371,0.6249325,0.14817995
2.495937,0.15798804,0.7280236,2.488717,0.4534087
2.6927326,0.1994113,1.2134957,2.5826342,1.6271377
-0.665474,0.82808113,-0.7173789,-3.0273144,0.5619912
1.2438939,-0.2654623,0.66921836,-0.92518544,0.27250066
0.55009985,-0.32814935,-0.09700244,-1.1405407,0.15220214
-0.29385546,-0.5198693,-0.16518171,-1.140584,0.28336868
1.1228492,-0.20270848,1.2629217,1.2108771,0.1624676
2.2930467,-0.038407553,2.1036057,1.8344643,1.691326
0.22641376,1.5874534,-1.6886141,-1.6724696,0.18590222
1.38748,-0.16262737,1.8428452,1.8757104,1.4914516
2.527849,0.67243785,1.2987859,1.3071979,0.7678387
1.5816106,-0.28998527,0.37698644,-0.04934787,0.55695266
-1.0904635,-0.7058284,-0.9713776,-2.5998023,0.78934
-0.032254655,-0.28575864,-0.054227922,-2.530548,0.065876074
3.4046514,0.7339362,1.4983196,2.7641232,0.82127255
1.6868819,-0.29120702,0.22797593,-0.50209785,0.56977874
1.4019574,-0.26090896,0.58683175,-0.6907629,0.25168476
1.848886,-0.13960229,1.0911533,1.4864056,1.0427313
1.0194323,0.4407352,1.0747448,0.98945457,1.0702676
1.5537976,0.3173641,0.8399725,1.9242076,1.1063895
1.2508042,-0.29944375,0.7288355,-0.9208212,0.7974416
2.314314,0.45041704,0.77845883,2.2779996,1.4729952
2.2045527,0.09127095,0.50847113,-0.84845495,0.026957354
1.6243639,0.08935542,0.7990165,-0.64834636,-0.38768464
-0.432565,-0.75084317,-0.20139757,-2.3378413,0.53679043
1.0556782,-0.3154048,0.44441262,-0.37844095,0.49751765
1.75649,-0.11222726,0.9280903,0.5181532,0.69967616
-1.3491566,1.7054015,-1.8957824,-1.6643414,-0.00066807866
1.2283736,-0.46388686,1.0025601,0.82537186,1.0261474
2.3635488,0.20341212,1.1324422,0.40522215,0.57877827
-0.45307812,-0.6213907,-0.6318392,-2.8270009,-0.17207879
2.2418497,0.20006223,1.1084775,-0.040286135,0.17261808
0.68516594,-0.4783107,0.8648834,-0.36923778,0.23759992
3.4592862,1.3075349,0.5666977,2.4084184,1.2349105
-0.14393929,-0.2912234,0.291894,-2.8525927,0.30673692
0.21669824,-0.47665864,-0.29955912,-3.0385299,0.70410293
1.9168385,-0.20085198,0.5901909,0.30249614,0.4626134
1.814615,-0.07671027,0.67857116,-1.1696494,0.41591743
2.6960044,0.5010374,1.2494748,2.3414893,1.2055835
0.9686316,-0.20457453,0.2202455,-1.7549855,0.24028069
1.3538309,-0.0015345216,0.54687923,-0.25323436,0.16321516
2.1452556,-0.050299637,1.1489316,2.9132514,1.0903279
0.37596616,-0.34764403,-0.3154324,-1.3457321,0.3074205
0.1265407,2.9906728,2.5753307,4.337265,1.7289898
1.709944,1.419612,-1.8473661,1.4958749,-1.865257
-0.83902335,-1.0642598,-0.57820696,1.8728538,1.7283835
2.4043624,0.78589267,0.25213486,4.0962205,-0.26640293
1.0792236,-0.36585358,-0.21851304,-1.5136691,0.83921987
1.6472491,0.7222813,0.96304154,1.5214899,0.4668041
0.94969827,-0.30851078,0.5071923,-0.34593508,0.6379381
2.6913688,0.23983616,1.4714668,0.5900703,-0.0803153
1.5144877,-0.09330538,0.5134493,-0.3276866,0.37843084
1.8829933,0.27437863,0.713077,2.1738849,0.6351073
2.4288125,0.18789703,0.82403386,2.7655218,1.1895459
1.5252044,0.12192509,0.9326602,-0.7179407,0.49058825
0.17343314,-0.13929807,-0.1026047,-2.4846022,0.034527462
0.22816876,-0.07246338,0.68326944,-0.7003564,0.14659233
1.9623312,0.11834576,1.5382054,-0.04926329,0.1313755
2.2130892,0.05202485,1.1019425,0.77047294,-0.13081807
-0.47673184,-0.6090259,-0.08714096,-2.055234,0.200754
3.1923542,0.27561152,1.3602989,2.0045726,0.25787157
2.345285,0.06649367,1.1189058,0.34320325,0.5779394
2.4431322,-0.04664715,1.2755063,1.1247067,0.38421783
0.70615345,0.37877965,1.0946996,0.21921764,1.534749
0.81969684,-0.19110142,0.7393486,-0.90651083,0.11562453
2.5998216,0.8104038,1.5027132,2.049597,0.7389718
1.0972955,0.032873034,0.39689296,2.2729568,0.74308217
2.4660447,-0.010402199,1.1360713,0.2458774,0.005285859
1.5812947,-0.21515565,0.64705276,-0.44144648,1.03565
2.6842303,0.2929308,0.10414371,0.115678996,-0.27174106
3.4040859,1.1164094,1.2459352,2.2157505,0.20764446
2.2591493,0.2037008,1.0876517,0.04053397,0.27838147
-0.5809279,-0.8257874,-0.34727734,-0.68480563,1.2977315
2.240531,2.9463754,-1.0550089,-3.7717016,-0.71655905
2.203367,-0.11678791,2.0199504,2.1698232,0.49023053
1.1870022,-0.24181241,0.39475578,0.57997316,0.6248092
1.5839958,-0.12527525,0.93064475,1.1124333,0.92414194
0.5109221,-0.51504564,0.18649445,-1.7102488,-0.30770737
1.2025731,0.16894342,1.1471984,1.2031592,0.24590842
0.9746991,-0.2145423,0.39778498,-1.5194643,0.6586935
2.1550477,0.3438577,1.4459052,2.4619706,0.72795165
2.540117,0.027565885,1.3654127,2.1190314,1.1550835
2.0918908,-0.032246597,0.7472842,-1.0065122,0.6353587
0.09792975,-0.5751297,-0.705501,-0.36718062,0.62459326
1.2336246,-0.4602778,0.6873321,-0.92461836,0.7264315
1.6407512,0.036766663,0.93136215,-0.21080731,-0.16844468
1.4028331,-0.14731027,0.21217646,-1.4154563,-0.012561261
1.1067898,-0.49543497,0.66868114,-1.4862663,0.5305413
1.3861343,-0.15129305,0.79298186,-0.8935837,0.5195497
2.0142179,-0.07063152,0.4672067,0.567536,0.2803924
2.480134,0.08669577,1.0404825,1.9416279,0.89191306
-2.28793,0.29374522,-0.30049655,0.8571136,0.7496013
-2.7940614,0.35250747,-0.01024109,0.8695677,-1.1093756
-1.735384,-0.9943379,-2.425601,2.7243865,1.2280726
-1.4312755,0.045929827,-0.2929515,-0.77600586,0.78542167
1.3341638,-0.21852322,0.60260546,-0.8151176,0.7871939
0.5386889,-0.39266324,1.000751,-1.9576242,0.76324916
0.7373064,-0.27084878,0.98395115,2.498574,0.70897365
0.7229966,-0.4602189,0.50821763,-0.061859623,0.4850801
-0.9785561,-1.3029821,1.2212597,6.332728,2.190949
6.209448,1.5275323,1.9565368,3.6850224,1.1433729
0.9172439,-0.2309198,0.08219322,-1.5297678,0.3939166
1.1030786,-0.5114984,0.6926556,-1.1871054,0.68810594
-0.11438306,-0.6446588,-0.09689825,-3.244402,0.18855886
-1.4089056,0.007648168,-0.2880354,-1.0678439,0.47536498
1.4161484,-0.31296876,0.6284534,0.7974541,1.1723349
0.9811646,-0.28449604,0.5250521,-0.62790257,0.12358084
2.9512286,-0.058456887,1.2034471,4.0208497,1.1623869
-1.0487736,-0.54446447,-0.8162704,-3.6472197,0.15046327
3.1631167,0.53541046,1.4184915,2.0368881,0.6613575
3.1261764,1.9219614,-0.92379934,-0.5031028,-0.9995388
0.44301984,-0.6799995,0.6010996,-0.5788838,0.66547966
6.0247927,1.7995185,0.28696883,3.2994046,0.5795653
0.41604596,-0.73148584,0.6892412,-1.6655705,0.5126542
0.35593355,0.31616014,0.6070878,-0.83944434,0.7311708
0.6377667,-0.37460372,0.6289138,-1.9843978,0.34554797
-0.39547232,-0.5495454,-0.22228712,-2.665542,0.60615635
0.9149747,0.09035967,0.6593733,-0.8384094,0.043034434
-0.14901115,0.1702472,0.9636945,0.3695898,0.8511556
1.7161127,-0.22165811,0.22769058,0.46866003,0.16877827
4.253137,0.57422465,1.6851447,4.162617,1.2918792
1.7418743,-0.11519727,0.20594624,-0.32360554,-0.50668305
1.154474,-0.5093009,0.48058325,-1.4755502,0.8680346
0.7022186,-0.44999707,0.2424435,-1.9338176,0.21547863
1.162185,0.7820101,0.7779342,0.6454442,0.27401298
1.3932096,-0.40540934,0.607038,0.7598414,0.6029651
-0.37981844,0.85519457,0.020559182,0.30787727,1.4428507
1.03213,-0.29159892,1.1008894,-1.0801834,0.7056361
-0.0027238503,-0.874679,-0.26554894,-1.8724773,0.6187172
0.678526,-0.28291184,0.69152814,-1.4254172,0.16474314
1.140737,1.4070818,0.35241258,0.7298684,0.51564276
2.0801663,0.022709033,1.4898919,-0.34309313,1.0291581
1.3405151,-0.395638,0.56254745,1.8611662,0.22811176
1.3132741,0.06649367,0.6353664,1.7247825,0.7924698
0.4346553,-0.88260704,-0.3345036,-1.6308639,0.40794098
0.95702124,0.019737158,0.9364222,1.8432273,0.3032906
-1.6753852,-0.661555,-0.6233967,-3.0610883,0.9571447
2.8686965,0.6493593,0.9030673,2.8878355,0.82288396
1.0315073,0.12880448,0.8609606,1.6002451,1.1446552
0.8805553,-0.5579655,4.2560177,-2.6950214,-1.1374428
-0.79162115,0.46803826,-0.5675135,0.43815047,-1.5960797
-0.46967882,-0.59523976,-1.5111917,2.9901059,2.425933
2.417587,0.24216565,0.1916762,5.072646,0.69519496
2.2282603,0.11762166,0.34287003,1.1044271,1.2805245
0.12540327,-0.07257781,-0.17865041,-0.76015294,0.26786858
1.9740176,0.9061748,1.083938,-0.22874318,0.7421554
-1.0355647,-0.3424482,-0.6377657,-3.272711,0.40283245
2.7160401,-0.015959427,1.4610459,2.803116,-0.2443563
2.7040756,0.4699952,1.769396,1.6282425,0.8786839
1.9072164,-0.03630086,0.704438,3.2141964,0.9799272
2.9018855,0.75607085,1.9520346,2.5419154,1.0474398
2.2531645,0.034691848,0.59497106,0.45996585,0.15565132
1.1109905,-0.32630864,0.8532302,-1.4803292,0.35852996
1.4796952,-0.09915295,0.60133386,0.25811803,0.44523728
1.8433177,0.19257101,0.92680687,0.5478189,0.8629823
1.0391713,-0.35654742,0.71167135,0.6259354,0.7190302
0.7311904,-0.07986525,0.93566984,-0.52676535,0.30088562
2.0157547,-0.16299562,0.7169469,0.65557796,0.7394339
2.0437431,0.5067286,0.85431176,2.3565269,0.61143035
1.5379115,0.0400398,0.3396299,0.22030827,0.23088586
2.6954935,-0.496306,3.5852218,5.577235,1.8408095
2.9278038,-0.04545121,0.7487383,0.6652279,0.58654577
3.6008177,0.10923725,1.3006142,3.2295055,1.4702435
1.7795182,-0.0026234984,0.6126245,-0.3582104,0.13927647
2.4575937,-0.028398855,0.73310995,2.7559357,0.39790273
1.1103346,0.99177456,0.041776292,-0.03579952,0.8797046
2.1423051,-0.76620847,1.7873054,5.383819,1.1636251
1.8739069,0.22014159,0.9894334,-0.5675605,0.22553207
1.8733656,-0.070684865,0.6434715,0.49318075,0.602204
1.1527892,0.34858343,0.9899789,0.85124815,0.34548232
1.120147,0.37873772,0.565831,-0.9158103,-0.124386325
1.7339602,-0.22117583,1.0675414,1.8271912,1.1693373
1.538629,-0.020129653,0.16702525,-0.30597147,-0.15265328
1.0661578,-0.13876918,0.9771257,2.1308079,0.9942281
0.9687578,-0.131696,-0.38062933,-1.063024,-0.12014198
3.7713764,0.51283777,2.0737529,0.815956,-0.09043319
0.9722816,-0.28838205,0.51837766,-1.7489511,0.086433396
0.82272726,0.04725391,-0.1841323,0.06909209,-0.0113806715
0.8382649,-0.08920969,0.8958944,0.9349593,0.9218202
-0.35394388,0.16201092,0.26295605,0.1484843,1.2715379
1.0037533,0.06952561,1.0161669,-1.546116,0.12910168
2.4421923,-0.06436855,1.905236,0.653079,0.51238894
1.9953043,0.29633635,1.0394607,1.5935143,0.72689706
2.8196623,-0.10644868,1.5877887,3.3932815,0.18266395
0.7243817,-0.5205823,0.35968173,0.48036492,0.8866261
1.0490826,-0.2092232,0.46916133,-1.3717942,0.19967112
1.9003448,0.14388523,0.9560708,0.4529255,-0.24776733
-2.666407,-0.99531406,-2.3348298,-5.6671033,-3.8543692
1.6833096,-0.3088761,0.76598924,0.91914564,-1.4354061
-0.015643088,-1.2911193,-0.9033475,3.2482257,2.344601
1.7165037,-0.35945418,0.09848935,1.4126517,0.6192519
2.6392376,1.6399492,0.92341405,1.7932732,0.83852816
-0.07134539,-0.6573471,-0.2139395,-1.5365902,0.138299
3.6101632,-0.05704371,1.0380415,2.9272866,0.55603
0.36921364,-0.61941767,0.24812654,0.70158714,0.48242235
1.4633521,-0.17923193,0.70575094,0.4937412,0.44240832
0.4020931,-0.4338716,-0.12692061,-1.1533921,0.08441535
1.4057235,-0.0053793187,0.57682544,-1.0315226,0.091774516
0.32006338,-0.31673414,-0.43194833,0.90647835,-0.01951256
2.044829,-0.07095128,1.8808321,0.7775265,1.1607001
3.3801248,0.55704314,1.3690923,2.962859,0.9255976
0.8562933,0.47307616,0.42028052,1.0439916,0.60526747
3.7753935,0.29695687,1.6335835,3.8172894,0.9486512
0.10819327,0.7989814,-0.10086412,0.31115592,1.1921687
1.5543191,0.1778269,1.3551285,-0.073969126,0.17761336
1.5797225,-0.02450968,1.1756147,0.7704277,0.84123623
0.29599404,-0.3354962,-0.18208495,-1.8572989,0.19637583
0.7285583,0.41890916,0.45456988,-0.5197412,0.3039154
1.6110259,0.022554956,0.52745676,-1.6287203,0.9557901
2.5357733,-0.28418666,1.2179856,1.8835135,0.5568067
2.3828351,-0.05246949,1.1912469,0.87767965,0.33310166
1.9208902,0.3588845,0.51676506,0.5072039,0.29095796
1.2713506,-0.5012299,0.8503255,0.80051094,1.2668582
0.5951786,-0.53082263,-0.40522322,-1.1392146,0.21951972
0.19070871,-0.60359776,1.3217247,1.291306,0.29103398
2.323089,0.76938045,0.7236733,0.7298999,1.4070598
1.413543,-0.032312162,0.8746159,-0.98985153,-0.04391512
0.90166205,-0.24941874,0.7619053,0.028896503,0.4788323
0.871804,-0.3659143,1.1543713,-0.82280266,0.4495455
1.7741276,0.45757714,0.66033924,0.19907588,1.5968173
0.38629085,-0.24417463,0.8286344,0.2431602,0.64672947
-0.4390358,-0.30008096,0.7012352,0.9698102,1.0283287
2.8864615,-0.21892238,1.702343,4.166239,0.7002177
0.4204555,-0.5619141,-0.0071595903,-1.5111225,0.700343
1.2228285,-0.15748867,-0.026742559,-1.0853145,0.23570818
0.022508798,-0.53835386,0.25892514,-0.05405576,0.47234604
1.2811875,-0.082166724,1.0774405,-1.7920073,0.5017539
1.0895984,-0.11533524,0.855781,-1.6626934,0.41656289
-0.03768294,-0.22238491,0.6525378,0.23100898,0.9459877
0.5758763,-0.2793533,1.123895,-0.95170206,0.5339705
2.5511296,-0.57457125,1.3123115,4.0361085,0.9048862
1.256664,1.2109277,-0.46858865,0.20927413,1.6807505
2.5946288,0.094291456,1.0393795,-0.4911336,0.5024823
1.4199386,-0.30622143,0.03182742,-0.9230687,0.19532406
-0.0615569,-0.12266676,0.16354199,0.4568429,0.18950866
-3.2881727,-0.3813312,-5.484276,6.6196136,-0.24360272
0.9454846,0.43394566,-0.11792789,1.610763,0.0907253
-0.8830896,-1.2330039,-1.2023801,1.9813101,1.9068307
0.21101393,-0.84875476,0.5307282,2.566781,1.6652901
0.6284755,-0.0992066,0.10814013,-0.13139868,0.34984538
2.2670088,0.49680948,0.99721944,1.2182628,1.09003
0.83720565,-0.2617265,0.5662791,-0.95105547,0.22937004
2.0031967,2.100875,-0.52179635,-0.41167966,0.057457283
0.45258144,-0.8928531,1.449238,-0.5441368,1.0215318
1.1034007,-0.09458945,0.41694126,0.5724676,1.7141398
1.0153356,-0.37651852,1.1228883,-1.0894691,0.37610373
0.192585,0.106922776,1.1577054,0.18652223,0.87925816
-1.2920705,-0.6703299,1.2109997,0.14231901,2.2165651
-0.2802225,-0.6496954,-0.09104343,-1.9054178,0.6666812
0.34913713,0.5077271,0.37236202,0.32316208,1.1067313
2.9233084,-0.20016292,1.287784,2.5841374,0.53143036
1.6211206,-0.024672396,0.8929384,0.08802587,0.033306256
1.3139493,-0.3756864,0.77282166,-1.0073541,1.294887
0.48979023,-0.58219266,0.037872624,0.20383671,0.5822296
0.41600668,-0.7145108,0.30746526,-0.8696866,0.67622274
3.7863812,1.2265061,1.3501798,2.4535654,1.3607275
2.9292133,0.43797648,1.2255442,2.6255789,0.6790111
1.1232189,-0.011107619,1.4579993,-0.7369391,0.43692064
0.11684226,-0.56576777,0.39218387,-2.6999187,0.80015165
1.7110837,0.31278297,0.67623895,-0.09653779,0.4927025
1.3646162,0.25481996,-0.35498583,1.4229985,0.12071498
0.7344129,-0.33466414,0.4720338,0.09689381,0.6549713
0.18633798,0.008813141,-0.034424208,-0.29219508,0.72086906
0.45248118,-0.081384175,0.95268077,-1.1865672,0.28690147
0.6409788,-0.24678612,-0.5338605,-0.2684232,-0.3600197
1.5055747,-0.15670834,-0.21564595,1.9485863,0.5575341
2.4180603,0.04799806,1.3054361,1.7097819,0.19218001
1.8849474,0.042549413,0.41353184,2.4723291,0.5313422
0.46323383,-0.13739556,1.4943275,-0.7647256,0.90564597
1.5481154,0.0090903025,0.013502656,-0.4297717,-0.18864615
1.2046993,0.27844977,0.86189413,0.1480742,0.93797153
2.1702256,1.014855,0.768584,1.0950354,1.5003144
0.05312475,-0.094217256,0.6941101,-1.2433046,0.1971735
1.8439733,-0.515246,1.1249728,2.4008799,0.33542103
4.654105,1.6062858,0.7319837,1.41307,0.843212
0.5716354,0.071021914,-0.067716844,-1.1718702,0.13147317
0.55239594,-0.14292757,0.80070996,0.31462824,1.0317485
1.9222373,0.72255087,1.679958,1.940248,1.507596
0.57695866,0.20848322,0.11787919,0.7954942,0.24296753
0.27975336,-0.59545827,0.36644927,-0.8630321,0.81173253
1.5066204,0.6510783,0.7795724,-0.8808167,0.39079803
-0.1858921,0.09058407,0.013245581,1.7920612,0.8598063
2.7465866,0.07566784,1.5487154,2.7558496,1.2737988
1.2587004,0.2656675,0.002739489,-2.5027163,-2.0167208
2.7310214,0.47270313,1.6964473,-1.618716,0.029473236
-1.3012604,-1.030772,-0.82562315,0.45947617,1.8781532
1.2642055,-0.0065889945,0.31794584,-0.3635815,0.18218604
0.23188585,-0.31001765,0.25836694,0.8389156,0.02907913
1.3229473,-0.09852329,0.4852291,0.7556481,0.8807779
1.1404798,-0.20438835,0.38704,0.0034638047,-0.28682888
2.9025164,0.8030352,1.7827054,1.7522022,1.2657213
1.203453,-0.531732,0.34204358,-0.21644536,0.57621074
1.4529043,-0.26022458,0.9024108,0.042369135,1.0215931
0.58985263,-0.59114003,-0.33574554,-0.8219525,0.20827362
1.1957705,-0.13829541,0.9279242,0.31875944,0.30492562
1.8981767,-0.040237684,1.2275043,0.6001791,0.75868815
-0.24417773,-0.33223853,-0.26083076,-2.1360445,0.6554213
2.062922,-0.13174963,1.1885202,1.8406743,0.37883437
0.82391167,-0.45691454,0.4126897,-1.1002274,0.19076352
-0.5813818,-0.6619146,-0.6691257,-0.6351668,0.24746227
-0.4098251,-0.18954897,0.94255894,0.10200883,0.76900727
-0.6224336,-0.11958387,0.8903394,0.4947972,1.3611847
1.25817,0.35106772,-0.016977128,-1.5952255,0.105318286
1.793382,-0.14790559,1.9113872,1.2398614,-0.16106321
2.5823379,-0.453569,1.7280432,3.229591,0.5590788
0.40517926,-0.31593207,0.5241321,-1.636096,0.43839818
1.5424961,0.58341086,1.3410527,0.75181055,-0.14582747
1.480583,-0.20002885,0.73071724,0.14364077,0.64175546
1.9229988,0.64061636,0.53557485,2.297645,1.2542335
0.97246265,0.26152667,0.9572433,0.94333565,0.8635099
2.5915184,-0.0039288397,0.93254155,1.5972662,0.97212994
1.9278139,-0.06756978,1.9229645,0.98686635,0.43809405
3.165564,0.281154,1.2751849,0.62231743,0.76253927
0.24914245,-0.264157,0.23632112,-1.9097786,0.64129245
1.781711,-0.3665622,0.20437905,0.40122887,-0.15855345
1.8493245,-0.009771582,0.67400175,-0.9556936,0.08527356
1.8560125,0.40268183,1.3233294,0.73344857,0.7453848
1.0610461,-0.52284414,0.2498544,-1.1477243,1.0641084
0.5962746,0.12133212,0.061941225,-0.3548473,-0.7371062
0.7003936,-0.38423032,-0.045811325,-1.9361258,0.24179308
1.1657912,-0.16875781,0.473478,2.5054405,1.0360954
2.2132723,0.04156953,1.1714056,2.5690138,0.7789651
2.1404333,-0.42611325,0.97514457,5.2524753,0.8239824
2.1317556,0.017665904,0.9460237,0.4876391,1.1840764
1.5933706,0.44840258,1.4322593,2.0006475,0.70685834
1.9680587,-0.13153361,0.48175916,0.7722245,0.52813166
2.007344,-0.4635975,1.070971,2.751572,1.1484374
2.0340059,0.025945546,0.018758528,-0.7595602,-0.2780764
1.4413042,-0.31414598,0.22209235,-1.0208279,0.18633953
3.1950681,0.2939301,0.8714483,0.5546974,0.1541968
0.14927197,0.045308754,1.6948496,0.09959835,1.28155
2.378917,0.88677156,-0.6053965,5.75998,3.5921087
0.60753775,0.38596463,-0.060447488,2.142182,-0.3977904
-1.456654,-0.9235915,-1.5219662,1.2932012,2.6154115
0.54602945,-0.4547179,0.035825092,0.24426655,0.21135457
1.0162398,-0.4063299,0.3464011,1.608532,0.23633385
0.083026074,0.45103103,0.1784262,0.8600483,0.89774907
2.8190434,0.35125968,1.8012376,1.9666696,1.3137658
0.8233925,-0.19261362,0.5742163,-1.4021615,-0.008447349
0.8824305,0.19832365,0.8414893,0.84551436,0.6054886
0.0476328,-0.52463686,-0.04186236,-2.4661524,0.70568615
2.0404172,-0.10243713,0.6095542,1.04206,-0.058159925
2.4515784,-0.13953644,1.4799644,0.20772915,0.46627873
2.636505,0.5529443,0.3025764,2.5020905,0.31672066
0.62964916,-0.27220586,-0.28019464,-1.1467655,0.34347144
0.9112262,-0.47035086,0.08484545,-1.1704911,0.524725
0.67537624,-0.8265117,0.40102586,2.6039689,0.4823014
1.9621978,0.112261534,1.3640438,-0.24571219,0.54580855
3.601977,2.120934,0.9270114,-0.24095535,1.1273117
2.6018224,-0.057575066,1.0843161,1.1740625,0.24620743
1.3846117,-0.25461027,0.13022618,-0.6495388,0.10989971
1.651966,-0.04213606,0.23549566,-0.4427307,0.7769917
1.694553,0.23407444,0.9348576,1.252216,0.979461
1.2471179,-0.17160787,0.29921377,-1.6186385,0.3547001
-0.030804724,-0.51286125,-0.06587884,-0.3967144,-0.14915049
1.6250057,-0.1999234,0.5208424,-1.1937214,0.22698998
1.7837465,0.47260278,1.1613362,1.7534829,1.1656504
1.8306453,1.3338408,1.610042,0.2804729,1.220497
0.60027635,-0.45500192,0.375234,-1.8537695,0.3407459
-2.5483916,0.13154732,-0.13943058,0.06840267,1.4897553
1.3886775,-0.2190174,0.84774184,-0.43313956,0.9032819
0.9601616,-0.47869575,0.04449312,-1.1258345,0.56542015
1.4110693,-0.14141035,0.59254533,-0.6448799,0.19663423
0.69256204,-0.09741475,0.77998173,-0.30980277,0.48967326
0.49120137,-0.087970905,-0.16316602,-2.8137312,0.31372544
1.1633226,-0.10255514,0.73604554,-0.50887537,0.40227684
0.06536093,-0.12472876,0.64759463,-0.5979513,0.15548193
2.3161132,-0.07582549,0.81459403,0.9274437,0.69116974
2.4649827,0.52685475,1.275965,2.7209814,0.67072815
1.7351191,0.24299724,1.2193942,0.75470835,0.94789916
0.6446971,0.2662941,1.5435617,-0.09596443,0.38666588
0.85865223,-0.4451838,0.1219877,0.66597897,1.1052953
0.53682494,0.6305852,0.4299188,1.5031002,0.8018236
0.43107915,-0.16980626,0.43154424,-0.60088694,0.7070345
1.2916873,0.31059048,0.6322351,0.60913557,0.7868881
-0.31152716,-0.5596904,-0.36232173,-0.8456765,0.67716086
2.3554664,0.17245638,1.3367436,1.6486503,0.5999588
0.1149474,-0.530702,0.3402435,-0.5709299,0.50786334
3.814497,0.19568628,0.7831982,1.6253797,0.30888957
5.222551,-0.9414483,5.63683,-4.7709494,-2.8100977
2.0773976,0.5657152,4.7036905,1.4728413,-3.6344159
-1.4410572,-1.45797,0.0053827167,1.0126079,2.0965695
0.8552294,0.43116257,0.38432428,0.49106672,0.63792604
-0.070657276,-0.6171637,-0.06454932,-0.96499634,0.7756444
2.0621548,0.1644171,0.9143573,-0.3515491,-0.068012536
0.98881257,-0.08406769,0.8353428,-0.9621565,0.34848866
1.3700095,0.004135668,0.7502965,-1.3798103,0.5948237
1.548801,-0.4466225,0.3743397,1.3187277,0.9736407
2.019614,-0.13670518,0.47847816,0.6799503,-0.08568148
0.8776879,1.5395858,-0.061960477,0.2924773,0.86932814
2.4564917,0.67882323,1.2736719,2.158838,1.4767553
1.7997258,0.025139397,1.0666337,-1.4859992,-0.06405766
-1.1954061,-0.5721382,-0.6130386,-3.7151785,0.7522399
1.6097753,-0.2643199,0.7507974,-0.5103325,0.31084344
1.2376195,-0.0041455026,0.27218625,-0.9763898,0.17960024
2.0038698,0.20456947,0.84608716,0.61216164,0.3335994
2.751194,0.32330507,1.0489404,3.3607852,1.8924041
0.09477992,-0.16719452,-0.16069624,-2.4825869,0.19614595
1.1125146,0.1927021,-1.0530422,3.2830875,0.38840187
3.2446976,-0.026193798,1.4608465,3.319959,1.6176941
1.826379,-0.24654487,0.8636007,2.0226562,0.10780821
2.01312,-0.09026968,0.6729645,-0.47478977,0.19401908
0.4702569,-0.22689351,0.5447881,-2.6129546,0.18265185
2.1767974,-0.1092903,1.4937277,-0.28045914,0.8915832
0.3631593,-0.5024029,0.3288678,-0.27914923,0.44865465
1.4559792,-0.20475863,0.64162314,-0.73813736,-0.09857882
2.0434704,-0.123928405,0.9636989,0.2891475,0.4967064
2.0175283,-0.5424938,1.3472614,3.6859062,1.0981237
2.455188,0.59709394,0.67355156,1.8889755,0.4463865
-0.23673111,0.72862816,-0.39944902,0.6012409,0.99902594
3.3011348,2.431672,-0.458795,-3.3785458,-0.7986283
2.344641,-0.027863609,0.7569608,0.9373197,0.34254852
1.9922218,0.21724084,0.5895042,-0.47907192,-0.29100633
-0.4229073,-0.6864331,-0.1356981,-1.9929192,0.24176456
0.98738885,1.0543206,0.49261937,1.0784031,0.6424275
1.5767955,0.70628554,1.162143,0.8442622,0.76356786
1.5420047,-0.14470163,0.576176,-0.9566291,-0.0721342
-0.5362722,-0.2238308,-0.41310397,-1.4986514,0.060979158
1.5979433,0.4721972,1.0587672,1.3962475,0.5983217
1.7816889,0.200465,0.57076424,0.7946764,1.663072
0.25542477,-0.16899765,0.9075938,1.0129734,-0.057668164
0.5788276,0.30143842,0.70589125,1.8074148,0.69249135
1.232767,-0.08355274,0.24404912,-0.984348,0.52278703
2.4949927,0.3694923,0.9388422,2.588059,0.7118421
0.7552798,-0.53210616,0.6624329,-1.5204536,0.18713117
2.8896883,0.03258038,0.6180638,0.23906326,0.42272556
1.638016,0.21596351,0.68564236,0.44694903,1.1764654
-3.6411803,-0.7529377,-2.104456,1.6447929,-1.4749286
-0.94866985,0.93861055,-0.48466325,2.4159274,0.95297563
-1.6884899,-1.0267936,-1.2152619,1.2435521,2.1463969
1.5089102,0.9812535,-0.051047917,0.8822967,0.43615073
-0.8263644,-0.45674798,-0.3035082,-1.8752447,1.1957581
0.67776513,0.38002688,-0.18763247,1.8520489,0.51045096
3.1685214,0.14459914,1.9398323,2.9144008,1.834133
0.714831,-0.15061551,0.3595538,-0.6067092,0.6888609
0.20729332,-0.4998782,-0.33135852,-2.5315218,0.4696796
0.5235262,0.38048637,0.5228895,-0.7006149,0.8340636
1.5335687,0.08147834,0.8215832,-1.1060559,0.55921453
0.45866388,-0.36209452,0.7605123,-0.6526611,-0.05024413
2.3395822,-0.25244325,0.89034843,0.8489287,0.3108469
2.251316,0.33809528,0.9128681,0.4076549,0.51299196
0.5542375,-0.15182908,0.42144412,-1.6052284,0.13716339
-0.21290457,0.7908844,-0.004594505,1.6286976,1.7247734
0.4173974,-0.2665392,-0.17102489,1.7891588,0.5505793
1.849703,0.28753787,1.6661274,0.57063496,0.7938127
0.5036061,-0.46622425,0.1113529,-1.0228479,0.4412064
1.1699741,0.021921063,0.3879705,-0.9614932,0.24618582
0.92786455,-0.54566693,0.40149903,-1.3843304,0.80286944
2.2359893,-0.0687931,1.0720005,0.36741367,0.03074803
-0.38091707,-0.6888089,-0.33517948,-1.1442068,0.79295516
1.6049663,-0.2414544,0.37481517,-0.12658069,0.5007223
0.8508674,-0.327445,0.41400275,0.15022501,0.3021836
0.9923347,-0.31329003,0.46165287,1.2973982,0.48977005
-0.05322457,0.37113392,1.1691064,-0.52950954,0.3915628
1.1357107,-0.41055328,0.2799512,-0.2951728,0.70186144
0.9548665,-0.5381753,0.65039647,-0.7801637,0.525506
1.3694832,0.08025653,0.8423031,0.1780577,0.5271416
0.13778551,0.03547743,0.6171045,-0.1137396,0.24291568
2.0626135,0.118805245,1.3519083,1.5562686,0.62491286
-1.936299,-0.13041621,-0.6142548,-1.7029209,0.19779575
1.7225397,-0.21632247,1.1791244,2.0023267,1.3070331
0.07727539,0.10825598,0.5436475,-1.3244413,0.68865186
1.6405075,-0.42232382,1.019452,1.2890396,0.57532
0.96928847,0.017652195,1.2044048,-0.9650012,0.04728057
1.3191094,-0.31759366,0.67184705,-1.1215338,0.53873956
0.4068353,-0.48079702,1.0538212,-1.5009902,0.4798346
1.0121541,-0.22892706,0.040684577,-1.2878387,0.7609112
1.8297749,-0.7796615,2.0587716,4.3792152,0.7598748
1.0980484,-0.28128442,0.36982846,-0.9968829,0.71341246
1.1021737,0.29977724,1.1808233,2.3733594,1.1646838
2.281694,0.041426778,0.21468346,1.7150313,0.416766
1.068827,-0.1706375,0.10388664,-1.7628671,0.29447427
0.20684525,0.115559325,-0.119662784,1.258507,0.8036527
0.9551748,-0.1998823,0.5987453,-0.06665209,-0.36103594
1.6261593,0.14227206,0.6042606,1.9641275,0.83387274
-3.698358,2.2742348,-6.8614106,7.8007154,0.5841355
-3.5204713,-2.1319106,-1.9751539,-3.0457458,0.38279635
1.3939334,-0.21619318,-0.02867911,5.1475544,4.0383277
1.7938287,0.12552646,0.98727506,1.6102451,1.4485657
1.6091782,1.436354,0.122934416,0.1822816,1.1289308
0.00072066486,-0.16678604,-0.5088955,-2.9766066,0.5701295
-0.33307993,-0.3658902,-0.8249585,-1.8800491,-0.3771191
1.6916683,-0.19904397,0.71605235,-0.960203,0.28633282
-0.08753008,-0.08417766,0.16671158,-0.042777278,0.16364814
1.6673317,0.20168936,0.7943645,1.7783349,0.91999584
1.3573612,-0.17165972,1.0139096,-0.39649412,0.45365408
0.8741477,-0.15572004,-0.53526366,-0.84477824,0.22087222
4.1285863,1.1197264,1.3446776,3.3024366,1.0716786
0.87324905,-0.16325274,0.31874743,-1.126413,0.34252778
1.269123,0.71272457,0.29564163,2.0549576,1.0931888
1.2371175,-0.25939515,0.1524772,-1.6550866,0.13556713
1.0689477,-0.14903335,0.7002038,-0.937418,0.04101983
1.9946928,0.22704186,1.3899758,2.0428154,0.88013375
0.6447729,-0.39832786,0.13050023,-1.2188118,0.37896052
1.89212,-0.18810527,0.64484364,-0.9377609,0.73982084
-0.50322163,-0.57736075,-1.0316879,-1.1768844,-0.047616765
0.8627741,-0.32506216,0.36580968,0.54407096,-0.22382265
1.0668615,-0.21516876,0.047272228,-1.8845711,0.64369565
1.195346,-0.2610719,0.54126894,-1.3505019,0.4382798
1.2633655,-0.1502964,0.05340121,-1.3438195,0.6405599
1.2162209,0.07829655,-0.29377574,-0.43113557,-0.16655545
0.50033176,0.090513445,0.15161884,-0.47228634,0.061464872
0.7073117,-0.796591,0.3814172,2.1291409,0.88026583
1.3694929,-0.25914735,0.744264,-0.9391662,0.30630484
1.8341209,0.16490602,0.45055184,-0.1272229,0.06893297
0.80541587,-0.53895205,0.3081106,-1.5671047,0.45224047
1.35513,-0.114715435,0.32483733,0.63790184,-0.107321635
-0.54001313,-0.44690982,-0.41328058,-2.3116431,0.45149827
1.6002852,0.26502928,1.1479387,-0.47418702,0.55627364
-0.11269112,-0.40215668,-0.2640294,-2.7258594,0.14710137
2.439873,0.3919717,1.1062293,1.0635566,-0.50412995
1.2806334,-0.20007205,1.337511,-1.4568373,0.47876495
0.9988214,-0.37175593,0.6465754,-2.0327556,0.53417087
0.54781663,0.1177489,0.2867288,0.365032,0.84409624
1.3310375,-0.17555162,0.68831384,-2.1354,0.45926696
1.2368821,-0.31012273,0.7944707,-1.0909624,0.10890495
2.6533122,0.26601,1.351702,2.8862271,1.3878874
2.6131763,0.70562476,0.9774386,2.250449,1.3589952
0.65414166,-0.32142413,0.27389145,-1.0640812,0.57492775
1.9768615,0.10456181,0.9771257,-1.0032264,0.07402347
1.9470941,-0.37841183,1.3378806,0.96864283,0.8184072
-0.362288,-0.7824796,-0.037195396,-2.5219061,0.46533954
2.0624635,0.056837186,0.91666895,1.8939551,0.16833232
0.46865144,0.3742326,-4.5378766,4.9976273,2.7193704
-0.7127822,0.40016818,0.77274364,5.2654777,-2.2783024
-1.565371,-0.59374297,-1.5553389,3.2142255,0.8641592
-0.74949706,-0.49551907,0.14870965,0.8062274,0.7108678
0.67814523,-0.38839462,-0.4604792,0.8185567,0.89467084
-0.5795722,-0.6859211,-0.20208943,-1.1221075,0.577333
-0.12822324,0.7231658,0.5365367,0.5857916,-0.032231107
0.87300104,-0.41266298,0.5585363,-1.9289023,1.0263613
0.56928676,-0.44686043,-0.020934036,-1.5937291,0.022900486
1.0695381,-0.28219151,0.6070539,-1.2284043,0.63415706
-0.62629414,-0.39491937,-0.16671951,-3.2509167,0.23726808
-0.04060392,0.5192542,-0.10004648,3.0266972,-0.6592947
2.617877,0.29579413,1.2729099,2.4893684,1.2908674
0.77411985,0.45047176,-0.38960743,1.4776585,0.0011823177
1.2866647,-0.30005357,1.5262105,1.1492448,1.049885
1.1815839,0.0041180844,-0.21511829,-1.1582876,-0.23230922
1.7591592,0.40549412,1.0501146,1.2977046,1.2182479
2.109119,-0.054325223,1.1702639,1.9578378,0.91973174
-0.28156078,-0.5393939,-0.40633145,-2.4219706,0.5865726
-0.12993878,-0.36312968,-0.8165745,-1.8047212,0.3398861
1.1610146,-0.08143424,-0.02890221,-2.0454106,0.07862134
2.5270722,0.089991644,0.7041485,0.41236997,0.39674482
0.8514988,-0.39001194,0.77208674,0.8255016,0.94654894
1.464121,-0.08849211,0.95709306,-1.16391,0.3845764
1.2650201,-0.17384745,-0.024013268,-0.99161625,0.3710149
0.74336296,-0.21240228,0.46895078,-1.4649193,-0.048404112
0.389777,-0.24748248,-0.13859598,-2.0868359,0.59889096
1.0536658,-0.377425,0.6697082,-0.8921686,0.2602187
1.4604933,-0.18531406,0.4538625,2.3349895,0.38695362
-0.1901552,1.5628934,0.016546782,-1.1326125,0.8723054
1.3512746,-0.14107215,0.85318834,1.2646172,1.5949569
1.4093318,-0.20699672,0.5914219,-1.2229367,0.16768588
-1.0455569,0.7287235,-0.81486195,0.74558043,0.56669015
1.6026632,-0.052245677,1.6227374,2.5068347,1.990162
0.24634828,-0.1572834,-0.35306016,-2.2183928,0.20129155
1.9844825,-0.2724039,1.3538417,0.59090203,0.5072412
-1.4344099,-0.7895017,-0.5477109,-2.3661253,0.26061365
1.3446426,-0.093952335,0.4655916,-0.82247436,-0.3441861
1.3679801,0.68971956,0.6710292,0.6687551,0.06385802
1.6255026,-0.33463973,1.2515168,-0.03976096,1.1483537
2.2913275,0.2504725,1.0878505,2.0381734,1.1837167
1.7363259,0.029616568,1.607321,1.3427502,0.7604155
0.7224823,-0.30248114,0.32746506,-2.2538555,0.21357735
0.6048327,-0.16377953,0.38198888,-1.6200572,-0.0141057065
0.9399671,-0.46777594,0.73485035,-0.18051337,0.15708943
1.9804503,0.17242986,1.3415023,2.784687,1.0847481
0.923048,1.1025037,0.4154154,1.5505712,0.83406705
1.0937815,0.12214888,1.0567983,-0.06382755,0.32597843
1.3628827,-0.842352,1.2367843,1.0599961,-4.223842
-0.49711022,-0.60112274,1.1266565,1.0048221,-0.00027051568
0.13452075,-1.0322168,-1.0034455,3.0830588,2.5739672
0.027187482,-0.24429765,-0.07934846,1.7473614,-0.16963732
0.047386218,-0.51041347,-0.67076683,-1.6307727,0.14595279
-0.48608297,-0.33859357,0.46879914,-0.69048077,0.4248028
1.6886021,0.29500625,1.1741707,-0.10794896,0.25993267
-0.19203024,-0.36270645,-0.3849718,-1.9939363,0.08069125
1.104948,0.22362736,1.1323204,0.077665,1.0808203
2.0878453,0.8106974,0.44181612,0.8264373,1.1600424
2.1338365,-0.081812106,0.89622885,-0.43885157,-0.05705194
0.38226983,-0.5080292,-1.0373572,0.15136288,0.1992805
1.5885633,0.04818432,1.4172605,1.036896,0.9910556
1.059513,-0.29741037,0.7820348,-0.23507644,0.105980314
0.7756722,0.03168751,0.730413,0.23771793,0.4773246
0.51662844,-0.40674853,0.030552242,-1.8653768,0.48913842
0.3125835,0.3535626,0.98721296,0.41291964,0.9262045
0.96132606,-0.4609264,0.119234726,0.23910457,0.14263926
2.169248,-0.035838332,0.9203409,1.5486909,-0.1356864
1.0808032,-0.16360313,-0.16407987,-0.9952626,0.37802035
0.92646503,0.10965176,0.30685273,-1.3852571,0.6627474
1.4070984,0.0292956,0.53140265,2.045735,1.0957338
0.10337608,0.10021798,0.5954643,-0.69236034,0.5481429
2.051951,-0.3432281,1.4846368,2.1289117,0.5236001
2.0145512,-0.029315567,1.2937585,1.8646387,1.028585
0.16801992,0.5159302,0.5137911,0.5505916,0.6240145
1.3600086,-0.12943827,0.6899322,-0.92195916,0.17687358
2.7468314,0.09584074,0.69382054,2.2778606,0.2823187
-0.22314909,-0.35901725,-0.6886237,-0.80639356,0.39572948
2.1300664,0.3148641,1.0022835,1.1464297,0.11371021
1.3155465,-0.50020134,0.72801906,1.2343853,0.69477856
2.7536137,-0.05702076,0.8385076,2.2646058,0.04069746
0.8469399,-0.33885434,0.52872866,0.48888785,0.9918739
0.38646913,-0.40478542,0.24757624,-1.9517401,-0.03061234
-1.1002537,0.18689601,0.65533173,-0.6449714,0.97288966
0.3751533,-0.21933018,1.18163,-0.77360356,0.87725407
2.8433695,0.8926222,0.37291333,2.718797,0.7361976
0.525325,-0.4184769,0.27519011,-2.1122165,0.6849212
2.8909886,0.29089648,0.7003892,2.3773866,0.23715313
0.69209665,-0.4355885,-0.25153133,-1.6588519,0.27837887
1.4848546,-0.2234379,1.0168546,-2.0734138,0.27075067
-2.1025903,0.70820606,-0.8574763,-0.45229912,1.5210884
0.5780714,-0.31891525,1.3318539,1.930447,1.2400134
0.57832015,0.11126894,0.0030486584,-2.8876166,0.5031216
2.8357227,-0.22408727,1.370264,1.740408,0.49401408
1.5024873,-0.14093003,0.82462955,0.9521797,1.0042287
1.9903444,1.1609174,1.4416492,0.9031134,1.0293463
1.4655817,-0.21953094,0.77226084,-1.3992065,0.28433228
-4.6372333,0.60545224,-5.0634913,6.0260754,-0.2381876
0.19680348,-0.39909106,-0.18222423,1.2521453,0.19374253
-1.6843396,-1.0907669,-1.7681038,2.504443,1.2639589
-1.519461,-0.94292104,-1.1947944,-1.9321896,0.8260947
1.2128259,0.137667,0.5025501,2.6141233,0.9632466
0.14881966,-0.5929718,-0.824894,-1.7045314,0.16436979
0.4772328,-0.3887175,0.25877342,-0.7602188,0.3358237
1.5098727,0.55365914,0.50560683,1.282048,0.75438875
2.2439544,-0.15223221,1.3937232,3.4696925,1.2803441
2.894888,-0.052557997,1.2228274,2.79037,1.3631905
1.3000866,0.39985543,0.59851104,0.16585308,0.7677083
-0.8349582,-0.10655268,0.15439665,-1.0531917,0.54047096
2.4516234,0.32491985,1.3280222,1.8609958,1.0127729
0.7833646,0.046081215,0.4526152,-0.931002,0.27446756
0.6696594,-0.06318455,-0.022922684,-2.434893,0.43329412
1.3287965,-0.13177228,0.24257486,0.52565724,0.13362344
-0.31290412,-0.24868517,-0.015485641,-1.1311351,0.5840059
0.6095284,-0.29282808,-0.35631263,-0.46345255,0.0003016293
0.20623073,0.2609584,-0.4148155,-2.434171,0.19503021
1.3870435,-0.23413521,0.3858808,-0.18647896,0.6922503
0.40232286,-0.26230845,1.0865839,-0.18235044,0.5743023
1.7290605,0.012860589,0.2952284,-1.1510689,0.90206367
2.781414,-0.25549155,1.1253259,2.560699,1.3409823
0.78239006,-0.19357798,0.589477,-0.16156818,-0.5389141
1.5540465,0.012718134,0.6988048,-0.66616863,1.0111561
-1.7712951,0.8270878,-1.1722585,0.25748667,1.1667824
0.26472312,-0.30111772,-0.1142882,-2.6840816,0.8428338
0.5335431,0.38805866,0.43062964,1.027175,0.88832366
1.6869845,-0.35924911,0.6810402,-1.3077675,0.58086556
1.5675963,-0.36143616,0.76267415,-0.7379909,0.2298929
0.7800787,-0.21238679,0.5914683,-1.4676735,0.8247061
1.1151534,-0.3543773,0.73857623,-0.24592952,1.0040656
-0.8545506,-0.40016103,-0.5406183,-2.2113514,-0.08921544
1.0363445,-0.03176738,0.5074492,0.5919108,-0.095787264
3.2756786,0.59551173,0.4483187,2.6488461,0.88350904
0.27403253,-0.38598573,0.73546773,0.12474457,0.09803952
2.1406028,-0.2440284,0.73367316,1.3044152,0.27535942
2.5084503,-0.7089981,1.0784407,3.0886507,1.3010283
5.428228,2.2549043,0.43457544,1.0713631,0.63954055
0.46917254,-0.48712206,0.3683964,-0.44699228,0.5431173
0.84838665,-0.33569056,0.43500784,0.7965852,0.45252824
1.0948074,-0.109219685,-0.22707233,-2.1376848,0.13804665
0.12903368,-0.40516895,-0.30420563,-2.3269773,0.15474819
-0.34283844,-0.3557676,0.59673256,0.1129253,0.91358685
-0.1949832,0.43268532,0.8648461,-0.7739152,0.71774584
3.52577,0.23415458,1.5274898,3.1695864,1.4332283
1.4396595,-0.51447165,0.24541241,0.45531097,0.9436342
2.4071672,0.047029212,0.48779026,-0.2602294,-0.0890642
-1.6160138,-0.040776204,1.1709859,-5.979685,-4.3569837
-2.8126445,1.1343993,0.4060858,-0.64294124,-2.737175
-1.5780145,-1.1879562,-2.1524491,3.7302952,1.8754431
0.10161405,-0.51494014,-0.14076571,-1.0324658,0.4578024
0.9466688,-0.3352842,0.8373366,-1.0914762,0.4668844
0.67599934,-0.47622752,0.2720583,-0.9561898,0.5004726
-0.11684711,0.07880137,-0.91144556,2.12243,-0.33422157
1.5746571,-0.07600936,1.8384565,2.3545346,0.95913893
3.9568145,2.0456412,0.6566993,0.81175125,1.1558971
-0.36630857,-0.6422115,-0.55509645,-2.2114995,-0.1974708
2.5143898,0.380889,0.5523638,-0.042555995,-0.43834117
4.525584,2.081605,1.359641,0.874804,1.0609866
2.8978577,0.3433058,1.9253777,2.3950083,1.3935328
1.0200472,0.16749723,0.28362873,-0.03807135,0.4500138
0.1658834,-0.31841123,0.023085762,-2.2482016,0.22676271
1.5160741,0.18258093,0.121635504,2.438818,0.63978934
3.0697114,0.31026745,1.3604554,0.9060636,0.5453973
1.8164661,0.9185335,1.0057403,0.95679224,0.22016269
1.3887941,-0.16499065,0.35652092,0.039351832,0.27486596
2.1920147,0.13927662,1.2499112,2.277749,0.74892426
0.7151436,0.32882693,0.38644117,0.1546663,0.45370507
2.033437,0.5706431,0.8678579,1.8343858,1.372584
0.42386138,-0.017335696,0.13598573,-2.6781883,0.25382364
1.1175609,-0.48895854,-0.44593388,-1.0198276,-0.1601039
0.6592569,-0.34623665,0.035180707,-1.9058628,-0.00309667
0.6073828,-0.40224385,0.7109136,-2.2047868,0.5974742
1.4511464,0.11850875,1.242513,0.1991398,0.53411734
1.0881609,-0.48038286,0.4702795,-0.6107184,0.9184634
1.0089456,-0.29518253,0.13123405,-1.1101247,0.2516234
0.8203821,0.09207942,0.4433102,1.2779981,0.71336144
1.70806,0.70332944,0.95490956,1.3900962,1.4961536
1.1630028,-0.17753732,0.9496092,0.37150735,0.6018317
0.5374338,-0.09772049,1.2742063,0.8700807,0.23360036
-0.14478883,-0.7854266,-1.046794,-1.5381691,0.4307399
1.1539036,-0.4899135,0.2633897,-0.40122002,-0.13872941
1.3557267,-0.18758598,0.3371539,-0.5265294,0.5103853
0.5954861,-0.28164595,0.6252463,-1.8235116,0.55555654
0.024857135,-0.03696842,0.6848665,0.6869418,0.30674556
1.2152919,-0.2578682,0.30104452,1.3337289,0.69771713
0.6500849,-0.3871186,1.0810177,0.512476,0.7308244
0.8296704,-0.36838216,0.21051869,-0.88565975,0.6919843
1.059906,-0.14385363,0.94059205,0.4899419,-0.16041502
0.8047506,0.1488522,1.3003967,1.6755154,1.8791292
1.6822435,-0.10495187,0.73386204,-0.059805147,0.32904097
1.4769516,0.113924585,0.99302155,1.0524567,0.9543881
0.7897381,-0.15649202,0.29689726,-1.6434882,0.19100896
0.9159396,-0.2117207,0.78806186,-1.9796385,0.74467224
0.2428662,0.14503804,0.64644986,0.4578911,0.066144
0.9077435,0.6739914,-0.05326078,4.1013603,-0.7710921
0.2719613,-0.108052455,1.454069,2.5732112,1.5764997
-0.5195276,-0.74760103,0.26802066,3.4429553,1.3692071
-0.44235533,-0.08985486,0.13388848,1.5388031,0.60627985
1.2750446,0.094164506,1.3686552,0.5449696,0.7594974
-0.20411922,0.4229087,0.30642813,1.1773804,0.86116374
0.637903,0.012954466,0.65437025,-1.1770957,0.30634114
1.7111247,0.031025011,0.5663255,-0.876858,0.27812567
0.52069646,-0.49960706,0.15556304,-2.115536,0.20147476
-0.5948173,-0.48495963,-0.12977774,-0.41322544,0.5527202
2.9790752,1.5986652,0.7612925,0.087781966,0.3252577
2.0041034,-0.20390338,1.2689886,1.8482587,0.33720636
2.9406943,1.8823383,0.22726595,0.20818055,0.88613564
2.5998816,-0.2123013,1.988055,2.2902715,0.14693975
1.7634425,0.042914186,0.42352685,0.84644806,0.7718487
1.00254,-0.54785264,0.25574118,-0.67739636,0.4721948
2.412018,0.10332395,0.6661667,-0.27238834,-0.23623967
1.4099448,0.09383552,0.12323451,2.476241,0.08559765
0.89754,-0.65530646,0.7786046,0.6750842,1.0817025
2.0612493,-0.008043347,1.3340784,0.8543696,0.57503575
2.242303,0.113791384,1.0337644,-1.1569203,0.13349898
2.7813854,0.33955956,0.79766214,0.8163216,-0.38674018
0.92625517,0.8498562,0.7203237,0.9144031,1.5098836
2.216818,0.30370846,0.30506158,1.4324673,0.116461135
0.7956585,-0.42282987,-0.046736564,1.2600017,-0.14697778
0.8255078,-0.078011066,0.7036294,0.88915056,0.006003201
2.395067,0.22956717,1.2779752,-0.53887075,0.4716928
1.8697928,0.1962687,0.849887,-0.15650341,0.42808115
0.51718634,-0.6295943,0.33185324,-0.58740693,0.54457915
0.46490777,1.3263524,0.16958335,0.848799,0.98605907
0.11822721,-0.5650405,-0.17322853,-1.2145797,0.4695776
0.46980652,-0.29754168,0.15152144,-1.5482248,0.10908385
1.582119,-0.14876936,0.4151947,-0.2713105,0.25982726
1.2270162,-0.1043997,0.5896433,-1.4296696,-0.036619853
3.921378,0.8686005,1.6073076,2.333346,1.275712
1.0383137,-0.37572896,0.18433273,-1.7277317,0.19437945
1.0576127,0.7076782,0.0112807145,1.2385356,1.131473
1.1105824,0.1845341,-1.083525,2.1530113,-0.5054225
0.6930094,-0.7453288,0.7877147,-0.13570818,0.7832013
1.1652995,-0.064853415,0.638518,-0.28023592,0.5808111
1.7964795,0.13489144,1.2563688,1.0222878,0.09621335
2.3180225,0.45072216,1.2215586,0.8014113,1.1780789
1.7860261,0.4079886,1.1558528,1.33334,1.2579067
1.2725492,0.8109498,0.51553273,0.9474452,0.77213025
1.2473433,0.41833973,0.010185598,-2.3813362,0.5033065
-0.18621579,-0.5650209,0.06914037,-1.8213615,0.22714728
0.8280378,-0.6176129,0.18476982,-1.562271,0.35282403
1.6556965,-0.30317578,0.6530027,0.016316859,0.6165411
-2.0437858,0.7344701,-3.6964238,5.1164584,0.46205527
-2.0509648,-0.0734319,-0.39961544,3.6750963,0.79940206
-1.0977151,-0.697139,-1.4556992,0.4975759,2.3750863
0.019689666,1.6136235,-1.328481,-2.5017872,0.10936387
-1.3747077,-0.8039441,-0.8891247,-3.1499217,0.864945
1.393195,-0.14184536,0.15963292,-0.8073607,-0.4199242
0.7311211,-0.5031268,0.140332,-0.5648479,0.17788732
2.7352562,0.2541787,0.20770478,4.8861117,0.39417842
1.2892656,-0.4601942,0.8215572,-0.07444513,0.6229562
-1.7974553,0.11763208,-0.4267189,-1.1107152,-0.29271394
1.5486073,-0.08628571,0.41127926,-1.4826396,0.73670113
1.1136545,-0.24395482,0.73777115,-0.3348918,0.8254868
0.8672042,-0.54021496,0.7902811,3.0699577,0.9344852
0.4870455,-0.4021373,0.65467227,-0.9993374,0.40268815
-0.1802333,-0.6503352,0.5665099,-2.554459,0.3406016
0.35946524,-0.48925614,0.14930756,-0.19763218,0.3816436
0.81807595,-0.5567753,0.29988855,-0.8958549,0.57400423
1.100369,-0.24834889,0.35268086,-1.0863696,0.16244426
-0.70798874,-0.54242694,-0.76852983,-1.10014,0.6723668
2.1970084,0.7890595,2.0597541,1.1701553,0.6983952
0.44898993,-0.24725345,0.11642173,-0.9664319,1.1240299
2.5477765,0.0514017,0.8434345,1.5337962,0.45604837
1.3979259,-0.35640842,0.108067654,-0.6868602,0.49838683
0.58354896,-0.30516532,0.42224327,1.4405637,-0.026185565
1.0943031,-0.47154123,0.5189299,0.3785511,1.1289022
1.0434653,-0.57868844,0.2612067,0.8273573,0.254426
2.286967,0.3409747,1.1695712,-0.3191469,-0.092296526
0.37267888,0.35314322,-0.4882848,0.43122897,0.1940882
2.3659546,-0.18948343,1.6049407,2.4910445,1.375666
0.46193722,-0.63386464,-0.07747875,-0.63652545,0.73182803
1.0373147,-0.13272937,2.0271857,-0.58996904,0.47774193
0.1591323,-0.4001768,0.5433499,-1.269762,0.74057573
2.6370604,0.35354865,1.250272,0.43212673,0.65219927
2.0148408,-0.19709715,0.80733895,2.8457577,1.1733608
1.5596591,-0.2645498,1.1454495,-0.9450013,0.46532226
2.3116767,0.24735144,1.0980136,2.3853445,1.2501041
-0.15778305,-0.06316608,0.273417,0.61240155,0.7226553
2.6807027,0.5760774,0.8559992,2.0703516,0.6775392
2.0236745,-0.22270186,0.23642983,4.19953,0.8681762
1.3905442,-0.40111348,-0.03621693,-1.2163731,0.26582476
2.0960298,-0.14426064,0.93484294,1.2361648,0.18631014
1.2646619,-0.40137798,0.1772655,-1.7664299,0.52839863
0.74788684,-0.45955333,0.2919291,0.47031587,0.58175534
1.3925639,-0.05737182,0.03095654,2.109917,0.036401194
0.8890763,-0.17458245,0.5768515,-0.6823097,0.5620854
2.392647,-0.44083202,0.75529194,2.3205986,1.2746199
0.460546,0.29915553,0.6237666,0.27993008,0.7775255
6.0405736,1.9352479,1.3158517,2.6135526,1.1365712
2.7853925,1.600054,0.57792974,4.8394775,0.7159951
-0.42475125,1.0840153,-0.19173281,2.35666,1.0247991
-2.5746596,-0.23668993,-2.5129607,2.0119665,2.2902207
1.7386087,-0.29253837,1.2672659,1.6945118,0.7372133
-0.06304077,-0.37530965,-0.55700874,-1.3367432,-0.09574146
1.6245303,-0.35867557,0.80377245,-0.24590494,0.7840451
1.3621392,-0.24520339,0.92187184,-1.4950473,-0.0644656
1.5427047,-0.15093492,0.74395645,0.520627,0.6055646
1.9770888,1.1341934,0.155785,0.9511518,0.4830756
2.1282496,0.011067684,2.1645298,2.217826,1.226411
1.2723898,-0.054931086,0.4205635,2.1635656,0.33937278
-1.5199673,1.0821047,1.0362563,-0.27101156,1.0249441
2.0164444,0.13336314,1.1348233,1.4520326,1.0740219
2.4127007,1.0657198,-0.32704842,1.5518625,-0.21524268
0.8298207,-0.84422475,0.8893517,-0.58211553,0.99143887
1.3625383,-0.0768399,0.3236508,-0.84088814,0.26185983
0.3245209,0.1736231,0.8959961,0.28326285,0.7339338
2.5514827,-0.04457474,1.3560208,-0.95266014,1.3835355
-0.41303992,-0.37225145,0.3422949,-2.6631136,0.24441507
1.2924857,-0.010635253,0.88117826,-1.8408351,0.5034871
2.5377452,0.0031474233,0.690569,4.2533884,1.2316391
0.37963963,-0.3298406,0.5604021,1.0812837,1.0911425
0.75241816,-0.08166161,0.84348303,-0.990556,1.1187545
1.0879737,-0.2674633,0.69078386,-1.0580282,0.78471357
0.3322094,-0.39469916,0.80285335,-1.1718289,0.35804516
1.8787963,0.18549758,0.85931396,-0.07705525,0.39956096
-0.147973,-0.4584949,-0.64501894,-1.846092,0.85513985
0.96199274,-0.20442022,0.50877553,-1.735263,0.009161234
1.1688385,-0.5802549,0.639501,0.8198167,0.70965517
1.8698137,0.30340922,0.3781479,-0.8895181,-0.595019
1.2811642,-0.34034783,1.1633704,-1.225335,0.18301137
-0.4518594,-0.43849823,-0.80359036,-2.9613476,0.27467066
1.8374765,-0.018761136,0.88169014,0.81553143,0.68537897
1.8126745,-0.013797274,0.55573577,-1.2469599,0.59446526
1.4314128,-0.10939132,0.7450272,0.33950087,-0.013108342
1.160139,-0.3531727,0.05574884,-0.08429458,0.0784822
1.5121051,0.3900268,0.44704536,-0.5904734,0.8670183
1.1450634,-0.11396928,0.5715868,-1.2764025,0.8106461
-0.07575303,-0.40834743,-0.19724973,1.7885822,1.118455
1.0274553,-0.5005809,1.0127566,0.40816528,0.35333824
0.017105538,0.2693261,0.73402935,0.23037958,0.6110883
0.16258976,-0.46848875,0.61736465,-2.3205311,0.41141465
1.710323,0.25168556,-0.15267764,-0.63721955,0.43443212
1.1355126,0.18725382,1.5092753,0.63608307,1.2173852
2.9438577,0.5621846,1.2527571,0.051953096,0.36363783
1.226574,-0.38230821,0.5805196,-0.4246801,0.2577696
1.321795,-0.06773428,0.8944469,1.3313332,0.6847372
2.4038115,-0.3059076,0.70454997,1.7814355,0.7144947
-0.72677505,0.5023014,-4.7693996,8.9617815,0.34721926
-2.22896,0.26161838,-2.3064368,4.4909773,-2.6924934
-0.5485805,-0.9415691,-3.1620402,3.7792869,0.5547669
-0.08502171,-0.65285736,-0.5951939,-1.7331415,-0.72831786
3.2135212,0.8244767,0.9851631,2.2915947,0.719786
0.6761046,-0.6271424,1.1076717,-1.4094603,0.8709748
0.6382577,-0.215615,0.43666494,-0.9200822,0.7566844
1.5553477,-0.33506066,0.93004024,0.41440052,0.87519807
1.3337573,-0.13819231,0.69426847,-0.47083598,0.48698872
-0.8122968,-0.51023453,-0.45088464,-1.9807721,-0.5766072
1.7284645,-0.29187107,0.89691705,0.6298069,-0.21123616
0.64418304,-0.12842694,0.74574417,-0.55028874,1.538816
0.75496334,-0.39041424,0.080862574,-1.1716442,0.35063085
1.7187518,-0.13656095,1.290733,1.6802161,1.0701622
2.1501791,0.034252867,1.4589349,2.2778568,1.2260435
1.6223093,0.40184066,0.53504866,0.98056793,0.34913936
1.9251369,-0.210071,0.15683474,2.1819065,0.19413401
-0.5318382,-0.8697984,0.08142315,-1.8965939,0.6940738
1.1844755,-0.0065267077,1.1012383,-0.63970387,-0.30169275
1.5671498,-0.24452282,0.5235198,-0.013587712,0.77946866
-0.13477774,-0.645423,-0.2696636,-2.2012513,0.16640162
0.6412998,-0.15192771,0.745198,0.37263823,0.8359798
0.011066101,-0.41511598,0.11077195,-1.3344643,0.63356787
-0.86880803,1.1376733,-0.11262577,1.1057512,1.6862811
0.8665918,-0.04600075,1.0636511,-0.2666501,0.35198843
0.526331,-0.2272328,0.18817942,0.33862764,1.022843
2.8621168,0.24324268,1.2439562,2.174929,1.0592871
0.7974617,-0.26057217,1.2737216,1.725314,0.86645436
-0.13258438,0.46390027,-0.38452578,-2.618139,0.9149908
0.99148947,-0.29591265,0.1823839,-0.5352073,0.6887192
-0.54999095,-0.42765743,0.14981717,0.559523,0.7575187
1.0595052,0.06618492,1.000167,0.75104976,1.2946912
0.36061507,0.038215034,0.8552453,2.5388026,0.5747058
2.1123235,-0.09895806,1.2280141,2.0289502,1.2689157
2.93302,0.8562564,2.264726,1.0888286,1.371844
1.4144617,-0.20602381,0.7858471,-0.59280246,0.5096484
1.3837004,-0.32673764,-0.58121765,1.1104724,0.61155474
1.7058054,0.06902168,0.92352366,-0.23043957,-0.34933034
1.9069871,0.068338946,1.5173967,1.9191128,1.6865215
1.436762,0.09671565,1.1149963,1.1411312,1.435445
0.7664106,-0.50004464,0.10758977,-1.3666753,1.0203294
1.2826251,-0.38080895,0.80439305,0.38645226,-0.30940807
1.1259604,-0.35853776,0.22546443,-0.083026886,-0.02556675
1.8391353,-0.006493329,0.4338046,0.43034005,0.88562363
1.8658899,0.13502462,0.98843616,0.6060288,0.88360745
0.2718346,0.52225983,0.74460995,-0.4902811,0.57690185
1.6413618,-0.34782916,0.94443643,0.8768128,1.1430424
0.5661472,-0.1813353,0.1444076,-1.3793284,-0.1600192
-6.396989,-0.6992391,-1.7466156,-0.20040058,1.1277796
-2.1014419,-0.06564315,-0.058415823,-0.7912421,-1.2444043
-1.2081971,-1.4256325,-1.4704638,3.048515,2.1810665
2.8376534,1.342209,-1.3396835,0.9243599,0.2069237
0.052190673,-0.24571568,-0.14566231,-1.9813082,0.32925096
-0.1567553,-0.7371172,-0.4369366,-2.878544,0.48128185
1.88904,2.0041747,-0.7385491,-1.5038854,-0.6162698
1.2634116,-0.6246536,0.35730663,1.969443,1.6898679
0.30685276,0.30186927,0.8859708,-0.8820874,-0.19039968
2.207886,0.27411032,0.5262018,2.1439605,1.5176339
0.33811375,-1.005862,0.18674469,0.11481552,0.8172016
1.8418921,0.3692375,1.6322627,1.4689014,0.7247792
0.21018475,-0.33903566,0.024662184,-2.4135218,0.43184507
-0.3360514,-0.27536583,-0.9217397,-2.0422814,-0.20402768
2.0422597,-0.19887507,0.3854031,0.19437109,0.2654169
1.3341453,-0.7791466,0.07874825,0.99179506,0.7177614
0.6462042,0.6309131,-0.16973396,-0.76034856,0.6385359
2.528972,0.0900283,0.712541,-0.003324151,0.3876613
0.46802324,-0.51419556,-0.16544896,-1.7902963,0.6095203
0.9104264,0.09356792,1.0885333,0.8368359,0.7245969
-0.18427174,-0.65783286,0.1463497,-2.3511794,0.6735813
1.8975109,0.022509955,1.6482096,0.59550714,1.2881134
1.6353337,-0.2391818,0.7042276,-0.22105077,0.9729683
1.7087796,-0.11142001,0.7116193,0.17904213,0.4052839
1.5270602,-0.2121455,0.9699059,2.0702262,0.8613952
1.7663504,-0.13406278,1.1813366,0.79755044,0.878456
1.5045617,-0.46620938,1.0125161,1.3798527,0.40123126
0.9860845,-0.06552364,-0.25937352,-0.624849,-0.23409556
-3.6794853,0.41684064,-0.76529956,-0.15242697,1.4336853
0.89227986,-0.6303287,0.6568169,-1.7872359,0.8790155
1.8131618,-0.14714491,0.2954367,-0.7727661,-0.06012267
1.5237532,-0.29533973,0.38183042,0.5304456,0.91071427
-0.51240885,-0.3625588,-0.73029095,-2.8070655,0.5010273
1.181526,-0.41635182,0.5370176,-0.7888232,0.44820705
-0.7176744,1.3421721,-0.39690655,-0.39366996,-0.10155014
1.0759948,-0.4222932,0.31416324,0.40499794,0.7009165
-0.22364964,-0.40945426,-0.30812758,-2.7975273,-0.08755348
0.26815036,0.29815924,0.7336403,0.7349132,-0.0062045753
0.96187615,-0.67905366,0.693729,-0.78068066,0.9966754
0.015013796,0.35845712,0.1412266,-0.2373993,1.3771267
-0.035142783,-0.47934932,-0.01810282,-1.2210678,0.16867715
1.7292218,-0.09367758,1.2389506,1.9923753,1.1979858
1.0938656,-0.4119498,0.41704994,-0.23369768,-0.09802051
0.66141176,-0.26439315,-0.13428369,-2.3392327,0.36169702
0.8866553,-0.52954566,0.13930716,-0.4832144,-0.11382429
0.99022496,-0.4745112,1.4639673,1.5707246,0.40966573
2.0163236,-0.101373896,1.2289557,2.2136395,1.4557391
1.600367,-0.34223002,0.89557236,-1.7495729,0.35781878
2.8905041,0.22251509,5.0386314,-0.6166822,-1.9451345
-0.52852935,-0.07274768,-0.29233104,2.7835622,-0.99224085
-0.85300034,-1.1154364,0.22619592,2.2690258,2.7423515
-0.08838356,-0.7287396,0.16904093,0.78283423,1.4373717
-0.12192993,-0.9084782,0.4186777,-1.2475855,0.70315796
1.5823555,0.23974949,0.17607424,2.1940048,0.7379872
1.0511677,-0.5427143,0.8180271,-0.58634114,0.23775895
0.0788015,-0.38433358,0.09815301,-2.3857956,0.11424258
0.08792325,-0.31941867,1.1722122,0.88772947,0.92802197
1.3042076,-0.46334743,0.6483763,-0.21803558,0.93700886
0.5790179,-0.6076719,-0.34694225,-2.006556,0.39770833
1.0228273,-0.36419845,1.6279842,2.2233846,1.0703762
1.0280006,0.08396845,0.79611003,-1.4058939,0.122357056
1.8105035,0.2317675,0.85884273,-0.6061419,0.24957524
0.09930675,0.6576533,1.1188854,0.49645105,0.7733385
-0.3700693,-1.0086973,0.14913206,0.6345592,0.9558825
0.28266162,-0.5150754,0.32933083,-1.188514,0.52697134
1.1135979,-0.072041094,0.7457272,-0.34790576,0.35765028
0.30337396,-0.5451458,-0.26349613,-1.5323527,0.035647552
0.6120852,-0.52671075,0.27299353,-1.7568556,0.5204042
2.450057,0.6201296,1.2233405,1.964055,1.3784935
0.92089593,-0.026903087,0.19636081,-1.6533239,0.20585811
1.3092744,-0.2865832,-0.21240291,-0.7607506,0.13146971
1.2213658,-0.043373734,0.8394378,-0.37730223,0.4994997
1.0209906,0.45627302,0.6614025,1.0584518,0.54078543
-0.22513992,-0.89027673,-0.14438155,-2.3011782,0.3941119
-0.25543588,-0.25011596,1.0455961,-0.94352335,0.5534131
2.534798,0.7586645,0.8041025,1.2144306,0.97981936
2.7978976,0.41749662,1.3256952,2.9430618,1.3034139
-0.3232833,-0.3725684,-0.15642366,-1.8708745,0.7309384
1.317864,-0.14938495,0.5168251,-1.1696042,0.23901293
0.37318265,-0.1731175,0.053893838,-0.9785389,-0.16671015
-0.23568694,-0.51337194,-0.12362747,-0.2648062,0.44784072
0.9067282,-0.5578867,1.2318257,1.9206791,1.060795
0.082762904,-1.0429928,0.66837347,3.0008466,0.9245814
1.1532856,0.112668276,-0.042120565,-2.3777936,0.6923384
2.9862676,-0.08553356,1.1588517,2.9399025,1.4451896
0.5856768,-0.44210446,0.44172895,-0.95718527,0.2751399
0.64882237,-0.33279076,0.55943245,-0.78707653,0.6136644
0.9135391,-0.33589867,0.8341447,1.2123051,0.67579174
-0.04987364,-0.87201226,0.21050057,-1.7776759,0.6752605
0.22893032,-0.73135984,0.22864513,-0.30370966,0.84759533
2.2311385,0.6346733,1.4682868,1.5171796,1.2167873
0.96342826,0.1234278,-0.023359824,-1.834475,0.46394145
2.0228095,0.09382658,1.3120332,1.4142518,1.0185452
-0.2503483,-0.31981763,1.4246199,-2.2146254,0.17072973
1.0957848,-0.22407356,1.3162901,0.9280962,1.1644672
-0.07956424,-0.21954525,0.23041722,-0.43934616,1.007358
2.651764,0.30586147,-3.8113565,4.4950504,4.632704
-0.7383052,1.2053299,0.8459097,-0.28860667,0.25490132
-2.1152298,-1.5326633,-0.46717727,2.7753322,3.5151165
0.13612662,-0.26672474,0.1130527,0.73566616,0.4855104
1.5362163,-0.47111273,0.6191159,0.99528134,1.0228422
1.4520043,0.2596602,0.14073513,-0.20056874,0.23219168
1.7805051,-0.5044508,0.78219986,1.4997398,1.3148283
2.7352097,0.47317013,1.1365498,1.7422086,0.5689485
-0.82341814,0.058303706,1.031121,0.15759504,1.2468138
2.389521,-0.34786192,0.7978351,2.241723,0.37935457
2.3030822,-0.22377747,0.9121054,0.71973175,0.68700117
-0.13810068,-0.76290435,-0.5315566,-2.2695115,0.72404504
1.3482493,-0.009490547,0.62139547,-0.5468279,0.36546895
2.3954093,0.30645218,1.3080951,1.958467,0.95885926
1.5630066,0.59495616,0.98363715,1.4833179,1.188205
0.8186718,0.09804531,1.1844119,0.6851448,0.3673994
3.1731403,-0.2152769,1.5136448,2.6485882,0.1380916
0.77589893,-0.4631895,-0.8962955,-1.8221751,0.21079023
2.8828998,0.3270818,1.2652951,2.0222487,0.4527952
1.7013745,0.10837607,0.6274624,0.3244011,0.56098384
2.2903013,2.956593,-1.1995399,-1.4411595,0.7443147
-0.18336435,-0.44113362,-0.2875485,-2.085448,0.257417
3.4394786,1.078084,1.8190842,2.7362108,1.4196326
2.0720224,0.32354355,0.81976557,1.1746912,0.41736996
0.9229168,-0.3595902,0.65692776,0.38212064,1.0857735
2.3160338,0.3390743,0.5479361,0.5012454,0.30284986
1.586017,-0.08566826,0.72707707,-0.17568268,0.43988007
2.8442907,0.53462785,1.4007394,-0.17302048,0.26192984
1.6493559,0.84365535,0.8498395,1.8540764,2.0555491
0.34381875,-0.31824446,-0.03695871,-2.2623386,0.3402084
0.550436,-0.09981658,0.49042267,0.36162364,0.695245
2.365902,0.30999678,1.34979,-0.15914202,0.19888814
0.61309576,-0.21936116,-0.584259,-1.0817366,-0.09542169
0.09744489,-0.44371778,-0.2951095,-2.4730022,0.58187115
1.5473837,0.3021161,1.0110706,0.24864966,0.556341
-0.20277543,0.563558,0.9300866,0.68259275,0.2808686
0.4682369,-0.47576246,0.78000885,-1.3526335,0.4562117
1.6413718,0.09357448,0.41512677,0.022413429,0.025315247
1.8748871,-0.082096696,1.0171031,-1.7111924,0.43068546
0.7549118,-0.23470798,0.09463787,-2.0975997,-0.1265893
0.20979708,-0.26599836,-0.22986351,-1.0654851,0.13889274
3.3039675,0.24671823,0.9905459,3.2433598,0.8158389
0.93411356,-0.5141308,-0.23078524,-1.2095119,0.3702908
1.6219577,-0.05822563,0.30244395,-0.17920439,-0.11806432
2.6934712,0.3122015,1.52413,-0.041163392,0.5314865
1.3660307,0.062965214,0.73213863,0.7591415,0.6852727
1.3150294,-0.33351594,0.94135016,0.27691004,0.31766692
0.58929217,-0.4577276,0.34148204,-0.3414873,0.4915663
4.5844793,0.19898233,4.337688,5.5513215,-2.2880304
-3.1916282,0.31614494,-1.4832894,-0.122609474,-1.5496017
-0.98648584,-1.2103941,-1.5210131,1.3222252,0.774545
0.61259735,-0.52543694,0.2979876,0.2281069,0.953251
2.777878,1.7143172,-1.1118035,0.9468811,0.42224514
0.82593757,-0.22082612,1.4371576,0.65997624,0.82185286
1.1191194,-0.41069937,0.28246254,-0.5295567,0.26794723
1.030647,0.099751025,1.0177197,-0.93894213,-0.21146604
1.6404474,-0.9102135,0.9397211,4.0140443,1.5984674
1.9272571,-0.31294137,1.05291,-0.22225547,1.2012135
0.43096468,0.004510879,0.42057478,-0.7792947,0.3848486
1.0941497,-0.311155,1.059421,-1.5008135,0.51421285
1.2351336,0.20160684,-0.33243516,-0.06498215,0.7249744
0.024674075,-0.29744998,0.44591123,-0.4337246,0.013039201
0.39299434,-0.19068404,0.63308245,-0.7486769,0.79768515
-0.025694208,0.4682177,0.9511998,0.34334585,0.9030661
0.58245337,-0.32864892,1.0050684,-0.06776145,0.9404217
1.0485661,-0.3815964,0.0015854836,-1.440764,0.5453619
1.0536472,0.3893519,1.1428125,2.1146984,0.64072055
0.97029674,-0.44819438,0.556297,-0.112460114,0.7750623
1.5391845,-0.2553462,1.2150476,0.518458,1.1422045
-1.608913,-0.020027135,-1.5076942,-4.0748587,-0.048863035
0.03914617,-0.48391187,-1.7984307,1.3911014,0.03372283
0.52947,-0.017986277,1.4654826,-0.068528555,0.7171006
1.3578717,-0.11375681,0.77093124,-0.34755763,0.2057639
0.42441505,-0.67670774,0.2500254,-0.5062747,0.98897344
1.094122,-0.34728295,0.039375428,-1.150066,0.7868597
1.0679814,1.1852324,0.3949731,0.674103,0.98599863
1.3921264,-0.10983294,1.0089815,2.413513,0.3546759
0.95145345,0.39551002,0.25102293,1.1120266,0.7172362
1.8753678,0.13271059,1.8900663,1.5094795,1.4893389
0.45177215,-0.024537694,0.48628503,-0.34515426,0.7586389
0.7139187,-0.3882857,0.11704345,-2.377234,0.13086474
2.6909218,0.14603351,1.6474429,2.7953224,1.4717805
1.6406832,-0.096414976,0.8717105,0.40316603,0.5330382
1.5449538,0.7262347,1.0593216,-0.4032093,0.5230981
-0.65967655,-0.6945134,-0.5360796,-1.8760966,0.5862529
1.9634944,-0.14470014,0.8186725,0.16781507,0.62054944
0.47100598,-0.5814754,0.8138593,-1.6535456,0.8026958
1.9538087,0.4477298,1.2432774,2.1765406,0.7111002
-0.52138186,-0.65208966,-0.6058072,-1.1293944,0.15695202
1.2324028,0.26514184,0.91189414,1.5273154,0.8328192
3.150865,0.9202009,0.97319394,1.6760354,1.4199835
2.8903465,0.41163447,1.5693228,1.0472437,0.9801551
0.42419565,-0.4913941,0.32135594,-1.4121511,0.22235434
1.0011479,0.18374223,0.15733413,-0.14922976,0.2484293
2.4934845,0.41812137,1.4219668,0.11199199,0.6868284
1.8836968,0.052065082,0.5966115,-0.44732758,0.6101864
-3.5800622,-0.39089125,-3.7552438,-1.3985791,-1.1871006
-0.71100974,0.21642463,-0.80943704,0.8810034,-1.0226427
0.5682227,-0.969385,-0.4127191,4.0980506,2.6165037
0.7168702,-0.40229917,0.022722233,0.35271046,0.36627778
1.1615891,0.06225565,0.3627383,0.92832214,1.0580554
1.5662185,-0.095592506,0.22081394,0.1715984,-0.3652045
0.09411342,-0.73398113,-0.60607076,-0.5869419,0.48222017
1.5547175,-0.034765758,0.8067975,0.47785756,0.02399292
1.5041475,-0.2509645,0.67956424,0.079558186,0.75528437
0.7181703,0.5880001,1.3678689,1.1909212,0.601532
0.6757945,-0.39612952,0.29203779,-1.6601546,0.48176828
1.9386983,0.8547264,1.1087382,1.9200989,0.47245747
2.2850296,-0.32084298,1.392019,1.1528459,1.2717104
2.875196,-0.6058717,2.2999382,9.702985,2.3008876
2.093196,-0.20907961,-0.040237244,1.020087,0.21418922
0.3864291,-0.5298363,0.14517085,-2.0814621,0.22723544
1.9618342,0.12630148,0.81400055,0.09471936,0.1518936
0.94524425,-0.46562892,0.20657697,-0.97172827,1.038009
1.8999542,0.9638095,1.6518444,1.4612454,0.91473687
2.0267637,-0.068540394,1.2152157,-0.008678198,1.0035071
2.1703355,0.7845615,1.1758878,1.4661806,1.2378815
-0.4173728,-0.50291365,-0.5601702,-3.025368,0.13370468
2.2285995,0.37980664,0.8480492,0.13194843,-0.56779
1.2671474,-0.40724066,1.251819,0.48460475,1.1927538
0.83593595,-0.5745499,0.81190485,0.033154953,0.24072489
0.769562,-0.5234552,0.40587413,2.2145011,0.3810197
0.6207036,-0.019329762,-0.35800514,-1.6487494,-0.16576986
0.975672,-0.08572071,-0.30105358,-0.18716244,-0.2862274
1.1420832,-0.044745803,0.61027366,-0.06040998,0.07887025
1.9509714,-0.34174955,1.1766415,-0.41173768,0.21591334
0.13789003,-0.6344633,-0.2629855,-1.9563433,0.4042504
1.9194553,0.28416878,0.40147638,1.1287344,0.046423215
0.67166924,-0.29576346,-0.33209553,-1.3651574,0.18469056
0.8068096,-0.30526242,0.08620101,-1.2847966,0.23163947
0.69042075,-0.39753753,0.22194967,-1.1290663,0.2384745
1.688934,0.4148866,0.7871755,0.25925976,0.3150701
1.1987388,-0.31655788,0.23194246,-1.06325,0.1042276
-1.9521021,0.061673336,0.08395873,-0.6566092,1.0909889
2.343525,-0.35284054,0.68024063,4.9427633,0.6398619
0.6660709,-0.41161868,-0.34441537,-2.3298368,0.0606516
0.274922,-0.41657078,0.059979778,-1.5552058,0.27124152
1.0466398,-0.33676997,1.0648646,-1.0113502,0.39904505
0.330508,-0.5638585,-0.0661982,-1.57588,0.34966823
2.0967429,-0.15693925,1.0227549,2.5779815,1.0143656
1.6738034,-0.13054374,1.3096652,-0.004842639,0.5208068
1.589503,0.7351508,-0.1983651,1.7191272,-0.17846118
0.73326135,-0.613715,0.73200977,-1.1309396,0.7173969
0.10474681,1.0778035,0.20231591,0.9192164,0.9688219
-4.740912,-0.3195381,-1.6004958,-1.3271072,-0.40617132
0.10578242,0.27389738,-0.78075504,-1.3051212,-0.39964563
-0.5378217,-1.5408685,-1.1097822,0.5325674,3.0746303
0.8379316,-0.1176294,0.1693433,-0.20065135,0.56576145
0.39517197,0.23620145,0.48475718,0.5372455,0.14051236
0.8403689,-0.3742094,0.55755186,-1.7959836,0.57598263
-0.25862715,-0.5728422,-0.7748658,-2.441769,0.41659918
1.2134651,-0.12255353,0.069311365,-1.7317568,-0.004086256
-0.31694314,-0.2786916,0.17183341,-0.42275476,0.60269904
-0.78686243,-0.56336856,-0.12927267,1.3535112,0.3236089
2.8304362,0.11251868,1.3909681,2.4646091,0.7023987
-1.2702324,-0.113812834,0.17594175,-2.2999785,0.35616654
0.9477365,-0.4126868,0.49426714,-1.228906,0.63149554
1.2985233,-0.5297406,0.7519145,0.3418531,0.68333006
0.50395447,-0.07048907,-0.6537583,-0.21666662,0.06928991
1.0789093,0.3173799,0.94996285,0.11484207,1.0454909
0.55419105,0.21196915,0.8913067,0.7943717,1.1945329
3.2841942,0.61539197,1.5925051,2.205758,1.3538018
1.7778772,-0.093145065,0.11281262,-0.30271545,0.41779596
1.8344457,-0.21323012,0.92116797,0.9996616,0.8857445
1.4604721,-0.024408352,0.9891127,1.8650092,0.9910867
1.9453317,0.17378607,1.5335947,0.7104265,0.17665751
1.099606,0.023491338,0.4810733,1.2694606,0.32190907
1.4074122,0.118088305,0.7262787,1.3204833,0.60614085
1.5556623,-0.5972187,1.2873319,0.5955268,0.606463
1.8798329,1.1432089,0.12794885,0.91777974,0.7289398
0.9385768,0.0032651424,0.422327,1.4027171,0.5932558
2.0230255,0.023508325,1.4860989,0.11544002,-0.2230051
2.389681,0.045198195,0.54177815,0.7014436,0.6965053
5.1442304,1.2337956,1.260235,3.8145416,1.0701553
1.3075837,-0.08620019,0.8487161,-0.8586694,0.643928
-0.28093114,-0.6765289,-0.9391913,-0.8242858,0.29463676
1.2644172,-0.24240124,1.056042,-0.21195105,0.93172073
1.581232,-0.24263269,0.3633202,-1.6850963,0.37807307
-0.35906473,-0.09438473,-0.42725992,-0.3435081,0.5277386
1.4580646,-0.21020503,1.1866274,2.1167004,0.875439
2.2515745,0.22897801,1.3631809,1.7688266,0.67340165
1.1880901,0.19827628,0.6683033,1.9299334,1.5029131
1.1632161,0.021554794,0.9789318,1.3039674,1.318249
2.3900068,-0.2732976,0.8059519,2.2536461,1.204228
0.2529768,-0.43446916,-0.8278409,-1.7591798,0.10605983
1.3003393,-0.24917719,0.3292878,-0.42631242,0.43633047
-1.3453625,-0.40841168,-1.3612149,-2.3471196,-0.23103797
1.8886334,0.5538892,1.4489014,2.1314678,0.99104697
0.6993182,-0.4168826,-0.2182073,-1.0869875,-0.015655337
2.4826396,0.013669423,0.79891473,0.60285133,0.70126724
0.18718813,-0.02302464,-0.56103235,1.6943941,0.5360915
0.2311415,-0.6986154,-0.044557672,-2.357734,0.2886091
-5.254513,-0.015524613,-7.860679,4.249195,3.6045294
-1.7088385,0.9337183,-0.1812232,1.644069,-0.5192948
-5.0732784,-1.0810678,-2.2723138,2.8778608,2.5955
0.33118188,-0.51673716,0.60767275,0.56237614,1.2512306
2.4743195,-0.07333356,0.6980911,0.4678852,0.6052372
1.8073763,0.20807242,0.64104164,-1.0303838,0.021602359
1.5806148,-0.18210305,0.5037101,-0.86858386,0.28207934
1.55979,0.6351608,0.4485858,1.5281416,0.66519463
1.7327183,-0.2584165,0.8377435,0.46095502,0.6121371
0.5590073,-0.5971908,0.2155848,-0.846162,0.3992326
1.0485686,-0.1938434,0.80215245,-0.75304717,0.32062837
-0.05112814,-0.36103374,-0.41165167,-2.497781,0.5774764
1.397335,-0.42194453,0.43963838,1.0651933,0.69755995
1.7428986,0.2413978,0.950243,0.31773773,0.3302819
1.2003224,-0.010547038,0.6815763,-0.8729711,0.23012105
2.0174098,0.29034856,0.9757884,-0.42631832,0.18329915
-0.1454637,-0.5803773,-0.596874,-1.8344349,0.6118036
2.1086662,0.17167789,0.3751548,1.4527962,0.042357713
0.5436478,-0.6021077,0.15555398,0.45400122,0.42413488
0.5018758,-0.44187245,-0.14682078,-1.1037835,0.10856703
1.8126214,0.27594265,0.8727366,2.2069664,0.79193
2.6666381,0.87986684,1.8443092,1.067842,0.97229743
1.9595987,0.11464302,0.89303786,-0.8495076,0.24557053
0.69344515,-0.33972684,0.18909778,-1.8002098,0.48729548
-1.5275406,-0.2492719,-0.74433404,-2.9538708,-0.32756585
2.5360663,0.2784319,1.5907532,2.6217306,0.96117204
-0.23414825,-0.45269373,-0.39577344,-1.5545208,0.5149403
1.7012811,-0.51876396,0.3452622,0.115387894,0.58154285
1.5774993,-0.021717215,0.7998768,0.39820412,-0.027881255
0.9176143,0.2100695,0.15692985,-1.740354,0.029885491
1.9008095,-0.3488052,0.98472035,2.4876418,1.2575746
1.8280733,0.075511396,0.9270487,2.889473,1.0603954
1.4574332,-0.11594312,0.4900243,-0.91477257,0.25250748
-0.38038534,-0.5462984,-0.8001684,-0.75486463,0.26506948
1.9097261,-0.11265814,1.2502595,0.86394024,0.6283087
-1.1902976,-0.54503465,-1.0400378,-3.5680866,0.31005016
1.0152496,-0.07185097,1.6384509,0.9413094,0.8478742
-0.3781226,-0.5826925,0.21535833,-2.253933,0.22116086
0.59356284,-0.16514528,1.3151721,-0.10497398,1.0699991
0.119252324,0.45135272,0.89163774,1.1400623,1.1728517
0.95982814,-0.26314232,0.22876176,-1.9638237,0.6968257
0.27886856,0.118425325,-0.6610824,-1.130531,-0.53894174
1.1698221,0.26731795,0.047439836,-0.113370806,0.23263331
1.2950597,-0.18179113,0.61554897,1.7278935,0.6025133
1.6113962,0.21278745,0.9129822,-0.39985022,0.3114579
0.9968538,-0.3188417,0.063193746,-0.36705375,-0.1862678
-2.5628226,2.0381432,-1.2365993,-1.080031,0.8500408
-0.0638453,-0.0054404135,-0.2971724,-2.9920847,0.5608188
-0.25705767,0.6070229,3.1643286,3.3497343,-0.39252624
-1.4086967,-0.30225337,0.43387592,4.660293,-2.9508908
-2.7230623,-1.259223,-2.9811723,-1.4441779,1.8509785
0.81830376,-0.625979,0.35544997,-0.15372711,0.43056363
0.6212006,-0.46718687,-0.063555,-0.5881758,0.4957145
1.5782983,-0.6099009,1.1236321,2.2402272,0.33260995
2.0490415,-0.032750253,0.686218,0.41171506,0.3053966
1.666021,0.017574113,-0.09582808,0.68465716,-0.20692542
1.5957936,-0.1327234,0.04996753,-1.6493193,0.5686988
1.5038726,2.401129,-1.3498745,-2.1445255,-0.13255003
-0.3013506,-0.7475966,0.70617735,-2.3971567,0.9065742
0.8596949,-0.32116717,1.2221079,0.55512017,-0.16708004
1.1481729,1.4195642,0.6909976,1.2861918,0.9455086
0.56522036,-0.2025652,1.0549016,-1.0646893,0.6343704
-0.39095205,-1.2850168,0.3430274,3.333325,1.9863746
1.1601077,-0.11377201,0.5685692,-0.60721356,0.39185745
-0.34502715,-0.82614964,-0.008238851,-2.630175,1.1506318
1.9315586,0.33564174,1.3902472,1.078918,0.4309231
1.4298638,0.53641236,1.1274679,1.759424,0.55155385
0.6219943,-0.1371539,0.6822233,-0.37142378,0.9616486
1.3527622,-0.16305044,1.0070966,0.07729129,0.684713
1.2119563,0.56953794,-0.23443016,1.7422557,0.8152853
2.0245929,-0.31055683,0.5694212,-0.24158376,0.4164108
1.2274605,-0.045152597,-0.011842429,0.8502417,0.10120184
0.44643825,-0.60640705,-0.45216134,1.7399118,0.7636819
0.8609048,0.33307803,1.1547865,1.2221756,0.6098953
0.10345697,-0.5830647,0.03305843,-2.4376903,0.20993897
4.183508,0.9312371,1.6691033,2.8966734,1.3736266
0.057898533,-0.37209165,-0.16172221,-1.205544,0.2350263
0.49507353,-0.10892824,0.4038864,-0.4934541,0.038945593
1.8801156,-0.288388,1.403268,1.5026939,1.6680655
2.790198,0.3304208,1.3787392,2.0332456,1.0483944
-0.1921802,0.30886567,0.24406724,1.1000829,0.8663465
0.28386083,-0.5127061,0.45548785,-1.5014632,0.41998038
3.727815,1.1954947,1.4696567,2.1171706,1.6084069
0.7180801,-0.47395962,0.4473804,2.0516443,0.39769018
2.386654,0.06719577,0.36967227,0.33873287,-0.22264126
2.1305692,-0.27192026,0.9655843,2.501138,1.3947408
2.0384862,-0.03496305,0.37255675,-0.86446303,0.5597899
0.3399309,-0.34156114,0.291483,-0.7504049,0.35651565
2.538801,0.1331939,1.0725707,2.9102712,0.82043743
0.80633837,0.80249435,1.3539971,1.1873716,1.1762928
2.126275,0.289781,0.8682512,2.5462112,1.577033
0.8415352,0.6591263,-0.23090976,0.76006746,-0.04662286
0.37137187,0.49861577,1.1617717,0.49522787,1.2012471
1.7722466,0.35192046,0.7152359,1.8129742,1.0996995
0.80176926,0.5514652,0.6808332,1.1971661,0.7397897
1.0293279,-0.51760244,0.86679333,-0.20811564,1.1160879
6.0563583,0.0027155876,3.8249311,2.1840057,-0.47777477
1.6385478,0.8257942,-0.58292955,2.6930509,-0.8115641
2.66774,-0.6813726,1.2477765,3.957005,3.6503966
0.19100456,-0.5728166,-0.039013036,0.9446603,1.4641565
2.0299785,-0.3407976,0.3173288,0.6386018,0.48641154
1.0151359,-0.3840869,0.016399559,-0.6442133,0.46312842
1.1648632,0.16408013,0.5583575,0.6858329,0.83946943
2.6367092,0.8022683,1.3187978,3.3320963,0.41930982
0.5752486,-0.31643134,-0.14073513,-1.7598604,-0.46072894
2.0480464,0.07232242,1.2756066,1.1147478,1.157276
0.44893146,-0.47404346,0.035135407,-1.2455133,0.85686517
0.32776153,-0.52945113,0.10669852,-0.5731922,-0.051873274
1.6824766,0.04985172,0.66122377,-1.1327285,-0.4016728
1.5014304,0.17960286,-0.06011228,-0.14738283,-0.6171743
1.633582,-8.3744526e-05,1.4623034,1.3429251,1.2090191
2.456768,1.2790023,0.62442726,1.8020356,0.45874253
1.9997913,-0.1739538,1.148267,0.46809757,0.24950956
0.028388014,-0.090048864,0.9457277,-0.74808514,0.29196125
1.1235405,-0.5787413,0.34318247,0.4211156,1.0652494
-0.8775439,1.0619769,1.2228556,-0.7617974,0.8895731
2.294499,0.26964355,0.6316944,0.16791244,0.2530277
0.544571,-0.68527925,-0.11270731,-1.5518988,0.2602576
2.4807832,-0.00047266483,1.0763907,2.001643,0.98225206
0.95380914,-0.24612105,-0.16304374,-1.6685076,0.26589823
2.48244,0.0980614,0.60665345,-0.14870656,-0.25277883
1.726,0.2993324,0.8102273,0.1262709,0.237695
2.0102205,0.1974499,0.8913925,-0.59946334,0.6407906
2.3426929,-0.027725028,0.84433186,-0.05852565,0.06162044
1.9352916,-0.23461327,0.6849547,-0.26550347,0.29990563
1.3766366,-0.16319108,0.60991955,-0.5436108,0.47806072
1.6225401,-0.26282546,0.5056781,0.33634916,0.41868597
1.0988555,-0.2599488,0.9076819,-2.1135752,0.36262164
2.4972553,0.15329352,0.82225245,0.65180683,0.63188684
0.5754487,-0.2916105,0.31297445,-2.1382363,-0.047990993
1.2936575,-0.045842208,0.91303647,-0.19855465,0.432729
3.753139,1.130208,0.97976536,2.8198388,0.6836738
4.05521,1.6001613,0.90116334,1.6481128,1.3789091
1.7581439,-0.039574597,0.35009176,-0.7015842,-0.074095204
-0.5589661,-0.73212874,-0.36741945,-2.6253533,0.22477156
2.2646785,-0.0205597,1.4025111,1.3408357,0.24611668
0.22723432,-0.33472306,-0.4677443,-2.4857044,0.10757314
1.1844825,-0.16653726,1.0515811,0.11655035,0.39056474
1.8756434,0.10168232,1.4349169,0.18726571,1.0375178
1.7338663,-0.474579,0.7550409,1.5436724,0.96078956
1.5730693,-0.37821633,0.3086665,-0.40993723,-0.036836784
3.957407,1.1273515,0.7021264,3.0637257,0.58944505
-0.59978783,0.81490344,0.96610385,0.9990937,0.89894927
1.465171,0.50977004,1.0265106,1.0622774,0.986135
-5.4279,0.16708547,-7.0848575,6.1479564,2.580129
1.5852637,0.8265873,2.094838,3.515923,-0.5429332
-2.1695652,-1.7940329,-1.8204453,1.2282412,2.9213116
-0.8730606,-0.7634922,-0.8584562,-1.513095,0.40521562
2.551517,0.20634791,0.64365244,2.1493545,0.52767986
0.46716455,-0.37113184,0.14017007,-1.4274796,-0.13330366
1.8252134,-0.40790024,0.8768253,1.8618662,0.971322
1.4082913,-0.17233156,0.36914018,-2.0703866,0.17529549
3.5364158,1.6235937,-0.16492578,-0.054240655,0.24008366
0.9129739,0.2977504,1.5668495,1.7902981,0.5478881
1.1059189,-0.265473,0.98859537,1.4627198,0.8480823
2.1529393,0.2057128,0.8531906,2.5842721,1.074084
1.3892272,-0.43654367,0.48627144,0.27210313,0.5000829
2.1248019,0.15270059,1.5207285,-0.11492272,0.24983795
3.1674232,0.6262091,1.631569,1.713044,1.5359427
1.8262501,-0.3806393,0.8793702,1.4179153,0.8843699
0.84611374,-0.004431605,-0.43112203,-1.3392371,-0.04507669
2.740526,0.026462015,1.1231084,1.5421848,0.46359155
0.26021883,0.2682921,1.086068,-1.4562591,0.25360933
2.804262,0.7243116,1.5883489,1.7536732,1.1593288
1.0792828,-0.069865644,0.7930803,-0.16439658,0.33065176
1.8873837,0.077350385,1.2066901,2.9669015,1.3886774
0.87446475,-0.42180055,-0.086874835,0.10508806,0.19285409
0.70828253,-0.47588852,0.19588974,0.50713897,-0.22935449
1.5693182,0.063954614,0.6552876,-0.038270995,0.092166886
0.50608265,-0.19762564,0.25817105,-2.444036,-0.06660465
0.92634046,0.087655924,0.41329756,1.3751224,0.5140167
3.4833374,0.45773208,1.2265974,3.6339295,1.2167752
1.580088,0.8295491,-0.33498248,0.4443433,-0.47277802
1.3229969,-0.4381844,0.6320451,1.7954816,1.126624
1.0306036,0.015271891,1.2062331,0.09760977,1.0543586
0.9730817,-0.31904832,0.21835451,1.3281538,1.0575721
2.1289115,0.19186467,1.5457768,1.5674688,0.36181107
0.43919575,-0.24645522,-0.58822227,-1.6981137,0.6092577
1.6188062,-0.2655472,0.016627189,-0.6479747,0.53664964
1.1508902,-0.28218645,0.4937794,-1.2974914,0.4308963
1.2097769,0.05730238,1.4135857,0.033795197,0.81476027
2.3858376,0.5215418,1.0274501,2.4501734,0.54048306
0.72508943,-0.7028289,0.061128106,-2.0211973,0.5104735
1.3146333,0.12851514,0.8487048,-0.54794383,0.47742048
1.2450658,-0.22524151,0.9401741,-0.9265543,0.23371877
1.7895755,0.17013668,0.8354344,1.9201537,1.1548393
1.3224056,0.754187,0.4488043,0.21254309,1.3777925
2.4851356,0.52537185,1.5251505,1.8352958,0.5482924
1.5859944,-0.5648415,0.72237164,1.3472825,1.1494961
0.812222,-0.39408174,0.46110508,-0.65489864,0.24324322
0.99365026,0.9097442,0.19915323,0.3959769,1.0172116
1.0844406,-0.3027774,1.2542106,1.7491815,1.3851367
1.4518682,-0.42145634,1.6593014,0.10349976,-4.848433
1.3526353,0.5544147,-0.6677129,2.4222524,-2.4935737
-0.34703535,-1.5434635,-0.3321329,3.2874868,3.844695
-0.5232424,-0.48904625,-0.043087706,0.36740187,-0.1379317
6.4822087,3.0040164,-0.6442079,-0.5170255,0.011286466
-0.9424123,0.004085302,1.208269,-0.02333298,0.5373719
0.4718245,-0.5980241,0.37122658,-1.044308,0.7103427
1.4293907,-0.11480154,1.0681894,1.8411783,0.86888516
1.0012776,-0.4128189,0.22373989,-1.5897348,0.70288587
0.002214253,0.076529674,-0.46230707,-0.015347152,-0.040445957
1.8366934,0.633502,1.2826537,2.103329,0.17338811
2.6421895,0.19037986,1.0250247,1.1288207,1.0919892
1.4814136,0.5045853,0.16927987,1.9332423,0.6965441
0.08337169,-0.6647381,-0.59117407,-0.28845128,0.5753658
2.2767475,-0.0785296,1.0936962,1.3302276,0.1833683
1.3869481,-0.20721807,0.47551292,-0.5169419,0.5102574
-0.65216506,0.32827735,-0.06641224,-2.2928858,0.5299625
1.2239506,-0.29914927,0.25463718,-0.33984014,0.38987777
2.0145833,0.03798109,-0.23873974,-0.46674654,-0.30546227
-0.53484225,-0.94396305,-0.5265752,-2.089421,0.54436314
2.2157307,1.2207038,0.86710185,1.3545204,0.7110553
1.9044158,-0.007707773,1.0505413,0.6732006,0.74327135
0.6888087,0.030386057,0.40029573,-1.045654,0.10083021
2.468547,0.7965252,1.1611072,1.860533,0.75600207
0.9382057,-0.41550812,0.7385898,-1.0138705,0.6388469
0.8457791,-0.3876236,0.17270084,-1.3568465,0.21919131
0.7514156,-0.052243292,0.2369541,-0.14405873,-0.03223543
0.2646479,0.25462756,1.0216889,-0.789929,0.48300904
1.6694432,-0.047391,0.65505916,0.15275742,0.8259004
1.5609845,-0.48336837,1.1653314,1.3574797,0.23236108
-1.2640384,0.3951351,-0.058438472,-1.0347826,0.46507078
1.559661,-0.24390537,0.43353295,-1.1187214,0.36831626
2.6113093,0.17905794,1.3261616,1.273809,0.25179884
1.5249071,-0.121297844,0.18505858,-1.2535574,0.5519824
2.1625404,-0.11309916,1.0973104,0.38218457,0.75013167
1.1352652,0.25181097,0.57830536,-1.7330798,0.06449066
2.252312,0.70037675,0.38790146,1.2219223,0.71636474
1.3275145,-0.21522982,2.714947,2.577645,0.7299218
1.5366158,-0.17405897,0.060450885,-0.3400496,-0.31469074
1.574905,-0.32624197,0.896786,0.1394119,0.70933384
1.6589053,-0.25113785,0.58523875,-1.5262947,0.5825597
-0.27211508,-0.2388467,-0.14444496,-2.5900636,0.03820751
1.8008823,0.33962592,0.9550654,3.0695386,1.3954661
2.2736042,-0.1106959,0.9443902,0.4900461,0.56957835
0.48051602,-0.64412224,0.19566667,-1.8115653,0.5252149
-0.3473521,-0.753845,-0.46844488,-1.065942,0.5359411
-0.4577086,1.6116105,-0.99408317,-1.1977229,0.7185578
0.056955226,-0.7241785,-0.04435609,-1.9537041,0.4933246
-1.8625239,0.42344567,-4.270868,6.8654838,-0.500502
2.0854225,1.3955574,1.9850776,2.767672,-0.23333852
-0.88651484,-1.3206428,-1.4969207,3.885721,2.9722302
3.288506,2.2711828,-1.6430066,-1.277349,0.7950252
0.37571058,-0.78360665,0.85798717,-0.052018005,0.58106595
1.7397529,1.2967148,0.45782164,0.700032,0.899975
2.8738534,0.817784,1.4923152,2.4783847,1.1733841
1.5911614,0.23378314,0.051405784,-0.12329986,-0.0039203167
0.77324134,-0.25571045,0.703738,-0.4195256,0.8235403
0.5375989,-0.5740767,-0.16380584,-1.236872,0.17428261
1.6487907,-0.30865338,0.55974245,-0.69202316,0.34301603
1.3933142,-0.3275852,0.3477732,0.7096676,0.2863216
1.3096005,0.3719327,1.0601536,-0.8534526,0.6777638
1.8813535,-0.051702693,0.69929445,1.9387797,0.7940459
0.6355233,0.08352085,-1.1719595,-0.43733925,-0.2952287
1.5715588,-0.15722737,1.0554672,-1.1266499,0.6671451
-0.29514548,-0.40635043,-0.6884755,-1.1104274,0.31900465
0.013080708,0.67619395,0.40549946,-0.25189003,0.6384469
0.07659166,-0.49259457,0.25695613,-0.2539808,0.44852245
3.9761384,1.6147203,1.4347018,0.7680293,1.4037565
1.4928752,-0.26280102,0.931222,-0.4865044,0.16623655
1.1052076,0.55027825,1.1212418,-0.32221115,0.62035686
0.2779697,-0.49414232,0.27707985,-2.358465,0.56845176
0.9448459,-0.08244417,0.052927833,0.23826276,-0.119776405
2.1593292,0.19623323,0.8175647,1.8635249,0.45856017
-0.32807428,-0.64603263,-0.13897082,-2.3109465,0.17957258
2.7558215,-0.17796217,1.0016861,1.6721253,0.6845912
2.6428025,0.021491911,1.0702518,1.1620811,1.2514566
3.2520826,0.34970677,1.0424066,2.7888956,1.0560557
1.2054269,-0.03929416,-0.19195363,-1.0519842,-0.16669892
2.4492662,0.24489781,1.5136415,2.336583,1.0582927
1.13785,0.66214454,1.2420121,0.7656781,1.498806
-0.05341529,-0.6177539,0.22509529,-1.3471656,0.485462
2.0626512,0.1912891,0.76480657,-0.15045613,-0.23266615
1.3875476,-0.5291988,0.44230852,-0.8750723,0.58138216
2.1667707,1.6554295,0.24098398,-0.2678971,1.2425841
0.31092584,-0.63007605,0.051977687,-1.0794593,0.45553944
3.1373265,0.9815191,0.40296948,1.8252285,0.5848076
1.8980842,-0.17628631,1.1288345,1.2040904,0.7619044
1.215149,-0.31643373,0.546998,-1.0762458,0.56752646
2.385986,0.25056452,0.97119695,-0.27525592,0.26952094
0.97321135,0.91748714,0.7376388,1.1299759,1.3645548
1.3267989,0.021145608,0.34873775,1.4535481,1.3404493
-0.015853686,-0.6877912,0.324886,0.075842634,0.69106007
5.6672893,2.6615057,0.44639567,-0.6534456,0.32553855
1.6864716,0.0016736984,0.50422615,0.97772026,0.16603087
0.5938715,0.122257635,1.0433866,0.5115655,0.8972733
1.9716631,-0.2581678,0.16085592,0.25856844,0.111494265
-3.9076877,-0.6284607,-2.6402798,-3.2652552,1.97067
0.9473508,0.6444721,2.2254279,1.1250112,-0.89200455
-3.0330818,-1.0640517,-1.6935139,2.814717,2.0494444
0.15886383,-0.6588281,-0.30416262,-1.3066618,0.6314333
0.9886714,-0.22949122,-0.088170364,-1.31589,0.22837101
2.0857017,0.3974703,1.100341,2.2813003,0.03827838
0.56808263,-0.59536505,0.15359378,-1.2118307,0.6201996
2.7511058,0.4342791,1.2981963,1.2357347,0.041141693
2.0845292,0.109228924,1.1806858,0.5207588,1.0395782
0.7617756,-0.54533476,0.49494052,-2.1521542,0.057226524
1.7277666,0.22424603,0.55156267,2.322458,1.6144166
0.8510225,-0.2616973,-0.42516816,-1.5646927,0.090970755
1.2171762,-0.30094475,0.33593464,-0.76310176,0.028938254
-0.37334907,-0.42999053,0.06380528,-1.9666039,-0.20509847
4.3666563,0.6222853,1.3093913,4.1943517,1.3671728
1.1210662,0.38629997,-0.25984,-1.38064,-0.53268915
1.8012336,-0.09119616,0.79032737,-0.6446754,0.552512
1.7018086,0.2538624,0.8008648,0.025575304,0.60059637
2.2834125,-0.12415695,0.90961516,-0.1654843,0.15599789
1.0816561,-0.1872571,0.08030313,-1.4718558,-0.18756759
1.6621302,0.21898642,1.0100622,2.127478,0.23481026
1.1191818,-0.34757316,0.08789632,-1.2054939,0.49047333
0.2632337,-0.72158384,0.15178645,-2.2268164,0.5090254
2.5542557,0.11845183,0.71146095,0.83061445,-0.262139
1.3912517,0.089330085,0.91044116,-0.8806918,0.61992574
1.6617322,0.055691916,0.80774146,0.073049575,0.19129416
2.8469741,0.054140158,0.6424376,0.806483,-0.06344749
1.462755,-0.17396751,0.24861115,-0.8502142,0.18616842
1.6727054,0.1672428,0.340856,0.32068887,0.7700609
2.02891,0.26434997,0.6931228,-0.7686712,1.0097775
-0.52702683,0.051787928,0.24944225,0.004155189,0.555363
0.9234807,-0.43153676,0.7792932,-0.9374779,1.1397805
1.0853277,-0.40630224,0.41164264,-1.5548928,0.17004007
0.58936423,-0.52814734,0.66062766,-1.0040203,0.9002996
-0.264417,-0.5609551,-0.33035997,-2.0080776,0.35141724
0.344987,-0.5015298,-0.13685884,-1.1632205,0.30814034
0.63820356,-0.43663946,0.5036535,-0.2837172,0.2064769
2.1695411,-0.074411154,0.82930464,0.28442916,0.5163141
0.5275904,0.28741726,0.8995476,-0.35157073,0.29895765
2.1390827,0.30596063,1.4330486,0.71104383,1.2588788
2.4656727,0.043830294,0.7540583,-1.0472555,0.28668714
0.92819715,-0.32734674,0.611104,-1.7167231,0.7691981
0.796522,-0.33598498,0.5980868,-1.6858869,0.633269
1.8748685,0.123452835,0.26273298,2.6616051,-0.5129946
0.68944377,-0.44052386,0.27438056,0.10369941,1.3739637
1.4136115,0.23725109,0.6405258,-0.27651665,0.48261678
1.3187019,-0.14626771,0.67503434,1.6487602,1.4111141
1.5663359,0.11060562,1.1147571,0.81604445,0.70000696
-2.954133,-0.8507478,-1.011284,-4.111361,-4.572058
1.7583516,0.5301987,1.0033801,0.73116404,-0.24752533
-0.57787186,-1.379721,-0.8583522,2.5898693,2.954477
0.4224349,-0.3571719,-0.1396616,0.7799739,1.3852531
-0.29605278,0.032607798,-0.32687974,-2.663444,-0.2599223
1.6189101,0.07391288,0.875598,-0.4349036,0.068870746
0.995279,-0.33607784,0.26222572,-1.1383325,0.5265515
1.9625397,-0.09554781,0.7016243,-0.14128637,0.3126228
1.2906308,-0.10810044,0.6593043,-1.9814571,0.5565043
3.8810563,2.1811562,0.8350625,-1.3272437,0.19057512
0.7483446,-0.19820419,1.8668888,1.8561704,1.3468915
1.9112986,0.118972704,1.1557975,0.030626437,1.0214947
1.0041039,0.2638973,1.2781634,1.6139654,0.755274
1.659845,0.2816653,0.8397532,0.42710203,1.1113104
1.1087192,-0.18087113,0.5918631,0.8103595,1.0108479
2.1977403,-0.178404,1.415506,2.2584584,1.0831403
1.046115,-0.106849775,0.63510734,-1.2914416,0.15972708
1.1120954,-0.30506557,0.04938204,-0.8431506,0.21518393
1.447709,-0.39349195,0.64794755,-0.43423688,0.30765122
0.21211484,-0.50409234,0.672632,-1.5478557,0.56363446
3.212151,0.7682246,1.2355968,2.4939294,1.4312824
-2.4204607,-0.70695555,-1.1083105,-2.4387593,-0.3057414
2.4877772,-0.07800332,0.7317033,0.6849383,0.12360072
2.3466403,0.18595727,1.1899664,1.8649191,0.8928292
-2.1545286,-0.5756459,-1.0213072,-3.8247983,-0.48707688
0.23057032,-0.3549488,-0.37570494,-0.089593515,-0.22128963
1.9472462,-0.0022053719,1.2688128,1.1612561,0.25084648
1.1453803,-0.162058,0.26698917,-1.4185437,-0.082481995
-0.512444,-0.3518261,-0.50707346,-2.579819,0.041010324
0.4257177,0.19104034,2.0571387,0.38762736,0.9123117
1.0376592,0.5095137,0.8282422,0.75557137,0.95626754
1.6929649,-0.18527356,0.7455428,0.32144704,0.20923808
1.3304309,-0.45275086,0.777768,0.6549723,1.0182413
1.2428802,-0.48563722,0.31893307,-0.7822062,0.53290945
1.5750511,0.12944482,0.47853476,-1.1375133,0.12737317
1.0813282,-0.62172616,1.2555771,1.9565306,1.099873
1.66087,-0.025583748,0.7174049,0.34313738,1.6994146
0.7841009,0.29705575,1.4955375,0.6397599,0.6728885
1.359799,-0.14509614,0.3545058,-1.4738326,0.0964683
2.275605,-0.008762775,0.60823274,-0.3981461,0.519859
1.4986954,-0.43615222,1.0867047,3.288443,0.7045201
2.5895731,0.012049669,0.60256696,0.025386477,0.28176478
1.154927,-0.13293287,0.3552247,-1.7055573,0.4194576
0.9939697,-0.2695983,0.71377707,-2.0128436,-0.20804806
1.3705149,-0.17384298,0.41551277,-1.170611,0.09344685
1.0524845,-0.46176505,0.43161103,-0.010786772,1.1085911
1.6196517,0.067595705,0.8242057,1.3513491,0.7365258
1.3960123,-0.086321175,0.14069323,-1.1047542,-0.0011650324
