,c0,c1,c2,c3,c4,c5,c6,c7,c8,c9
0,1383.3079,1175.4825,484.1794,757.40106,1109.7764,730.7481,1693.3678,1496.6987,1585.8851,1407.2769
1,1485.872,1157.7534,537.53296,838.5635,1147.559,805.8655,1696.2095,1380.6156,1593.1061,1433.6808
2,1462.4663,1097.4598,547.53827,838.19543,1109.1053,768.0353,1617.4395,1397.8551,1503.8837,1393.755
3,1386.8237,1033.6616,524.2408,788.045,1054.1652,725.99567,1525.1416,1312.8654,1424.6982,1328.0973
4,1428.5442,1028.6337,541.0921,807.40344,1060.3896,737.98804,1511.468,1279.1033,1440.5132,1292.9375
5,1427.5232,1019.547,539.3201,804.19525,1050.1273,740.3008,1491.1523,1245.583,1418.1495,1271.9104
6,1418.7272,1014.5211,540.87994,801.51666,1043.2596,738.6941,1468.6826,1212.1537,1398.596,1252.7358
7,1412.7192,1013.1101,543.0537,798.3719,1037.5941,738.76056,1451.8057,1184.682,1382.1132,1238.0182
8,1403.3225,1013.8937,544.09607,792.56537,1030.8077,737.8444,1436.0115,1159.1718,1363.7264,1225.4089
9,1394.9893,1017.6538,545.49493,786.73566,1024.9376,737.04266,1423.3983,1140.2737,1347.7081,1214.8231
10,1386.1915,1023.0633,546.3498,780.246,1018.9484,736.06824,1412.866,1126.1906,1332.2693,1205.3602
11,1376.7502,1029.7524,546.72095,773.47595,1013.0269,734.8463,1403.9355,1114.9323,1317.5956,1196.4178
12,1367.0541,1037.4236,546.77734,766.7442,1007.4682,733.5036,1396.5685,1106.0918,1304.128,1188.0018
13,1357.5895,1045.7909,546.8387,760.3833,1002.5009,732.21045,1390.5603,1099.6686,1292.1908,1180.0452
14,1347.4966,1054.0659,546.37695,753.79333,997.6399,730.6617,1385.477,1094.2325,1280.9658,1172.5148
15,1337.2756,1062.2864,545.76074,747.2925,993.1206,729.0301,1381.1085,1088.5271,1270.5933,1165.2719
16,1326.2966,1069.9165,544.5143,740.3621,988.6222,726.98395,1377.3744,1082.6014,1260.6017,1158.5641
17,2233.1238,1901.111,744.7862,1334.5012,1581.3964,1338.1519,2391.9116,2134.2073,2392.4536,1946.9918
18,2360.4028,2098.1814,839.2618,1484.2327,1650.7142,1556.9736,2531.3462,1874.3518,2420.923,2041.8514
19,2461.1787,2132.596,916.06134,1471.9952,1639.9928,1560.1433,2552.864,2127.242,2452.7966,2097.993
20,2393.0825,2046.0686,875.9572,1370.4939,1595.067,1536.7877,2454.121,2017.4055,2362.0874,2039.5371
21,2379.174,1992.4938,879.7865,1378.2202,1590.6952,1542.4849,2408.8474,1987.5155,2352.1484,1988.2133
22,2367.4182,1965.1842,875.15967,1388.5859,1579.6332,1551.0061,2394.1733,1979.1019,2339.123,1963.128
23,2335.1667,1941.8785,866.84937,1390.2306,1562.6052,1547.9039,2368.9304,1945.631,2313.1934,1937.9824
24,2309.6528,1929.2217,864.5959,1397.7616,1549.8258,1544.1261,2351.0457,1927.9851,2296.7512,1917.6154
25,2276.3972,1916.7808,858.5469,1396.6433,1533.9951,1535.5154,2328.3687,1903.5419,2272.2834,1896.3741
26,2241.6033,1905.4652,852.27155,1392.272,1518.0975,1523.4905,2303.7024,1879.4175,2246.7935,1873.8623
27,2205.665,1896.2307,844.73584,1383.9271,1501.1465,1508.8833,2277.9338,1853.2032,2218.4253,1850.4756
28,2171.1487,1888.9661,837.0268,1373.3704,1483.9297,1492.2377,2251.8528,1830.8723,2190.0906,1826.6168
29,2136.4873,1883.3577,828.26166,1359.6755,1465.569,1473.6307,2224.73,1807.3424,2159.5046,1801.8011
30,2105.5977,1880.1757,820.29004,1345.9854,1447.7006,1454.4446,2198.642,1789.8872,2130.92,1776.872
31,2080.282,1878.8698,813.4194,1333.0817,1430.9327,1436.1738,2174.6472,1780.633,2105.2722,1752.6035
32,2053.8967,1877.8207,804.7822,1317.1166,1412.9846,1416.963,2149.8906,1765.1587,2076.2192,1727.8855
33,2033.7146,1879.0189,798.31305,1304.3966,1397.4512,1399.0046,2128.1777,1758.4535,2052.4465,1704.1586
34,2483.4944,2104.542,1842.8219,1949.1942,1736.8143,1730.6433,2627.7512,2364.6025,2667.9534,1872.8416
35,2896.71,2394.8071,2438.593,2389.4597,1884.4691,1812.9088,2878.246,2859.8694,3268.9536,1974.3564
36,2707.6516,2385.4968,2415.0576,2319.9873,1852.5082,1711.4109,2707.6724,2974.6062,3102.1267,1945.7269
37,2653.8865,2340.3926,2452.9495,2316.7158,1840.4916,1677.8208,2686.7573,2924.7385,3082.7542,1904.3151
38,2636.6907,2328.0784,2489.3438,2339.7415,1843.0923,1675.6329,2691.4963,2891.4795,3096.3564,1885.0477
39,2650.7795,2324.2527,2447.1987,2352.0972,1864.8481,1680.9752,2759.7976,2910.9812,3164.5544,1908.4763
40,2679.9238,2347.7664,2456.7156,2392.6218,1888.1349,1697.971,2793.519,2904.5034,3199.6333,1925.2568
41,2697.365,2371.6934,2469.5242,2420.8794,1905.3586,1710.4696,2815.6863,2920.6067,3230.0295,1943.0107
42,2697.0305,2391.3718,2483.158,2438.488,1912.4047,1716.614,2821.2341,2922.9895,3241.0059,1954.4912
43,2686.5898,2404.441,2496.515,2448.1838,1914.1595,1718.1237,2819.0867,2918.141,3242.8762,1960.7852
44,2671.7563,2411.2036,2507.3892,2451.9412,1912.8511,1717.098,2814.7173,2908.1758,3239.972,1963.5557
45,2656.7092,2413.1582,2516.4216,2452.1985,1910.0824,1715.1816,2810.2144,2894.8997,3234.7024,1963.9033
46,2644.0706,2411.861,2524.5393,2450.6404,1907.0115,1713.335,2806.6929,2881.1724,3229.275,1962.9185
47,2633.4675,2408.2805,2531.2876,2447.464,1903.4447,1711.6284,2803.7544,2866.673,3223.1262,1960.9417
48,2624.956,2403.2812,2537.0552,2443.2375,1899.6205,1710.1799,2801.321,2851.8489,3216.5637,1958.2811
49,2618.6206,2397.6099,2542.315,2438.5083,1895.7888,1709.176,2799.5208,2837.2341,3210.1077,1955.2504
50,2614.6174,2391.7866,2547.4045,2433.7524,1892.262,1708.6993,2798.5698,2823.849,3204.5303,1952.2288
51,2548.9539,2536.8103,2614.7322,2320.0613,1901.7618,1897.5006,2888.6895,2522.5889,3046.8813,1770.2616
52,2609.1992,2488.7246,2705.9175,2395.036,1878.5781,1900.0513,2836.4666,2558.5544,3146.088,1770.6353
53,2631.3223,2465.469,2514.738,2365.7617,1903.2878,1841.8977,3014.6045,2660.1748,3227.014,1864.1628
54,2708.04,2444.669,2459.7034,2373.0303,1913.4039,1846.0576,3077.453,2775.6367,3275.7263,1906.5054
55,2752.3247,2455.0046,2429.1506,2389.5198,1911.525,1881.0607,3114.5867,2779.2173,3272.7832,1935.4683
56,2771.5505,2471.4578,2402.3315,2404.0737,1914.0739,1897.7773,3117.562,2793.188,3267.537,1960.5376
57,2767.586,2486.6316,2376.1748,2410.9495,1914.3231,1902.2108,3102.4885,2796.8262,3252.267,1980.8035
58,2753.3193,2498.8281,2357.071,2415.496,1913.4337,1901.3864,3081.9316,2793.7366,3235.1997,1995.7776
59,2734.8013,2508.0034,2343.3733,2418.0796,1911.7386,1898.7458,3062.672,2786.9546,3219.3533,2007.1602
60,2714.904,2513.8364,2332.558,2418.4197,1909.0188,1895.6005,3046.3926,2776.8865,3204.4568,2015.914
61,2696.6677,2516.8342,2324.0083,2417.323,1905.8369,1893.013,3033.914,2765.4155,3191.1338,2022.8793
62,2681.1804,2517.6235,2316.783,2414.9958,1902.2805,1891.2966,3024.8013,2753.4604,3179.039,2028.6051
63,2668.044,2516.7412,2309.8113,2411.2732,1898.043,1890.3717,3018.005,2740.1873,3166.9177,2033.2047
64,2658.1653,2514.9753,2303.519,2406.9976,1893.7518,1890.524,3013.5525,2727.2126,3155.6892,2037.1527
65,2650.7249,2512.7583,2297.2537,2402.0435,1889.1494,1891.6149,3010.676,2713.8975,3144.5981,2040.5676
66,2645.1138,2510.2449,2290.6016,2396.3818,1884.215,1893.3999,3008.7637,2700.3574,3133.379,2043.5348
67,2642.704,2508.2417,2284.922,2391.3093,1879.8972,1896.3745,3008.4614,2688.8494,3123.8323,2046.6431
68,2251.19,1937.0168,744.1862,1341.7838,1590.5382,1357.5151,2414.7524,2098.9126,2399.9148,1963.3074
69,2410.8345,2147.8337,857.17065,1513.5101,1670.203,1590.1708,2568.2769,1922.0386,2463.9556,2068.4731
70,2537.205,2197.643,949.74,1511.185,1667.0964,1613.359,2606.6602,2173.7944,2508.0479,2131.616
71,2526.583,2137.4336,930.46405,1433.21,1639.552,1619.1909,2544.5466,2108.704,2459.756,2093.0461
72,2544.0227,2097.63,942.13776,1449.6813,1644.796,1646.4626,2518.348,2085.0688,2466.9324,2055.958
73,2551.7258,2077.4844,944.80255,1470.3217,1642.9796,1670.7032,2514.344,2079.8171,2468.0383,2039.5529
74,2535.5723,2059.1514,943.6011,1483.8978,1634.9288,1681.5514,2498.7305,2056.228,2455.585,2023.003
75,2514.8198,2047.3981,944.6816,1498.161,1627.3021,1687.2617,2484.8962,2037.4159,2443.4211,2008.8019
76,2483.5403,2036.4844,941.9062,1503.933,1616.4313,1686.005,2465.9722,2011.2212,2422.9158,1993.4117
77,2447.4707,2025.9392,937.92865,1504.5321,1604.4098,1679.3386,2443.7441,1984.8492,2399.3538,1976.4043
78,2409.6082,2016.1234,932.7633,1500.6188,1591.1218,1668.8059,2419.504,1960.3789,2373.615,1957.9213
79,2369.0247,2007.1763,925.4874,1491.4608,1575.7434,1654.4006,2392.8486,1933.1565,2344.2065,1937.4225
80,2332.1812,2000.551,918.8877,1481.3987,1560.4215,1638.4984,2367.1543,1913.47,2317.0627,1916.3446
81,2300.0537,1995.5969,912.57684,1470.3501,1545.0819,1622.3577,2342.8096,1901.0393,2291.8384,1895.1592
82,2267.805,1990.9996,904.41943,1455.9546,1528.3468,1604.6216,2317.8503,1885.602,2264.1963,1872.9581
83,2240.6575,1988.5372,897.4392,1442.9352,1512.6881,1587.2175,2295.2427,1875.4312,2239.7356,1850.9757
84,2213.6445,1986.8455,889.1949,1427.8285,1496.1597,1569.0667,2272.5916,1861.3995,2213.1975,1828.7638
85,2577.539,2779.8865,3130.035,2488.3027,1992.3666,1915.8885,3022.6492,2699.8323,3263.6475,1633.6716
86,2605.6833,2485.2751,3112.8557,2433.5222,1944.7029,1884.3943,2878.6245,2771.9094,3246.2954,1627.1128
87,2520.2527,2332.7725,2987.5337,2354.532,1934.122,1711.8644,2696.813,2792.1587,3090.4634,1633.8613
88,2506.9072,2266.4297,2902.3218,2310.2517,1905.0994,1620.9734,2623.7856,2844.198,3079.4258,1642.7239
89,2547.8308,2258.387,2799.159,2311.532,1911.0817,1618.9982,2733.6272,2834.596,3186.2275,1692.4113
90,2589.9495,2287.799,2764.2268,2349.8206,1919.8208,1647.347,2797.6763,2788.5605,3232.7769,1722.7574
91,2618.8044,2313.378,2737.1277,2376.7405,1929.9368,1673.3645,2847.2366,2787.535,3274.4302,1750.3892
92,2632.8904,2335.8914,2724.2195,2398.0715,1935.2502,1692.5358,2867.95,2787.6843,3292.0605,1769.7614
93,2635.951,2354.874,2722.5503,2414.1357,1937.2754,1704.8766,2871.0703,2787.0432,3297.2998,1783.0753
94,2630.1104,2368.361,2722.8533,2423.2346,1936.3989,1711.2032,2866.645,2784.1055,3295.958,1792.705
95,2620.4119,2376.5557,2723.0935,2427.6597,1934.0599,1713.5914,2859.465,2779.5388,3291.449,1799.8959
96,2610.0227,2380.7122,2722.8994,2429.0842,1930.9578,1713.895,2851.8237,2773.7175,3285.1233,1805.4067
97,2601.682,2382.5933,2723.5886,2429.372,1928.0176,1713.6837,2845.3562,2768.2678,3278.9485,1809.9982
98,2595.2139,2382.7847,2724.4167,2428.5974,1925.0696,1713.2361,2840.082,2763.3257,3272.877,1813.9757
99,2589.4426,2381.5156,2724.277,2426.4014,1921.5817,1712.3965,2835.1755,2757.327,3265.6562,1817.2229
100,2585.8865,2379.84,2724.8542,2424.1633,1918.4126,1711.908,2831.3757,2751.8115,3259.0557,1820.113
101,2583.7246,2377.7947,2725.501,2421.6204,1915.3038,1711.6748,2828.4402,2746.6353,3252.824,1822.7301
102,1136.9719,885.5995,491.17743,615.9451,929.4969,594.4266,1426.815,1272.3131,1277.7938,1183.7823
103,1304.418,829.43304,584.5731,681.05597,989.8232,633.8941,1391.3755,1248.5851,1323.0925,1190.2316
104,1317.4244,794.6398,557.6148,679.4235,983.1931,611.9206,1380.8284,1224.5975,1287.4166,1216.5419
105,1287.1223,773.1522,552.71295,662.84766,965.48737,594.8553,1322.0739,1145.6898,1256.0486,1189.4285
106,1351.378,790.4047,576.6412,686.42426,987.4349,622.994,1340.5045,1116.1218,1295.4923,1186.8936
107,1347.1829,797.2788,577.4724,684.4137,982.77606,631.84485,1335.4338,1090.2406,1282.0005,1184.8009
108,1335.676,800.8155,580.2906,681.15204,978.41876,636.1386,1324.3564,1062.3672,1268.6018,1177.2974
109,1329.5144,805.17694,583.0392,677.63574,974.81537,641.54724,1316.5634,1039.067,1257.4757,1171.2572
110,1321.4541,810.3494,584.2686,672.9115,970.5091,645.07526,1309.1116,1021.68207,1245.0261,1166.2986
111,1312.9193,816.27356,584.36896,667.8671,966.0521,647.7089,1302.8256,1007.2784,1232.6611,1161.4874
112,1305.1135,823.5009,584.33093,663.4346,962.2428,650.1498,1298.0522,996.22595,1221.4857,1156.8696
113,1297.249,831.5861,583.6544,659.22253,958.81604,652.17914,1294.8081,989.2514,1211.503,1152.7214
114,1288.5164,839.9489,582.3089,654.97845,955.2729,653.6942,1292.0814,983.22845,1201.7726,1148.2821
115,1279.8674,848.8329,580.95514,651.0759,952.13605,655.0297,1290.0879,977.8724,1193.0183,1143.8003
116,1271.4578,858.13574,579.64545,647.38153,949.34625,656.227,1288.8214,973.3064,1185.1833,1139.5156
117,1262.8114,867.4142,578.0283,643.5616,946.6008,657.0701,1288.0363,969.16925,1177.832,1135.401
118,1253.8147,876.1727,575.9067,639.5529,943.94684,657.38464,1287.6514,966.5063,1171.1312,1131.4862
119,2457.0276,2009.1602,932.89545,1549.5374,1674.8995,1553.6217,2531.774,2208.4014,2542.6936,2039.6176
120,2490.3076,2073.7056,945.78235,1608.7181,1663.7155,1693.9933,2566.5105,2024.2886,2483.4917,2079.4124
121,2606.5508,2200.9546,1013.48627,1605.6886,1680.0681,1733.4847,2680.502,2211.2224,2521.221,2166.447
122,2687.5083,2193.491,1021.17267,1557.4122,1693.0957,1768.0934,2688.4,2303.7354,2565.974,2181.94
123,2761.7888,2178.7104,1031.8566,1570.6677,1723.1509,1816.7466,2706.6655,2311.0488,2617.1877,2182.4434
124,2840.3496,2177.608,1045.3098,1607.5774,1755.32,1863.7864,2747.5781,2340.102,2675.7312,2199.0854
125,2883.1763,2173.6763,1048.2313,1634.1333,1774.9896,1893.7245,2766.184,2327.039,2703.773,2211.1807
126,2903.6033,2168.156,1051.1868,1657.8058,1789.9944,1912.2546,2774.0977,2304.8484,2717.9014,2221.0486
127,2903.2458,2160.6794,1050.469,1672.9558,1798.7195,1920.6927,2772.0752,2274.7454,2717.336,2227.278
128,2888.4124,2150.9456,1047.7051,1680.5647,1803.3075,1921.2633,2762.945,2242.6587,2707.8152,2229.9666
129,2864.3308,2140.096,1043.2949,1681.8219,1804.656,1916.2714,2749.6624,2210.5608,2692.56,2229.4075
130,2834.5322,2128.8862,1037.4332,1677.8281,1803.3638,1907.0668,2733.767,2179.8154,2673.9556,2225.9204
131,2801.204,2118.1829,1030.2847,1669.6783,1799.7365,1894.7448,2716.2996,2149.8735,2653.148,2219.702
132,2767.5898,2108.84,1022.78864,1659.2628,1794.5771,1880.7274,2698.8699,2123.704,2632.5144,2211.6235
133,2734.1128,2101.057,1014.6598,1646.8502,1787.7214,1865.4442,2681.4128,2099.9988,2611.8135,2201.7576
134,2699.8499,2094.8755,1005.5816,1632.4382,1778.9733,1848.7815,2663.4531,2076.0378,2590.0898,2189.901
135,2667.494,2090.777,996.8283,1617.8815,1769.435,1831.8595,2646.5732,2056.4084,2569.8022,2177.2085
136,2639.4004,2339.9915,2016.0056,2178.9973,1857.3562,1926.5662,2824.7341,2409.6362,2916.757,1979.9105
137,2807.3784,2527.0005,2195.7434,2390.2249,1861.8773,2014.9296,2923.5493,2578.229,3160.0664,2026.4142
138,2866.4692,2656.2295,2088.2375,2361.5317,1897.8175,2052.762,3176.6816,2772.3271,3199.969,2133.5085
139,2978.2524,2676.014,2096.3894,2386.0696,1924.5132,2107.6057,3240.4138,2883.9775,3222.2097,2173.7188
140,3018.4387,2698.9954,2088.2505,2410.601,1933.4319,2145.7344,3234.4797,2905.735,3212.6262,2206.8909
141,3017.3403,2720.1477,2066.1113,2426.4966,1940.3793,2156.7166,3205.0955,2926.8806,3201.0588,2240.3071
142,2994.0256,2735.5464,2034.7709,2430.0208,1942.5009,2154.793,3172.7654,2932.2751,3179.8945,2269.448
143,2967.4316,2744.9402,2004.888,2428.2266,1943.5729,2149.7476,3147.8633,2930.273,3157.359,2293.1416
144,2945.112,2750.3362,1978.6,2423.613,1944.6277,2145.6086,3131.4607,2925.3955,3136.8264,2312.7354
145,2927.8225,2752.775,1955.3336,2416.748,1945.2173,2143.2122,3120.7686,2916.9438,3117.9458,2328.7893
146,2915.7605,2753.1448,1935.3365,2408.8342,1945.6041,2143.0554,3114.0894,2905.903,3101.106,2341.8538
147,2908.6106,2752.3704,1918.6528,2400.8408,1946.0447,2145.2378,3110.0537,2893.8008,3086.725,2352.659
148,2904.5444,2750.9097,1904.1942,2392.6548,1946.1024,2149.202,3106.9382,2880.0945,3073.8281,2361.5142
149,2901.9307,2748.8608,1891.0615,2384.0935,1945.4994,2154.4211,3103.6536,2864.1545,3061.5142,2368.5088
150,2900.4836,2746.429,1879.0554,2375.4294,1944.4658,2160.8093,3100.216,2846.921,3049.9065,2374.0496
151,2899.8562,2743.8037,1867.7737,2366.6782,1943.0201,2168.177,3096.4575,2828.8706,3038.8464,2378.4998
152,2900.7593,2741.3132,1857.5555,2358.3801,1941.6558,2176.5615,3092.7124,2812.1047,3029.126,2382.5356
153,2526.4553,2019.7266,1073.6268,1658.7964,1701.8226,1640.0817,2565.9949,2234.9048,2585.5989,2046.3973
154,2531.6843,2085.753,1069.0118,1715.8044,1651.3607,1760.027,2547.3503,2014.178,2495.635,2046.0349
155,2630.3904,2255.4312,1102.1465,1702.1053,1663.13,1813.1412,2695.6338,2233.0085,2522.1614,2133.3103
156,2691.643,2256.5312,1096.427,1642.9429,1670.0011,1850.8573,2688.5608,2311.3293,2545.4048,2145.6045
157,2741.073,2238.9404,1096.407,1644.2754,1693.5458,1891.5504,2683.9932,2304.7383,2577.492,2144.6436
158,2802.4102,2235.7397,1103.7632,1673.4445,1723.6459,1930.5029,2710.133,2334.0403,2625.8713,2161.3164
159,2830.2253,2228.2551,1099.7626,1689.2903,1741.5428,1951.515,2716.2893,2317.4685,2645.4902,2173.147
160,2840.9695,2218.985,1097.3483,1703.4988,1756.0868,1961.9187,2717.0518,2294.6885,2655.82,2181.8186
161,2835.4868,2208.3914,1091.9768,1710.2556,1765.0278,1963.7935,2712.1304,2266.115,2654.3232,2186.9153
162,2817.9927,2195.6763,1084.8646,1710.3755,1769.8622,1958.7539,2702.064,2235.8171,2645.1418,2188.313
163,2792.5007,2182.0693,1076.3927,1705.183,1771.3063,1948.8943,2688.8447,2204.5657,2630.6182,2186.3574
164,2765.564,2169.0637,1068.3468,1697.6835,1771.0168,1936.7948,2675.3926,2179.4092,2615.8364,2182.5532
165,2735.4766,2156.7505,1058.8778,1686.503,1767.8376,1922.2313,2660.1614,2153.0918,2598.2542,2176.0562
166,2705.8015,2145.9941,1049.6711,1674.2972,1763.2345,1906.6248,2645.2598,2130.3523,2581.1907,2167.9287
167,2676.994,2137.1272,1040.346,1661.0862,1757.095,1890.5004,2630.7449,2110.041,2564.2808,2158.4656
168,2649.3435,2130.0154,1031.0842,1647.3491,1749.7018,1874.1041,2616.5354,2092.046,2547.7656,2147.8413
169,2622.2742,2124.579,1021.6556,1633.0223,1741.0533,1857.4225,2602.3953,2074.8284,2531.021,2136.0999
170,906.4553,605.5287,669.7657,463.81973,711.2839,483.48737,1047.5925,957.7474,863.85443,911.1146
171,1426.8553,964.1743,1333.1261,613.87616,958.36017,577.76843,1089.5076,1333.6643,1020.51184,1054.3218
172,1226.4697,816.16235,950.9476,495.96823,891.8296,468.2456,1146.6868,1257.6754,1001.0328,1121.1093
173,1256.6671,804.41144,969.95856,524.40857,932.97845,478.69604,1154.8066,1153.0039,1045.0685,1114.8898
174,1332.1115,830.2655,1025.5475,549.9934,978.25757,524.2648,1211.5934,1114.636,1118.0955,1137.3842
175,1311.7173,835.0214,1008.92554,545.7776,973.7249,538.4852,1227.7013,1079.0602,1122.5204,1138.9341
176,1294.3445,837.7955,998.39984,544.6391,968.13873,549.8118,1230.8439,1053.0281,1118.8259,1132.2302
177,1278.5166,839.4436,989.0599,541.7389,961.776,559.727,1229.8348,1036.6753,1113.4023,1125.0299
178,1261.0873,842.5227,979.04425,538.53705,955.57935,567.1773,1227.7208,1027.1733,1106.2522,1118.4276
179,1242.5553,845.1389,968.08765,535.0185,949.607,573.03955,1225.0035,1019.8712,1098.1659,1112.1422
180,1226.2147,848.7114,959.47455,532.4452,945.51807,578.65155,1222.8936,1015.1018,1091.031,1107.291
181,1211.1166,852.2979,951.49554,529.9974,942.13226,583.701,1221.519,1011.4075,1084.3761,1103.7747
182,1196.2985,854.83527,943.3466,527.3767,938.7295,587.873,1219.9529,1006.59216,1077.4452,1100.7935
183,1183.3484,857.1032,936.378,525.131,936.1141,591.76495,1218.8293,1001.36255,1071.2295,1098.875
184,1171.3495,858.4824,929.39923,522.7047,933.4635,595.05505,1217.9233,995.0418,1065.1823,1097.7191
185,1159.7717,858.48816,921.72974,519.9668,930.50964,597.5316,1216.805,987.7978,1059.1606,1096.8612
186,1149.2175,857.7572,914.8308,517.33563,927.7029,599.6517,1215.3083,978.61707,1053.0721,1096.3304
187,864.306,588.3232,592.3782,442.1726,692.1859,456.60925,1033.7772,917.36163,855.3107,897.08215
188,1413.236,931.8468,1265.5863,605.25494,958.83215,572.72363,1067.9712,1288.162,1015.65063,1036.2133
189,1271.4899,819.86053,948.86566,506.64328,910.93,475.16058,1157.8337,1271.6732,1023.8936,1127.4648
190,1295.326,810.1581,965.517,532.0737,944.2198,482.33936,1167.2572,1165.0355,1062.1338,1118.5964
191,1376.3822,841.0496,1023.91113,560.5969,989.76276,528.28546,1227.2279,1132.0411,1138.311,1138.8473
192,1352.0048,845.63513,1005.1242,555.94403,984.0178,542.38904,1242.7903,1095.24,1142.1094,1138.3041
193,1328.439,846.3701,991.1863,553.9361,976.98706,553.1407,1244.3284,1064.497,1137.0961,1129.5409
194,1309.9269,847.31055,981.1257,551.1337,970.715,563.5439,1242.8763,1045.0519,1132.0189,1121.6282
195,1287.5104,847.9673,967.09015,546.6204,962.9148,570.58826,1239.7114,1032.1692,1123.7784,1114.0299
196,1267.2936,849.8845,955.12524,543.1255,956.93427,576.8454,1236.5776,1024.5958,1115.9406,1107.4894
197,1248.9945,852.732,945.01385,540.1712,952.20764,582.6945,1234.0061,1019.271,1108.4244,1102.3536
198,1231.9584,855.7226,935.52277,537.40485,948.181,587.82434,1232.031,1015.4471,1101.3187,1098.4325
199,1216.3834,858.3695,926.6807,534.8422,944.70715,592.33673,1230.3901,1012.1076,1094.653,1095.433
200,1201.6385,860.19775,918.468,532.2597,941.31177,596.2388,1228.5116,1006.34607,1087.6373,1092.9811
201,1189.1262,861.92676,911.31165,529.99817,938.7102,599.85034,1227.4299,1001.4466,1081.7731,1091.79
202,1177.459,862.76794,904.4321,527.55597,935.8764,602.8251,1226.1411,995.1101,1075.6426,1091.0072
203,1167.3197,863.2678,898.3293,525.2994,933.41266,605.4463,1225.1006,988.5658,1070.0573,1090.871
204,1667.9822,1356.6145,587.6797,951.86865,1268.0963,923.3826,1901.3986,1755.8854,1846.4211,1564.305
205,1535.5084,1243.6703,549.90594,915.01886,1204.4373,909.5136,1802.577,1417.0063,1664.8612,1530.9938
206,1517.9573,1202.7743,584.5993,933.16943,1177.8217,856.91144,1720.6938,1472.6888,1622.0237,1485.7129
207,1429.85,1126.0189,548.24896,866.2837,1107.1842,810.36115,1618.5265,1389.3218,1520.7668,1410.4601
208,1451.4529,1110.3632,560.0542,878.3753,1102.3079,810.3785,1585.028,1358.8959,1523.7836,1362.1587
209,1464.835,1104.7478,561.5912,881.4561,1093.4651,813.2782,1567.1223,1341.5044,1512.2623,1337.9263
210,1458.9431,1099.4934,561.7722,878.0372,1082.9542,810.09357,1541.96,1309.569,1491.2715,1314.63
211,1457.8447,1100.2245,565.00165,877.26526,1077.2411,809.64496,1524.958,1284.5646,1478.2754,1296.4281
212,1450.3094,1101.507,566.04156,871.82,1069.451,808.3256,1508.2924,1258.552,1460.4323,1280.2229
213,1443.0846,1105.1917,568.0268,866.44055,1062.966,807.02374,1494.2832,1240.3588,1445.3049,1265.8167
214,1433.6559,1109.9814,568.8448,858.9889,1055.3967,805.3872,1481.4642,1223.4391,1428.536,1252.3627
215,1424.9994,1117.0591,570.1774,851.99023,1048.628,803.8936,1470.6188,1210.838,1413.5933,1239.8616
216,1416.3213,1125.2622,571.20984,844.776,1042.1024,802.3304,1461.5073,1202.7161,1399.6068,1228.435
217,1406.8251,1133.6921,571.7925,837.2097,1035.5781,800.4155,1453.1544,1196.2255,1385.908,1217.3647
218,1397.1716,1142.3793,572.1595,829.6768,1029.4446,798.37506,1445.8295,1190.4857,1373.0695,1206.8206
219,1387.6023,1151.1991,572.4645,822.27167,1023.7633,796.3078,1439.4333,1185.0704,1361.1045,1196.8972
220,1379.3247,1160.2941,573.2767,815.7249,1019.1112,794.603,1434.3577,1182.163,1351.0961,1187.8439
221,2550.744,2805.7522,3311.884,2424.9883,1978.0938,1816.7283,2987.1755,2824.1663,3193.1025,1537.2235
222,2585.1213,2493.9404,3323.3257,2388.2507,1934.0347,1839.4081,2864.319,2804.7986,3183.409,1512.1702
223,2609.1873,2364.536,3145.9695,2384.8125,1996.5023,1763.1857,2881.7822,2769.0247,3234.624,1584.2474
224,2630.568,2306.533,2951.3274,2371.835,1998.2473,1677.1825,2883.644,2861.7087,3326.5066,1643.1348
225,2668.8264,2322.119,2872.224,2397.3467,1996.1144,1674.1444,2928.5903,2857.5227,3383.602,1695.3677
226,2699.8718,2358.244,2844.7705,2427.5188,1995.7582,1695.6025,2965.3225,2855.2031,3414.057,1732.5349
227,2707.8357,2391.0125,2831.8408,2448.8545,1992.7311,1714.9702,2976.191,2849.9724,3418.2769,1756.7728
228,2701.7473,2415.1672,2826.4297,2463.6265,1989.3057,1727.2057,2969.7842,2845.226,3412.8096,1773.1395
229,2688.4387,2431.0698,2822.8816,2472.745,1985.8567,1733.3804,2957.0708,2841.04,3404.8318,1785.3855
230,2672.6453,2440.5508,2819.1353,2477.754,1982.2826,1735.573,2943.343,2836.2974,3395.9265,1795.2048
231,2658.572,2446.007,2816.2175,2480.799,1979.1755,1736.0535,2931.6125,2832.2576,3387.8813,1803.6996
232,2646.7327,2448.6108,2813.5261,2482.1995,1976.1428,1735.6577,2922.0942,2828.6567,3380.1753,1811.2325
233,2637.1316,2449.3237,2811.0913,2482.3843,1973.0078,1734.8728,2914.2825,2824.846,3372.319,1817.8778
234,2630.505,2449.099,2809.7153,2482.2378,1970.2081,1734.3334,2908.5398,2821.6995,3365.4011,1823.9795
235,2626.482,2448.3342,2809.2656,2481.9707,1967.7378,1734.1647,2904.6235,2819.4058,3359.5842,1829.7157
236,2623.2258,2446.7844,2808.2954,2480.8052,1964.8824,1733.8702,2901.2666,2816.3188,3353.2441,1834.8431
237,2621.6123,2445.094,2807.8813,2479.6443,1962.2369,1733.9108,2898.8723,2813.2668,3347.484,1839.5978
238,991.6522,735.49365,501.26437,528.06525,815.7836,516.8914,1254.1469,1112.2758,1085.0508,1049.1154
239,1271.6074,749.69586,706.7247,615.9357,939.6931,570.9983,1221.5365,1213.5647,1174.8901,1078.356
240,1278.3938,711.22437,638.37585,594.7877,936.33527,535.53864,1268.5563,1202.235,1186.9348,1146.5298
241,1279.0708,703.518,653.589,599.17126,940.3074,533.94,1233.3937,1113.447,1187.946,1132.6703
242,1369.6624,736.7224,697.0781,630.7804,974.82166,574.9989,1277.8763,1095.5332,1250.9655,1149.4314
243,1363.5071,751.4046,700.6994,630.82745,969.93774,588.03156,1282.3466,1075.1941,1243.5123,1154.3481
244,1347.6193,756.7027,703.5368,628.5496,964.0985,595.41583,1275.536,1047.6859,1232.2537,1148.6758
245,1337.9988,760.80133,706.147,625.7236,960.33655,603.3471,1269.8087,1025.6722,1223.5256,1143.6211
246,1325.3384,764.42664,705.63965,621.0011,955.67145,608.7421,1263.5554,1008.88116,1212.4446,1139.4304
247,1313.2428,768.4493,704.49695,616.4835,951.70294,613.3139,1258.3866,997.08527,1202.2524,1135.6959
248,1300.8983,772.9976,702.4648,612.0233,947.7924,617.4625,1254.1675,986.7948,1192.0927,1132.1484
249,1290.0715,779.0092,700.9664,608.57086,945.0324,621.71094,1251.6404,980.0842,1183.7426,1129.3676
250,1278.4436,785.17487,698.1895,604.8716,941.9213,625.36755,1249.8704,974.6183,1175.5016,1126.7458
251,1267.6256,791.9275,695.67377,601.85,939.4291,628.8848,1248.8171,970.91943,1168.3921,1124.2133
252,1257.5712,799.1508,693.3023,599.20087,937.2314,632.2988,1248.4423,968.07245,1162.0476,1121.8345
253,1247.4858,806.31067,690.5924,596.514,934.93164,635.2328,1248.2928,965.3534,1155.9414,1119.4231
254,1238.7126,813.75854,688.5574,594.37726,933.2808,638.0693,1248.6309,964.467,1151.0278,1117.2084
255,1544.18,1375.6316,493.74713,845.9902,1215.6204,827.37384,1853.6713,1604.5424,1762.4954,1541.1691
256,1488.7069,1400.0819,481.196,847.8083,1202.8469,874.9094,1835.1017,1352.1226,1636.9464,1548.2485
257,1436.3856,1337.6531,499.96622,831.01624,1151.3536,807.64264,1736.478,1417.0607,1555.0349,1493.704
258,1338.6759,1254.3855,467.0095,761.12695,1075.9429,747.27106,1638.9241,1343.1387,1446.5973,1415.5814
259,1347.1167,1240.1157,470.8722,763.54553,1065.7688,739.2261,1606.79,1305.7712,1430.6716,1367.7417
260,1347.5543,1227.0156,467.09668,758.6864,1051.8096,732.80115,1581.057,1284.4286,1404.1769,1337.527
261,1342.3416,1219.0111,464.9817,755.4227,1040.8052,725.1069,1553.1055,1256.8766,1378.415,1310.475
262,1342.4529,1216.7719,465.14743,755.949,1034.2948,720.56494,1531.9045,1234.7452,1359.8972,1288.7255
263,1339.3971,1215.1163,464.37637,754.8794,1027.8342,715.90265,1512.3186,1213.0242,1340.7222,1269.8922
264,1334.7335,1214.7089,463.1627,752.97766,1022.1909,711.2454,1495.019,1191.6558,1322.5469,1253.3
265,1330.2456,1215.3806,462.28818,751.09357,1017.73175,707.1066,1480.1196,1173.346,1306.5552,1238.4031
266,1323.8059,1216.201,460.65225,747.71747,1012.99664,702.7501,1466.829,1155.2101,1290.4913,1224.9396
267,1316.8251,1217.97,458.99066,743.8555,1008.72205,698.53766,1455.2612,1137.4651,1275.6044,1212.6538
268,1310.4581,1220.5134,457.77856,740.1653,1005.3099,694.8506,1445.6401,1123.019,1262.8529,1201.6212
269,1304.0325,1223.1382,456.67682,736.1965,1002.1391,691.5181,1437.3433,1110.4744,1251.2815,1191.5425
270,1296.8875,1225.7975,455.3287,731.5664,998.8259,688.2727,1430.0635,1097.3209,1240.1317,1182.3387
271,1290.3513,1228.8788,454.39944,727.24023,996.2091,685.4771,1424.1144,1085.9062,1230.7357,1174.1022
272,1467.7573,1299.1276,479.30667,799.94617,1168.7499,778.5037,1785.8483,1543.7181,1684.6368,1487.239
273,1375.9673,1273.6779,449.5903,771.3159,1130.9978,796.26044,1730.1913,1294.442,1522.654,1472.7653
274,1338.8729,1226.9596,468.65793,764.718,1092.6859,739.42523,1648.4822,1340.5363,1452.9121,1428.5526
275,1271.0547,1166.9337,444.4834,711.78973,1032.6096,691.37805,1572.9423,1293.6063,1371.695,1367.2311
276,1292.4434,1160.5024,451.74063,719.38715,1030.3593,689.5797,1549.715,1267.8966,1367.4008,1327.5533
277,1299.3142,1150.4283,449.88983,718.161,1022.2928,687.2689,1530.132,1252.5594,1348.8816,1301.8812
278,1298.0359,1144.119,448.84766,717.4759,1015.9448,683.0906,1507.6477,1226.6305,1328.6311,1278.6976
279,1301.3247,1142.3336,450.02313,720.1217,1013.3248,681.46967,1490.9412,1206.2306,1315.0007,1260.1919
280,1300.2076,1140.4684,449.88644,720.5103,1009.3975,679.1056,1474.791,1185.3744,1299.2815,1244.065
281,1297.6478,1139.9688,449.51913,720.1574,1005.796,676.5452,1460.3065,1164.9983,1284.4236,1229.8534
282,1294.8115,1140.7705,449.2633,719.35,1002.56854,674.21,1447.693,1146.2556,1270.753,1217.227
283,1290.8634,1142.3843,448.67984,717.54663,999.1961,671.75055,1436.6082,1128.8252,1257.5172,1205.9683
284,1285.9576,1144.755,447.85623,714.90704,995.7582,669.178,1426.8813,1112.1515,1244.8053,1195.7795
285,1282.2418,1148.0228,447.7798,712.8029,993.3686,667.20135,1418.915,1099.7357,1234.599,1186.5624
286,1276.1519,1150.682,446.65347,708.9142,989.834,664.68884,1411.5873,1086.1879,1223.3263,1178.1405
287,1269.8588,1153.9761,445.66415,704.9023,986.7042,662.23474,1405.2307,1072.4127,1213.1241,1170.3201
288,1264.4647,1157.6957,445.15262,701.27057,984.37744,660.25256,1400.3583,1061.9833,1204.8602,1163.4641
289,2631.5237,2112.5952,1346.4181,1858.377,1764.6833,1786.9214,2668.083,2298.7705,2701.947,2072.5967
290,2689.1362,2321.587,1422.9062,2009.6815,1718.933,1951.3877,2676.833,2118.762,2698.3765,2062.3962
291,2789.9802,2533.1287,1433.5636,1988.5638,1739.2828,2029.1547,2886.1292,2479.8394,2762.5457,2163.1948
292,2870.8892,2541.2068,1427.7584,1949.9421,1745.7683,2089.2493,2881.9556,2555.8857,2769.7737,2183.2065
293,2919.0251,2523.7097,1430.0515,1966.5862,1763.0428,2132.734,2849.8164,2553.8513,2784.8486,2190.4663
294,2954.0974,2518.8613,1431.7738,1997.9476,1784.3058,2164.244,2841.152,2576.3093,2809.5095,2210.6465
295,2957.5234,2511.6963,1423.2965,2014.8625,1796.0072,2177.1753,2821.3557,2563.7275,2814.0957,2227.0317
296,2946.9207,2501.6357,1416.5056,2025.997,1804.5103,2180.9417,2804.5156,2542.055,2810.9207,2237.7527
297,2929.9924,2490.5596,1410.2201,2030.9688,1810.0361,2180.084,2791.947,2519.9778,2802.643,2244.455
298,2905.5684,2477.1875,1401.4958,2027.8752,1811.4037,2174.919,2779.2573,2490.5483,2787.1335,2246.2925
299,2879.3564,2462.1821,1393.0782,2020.7288,1810.87,2168.0376,2767.682,2460.607,2769.4434,2244.4927
300,2851.7979,2446.5205,1383.6942,2009.6455,1808.076,2160.0654,2755.8677,2428.9749,2749.636,2239.7495
301,2824.8606,2430.762,1374.3468,1996.4612,1803.841,2151.694,2743.5725,2398.531,2729.8547,2232.8872
302,2799.456,2415.829,1365.1887,1982.1559,1798.4092,2143.3916,2730.7515,2370.1592,2710.8523,2224.6353
303,2775.291,2401.9866,1355.9556,1966.9719,1791.7618,2134.9714,2717.0906,2343.6848,2692.5632,2215.2886
304,2752.569,2389.5828,1346.8044,1951.4734,1784.175,2126.536,2703.0068,2319.1445,2675.1597,2205.1443
305,2730.3687,2378.646,1337.3066,1935.4214,1775.4965,2117.798,2688.3499,2294.8403,2657.823,2194.124
306,2604.5037,2237.133,1873.4868,2076.325,1812.0441,1857.9705,2750.6333,2393.5085,2819.7656,1970.4391
307,2770.8994,2512.2346,2046.85,2324.6184,1822.3656,2009.0251,2896.3462,2401.5881,3051.149,2014.9299
308,2838.9272,2651.2246,1986.9606,2301.4976,1858.9695,2043.46,3108.8032,2692.4453,3117.0874,2119.4607
309,2938.0334,2665.154,2002.4958,2317.038,1875.4142,2103.1802,3154.5164,2783.261,3127.4563,2151.1902
310,2972.6997,2676.516,2015.0259,2345.7686,1882.7915,2140.0496,3131.8743,2799.822,3122.008,2173.3853
311,2967.43,2690.5154,2013.7305,2367.3535,1889.1418,2152.2644,3099.5051,2815.989,3115.981,2198.4253
312,2933.7256,2697.847,2002.2576,2374.9412,1888.8112,2148.7207,3060.4248,2809.4636,3096.0261,2217.2803
313,2895.2458,2699.582,1994.0782,2378.396,1888.1667,2140.9402,3029.652,2798.1667,3075.5867,2230.06
314,2856.7085,2697.1643,1986.4506,2376.8936,1885.9683,2132.172,3007.1611,2781.7695,3054.3394,2238.0437
315,2821.4358,2691.3997,1979.4152,2371.9077,1882.7004,2124.046,2991.637,2761.0735,3033.3389,2242.1167
316,2792.7036,2683.6233,1974.0287,2365.6096,1879.5096,2117.8223,2982.4102,2741.1108,3015.1348,2243.86
317,2768.4268,2674.6658,1968.137,2357.3555,1875.3131,2113.122,2976.4395,2719.1106,2997.4841,2243.6335
318,2749.8752,2665.2527,1962.9844,2348.8188,1871.2227,2110.0864,2972.9507,2699.4016,2982.3418,2242.451
319,2733.8743,2655.7905,1956.2456,2338.715,1865.9218,2108.0332,2969.8052,2677.7258,2966.7222,2240.1787
320,2721.2642,2646.5784,1949.2181,2328.3552,1860.3958,2107.1091,2967.0183,2656.9836,2952.1687,2237.292
321,2711.0247,2637.9602,1941.2716,2317.4788,1854.3612,2107.1462,2964.018,2636.5466,2937.9402,2234.0728
322,2703.1313,2630.0476,1932.9524,2306.585,1848.1796,2108.0063,2960.4692,2617.639,2924.4937,2230.7852
323,1662.5836,1503.6582,512.66907,918.9408,1290.9849,902.7026,1966.087,1715.5618,1892.8518,1630.8329
324,1465.3885,1462.9235,471.84882,850.17737,1221.9835,893.4709,1857.2019,1349.3073,1640.9889,1574.7682
325,1430.0798,1405.521,501.3895,845.9247,1175.5525,827.33545,1767.0785,1435.7424,1592.8969,1515.5311
326,1349.9628,1316.5233,472.38974,781.2251,1099.1997,772.4423,1673.632,1382.2129,1488.6749,1436.6265
327,1369.192,1294.4902,481.3783,789.68787,1088.8148,766.3866,1637.852,1364.3285,1478.5181,1385.9244
328,1387.6523,1279.8206,483.43066,794.08374,1078.5571,766.49664,1616.9949,1355.1248,1463.3019,1358.8058
329,1393.634,1268.5402,485.21515,797.0435,1069.8038,763.83154,1591.5013,1330.5369,1444.1702,1335.0977
330,1402.0891,1263.5289,489.0406,803.53595,1065.8522,763.7385,1572.6163,1309.4243,1431.8563,1316.4122
331,1403.2506,1258.3239,490.83423,806.4835,1060.5406,762.4842,1553.6962,1285.3162,1415.7494,1299.3048
332,1401.6857,1254.8319,492.17834,808.19183,1055.9004,760.6902,1536.5098,1263.1173,1400.3615,1283.5759
333,1397.7288,1252.5087,492.80774,808.0549,1051.0411,758.416,1520.8109,1242.5369,1384.624,1268.9338
334,1393.5167,1251.8906,493.6167,807.3411,1046.7634,756.1906,1506.9214,1225.8207,1370.3752,1255.2013
335,1387.566,1252.3613,493.73218,804.8782,1041.9337,753.6504,1494.2942,1209.2101,1355.66,1242.3339
336,1380.8875,1254.1808,493.70422,801.5785,1037.303,750.93176,1483.1843,1194.2311,1341.8545,1230.4197
337,1374.056,1256.9355,493.76816,797.8074,1032.9943,748.31067,1473.5453,1181.6254,1329.2412,1219.3882
338,1367.7498,1260.2515,494.16098,794.0632,1029.2869,746.05023,1465.397,1172.5332,1318.4045,1209.2118
339,1360.1953,1262.9435,493.96426,789.2155,1025.2102,743.5299,1458.0181,1163.9972,1307.6654,1199.7472
340,2604.1233,2695.2117,2859.5505,2469.9375,1976.8118,1968.5979,3008.6533,2604.7288,3231.9756,1749.5181
341,2780.3474,2587.2087,2973.135,2579.2244,2000.3008,2032.6428,3056.932,2748.5413,3455.8335,1806.4567
342,2747.6123,2527.5928,2771.8406,2537.3508,2015.5099,1944.291,3139.351,2800.102,3439.6467,1889.2386
343,2756.134,2507.142,2664.682,2502.91,1998.1013,1905.4236,3145.1467,2852.68,3418.042,1937.0872
344,2775.5132,2518.9722,2592.6826,2489.372,1982.7996,1922.7594,3189.5476,2854.188,3393.7605,1979.5751
345,2792.3982,2538.2178,2534.4688,2489.228,1979.3187,1938.0093,3212.048,2874.3782,3375.6216,2016.1436
346,2797.9072,2558.2107,2484.3071,2490.9658,1979.1232,1945.8641,3213.5579,2893.1516,3355.527,2047.4128
347,2796.9106,2577.2422,2444.9868,2494.2107,1979.9788,1949.2261,3204.9238,2907.3926,3337.5657,2073.2996
348,2792.422,2594.9355,2416.2998,2498.47,1981.0637,1950.5016,3192.8376,2917.1628,3323.0776,2094.6816
349,2784.7297,2610.0999,2395.1738,2502.0535,1981.2578,1950.4333,3179.8132,2921.871,3310.5425,2112.1226
350,2775.6182,2622.2742,2380.0483,2504.762,1980.6582,1949.92,3167.6694,2922.6445,3299.666,2126.2761
351,2766.1575,2631.4219,2369.2031,2506.3267,1979.2491,1949.462,3157.0742,2920.2087,3289.7847,2137.6914
352,2757.056,2637.7307,2361.1548,2506.6135,1977.1029,1949.2662,3148.145,2915.3108,3280.3875,2146.8499
353,2749.744,2641.897,2355.5432,2506.2737,1974.8362,1949.7709,3141.4106,2909.7642,3272.1785,2154.4834
354,2743.633,2644.3303,2350.9705,2504.9575,1972.0997,1950.7693,3136.0996,2902.9763,3264.0479,2160.808
355,2739.5806,2645.7253,2347.7173,2503.414,1969.4917,1952.4882,3132.3496,2896.4175,3256.7966,2166.3208
356,2736.7761,2646.3904,2344.8396,2501.3298,1966.6842,1954.6681,3129.5105,2889.5544,3249.639,2171.1528
357,1075.2322,747.6896,608.56824,583.37695,850.116,569.8053,1288.5101,1262.749,1120.1095,1062.9993
358,1246.5386,713.23883,740.60565,611.4637,914.70905,544.38763,1231.5883,1316.5029,1171.4081,1078.6787
359,1185.3064,660.1936,644.0812,563.7823,895.86633,494.221,1229.7109,1205.4332,1154.2241,1131.4376
360,1191.0177,656.67206,651.5517,565.3489,909.09534,500.25162,1207.5741,1094.0424,1165.9845,1136.8833
361,1269.4539,686.19916,681.23444,591.90546,943.752,541.10376,1249.5159,1060.6243,1220.2999,1160.632
362,1268.4135,699.0853,678.11035,593.4253,942.59076,556.8491,1253.7025,1034.4435,1211.922,1167.316
363,1258.8856,703.52875,674.5936,592.4006,938.37976,566.7366,1246.2621,1003.58954,1198.9136,1161.7592
364,1255.821,708.0445,672.75775,591.70544,936.31,576.1265,1240.4951,983.28577,1190.2545,1156.4784
365,1248.7374,712.33325,668.5181,588.9514,932.4231,582.4137,1234.172,967.1334,1178.949,1151.2045
366,1241.6766,717.5398,664.79614,586.47894,929.2655,587.7436,1229.0431,953.8874,1168.6193,1146.0753
367,1235.8461,724.193,661.7917,584.64795,927.25336,592.8864,1226.2129,945.79877,1160.434,1142.055
368,1228.711,731.1896,658.01764,582.5111,924.9051,597.235,1224.3231,939.5652,1152.3855,1138.2192
369,1221.2053,738.5722,654.2299,580.5616,922.81696,601.141,1223.2378,934.3807,1145.1298,1134.4677
370,1213.9801,746.43805,650.86365,578.88794,921.10016,604.8382,1222.8926,930.2049,1138.7842,1130.9451
371,1207.0776,754.6303,647.8713,577.3681,919.6418,608.2316,1223.1333,927.5622,1133.2979,1127.6786
372,1199.5277,762.5231,644.6267,575.49603,917.78625,611.01855,1223.3066,924.281,1127.6251,1124.2249
373,1192.394,770.48224,641.8788,573.7351,916.21375,613.5734,1223.7008,920.64514,1122.444,1120.8721
374,1439.6998,1287.1791,467.04193,778.3747,1152.091,759.49194,1765.9934,1496.9194,1655.0142,1473.6862
375,1393.2405,1292.8174,451.4814,775.1673,1136.1448,799.3146,1737.6411,1295.8793,1532.1901,1474.8932
376,1350.622,1241.7107,467.17072,763.92474,1092.4131,741.70746,1652.6676,1339.6317,1451.1785,1428.6019
377,1281.5094,1180.7329,444.7259,712.1865,1033.1936,692.45776,1575.312,1291.6469,1371.6361,1364.8905
378,1305.8738,1174.8335,453.11636,721.6932,1032.3425,692.09863,1554.5178,1268.6201,1369.8495,1325.372
379,1310.8839,1163.5293,450.90887,719.84314,1023.4269,689.61163,1534.0919,1251.1681,1349.5543,1299.0647
380,1309.2622,1157.2782,450.08737,719.4715,1017.22754,685.5979,1511.7114,1224.2952,1329.3506,1275.8998
381,1310.4286,1155.4653,450.61127,721.19836,1013.6471,683.5753,1494.5638,1200.5962,1313.7574,1257.5436
382,1308.4589,1154.321,450.45773,721.4949,1009.6328,680.9857,1478.3477,1178.9097,1297.6241,1241.6273
383,1305.1901,1154.4298,450.01526,720.94147,1005.7448,678.2708,1463.7289,1158.0737,1282.1433,1227.4476
384,1301.4625,1155.3888,449.5209,719.81384,1002.2686,675.5583,1450.9987,1140.4264,1268.0471,1214.9196
385,1295.3271,1156.5333,448.05154,716.8559,998.0151,672.2494,1439.3972,1121.9419,1253.2432,1203.6094
386,1289.8368,1159.0103,447.13898,714.09924,994.6749,669.3228,1429.4935,1105.2188,1240.4971,1193.2291
387,1285.0115,1161.9883,446.62762,711.4023,991.9694,666.87506,1421.3356,1092.3506,1229.6617,1183.9515
388,1278.403,1164.4382,445.3635,707.356,988.5486,664.0556,1413.9333,1079.2137,1218.4369,1175.4629
389,1272.0486,1167.3136,444.38254,703.4035,985.7084,661.49786,1407.6455,1066.717,1208.66,1167.6432
390,1265.0315,1170.1415,443.1653,698.8249,982.6907,658.9253,1402.2615,1053.9454,1199.1888,1160.6174
391,1870.639,1589.9364,613.36774,1077.1315,1393.089,1057.9178,2093.6902,1912.4193,2067.2292,1721.9651
392,2865.254,2139.8625,1112.4258,1805.8475,1771.4539,1566.2504,2793.9395,2484.4888,2911.8364,2185.3127
393,3084.4548,2124.8994,1180.7908,1799.6,1758.8574,1691.6173,2714.7996,2672.1562,2844.7903,2108.9182
394,3311.6614,2148.8252,1278.4929,1883.7014,1806.3018,1786.5424,2761.0608,2847.942,2988.3142,2093.8198
395,3458.2808,2219.4102,1365.5042,2014.0104,1854.8153,1866.0227,2831.2,2968.2183,3101.6755,2113.238
396,3444.8347,2272.9072,1381.1127,2083.4536,1865.2386,1885.7532,2846.9387,2997.795,3135.1018,2140.453
397,3388.0742,2323.5645,1427.8546,2162.5208,1877.8466,1895.9167,2841.5403,2965.941,3146.7969,2159.9343
398,3325.5852,2370.6365,1471.7263,2219.582,1886.8494,1899.1194,2854.0173,2988.845,3164.6958,2188.464
399,3254.4097,2406.643,1504.9993,2256.2476,1886.1348,1894.8989,2859.7024,2989.9297,3166.292,2207.6467
400,3189.1206,2432.8884,1537.8005,2282.875,1884.7825,1889.2578,2867.9192,2987.676,3165.203,2220.806
401,3132.2917,2453.084,1567.7052,2301.317,1882.2776,1884.7406,2878.3198,2980.8987,3161.407,2228.8538
402,3084.0962,2468.5981,1595.5289,2314.403,1879.8374,1881.4824,2889.0847,2971.9197,3157.0088,2233.1504
403,3043.331,2480.7236,1620.9559,2323.836,1877.4436,1879.6377,2899.0354,2960.7908,3151.9897,2234.6643
404,3008.705,2490.2397,1644.0216,2330.7158,1875.1914,1879.045,2907.3374,2947.7734,3146.501,2234.161
405,2979.5015,2497.7996,1664.9741,2335.862,1873.2328,1879.6929,2914.0176,2933.629,3140.836,2232.4238
406,2954.893,2503.8486,1683.9052,2339.6526,1871.5269,1881.4568,2919.1267,2918.6382,3134.9563,2229.9932
407,2933.9126,2508.645,1700.8925,2342.2253,1869.9297,1884.1456,2922.6738,2902.7095,3128.5955,2227.1453
408,1086.6595,792.3897,543.27423,588.5883,875.9726,572.81775,1336.2817,1235.6715,1175.1768,1105.9591
409,1152.2109,694.32965,565.6336,579.439,886.23834,546.0777,1253.835,1192.534,1157.9,1091.1267
410,1184.2343,675.2577,553.61237,584.7973,912.3363,527.26733,1257.8765,1139.9276,1170.8207,1147.8448
411,1194.8881,672.40485,562.5031,584.819,919.9246,529.7314,1233.467,1067.6285,1174.6292,1150.4231
412,1265.7239,699.1995,591.24976,611.3442,948.91254,562.98236,1263.3241,1042.7323,1219.4321,1162.2671
413,1270.9781,712.8795,595.9378,614.6935,948.9438,576.013,1266.7961,1026.0127,1214.0892,1166.1382
414,1265.1788,719.45306,598.4969,614.1605,945.3999,583.3938,1260.3191,1001.307,1203.0656,1160.6198
415,1263.3843,725.29236,600.4815,613.13306,943.11414,590.6841,1255.7423,981.2313,1194.5848,1155.8595
416,1259.0149,731.06635,600.7977,610.7883,940.03015,595.9183,1250.7037,965.0751,1184.3308,1151.5352
417,1254.2207,737.4921,600.6318,608.3582,937.1705,600.3719,1246.5394,951.3996,1174.4532,1147.2977
418,1249.7031,744.9436,600.34595,606.22437,934.91516,604.512,1243.8846,941.56665,1165.7988,1143.6349
419,1245.085,753.2252,599.8572,604.31134,932.9945,608.3281,1242.4446,934.99835,1158.154,1140.3158
420,1238.7969,761.3494,598.24524,601.87616,930.6016,611.2747,1241.4475,930.0545,1150.5927,1136.9244
421,1232.0157,769.6484,596.6289,599.5566,928.33124,613.87164,1240.644,924.81213,1143.4474,1133.1777
422,1224.8683,778.17755,594.87463,597.0849,926.0977,616.1635,1240.3146,918.95264,1136.6654,1129.5667
423,1218.4628,787.1757,593.5138,594.914,924.5191,618.36566,1240.8419,915.1553,1131.1974,1126.4855
424,1211.2661,795.6883,591.5499,592.2575,922.4882,619.9769,1241.3555,911.5677,1125.5547,1123.2971
425,1298.4469,1026.2628,516.96155,715.1603,1038.0016,689.52747,1578.4747,1427.7561,1455.2446,1303.4178
426,1447.2758,973.7973,595.06525,799.74854,1085.2869,738.5848,1569.7178,1353.0493,1504.6143,1318.6896
427,1420.8628,927.314,572.9373,789.3614,1052.3175,705.0499,1509.663,1325.0,1415.8726,1306.4587
428,1352.2115,883.55817,551.98785,748.0773,1010.72437,671.35297,1423.2661,1229.9686,1352.065,1256.1549
429,1398.4883,890.60956,568.68994,765.11816,1022.9001,690.6391,1423.0815,1188.9957,1376.1678,1237.8235
430,1389.3998,891.39606,565.0381,757.6839,1014.36145,695.012,1408.6385,1153.9617,1354.3307,1227.992
431,1373.9271,892.1047,565.14264,750.6335,1008.0061,694.96246,1390.802,1121.5647,1335.025,1215.7294
432,1365.4374,895.28076,566.6567,744.6885,1003.2583,696.8691,1378.4263,1098.9049,1320.3187,1205.9891
433,1354.0082,899.6893,566.2181,736.6839,996.8166,697.1409,1366.8387,1079.1625,1303.0815,1197.3726
434,1345.4275,906.777,566.8576,730.30176,991.9113,697.70245,1358.0276,1065.1989,1288.9572,1189.4989
435,1337.3447,915.29175,567.1252,724.2063,987.1911,698.2283,1351.2255,1055.7074,1275.9058,1182.2605
436,1327.6377,924.0338,566.1662,717.65875,982.1661,697.9561,1345.461,1048.3229,1263.0065,1175.2302
437,1317.4182,932.9763,564.72363,711.3128,977.5,697.32794,1340.7002,1042.064,1251.0952,1168.2865
438,1308.3882,942.6578,563.95306,705.97845,973.8032,697.04254,1337.0348,1037.3309,1241.0587,1161.5289
439,1299.0486,952.37134,562.8333,700.5148,970.10614,696.58,1334.1083,1032.654,1231.5427,1155.1581
440,1289.5939,961.9319,561.55475,695.0958,966.6563,695.8893,1331.754,1027.9854,1222.7538,1149.124
441,1280.9911,971.3567,560.63446,690.1847,963.8836,695.297,1330.1179,1024.9108,1215.3647,1143.5275
442,2586.1985,2066.8298,1133.6683,1725.895,1733.6562,1698.1516,2619.9578,2281.411,2647.2305,2082.3584
443,2742.2793,2226.7305,1252.1111,1912.0577,1732.9321,1900.6697,2677.7356,2201.5508,2692.781,2115.8672
444,2939.7861,2439.34,1349.5431,1950.8467,1775.7052,2017.2098,2876.6726,2594.1343,2796.6223,2223.054
445,3088.9104,2482.6416,1381.6825,1948.5225,1803.251,2100.1248,2910.8286,2734.7568,2875.8804,2255.994
446,3177.9038,2495.8054,1401.483,1995.6256,1836.3744,2157.4155,2914.194,2731.747,2930.8237,2275.7983
447,3228.9114,2509.5984,1419.504,2053.1072,1867.052,2193.9795,2921.1455,2741.758,2975.4841,2303.1926
448,3235.7227,2519.5864,1425.8019,2092.344,1883.2672,2209.597,2913.6133,2727.453,2990.5957,2324.7751
449,3218.826,2522.9736,1429.8882,2117.8276,1892.118,2213.4873,2905.4268,2706.0166,2989.5056,2339.3074
450,3191.8655,2521.5093,1431.691,2131.526,1896.3232,2211.7378,2900.6987,2682.4392,2978.5361,2347.9468
451,3161.6252,2516.1985,1431.7115,2136.3223,1897.8687,2207.4153,2898.1353,2656.8208,2961.9905,2351.8445
452,3131.1912,2508.2812,1430.336,2134.919,1897.8458,2202.5112,2896.0999,2629.0105,2942.5857,2352.1382
453,3101.5046,2498.815,1427.5485,2128.9863,1896.6407,2197.9346,2893.0864,2598.8293,2921.8572,2349.7583
454,3074.5974,2488.752,1424.4066,2120.6191,1895.0891,2194.554,2889.1,2569.8145,2902.2747,2346.1204
455,3050.136,2478.8162,1420.6693,2110.4795,1892.9038,2192.2214,2883.3193,2541.4685,2883.8384,2341.6816
456,3027.5073,2469.2544,1416.297,2099.021,1889.9901,2190.5737,2875.629,2513.8052,2866.4875,2336.649
457,3006.3665,2460.3152,1411.4111,2086.6853,1886.3566,2189.389,2866.3572,2486.892,2850.1194,2331.122
458,2986.5933,2452.1377,1406.184,2073.8218,1882.0833,2188.4443,2855.9602,2461.461,2834.7883,2325.2358
459,2085.826,1845.1937,652.32306,1210.8595,1519.3394,1212.4543,2306.837,2050.0715,2288.1626,1886.2117
460,1616.3588,1670.7281,549.3178,987.0405,1340.7263,1089.7501,1978.4869,1323.8896,1770.9867,1693.6322
461,1610.053,1696.276,566.90784,991.02563,1304.7709,1016.2403,1983.3512,1520.5845,1799.9049,1703.6133
462,1480.6382,1596.5319,519.1423,884.62354,1207.3151,927.8037,1862.7053,1455.0088,1649.8712,1618.0485
463,1445.0505,1560.4249,506.62665,862.2195,1169.6553,886.509,1801.8873,1431.7203,1604.386,1541.3066
464,1455.515,1558.0927,500.824,858.5899,1153.3948,872.05444,1787.7031,1454.706,1589.4119,1509.2441
465,1450.2465,1550.4475,493.10278,846.5483,1133.6743,855.4347,1760.181,1438.192,1559.1552,1478.7485
466,1457.2349,1555.0297,492.07248,846.46375,1125.416,846.3943,1743.2886,1428.4077,1545.6855,1455.2627
467,1458.3318,1556.5194,490.01947,844.2506,1116.7031,838.3425,1725.5962,1412.8848,1527.975,1433.7699
468,1456.1034,1557.4,488.00677,842.2093,1109.0984,830.66766,1707.6301,1394.0898,1510.3126,1412.4869
469,1453.175,1558.2305,486.3524,840.8271,1102.6881,823.9,1690.944,1377.1576,1493.8848,1392.2617
470,1447.8131,1558.1849,484.1386,838.3645,1096.0253,817.02515,1674.287,1358.9908,1476.4421,1372.6458
471,1442.571,1558.5958,482.21393,836.26874,1090.2903,810.66235,1658.853,1342.8827,1460.4738,1354.0625
472,1436.974,1558.7954,480.2605,833.85345,1084.9272,804.64044,1644.3958,1328.0302,1445.1094,1336.5865
473,1431.313,1558.7423,478.40488,831.34186,1080.12,798.97705,1630.9508,1314.6355,1430.7859,1320.153
474,1424.513,1558.135,476.20267,827.97406,1075.234,793.2702,1618.1349,1300.1177,1416.3209,1304.6644
475,1418.2332,1557.7106,474.37305,824.96204,1071.1932,788.0433,1606.6025,1287.3998,1403.5067,1290.2507
476,1382.6855,1168.6444,488.29266,757.7528,1107.4023,731.4995,1688.5653,1495.6367,1580.7885,1402.1461
477,1156.809,1027.7212,399.0149,635.49695,983.7637,664.8724,1522.1326,1148.4495,1292.7723,1319.7333
478,1168.283,1018.5793,426.0013,653.16125,988.7101,629.8013,1480.2592,1187.7423,1276.0227,1307.902
479,1140.7793,996.61774,406.56992,620.4464,952.4817,600.8437,1444.7748,1174.0076,1226.7463,1283.6653
480,1166.7266,1006.7788,413.59766,630.6227,959.4437,602.3569,1432.187,1153.1797,1230.3903,1258.8875
481,1179.6494,1009.2704,412.8547,633.9079,960.5789,603.5602,1425.3505,1148.8473,1224.2164,1241.8431
482,1181.6469,1010.2403,412.09326,635.83624,960.15985,602.228,1411.7594,1133.0985,1211.7921,1222.7323
483,1187.6056,1013.2711,412.98175,639.7013,961.8713,603.0824,1402.363,1118.6083,1204.1024,1206.9858
484,1189.8271,1015.92773,412.9064,641.4852,961.53156,603.2092,1392.8569,1101.4728,1193.9376,1193.538
485,1190.9541,1019.37103,412.94223,642.6706,961.0236,603.05914,1384.254,1084.7346,1184.4197,1182.1335
486,1191.2023,1023.14575,412.98044,643.0723,960.009,602.77734,1376.4918,1068.622,1175.1364,1172.2145
487,1190.5896,1027.2832,412.97595,642.73834,958.5845,602.3291,1369.4929,1053.0656,1166.1128,1163.4269
488,1190.1469,1031.7815,413.34357,642.2849,957.39185,602.0448,1363.494,1039.7361,1158.2991,1155.611
489,1187.9376,1035.9321,413.07327,640.5398,955.2542,601.3073,1357.9989,1025.789,1149.7933,1148.62
490,1186.6036,1040.555,413.50034,639.2722,953.9996,600.9481,1353.5042,1014.25586,1143.149,1142.2919
491,1184.0808,1044.5919,413.4703,637.06976,952.07623,600.3501,1349.519,1002.8266,1136.1854,1136.5994
492,1181.3203,1048.7576,413.52844,634.728,950.3005,599.7799,1346.0522,991.2517,1129.7654,1131.3331
493,1089.0195,802.681,531.10474,591.4024,881.9865,571.98346,1349.1586,1257.847,1191.6189,1115.2861
494,1321.5212,776.5327,707.7574,670.5071,974.07776,599.1816,1304.6885,1293.2185,1270.0203,1125.7913
495,1295.0459,731.43176,629.83844,636.4542,953.17206,560.50714,1314.8386,1239.1376,1243.2197,1171.463
496,1272.4231,716.7069,628.1097,626.34735,944.99384,552.0432,1267.6648,1135.5872,1226.396,1154.2661
497,1345.775,741.5401,656.12317,650.5363,972.88074,588.39374,1301.5487,1102.7432,1276.5928,1167.4502
498,1337.0995,751.7688,654.0647,648.0857,967.9474,600.594,1300.2518,1074.4702,1263.7567,1171.1364
499,1321.7393,755.38245,653.85126,644.6505,962.777,607.5759,1290.1945,1045.0187,1249.8328,1165.3641
500,1312.5294,758.8729,653.38275,640.9263,958.83673,614.77496,1282.4548,1022.0936,1238.5616,1160.0414
501,1301.8765,763.0384,651.3983,636.2048,954.3686,619.7571,1274.8944,1004.2227,1225.7812,1155.239
502,1291.948,768.06635,649.01447,631.7199,950.49304,623.8449,1268.989,991.49347,1214.224,1150.8661
503,1282.5608,774.20874,646.5296,627.72656,947.03204,627.6253,1264.5409,981.52454,1203.4817,1146.6509
504,1273.6609,781.45966,644.0682,624.2833,944.1481,631.15094,1261.6232,974.75824,1194.0892,1142.8418
505,1265.6847,789.7822,642.08563,621.5785,941.91595,634.6417,1259.993,970.8792,1186.2003,1139.2881
506,1255.4001,797.53613,638.3606,617.8864,938.58997,637.0649,1258.4243,965.56396,1177.3713,1135.4141
507,1246.279,805.9045,635.38586,614.9994,936.3057,639.4586,1257.7253,961.64764,1170.2203,1131.7982
508,1236.7384,813.999,631.8503,611.7308,933.7167,641.3332,1257.3429,957.85223,1163.1355,1128.3066
509,1227.4175,822.025,628.4373,608.59064,931.3422,642.8279,1257.126,954.2358,1156.5476,1124.7948
510,2369.3486,1939.1578,866.7348,1468.3694,1634.2505,1466.7112,2463.7537,2192.0051,2477.9658,1994.0177
511,2214.6458,1911.8933,826.7449,1429.8967,1561.7766,1516.756,2348.9353,1752.5481,2244.9702,1945.0533
512,2354.567,2042.8502,898.96594,1471.5765,1585.9861,1537.8727,2485.8213,2057.0193,2344.0737,2053.4287
513,2358.5857,2000.8529,878.58325,1392.4265,1568.6573,1541.2189,2441.2585,2070.6248,2316.947,2035.2511
514,2383.1887,1967.702,880.1472,1393.2303,1580.9402,1560.0132,2430.5012,2064.4163,2341.1628,2006.9913
515,2433.3213,1963.1035,886.3291,1418.3806,1599.926,1588.9617,2464.1172,2099.2732,2382.5024,2008.6019
516,2447.8298,1951.0682,881.7258,1427.2158,1605.777,1602.7322,2471.8796,2080.6633,2390.9915,2004.1682
517,2456.5078,1943.814,882.3898,1441.841,1612.4131,1611.8534,2477.9207,2063.8816,2398.8433,2001.4147
518,2451.0195,1936.4186,879.99774,1449.9725,1613.5822,1614.8291,2475.0854,2037.9899,2394.0972,1996.9512
519,2433.1445,1927.7948,875.80884,1452.3881,1610.7886,1611.4,2463.58,2006.6334,2380.933,1989.4237
520,2410.0403,1920.2169,871.4672,1451.8453,1605.7358,1604.3177,2448.333,1978.1389,2364.5947,1980.0735
521,2381.6865,1913.28,865.635,1446.7494,1597.6504,1593.6383,2429.3022,1949.9385,2344.1287,1968.3319
522,2353.1755,1908.2566,859.9849,1439.9014,1588.2878,1581.2043,2409.5781,1927.1995,2323.82,1955.1522
523,2323.517,1904.7451,853.3902,1430.1405,1576.9623,1567.0618,2388.839,1905.6381,2301.748,1940.2477
524,2295.6536,1903.4403,847.0696,1419.6094,1565.0172,1552.3184,2368.875,1888.5925,2280.6587,1924.451
525,2268.7678,1903.9586,840.4162,1407.7114,1552.1407,1537.0924,2349.3364,1873.0945,2259.1733,1907.7865
526,2243.0261,1906.2477,833.7079,1395.0979,1538.7228,1521.4996,2330.2888,1859.0011,2237.7212,1890.3962
527,1301.7378,1151.7777,441.8742,694.9676,1063.1654,675.3299,1639.9912,1359.3234,1506.7139,1374.1497
528,1129.1516,1091.6276,365.65344,599.4033,967.9525,645.77167,1523.5177,1074.8563,1248.7711,1313.8536
529,1156.167,1081.5873,400.75443,623.9133,977.1238,614.5641,1483.0012,1175.1553,1242.057,1293.4136
530,1129.3422,1048.9873,385.4772,593.99805,935.8013,583.4606,1443.8212,1175.9554,1195.6146,1256.4033
531,1159.087,1055.0154,395.60657,607.8343,945.22296,585.22125,1432.9941,1162.6614,1205.4319,1230.4934
532,1175.6586,1050.9563,397.66357,614.04443,949.3924,587.74854,1427.9481,1162.9995,1205.0323,1214.9637
533,1180.9878,1045.8855,399.34253,618.9162,952.0117,588.3587,1416.0149,1147.8113,1197.3644,1198.3773
534,1190.2417,1043.6006,402.5569,625.7461,956.56226,591.325,1407.9507,1132.6903,1193.8102,1185.411
535,1195.336,1040.946,404.62885,630.3048,958.6275,593.4034,1399.2861,1115.7692,1187.2915,1174.6716
536,1197.6218,1039.2078,405.99734,633.21094,959.2317,594.64014,1390.6414,1096.5596,1179.3931,1165.6282
537,1200.148,1038.8732,407.85956,635.9275,959.9113,595.95306,1383.0004,1079.5776,1172.6517,1157.9758
538,1200.9338,1039.0311,409.1391,637.16943,959.34045,596.7662,1375.8755,1062.9197,1165.0369,1151.3553
539,1201.0879,1040.111,410.38525,637.768,958.51025,597.35675,1369.5188,1047.4349,1157.8047,1145.5132
540,1200.0923,1041.7462,411.25812,637.35443,957.04663,597.6267,1363.8792,1032.105,1150.3138,1140.3344
541,1198.7362,1044.0837,412.11575,636.52924,955.6247,597.7897,1359.1628,1018.33844,1143.4596,1135.7662
542,1196.4094,1046.6111,412.61298,634.9342,953.80884,597.6698,1355.1001,1005.34546,1136.5818,1131.6403
543,1194.5853,1049.6931,413.48056,633.54626,952.50464,597.7785,1351.7875,994.2451,1130.9132,1127.7388
544,1643.3114,1488.1631,507.8609,905.7839,1279.1353,889.9399,1949.5106,1694.6368,1872.0409,1617.7468
545,1246.4706,1346.713,405.21747,712.2762,1100.2152,779.3965,1684.8779,1129.5221,1409.0742,1456.2695
546,1212.9249,1316.061,416.33612,700.8198,1059.906,707.02606,1628.7238,1252.2478,1382.0621,1407.6112
547,1147.9886,1263.4039,385.48154,640.16254,986.53265,651.4633,1561.6913,1236.3931,1284.4233,1346.4993
548,1151.9697,1262.5347,384.69507,634.69745,974.0385,634.6119,1532.7499,1223.1089,1264.7832,1303.9403
549,1161.8623,1264.0194,380.96823,631.3453,967.63153,627.5236,1521.8619,1226.6343,1251.6971,1282.2252
550,1162.016,1263.0583,378.35278,628.735,962.4632,620.08545,1504.0779,1211.9888,1234.998,1260.8644
551,1168.4758,1265.9778,378.5606,631.71265,963.073,617.21356,1492.9552,1199.4056,1227.0107,1244.4077
552,1171.3556,1266.1515,377.96188,633.58673,962.5291,614.56757,1481.6495,1183.6937,1216.9863,1229.9067
553,1172.3221,1265.8546,377.09848,635.13043,962.016,611.9749,1470.8942,1165.3787,1206.8241,1216.93
554,1173.0997,1265.5234,376.45862,636.7693,961.91534,609.79755,1461.1937,1147.525,1197.5509,1205.3225
555,1172.533,1264.712,375.49033,637.5478,961.2606,607.4902,1451.9257,1129.1661,1187.8132,1194.6523
556,1172.8148,1264.276,375.0888,638.781,961.39075,605.7295,1443.7349,1113.3398,1179.7925,1184.878
557,1171.5535,1263.048,374.14975,638.7899,960.61127,603.68005,1435.9125,1097.0615,1170.954,1175.9202
558,1171.1598,1262.2979,373.79837,639.275,960.68176,602.1236,1429.0919,1082.8612,1163.8451,1167.7256
559,1169.68,1260.9258,373.09732,638.79877,960.0848,600.4182,1422.7622,1068.4702,1156.3053,1160.3015
560,1167.7252,1259.711,372.40173,637.9606,959.4701,598.7057,1416.9907,1053.8802,1149.0714,1153.4915
561,2592.9343,2675.4844,2845.998,2444.3032,1964.7792,1948.3777,2990.0305,2610.6416,3203.3608,1742.6393
562,2753.9832,2545.8284,2932.8596,2536.314,1980.4705,1989.4624,3022.28,2754.5498,3414.3123,1800.0305
563,2714.4011,2485.861,2750.4597,2496.6204,1993.4313,1891.4725,3068.497,2803.1797,3383.4507,1874.6194
564,2717.5454,2457.186,2655.6877,2463.0127,1975.5865,1847.8392,3060.4563,2862.992,3366.4312,1914.0476
565,2740.4463,2468.1064,2608.1409,2461.123,1964.759,1864.3945,3095.4668,2863.7566,3354.0056,1947.8639
566,2764.4856,2491.6458,2590.3545,2478.8037,1968.201,1882.0015,3108.9553,2884.2378,3353.373,1975.8291
567,2767.1443,2514.8047,2580.274,2493.2388,1970.3362,1890.5697,3099.4622,2894.85,3344.4788,1996.8217
568,2757.078,2533.6086,2577.8748,2504.597,1970.8956,1892.81,3081.089,2897.3406,3333.958,2011.3333
569,2741.6072,2547.115,2579.9807,2512.9436,1970.6152,1891.8777,3063.2065,2896.3362,3325.411,2021.6171
570,2724.5344,2555.4468,2583.618,2518.3684,1969.5259,1889.3197,3048.1006,2892.6208,3318.149,2029.0168
571,2708.0042,2559.2969,2586.9194,2520.9648,1967.6151,1885.9402,3036.0015,2886.741,3311.1077,2034.3184
572,2694.214,2560.1895,2590.3823,2521.9082,1965.4673,1882.7352,3027.0674,2879.9219,3304.6494,2038.2013
573,2682.8499,2558.861,2593.0815,2521.0835,1962.808,1879.7775,3020.49,2872.1135,3298.0046,2040.9667
574,2675.1062,2556.5298,2596.2795,2519.826,1960.3951,1877.6486,3016.3381,2864.8708,3292.44,2043.1373
575,2669.137,2553.3547,2598.6265,2517.4407,1957.4865,1875.9207,3013.3718,2856.7583,3286.419,2044.6409
576,2665.398,2549.9023,2600.9531,2514.7573,1954.6256,1874.7993,3011.5518,2848.8235,3280.8335,2045.738
577,2663.4827,2546.452,2603.2073,2511.9077,1951.8196,1874.2766,3010.6748,2841.276,3275.7568,2046.6119
578,982.50336,668.09454,988.40076,495.33987,744.9479,541.38306,1039.0597,989.30756,834.35126,930.7481
579,1532.3333,1227.1993,1792.0227,657.8144,999.85236,628.2285,1157.0624,1527.9038,1050.1768,1124.1064
580,1313.9432,1069.426,1374.2183,544.85846,976.34,530.89026,1186.3516,1435.4065,1016.2593,1179.3589
581,1352.7128,1082.2377,1392.8563,580.2218,1021.8707,544.87836,1215.424,1406.3735,1084.459,1165.4663
582,1372.1176,1099.773,1419.2322,596.4735,1047.1389,579.4669,1262.8256,1355.3129,1140.7987,1164.0131
583,1329.1207,1086.7639,1369.8893,590.255,1035.8821,588.1497,1276.5754,1304.5692,1147.7915,1147.5652
584,1301.8226,1075.4648,1334.4363,588.74506,1026.338,596.20764,1280.2036,1266.1207,1145.2833,1131.6383
585,1277.9966,1061.9412,1302.0321,584.2179,1015.9487,602.9148,1278.2751,1234.7325,1136.2512,1118.942
586,1257.7751,1051.7462,1275.1113,579.9615,1007.5718,608.5027,1274.6417,1210.6019,1124.427,1109.7278
587,1237.6157,1041.1881,1248.9935,574.3995,999.2901,612.3807,1269.6638,1189.1244,1110.3872,1102.6309
588,1219.8835,1031.9116,1226.5156,569.0572,992.707,615.4644,1264.8896,1170.8317,1096.8966,1098.1293
589,1201.0977,1020.7657,1203.9648,562.41,985.4673,616.8779,1259.2063,1149.4062,1082.2988,1094.8188
590,1185.8168,1011.1713,1186.5645,556.6053,980.1344,618.20807,1254.4706,1129.4438,1069.6051,1094.0734
591,1173.7318,1002.8868,1172.7391,551.03125,975.7646,619.27246,1251.2672,1112.0359,1058.7812,1095.7615
592,1161.7549,993.5759,1159.3334,544.86194,970.5082,619.14105,1247.6584,1093.0925,1047.7266,1097.8158
593,1152.0175,984.946,1148.6906,539.26196,965.9961,618.82074,1244.478,1075.1714,1038.01,1100.815
594,1143.8776,976.7768,1139.7657,533.82166,961.7005,618.2222,1241.8816,1057.7452,1029.2472,1104.6355
595,2572.996,2083.545,1533.4719,1902.2358,1749.406,1770.6975,2644.0076,2313.089,2681.5579,1994.8462
596,2638.7568,2247.8665,1614.0773,2054.4053,1700.4158,1843.449,2682.228,2315.192,2765.0327,1990.5112
597,2779.9927,2473.2544,1592.4648,2075.6904,1757.6554,1948.4912,2963.2278,2594.9321,2860.7283,2094.3591
598,2935.172,2513.1108,1609.8678,2101.8584,1797.284,2038.4519,3040.6335,2719.8372,2918.4233,2136.0708
599,3017.7493,2537.6157,1616.2634,2141.8442,1822.1542,2101.2112,3036.4229,2718.9297,2941.85,2168.005
600,3061.4387,2564.3867,1619.9242,2181.3806,1846.1056,2140.2314,3024.6855,2741.2925,2967.8054,2207.072
601,3064.3657,2584.7854,1608.9725,2200.4353,1857.7899,2160.0146,2998.2869,2735.1777,2970.328,2241.442
602,3051.1907,2595.909,1597.2086,2209.5632,1865.4362,2170.7366,2973.6213,2720.1406,2963.911,2268.7024
603,3030.8596,2599.4983,1583.2609,2209.2876,1869.3523,2176.754,2953.941,2698.5178,2950.3984,2289.3215
604,3010.624,2596.7441,1569.2856,2202.9673,1871.7372,2180.648,2939.5435,2675.5806,2934.3713,2304.736
605,2991.8826,2589.4756,1555.2018,2192.269,1872.7686,2183.6304,2928.1729,2649.9597,2916.484,2315.5493
606,2974.731,2579.118,1541.1343,2178.553,1872.8096,2186.1848,2918.168,2622.2444,2897.8423,2322.4941
607,2960.0012,2567.0745,1527.672,2163.3733,1872.4388,2188.8677,2909.0164,2594.9753,2880.03,2326.7268
608,2945.858,2554.072,1513.9396,2146.6504,1871.0365,2191.1963,2898.922,2566.1812,2862.0889,2328.382
609,2933.23,2540.939,1500.9891,2129.797,1869.3057,2193.596,2888.433,2538.5776,2845.5042,2328.288
610,2922.275,2528.478,1488.9451,2113.3489,1867.2865,2196.0847,2877.592,2513.3184,2830.6343,2327.0862
611,2911.2344,2516.6711,1476.8813,2096.6633,1864.3954,2197.9146,2865.6145,2488.5347,2816.2224,2324.603
612,2551.245,2781.579,3207.255,2447.253,1977.6348,1863.5837,2992.6882,2736.5295,3214.0996,1580.172
613,2581.6265,2484.6367,3193.1243,2401.2212,1933.386,1860.4691,2862.0107,2756.534,3199.1487,1567.0583
614,2610.1604,2358.164,3001.932,2391.1853,1987.8215,1766.0571,2908.574,2783.5774,3268.0498,1647.5972
615,2621.285,2305.0369,2824.9102,2370.504,1978.7903,1686.2919,2904.5486,2854.7197,3321.061,1699.4761
616,2665.4866,2324.7979,2749.5598,2392.0742,1977.0632,1696.9445,2969.4934,2838.2612,3370.3657,1749.7062
617,2706.1663,2359.5586,2711.9175,2420.9536,1981.8854,1724.5612,3023.6128,2846.4143,3405.998,1789.2994
618,2723.5566,2393.3433,2691.5217,2444.9043,1984.0133,1746.8312,3041.6052,2849.81,3413.3547,1817.0894
619,2725.1973,2421.3938,2682.9792,2463.2837,1984.6897,1760.9268,3038.8557,2852.5342,3411.049,1837.4141
620,2715.4546,2441.9814,2677.8213,2474.8594,1983.2554,1767.9908,3027.391,2852.289,3404.104,1852.889
621,2702.072,2456.3545,2675.383,2482.691,1981.3328,1771.1301,3014.4534,2851.0215,3396.7937,1865.3584
622,2687.7039,2465.3596,2673.3625,2487.1914,1978.7509,1771.8442,3002.2412,2848.9246,3388.9658,1875.6779
623,2674.484,2470.5127,2671.6194,2489.4382,1975.7883,1771.3654,2991.5498,2846.0308,3380.6978,1884.3716
624,2663.1946,2472.9983,2670.144,2490.0469,1972.5197,1770.4578,2982.5015,2842.2776,3372.0151,1891.7346
625,2655.2869,2474.0535,2669.9873,2490.2778,1969.6996,1769.9225,2975.8066,2839.3835,3364.6191,1898.3608
626,2649.6978,2474.012,2670.3008,2489.9053,1966.9282,1769.6124,2970.6611,2836.7559,3357.7632,1904.3242
627,2645.209,2473.0452,2670.3887,2488.6526,1963.7904,1769.2761,2966.0574,2833.1016,3350.3242,1909.4567
628,2642.6248,2471.7686,2671.1125,2487.351,1960.8948,1769.3579,2962.582,2829.542,3343.6023,1914.1029
629,1029.5742,703.2721,635.5551,550.259,809.3319,547.0004,1219.1368,1179.3087,1041.1956,1016.2428
630,1296.0012,755.5187,872.2455,609.7863,923.36664,545.71265,1191.8011,1331.916,1130.466,1066.3231
631,1194.5342,680.85944,714.4483,540.11957,887.8499,478.5703,1203.7017,1222.3695,1114.2373,1121.7471
632,1193.5358,669.87524,715.34753,544.3387,903.35986,484.38452,1185.5084,1092.1101,1129.6069,1122.6757
633,1271.3806,695.15155,744.3508,570.18085,941.8806,527.5775,1232.0033,1050.6853,1190.107,1148.0735
634,1269.3982,705.68353,736.93536,571.71155,941.4868,545.1707,1239.4406,1018.92004,1185.2249,1155.4983
635,1259.6066,709.0404,730.2499,571.296,937.40906,556.634,1233.8574,988.8489,1174.18,1150.8956
636,1253.7994,712.27844,725.02094,570.2486,934.0726,566.73627,1228.122,967.91205,1165.3467,1145.4943
637,1245.9669,716.625,719.3675,568.23773,930.2375,574.1138,1222.573,953.4075,1155.5143,1140.4825
638,1239.6515,722.8271,716.05194,567.09644,927.80853,580.7759,1218.5906,945.1448,1147.5087,1136.0544
639,1231.8685,729.43884,712.15826,565.4008,925.01404,586.30133,1215.7567,939.1948,1139.5614,1131.9332
640,1223.3574,736.3516,708.1834,563.69745,922.5168,591.1006,1213.9077,934.07196,1132.2203,1128.1039
641,1215.0973,743.60376,704.45966,562.16235,920.54987,595.595,1213.2053,929.8822,1125.9178,1124.8647
642,1207.6816,751.36224,701.66174,561.0261,919.163,599.9701,1213.2777,926.96234,1120.5988,1122.0911
643,1199.2076,758.4626,697.8164,559.2292,917.1599,603.446,1213.5763,924.2072,1115.1703,1119.3925
644,1191.1013,765.43,694.5492,557.64343,915.438,606.62415,1213.817,920.7219,1110.0308,1116.5875
645,1183.3973,772.2399,691.437,555.95105,913.8389,609.4581,1214.4254,917.42676,1105.367,1114.1445
646,2571.0742,2757.819,3084.5303,2473.3018,1982.809,1915.4253,3008.6533,2675.9214,3242.083,1643.9358
647,2631.9187,2508.1863,3088.972,2460.1074,1952.9874,1916.9752,2919.1558,2735.7908,3283.8516,1652.1958
648,2581.8184,2382.756,2923.4773,2406.8162,1962.5499,1781.3069,2852.0195,2759.3535,3219.4082,1696.3271
649,2587.5027,2318.5322,2762.866,2362.3208,1946.6217,1703.6243,2861.6365,2841.348,3263.4338,1742.0018
650,2629.4177,2320.3293,2665.9807,2366.1638,1943.4082,1709.7917,2942.8118,2834.1265,3308.9897,1788.8431
651,2691.5737,2360.015,2645.4185,2408.8738,1958.0653,1745.8422,3008.549,2835.8484,3350.3364,1826.4772
652,2722.0583,2395.5405,2629.7932,2438.093,1967.602,1772.1824,3041.2478,2851.7852,3373.019,1856.7161
653,2730.4163,2425.4229,2623.1309,2460.187,1972.4324,1787.7826,3045.2646,2859.2407,3378.378,1878.7683
654,2725.9805,2448.709,2621.265,2475.646,1974.5051,1795.9579,3038.303,2862.9863,3377.6914,1895.6263
655,2713.5166,2464.9368,2619.012,2484.6082,1973.9678,1798.8856,3027.6814,2862.5454,3372.771,1908.8113
656,2699.225,2475.5234,2617.0518,2489.85,1972.3718,1799.2023,3017.1375,2860.2473,3366.3208,1919.4333
657,2685.5796,2481.8594,2615.2744,2492.4543,1970.0363,1798.3582,3007.7341,2856.714,3358.864,1928.108
658,2674.3625,2485.442,2614.495,2493.6975,1967.5405,1797.3729,3000.0376,2852.9236,3351.474,1935.3932
659,2664.919,2486.7688,2613.6536,2493.3591,1964.5536,1796.2351,2993.502,2848.4329,3343.5784,1941.4637
660,2658.145,2486.8267,2613.6292,2492.5002,1961.6821,1795.4314,2988.3962,2844.185,3336.27,1946.706
661,2653.2422,2485.9355,2613.8086,2491.002,1958.7013,1794.8673,2984.2725,2839.84,3329.1711,1951.2378
662,2649.9106,2484.4668,2614.2131,2489.118,1955.6768,1794.5569,2980.849,2835.3137,3322.274,1955.1604
663,2568.2148,2290.92,2069.081,2127.223,1822.631,1853.9985,2767.9495,2420.5562,2851.3496,1908.0822
664,2753.8782,2438.4304,2229.264,2335.1003,1836.7211,1913.9371,2900.4827,2604.446,3137.2673,1969.5403
665,2850.13,2565.799,2156.8313,2354.4182,1898.4677,1957.326,3150.665,2807.4807,3225.4275,2076.908
666,2954.6858,2586.7803,2170.1619,2392.138,1928.8214,2006.4417,3206.5283,2923.2783,3262.6238,2113.3955
667,2983.6875,2610.7083,2162.7896,2421.083,1935.8934,2037.7708,3197.058,2935.134,3254.54,2139.6548
668,2973.4182,2632.1091,2142.3203,2438.5193,1941.9283,2042.5562,3167.8599,2951.1506,3243.9373,2166.9985
669,2944.2446,2648.4438,2112.846,2443.2366,1943.4506,2036.6564,3139.4893,2956.5232,3224.4775,2192.0356
670,2915.469,2660.059,2086.205,2443.998,1944.6699,2029.25,3119.124,2959.5278,3205.6648,2213.7952
671,2890.6938,2668.379,2062.503,2441.7432,1945.068,2022.9106,3105.1711,2959.381,3187.7615,2232.3289
672,2870.9214,2674.092,2042.2589,2437.688,1944.8752,2018.4172,3095.9148,2955.9158,3171.313,2247.7488
673,2855.788,2677.6738,2025.3663,2432.5947,1944.1686,2015.9469,3089.993,2949.515,3156.4194,2260.2412
674,2844.459,2679.5505,2011.3115,2426.9233,1943.0233,2015.3337,3086.2334,2940.6997,3142.974,2270.1611
675,2835.3945,2679.9697,1999.0994,2420.6047,1941.1469,2016.1903,3083.3657,2928.7102,3130.0205,2277.6326
676,2829.089,2679.4033,1988.8451,2414.3965,1939.2297,2018.6091,3081.6484,2916.042,3118.6013,2283.4873
677,2824.468,2678.1418,1979.5131,2408.0132,1936.9215,2022.1624,3080.191,2902.2913,3107.8125,2288.0374
678,2820.7627,2676.375,1970.6152,2401.3867,1934.1428,2026.591,3078.4875,2887.0413,3097.0815,2291.4253
679,2817.8203,2674.316,1961.9526,2394.591,1931.0275,2031.8667,3076.6152,2870.6995,3086.4143,2293.9324
680,1290.0303,1071.24,478.1943,701.86536,1044.623,677.2727,1598.8579,1399.8866,1473.7592,1328.9851
681,1207.2649,958.69885,433.578,651.89355,987.96765,656.8596,1504.4635,1212.4136,1323.3224,1298.1537
682,1218.8938,936.42535,457.6724,671.4061,991.3184,630.48535,1454.6223,1209.2191,1288.273,1288.7102
683,1189.51,908.1595,444.42172,643.65594,961.75793,604.5515,1407.9847,1174.8212,1247.4004,1260.309
684,1226.4563,913.9979,455.55902,658.73413,973.5106,614.2232,1400.8921,1147.1509,1260.8157,1238.2258
685,1238.0417,912.95355,456.71777,662.47504,974.7705,618.4628,1392.1268,1134.0024,1253.3722,1223.1968
686,1239.902,912.61176,458.03024,664.4425,974.39154,619.8653,1378.6206,1112.0045,1241.0682,1207.174
687,1245.2281,915.3041,460.66833,667.2103,975.12823,622.925,1369.3856,1092.1171,1232.5157,1194.707
688,1246.9075,919.0224,462.2954,667.7887,973.92676,624.95135,1360.6488,1073.2433,1221.9945,1184.7139
689,1247.4147,923.87317,463.94965,667.66376,972.34326,626.46185,1352.9729,1057.5571,1212.2252,1176.2423
690,1245.8586,929.3231,464.8513,666.1421,969.56586,627.38947,1346.035,1041.7908,1201.6909,1168.6531
691,1244.556,935.9397,466.19153,664.7502,967.2752,628.33435,1340.4048,1029.0248,1192.7549,1161.8829
692,1242.0804,942.71454,467.07083,662.56335,964.5071,628.9199,1335.6202,1017.9277,1183.9423,1155.744
693,1238.3563,949.5527,467.5231,659.7215,961.43646,629.0786,1331.3622,1006.98553,1175.2145,1149.9116
694,1234.3495,956.62994,467.9145,656.71375,958.638,629.1336,1327.9896,996.9905,1167.3313,1144.5695
695,1229.5592,963.54675,467.95303,653.25635,955.7815,628.905,1325.2362,987.6855,1159.7688,1139.6592
696,1224.7029,970.3993,468.05228,649.83417,953.251,628.63495,1322.978,979.3219,1152.9952,1134.9587
697,1773.3109,1581.4921,550.03345,996.2418,1352.3242,980.72754,2050.3386,1822.8352,1999.1082,1694.2063
698,1391.5731,1446.7292,455.80746,817.668,1197.1162,885.4092,1811.3588,1250.6823,1566.3431,1555.4763
699,1372.434,1430.8632,479.65277,820.82697,1162.2743,817.4462,1761.6237,1375.4258,1558.5881,1518.9779
700,1292.115,1354.5823,446.3676,750.2536,1081.417,756.43353,1673.8041,1346.7794,1448.018,1446.2329
701,1292.4218,1336.8724,445.99948,744.5696,1061.6953,737.8978,1632.1917,1326.6827,1422.8981,1391.7025
702,1311.4955,1333.8733,445.55945,746.46436,1053.8835,733.5777,1618.4254,1333.8251,1412.4559,1367.229
703,1313.9811,1327.0929,443.5607,744.00287,1043.9753,726.3839,1594.934,1315.0703,1391.292,1343.5256
704,1322.9637,1327.291,445.38132,748.5944,1041.4645,723.67645,1579.112,1299.9076,1381.0741,1324.8263
705,1325.9424,1325.0504,445.6934,750.78723,1037.5402,720.73663,1562.9845,1281.0094,1367.1698,1307.6914
706,1326.3711,1322.8904,445.82202,752.57526,1034.1932,717.67346,1547.4882,1261.2936,1353.6403,1291.3851
707,1325.1284,1320.9326,445.6126,753.4868,1030.8407,714.6267,1533.074,1241.4911,1339.9667,1276.1315
708,1322.4586,1319.2938,445.1213,753.46625,1027.4423,711.3813,1519.5278,1222.5325,1326.375,1261.7622
709,1319.8451,1318.2881,444.83865,753.23914,1024.5782,708.4086,1507.3522,1206.2588,1314.0582,1248.385
710,1316.289,1317.3071,444.29822,752.05743,1021.521,705.3995,1496.065,1190.6455,1301.8555,1235.865
711,1311.8981,1316.6543,443.5734,750.08746,1018.4306,702.33484,1485.72,1174.968,1289.98,1224.2075
712,1307.9489,1316.6461,443.17767,748.1514,1015.9825,699.6598,1476.8315,1161.5449,1279.654,1213.6216
713,1303.4509,1316.4819,442.6997,745.59454,1013.4553,697.0678,1468.7964,1149.0232,1269.7672,1203.8607
714,1187.1199,958.3663,475.0105,641.2777,970.6025,619.9646,1490.7997,1293.5518,1347.5973,1240.3219
715,1374.414,915.1781,577.6756,732.338,1039.6334,683.0914,1474.7471,1293.6115,1409.5553,1254.9077
716,1378.817,870.1197,557.89984,733.7016,1020.4819,659.4955,1446.5211,1287.1798,1351.7798,1259.0724
717,1327.8164,834.84546,545.78046,706.00476,989.8903,631.7629,1373.9066,1206.7899,1304.9515,1219.3926
718,1387.0599,845.65076,567.8179,728.49286,1008.33746,655.4303,1385.7751,1174.1947,1341.497,1208.9637
719,1381.5859,847.2965,567.9322,724.9493,1002.583,661.8852,1377.5527,1147.4353,1326.7849,1203.4106
720,1366.8124,847.0659,570.0239,719.78577,997.0426,663.70447,1363.6196,1116.2539,1311.4374,1193.8695
721,1358.4423,848.8728,572.8115,714.96277,992.834,667.3985,1353.8622,1090.1156,1299.4017,1186.5826
722,1347.7695,851.8815,573.6936,708.38385,987.4751,669.4558,1344.4843,1068.7058,1285.2041,1180.7655
723,1337.1351,856.0743,573.6182,701.65454,982.20984,670.7264,1336.5032,1051.7686,1271.4359,1175.4519
724,1326.9047,861.6882,572.8806,695.2455,977.15814,671.77344,1329.9196,1037.4614,1258.0818,1170.2108
725,1318.1948,869.23114,572.41113,689.9824,973.11035,673.02,1325.1207,1027.2332,1246.5354,1165.2516
726,1309.9688,878.07355,571.78815,685.2646,969.41486,674.26434,1321.5573,1019.7801,1235.9874,1160.3726
727,1302.505,887.7907,571.3486,681.3023,966.40454,675.46875,1319.1376,1016.27966,1227.1644,1155.6218
728,1293.0723,896.9305,569.5704,676.47363,962.5421,675.848,1316.6788,1011.6664,1217.5626,1150.4928
729,1283.3932,905.91394,567.50275,671.7666,959.1458,675.7782,1314.8054,1007.7491,1209.0187,1145.4899
730,1273.9026,914.5068,565.33295,667.1949,956.1578,675.45483,1313.4559,1005.38135,1201.5161,1140.7205
731,1335.9302,1146.7471,466.9626,722.5406,1079.6357,700.9962,1654.829,1412.6011,1531.9891,1380.0084
732,1308.4521,1112.1486,443.24576,712.7151,1059.8232,727.3174,1618.0066,1235.4142,1423.163,1383.6926
733,1303.3805,1075.7231,470.6173,726.5717,1043.5619,689.58575,1546.9541,1271.1053,1368.6138,1351.0052
734,1256.8529,1028.5646,455.14017,689.8333,997.9711,654.13666,1479.9468,1227.572,1309.9327,1296.8873
735,1302.0059,1028.6053,471.95917,710.596,1008.86566,664.3753,1466.3107,1210.055,1326.9359,1262.2399
736,1317.4349,1021.0742,474.81165,715.61304,1007.13916,669.0199,1452.2584,1198.264,1317.5367,1241.4424
737,1320.0903,1016.00684,477.3113,718.4371,1005.02185,669.91815,1434.094,1172.4083,1303.3796,1222.8256
738,1325.4344,1014.7071,481.37912,722.2758,1005.03314,672.5185,1421.382,1150.2982,1293.9856,1209.1909
739,1325.4038,1014.0898,484.0959,722.9912,1002.83527,673.88574,1408.889,1128.5419,1281.7556,1197.8689
740,1323.5756,1015.1787,486.53082,722.3984,1000.22864,674.7278,1398.022,1109.5297,1270.0636,1188.3636
741,1320.3071,1017.5603,488.4865,720.4914,997.0241,675.2116,1388.7363,1092.9517,1258.5154,1180.2306
742,1315.346,1020.9508,489.82257,717.3481,993.241,675.16943,1380.6578,1077.8458,1246.9535,1172.9797
743,1309.7139,1025.5685,490.99017,713.65967,989.3945,674.9739,1373.818,1063.6978,1235.9888,1166.3013
744,1303.7473,1031.1685,491.99716,709.6501,985.72845,674.67535,1368.384,1051.8354,1225.9956,1160.3727
745,1297.1842,1037.1626,492.67123,705.2645,982.1044,674.162,1363.949,1041.8763,1216.6663,1154.9276
746,1290.2927,1043.3458,493.14212,700.7215,978.6354,673.5327,1360.2534,1032.9719,1208.057,1149.7125
747,1283.2032,1049.4901,493.41867,696.0873,975.4034,672.7938,1357.2618,1025.2638,1200.2721,1144.7963
748,994.5276,673.8861,646.3007,525.7929,780.5724,528.28345,1171.4729,1125.6711,989.91815,984.91766
749,1461.7534,921.2362,1195.0277,667.69727,989.6004,589.23804,1176.8676,1402.9868,1141.6837,1081.5552
750,1257.3114,786.57227,866.1168,541.64087,911.2322,489.78412,1205.5509,1302.0781,1098.4219,1131.486
751,1238.3192,758.3866,849.0635,548.4395,921.2295,487.8669,1186.4661,1152.3143,1107.2416,1112.1456
752,1315.1699,779.04565,886.97614,573.98114,964.7924,533.5306,1235.8667,1101.1425,1175.9935,1133.4167
753,1301.3894,782.63135,870.2903,570.2713,961.9692,550.0712,1246.1753,1062.5173,1175.1364,1138.2369
754,1288.6316,785.41187,863.4575,569.79144,958.0988,562.8797,1243.6392,1033.752,1167.3817,1133.7942
755,1278.7758,788.6148,858.5623,567.7023,953.5833,574.109,1239.4977,1016.43494,1159.9578,1128.8752
756,1265.2775,792.73566,852.02405,564.3789,947.9552,581.8258,1234.5107,1005.0,1150.2057,1123.7432
757,1251.4053,797.20544,845.33954,561.0768,943.076,588.0215,1230.3555,997.45074,1141.0123,1118.9637
758,1237.8574,801.8676,838.8034,558.04486,939.0849,593.39465,1227.2312,992.78754,1132.7468,1114.8713
759,1224.3164,806.3577,832.21234,555.14905,935.52795,598.0829,1224.7747,988.3996,1124.8549,1111.2878
760,1211.4089,810.7667,826.0228,552.5212,932.51904,602.37476,1222.9878,983.3213,1117.5187,1108.3615
761,1199.8365,815.2913,820.61444,550.23926,930.13135,606.4476,1221.9741,978.3972,1111.0195,1106.2822
762,1189.2151,819.55133,815.26935,547.997,927.9156,610.0814,1221.5505,973.90326,1105.0995,1104.8154
763,1179.6339,823.58575,810.6425,545.9848,925.90674,613.39716,1221.1537,968.9274,1099.399,1103.5785
764,1171.9746,827.99066,807.2536,544.4544,924.5957,616.6552,1221.3969,965.39795,1094.7771,1103.0238
765,1077.5156,800.02655,521.08203,582.06793,875.63776,565.557,1340.3202,1219.5033,1180.1073,1111.6166
766,1353.7181,802.5884,719.53564,683.525,990.0679,615.42114,1319.718,1281.7646,1286.4794,1135.9316
767,1330.0646,755.8171,636.4833,649.94415,966.79016,576.8267,1334.9883,1245.6713,1257.2966,1181.298
768,1305.3846,738.6784,635.3854,641.32886,956.3009,567.0073,1282.9897,1141.1144,1237.9314,1156.4231
769,1383.6737,765.0601,666.3024,667.8241,984.89545,605.22107,1318.4738,1110.5026,1291.4932,1167.7195
770,1372.8092,775.8883,664.2274,664.6405,978.65234,617.3218,1316.9662,1082.7369,1278.1576,1170.8505
771,1351.9778,778.5872,662.13763,659.19244,971.4722,623.2325,1305.8167,1050.2601,1262.0394,1164.3942
772,1339.8859,781.6684,661.13947,654.566,967.02893,630.0532,1297.5703,1026.6816,1250.222,1158.8916
773,1326.7563,785.68915,658.6766,648.9624,961.9163,634.77155,1289.4984,1008.74634,1236.5684,1153.9731
774,1315.1846,791.215,656.4058,644.0314,957.6527,638.8003,1283.2324,995.94904,1224.3336,1149.4574
775,1304.4436,797.91876,653.88654,639.5615,953.885,642.37585,1278.753,987.7287,1213.3636,1145.4131
776,1294.3966,805.83875,651.6675,635.80646,950.62067,645.79663,1275.5375,981.4613,1203.4015,1141.4105
777,1285.3059,814.59576,649.7319,632.70905,948.1077,648.9607,1273.8091,979.7125,1195.4487,1137.9084
778,1273.9736,822.41425,646.07745,628.6789,944.52466,650.94855,1271.9395,977.0258,1186.656,1133.897
779,1263.4631,830.47546,643.15765,625.34094,941.7483,652.8132,1270.5022,974.0145,1179.0726,1129.7996
780,1253.2681,838.4418,640.0892,621.89716,939.14764,654.34076,1269.787,971.4812,1172.2505,1126.198
781,1242.985,846.0193,636.90405,618.31665,936.48596,655.38715,1269.0913,968.18805,1165.506,1122.5892
782,2588.0781,2044.0208,1268.7347,1787.8318,1735.1565,1718.7783,2617.409,2320.5098,2656.1838,2049.562
783,2704.2356,2244.001,1368.406,1970.0566,1714.5574,1900.4136,2672.0413,2164.3477,2693.4202,2061.614
784,2841.1523,2451.46,1417.8768,1984.5892,1748.3148,1987.4912,2857.1016,2561.7375,2782.0342,2157.1003
785,2918.9453,2473.1155,1411.9995,1957.1047,1755.2952,2049.5518,2856.7634,2609.4832,2794.757,2171.084
786,2973.7056,2468.9617,1425.1188,1991.1691,1778.0748,2094.718,2842.4075,2601.6216,2823.5586,2179.4375
787,3008.0637,2476.2356,1434.7257,2032.3501,1800.0323,2127.1782,2842.0347,2613.5574,2851.2302,2201.131
788,3004.2253,2478.1377,1433.4586,2055.453,1809.8091,2139.721,2824.3801,2595.767,2854.6597,2217.3337
789,2983.7332,2475.04,1432.185,2069.565,1815.2965,2143.353,2808.2434,2571.5017,2848.1833,2227.6777
790,2955.7808,2468.1929,1429.2483,2074.7297,1817.1902,2141.9739,2795.0308,2547.2437,2835.3386,2233.4202
791,2921.4282,2457.416,1422.9364,2070.9883,1815.1223,2136.8396,2781.7192,2515.1033,2815.1387,2233.8518
792,2887.8044,2444.063,1416.6548,2063.1086,1811.9072,2130.7747,2770.2031,2484.2346,2794.0205,2230.9734
793,2855.11,2429.4827,1409.0245,2051.3403,1806.9904,2124.2378,2758.638,2452.7917,2771.7332,2225.572
794,2825.1685,2414.418,1401.3695,2037.829,1801.2806,2117.773,2746.6726,2423.8328,2750.5469,2218.5537
795,2795.1724,2399.3801,1391.9153,2021.6382,1793.6577,2110.8079,2732.8318,2391.8923,2728.0042,2209.5378
796,2768.284,2385.023,1383.0422,2005.4067,1785.7343,2104.1746,2718.8525,2363.7021,2707.5916,2199.673
797,2743.561,2371.936,1373.9044,1988.7253,1776.9763,2097.6765,2704.2256,2337.5205,2688.0981,2189.2146
798,2720.823,2359.961,1364.8278,1972.0283,1767.6484,2091.0232,2688.9976,2314.1519,2669.7927,2178.2798
799,2049.3516,1825.483,635.5925,1181.4448,1500.1584,1185.4701,2280.3926,2004.2917,2251.1782,1866.2112
800,1678.6696,1739.4426,557.1656,1015.4575,1371.2207,1118.0255,2045.6681,1366.377,1829.6438,1729.879
801,1668.6703,1744.4088,585.81635,1017.11615,1329.4235,1043.0608,2017.5402,1562.0024,1845.832,1722.6342
802,1533.2029,1629.7369,537.95905,909.99115,1229.7317,955.5687,1887.9423,1486.4722,1692.1052,1628.3373
803,1502.9058,1588.564,529.7587,895.05145,1194.4004,919.97815,1825.4382,1461.2833,1649.7812,1550.5137
804,1512.0627,1579.1764,525.5085,893.56976,1175.5209,907.7125,1806.1772,1475.6592,1630.9596,1516.918
805,1505.989,1567.6758,519.2346,884.0327,1154.3455,892.62555,1775.5741,1454.1249,1599.0331,1485.9198
806,1511.0654,1568.7775,519.0923,885.2184,1144.0186,884.2182,1755.5962,1440.5281,1582.9277,1461.6986
807,1509.3223,1567.5798,517.3751,883.2448,1133.2294,876.0688,1734.8472,1421.6246,1562.2161,1439.1517
808,1504.7847,1566.5414,515.6517,881.3209,1124.1321,868.139,1714.6545,1402.3259,1542.5206,1416.9333
809,1498.877,1565.6444,513.79315,879.14276,1116.0702,860.70953,1695.8658,1384.4778,1523.4847,1395.674
810,1491.2751,1564.6667,511.51868,876.09045,1108.3818,853.2611,1677.803,1366.8866,1504.4645,1375.1237
811,1483.0188,1563.9014,509.10895,872.63666,1101.3563,845.94525,1660.928,1350.8545,1486.3453,1355.5433
812,1474.5261,1563.1921,506.6856,868.86273,1094.9532,838.8984,1645.2631,1336.3438,1469.232,1337.0055
813,1464.8712,1562.4457,503.83197,864.0628,1088.5343,831.7765,1630.4233,1320.3551,1451.9712,1319.4448
814,1456.4241,1562.4965,501.58383,859.94763,1083.3455,825.36,1617.353,1307.356,1437.0795,1303.1593
815,1447.6913,1562.058,499.23352,855.2802,1078.3575,819.21924,1605.3712,1295.3844,1422.7751,1288.101
816,2525.3901,1974.9525,1174.8866,1703.8785,1698.4141,1646.1001,2554.8496,2292.1946,2589.8472,2017.9371
817,2856.3367,2177.2705,1316.7198,1962.9939,1755.4434,1878.1957,2802.8804,2442.1016,2813.842,2151.872
818,3025.704,2362.5027,1402.8407,2009.8452,1800.3362,1984.2534,2901.7598,2720.6526,2863.2363,2200.802
819,3178.6187,2418.0972,1456.3848,2047.2709,1841.5294,2052.2974,2934.139,2885.92,2971.223,2229.3367
820,3257.5266,2457.9407,1485.3792,2115.5364,1874.6295,2096.1045,2938.352,2899.2126,3031.8164,2255.848
821,3275.6638,2490.4124,1509.0004,2177.925,1898.8074,2113.3965,2928.7676,2905.5352,3068.7627,2284.052
822,3254.1733,2516.4517,1523.9093,2219.4048,1909.7194,2115.5498,2917.7544,2900.5994,3078.9644,2307.7822
823,3216.1582,2533.1755,1534.9717,2243.703,1913.4812,2109.7717,2912.615,2891.118,3074.994,2324.7468
824,3178.1926,2543.0518,1544.4941,2257.2793,1914.8546,2102.7297,2916.4841,2882.0173,3065.586,2336.6694
825,3142.6223,2547.7744,1550.9321,2262.4583,1914.1891,2095.9697,2924.0203,2868.1665,3051.8782,2343.6113
826,3111.958,2549.2378,1555.7976,2262.989,1913.147,2091.291,2933.5237,2851.2407,3037.2415,2347.1453
827,3088.1924,2549.2297,1560.085,2261.463,1912.7672,2089.543,2943.9565,2835.5083,3024.615,2349.3413
828,3066.4075,2547.884,1561.474,2256.8684,1911.0256,2089.249,2951.0317,2814.1858,3010.4907,2349.3027
829,3048.324,2545.6667,1562.0061,2251.266,1909.4766,2091.054,2956.342,2792.3892,2997.6296,2348.4656
830,3032.1587,2542.8928,1560.6785,2244.1646,1907.21,2094.3496,2958.8713,2767.9004,2984.4272,2346.7568
831,3018.2024,2539.6284,1558.3943,2236.3052,1904.7838,2099.0466,2959.1792,2742.793,2971.7495,2344.699
832,3006.278,2536.1365,1555.275,2227.8713,1902.1787,2104.9153,2957.5203,2717.7725,2959.5544,2342.611
833,1509.8737,1337.4093,488.37137,826.23224,1194.7438,805.4051,1822.3097,1582.045,1728.1093,1515.8872
834,1231.2655,1190.5024,409.37103,693.5043,1060.4639,730.9032,1628.144,1220.3209,1394.1001,1406.5098
835,1182.0538,1148.1545,418.11002,677.16034,1020.81635,666.5509,1555.694,1239.4636,1329.5002,1361.0427
836,1129.7408,1111.4789,392.47443,628.2989,967.2619,621.6146,1503.8564,1212.5082,1256.171,1320.5697
837,1144.4227,1117.7457,395.26044,629.5952,965.0229,614.34845,1485.0068,1191.5276,1246.967,1289.9392
838,1154.4913,1120.268,392.37183,628.1742,961.2015,610.7192,1474.2056,1187.495,1234.3102,1269.3478
839,1157.3219,1122.8087,390.6511,628.1369,958.6738,606.58496,1458.7587,1172.5936,1219.5365,1248.2477
840,1163.4713,1127.3877,390.3686,630.9486,959.0858,605.12866,1448.0353,1158.4469,1209.9257,1230.9974
841,1166.1997,1130.6252,389.40576,632.628,958.4969,603.4032,1437.3463,1142.0424,1198.9219,1215.8585
842,1168.3336,1133.8193,388.8191,634.478,958.4096,601.94434,1427.5309,1125.698,1189.2161,1202.4017
843,1169.1635,1136.6006,388.02618,635.5348,957.7992,600.4591,1418.4061,1108.468,1179.3827,1190.4368
844,1169.404,1139.4971,387.3436,636.2031,957.2028,599.0257,1410.1315,1091.6125,1170.1819,1179.7972
845,1169.0123,1142.222,386.6641,636.323,956.4577,597.5954,1402.7118,1075.782,1161.4536,1170.3337
846,1167.596,1144.7834,385.82925,635.66504,955.28156,596.03235,1395.8425,1059.5114,1152.6481,1161.7092
847,1166.0566,1147.5262,385.17593,634.77997,954.2908,594.6065,1389.8845,1044.3109,1144.6716,1153.9694
848,1164.0618,1150.161,384.4911,633.42145,953.1705,593.2135,1384.703,1029.9691,1137.0753,1147.039
849,1161.9786,1152.7349,383.9317,631.88635,952.1869,591.9455,1380.2692,1016.98236,1130.229,1140.7894
850,2627.2896,2581.5403,2564.2864,2395.631,1943.8279,1979.6697,2961.758,2535.1182,3141.6792,1854.264
851,2743.0637,2615.4622,2692.0159,2538.435,1945.2949,2059.3386,2990.6987,2556.3723,3317.0251,1881.8003
852,2746.2424,2619.4414,2489.1648,2483.7341,1957.9822,2009.8699,3187.4128,2689.8125,3355.9287,1984.8729
853,2820.228,2612.2878,2448.018,2477.421,1962.3595,2022.1099,3239.6582,2805.3743,3358.9832,2034.4218
854,2856.9907,2628.6792,2425.1702,2481.3708,1955.151,2057.8816,3260.2786,2817.6545,3327.4006,2071.2563
855,2864.362,2646.9426,2400.2712,2485.298,1951.6487,2071.4524,3245.631,2834.6099,3299.8923,2101.899
856,2848.0283,2660.8103,2373.5046,2483.337,1946.4883,2071.6074,3215.0042,2836.5671,3266.88,2125.075
857,2822.9636,2669.7556,2352.6807,2480.7166,1941.4985,2066.936,3183.294,2829.4373,3236.0496,2140.7712
858,2796.326,2674.593,2337.2102,2477.7126,1937.086,2061.25,3156.8604,2818.763,3210.265,2151.523
859,2771.498,2675.958,2325.2825,2474.0283,1932.9799,2055.9656,3136.6223,2806.288,3189.0884,2159.1396
860,2749.3687,2674.5574,2315.0256,2469.1228,1928.5234,2051.5298,3121.4636,2791.4336,3170.4285,2164.3972
861,2731.6938,2671.5068,2306.5425,2463.7952,1924.247,2048.5278,3111.01,2776.574,3154.627,2168.2292
862,2717.4194,2667.4272,2298.3086,2457.459,1919.5272,2046.7339,3103.7551,2760.7734,3139.9175,2170.9692
863,2706.3958,2662.9456,2290.197,2450.4834,1914.5153,2046.1968,3098.9124,2744.351,3126.0146,2172.903
864,2698.9402,2658.6309,2282.6042,2443.4937,1909.6552,2047.01,3096.085,2729.1226,3113.596,2174.5415
865,2693.843,2654.762,2274.8198,2436.1958,1904.5907,2048.8643,3094.285,2714.2058,3101.672,2175.9946
866,2691.577,2651.7458,2267.705,2429.404,1899.9199,2051.8376,3093.396,2701.3335,3091.1882,2177.6177
867,1106.8708,777.7483,599.3073,604.24255,876.2689,587.29126,1328.7893,1296.2367,1165.8563,1092.9686
868,1336.4215,775.8968,794.4948,671.34906,966.3207,589.1865,1286.0234,1333.8458,1245.5332,1110.6566
869,1288.8951,729.6332,695.9882,622.88226,944.7141,540.7768,1293.0381,1266.2365,1226.8448,1161.1124
870,1273.2012,719.09424,694.93353,615.8504,941.40533,538.6075,1255.9597,1150.7374,1218.2784,1147.3323
871,1347.2892,748.1159,726.81213,640.5686,971.9226,578.21454,1292.3499,1114.6914,1270.3025,1163.3943
872,1339.1403,759.8493,723.47833,638.3321,967.7293,593.1192,1292.7589,1084.0131,1259.6327,1167.0819
873,1323.901,764.00793,722.0473,635.17993,962.59033,602.1089,1283.1853,1056.1659,1246.3142,1161.0475
874,1311.5282,766.34283,719.0519,630.3224,957.3469,609.79266,1274.2542,1034.2631,1234.0469,1154.625
875,1297.4254,768.98505,714.4968,624.5106,951.7926,614.8634,1265.624,1016.8809,1220.5903,1148.7428
876,1284.5209,772.66034,710.0185,619.1933,947.24536,619.154,1258.9825,1003.9342,1208.603,1143.6963
877,1272.1692,777.3624,705.3621,614.3325,943.26355,623.0546,1254.0618,993.7134,1197.5149,1139.295
878,1260.794,783.1439,700.8295,610.2257,940.11743,626.7539,1250.9232,987.0531,1188.0504,1135.6212
879,1249.3281,789.31476,695.9802,606.3684,937.0038,630.06647,1248.5563,981.13824,1178.9858,1131.9929
880,1238.8794,796.2168,691.7358,603.20953,934.54095,633.2855,1247.1067,976.57733,1171.1406,1128.647
881,1229.2256,803.48474,687.7155,600.3734,932.39453,636.2332,1246.4495,973.8067,1164.32,1125.6295
882,1219.7281,810.64215,683.76685,597.60095,930.1687,638.73047,1245.882,970.849,1157.6868,1122.4679
883,1210.2517,817.4378,679.6745,594.7024,927.8696,640.7022,1245.4242,967.2429,1151.2455,1119.3029
884,1086.3787,814.46783,513.81964,586.153,884.04236,570.0869,1353.5768,1214.782,1194.1166,1123.6417
885,1355.3867,811.4047,705.0351,688.1778,994.14703,623.2897,1329.4379,1273.5614,1294.4451,1142.626
886,1329.9047,763.2095,619.72864,654.18713,968.3156,584.64996,1344.246,1237.2195,1260.2103,1186.49
887,1298.0138,741.9787,613.58856,642.35284,955.2525,571.83105,1287.6578,1129.1908,1235.1377,1160.4834
888,1373.6536,765.3797,640.6595,667.9742,983.46857,608.9263,1321.2142,1095.7068,1286.5676,1170.8934
889,1363.6958,775.1863,638.3185,665.1782,977.8595,620.4505,1318.8689,1069.7936,1272.9196,1174.0563
890,1346.6334,779.15283,638.3362,661.4841,971.9998,626.6007,1307.917,1041.1342,1258.406,1167.5419
891,1336.7732,783.67017,638.54626,657.75433,967.7833,633.37604,1300.1852,1019.8877,1247.1997,1162.0306
892,1324.9631,788.7939,636.89215,652.66644,962.7704,637.7084,1292.5874,1003.80914,1234.0935,1157.1202
893,1313.7197,794.73846,634.79083,647.7422,958.2442,641.1257,1286.439,991.4427,1221.8369,1152.354
894,1303.5012,801.9903,632.71643,643.4157,954.41113,644.3468,1282.03,981.8798,1210.7382,1147.9524
895,1294.2477,810.45685,630.7821,639.7613,951.36816,647.3867,1279.3745,976.39185,1201.351,1144.1428
896,1283.2999,818.58765,627.3331,635.4614,947.6822,649.421,1277.2216,971.8957,1191.7722,1140.2314
897,1273.126,827.14996,624.5105,631.9343,944.76715,651.3175,1275.6146,968.52405,1183.5421,1136.1326
898,1262.0502,835.3261,620.8778,627.8669,941.4313,652.53754,1274.2938,964.37805,1175.2322,1132.0621
899,1252.1311,843.95,618.13257,624.44073,938.884,653.7503,1273.445,960.4977,1168.1036,1128.1254
900,1242.6766,852.4955,615.4267,620.936,936.4558,654.7091,1273.1256,957.22235,1161.5741,1124.5464
901,2077.2854,1861.178,640.7928,1199.2288,1517.3427,1205.1428,2310.8098,2031.3691,2283.2075,1888.6328
902,2068.1375,2001.4602,683.0636,1257.4545,1557.7053,1334.1392,2383.5894,1745.5721,2226.7266,1939.5681
903,2087.083,1979.806,732.7873,1229.0419,1525.6376,1289.079,2346.4934,1909.4866,2219.9597,1952.1025
904,1972.2438,1854.1849,686.5105,1123.4323,1457.3131,1227.9907,2227.27,1796.639,2093.2246,1870.0659
905,1946.527,1789.4691,684.3905,1122.9417,1436.7028,1211.6317,2172.4534,1773.7274,2062.1326,1806.8807
906,1932.3717,1748.6376,677.1445,1122.8099,1412.1237,1203.2028,2142.9858,1764.2614,2031.0786,1771.5276
907,1909.1475,1717.71,669.56464,1118.8574,1386.436,1190.0658,2108.3381,1733.4166,1995.8855,1739.6622
908,1893.4869,1701.5288,666.494,1120.4722,1366.8186,1179.5062,2082.1604,1710.4266,1970.9519,1714.1227
909,1870.8301,1688.2003,661.0423,1116.1493,1346.207,1166.7712,2053.3662,1680.3595,1940.4637,1688.5885
910,1847.8578,1678.5868,656.0186,1110.8392,1327.6226,1153.1263,2025.2864,1654.7769,1912.0116,1663.049
911,1824.0673,1671.3367,650.35596,1103.1838,1309.5321,1138.7778,1997.496,1630.8926,1882.7228,1637.1927
912,1800.8846,1666.5421,644.4785,1094.2065,1292.2587,1123.9254,1970.5201,1609.9805,1853.9922,1611.2225
913,1777.2319,1663.806,637.8147,1083.2848,1275.0892,1108.3177,1944.0278,1588.8015,1824.3075,1585.2079
914,1756.3182,1663.3939,631.82074,1072.9166,1259.4619,1092.9858,1919.3756,1573.2842,1797.2119,1559.7552
915,1736.0161,1663.6385,625.47144,1061.5972,1244.2445,1077.651,1895.5397,1559.0216,1770.1155,1534.6874
916,1717.282,1664.6106,619.3292,1050.5166,1230.1372,1062.6492,1873.0497,1547.025,1744.5859,1510.2349
917,1698.7178,1665.9137,612.86444,1038.8516,1216.4601,1047.7701,1851.412,1533.4252,1719.026,1486.4612
918,1836.4816,1554.1047,606.4576,1054.0809,1372.0132,1035.35,2061.8506,1872.95,2027.7834,1696.5697
919,1598.3607,1484.1255,544.7112,963.12555,1280.4974,1016.5088,1918.8528,1349.7776,1728.245,1630.1436
920,1587.3829,1458.6022,584.0823,978.9304,1245.752,948.819,1850.9019,1500.4928,1720.5156,1593.5847
921,1465.6174,1357.0458,537.55316,888.4901,1152.8585,880.8611,1727.7054,1411.4456,1578.5978,1501.5078
922,1456.5614,1327.6089,538.2497,886.0174,1130.6859,861.7528,1673.3132,1372.8818,1553.7684,1434.5087
923,1471.058,1319.9183,538.8764,889.8996,1118.6155,857.4336,1652.2567,1374.4668,1540.6097,1403.2391
924,1463.5695,1309.8143,534.62067,883.0141,1101.8583,847.36035,1620.9291,1346.8954,1510.4447,1373.5513
925,1466.8878,1310.7961,536.32886,884.9605,1095.121,842.58246,1600.856,1329.0227,1495.821,1350.1285
926,1464.1682,1310.7914,536.13184,882.98267,1087.5203,837.82117,1582.1501,1311.4476,1477.4103,1329.5505
927,1457.7708,1311.4387,535.4817,879.41986,1080.4105,832.6951,1564.4614,1292.803,1458.9105,1309.8374
928,1450.5542,1313.4586,534.8773,875.25934,1074.1287,827.94104,1549.26,1277.096,1441.874,1291.8777
929,1441.3036,1316.1287,533.75183,869.5465,1067.5522,822.95135,1535.2147,1261.6925,1424.562,1275.109
930,1432.664,1320.0319,533.17346,864.06213,1061.9042,818.3873,1523.1735,1250.5166,1409.569,1259.7386
931,1422.4589,1323.8213,531.9346,857.1153,1055.7218,813.60767,1512.0544,1238.9622,1394.1853,1245.4744
932,1412.6836,1328.3274,531.0554,850.3226,1050.2001,809.1274,1502.3662,1228.7114,1380.4996,1232.3002
933,1402.6301,1332.8378,530.04504,843.0296,1044.7549,804.7612,1493.8467,1218.8988,1367.4792,1220.3076
934,1392.9619,1337.3258,529.2581,835.87787,1039.8184,800.6499,1486.4534,1210.5664,1355.8241,1209.3379
935,1683.8683,1483.5986,534.3258,940.4225,1297.3557,921.5234,1965.9768,1745.5896,1903.0525,1627.5164
936,1502.7957,1444.6349,493.57544,879.77313,1232.6224,920.99756,1864.863,1345.3839,1661.4465,1582.1831
937,1470.7096,1385.6963,525.7884,879.75653,1189.1736,852.4083,1774.2672,1457.5107,1620.1587,1526.8624
938,1369.8281,1288.132,489.27957,804.3682,1104.4971,791.6803,1666.5996,1377.9174,1497.6356,1440.0022
939,1381.4088,1264.6586,496.14847,810.0067,1091.8523,782.1733,1626.2339,1349.2987,1484.2643,1385.3489
940,1392.987,1251.5515,495.28152,810.3706,1078.9266,779.2058,1603.4413,1332.6998,1463.8208,1357.3389
941,1394.5062,1242.5363,495.66055,810.4818,1068.5023,773.7636,1575.8523,1306.1039,1441.5989,1331.8236
942,1399.8785,1240.2198,498.13773,814.11035,1063.0267,771.6129,1555.9833,1284.0702,1426.4875,1311.6661
943,1399.6521,1237.9655,499.20367,814.9599,1057.1068,768.8628,1536.961,1262.3031,1409.2025,1293.5396
944,1396.9154,1237.1233,499.84238,814.54517,1051.839,765.9551,1519.8867,1241.6107,1392.5339,1276.8536
945,1392.1663,1237.4885,499.9577,812.6298,1046.6475,762.875,1504.6873,1222.3207,1376.0662,1261.5215
946,1387.6846,1239.4514,500.57056,810.64984,1042.39,760.1985,1491.6505,1207.63,1361.795,1247.3977
947,1381.8121,1241.8368,500.7103,807.3446,1037.8329,757.4332,1480.0319,1194.6501,1347.753,1234.3353
948,1374.586,1244.8302,500.4747,802.92993,1033.0804,754.4811,1469.5499,1181.1708,1333.993,1222.118
949,1368.427,1248.9706,500.89563,798.98596,1029.3854,752.1058,1461.1139,1171.4036,1322.7977,1211.172
950,1359.7452,1252.377,500.20712,793.0916,1024.6079,749.11194,1453.202,1159.9751,1310.4536,1201.0708
951,1352.8517,1256.5419,500.5439,788.4459,1021.3802,746.78485,1446.9913,1153.086,1301.3599,1191.8839
952,2473.5803,1931.8854,1145.3516,1656.8503,1669.7346,1605.8965,2506.0652,2234.8464,2529.7178,1980.1854
953,3196.26,2365.8762,1524.1094,2172.5535,1878.9519,2030.7065,3092.3845,2697.6052,3108.6597,2293.4497
954,3281.9402,2500.1782,1653.5029,2216.2722,1897.9877,2090.4055,2932.343,2997.45,3103.6633,2258.6611
955,3252.2988,2531.8901,1771.3735,2284.3079,1909.9863,2068.9521,2799.0972,3093.4343,3165.5322,2222.8904
956,3108.742,2537.712,1736.7651,2284.9375,1878.0348,2021.2704,2757.3662,3046.3047,3122.7148,2219.6409
957,3037.2312,2556.1057,1805.2058,2351.4128,1893.4042,1997.3031,2759.2556,2999.161,3131.6257,2215.9373
958,2979.395,2580.601,1866.7566,2394.4177,1903.6274,1980.2703,2780.031,3016.1829,3148.3506,2223.4197
959,2918.2234,2596.3562,1921.2672,2421.753,1906.0731,1959.9856,2792.2378,3016.6157,3152.9304,2225.1892
960,2866.2563,2605.9988,1974.302,2442.5242,1908.6713,1943.1255,2807.3362,3015.6304,3157.9963,2223.624
961,2822.87,2610.4263,2020.9082,2456.7742,1910.1991,1929.0873,2823.1196,3010.515,3161.7263,2219.2856
962,2787.2754,2610.2373,2061.3547,2466.324,1910.8921,1917.3218,2837.9688,3000.6118,3163.7393,2212.5154
963,2759.872,2606.7737,2097.0974,2472.9973,1911.5708,1907.9021,2851.7915,2988.9263,3165.5496,2204.5012
964,2738.9355,2601.105,2128.1338,2477.0415,1911.8429,1900.37,2863.9583,2975.4287,3166.5952,2195.882
965,2722.3857,2593.768,2154.542,2478.4604,1911.2888,1894.1711,2874.029,2959.517,3166.0361,2186.8098
966,2710.082,2585.5393,2177.6582,2478.223,1910.4243,1889.3241,2882.6362,2942.8982,3164.9182,2177.8152
967,2700.9644,2576.9517,2197.6277,2476.4963,1909.0803,1885.6082,2889.9558,2925.7073,3163.1072,2169.1511
968,2694.0444,2568.2524,2214.637,2473.4412,1907.1656,1882.7416,2896.0398,2907.9597,3160.416,2160.8635
969,1278.7793,1058.294,477.3089,692.9131,1035.2715,671.74976,1585.0616,1362.7562,1453.9905,1318.9951
970,1146.3071,959.1925,389.20212,605.78284,953.31177,632.6686,1499.0209,1156.2417,1263.739,1293.6813
971,1144.3287,954.82996,414.39328,621.6005,957.967,600.8919,1440.2499,1133.1334,1219.1566,1283.9781
972,1127.1234,940.03485,403.93423,598.66266,934.5216,575.85077,1411.0745,1132.8779,1191.4314,1262.5048
973,1157.5431,951.68896,411.58896,611.19763,944.46124,581.30646,1404.7323,1119.3899,1199.902,1238.6941
974,1170.8083,956.1065,411.24384,615.6384,947.3904,584.0752,1399.8591,1116.8296,1195.5122,1221.872
975,1176.0359,959.9853,411.41953,619.4069,949.63116,585.0387,1390.4915,1105.0308,1187.0968,1204.8732
976,1183.4949,964.9152,412.7508,624.00757,952.631,587.4481,1383.8839,1093.0287,1181.5707,1190.9457
977,1187.5219,969.3133,413.46274,626.8109,953.6794,589.0414,1376.8602,1079.3805,1174.2133,1179.1647
978,1190.005,974.044,414.16428,628.69714,953.94275,590.22,1370.1317,1064.7692,1166.803,1169.0912
979,1190.9235,979.0184,414.5791,629.4173,953.27844,590.97156,1363.9696,1049.5305,1158.9926,1160.5642
980,1191.9551,984.4735,415.52524,630.0405,952.79486,591.78687,1358.5602,1036.3589,1152.3314,1153.0686
981,1191.3121,989.5823,415.95517,629.42664,951.2878,592.1418,1353.507,1023.1298,1144.998,1146.3778
982,1190.0765,994.8599,416.4227,628.3816,949.6946,592.329,1348.9827,1010.22314,1138.0615,1140.2927
983,1188.0433,1000.07263,416.6766,626.6965,947.83167,592.3069,1345.1133,997.71295,1131.234,1134.8984
984,1186.1835,1005.47034,417.20645,625.0456,946.3144,592.4059,1341.9125,986.5273,1125.2969,1129.9745
985,1183.4207,1010.51825,417.38327,622.75415,944.39484,592.26434,1339.1227,975.5353,1119.2158,1125.492
986,1237.6157,987.24615,495.3554,677.4182,1002.7552,650.3938,1533.0657,1385.5543,1402.838,1268.8522
987,1278.2743,883.39716,511.40112,689.06616,1001.9996,656.12494,1471.9122,1274.3151,1363.3291,1260.4644
988,1287.0236,850.5002,514.93024,699.9854,999.4402,633.0617,1430.5885,1249.7378,1319.0476,1264.5415
989,1248.5756,822.425,501.5697,671.8276,972.1543,609.7813,1371.9359,1180.7552,1276.017,1236.3018
990,1298.4519,832.2515,518.6384,691.2461,989.1404,628.50446,1375.3367,1148.5645,1302.659,1222.8949
991,1302.4891,834.2899,519.4216,691.48944,987.21655,635.1397,1367.4325,1127.1735,1291.1908,1214.3982
992,1296.5747,835.5588,521.1219,689.5172,983.91437,637.64343,1353.7948,1098.4651,1276.4785,1202.565
993,1295.8066,839.1358,523.89825,688.0725,981.9408,641.62036,1344.8721,1075.4442,1266.0115,1193.7535
994,1291.8455,843.7664,525.16187,684.6244,978.21954,644.14636,1336.2361,1055.1017,1253.2014,1186.4426
995,1287.1677,849.6911,525.8194,680.7416,974.355,645.9293,1329.0458,1038.3875,1240.9646,1180.0309
996,1282.1482,856.76764,525.9644,676.76746,970.4791,647.3501,1323.2582,1024.8123,1229.2955,1174.0792
997,1277.2296,865.06573,526.0396,673.1509,966.9616,648.6372,1318.714,1014.1002,1218.6593,1168.2998
998,1271.9484,874.0757,525.8051,669.5967,963.6062,649.6483,1315.1953,1005.95685,1208.8656,1162.7163
999,1266.648,883.57446,525.5862,666.3103,960.61066,650.5205,1312.4514,999.83746,1200.134,1157.1678
1000,1260.1381,892.7456,524.6179,662.50366,957.37756,650.8116,1310.198,994.629,1191.6376,1151.7866
1001,1252.7018,901.5566,523.23834,658.38434,954.08923,650.6483,1308.1008,988.63763,1183.3226,1146.3256
1002,1244.7219,909.97943,521.4134,653.988,950.99945,650.0735,1306.6394,983.32715,1175.6777,1141.3208
1003,1067.2726,735.6484,625.2244,576.6227,840.0567,567.0842,1269.1829,1238.5132,1096.757,1049.9219
1004,1417.0248,842.3251,978.6172,686.47723,988.1012,595.18445,1250.3906,1384.2913,1221.0834,1100.3531
1005,1313.9371,771.30505,800.95,604.36774,945.01215,527.1784,1271.7045,1316.7406,1197.6237,1154.5468
1006,1295.1924,758.32776,796.1611,603.1684,945.2596,525.07983,1244.4995,1187.3168,1195.8534,1136.4554
1007,1365.7013,785.0492,827.9242,626.3003,978.37854,566.7298,1286.535,1142.3734,1253.1895,1152.5618
1008,1349.3666,791.6698,815.4764,621.53357,973.297,582.02936,1289.2378,1105.4292,1245.2241,1154.4285
1009,1326.5725,791.16644,805.1983,616.3428,965.8521,591.6062,1280.0265,1070.668,1230.8312,1147.0922
1010,1309.4374,790.39124,796.6481,610.6809,959.56384,600.20715,1270.8505,1046.2164,1218.7626,1140.1898
1011,1291.6027,790.95355,787.3709,604.395,952.98553,606.1937,1262.1971,1028.0923,1205.4839,1134.2434
1012,1276.8126,793.8324,780.41895,599.5257,948.1957,611.62695,1255.641,1016.4451,1194.171,1129.4696
1013,1262.8008,797.8077,773.6809,595.01697,943.87366,616.3687,1250.7272,1008.4443,1183.64,1125.4233
1014,1249.8451,802.8204,767.70325,591.2876,940.3458,620.78754,1247.1483,1001.9176,1174.055,1121.8643
1015,1238.131,808.3409,761.863,588.07166,937.55817,624.82153,1245.1199,998.6938,1166.1758,1119.0818
1016,1225.8834,813.3529,755.5933,584.7496,934.3714,628.1701,1243.0021,993.4541,1157.7603,1115.9717
1017,1215.6846,819.023,750.6168,582.3011,932.3302,631.56195,1241.9751,989.66614,1151.0914,1113.5984
1018,1206.2714,824.58344,745.84845,579.88965,930.3199,634.54266,1241.3942,986.6435,1144.9249,1111.5659
1019,1197.0729,829.6827,741.13586,577.4304,928.17413,636.96094,1240.7274,982.7358,1138.7343,1109.4369
1020,852.93854,617.32385,491.2261,440.2538,708.9976,444.5548,1082.2938,895.4191,906.44763,929.6088
1021,1430.3802,852.34125,1034.131,618.26105,992.48944,569.32825,1144.2831,1330.8405,1123.8673,1080.5944
1022,1238.3215,709.575,735.6478,514.4227,893.257,471.44348,1201.5642,1241.8829,1085.654,1123.5309
1023,1238.8558,690.03754,742.2305,533.44836,912.6328,472.4029,1180.4658,1105.9187,1109.389,1107.9441
1024,1342.8947,715.53625,779.48694,565.1897,959.8192,522.15265,1245.401,1075.4891,1195.0662,1136.0664
1025,1327.8962,722.4645,763.6131,564.6437,954.37115,537.29224,1254.0565,1041.6569,1188.4769,1141.325
1026,1313.6503,724.6651,756.5679,566.03656,950.3016,549.01373,1249.4229,1010.8361,1180.2041,1135.5443
1027,1303.1272,726.1054,749.9434,565.23096,945.9235,559.39294,1243.6401,989.2585,1172.7504,1129.7173
1028,1291.4171,729.17944,744.08356,563.74927,941.54285,567.04083,1237.394,974.56744,1163.9203,1124.6204
1029,1278.1438,732.09717,737.0104,561.12463,936.7572,572.88855,1232.0033,962.8752,1154.6866,1120.0585
1030,1266.7559,736.4745,731.7896,559.3777,933.5062,578.58826,1228.2367,954.0727,1146.8705,1116.4485
1031,1256.5135,741.9851,727.26984,557.93665,930.9969,584.10516,1226.3062,948.11194,1140.2468,1113.9647
1032,1246.4747,747.90857,722.709,556.54553,928.67847,589.0859,1225.3965,944.40796,1134.3138,1111.9631
1033,1236.5409,753.9503,718.4218,555.2464,926.38214,593.6619,1224.7551,940.55225,1128.4994,1109.8682
1034,1227.0078,760.11523,714.28015,553.9703,924.2862,597.84485,1224.675,937.2024,1123.2592,1108.0541
1035,1218.2708,766.46484,710.63055,552.853,922.4875,601.7507,1225.0123,934.5513,1118.6001,1106.4744
1036,1209.291,772.331,706.3662,551.3483,920.3707,604.9863,1225.5192,931.93036,1113.9635,1104.9211
1037,2536.7559,2769.1038,3213.311,2420.486,1965.5138,1840.9897,2971.9749,2739.9097,3179.7305,1564.3655
1038,2577.6738,2476.559,3204.2776,2384.364,1926.5916,1844.106,2853.9407,2759.1978,3182.016,1553.3717
1039,2587.0315,2347.4846,3024.4128,2367.3567,1974.3695,1742.3173,2852.7463,2769.706,3212.9136,1621.1956
1040,2610.2822,2288.392,2835.6384,2348.379,1972.7397,1663.874,2876.1118,2859.0413,3301.7026,1678.5427
1041,2652.4846,2306.0432,2757.3286,2373.2832,1970.1982,1672.2755,2935.3816,2833.5386,3350.187,1726.505
1042,2693.6946,2340.1995,2719.3208,2404.1172,1975.8547,1699.086,2990.6987,2840.3967,3391.045,1765.5153
1043,2713.4321,2374.1677,2700.7537,2430.2996,1979.0789,1722.3024,3012.2078,2844.6355,3403.7454,1793.0461
1044,2715.1997,2401.7249,2692.5889,2449.4524,1979.7726,1736.6503,3010.7532,2846.9036,3403.459,1812.7003
1045,2705.8176,2421.8896,2687.877,2461.6877,1978.5638,1743.8163,3000.1147,2846.887,3398.1375,1827.6694
1046,2691.8281,2435.5195,2684.5266,2469.2488,1976.3849,1746.6006,2987.2942,2845.148,3391.1108,1839.6262
1047,2676.9502,2443.965,2681.6384,2473.5266,1973.5558,1747.0046,2974.9238,2842.1335,3383.1196,1849.4342
1048,2663.7312,2448.7893,2679.4348,2475.8093,1970.5847,1746.4285,2964.304,2838.95,3375.1323,1857.7944
1049,2652.9688,2451.191,2677.9727,2476.7993,1967.5713,1745.6191,2955.6091,2835.714,3367.3245,1865.0677
1050,2644.4722,2451.8628,2676.9695,2476.7388,1964.4515,1744.7725,2948.414,2832.3306,3359.5457,1871.4149
1051,2638.5876,2451.5723,2676.8726,2476.3025,1961.5529,1744.2313,2942.8003,2829.3643,3352.484,1877.1194
1052,2634.2297,2450.4685,2676.8735,2475.2026,1958.5083,1743.8219,2938.1238,2826.0088,3345.4177,1882.1664
1053,2631.3364,2448.9292,2677.2173,2473.8022,1955.4807,1743.6655,2934.2327,2822.3464,3338.5615,1886.6545
1054,1129.9585,833.5091,540.6915,616.6958,909.5187,596.2917,1387.1351,1293.7407,1234.0364,1144.125
1055,1257.8644,751.24615,627.40656,647.98444,948.97577,589.75104,1318.1984,1273.3367,1255.9575,1135.6628
1056,1245.1559,713.0223,580.4483,628.85077,941.2889,557.24274,1308.9093,1208.1001,1230.3987,1174.7494
1057,1224.0468,698.9394,575.0658,615.0186,933.50385,548.7706,1264.4801,1110.7427,1212.2245,1164.9464
1058,1289.0885,720.97076,597.7978,637.2709,959.79034,580.68207,1291.6102,1075.3857,1254.709,1176.1959
1059,1288.09,731.9332,597.862,637.3694,958.22736,592.7033,1291.5612,1051.163,1244.5116,1180.1063
1060,1278.5952,737.1999,598.0785,635.184,954.46564,599.47,1282.9078,1023.2931,1231.2623,1174.5892
1061,1274.9789,742.60626,598.5716,633.2481,952.0701,606.4235,1276.9312,1003.3083,1221.5715,1169.5399
1062,1268.2533,748.0607,596.88617,629.6348,948.1335,610.9607,1270.49,986.3626,1209.3181,1164.4808
1063,1262.2009,754.60895,595.22955,626.4715,944.95,614.80054,1265.5103,973.0946,1198.432,1159.5734
1064,1256.3423,762.0914,593.2713,623.54297,942.1706,618.1807,1262.1123,964.0497,1188.7065,1155.1089
1065,1250.3992,770.48676,591.32794,620.97235,939.65405,621.2695,1259.7167,956.9611,1179.7524,1150.5918
1066,1244.5233,779.6658,589.56006,618.7047,937.4565,624.16125,1258.2565,951.38586,1171.776,1146.1569
1067,1237.6091,788.9542,587.1153,616.0275,934.99506,626.4358,1257.3943,946.2893,1164.0101,1141.8741
1068,1231.0964,798.5274,585.05444,613.7056,933.0901,628.5075,1257.1421,943.01514,1157.4618,1137.7357
1069,1224.2208,807.9391,582.9452,611.1886,930.9969,630.23456,1256.9474,939.3795,1151.0063,1133.4344
1070,1217.5519,817.30023,581.03674,608.72876,929.20166,631.6871,1257.1227,936.5888,1145.3611,1129.3246
1071,1313.3004,1102.4095,475.3333,712.527,1061.011,690.3682,1623.819,1398.482,1498.9706,1351.765
1072,1712.8892,1459.3866,459.03818,887.07434,1262.3962,905.1112,2157.9644,1661.635,1851.2084,1756.0946
1073,1437.4583,1375.6884,456.84753,777.5104,1149.7421,778.83527,1851.6028,1342.5887,1528.2313,1617.8256
1074,1410.4202,1353.6,452.5382,750.0546,1130.8441,733.28925,1820.5825,1438.5165,1542.1157,1558.212
1075,1421.7184,1349.1846,447.03348,744.0815,1120.0541,733.72174,1812.5416,1458.7296,1522.6638,1512.5869
1076,1424.9785,1348.5632,441.19403,737.48,1109.8481,729.8216,1793.3827,1449.0676,1503.7094,1473.537
1077,1441.2273,1360.6362,441.34372,741.77014,1110.5226,731.42413,1789.4006,1452.0933,1500.0198,1452.2487
1078,1442.8846,1367.0345,438.94495,740.9045,1105.3203,729.6527,1776.5282,1437.0283,1484.3147,1430.9031
1079,1441.3701,1374.6409,436.92853,740.83276,1100.635,726.935,1763.1979,1419.0325,1469.4186,1411.5773
1080,1437.3403,1381.502,434.74915,740.25885,1095.112,723.43744,1748.7957,1401.2782,1453.6198,1393.2814
1081,1430.5414,1387.5754,431.9885,738.4698,1088.2993,718.8177,1732.8857,1381.9572,1436.2905,1375.2141
1082,1424.6705,1394.1128,429.69058,737.20306,1082.0297,714.22015,1717.4792,1365.533,1420.6812,1358.051
1083,1417.3883,1399.8546,426.92624,734.8758,1074.9924,709.10236,1701.6248,1347.9349,1404.1199,1341.4186
1084,1411.2748,1405.8352,424.6407,733.128,1068.9042,704.2835,1686.7576,1332.6924,1389.477,1325.7754
1085,1403.643,1410.6722,421.85513,730.3039,1062.2996,699.08185,1671.8759,1315.876,1373.9598,1310.8043
1086,1396.8627,1415.4587,419.4949,727.9969,1056.7137,694.2223,1658.0858,1300.7638,1360.1929,1296.7252
1087,1389.8931,1419.359,417.11505,725.416,1051.3796,689.52905,1645.0269,1286.0411,1346.868,1283.4896
1088,2593.6062,2057.276,1320.3016,1816.0686,1740.9441,1737.8507,2627.0103,2314.5505,2664.4177,2043.8021
1089,3223.0103,2459.369,1745.737,2309.9473,1918.2042,2102.683,3094.1968,2790.5945,3212.882,2286.19
1090,3082.7507,2554.8284,2047.833,2409.5688,1908.542,2012.7572,2686.2192,3029.854,3160.5273,2136.5754
1091,2780.3877,2474.4421,2075.44,2324.6138,1818.7568,1873.0966,2519.494,3023.829,3041.5552,2062.2073
1092,2609.6575,2416.8184,2185.6052,2336.2656,1788.192,1786.9988,2474.2664,2932.187,2980.3604,1990.7306
1093,2534.3135,2391.967,2286.506,2359.6846,1790.6292,1742.3743,2478.8506,2922.7104,2980.0989,1955.5685
1094,2530.4355,2392.9963,2402.6348,2406.2646,1817.6464,1726.5502,2503.22,2949.6565,3024.92,1941.5966
1095,2485.0469,2370.8738,2438.817,2400.981,1815.75,1697.769,2499.241,2931.927,3017.3652,1924.4258
1096,2473.2288,2357.1885,2494.951,2410.877,1824.9799,1679.5049,2499.7722,2922.7075,3024.7344,1908.4847
1097,2492.2634,2356.11,2494.297,2411.581,1841.1935,1684.4612,2560.7385,2897.5872,3068.377,1920.8407
1098,2533.2664,2370.5361,2548.618,2441.3696,1862.4581,1700.4025,2598.0054,2886.058,3104.0107,1924.4757
1099,2561.6775,2378.8716,2596.5146,2458.3767,1876.3604,1710.3904,2621.7598,2895.1204,3134.1277,1927.8015
1100,2567.8733,2379.0972,2631.8887,2461.783,1878.7039,1710.741,2627.3801,2888.5398,3140.131,1924.7653
1101,2568.0862,2375.743,2661.7947,2460.2534,1878.2156,1707.8688,2628.9453,2876.1606,3139.5422,1919.1814
1102,2565.7444,2369.2703,2683.6436,2454.4863,1876.0702,1703.7059,2630.3135,2860.9524,3136.33,1912.9988
1103,2563.9827,2361.6223,2700.8647,2447.5002,1873.4597,1699.8066,2631.9492,2844.2554,3132.0806,1906.6307
1104,2561.9832,2352.9194,2712.8584,2438.8281,1869.9896,1696.0227,2633.5498,2826.4473,3126.3684,1900.2948
1105,1318.3977,1060.9823,504.45703,723.8182,1055.9739,699.076,1608.046,1427.0576,1486.7068,1331.8123
1106,1301.5808,1040.0332,422.44345,690.78876,1040.4886,708.35614,1656.368,1287.5437,1424.5442,1407.9342
1107,1260.0039,1028.7786,453.60733,701.02423,1026.0223,666.87537,1542.5928,1204.1873,1328.3282,1371.1312
1108,1229.7538,1000.12317,441.12595,669.289,993.51587,635.0772,1499.2626,1217.0598,1299.2441,1331.8739
1109,1253.3241,1003.12726,445.47385,677.3924,994.60913,639.5188,1483.7771,1200.8881,1297.5892,1296.6938
1110,1267.8192,1005.7974,445.66977,681.54816,994.7919,642.58594,1473.0457,1194.9844,1290.8365,1274.1942
1111,1274.0813,1009.20325,445.938,684.6012,994.72296,643.6295,1460.5574,1180.9596,1280.3778,1255.2131
1112,1279.8989,1013.9686,446.9843,688.0023,995.17596,645.17194,1450.3708,1165.8818,1271.6625,1239.5492
1113,1282.1611,1018.6964,447.50293,689.78723,994.26996,645.9707,1440.3843,1149.6035,1261.5801,1226.007
1114,1282.5186,1023.7766,447.9669,690.60175,992.73444,646.26587,1430.9006,1133.758,1251.4985,1213.9497
1115,1280.707,1029.101,447.91632,689.9609,990.15643,645.96924,1421.9226,1117.2716,1240.6276,1203.1113
1116,1278.4076,1035.1251,448.04993,688.8736,987.58386,645.5055,1413.8906,1102.3851,1230.5262,1193.3218
1117,1274.8444,1041.3192,447.87744,686.79297,984.4327,644.702,1406.4923,1087.8223,1220.1908,1184.3156
1118,1271.2905,1047.9698,447.93463,684.57306,981.58105,643.92017,1400.0853,1075.1617,1210.9055,1176.0704
1119,1267.2667,1054.621,447.92676,681.8822,978.6216,643.09503,1394.3893,1063.2473,1201.9836,1168.4232
1120,1262.4609,1061.0869,447.69324,678.64417,975.5447,642.0617,1389.3026,1051.6831,1193.3163,1161.3579
1121,1258.1633,1067.6011,447.81,675.6581,973.08984,641.26215,1385.111,1042.0282,1185.9933,1154.8846
1122,2147.1416,1901.7233,672.47253,1254.2217,1552.8524,1258.7162,2362.104,2101.3572,2349.152,1927.2412
1123,2006.1951,1949.8015,672.0673,1231.3306,1535.1285,1324.1057,2318.5234,1669.7689,2158.3062,1908.3422
1124,2064.4966,1965.4233,734.8812,1238.6202,1519.4417,1291.1653,2327.3354,1896.3938,2203.9924,1948.3386
1125,1978.579,1856.8077,696.50604,1142.2155,1457.3151,1243.661,2226.9216,1813.2968,2096.0332,1879.5225
1126,1967.9451,1800.6056,697.0187,1143.8916,1440.6201,1234.2463,2181.1025,1794.3689,2076.805,1821.1932
1127,1977.927,1773.4631,696.7749,1154.2472,1426.534,1237.342,2169.5208,1801.2025,2066.77,1795.1204
1128,1968.9366,1749.8741,692.8585,1155.4873,1407.5765,1233.4379,2145.6418,1774.6375,2042.6217,1768.9193
1129,1965.3739,1739.8334,694.0573,1163.601,1394.6522,1231.4269,2129.0854,1756.9818,2028.6174,1748.0864
1130,1953.5704,1731.499,692.8658,1166.0471,1380.2406,1227.1042,2109.1692,1734.1382,2008.3201,1727.1641
1131,1936.6384,1724.9314,690.7379,1165.3774,1365.8229,1220.2657,2086.9749,1710.3481,1986.0186,1705.0431
1132,1915.9938,1720.7769,687.4198,1161.5531,1350.7968,1211.354,2063.4937,1685.1531,1961.0175,1681.9902
1133,1895.6913,1719.0696,684.1568,1156.6099,1336.3152,1201.199,2040.3118,1666.1846,1936.9983,1658.8081
1134,1872.0988,1718.2374,678.99915,1147.7173,1320.3771,1188.8193,2015.6643,1644.6179,1909.2771,1634.7295
1135,1852.5524,1720.4058,675.09424,1140.1122,1306.1675,1176.5502,1993.0588,1631.2847,1885.3485,1611.0308
1136,1832.6296,1723.0162,670.10443,1130.2317,1291.4226,1163.5553,1970.5564,1617.7714,1859.7454,1587.431
1137,1816.4767,1727.0974,666.12897,1121.7325,1278.4298,1151.2086,1950.0427,1610.1725,1837.5186,1564.4581
1138,1801.8143,1730.9928,661.9576,1112.8319,1266.1013,1139.3386,1930.8232,1604.0741,1815.8958,1542.3667
1139,2306.5183,2020.9088,748.497,1373.8708,1626.1387,1397.0232,2484.2756,2150.6677,2467.5183,2013.748
1140,2232.1814,2141.2422,769.7084,1384.9403,1626.9929,1513.837,2481.2712,1744.0162,2320.2751,2019.23
1141,2315.455,2197.436,843.689,1376.9702,1614.9252,1494.1512,2524.678,2002.3864,2377.773,2091.15
1142,2226.9663,2101.743,803.8525,1262.6764,1561.2529,1443.8652,2420.4756,1912.9023,2277.2913,2030.8217
1143,2198.5132,2043.4067,800.19775,1257.061,1547.6901,1430.4491,2365.7969,1890.8507,2256.1892,1968.235
1144,2195.5146,2015.0983,796.4971,1264.601,1535.7526,1431.4172,2354.4636,1905.9673,2248.5212,1941.0564
1145,2178.6973,1990.3989,789.6842,1263.8402,1518.2638,1425.6311,2333.4778,1888.3743,2227.8298,1915.6691
1146,2170.4297,1978.6682,788.9858,1270.9268,1506.1879,1422.2554,2321.0874,1880.7028,2216.9734,1896.1848
1147,2154.0527,1968.4727,785.35645,1271.5209,1491.9526,1415.798,2304.4578,1862.3348,2197.815,1876.4009
1148,2133.8445,1960.423,781.3951,1269.9906,1477.8374,1406.6427,2284.9697,1842.0519,2176.6443,1855.1793
1149,2112.138,1954.3823,777.0973,1266.655,1463.6182,1395.8146,2264.038,1823.7878,2154.0767,1833.1354
1150,2085.6687,1949.325,770.6402,1258.979,1447.5413,1381.8761,2239.8408,1800.4629,2126.5874,1809.3635
1151,2061.5735,1947.0094,765.0038,1251.7107,1432.2762,1367.1589,2216.072,1784.0754,2101.251,1785.2911
1152,2038.0007,1945.6069,758.7367,1242.5948,1416.5819,1351.6663,2191.8372,1769.4458,2074.9148,1760.8716
1153,2015.4966,1945.2072,752.1843,1232.5703,1400.9663,1335.6034,2167.614,1755.8236,2048.57,1736.1455
1154,1995.0392,1945.8633,745.7421,1222.4598,1385.9569,1319.5975,2144.3376,1744.393,2023.1685,1711.7474
1155,1974.8958,1946.8572,738.7923,1211.3552,1370.9562,1303.2086,2121.2188,1731.4539,1997.129,1687.5284
1156,2621.3982,2489.423,2369.2302,2316.9663,1908.5707,1960.815,2905.3596,2474.5828,3049.2883,1896.7511
1157,2801.6091,2522.4143,2568.831,2483.1355,1928.4443,1978.6692,2946.21,2762.748,3324.332,1957.8207
1158,2758.7078,2521.62,2463.9277,2437.6377,1936.3123,1899.9609,2994.2021,2897.8335,3280.5103,2019.797
1159,2758.911,2499.3247,2462.128,2427.258,1924.4651,1881.0531,2981.9038,2914.5725,3243.8757,2022.1016
1160,2763.528,2504.9812,2479.5378,2444.5554,1922.1395,1892.7452,2989.3147,2904.9446,3234.2664,2026.8932
1161,2759.782,2517.2317,2503.9355,2469.2761,1928.6963,1897.2063,2980.9465,2912.9385,3239.6787,2034.3492
1162,2743.4868,2528.8113,2528.1038,2488.7864,1934.1288,1895.4801,2963.8914,2915.7344,3242.3716,2040.5415
1163,2721.7869,2536.4429,2550.774,2502.1384,1937.257,1890.6007,2947.0894,2913.6003,3242.8596,2044.2289
1164,2698.9465,2539.3398,2569.2817,2509.3684,1938.0977,1884.1315,2933.4849,2907.187,3240.9712,2045.7451
1165,2678.7583,2538.5063,2584.4983,2512.5735,1937.7303,1877.4985,2923.7761,2898.1714,3237.9534,2045.6869
1166,2662.5293,2535.0576,2596.9038,2512.9568,1936.6208,1871.3842,2917.6052,2887.9114,3234.497,2044.6216
1167,2650.7717,2530.19,2607.5386,2511.748,1935.2339,1866.1791,2914.3325,2877.573,3231.3206,2043.0009
1168,2641.9092,2524.346,2615.882,2508.846,1933.1268,1861.6025,2912.6763,2866.245,3227.388,2040.8234
1169,2635.9026,2518.1577,2622.877,2505.1067,1930.7205,1857.8036,2912.284,2854.6797,3223.3618,2038.2881
1170,2633.064,2512.2283,2629.574,2501.4202,1928.5546,1855.0033,2913.1992,2844.399,3220.4224,2035.7904
1171,2631.3684,2506.3396,2634.6914,2497.0056,1925.9165,1852.632,2914.4458,2833.874,3217.0542,2033.1927
1172,2630.6047,2500.7395,2638.8186,2492.3047,1922.9904,1850.7461,2915.8013,2822.8613,3213.2583,2030.4373
1173,2611.9521,2085.5208,1335.1462,1838.9562,1752.8403,1764.1879,2648.0552,2301.244,2682.5586,2058.4956
1174,2881.5913,2325.365,1468.1637,2075.5227,1778.754,1984.9197,2845.3103,2429.672,2874.733,2157.033
1175,3045.5815,2554.1658,1523.309,2097.8857,1829.705,2112.7583,3047.3506,2726.7517,2931.6304,2246.556
1176,3209.4146,2610.103,1564.4086,2120.008,1871.5862,2194.771,3093.879,2886.3628,3021.696,2299.1133
1177,3292.787,2642.0703,1577.0647,2169.3462,1903.4298,2248.1995,3082.0889,2884.0334,3067.0105,2338.23
1178,3332.6023,2665.8757,1590.1277,2222.9785,1933.9672,2277.3945,3066.0427,2907.3337,3108.447,2379.1555
1179,3329.068,2682.8057,1588.2091,2254.9949,1948.3907,2286.6965,3041.678,2896.5886,3118.5908,2410.3435
1180,3309.4114,2689.284,1585.5686,2272.7766,1956.7828,2286.3018,3026.6077,2880.2778,3115.7136,2432.4644
1181,3288.8816,2689.3945,1582.8873,2280.399,1962.3639,2283.5762,3023.9138,2863.8877,3106.096,2448.192
1182,3269.857,2684.9778,1579.2202,2280.249,1966.1439,2279.9756,3027.0183,2845.4397,3092.2078,2458.5798
1183,3251.979,2677.6555,1574.0621,2274.641,1968.6218,2276.798,3032.0093,2822.3303,3075.2625,2464.5444
1184,3238.3303,2669.093,1569.2753,2266.8835,1971.5807,2275.7415,3038.3557,2800.7407,3059.74,2468.655
1185,3224.579,2659.705,1562.1595,2255.8694,1973.043,2275.4211,3041.5764,2773.515,3042.6504,2470.2478
1186,3212.1633,2649.5293,1554.491,2243.4243,1974.2609,2276.4512,3042.645,2745.337,3026.4912,2470.5444
1187,3202.2446,2639.305,1546.8159,2230.5088,1975.4845,2279.071,3041.975,2718.5164,3012.2542,2470.5896
1188,3193.153,2629.2317,1538.5458,2216.8494,1976.0544,2282.4302,3038.514,2690.611,2998.7239,2470.075
1189,3185.9294,2619.47,1530.8323,2203.4805,1976.6818,2286.6804,3033.5693,2665.0957,2987.2668,2469.65
1190,2554.508,2811.9014,3329.6123,2424.4526,1980.326,1810.7753,2989.8213,2844.2842,3194.3525,1532.9604
1191,2473.46,2398.946,3241.8171,2261.664,1877.232,1725.006,2696.6245,2828.4736,2991.0498,1466.3239
1192,2454.5664,2248.974,3117.7976,2215.965,1904.6873,1590.4651,2543.9426,2776.2395,2908.1272,1486.0994
1193,2492.6108,2202.3596,3020.6802,2213.5745,1902.7028,1516.2574,2508.6536,2844.8374,2977.4172,1509.1589
1194,2538.6455,2201.546,2913.8381,2240.5544,1916.8025,1510.4951,2613.0044,2842.5933,3123.215,1561.9651
1195,2565.6226,2216.4983,2821.9119,2273.0037,1925.4639,1524.7062,2699.3774,2805.2385,3213.366,1604.1299
1196,2600.944,2230.8083,2729.4866,2299.56,1941.5273,1544.068,2798.075,2816.8982,3303.9202,1648.2892
1197,2631.0322,2261.1206,2687.863,2335.4707,1951.0664,1570.7637,2850.449,2806.5134,3339.173,1677.509
1198,2648.9412,2290.9783,2664.8013,2362.5918,1957.4447,1592.5962,2882.8704,2810.2407,3362.2693,1701.6216
1199,2651.7307,2315.0615,2648.5818,2380.236,1958.6562,1606.877,2895.4114,2810.5015,3370.2817,1720.2535
1200,2646.0496,2332.7542,2636.922,2391.4355,1957.1154,1615.4635,2896.3584,2808.1843,3370.278,1734.8289
1201,2637.0813,2345.1536,2628.2158,2398.279,1954.2902,1620.731,2892.4646,2804.943,3366.6658,1746.8296
1202,2626.6335,2352.8535,2620.3198,2401.4785,1950.3945,1623.6666,2886.2034,2800.9482,3360.292,1756.8782
1203,2616.898,2357.2712,2613.6025,2402.5889,1946.1122,1625.4156,2879.211,2796.715,3352.4512,1765.4733
1204,2608.965,2359.5337,2608.2712,2402.5662,1941.873,1626.7089,2872.5708,2792.9329,3344.285,1773.0571
1205,2602.407,2360.204,2603.7625,2401.559,1937.5164,1627.6859,2866.1995,2788.9827,3335.5674,1779.7241
1206,2598.0852,2360.0947,2600.764,2400.4834,1933.6259,1628.788,2860.796,2785.938,3327.649,1785.8707
1207,2575.4563,2525.3926,2552.996,2322.4492,1906.159,1912.9364,2899.4268,2533.9097,3056.5505,1808.8691
1208,2742.3835,2470.4915,2676.2925,2447.4707,1921.965,1916.7249,2939.8276,2755.3206,3312.0042,1873.9491
1209,2641.3037,2416.2844,2649.9744,2401.6833,1909.9851,1774.1118,2808.7136,2861.3806,3179.7224,1880.0968
1210,2610.812,2363.2817,2606.7383,2358.9329,1885.9714,1729.7643,2799.3003,2880.592,3158.8152,1880.2399
1211,2630.8298,2352.6648,2543.6404,2357.2078,1886.2214,1739.5443,2871.4487,2864.4045,3190.6863,1899.3881
1212,2686.5906,2385.5833,2563.1785,2411.0386,1912.1344,1772.0515,2916.4407,2862.0713,3233.6428,1918.2908
1213,2708.0728,2411.6406,2570.8655,2442.0508,1928.211,1790.0918,2935.4126,2882.683,3264.6943,1937.8281
1214,2707.1235,2432.4595,2580.267,2462.505,1935.2333,1797.5315,2931.5625,2886.7742,3273.965,1950.5653
1215,2696.5059,2447.3997,2591.1294,2475.3376,1938.1501,1799.4078,2922.2024,2885.6677,3276.1748,1958.8218
1216,2682.4214,2456.8538,2600.9575,2482.585,1938.7019,1798.497,2913.2625,2881.338,3275.3499,1964.3391
1217,2667.4749,2461.2083,2608.3162,2485.439,1937.4742,1795.8801,2905.3289,2874.3284,3271.9365,1967.7242
1218,2654.312,2462.121,2614.3806,2485.7927,1935.4579,1792.8301,2898.955,2865.862,3267.2632,1969.6034
1219,2643.532,2460.6677,2619.2102,2484.3035,1932.9362,1789.8368,2894.186,2856.7493,3261.9568,1970.4723
1220,2635.0354,2457.7212,2623.1057,2481.547,1930.0032,1787.1368,2890.5881,2846.917,3256.0818,1970.5325
1221,2628.9597,2453.9485,2626.568,2478.1443,1926.988,1784.9208,2888.0908,2837.206,3250.3733,1970.0911
1222,2625.7798,2450.0793,2630.512,2474.9558,1924.3861,1783.4645,2886.8716,2828.8376,3245.9104,1969.5441
1223,2623.4148,2445.8186,2633.313,2471.0054,1921.3883,1782.1162,2885.8777,2820.2815,3241.024,1968.7239
1224,1421.6055,1197.6383,499.28494,783.01105,1130.8973,756.4299,1719.9355,1533.4474,1619.4305,1426.5087
1225,1325.3988,1117.496,459.82675,741.8642,1078.4877,752.4443,1637.1005,1259.0624,1454.0323,1401.6073
1226,1306.4481,1078.8363,482.11227,747.7988,1056.486,706.2868,1562.036,1284.5197,1397.2816,1367.7362
1227,1254.1418,1028.8903,462.3921,705.7966,1007.884,668.3991,1491.2981,1241.5681,1331.0892,1313.8889
1228,1284.8748,1025.1051,472.42075,717.5805,1011.1006,672.95966,1470.7378,1211.9374,1334.793,1278.1199
1229,1294.8301,1019.26746,472.05264,718.55273,1006.9957,674.14935,1454.4974,1193.2198,1320.6455,1257.5629
1230,1294.382,1015.9241,472.25067,718.4396,1003.20917,672.36865,1434.8795,1165.8643,1303.0751,1238.4745
1231,1298.972,1016.7028,475.07587,721.00104,1002.55237,673.1974,1421.1178,1145.0833,1292.0405,1223.2916
1232,1297.2644,1017.78705,475.5559,719.7218,999.02386,672.67285,1407.9675,1122.7917,1276.9424,1210.6151
1233,1295.7236,1021.0393,476.79932,718.6533,996.5009,672.2276,1397.0476,1105.1383,1264.4824,1199.7389
1234,1293.4484,1025.2078,477.93204,716.76056,993.5662,671.88055,1387.7682,1090.3451,1252.6045,1190.0454
1235,1290.2458,1030.268,478.9273,714.21356,990.4005,671.42896,1379.7451,1077.1879,1241.4012,1181.1757
1236,1285.9464,1035.7848,479.5201,710.88776,987.0436,670.7427,1373.075,1065.5502,1230.835,1173.297
1237,1281.0651,1041.4825,480.08304,707.25275,983.8279,669.95416,1367.4058,1055.6133,1221.2672,1166.0262
1238,1275.3794,1047.1414,480.3485,703.09283,980.4991,669.03284,1362.593,1046.0294,1212.1876,1159.2983
1239,1268.4312,1052.6263,480.0122,698.1677,976.8914,667.72925,1358.4863,1035.8151,1203.1527,1153.163
1240,1261.5596,1058.3511,479.78638,693.3472,973.7401,666.468,1355.2141,1026.2897,1195.1414,1147.5437
1241,2482.2,2020.0132,962.96484,1577.8981,1685.779,1578.207,2547.232,2227.4297,2562.464,2047.7593
1242,2135.3184,1898.2024,858.90533,1425.721,1517.0544,1528.6567,2240.0796,1583.6812,2142.0698,1887.3763
1243,2165.359,2032.3351,858.0755,1410.1589,1499.997,1491.8672,2359.1443,1821.9117,2185.936,1971.2411
1244,2022.4795,1942.7533,794.95703,1264.9612,1432.4817,1409.5349,2219.1191,1746.8049,2055.2297,1906.5063
1245,1936.8069,1880.534,766.67615,1224.235,1404.1251,1355.0836,2136.5242,1718.3103,2013.8159,1822.0516
1246,1924.7949,1871.6349,751.101,1219.04,1396.952,1335.6604,2133.5332,1769.4734,2017.0326,1789.6462
1247,1899.5656,1856.0498,729.5557,1195.015,1379.3011,1310.6606,2115.088,1761.7937,1993.0748,1759.9167
1248,1896.3755,1855.9393,720.23505,1188.6619,1372.1173,1293.7338,2109.4807,1765.3624,1988.3939,1736.9359
1249,1888.7262,1855.084,709.7897,1177.8969,1362.3387,1277.523,2100.906,1754.8274,1974.0978,1716.3157
1250,1878.9418,1854.8425,701.1141,1168.2545,1352.7556,1261.0387,2088.7795,1739.197,1958.2844,1694.8707
1251,1870.2609,1856.0259,694.4249,1160.6337,1343.7648,1245.9325,2075.9062,1726.6313,1942.769,1673.8898
1252,1857.8807,1856.3805,687.0959,1150.9749,1332.9768,1230.0338,2059.6594,1709.6798,1922.9252,1652.3213
1253,1845.1438,1857.7921,680.4308,1141.7882,1322.0532,1214.0768,2042.2405,1693.3661,1902.7139,1630.6039
1254,1832.5345,1859.7421,674.1579,1132.601,1310.9474,1198.3591,2024.2814,1678.9491,1882.1345,1609.2018
1255,1818.4652,1861.6764,667.4933,1122.2432,1299.0348,1182.2375,2005.1277,1662.2039,1859.6786,1587.7312
1256,1806.3705,1864.8177,661.8476,1113.2101,1287.9988,1166.9948,1986.7896,1649.0598,1839.0531,1566.8098
1257,1794.4725,1867.8557,656.2277,1103.8003,1276.9539,1152.2651,1968.6459,1636.119,1818.1312,1546.5424
1258,1250.1572,998.27563,496.58533,684.6423,1011.3075,657.847,1544.9692,1392.4857,1416.3248,1278.8628
1259,1216.3225,870.05725,467.48746,653.1044,974.5564,634.97644,1464.2208,1257.035,1322.2357,1261.8331
1260,1228.1039,842.9704,486.85895,672.2453,981.5559,613.1818,1412.181,1218.2919,1284.6218,1259.93
1261,1201.9413,818.0383,476.1572,647.386,958.3481,592.6891,1365.0109,1168.5164,1251.2891,1237.2517
1262,1245.9116,826.23126,490.63364,664.5777,973.76776,607.9901,1364.4169,1138.273,1272.3942,1222.1108
1263,1254.1857,827.95593,491.85745,666.4445,973.8926,614.4113,1357.3998,1117.4047,1263.2527,1212.1754
1264,1253.15,829.5593,493.79916,666.35535,972.63055,617.3273,1345.3107,1090.8389,1250.4521,1200.0466
1265,1256.733,833.54346,497.23337,667.09326,972.42145,621.8084,1337.2401,1069.1692,1241.6788,1190.4573
1266,1257.2814,838.5731,499.58527,666.00775,970.32275,625.0941,1329.4197,1050.3157,1230.9684,1182.4781
1267,1257.049,844.8378,501.7364,664.505,967.91046,627.78186,1322.7286,1034.9882,1220.9269,1175.4789
1268,1256.0256,851.971,503.49744,662.60657,965.14233,630.0957,1317.1123,1022.14996,1211.2168,1169.0475
1269,1253.5747,859.7534,504.57285,660.1177,961.96906,631.8826,1312.3319,1010.18823,1201.4423,1162.9957
1270,1251.3549,868.28955,505.89413,658.00366,959.4797,633.5932,1308.7554,1001.72174,1193.2632,1157.4269
1271,1247.5704,876.7399,506.47296,655.16345,956.40826,634.80566,1305.5193,993.1577,1184.681,1151.8837
1272,1243.6167,885.4784,507.08212,652.4313,953.8165,635.84265,1303.0605,986.0136,1177.1808,1146.6545
1273,1238.8317,893.996,507.25092,649.276,951.1192,636.54395,1301.0927,979.25104,1169.9023,1141.7065
1274,1233.2444,902.3037,507.09207,645.7847,948.3594,636.90424,1299.3608,971.82837,1162.7218,1136.8591
1275,1845.6284,1661.0033,565.6147,1041.4412,1394.6671,1030.7251,2117.4302,1879.3671,2072.797,1745.2804
1276,1824.4082,1744.3276,594.5674,1091.9916,1420.7849,1127.0375,2155.5771,1618.5505,2003.3168,1781.7141
1277,1767.5522,1669.2107,616.5288,1050.9529,1360.3395,1054.8973,2054.6194,1691.9978,1922.8792,1737.6113
1278,1634.7205,1542.1964,572.1598,955.84534,1275.3556,982.26855,1925.9178,1580.3975,1782.8192,1641.7971
1279,1620.654,1494.0822,574.2271,957.6832,1251.3304,965.41724,1874.5695,1552.9141,1752.6058,1576.9711
1280,1609.8666,1461.7928,568.00867,952.5401,1223.2002,954.29297,1837.5176,1529.9862,1714.8093,1536.5435
1281,1594.3125,1441.4717,563.1899,947.1062,1198.7739,941.27405,1798.9799,1492.2275,1678.4486,1502.0258
1282,1586.4465,1432.0488,562.167,946.8722,1181.8204,931.5429,1769.2573,1467.0045,1653.214,1474.6179
1283,1572.2622,1423.2415,558.79285,941.7476,1164.7262,920.7202,1739.3461,1438.5349,1623.8235,1448.7733
1284,1557.6643,1417.761,555.4309,935.91345,1150.1176,909.97974,1712.2025,1412.0082,1596.5726,1424.2585
1285,1543.479,1414.9846,552.01,929.3455,1137.1868,899.6811,1687.8986,1389.1694,1570.7748,1401.1443
1286,1530.037,1413.6877,548.6834,922.4543,1125.8273,889.675,1666.0698,1372.5796,1547.14,1379.2454
1287,1516.4733,1413.5306,545.03735,914.70886,1115.1786,880.01666,1646.0099,1356.715,1524.0938,1358.1716
1288,1503.6715,1414.5056,541.5227,907.02484,1105.8082,870.788,1628.2516,1344.0333,1503.2079,1338.4419
1289,1490.9657,1416.1805,537.9714,898.9902,1097.1155,862.01483,1612.122,1331.3386,1483.3131,1319.8423
1290,1479.3141,1418.1703,534.86273,891.4908,1089.6884,853.844,1598.0173,1322.4056,1465.9717,1302.6571
1291,1466.7261,1419.6625,531.2859,883.0499,1082.2435,845.81415,1584.8693,1311.5579,1448.5822,1286.5614
1292,1777.9216,1617.911,540.07336,991.10425,1357.2147,982.3592,2066.8452,1799.2314,2004.5868,1707.5957
1293,1308.6991,1438.9923,428.74332,762.2243,1154.321,840.7104,1745.8032,1158.1609,1479.0658,1508.4496
1294,1252.5723,1419.2268,428.1502,736.5612,1096.9656,755.419,1690.5663,1248.5862,1437.0214,1457.8282
1295,1178.2462,1368.1265,393.8942,667.61426,1017.6917,689.0462,1618.4933,1245.081,1330.8154,1393.1133
1296,1169.8949,1368.0297,386.94882,652.3252,993.3463,663.4865,1582.0046,1228.2499,1295.4504,1340.4878
1297,1180.3337,1378.9257,381.4947,646.7622,984.07166,653.0362,1571.2937,1240.7006,1280.915,1314.6396
1298,1178.8593,1383.058,376.52896,640.1246,974.76624,642.1628,1552.1904,1229.5273,1260.5092,1290.2457
1299,1184.4943,1391.0013,375.5552,641.0601,973.40753,636.7809,1540.025,1219.9099,1251.3566,1271.2274
1300,1186.8417,1393.9104,374.15427,641.4295,971.58997,632.27625,1527.9312,1207.339,1240.8431,1254.6832
1301,1187.379,1394.7124,372.81818,642.04205,970.338,628.29346,1516.209,1191.2124,1230.4824,1239.6791
1302,1187.5281,1394.3335,371.69202,642.9413,969.65265,624.9755,1505.6,1174.3448,1220.8142,1226.3734
1303,1187.3757,1392.9097,370.77176,643.9072,969.2549,622.0987,1495.6858,1157.788,1211.7074,1214.2745
1304,1186.5646,1390.5842,369.77585,644.5042,968.74634,619.3903,1486.3943,1141.221,1202.6594,1203.2701
1305,1185.6184,1387.9329,368.9306,645.01794,968.42426,616.95044,1477.8071,1124.9528,1194.1432,1193.2253
1306,1183.8427,1384.8113,367.8958,644.9114,967.7954,614.4679,1469.7637,1108.3374,1185.4463,1184.0796
1307,1182.0824,1381.8538,367.02823,644.7494,967.4287,612.2084,1462.5068,1092.3384,1177.418,1175.7477
1308,1179.5947,1378.5581,365.9734,643.9712,966.7601,609.86566,1455.7903,1076.6283,1169.3218,1168.1384
1309,2329.9626,1948.8215,813.0548,1419.8734,1622.1749,1426.3774,2452.791,2170.9785,2458.616,1989.2021
1310,2186.7273,1962.473,796.724,1395.109,1567.8352,1497.7856,2350.3928,1688.2327,2229.6987,1944.2515
1311,2249.1726,2029.4795,854.89935,1401.8689,1553.3143,1472.881,2392.8071,1942.9592,2274.1719,2004.5886
1312,2147.32,1933.636,808.7385,1288.7797,1494.5714,1422.4979,2277.6072,1876.7872,2168.8726,1939.9408
1313,2100.585,1868.4196,798.52405,1274.9066,1475.4432,1400.7433,2215.2651,1847.2812,2143.6436,1869.8405
1314,2096.581,1845.3704,793.2752,1283.0348,1466.2617,1398.9296,2209.7354,1868.2699,2143.531,1841.0726
1315,2072.7468,1822.3367,781.22437,1275.7874,1448.5311,1388.8806,2190.0593,1843.0427,2120.6113,1812.7609
1316,2062.1816,1812.8044,778.206,1279.8644,1438.249,1381.9727,2179.6204,1831.4344,2111.8042,1790.2197
1317,2045.4121,1804.289,772.589,1277.4753,1425.2708,1373.4341,2165.135,1810.6686,2093.8948,1768.4496
1318,2024.5487,1796.86,766.8191,1272.3862,1411.6102,1362.2228,2146.59,1785.6976,2072.7725,1745.5018
1319,2002.754,1791.8094,761.2073,1265.7142,1397.5535,1349.6102,2126.5312,1761.877,2049.9521,1722.4343
1320,1981.5753,1788.492,755.90247,1257.762,1383.2589,1335.9673,2105.3535,1742.6036,2026.7294,1699.3167
1321,1960.3607,1786.3623,750.18524,1247.8689,1368.3481,1321.3138,2083.2007,1724.8195,2002.0963,1676.0094
1322,1940.3438,1785.8497,744.5498,1237.1931,1353.4929,1306.1383,2061.1235,1709.1317,1977.48,1652.7832
1323,1921.1825,1786.6094,738.73706,1225.6176,1338.6522,1290.5437,2039.3572,1694.5748,1952.5872,1629.8546
1324,1903.6656,1788.4984,733.2309,1214.0657,1324.3484,1274.9736,2018.313,1682.2921,1928.5067,1607.3312
1325,1887.4956,1790.8871,727.8484,1202.4769,1310.5726,1259.595,1998.0413,1671.8756,1905.0807,1585.3497
1326,1599.079,1492.8422,480.05347,871.5928,1261.8701,853.8099,1934.7163,1666.2648,1847.2627,1610.2555
1327,1334.802,1456.7098,417.7737,757.42474,1159.6713,814.2074,1787.3586,1234.01,1517.1761,1518.5573
1328,1321.119,1418.2101,446.6191,759.0506,1122.4342,755.0535,1715.382,1360.5732,1493.79,1462.2327
1329,1255.6226,1342.0774,419.17673,698.6144,1046.6486,703.4555,1638.088,1333.3424,1396.5428,1391.7362
1330,1271.0773,1331.3328,424.95612,702.43207,1037.0104,694.825,1608.4459,1314.2922,1382.8235,1348.297
1331,1291.4636,1323.154,427.27682,707.0278,1031.9052,694.60547,1594.6942,1316.3516,1373.5015,1326.2947
1332,1295.9117,1313.1405,427.74036,708.44055,1025.0101,691.41675,1572.8777,1294.706,1355.0524,1305.2002
1333,1306.6549,1309.8369,431.66858,716.20685,1024.5283,691.9934,1557.6154,1277.5566,1346.6744,1288.6295
1334,1310.3435,1304.016,433.32376,720.6563,1021.63226,691.3507,1541.5579,1257.1749,1333.7332,1273.7432
1335,1310.7803,1299.0608,434.29205,723.9527,1018.6957,689.9348,1525.8054,1233.9761,1320.2142,1259.7123
1336,1310.8435,1295.3654,435.27014,726.90015,1016.38776,688.56757,1511.7776,1213.3827,1307.9038,1246.9873
1337,1309.4655,1291.9337,435.8011,728.60944,1013.82965,686.83136,1498.6208,1194.5594,1295.5262,1235.0206
1338,1307.1572,1288.972,436.01212,729.3363,1011.2946,684.8603,1486.5983,1177.2943,1283.5869,1223.8202
1339,1304.6512,1286.5779,436.2389,729.5126,1009.09375,682.95996,1475.8649,1161.883,1272.6595,1213.3916
1340,1300.4939,1284.3026,435.8631,728.2307,1006.3583,680.6755,1465.9368,1145.6063,1261.2802,1203.6704
1341,1296.7089,1283.0356,435.8011,726.9219,1004.323,678.66016,1457.4703,1131.2504,1251.487,1194.7914
1342,1292.3708,1281.924,435.59503,724.9024,1002.2072,676.6665,1450.0483,1118.1449,1242.1708,1186.7009
1343,1029.7834,742.87054,541.4103,552.9502,833.46967,541.02527,1273.2177,1174.6312,1105.4438,1058.849
1344,1391.2512,816.78735,860.5013,677.83044,991.1522,600.7595,1254.5831,1314.9321,1236.5558,1101.014
1345,1336.4584,759.5897,728.87,620.3124,957.1603,546.37244,1294.0219,1285.0063,1221.7715,1160.3694
1346,1314.0518,744.104,727.3792,617.0165,951.2625,539.6097,1256.221,1168.8778,1213.1392,1137.8152
1347,1391.9156,771.4237,760.3768,642.33923,982.95844,580.29205,1299.6891,1133.8923,1273.3624,1153.7092
1348,1374.7261,779.3658,751.5856,637.7491,976.1454,593.42993,1301.1151,1101.3391,1262.9568,1156.642
1349,1349.0399,778.7873,743.616,631.93365,968.0306,600.64703,1290.8527,1066.728,1247.6649,1149.7094
1350,1331.7738,778.438,737.58954,626.5077,962.35297,608.2242,1281.8308,1041.104,1235.8606,1143.503
1351,1314.7299,779.635,731.0152,620.5651,956.5778,613.68384,1273.3658,1022.666,1222.9747,1138.4225
1352,1300.2189,782.6477,725.54224,615.5904,952.0059,618.42883,1266.8822,1011.2754,1211.846,1134.2323
1353,1285.7761,786.44147,719.60626,610.70557,947.37866,622.4525,1261.5691,1001.7598,1200.719,1130.2108
1354,1273.3846,791.7548,714.61084,606.99677,944.09235,626.4336,1258.2455,996.0348,1191.7238,1127.0017
1355,1261.4751,797.609,709.5473,603.5897,940.96533,630.0802,1255.9248,991.56573,1183.3477,1124.0144
1356,1250.6781,804.06165,705.05804,600.8362,938.4548,633.5106,1254.5132,988.9731,1176.2174,1121.2793
1357,1238.9785,809.7826,699.3897,597.5503,935.3517,636.0385,1253.2408,986.0007,1168.883,1118.3909
1358,1227.9016,815.443,694.1774,594.62115,932.6341,638.2803,1252.0734,981.879,1161.9644,1115.4208
1359,1217.3826,820.97253,689.0051,591.6407,930.06213,640.1775,1251.3401,977.3485,1155.4677,1112.8114
1360,2653.0085,2226.5996,1745.0059,2055.5972,1818.39,1874.2808,2761.4204,2400.3528,2827.6985,2029.3875
1361,2757.8787,2414.7976,1863.1234,2230.8677,1787.5055,1961.0038,2820.045,2469.6514,2970.239,2045.8087
1362,2802.526,2564.4807,1759.8221,2181.1155,1810.2144,2003.0015,3042.8386,2689.1482,2985.385,2132.835
1363,2921.361,2568.7117,1756.6511,2196.1416,1840.61,2058.477,3097.1711,2807.4382,3013.2585,2161.3508
1364,2927.5876,2559.2917,1726.7833,2202.0854,1836.4989,2077.721,3030.3398,2752.5515,2974.4597,2163.509
1365,2938.9158,2565.0398,1719.8549,2228.617,1851.5231,2091.2253,3007.0867,2773.9404,2982.0574,2184.558
1366,2935.6553,2573.8,1701.4196,2239.3906,1858.7437,2096.4573,2989.523,2786.2312,2979.8418,2211.05
1367,2927.2866,2579.3298,1684.404,2244.151,1864.1873,2097.7817,2974.32,2786.0845,2972.253,2234.6326
1368,2918.6523,2582.2805,1667.2274,2243.4673,1868.4528,2098.5479,2965.401,2782.3438,2962.2893,2255.3801
1369,2908.0554,2581.259,1647.1104,2236.109,1870.0616,2098.3083,2958.2717,2769.6746,2947.6328,2271.8813
1370,2899.0942,2576.461,1626.5347,2225.1792,1870.8043,2098.7825,2953.4636,2752.3677,2931.563,2284.7207
1371,2892.703,2568.843,1605.9108,2211.929,1870.9747,2100.485,2949.6309,2732.3784,2915.2273,2294.691
1372,2887.8945,2559.029,1585.2201,2196.8755,1870.3817,2103.2,2944.8994,2709.0266,2898.4666,2302.046
1373,2884.2432,2547.6162,1564.9055,2180.7427,1869.231,2106.8838,2938.7185,2683.074,2881.7734,2307.1853
1374,2882.6309,2535.4453,1545.8064,2164.6086,1868.1382,2111.733,2931.6562,2657.5327,2866.5605,2311.053
1375,2881.3328,2522.867,1527.2542,2148.1055,1866.4832,2117.0632,2922.6353,2630.5403,2851.6677,2313.5254
1376,2880.771,2510.314,1509.9954,2132.0195,1864.7937,2122.9092,2912.4915,2604.0183,2838.0266,2315.0447
1377,2595.6985,2563.1897,2600.1335,2361.2854,1926.091,1935.7577,2932.6772,2556.953,3104.9084,1814.6371
1378,2754.0605,2509.3015,2710.7334,2482.3867,1938.6492,1958.0405,2971.5002,2729.7085,3340.8467,1875.04
1379,2750.659,2481.825,2605.5732,2463.481,1968.1776,1866.3588,3025.9038,2912.4666,3353.0706,1953.1614
1380,2719.725,2448.9219,2529.5317,2421.7166,1937.4349,1828.2926,2995.5662,2906.8682,3283.4478,1964.1002
1381,2726.012,2457.9436,2508.4773,2428.5605,1928.2484,1842.8313,3012.137,2866.5469,3259.048,1974.7426
1382,2744.891,2476.3254,2509.854,2453.0996,1938.6409,1858.3118,3026.9814,2887.078,3275.1355,1992.7739
1383,2742.8674,2493.6467,2514.871,2472.2898,1944.3959,1864.4216,3016.7742,2896.6292,3278.2104,2006.8235
1384,2731.4949,2508.3052,2527.99,2487.9524,1947.9736,1865.1315,2998.7278,2900.228,3277.8118,2016.2336
1385,2712.7273,2517.281,2539.1836,2496.0063,1947.92,1861.7539,2981.1252,2897.902,3273.6694,2022.0864
1386,2692.8381,2521.2817,2549.1157,2499.7358,1946.1519,1856.8052,2966.3806,2890.5596,3267.6143,2025.0702
1387,2676.592,2521.9626,2559.2476,2501.7085,1944.4486,1852.2688,2956.053,2882.7346,3262.9124,2026.5753
1388,2662.9556,2519.9006,2567.5232,2501.331,1942.0624,1847.9791,2948.5923,2873.5981,3257.8335,2026.9669
1389,2652.0774,2516.0146,2574.206,2499.2842,1939.2122,1844.0912,2943.2163,2863.387,3252.267,2026.4921
1390,2643.9453,2511.173,2579.8545,2496.2097,1936.0977,1840.8751,2939.5325,2852.467,3246.4805,2025.386
1391,2639.007,2506.117,2585.3684,2492.9773,1933.2495,1838.5879,2937.5688,2842.402,3241.6768,2024.101
1392,2635.312,2500.7324,2589.473,2488.8281,1929.9293,1836.6732,2936.182,2831.7566,3236.3215,2022.501
1393,2633.86,2495.633,2593.581,2484.905,1926.9469,1835.4642,2935.7378,2822.1992,3231.8855,2020.9331
1394,2237.6406,1804.2289,814.1088,1369.9034,1566.1179,1352.2856,2345.6267,2150.1519,2363.348,1905.702
1395,2072.4656,1731.5875,756.89166,1321.4781,1493.8398,1373.5037,2246.8093,1735.3942,2140.4448,1868.7448
1396,2120.1494,1802.9456,793.3359,1332.8601,1493.1176,1352.2708,2295.7974,1890.337,2161.4055,1923.8279
1397,2079.8816,1747.1832,763.79895,1257.1908,1460.6074,1328.9225,2228.4548,1874.2756,2109.046,1885.6475
1398,2106.5134,1703.9082,767.50745,1265.5248,1469.7338,1333.6239,2219.7297,1947.9564,2144.0088,1858.6904
1399,2116.0269,1677.0181,757.82635,1266.5461,1466.4807,1341.1797,2217.7317,1935.3203,2144.0176,1837.7017
1400,2108.95,1655.8352,749.23065,1266.9388,1461.7255,1337.4155,2210.4639,1909.622,2139.1313,1820.7421
1401,2098.938,1644.6151,743.14307,1269.3573,1457.3857,1333.3912,2205.9163,1880.5863,2130.5703,1808.9056
1402,2071.4583,1631.1128,733.63464,1262.9805,1446.6742,1322.9854,2188.575,1836.6703,2107.305,1792.853
1403,2038.9977,1619.5829,724.9605,1255.0029,1434.5604,1309.3339,2166.905,1795.5284,2081.764,1775.2822
1404,2003.9413,1609.9872,716.0778,1244.1123,1420.0751,1293.4572,2141.6887,1757.0348,2053.1396,1755.8923
1405,1969.7611,1603.0767,707.631,1231.5905,1404.2817,1276.1711,2115.1138,1724.0671,2024.3662,1735.1515
1406,1939.4703,1599.5669,700.06165,1218.6561,1388.1985,1258.7937,2089.5269,1698.6102,1997.266,1714.013
1407,1910.5125,1598.5223,692.20166,1203.8285,1370.9852,1240.8884,2063.9336,1674.5956,1969.0612,1691.961
1408,1884.8619,1600.6964,685.0649,1189.162,1354.0961,1223.1866,2039.8875,1654.8512,1942.2999,1669.765
1409,1862.0339,1605.3188,678.36237,1174.5184,1337.5547,1205.932,2017.3298,1639.04,1916.441,1647.6813
1410,1840.5846,1611.59,671.75494,1159.5989,1321.116,1188.8757,1995.3961,1624.3057,1890.5143,1625.2979
1411,2534.4487,2748.8818,3161.3716,2414.9822,1959.385,1849.2406,2965.6123,2713.95,3171.69,1581.7175
1412,2517.447,2407.6118,3100.1414,2311.7966,1890.5188,1774.0312,2752.2378,2775.5288,3080.5234,1553.0386
1413,2468.1763,2262.6855,2974.3389,2256.4243,1898.4589,1620.5612,2603.3545,2768.99,2975.9536,1569.2878
1414,2484.5051,2211.504,2904.2327,2241.8628,1883.604,1545.6003,2547.5723,2827.675,3006.2659,1579.8975
1415,2522.908,2225.0195,2902.164,2273.1921,1884.7065,1547.8236,2569.6155,2817.4736,3065.3662,1596.9501
1416,2517.5095,2226.8044,2874.7217,2282.2056,1877.0496,1546.4355,2570.0122,2799.888,3084.9407,1604.4525
1417,2558.365,2260.8691,2921.344,2330.7754,1896.0962,1569.7498,2590.6934,2807.943,3134.5693,1615.6403
1418,2527.8335,2251.5664,2884.4944,2320.9888,1887.2948,1562.4052,2583.0056,2800.5234,3134.8596,1620.4376
1419,2524.2778,2257.1702,2881.6584,2332.2083,1890.1636,1560.7334,2577.11,2792.42,3141.4338,1625.2329
1420,2541.582,2273.358,2904.391,2355.278,1901.5305,1570.6007,2591.566,2802.2832,3168.7573,1634.3019
1421,2525.1765,2271.0867,2892.009,2352.774,1897.8406,1565.7037,2586.9238,2797.656,3166.5088,1638.265
1422,2506.073,2262.591,2868.0918,2343.994,1892.4343,1554.1935,2577.6028,2789.5654,3157.874,1641.2312
1423,2493.7993,2255.992,2848.4626,2337.2412,1887.8168,1544.8545,2570.7825,2778.4487,3148.7458,1643.4974
1424,2490.9917,2252.479,2835.3606,2334.6724,1886.3472,1539.587,2571.9016,2773.2183,3148.2568,1647.3202
1425,2524.6519,2269.691,2867.2488,2360.1873,1900.8484,1552.4131,2595.8484,2790.1033,3180.4417,1657.3185
1426,2501.7434,2256.523,2836.7617,2343.6367,1890.0668,1541.7,2589.4949,2782.065,3166.676,1659.0433
1427,2467.3276,2235.8374,2793.199,2317.7673,1872.7151,1521.165,2562.2744,2753.536,3128.731,1654.0702
1428,2453.3767,1993.3993,946.8962,1554.1261,1670.6229,1554.269,2521.6523,2202.548,2533.5513,2029.7081
1429,2243.2214,1952.6666,901.22504,1497.6458,1557.7103,1583.4757,2318.0522,1677.2488,2234.931,1925.6503
1430,2318.597,2082.4639,940.2866,1509.2269,1551.5138,1577.3633,2427.0032,1979.947,2300.162,2008.4888
1431,2230.4858,2012.5707,891.2677,1390.4984,1502.3672,1543.1306,2320.1902,1931.2826,2206.1868,1957.3529
1432,2181.4282,1953.7649,877.5323,1370.1448,1489.4282,1524.2745,2258.3318,1905.043,2189.2495,1891.6028
1433,2184.689,1938.0409,872.0611,1380.1515,1490.8385,1527.4408,2263.2869,1945.5519,2204.341,1868.7743
1434,2166.6086,1916.3002,857.6777,1371.4792,1480.9584,1520.2148,2250.2297,1928.4077,2190.41,1845.2688
1435,2162.483,1905.3315,853.6879,1375.8903,1477.3838,1514.5205,2246.0046,1922.8162,2189.3823,1826.6221
1436,2153.2773,1895.1078,847.4689,1374.5839,1470.312,1507.1361,2237.988,1906.8798,2178.5693,1809.5592
1437,2138.2942,1884.8518,841.12317,1370.2646,1461.1771,1496.3785,2224.3608,1882.9005,2162.5317,1791.1207
1438,2121.3066,1876.6978,835.3165,1364.7042,1450.9185,1483.9957,2208.5933,1859.0319,2144.2744,1772.5105
1439,2102.9856,1869.8622,829.66064,1357.3473,1439.4271,1470.2157,2190.614,1838.0521,2124.395,1753.5701
1440,2082.1519,1864.1075,823.2305,1347.2284,1426.2122,1454.8002,2170.2732,1815.5767,2101.521,1733.7732
1441,2062.2644,1860.5426,817.3926,1336.7787,1412.7518,1438.8151,2149.7935,1796.9177,2079.1553,1713.7644
1442,2042.1592,1858.6311,811.2104,1324.7769,1398.4576,1422.2737,2128.8103,1778.3282,2055.4534,1693.5092
1443,2025.6483,1858.9619,806.36017,1314.0684,1385.1449,1406.5039,2109.408,1766.7455,2034.4844,1673.754
1444,2009.222,1859.9312,800.88837,1301.9259,1371.3911,1390.8253,2090.0442,1754.1687,2012.1984,1654.1733
