c0,c1,c2,c3
0.15126367,0.15615648,0.1380148,0.09941107
0.0835638,0.10000256,0.08080174,0.08671906
0.24611853,0.25098342,0.21606983,0.18834876
0.37188232,0.3784026,0.35348523,0.29052284
0.4780232,0.48630923,0.4345749,0.33518827
0.5599823,0.562283,0.4714887,0.3421874
0.5977054,0.5848244,0.45432466,0.30591276
0.59194237,0.55704767,0.39258096,0.23664632
0.56293297,0.5043788,0.3214467,0.16848153
0.5321765,0.45157275,0.26422694,0.11982062
0.5146129,0.4157424,0.23431483,0.09971434
0.5063116,0.39068726,0.21348034,0.08615147
0.5043796,0.37353012,0.1986851,0.07588518
0.4988529,0.35264808,0.17540798,0.05518314
0.49231178,0.3321911,0.15305409,0.034583427
0.48365626,0.31144384,0.13197972,0.015355048
0.46840456,0.2842552,0.10060827,-0.015190704
0.4480459,0.25306222,0.065700285,-0.0492497
0.42754108,0.22416241,0.036364723,-0.07746005
0.40223163,0.19122382,0.0003883189,-0.11302647
0.3738358,0.15677479,-0.036376156,-0.14954059
0.34263185,0.12119565,-0.07326328,-0.18609801
0.30903316,0.08473524,-0.11147208,-0.22446406
0.27793452,0.053423937,-0.1422042,-0.2557512
0.24405919,0.020793077,-0.17476088,-0.2889909
0.21365905,-0.0059723337,-0.20029293,-0.31607437
0.1844814,-0.029280495,-0.22049764,-0.33763838
0.16029857,-0.04505773,-0.23151773,-0.35051265
0.14020534,-0.05496716,-0.23690908,-0.35857967
0.12393,-0.059553344,-0.23702255,-0.36193463
0.111613,-0.059106108,-0.23254798,-0.36134344
0.10122277,-0.05599595,-0.22506024,-0.35756236
0.09636131,-0.046205748,-0.20947903,-0.345758
0.10046558,-0.02569176,-0.17995991,-0.31993645
0.1065105,-0.0041065686,-0.15356657,-0.2983874
0.12083182,0.026398385,-0.1162124,-0.2662118
0.13804224,0.059147537,-0.07714691,-0.23236927
0.15987779,0.0957696,-0.03538658,-0.19652857
0.1777186,0.12610441,-0.0025925054,-0.16926841
0.19705962,0.15723003,0.03304639,-0.13828309
0.21372978,0.18407226,0.06350503,-0.111669235
0.23250017,0.21262144,0.09775218,-0.0805242
0.250429,0.23885997,0.12799388,-0.05336782
0.2595713,0.25411975,0.14517544,-0.03794352
0.2634086,0.26307485,0.15724768,-0.025734164
0.26877126,0.2744961,0.17773923,-0.0028558203
0.2905384,0.305634,0.22775869,0.05020328
0.31864813,0.34270707,0.2814465,0.10519798
0.34797826,0.37984,0.33402538,0.15857734
0.36053658,0.39634815,0.35946232,0.18623833
0.3412862,0.37692705,0.3433767,0.17747758
0.2774996,0.30925712,0.2752416,0.12557396
0.16408634,0.18918744,0.15208203,0.02903101
-0.004853128,0.011408171,-0.029170444,-0.11367961
-0.22247526,-0.21692044,-0.26149702,-0.29907575
-0.47205335,-0.47686243,-0.51765937,-0.50408304
-0.7256985,-0.7366484,-0.7545563,-0.69040614
-0.9525376,-0.9625073,-0.9362681,-0.8277686
-1.1425372,-1.1462799,-1.0685201,-0.9264444
-1.2935126,-1.2868526,-1.1550007,-0.98882025
-1.4078392,-1.3884524,-1.2083563,-1.0268741
-1.4937241,-1.460409,-1.2397445,-1.0486896
-1.5524997,-1.5037661,-1.2481256,-1.050593
-1.5908948,-1.5262764,-1.2446449,-1.0432186
-1.6192359,-1.5401988,-1.243494,-1.0403388
-1.638661,-1.5465354,-1.2401563,-1.0356504
-1.6526045,-1.5490612,-1.238336,-1.0328255
-1.6598834,-1.5456485,-1.231682,-1.02454
-1.6601454,-1.5352918,-1.2176604,-1.0078119
-1.6527748,-1.5171736,-1.1963236,-0.9833942
-1.6374961,-1.490917,-1.1674067,-0.9513518
-1.6162522,-1.4589273,-1.1344101,-0.9154668
-1.5809261,-1.4110607,-1.0818185,-0.85944146
-1.5343117,-1.3506086,-1.0171609,-0.7919128
-1.4780799,-1.2804313,-0.9462237,-0.72016
-1.4190809,-1.2097228,-0.8820164,-0.6579785
-1.3642306,-1.1474279,-0.83501226,-0.6158688
-1.31819,-1.098692,-0.80717963,-0.59426445
-1.2852495,-1.0685449,-0.8046291,-0.59931475
-1.2721344,-1.0643435,-0.833817,-0.63652366
-1.2732922,-1.0780907,-0.8786345,-0.6883187
-1.2697382,-1.0844425,-0.8991073,-0.7125158
-1.2500204,-1.0698581,-0.8884199,-0.706455
-1.2082632,-1.0288776,-0.8489779,-0.6758256
-1.1398582,-0.95737916,-0.7793747,-0.62026906
-1.0473055,-0.8602135,-0.6916413,-0.55353093
-0.93822306,-0.7470067,-0.59440297,-0.48195332
-0.8234107,-0.63035774,-0.4970412,-0.41138253
-0.7096623,-0.5177676,-0.40352693,-0.34331343
-0.60543513,-0.41861135,-0.32335174,-0.28580123
-0.51350975,-0.33516607,-0.25678736,-0.23829186
-0.42561,-0.25647452,-0.18775219,-0.18502581
-0.3308809,-0.16931373,-0.10060927,-0.11237623
-0.21025337,-0.05184263,0.031159855,0.0033698303
-0.047340237,0.11197381,0.22102398,0.17084758
0.15572636,0.31462398,0.4493918,0.36635503
0.36436337,0.51273113,0.65610874,0.53159934
0.5525545,0.6790321,0.81682795,0.64959794
0.7057825,0.80310196,0.9304514,0.72644436
0.8203887,0.88676023,1.0061047,0.7751264
0.1413516,0.14521024,0.12443942,0.086801924
0.019915538,0.030193536,-0.0011527819,0.0135690095
0.083050795,0.07112208,0.012098014,0.0067923428
0.076635405,0.052289117,-0.0051123346,-0.03156996
0.047236893,0.00903626,-0.07539971,-0.12726898
0.017839953,-0.0417117,-0.15486486,-0.23055838
-0.0022129295,-0.087807976,-0.21874148,-0.31449735
-0.012150683,-0.12470998,-0.2625742,-0.37315217
-0.018792186,-0.15780811,-0.29782468,-0.4183508
-0.02482453,-0.1886215,-0.32888514,-0.45576578
-0.034327883,-0.22078533,-0.3605774,-0.49097052
-0.040309664,-0.24514891,-0.38089812,-0.5131396
-0.04644419,-0.26612404,-0.39773405,-0.53095895
-0.05036427,-0.28109965,-0.40822408,-0.54238737
-0.053991955,-0.29273582,-0.4161361,-0.55137223
-0.05680717,-0.30067605,-0.4209002,-0.55752224
-0.060575556,-0.3075809,-0.42686248,-0.56553227
-0.06394622,-0.31169343,-0.4296291,-0.5704798
-0.06516636,-0.31092432,-0.42633682,-0.56934136
-0.06330955,-0.30492878,-0.4192131,-0.56531745
-0.060826816,-0.29643247,-0.40955076,-0.558744
-0.05675844,-0.28524402,-0.3996529,-0.552964
-0.056890752,-0.277956,-0.39501292,-0.5520448
-0.061787054,-0.2754392,-0.39602023,-0.55621
-0.06987481,-0.27571183,-0.3990605,-0.5616213
-0.07959641,-0.27698827,-0.40227723,-0.56662834
-0.09072471,-0.2789537,-0.40511122,-0.57063854
-0.0992314,-0.27708748,-0.40278894,-0.56947434
-0.1063183,-0.27273905,-0.39661494,-0.56405306
-0.110280566,-0.2645778,-0.38717642,-0.5559351
-0.11255999,-0.2544061,-0.37608165,-0.5463308
-0.11212821,-0.24092396,-0.36053276,-0.53207856
-0.10779652,-0.2231073,-0.34047487,-0.5135945
-0.09986728,-0.20149076,-0.3164516,-0.49139765
-0.09103937,-0.17983463,-0.29473186,-0.4720224
-0.082698785,-0.1592601,-0.2732766,-0.45223764
-0.07515311,-0.14046672,-0.254478,-0.43488726
-0.072344705,-0.12797259,-0.24330086,-0.42441282
-0.07447374,-0.12172517,-0.23831333,-0.4189157
-0.07917878,-0.118683115,-0.23523843,-0.41423187
-0.08071045,-0.1118935,-0.22579992,-0.40275788
-0.08618944,-0.10965967,-0.22073524,-0.3945753
-0.09217855,-0.10845793,-0.21724586,-0.38800597
-0.09823972,-0.107558034,-0.21339646,-0.38070646
-0.10207963,-0.10368748,-0.20310792,-0.3660283
-0.09841946,-0.091197364,-0.18193135,-0.34101778
-0.097456336,-0.082667574,-0.16829193,-0.32394502
-0.10359898,-0.08317891,-0.16638975,-0.31798014
-0.12276211,-0.09955089,-0.18478534,-0.33107403
-0.1525455,-0.12765025,-0.2135796,-0.35191962
-0.1906679,-0.1639245,-0.24648401,-0.37376243
-0.23444484,-0.20516032,-0.2808175,-0.3948189
-0.28637323,-0.25417942,-0.32000607,-0.418334
-0.34997696,-0.31597987,-0.37417698,-0.4555721
-0.42885098,-0.39428052,-0.44465795,-0.50669724
-0.52484685,-0.49094236,-0.5326632,-0.572565
-0.64075017,-0.608745,-0.6392349,-0.6537046
-0.77406126,-0.7444293,-0.7581443,-0.74406725
-0.9214523,-0.8941102,-0.88399,-0.8390541
-1.0808501,-1.0560231,-1.0167637,-0.9403501
-1.2471548,-1.225234,-1.1526703,-1.0461944
-1.4108496,-1.3916957,-1.2822813,-1.1492827
-1.561398,-1.544157,-1.3961433,-1.2419559
-1.6898738,-1.6727577,-1.4859536,-1.3162355
-1.7941749,-1.7753748,-1.5535405,-1.3737674
-1.8741745,-1.8514383,-1.5979778,-1.4113753
-1.9340564,-1.9057556,-1.6273341,-1.4365003
-1.9766146,-1.9412919,-1.6432918,-1.4493247
-2.007497,-1.9643133,-1.6523433,-1.4555222
-2.0281878,-1.9767495,-1.6553534,-1.4558055
-2.0400398,-1.9799764,-1.6520047,-1.4492604
-2.044126,-1.9753891,-1.6441656,-1.438352
-2.0416205,-1.9644785,-1.6331074,-1.424598
-2.0337238,-1.9485078,-1.6187134,-1.4074508
-2.0194275,-1.9264665,-1.6000831,-1.3866249
-1.9995679,-1.8990136,-1.5769782,-1.3615601
-1.9760219,-1.868733,-1.5542026,-1.3381385
-1.9456534,-1.8317276,-1.5244248,-1.3081533
-1.910317,-1.7899345,-1.4912384,-1.2756406
-1.8688346,-1.7419755,-1.4523798,-1.2383273
-1.8224009,-1.6895717,-1.4117765,-1.2010282
-1.7706801,-1.6323799,-1.3679457,-1.1621293
-1.7103461,-1.5664777,-1.3161209,-1.1170322
-1.6418126,-1.4918617,-1.2554337,-1.0642997
-1.5631227,-1.4067785,-1.186166,-1.0054989
-1.4760054,-1.313186,-1.1094182,-0.9411897
-1.3797687,-1.210738,-1.0252466,-0.87180084
-1.2758347,-1.1015325,-0.9363905,-0.8003467
-1.1667064,-0.9888768,-0.8462841,-0.72997344
-1.0565833,-0.8778289,-0.75948286,-0.664438
-0.9491918,-0.77240473,-0.67815477,-0.60446984
-0.84929186,-0.67812115,-0.60916173,-0.5565704
-0.7571631,-0.59377646,-0.54534185,-0.51131046
-0.67566204,-0.5219242,-0.49041623,-0.47216472
-0.6058714,-0.4637646,-0.44826978,-0.4438255
-0.54617596,-0.41668573,-0.41441685,-0.42137104
-0.49080434,-0.37307918,-0.37825897,-0.39435467
-0.4400288,-0.33308846,-0.3419659,-0.36556265
-0.39538932,-0.29928768,-0.31278723,-0.34342653
-0.36020264,-0.27573705,-0.29640186,-0.3333711
0.14728045,0.15179202,0.1326735,0.094508275
0.058342393,0.072625436,0.049514975,0.059318244
0.17017947,0.16747501,0.12190832,0.10541466
0.21047834,0.19993669,0.15523265,0.11375571
0.2001109,0.17682599,0.094019994,0.027627371
0.16182134,0.11574775,-0.010733557,-0.096824534
0.11468157,0.03998704,-0.1138728,-0.2131241
0.071121566,-0.0339409,-0.19867486,-0.3056958
0.035263117,-0.09969274,-0.26585123,-0.377331
0.0042975703,-0.15894175,-0.32231,-0.43613034
-0.025092559,-0.21425115,-0.37306976,-0.48793042
-0.051479876,-0.2632149,-0.41660482,-0.5323352
-0.074215665,-0.30430767,-0.45078188,-0.5673463
-0.094201736,-0.33837235,-0.47708657,-0.5945715
-0.1100728,-0.36422044,-0.49576628,-0.61501354
-0.12193968,-0.38213018,-0.50690794,-0.628548
-0.13159683,-0.39450932,-0.5135891,-0.63808656
-0.13890617,-0.40166488,-0.516457,-0.6444537
-0.14503834,-0.4053085,-0.5174003,-0.64931697
-0.14960949,-0.40515816,-0.51498896,-0.65098345
-0.15308705,-0.40200043,-0.5101852,-0.6502715
-0.15501434,-0.39559984,-0.5026453,-0.6468403
-0.15600994,-0.3869098,-0.49330735,-0.6416098
-0.158205,-0.37878603,-0.48578396,-0.6379345
-0.16020906,-0.36989054,-0.47814915,-0.6341485
-0.16350165,-0.36174864,-0.47071087,-0.62975794
-0.16468905,-0.3505684,-0.45920873,-0.620991
-0.16619189,-0.33968934,-0.4493939,-0.6139562
-0.16742933,-0.32849732,-0.43955907,-0.60678
-0.16936211,-0.3177156,-0.42851746,-0.5973052
-0.17063493,-0.3064913,-0.41811088,-0.58864576
-0.17250536,-0.29599962,-0.40782046,-0.5794624
-0.17518827,-0.2867608,-0.39915416,-0.57155764
-0.17857963,-0.27868035,-0.3916191,-0.5644079
-0.18300302,-0.2720272,-0.38512906,-0.5577255
-0.18973832,-0.26821318,-0.3809993,-0.5524991
-0.19501165,-0.2630563,-0.37491748,-0.5452686
-0.19788738,-0.25532296,-0.36529312,-0.534368
-0.20057212,-0.24765867,-0.35540593,-0.5229029
-0.1997303,-0.2364219,-0.3415719,-0.5077949
-0.19851357,-0.22525488,-0.32787845,-0.49261507
-0.20026505,-0.21849589,-0.32121655,-0.48453295
-0.20435229,-0.2149828,-0.31749168,-0.47864372
-0.21082243,-0.2142316,-0.3145336,-0.47217965
-0.21942267,-0.21648121,-0.3159902,-0.4700315
-0.23175643,-0.22278258,-0.31921634,-0.46805343
-0.2463167,-0.23217031,-0.32723057,-0.4709759
-0.264512,-0.2456805,-0.3385794,-0.47622856
-0.2870953,-0.2639166,-0.35349622,-0.48377955
-0.3100517,-0.28218263,-0.36644602,-0.48862043
-0.33668503,-0.30426195,-0.38240272,-0.49550852
-0.36645797,-0.3298692,-0.402315,-0.5058972
-0.3968484,-0.35561502,-0.41968116,-0.512741
-0.4273054,-0.38039237,-0.43219084,-0.51329225
-0.4654171,-0.41368702,-0.4547329,-0.5226005
-0.5155709,-0.4606297,-0.4919156,-0.5445962
-0.583189,-0.52695125,-0.5483685,-0.5824305
-0.67223793,-0.6165179,-0.6259067,-0.6369783
-0.78496104,-0.73140997,-0.72519046,-0.70862657
-0.9210032,-0.8711741,-0.8451433,-0.79710937
-1.0792239,-1.0352162,-0.9871198,-0.90615875
-1.2496247,-1.2128621,-1.1395003,-1.0273966
-1.4148593,-1.3844987,-1.2792854,-1.1402357
-1.5653071,-1.5398564,-1.4002138,-1.2406026
-1.6896079,-1.6661656,-1.489147,-1.3148217
-1.7849005,-1.7602342,-1.5473151,-1.3633277
-1.8557539,-1.8270683,-1.5828778,-1.3925494
-1.9068823,-1.8721429,-1.6026787,-1.4079105
-1.9407611,-1.8982471,-1.6088526,-1.4104773
-1.9614503,-1.9100181,-1.6065153,-1.4050066
-1.9709364,-1.9096104,-1.5956869,-1.3905728
-1.9738536,-1.9028474,-1.5844495,-1.376353
-1.9704604,-1.8899767,-1.5693284,-1.357883
-1.9622585,-1.8730602,-1.5536737,-1.3394763
-1.9534658,-1.8573261,-1.5441195,-1.3285981
-1.9431146,-1.841374,-1.5345348,-1.3176969
-1.9310641,-1.8248909,-1.5249848,-1.3073002
-1.9123302,-1.8016355,-1.5068194,-1.2884295
-1.8872296,-1.7715181,-1.4811352,-1.2622803
-1.8563884,-1.7354199,-1.4504784,-1.2320156
-1.8197691,-1.693308,-1.4143251,-1.1969719
-1.7755116,-1.6432068,-1.3713908,-1.1564503
-1.7242496,-1.5858152,-1.3225579,-1.1113942
-1.669539,-1.5260156,-1.2762022,-1.0713987
-1.6083745,-1.4603987,-1.2257099,-1.0293156
-1.5415636,-1.3899282,-1.1731435,-0.9876055
-1.4672703,-1.3128169,-1.1171603,-0.9456436
-1.3806887,-1.2229837,-1.048029,-0.89288944
-1.2828066,-1.1212114,-0.96644425,-0.8296988
-1.1773752,-1.0125262,-0.87986207,-0.7637909
-1.066258,-0.8990736,-0.78739476,-0.6927405
-0.95326203,-0.78525585,-0.6928186,-0.6194227
-0.84402484,-0.67788506,-0.6044337,-0.5518211
-0.7440651,-0.5833611,-0.5292493,-0.49614736
-0.6543434,-0.50202924,-0.46553248,-0.44984776
-0.5714686,-0.4285719,-0.40409306,-0.4030887
-0.49137104,-0.3576646,-0.33930716,-0.35109806
-0.40778884,-0.28197762,-0.26358965,-0.28761834
-0.3221156,-0.20376253,-0.18295012,-0.21970543
-0.23774791,-0.1280216,-0.10759763,-0.15847534
0.14355819,0.14754869,0.1270456,0.08909879
0.03539412,0.047044333,0.018243644,0.030720104
0.120025374,0.11202612,0.0587499,0.048671205
0.14905132,0.13371262,0.0877029,0.053946044
0.17396803,0.15381142,0.08863032,0.026466925
0.2044245,0.17329851,0.07955017,-0.010263463
0.23467322,0.18744563,0.069879286,-0.04200115
0.27122727,0.20710567,0.07622641,-0.051155884
0.32316348,0.24543703,0.11215442,-0.02560739
0.39771786,0.31178832,0.18273342,0.03641918
0.49775407,0.40935338,0.2868174,0.13084549
0.6240314,0.53819865,0.42237002,0.2535559
0.7611562,0.67861694,0.56289846,0.37710896
0.90311176,0.8235971,0.7060656,0.50054026
1.0395181,0.9611439,0.84144884,0.61550003
1.1679171,1.0883797,0.9665292,0.7196971
1.283441,1.2006112,1.0791514,0.81295717
1.38986,1.3025124,1.184713,0.900862
1.4866233,1.3936744,1.2820894,0.9824844
1.5778483,1.4786757,1.3748746,1.0607258
1.6634775,1.5573107,1.4616406,1.1339003
1.7432594,1.6293069,1.5411416,1.2003714
1.8127692,1.6900355,1.6079146,1.2550011
1.8696835,1.7375873,1.6605844,1.2969699
1.9073102,1.7653315,1.6924094,1.3204622
1.9248691,1.773124,1.7033455,1.3258659
1.9206944,1.7600062,1.6943326,1.3156369
1.8923284,1.7228011,1.6584585,1.281691
1.825861,1.6461295,1.5767976,1.2055792
1.7135955,1.5217872,1.4398712,1.0803502
1.566706,1.3628923,1.2660455,0.9279968
1.4057494,1.1921359,1.0838223,0.7768967
1.2429401,1.0211825,0.9022564,0.63118035
1.0889605,0.86118287,0.7330729,0.49831095
0.94656277,0.71479976,0.5777842,0.3767448
0.8230422,0.5912445,0.448756,0.2770971
0.71543205,0.48723105,0.34086064,0.19350883
0.6200652,0.39875543,0.24846134,0.120209225
0.53610283,0.32471627,0.17053644,0.056553636
0.46060526,0.26194143,0.10519027,0.0021633955
0.3909011,0.20710473,0.049086522,-0.0452625
0.3291843,0.16199742,0.0033916717,-0.08483952
0.27358267,0.12474338,-0.030723644,-0.11352715
0.22300991,0.092970714,-0.05929325,-0.13810536
0.17614396,0.06478348,-0.08432696,-0.16024832
0.1314809,0.03846483,-0.10648352,-0.1796766
0.09428835,0.019899074,-0.11863857,-0.18970053
0.06594911,0.011014188,-0.116642736,-0.18533032
0.04879712,0.013566124,-0.10219334,-0.16981156
0.03921333,0.02293925,-0.08152699,-0.14910516
0.033510324,0.03433036,-0.06171963,-0.130393
0.03359521,0.05086823,-0.034178812,-0.103411034
0.032734793,0.0638513,-0.014398989,-0.08468541
0.02345781,0.065114304,-0.010466972,-0.08099774
-0.005812581,0.041688327,-0.03755597,-0.10603996
-0.05578903,-0.005565155,-0.08911735,-0.15143248
-0.12050993,-0.0684618,-0.15226911,-0.20396438
-0.19470666,-0.14008263,-0.21720853,-0.25425974
-0.27533716,-0.21739052,-0.28362167,-0.3038787
-0.35808775,-0.29568315,-0.34642026,-0.3485721
-0.45105645,-0.3851541,-0.4215533,-0.40482813
-0.5523259,-0.48318547,-0.50234723,-0.46508998
-0.66480726,-0.5932656,-0.5932265,-0.5337273
-0.7897966,-0.7165067,-0.6931302,-0.60894966
-0.9279654,-0.8540962,-0.8041379,-0.69357306
-1.0730478,-0.99933314,-0.9192117,-0.7821503
-1.2200986,-1.1470797,-1.0341766,-0.87209374
-1.3644557,-1.2932202,-1.149174,-0.9663568
-1.4910595,-1.4206108,-1.2436548,-1.045113
-1.5962507,-1.525091,-1.3170019,-1.1080889
-1.6796696,-1.6059874,-1.3696349,-1.1544894
-1.7373914,-1.6579977,-1.3935527,-1.1737739
-1.7748228,-1.6871268,-1.3992401,-1.176099
-1.7936763,-1.6953208,-1.3881012,-1.1619569
-1.7948362,-1.6834952,-1.3603716,-1.1309496
-1.7730942,-1.6445938,-1.3038371,-1.0692916
-1.734433,-1.5865407,-1.2349997,-0.9967213
-1.685677,-1.518407,-1.1642519,-0.9243025
-1.6312885,-1.4462284,-1.096161,-0.856223
-1.5698957,-1.3682959,-1.0245839,-0.7855417
-1.5045298,-1.2878616,-0.95179546,-0.71417713
-1.4394557,-1.2107674,-0.8869948,-0.6527463
-1.3766729,-1.1389797,-0.8280967,-0.5976739
-1.3166258,-1.0728824,-0.7755543,-0.5495905
-1.2583251,-1.0106946,-0.7252424,-0.50385416
-1.2015908,-0.95176464,-0.6761358,-0.45921648
-1.1449323,-0.8945362,-0.6286151,-0.41717523
-1.088851,-0.83913916,-0.5814029,-0.3757384
-1.0344579,-0.78663945,-0.5359219,-0.3360112
-0.98342556,-0.7387123,-0.4938011,-0.29921952
-0.9332382,-0.6923323,-0.45185283,-0.26261342
-0.8834017,-0.6467526,-0.4096171,-0.2259634
-0.8362617,-0.60508084,-0.37342998,-0.19620314
-0.7889731,-0.56365484,-0.33691397,-0.16650774
-0.7454545,-0.52726066,-0.3081489,-0.14525469
-0.7034652,-0.4928939,-0.28173012,-0.12666018
-0.66321635,-0.46028662,-0.25552723,-0.1077044
-0.6265968,-0.4321505,-0.23629643,-0.09626461
-0.59387845,-0.40936026,-0.22723006,-0.09646948
-0.56000286,-0.3848419,-0.2137181,-0.092003144
0.14643261,0.15082686,0.1314015,0.09328154
0.049520507,0.06274758,0.03742063,0.048237022
0.14930469,0.1441923,0.09494032,0.08097565
0.19290006,0.18128186,0.13723339,0.097797796
0.23764117,0.22384995,0.1619999,0.092998154
0.30426735,0.28613606,0.20262255,0.10433583
0.40766662,0.38682705,0.29218662,0.1668202
0.5579245,0.5390045,0.4428728,0.29137257
0.73947495,0.7235192,0.6218625,0.44236585
0.9275802,0.91213447,0.7996134,0.5911952
1.1049433,1.0864084,0.96305984,0.72729367
1.2652847,1.2408842,1.1119075,0.85213524
1.4086214,1.3764178,1.2475878,0.96724033
1.539213,1.4980266,1.3744932,1.076179
1.6574191,1.6061251,1.4909282,1.1767406
1.7639539,1.7015991,1.5961523,1.2677884
1.8588555,1.7847489,1.6897581,1.3490094
1.9446582,1.8584826,1.7738246,1.4221345
2.0217187,1.923373,1.8486017,1.4874266
2.0881884,1.9775239,1.9111327,1.5415932
2.143476,2.0207424,1.9618301,1.5852792
2.1873436,2.0531013,2.0010898,1.6191058
2.2183626,2.0733447,2.0277317,1.6419215
2.2389126,2.0842075,2.0449748,1.6570165
2.2505014,2.0872073,2.0543647,1.6658962
2.2596276,2.0892272,2.0639458,1.6768013
2.2670898,2.0904162,2.0725212,1.6874529
2.2723162,2.089852,2.0787313,1.6958615
2.2741346,2.0861845,2.0810385,1.7002505
2.2678256,2.0748124,2.0756712,1.6975522
2.2497458,2.0524137,2.0601828,1.6861702
2.215872,2.0151088,2.0307863,1.6629803
2.1626656,1.9595195,1.9841123,1.6254238
2.0856376,1.8813818,1.9169066,1.5718716
1.9829262,1.7788396,1.8268381,1.5009941
1.8530358,1.6501201,1.7111421,1.4109021
1.6991189,1.4986713,1.5735681,1.3063073
1.5316558,1.3353262,1.4240546,1.195902
1.3625389,1.1724801,1.2752655,1.0901852
1.2027515,1.0214125,1.1381233,0.996834
1.0610186,0.89114636,1.0212941,0.9211936
0.94023275,0.7844504,0.9270046,0.8632972
0.84260595,0.70354056,0.8567276,0.8229637
0.76389986,0.6432956,0.80408406,0.79377186
0.69956046,0.5986751,0.7645945,0.77225614
0.6461701,0.5656625,0.7343415,0.75548995
0.60119635,0.54127795,0.7111729,0.74248636
0.56353503,0.5240657,0.6943484,0.7332604
0.53278226,0.5132377,0.68326616,0.7276715
0.5071804,0.5065504,0.67551935,0.72384715
0.48529586,0.5022491,0.6695915,0.7207134
0.46658626,0.49945587,0.6636628,0.71627706
0.44791126,0.4945834,0.6530374,0.70618606
0.42464176,0.4820249,0.62833935,0.6807009
0.39298347,0.45735195,0.5824734,0.6325591
0.349064,0.41617173,0.50921816,0.55555403
0.30761102,0.37571967,0.4317422,0.47165173
0.29698735,0.37037072,0.40449843,0.4362305
0.31778616,0.40003774,0.42606464,0.44777036
0.34622967,0.43567863,0.4536893,0.46397477
0.3608971,0.45274574,0.45744276,0.4574844
0.3500921,0.43968585,0.426801,0.4208994
0.31973702,0.4053749,0.37631136,0.36967066
0.2740218,0.3552278,0.31184673,0.30886048
0.21749634,0.29441443,0.23819304,0.24160339
0.1577747,0.23169003,0.16691564,0.17840976
0.09849532,0.17067118,0.100223616,0.119882345
0.042770013,0.1149169,0.04287581,0.07035348
-0.009355903,0.06368117,-0.009183695,0.024601756
-0.059076376,0.015355072,-0.05840839,-0.019757507
-0.103871465,-0.027143748,-0.10014014,-0.057823587
-0.14478551,-0.064917594,-0.13520811,-0.0898867
-0.18056141,-0.09692732,-0.16374455,-0.11658073
-0.21123798,-0.12357563,-0.1871627,-0.13940066
-0.23997886,-0.1483174,-0.2082963,-0.16020192
-0.26312023,-0.16729009,-0.22355482,-0.17611903
-0.2791016,-0.17856975,-0.22976781,-0.18367457
-0.2937321,-0.1893303,-0.2380866,-0.19416852
-0.30803797,-0.20044972,-0.24704158,-0.20505047
-0.32061982,-0.2104461,-0.25569037,-0.21588664
-0.33197293,-0.21954401,-0.2631952,-0.22537138
-0.34244543,-0.2280236,-0.26960385,-0.23338658
-0.3512529,-0.23512566,-0.27469128,-0.24008246
-0.35967052,-0.2424464,-0.28111914,-0.24825138
-0.36613804,-0.2481092,-0.28605032,-0.25506967
-0.37151566,-0.2527385,-0.2888426,-0.2592723
-0.37619922,-0.2571244,-0.2924563,-0.26450697
-0.38162056,-0.2628779,-0.29845214,-0.27199623
-0.3879406,-0.2700561,-0.30618435,-0.28096867
-0.39418674,-0.27721143,-0.3128959,-0.2883301
-0.40043366,-0.28466812,-0.32068527,-0.2968922
-0.40712073,-0.2927907,-0.32906994,-0.3057627
-0.41467428,-0.3019982,-0.33837268,-0.31519234
-0.42099953,-0.30978265,-0.34530658,-0.3220811
-0.42458662,-0.31426612,-0.347302,-0.32378405
-0.4273062,-0.3180676,-0.3496347,-0.32625887
-0.43271732,-0.32531247,-0.35700917,-0.33357784
-0.4370679,-0.3318832,-0.36479834,-0.34183148
-0.44524,-0.3427248,-0.3768687,-0.35347283
-0.45703563,-0.35752627,-0.3928204,-0.36819902
0.14284737,0.14676827,0.12612613,0.08825072
0.03422192,0.045702152,0.016517311,0.02906747
0.12733132,0.120283745,0.06861979,0.057423245
0.16759928,0.15407863,0.10898044,0.07194396
0.17408855,0.15121613,0.07581131,0.010901347
0.15742047,0.114405565,-0.0028932996,-0.091664664
0.12226681,0.051009614,-0.09808694,-0.20289965
0.07899264,-0.024375027,-0.19145538,-0.30522102
0.037595727,-0.09749379,-0.26881662,-0.38609338
0.0039808094,-0.16008788,-0.32784444,-0.44621083
-0.023686916,-0.21314013,-0.37395984,-0.492456
-0.04243031,-0.25246727,-0.40432045,-0.5232207
-0.056244917,-0.28254056,-0.42603853,-0.54585665
-0.06403896,-0.30196473,-0.43716875,-0.5585688
-0.06546662,-0.31068233,-0.4385866,-0.5625454
-0.05920397,-0.30715343,-0.42764533,-0.5548625
-0.049573023,-0.29727653,-0.4133695,-0.5447592
-0.03560305,-0.28000534,-0.39208987,-0.5280317
-0.016423158,-0.25479066,-0.36358598,-0.50462246
0.010580128,-0.21888705,-0.32456326,-0.4715381
0.05471759,-0.16082542,-0.25808793,-0.41149002
0.12678766,-0.068822555,-0.15354821,-0.31587428
0.23685884,0.0677096,-0.0007289166,-0.17645669
0.39343885,0.25584176,0.20328295,0.006261628
0.5893292,0.48343965,0.44017026,0.21239957
0.79929066,0.718192,0.67313886,0.40687668
0.9997058,0.9329788,0.87945783,0.5717812
1.1744792,1.1124834,1.052011,0.70632774
1.3218327,1.257833,1.1959851,0.81860983
1.4432912,1.3731999,1.3161638,0.9144041
1.5404664,1.4616868,1.4130563,0.99324
1.6137589,1.5251082,1.4882811,1.0567154
1.663168,1.5641117,1.5403602,1.1022803
1.6878088,1.5785967,1.5688772,1.1294147
1.6851132,1.5663601,1.5711313,1.1353321
1.6510729,1.5237991,1.5436156,1.1174195
1.5829077,1.4484125,1.4841514,1.0744796
1.4798269,1.339193,1.3896285,1.0035291
1.3423705,1.1971328,1.262549,0.9088417
1.1805195,1.0330751,1.1144816,0.80159795
1.0081192,0.86158204,0.9601416,0.69396174
0.8399335,0.69850177,0.8169118,0.60000277
0.68880945,0.5569133,0.6966221,0.52687967
0.56107795,0.44310397,0.60497624,0.4775186
0.45810786,0.3575267,0.5399388,0.44774303
0.37686875,0.29603654,0.49572247,0.43160817
0.313832,0.25437754,0.46894512,0.42685783
0.26514935,0.22763945,0.45398468,0.4288734
0.22767302,0.21198238,0.44789702,0.43598938
0.20167924,0.20728052,0.45081943,0.44871786
0.18384735,0.20937249,0.45826337,0.4634014
0.17376733,0.21762256,0.46989173,0.47999027
0.16916107,0.2294647,0.4836736,0.4972342
0.16916788,0.24396431,0.49878088,0.5146098
0.17310394,0.2605592,0.51552063,0.53284806
0.18069808,0.27905992,0.5336463,0.55164677
0.18861213,0.296062,0.5501566,0.5689487
0.1990896,0.31432614,0.5684867,0.5878212
0.21295007,0.3347077,0.58871794,0.60782516
0.22846271,0.35536683,0.6088086,0.6272205
0.2460305,0.37664616,0.6282288,0.64509743
0.26493606,0.3981126,0.64784086,0.66287
0.28552946,0.42018744,0.6674313,0.6800401
0.30682555,0.4419046,0.68596166,0.695793
0.3270322,0.4614685,0.7019475,0.7090812
0.3452089,0.47795781,0.71373856,0.7182769
0.36334315,0.4940673,0.72596395,0.7281906
0.38174567,0.5099666,0.7377967,0.73761094
0.39907137,0.5244592,0.74877214,0.7465958
0.41566607,0.5377646,0.75817895,0.753933
0.4304949,0.5492429,0.7668907,0.7613709
0.445483,0.56081074,0.776046,0.7692579
0.45905894,0.57087666,0.78425294,0.7765959
0.47021082,0.5781022,0.78835976,0.7798991
0.47879925,0.5828187,0.79089916,0.7824458
0.48708692,0.58754927,0.7942939,0.78611153
0.49573982,0.59290904,0.79863054,0.7906472
0.505284,0.59930515,0.8040365,0.7959598
0.51464224,0.60554105,0.8093081,0.8010855
0.52305144,0.6106312,0.8125776,0.8040717
0.5316022,0.6160028,0.8165764,0.80787456
0.5394062,0.62064296,0.81989306,0.81112885
0.5455014,0.62357473,0.8214108,0.8128992
0.5511596,0.62625957,0.8231546,0.8150908
0.55758077,0.62987655,0.82591355,0.8181164
0.565172,0.63501674,0.8312486,0.82366425
0.57510614,0.6423926,0.8377334,0.82931405
0.5878908,0.65258807,0.84661496,0.83646566
0.60325986,0.66497076,0.856179,0.8430986
0.6191356,0.67744344,0.86496586,0.8485503
0.635395,0.68975776,0.8719476,0.8516207
0.6493319,0.6996507,0.8775429,0.8541922
0.66422313,0.7103274,0.88306904,0.8561734
0.6798039,0.72144705,0.8880148,0.8569643
0.6967906,0.7337152,0.8929439,0.85696924
0.7145386,0.7462496,0.89619297,0.85427505
0.7353075,0.7606168,0.8948526,0.84382814
0.763411,0.78160065,0.89570904,0.8322038
0.80013794,0.8098171,0.89764774,0.8172671
0.8394535,0.8384827,0.8930357,0.7925157
0.1492266,0.15374403,0.1345446,0.0959521
0.06487097,0.07918884,0.055694398,0.063939735
0.19084805,0.18959463,0.14562893,0.12539375
0.2716124,0.26784882,0.23184799,0.18185838
0.35111812,0.3484104,0.291958,0.20863982
0.45313874,0.44992894,0.36916158,0.25330564
0.5733727,0.56838316,0.46992132,0.32541624
0.709166,0.7016249,0.58938545,0.41924056
0.8557606,0.8455098,0.72435564,0.531398
1.0015974,0.98708695,0.8582454,0.644232
1.1342828,1.1130447,0.97728646,0.74425375
1.2454841,1.2149332,1.0736824,0.8244473
1.3150682,1.2711229,1.1221817,0.86154556
1.3103234,1.2459334,1.0801121,0.8164232
1.2081723,1.1140904,0.9191397,0.6664665
1.0462977,0.919146,0.69898087,0.47392496
0.87981343,0.7237115,0.4986816,0.31260574
0.7311957,0.54993004,0.33047384,0.18384162
0.61078614,0.4075946,0.194887,0.07995814
0.51458305,0.29248738,0.084610686,-0.007834435
0.438443,0.20146549,-0.0029066496,-0.081093445
0.38044822,0.13349819,-0.06823906,-0.13915105
0.33343345,0.08095187,-0.11925497,-0.18773283
0.29271305,0.03827962,-0.16244417,-0.23217538
0.25607306,0.0033018242,-0.19701381,-0.26956886
0.22448865,-0.023038499,-0.22134058,-0.29771686
0.19940087,-0.039366182,-0.23376992,-0.31467178
0.17879803,-0.048778422,-0.23935193,-0.32552698
0.16061324,-0.054394804,-0.24233067,-0.33447582
0.14317645,-0.058099236,-0.24249254,-0.34018898
0.124743775,-0.0627422,-0.24534488,-0.3486247
0.10395598,-0.06995078,-0.25130132,-0.3596407
0.084141254,-0.07547927,-0.2529031,-0.3652049
0.06185637,-0.083940245,-0.2583439,-0.37389335
0.038013883,-0.09418051,-0.26490587,-0.38285252
0.016615093,-0.10157618,-0.26684958,-0.38659468
-0.0049697193,-0.10951146,-0.26982665,-0.39096862
-0.028126547,-0.11954153,-0.27487963,-0.39668635
-0.050556056,-0.12927353,-0.27977434,-0.40198916
-0.072327934,-0.13875882,-0.28456077,-0.40690976
-0.09294151,-0.14728342,-0.28777647,-0.40975538
-0.11289771,-0.15538153,-0.28973246,-0.41066474
-0.1313068,-0.16227694,-0.29071578,-0.41044724
-0.14947246,-0.16954537,-0.29243064,-0.4106517
-0.16829813,-0.17832752,-0.296541,-0.41298586
-0.18827687,-0.18919434,-0.30350932,-0.41776147
-0.21053529,-0.2031296,-0.31332645,-0.4245425
-0.23298733,-0.21768507,-0.32328665,-0.4308481
-0.2564038,-0.23371185,-0.33458978,-0.4379777
-0.2819674,-0.25228325,-0.34739545,-0.4455403
-0.30861068,-0.27232596,-0.361388,-0.45376244
-0.33684513,-0.29461172,-0.37837726,-0.46475005
-0.3685532,-0.3212249,-0.40042555,-0.48022136
-0.40323526,-0.35109365,-0.4240112,-0.4959767
-0.43973744,-0.38307062,-0.44934154,-0.51294446
-0.48023018,-0.4192638,-0.4774441,-0.5313792
-0.5243695,-0.4594145,-0.50853187,-0.5517662
-0.5743944,-0.5065231,-0.5482213,-0.58029515
-0.63103306,-0.56060505,-0.5921637,-0.6111088
-0.6957896,-0.62330467,-0.64271593,-0.6465397
-0.76750594,-0.69333047,-0.6986705,-0.6858238
-0.8499833,-0.7745629,-0.76222944,-0.7299324
-0.94281626,-0.86665815,-0.8334703,-0.7793892
-1.0467991,-0.9704143,-0.91240793,-0.8339315
-1.1594778,-1.0828822,-0.9948977,-0.8895852
-1.27131,-1.1930162,-1.0684346,-0.9349112
-1.3682042,-1.2855582,-1.1215605,-0.96174467
-1.4293938,-1.3371365,-1.1321981,-0.9508826
-1.4554269,-1.3492951,-1.1118144,-0.9161118
-1.4603359,-1.339381,-1.0840921,-0.8809637
-1.4516732,-1.3166845,-1.0551537,-0.8492949
-1.4330876,-1.2847488,-1.0223217,-0.8156156
-1.4068855,-1.2453251,-0.98306036,-0.77569926
-1.3732401,-1.1985059,-0.93656594,-0.728848
-1.3367074,-1.1495173,-0.88774407,-0.67940885
-1.2966759,-1.0984674,-0.8388531,-0.63113177
-1.256533,-1.0496575,-0.79545534,-0.58972394
-1.2211325,-1.0089655,-0.76405025,-0.56113243
-1.193982,-0.980364,-0.74791104,-0.54796857
-1.1721276,-0.95915914,-0.7361119,-0.5375502
-1.153456,-0.94220394,-0.72517544,-0.5267078
-1.1330541,-0.92262167,-0.70413506,-0.50373006
-1.1084086,-0.89797884,-0.67504793,-0.47274017
-1.0778683,-0.8663784,-0.63618565,-0.43229854
-1.0392332,-0.8255981,-0.5867179,-0.3823823
-0.9973746,-0.78240275,-0.53961337,-0.33734897
-0.95203036,-0.73643416,-0.49193126,-0.29331887
-0.90377367,-0.68810266,-0.44288218,-0.24894533
-0.8533833,-0.6380927,-0.39266622,-0.2041007
-0.8010171,-0.5868374,-0.34252477,-0.16033947
-0.7487046,-0.53650016,-0.29390854,-0.11857557
-0.69824505,-0.48903066,-0.2491098,-0.08071125
-0.64837474,-0.44272113,-0.20477521,-0.043323174
-0.5970442,-0.39509606,-0.15849109,-0.0045308257
-0.5454392,-0.34760717,-0.112618096,0.033259332
-0.49147505,-0.29787174,-0.063942,0.07318396
-0.43634582,-0.24763747,-0.016086942,0.11131881
-0.38388637,-0.20087363,0.028291672,0.1464438
-0.33350825,-0.15689525,0.06966443,0.17886093
-0.28499877,-0.11498693,0.11048691,0.21155646
0.1482137,0.15280196,0.13384789,0.095603675
0.061317954,0.07547475,0.05150706,0.060484905
0.17476268,0.17179658,0.12477109,0.10698111
0.22929692,0.22065143,0.1781268,0.13395356
0.2619702,0.24805354,0.17911804,0.106632695
0.28216535,0.25545958,0.15079208,0.053544175
0.28458363,0.23768415,0.10149396,-0.013468055
0.27861574,0.2085011,0.052929677,-0.07194969
0.2757615,0.18329278,0.021077618,-0.10776033
0.282344,0.1707461,0.010805142,-0.11860706
0.28820136,0.1582117,-0.0025078158,-0.13198079
0.29464713,0.1481505,-0.012793225,-0.14186531
0.29797193,0.13598886,-0.027428675,-0.1563386
0.29913577,0.12419765,-0.038374078,-0.1660023
0.3023018,0.11708569,-0.043528464,-0.1703603
0.3024438,0.108342655,-0.05225859,-0.17898701
0.2947158,0.09163513,-0.073156066,-0.20065954
0.28499496,0.0750949,-0.09031135,-0.21790676
0.2774147,0.063305095,-0.10087314,-0.22885852
0.26789826,0.05116843,-0.11264793,-0.24146104
0.25479606,0.036040608,-0.13030383,-0.260973
0.2389842,0.019609243,-0.14824802,-0.280573
0.22435188,0.0065719793,-0.16072994,-0.29463303
0.20784259,-0.0073484476,-0.1759457,-0.3120014
0.19265535,-0.017768739,-0.18496807,-0.32284316
0.18255726,-0.020669416,-0.18447056,-0.32452336
0.17433928,-0.020249985,-0.18139483,-0.3241536
0.16946709,-0.015064109,-0.17312528,-0.3191031
0.17071867,-0.0020466396,-0.15612333,-0.30593818
0.17234807,0.011644749,-0.13981786,-0.29370603
0.16798022,0.017792018,-0.13554375,-0.2937143
0.15778255,0.016923465,-0.13947618,-0.30124024
0.14089598,0.008568287,-0.15034941,-0.31396893
0.12142892,-0.0018915911,-0.15992893,-0.32347435
0.10538048,-0.0076246127,-0.16125748,-0.32394812
0.091880806,-0.010259022,-0.15939702,-0.32140514
0.0776284,-0.014112611,-0.16049026,-0.32208046
0.061375856,-0.020564795,-0.164857,-0.32573497
0.04592662,-0.02615172,-0.16741979,-0.3271788
0.027043838,-0.035807136,-0.17464052,-0.33247808
0.005868275,-0.04841554,-0.18555902,-0.3411112
-0.015918016,-0.061882135,-0.19683588,-0.34963498
-0.036694292,-0.07371577,-0.20330316,-0.35220444
-0.05919454,-0.08801298,-0.21440314,-0.35956174
-0.08186588,-0.10250459,-0.22441986,-0.36522955
-0.10566618,-0.11868123,-0.23701984,-0.37334067
-0.1310702,-0.13666332,-0.2504127,-0.38141224
-0.15432449,-0.15218253,-0.25988916,-0.38531223
-0.17647994,-0.16646938,-0.26736417,-0.38694042
-0.19907059,-0.18136957,-0.27512267,-0.38837367
-0.22489198,-0.20044218,-0.2884333,-0.39497757
-0.2539402,-0.22343199,-0.30561176,-0.4046214
-0.28798506,-0.25216827,-0.32853407,-0.41885188
-0.32821766,-0.2874901,-0.35612202,-0.43579352
-0.37449804,-0.32941842,-0.38979867,-0.45741594
-0.43337628,-0.38528347,-0.43769714,-0.49098358
-0.5055027,-0.45576334,-0.49977484,-0.5363726
-0.5931483,-0.5428706,-0.5759638,-0.5926367
-0.6987599,-0.6490665,-0.6679618,-0.6612773
-0.8212447,-0.77306753,-0.7737971,-0.7408471
-0.96213603,-0.91649276,-0.8939483,-0.83188486
-1.1203934,-1.0789152,-1.029812,-0.9377585
-1.2857827,-1.2490511,-1.1679894,-1.0471598
-1.4462838,-1.4137036,-1.2959353,-1.1498747
-1.5924767,-1.5628814,-1.4069233,-1.2412118
-1.715916,-1.6874251,-1.4936292,-1.3140503
-1.8150345,-1.785555,-1.5570657,-1.3685163
-1.8911842,-1.8587211,-1.6006901,-1.4068055
-1.947655,-1.9102728,-1.6277074,-1.4301846
-1.9890078,-1.9453392,-1.6440301,-1.4437425
-2.0174115,-1.9663018,-1.6506505,-1.4475977
-2.0363467,-1.9772774,-1.6521658,-1.4463526
-2.0478675,-1.9807992,-1.6501098,-1.441504
-2.0522563,-1.9775476,-1.6452054,-1.4343973
-2.0510585,-1.9688531,-1.636118,-1.4226516
-2.0431297,-1.9536327,-1.6225748,-1.4069116
-2.0284278,-1.9316453,-1.6032798,-1.3856099
-2.0075312,-1.9036366,-1.580129,-1.3612936
-1.980952,-1.8701686,-1.5530382,-1.3337462
-1.9491509,-1.8319793,-1.5236492,-1.3052124
-1.9117999,-1.788618,-1.4906083,-1.2742162
-1.8681704,-1.7393388,-1.4535455,-1.2408528
-1.8169107,-1.6822755,-1.4091691,-1.2014443
-1.7560103,-1.6150842,-1.3557224,-1.1547672
-1.686987,-1.5397044,-1.2966689,-1.1047882
-1.608288,-1.4548768,-1.2313576,-1.0515876
-1.5185773,-1.3590825,-1.1570623,-0.99215657
-1.4197959,-1.254619,-1.076332,-0.92890143
-1.3132482,-1.1431432,-0.9894619,-0.8614769
-1.203827,-1.0306916,-0.9033405,-0.79626626
-1.0938573,-0.9197921,-0.817454,-0.7312785
-0.98947734,-0.8175139,-0.739881,-0.6738649
-0.89294016,-0.72598326,-0.67060363,-0.62296265
-0.8090383,-0.65001804,-0.6143914,-0.5823519
-0.73434824,-0.5849403,-0.564989,-0.5460435
-0.6683642,-0.52994245,-0.52400523,-0.51665825
-0.6118484,-0.4847218,-0.4883384,-0.48989087
-0.56295353,-0.44749087,-0.45980635,-0.46912834
-0.5216892,-0.41784528,-0.43705755,-0.45264405
-0.48337027,-0.39019176,-0.41372746,-0.43470228
0.1399009,0.14372857,0.12291626,0.0855611
0.022079153,0.0327139,0.0018643381,0.016343975
0.110303245,0.10222083,0.049491197,0.040904783
0.16673335,0.15562771,0.117282934,0.08126815
0.23717114,0.22783267,0.1762194,0.106231235
0.3407009,0.33158976,0.25988567,0.15514736
0.47696996,0.46782878,0.38072106,0.24353196
0.63963944,0.63084644,0.53148067,0.36422017
0.81636167,0.8073731,0.6969984,0.50161994
0.991689,0.9803006,0.8592854,0.6376148
1.1558347,1.139597,1.0112432,0.765837
1.3048575,1.2817996,1.15174,0.8857811
1.4393779,1.4078865,1.2805712,0.99650174
1.5616634,1.5204403,1.3987825,1.0982561
1.6718674,1.620021,1.5067501,1.1917739
1.7745619,1.7114373,1.6073905,1.2789019
1.8670975,1.7920362,1.6973143,1.356722
1.9482167,1.8607956,1.7749727,1.4237581
2.0192204,1.9194714,1.842238,1.4820155
2.0799065,1.9682273,1.899748,1.5323966
2.1331646,2.0099974,1.9492522,1.5758096
2.1768043,2.0428252,1.9900142,1.6121778
2.213088,2.06875,2.0223153,1.6405913
2.2382648,2.0842373,2.0439682,1.6596502
2.2519283,2.0889258,2.0541039,1.6681921
2.257572,2.086845,2.0580447,1.6722336
2.257685,2.080543,2.0587068,1.6748437
2.2558703,2.0735059,2.0593839,1.6788263
2.2521253,2.0649095,2.0571067,1.679592
2.2446892,2.0530372,2.0509248,1.6765352
2.2331762,2.0377698,2.0417683,1.6712679
2.2169542,2.0186753,2.0299084,1.6646404
2.192586,1.9918166,2.0096834,1.6502154
2.153985,1.9513096,1.9764923,1.6246122
2.0963733,1.8925622,1.9258666,1.5843706
2.0146422,1.8107084,1.8536001,1.5269676
1.9077058,1.7047712,1.7580118,1.4516313
1.7752777,1.5745598,1.6389648,1.3594409
1.6202943,1.4230502,1.4987129,1.2529441
1.4521852,1.2600627,1.346637,1.1403418
1.2840184,1.0994664,1.1975604,1.034202
1.1260246,0.95170057,1.0617508,0.94159734
0.98668057,0.8253874,0.9469404,0.86682457
0.86835605,0.7226464,0.85441554,0.8090694
0.7692667,0.64122576,0.7811578,0.76464427
0.68856,0.57994485,0.7256777,0.73175526
0.62330884,0.5354469,0.685295,0.7085471
0.5701364,0.5034744,0.6548126,0.6904622
0.5262788,0.48061204,0.6309935,0.6752529
0.48693863,0.46123427,0.6083801,0.658807
0.44778025,0.4404069,0.58177465,0.6369577
0.4060045,0.41503173,0.548371,0.60781646
0.36157566,0.38534445,0.5097922,0.57355446
0.31348458,0.35014373,0.46448952,0.53288406
0.26605272,0.3151518,0.42309675,0.49716085
0.22798271,0.2911028,0.40283465,0.48414612
0.20475934,0.28350684,0.40724227,0.4955592
0.1952324,0.28947172,0.4264543,0.5191969
0.19509302,0.30364382,0.45340687,0.54825455
0.20143034,0.3217991,0.47917128,0.5728613
0.21220912,0.34236208,0.50486475,0.595745
0.22477947,0.3626414,0.52809393,0.6154084
0.23333752,0.3765901,0.54246026,0.6265978
0.2388139,0.38588592,0.55131847,0.6330919
0.23765847,0.38710275,0.5516122,0.6326561
0.23075889,0.38167748,0.54473317,0.62640595
0.22093381,0.37318847,0.53599674,0.6194984
0.20895243,0.3625184,0.5257539,0.6119043
0.19762553,0.35279322,0.5176663,0.6066829
0.18725967,0.34425426,0.5117864,0.60379237
0.18086576,0.33983043,0.51008797,0.6041296
0.17673923,0.337598,0.51086646,0.6064534
0.17676805,0.33925688,0.5146988,0.61055785
0.1813316,0.34539804,0.523703,0.61898714
0.1898273,0.35499877,0.53532344,0.6289141
0.20112012,0.36676314,0.5483827,0.63943774
0.2130947,0.37847376,0.56087047,0.64920396
0.22937553,0.39408982,0.57705,0.661683
0.24536134,0.40873837,0.59235835,0.673529
0.26286468,0.42428514,0.6078711,0.68515754
0.27979213,0.4385317,0.621658,0.69519967
0.29617357,0.45173156,0.63434017,0.7043656
0.3109746,0.46296433,0.6452952,0.71228904
0.32448137,0.47253773,0.6539882,0.7181555
0.33705905,0.48116672,0.6625756,0.7244462
0.34998417,0.49009165,0.67135787,0.73083884
0.36398032,0.50029707,0.6824222,0.7395954
0.37861055,0.51098037,0.6934811,0.7480533
0.39318836,0.5214242,0.70399636,0.7558719
0.40867585,0.5326881,0.71516037,0.76404977
0.42414185,0.5440019,0.72722465,0.7734481
0.44060346,0.5561866,0.7396352,0.782776
0.45896357,0.57015085,0.7533604,0.7928202
0.47765535,0.58426076,0.76707304,0.80269545
0.49576914,0.5975737,0.7797731,0.8116542
0.51374775,0.61051387,0.7913243,0.81927896
0.53130716,0.6229852,0.80251336,0.82664263
0.5482105,0.63489467,0.8135906,0.834214
0.5670616,0.6487279,0.8257671,0.84217507
0.58721113,0.66390383,0.83958113,0.85152495
0.14216486,0.14619426,0.12590417,0.088288836
0.030555459,0.042002197,0.013045871,0.026402708
0.09591696,0.085035436,0.027381781,0.020360177
0.068935156,0.04145882,-0.023705669,-0.050069183
0.0084521435,-0.038252093,-0.1363944,-0.18502767
-0.046758592,-0.11906649,-0.24372806,-0.3138463
-0.089129895,-0.19136807,-0.32856244,-0.4175214
-0.11837618,-0.25182354,-0.3924228,-0.4967566
-0.14045067,-0.3038722,-0.4416029,-0.5568592
-0.15690076,-0.34730908,-0.47993723,-0.6030801
-0.16970089,-0.38278124,-0.5083673,-0.6368967
-0.17962292,-0.41069397,-0.5285428,-0.6608496
-0.1880657,-0.43271062,-0.54299307,-0.6780245
-0.1950698,-0.4494747,-0.55362785,-0.69119024
-0.19987519,-0.46024844,-0.5586427,-0.6985508
-0.20184991,-0.46465743,-0.5578237,-0.7001612
-0.20261678,-0.46518147,-0.555113,-0.700206
-0.19902499,-0.45838904,-0.54532367,-0.69362855
-0.19293213,-0.4464661,-0.53052825,-0.68197376
-0.18581037,-0.43206283,-0.51602876,-0.671167
-0.17747214,-0.41513404,-0.5000408,-0.6591207
-0.16659643,-0.39393413,-0.47875157,-0.6414865
-0.14980128,-0.36487928,-0.44907433,-0.6158282
-0.12473367,-0.32525593,-0.40731815,-0.5784967
-0.08512885,-0.26795188,-0.3450713,-0.52167803
-0.04046922,-0.2055411,-0.282218,-0.46587506
0.012599119,-0.1345122,-0.2119171,-0.40433842
0.07540085,-0.053095743,-0.1294705,-0.3314438
0.1585856,0.05102658,-0.01951249,-0.2328397
0.25248623,0.16458093,0.09588692,-0.132004
0.34445956,0.27202052,0.19882903,-0.04596059
0.43675676,0.37724656,0.30253962,0.041399453
0.52868503,0.47965583,0.4058864,0.12919866
0.63474417,0.5964723,0.5317794,0.2396417
0.7640172,0.7366941,0.68771094,0.37819195
0.9022246,0.88191557,0.84584314,0.51582664
1.0297313,1.0095501,0.978964,0.62642336
1.1337296,1.107921,1.0805365,0.7079754
1.2065076,1.1713938,1.1473231,0.76032436
1.2424606,1.1965362,1.1777897,0.78433126
1.2411155,1.1842303,1.1718639,0.78012156
1.1973432,1.130093,1.1252805,0.744857
1.1113037,1.0348395,1.037658,0.678617
0.985052,0.90150917,0.9149211,0.58900523
0.8254044,0.7369684,0.7620304,0.47914883
0.64530444,0.55541986,0.5956024,0.36358297
0.4635156,0.37669048,0.4356784,0.25723857
0.2960132,0.21773897,0.3002772,0.17364037
0.15465346,0.090308025,0.19902886,0.1179803
0.042827655,-0.0030820237,0.13238648,0.08900888
-0.041640375,-0.06645182,0.09242174,0.07808758
-0.10558994,-0.108310185,0.06978041,0.077497214
-0.15318163,-0.13380294,0.059816238,0.084231205
-0.18551038,-0.14428473,0.063044876,0.100131534
-0.20450163,-0.14248776,0.075630665,0.12170898
-0.21328054,-0.13210258,0.09439338,0.14677648
-0.21429135,-0.11618325,0.11554659,0.1719144
-0.20968927,-0.09662476,0.13967437,0.19902149
-0.19939965,-0.0733741,0.16638623,0.22747833
-0.18641795,-0.049760316,0.19137718,0.25317928
-0.16996682,-0.024404716,0.21797264,0.27990854
-0.15367289,-0.0011304872,0.24199364,0.30415323
-0.13513282,0.022951502,0.26661536,0.32856116
-0.11476003,0.04773616,0.29257295,0.3541225
-0.08994184,0.0759677,0.32141665,0.38136837
-0.06312117,0.104851946,0.34955195,0.40690526
-0.03755261,0.13120593,0.3751328,0.43012375
-0.010486182,0.15798265,0.39999652,0.451869
0.015141067,0.18239547,0.42264453,0.4717789
0.04079766,0.20626162,0.44524994,0.4918251
0.0666911,0.22968948,0.46699223,0.51070094
0.091045804,0.2509231,0.48627144,0.52725047
0.1157026,0.27225712,0.5063341,0.5446684
0.13930772,0.2922692,0.52555823,0.5615158
0.16218159,0.31116155,0.54291254,0.57636917
0.18475336,0.329732,0.5610261,0.592294
0.20811978,0.3490532,0.5800412,0.6088779
0.23145059,0.36803746,0.5977997,0.6237971
0.25368568,0.38566443,0.614041,0.6373281
0.27652285,0.40395638,0.6316464,0.6522117
0.30007637,0.4228412,0.64927226,0.6667238
0.32316506,0.44116563,0.6665619,0.68095404
0.34653777,0.45959002,0.6833742,0.694403
0.36761168,0.4755534,0.69785947,0.70604557
0.38775548,0.4907128,0.7119968,0.7176795
0.4078343,0.5058081,0.7258726,0.7289065
0.4273535,0.520476,0.7397262,0.7403275
0.44612703,0.53437567,0.7525702,0.7507657
0.46488798,0.5483079,0.76543516,0.76118445
0.48224404,0.56061614,0.77561665,0.76886344
0.49794587,0.57151806,0.7854127,0.7768387
0.51381433,0.582862,0.7962509,0.78601706
0.5309482,0.5957433,0.8088655,0.7966396
0.5493293,0.6099592,0.822848,0.80823916
0.5666178,0.6229696,0.83534247,0.81843084
0.58479655,0.63689286,0.8485027,0.8289685
0.6014091,0.6490074,0.8591444,0.8370693
0.61719525,0.6603792,0.8691369,0.84473217
0.632961,0.6716416,0.87817496,0.85114217
0.6497255,0.68415296,0.8889118,0.859158
0.14825982,0.15285805,0.13400309,0.09573211
0.0624147,0.076744825,0.053408194,0.0622349
0.17588955,0.17323536,0.12753539,0.10976147
0.20705292,0.19487569,0.14700358,0.10517312
0.19004266,0.16447724,0.07934491,0.013859019
0.15009148,0.10190414,-0.024497079,-0.10918096
0.10998622,0.034904372,-0.1149212,-0.213289
0.07301584,-0.030976601,-0.19042888,-0.2973094
0.041368823,-0.09180436,-0.25409877,-0.3662214
0.019841652,-0.13968228,-0.2980331,-0.4131549
0.0066574267,-0.17525247,-0.32669133,-0.44364798
-0.003324082,-0.20411316,-0.34939837,-0.46789455
-0.010421991,-0.22668731,-0.36754635,-0.48805758
-0.017625488,-0.2462366,-0.383434,-0.5058264
-0.026889896,-0.2654407,-0.4007637,-0.5252184
-0.03715515,-0.28281343,-0.41547924,-0.54174185
-0.047241986,-0.2973611,-0.42766577,-0.5558903
-0.055152103,-0.3068113,-0.43418896,-0.5647182
-0.060217395,-0.31054872,-0.43471107,-0.5679128
-0.06238861,-0.30883092,-0.4299962,-0.566346
-0.065589234,-0.30685535,-0.42738646,-0.56734383
-0.06636476,-0.3007538,-0.42103684,-0.56510454
-0.06699069,-0.2931482,-0.4132026,-0.56121904
-0.06666266,-0.2835783,-0.40446353,-0.5567181
-0.06780918,-0.27473584,-0.39618438,-0.55206555
-0.07026519,-0.26681185,-0.38922504,-0.5484247
-0.06926696,-0.2541066,-0.3756822,-0.53798795
-0.06750107,-0.23986548,-0.35986716,-0.52473867
-0.06182059,-0.2210787,-0.34010756,-0.50818956
-0.056668572,-0.2030304,-0.32195225,-0.49305525
-0.053543933,-0.18781444,-0.30825362,-0.48227772
-0.051572625,-0.17416053,-0.29558605,-0.47189772
-0.051444504,-0.16307174,-0.28641203,-0.4646823
-0.05583331,-0.1572037,-0.28139573,-0.46019006
-0.063417755,-0.15547885,-0.2814604,-0.46031684
-0.07442239,-0.15777087,-0.2849433,-0.46284902
-0.08864728,-0.16365919,-0.29098237,-0.4668578
-0.10183204,-0.16795482,-0.29270995,-0.4657491
-0.11394546,-0.17113285,-0.29365844,-0.46404427
-0.12785491,-0.17642005,-0.29670057,-0.46394816
-0.14179815,-0.18213539,-0.30080363,-0.46502823
-0.15785208,-0.19036144,-0.30710572,-0.4676261
-0.17689024,-0.20228037,-0.31781647,-0.4742155
-0.19473942,-0.21272705,-0.32503426,-0.4767908
-0.21283488,-0.22336154,-0.331614,-0.4782083
-0.22969553,-0.23251317,-0.33550572,-0.47664887
-0.24499726,-0.2402531,-0.33847257,-0.4744556
-0.25889805,-0.24642959,-0.33872622,-0.46924663
-0.2738799,-0.25434554,-0.34186456,-0.46687043
-0.29492578,-0.2697448,-0.35425928,-0.47302398
-0.32335383,-0.2938916,-0.37598926,-0.4871219
-0.35520652,-0.32171598,-0.39947957,-0.50171036
-0.3919872,-0.35471937,-0.4269647,-0.5189536
-0.43284413,-0.3915045,-0.45524082,-0.53524196
-0.47688937,-0.43093744,-0.48272198,-0.5489691
-0.5280936,-0.47807524,-0.51815313,-0.5693741
-0.5923502,-0.5396405,-0.56807286,-0.6019302
-0.67446935,-0.62103695,-0.63762265,-0.65108204
-0.7714912,-0.7181552,-0.71882206,-0.70850724
-0.8898024,-0.8379796,-0.8192208,-0.7811653
-1.0302507,-0.9819967,-0.9411613,-0.87271065
-1.1876342,-1.1450236,-1.0799879,-0.9811164
-1.3508596,-1.3145009,-1.2203957,-1.0931783
-1.5047659,-1.4736204,-1.3457943,-1.1949711
-1.6390343,-1.6112134,-1.4480957,-1.279896
-1.7479718,-1.7209059,-1.5227425,-1.3427011
-1.8294928,-1.8001286,-1.5690764,-1.3811512
-1.8915305,-1.8579862,-1.6011097,-1.4084756
-1.9347421,-1.8948778,-1.6154541,-1.4187193
-1.9629952,-1.9153694,-1.6194996,-1.4194907
-1.9808431,-1.924559,-1.6169409,-1.4136075
-1.9863228,-1.920312,-1.603503,-1.3964181
-1.981839,-1.9054008,-1.5831941,-1.3723996
-1.9688394,-1.8815169,-1.5566684,-1.3420587
-1.9493653,-1.8513577,-1.5273495,-1.3094114
-1.9299786,-1.8231009,-1.5057313,-1.2858613
-1.9110107,-1.7974336,-1.4893775,-1.2685056
-1.8896927,-1.7705365,-1.4706799,-1.2486845
-1.8626453,-1.7378908,-1.4442158,-1.221009
-1.8348775,-1.7050956,-1.4182813,-1.1941197
-1.8052623,-1.6711681,-1.3914207,-1.1668829
-1.7768948,-1.6402355,-1.3707738,-1.1475458
-1.7440451,-1.6053979,-1.345624,-1.1248294
-1.7034819,-1.5615206,-1.3068023,-1.0877805
-1.6573132,-1.5113897,-1.2628437,-1.0468602
-1.6050961,-1.4543456,-1.2103229,-0.9974215
-1.5468293,-1.3908591,-1.1521598,-0.9433536
-1.4876089,-1.3273306,-1.0969491,-0.8935287
-1.431508,-1.2699306,-1.0554347,-0.8604917
-1.3800155,-1.2205904,-1.0276129,-0.84364367
-1.3272904,-1.1720512,-1.0027943,-0.83231264
-1.2646335,-1.1126262,-0.96286607,-0.8071244
-1.18889,-1.0383142,-0.9059713,-0.7672157
-1.1016153,-0.9511501,-0.83530116,-0.7156077
-1.0064918,-0.85636955,-0.7589643,-0.6605034
-0.91067904,-0.76256007,-0.6853171,-0.6086197
-0.819821,-0.6762921,-0.62037057,-0.5646635
-0.7387344,-0.60231423,-0.56611705,-0.52872795
-0.6694426,-0.54231805,-0.5239126,-0.5017634
-0.60974085,-0.49270374,-0.48723683,-0.4768962
0.14593062,0.15030469,0.13085288,0.09282333
0.053219195,0.06681842,0.042052276,0.052292995
0.18421678,0.18358214,0.14150918,0.12288807
0.3015205,0.30390397,0.27826208,0.22512968
0.44915524,0.46099818,0.4220638,0.3263865
0.62615836,0.6443074,0.5796549,0.44050235
0.8132952,0.83312005,0.7436574,0.5651181
0.9924656,1.0091397,0.89885885,0.687036
1.1561921,1.1664747,1.0431049,0.8046273
1.3046039,1.3064768,1.1775198,0.91754323
1.4373983,1.429351,1.3002768,1.0225288
1.5558469,1.5368745,1.4118752,1.1191392
1.6651167,1.6346734,1.5166538,1.2106245
1.766748,1.7242503,1.6142709,1.2959217
1.8588643,1.8038477,1.7024837,1.3731091
1.9422445,1.8743498,1.7811204,1.4416815
2.0163405,1.9355657,1.8502675,1.5020944
2.0802045,1.9868847,1.9097075,1.5545677
2.136674,2.0312946,1.961697,1.6007515
2.184881,2.0680492,2.0058286,1.6404276
2.226368,2.0987887,2.04365,1.6748425
2.2610826,2.1234212,2.075009,1.7037224
2.289241,2.1423414,2.1009204,1.7282608
2.3096914,2.1543596,2.1201463,1.7471495
2.3221061,2.1590266,2.131555,1.7588191
2.3258433,2.155864,2.135198,1.7636597
2.3211944,2.1454408,2.1324506,1.7635739
2.3052857,2.1246262,2.1196616,1.7547826
2.2777507,2.0931914,2.0966702,1.7373426
2.2355187,2.0481477,2.0612862,1.709926
2.1767802,1.9875836,2.0108867,1.6701398
2.096933,1.9069694,1.9419239,1.6158623
1.9972116,1.8075442,1.8546535,1.5476788
1.8756216,1.6872073,1.7474117,1.465265
1.7353668,1.5489932,1.6216801,1.369827
1.5805176,1.3971815,1.4821593,1.2662336
1.4218856,1.2431417,1.3400493,1.1637625
1.2684847,1.0960045,1.2034323,1.0676785
1.1304519,0.9664382,1.0827855,0.985295
1.0084294,0.85489285,0.9785697,0.9157365
0.90264064,0.7614307,0.88977826,0.8565313
0.8101155,0.6826364,0.8121233,0.8031027
0.72642094,0.6135074,0.7399665,0.75032735
0.63890004,0.53932875,0.65476376,0.6809172
0.53442186,0.44507107,0.5380414,0.5779091
0.40629846,0.3233741,0.3831996,0.43624583
0.2815025,0.20782341,0.24529277,0.31263515
0.18690859,0.12941651,0.16492023,0.24574389
0.13350645,0.09778664,0.14033896,0.22803101
0.11754971,0.10553623,0.15229772,0.23705482
0.12703525,0.13742389,0.18063328,0.25409323
0.14246564,0.17127535,0.20286618,0.2613389
0.15063408,0.19327007,0.2091791,0.25345936
0.14610301,0.1985945,0.19861919,0.23227134
0.12763497,0.18679997,0.17184433,0.19894649
0.09845,0.16216378,0.13398473,0.15792647
0.0628208,0.1305075,0.09410385,0.1182032
0.025070697,0.096681505,0.055648923,0.08155567
-0.012846824,0.06237245,0.017213602,0.044877067
-0.049900003,0.02940227,-0.016201252,0.013912877
-0.08331213,0.0004228247,-0.044726636,-0.012910411
-0.113151595,-0.024520177,-0.06769713,-0.034680925
-0.14159982,-0.04826992,-0.089873716,-0.056210313
-0.16689825,-0.06887251,-0.10887068,-0.07533222
-0.18908226,-0.08616583,-0.12352658,-0.090313844
-0.20848013,-0.10073991,-0.1354188,-0.10292693
-0.22525904,-0.11302691,-0.1458667,-0.11475533
-0.23938228,-0.1223555,-0.1507908,-0.12037569
-0.24914685,-0.1276811,-0.15341137,-0.12488719
-0.2563488,-0.13066308,-0.15337196,-0.1267449
-0.26253623,-0.13356565,-0.15531668,-0.13112837
-0.27030957,-0.13897255,-0.16046001,-0.13825077
-0.2817882,-0.14944845,-0.17292129,-0.1524036
-0.29403862,-0.16114943,-0.1860027,-0.16659349
-0.30765805,-0.17443669,-0.19975099,-0.18065
-0.3225846,-0.18944646,-0.21573168,-0.19670258
-0.33897364,-0.20619406,-0.2329224,-0.21336149
-0.3555335,-0.2231219,-0.24937117,-0.22888649
-0.37154213,-0.23940104,-0.2646856,-0.24305774
-0.38511726,-0.25298357,-0.27656865,-0.25399438
-0.39826846,-0.26640776,-0.28918093,-0.26587746
-0.4100253,-0.27836344,-0.2996357,-0.27552232
-0.42367405,-0.29282793,-0.31380683,-0.28871873
-0.43556005,-0.3056496,-0.32663316,-0.30092537
-0.44725272,-0.31816965,-0.33781114,-0.31090623
-0.46001983,-0.33221143,-0.35177302,-0.3237679
-0.4759171,-0.35009313,-0.37060603,-0.34116715
-0.49199277,-0.3680189,-0.38783392,-0.35632485
-0.5109948,-0.38935974,-0.40961188,-0.37583807
-0.5307288,-0.4113229,-0.43075758,-0.39422002
-0.5500701,-0.4327523,-0.45103014,-0.41177195
-0.5718388,-0.45661494,-0.47287712,-0.43013093
-0.5912765,-0.4778165,-0.49162003,-0.4457514
-0.6121977,-0.5005476,-0.51171106,-0.46239972
-0.63417417,-0.52469885,-0.53446484,-0.48195437
-0.6574269,-0.55011547,-0.5573081,-0.5010394
-0.68225163,-0.5772176,-0.5819004,-0.52160656
-0.70652646,-0.60349596,-0.60463625,-0.5402245
-0.731806,-0.63062567,-0.6275673,-0.5585922
-0.7570164,-0.6576691,-0.65052986,-0.57714236
0.14361608,0.14767547,0.12742233,0.089539185
0.037900697,0.049797975,0.021572405,0.03369103
0.1280505,0.12061504,0.06768486,0.05610951
0.15049522,0.1337786,0.083151355,0.04780201
0.14819354,0.121482655,0.043216236,-0.018457027
0.13909471,0.09513621,-0.014613425,-0.0994199
0.13482825,0.069345385,-0.061276156,-0.16440435
0.13493516,0.046218194,-0.09562739,-0.21146546
0.13341004,0.020593729,-0.12837413,-0.2519094
0.13085943,-0.005082101,-0.15723993,-0.28454882
0.13461237,-0.020764142,-0.17063925,-0.29942998
0.14004001,-0.031766452,-0.17921084,-0.30863753
0.14124234,-0.04534945,-0.19303215,-0.32287383
0.13520502,-0.06549962,-0.2164071,-0.34674898
0.12669203,-0.08586704,-0.2378734,-0.36822098
0.11984171,-0.10081908,-0.24888411,-0.3782646
0.114345945,-0.11198587,-0.25781593,-0.38737562
0.11981918,-0.107138366,-0.24539994,-0.3757297
0.13489951,-0.0887927,-0.21949284,-0.35206795
0.16561434,-0.05044437,-0.17351557,-0.310952
0.21833317,0.015362141,-0.096773416,-0.24148878
0.30331838,0.11982896,0.022176081,-0.13375068
0.42742056,0.26872164,0.18537048,0.011726628
0.5910285,0.46021634,0.38982376,0.19088177
0.77924377,0.67362994,0.6084865,0.37640715
0.96377844,0.87480503,0.80446994,0.5343859
1.1328461,1.0524212,0.9767695,0.6696504
1.2820501,1.2035477,1.1257557,0.78553396
1.4091392,1.3278409,1.252269,0.8845312
1.5154499,1.4284401,1.3597732,0.9705551
1.6037709,1.5091459,1.4499968,1.0443618
1.6720928,1.5687588,1.5211707,1.1042097
1.7177205,1.6051792,1.5703332,1.1469026
1.7419101,1.6203165,1.5983367,1.1726607
1.7406358,1.6105889,1.6020801,1.1789991
1.7117317,1.5740457,1.5784905,1.162735
1.6527565,1.508569,1.5259855,1.1233038
1.5619144,1.4121666,1.4408816,1.0572945
1.4352624,1.2809589,1.3200992,0.96375316
1.2723881,1.1138699,1.159307,0.83818704
1.0716228,0.90849906,0.9535024,0.6758884
0.8337513,0.6652271,0.70192915,0.47618663
0.5590108,0.38338676,0.40253887,0.23557785
0.27306968,0.09409517,0.105179004,0.0025180343
0.011511285,-0.16041164,-0.1288591,-0.16638158
-0.21390726,-0.36974892,-0.30276445,-0.2834998
-0.403601,-0.5371993,-0.43155107,-0.36798838
-0.56009954,-0.66796476,-0.5270518,-0.43205783
-0.68885803,-0.76988083,-0.6008534,-0.48565695
-0.7915837,-0.8455756,-0.6542237,-0.527442
-0.8683753,-0.89548486,-0.6862689,-0.5543369
-0.9232685,-0.92424965,-0.7017761,-0.5691292
-0.9585052,-0.93472224,-0.7044561,-0.5748333
-0.97545654,-0.9281325,-0.693732,-0.56946707
-0.9753732,-0.9057659,-0.6711656,-0.5543732
-0.95976675,-0.8694815,-0.6396051,-0.53257513
-0.9291384,-0.81908345,-0.5951345,-0.4987651
-0.88621455,-0.7579732,-0.543278,-0.4589275
-0.8316415,-0.68673503,-0.482854,-0.4114691
-0.76923645,-0.60961896,-0.41737035,-0.3591549
-0.7018426,-0.5302134,-0.35152188,-0.30700728
-0.6331427,-0.45253465,-0.28818446,-0.2571538
-0.5583779,-0.3697124,-0.21367994,-0.19462964
-0.47103545,-0.27387765,-0.11873953,-0.1112249
-0.37759203,-0.17388107,-0.020031475,-0.025458656
-0.2908692,-0.08603222,0.058322698,0.038110346
-0.22469547,-0.026483497,0.09530369,0.059575524
-0.18408142,0.002432799,0.098785564,0.051655807
-0.15953179,0.014570876,0.09132453,0.037932195
-0.1545071,0.007039481,0.06757431,0.012860561
-0.16292603,-0.013348209,0.03334051,-0.019582259
-0.17974135,-0.04037423,-0.0019325104,-0.05005468
-0.19483085,-0.06263122,-0.026018573,-0.06810977
-0.20374471,-0.07600992,-0.037417043,-0.07412164
-0.20539558,-0.0802271,-0.038217634,-0.07101814
-0.19577381,-0.071177736,-0.023077799,-0.0536454
-0.17277706,-0.046687387,0.011288665,-0.018481884
-0.13444899,-0.005705123,0.06275576,0.030859306
-0.08971102,0.04049978,0.115314215,0.078585155
-0.043395005,0.086421445,0.16407584,0.121212244
0.011451548,0.14165922,0.22923805,0.18128705
0.079186,0.21150264,0.3186373,0.26664644
0.13811718,0.26960808,0.39176536,0.3363019
0.16032137,0.2845295,0.4081893,0.35293305
0.13252446,0.24431917,0.3594957,0.3128253
0.05225293,0.15004171,0.25362822,0.22720116
-0.06607656,0.02016393,0.116542004,0.12074616
-0.20202571,-0.122285515,-0.02361806,0.017476665
-0.33356068,-0.2542515,-0.14243051,-0.0638222
-0.44650155,-0.36195788,-0.2278208,-0.114991486
-0.5317582,-0.43790734,-0.27838844,-0.13825679
-0.5902358,-0.484879,-0.301608,-0.14158691
-0.62477404,-0.5070313,-0.30345488,-0.13020802
-0.64015883,-0.5101544,-0.29050487,-0.109253876
-0.64083534,-0.49961987,-0.26929116,-0.084357485
-0.63062537,-0.4793519,-0.24109246,-0.054982334
-0.61297923,-0.45328116,-0.2103687,-0.025067145
-0.59028065,-0.4235988,-0.1770448,0.0065682083
-0.56071734,-0.3882176,-0.13891903,0.04157553
-0.5273825,-0.35054743,-0.099748604,0.07658907
0.14554678,0.14986405,0.1302684,0.09224994
0.04306555,0.055738356,0.029430185,0.041208047
0.13094878,0.12407323,0.0726974,0.061450634
0.15537083,0.14008468,0.09342217,0.059265215
0.17192204,0.1505474,0.083090864,0.021839634
0.18810646,0.1537921,0.056572165,-0.030402472
0.20424005,0.1515366,0.029305445,-0.078584045
0.22370474,0.15144375,0.016234457,-0.10547486
0.25593105,0.16652398,0.027861549,-0.10289627
0.28937042,0.18385877,0.041633,-0.09522327
0.31190315,0.1895885,0.04009607,-0.10046621
0.31668732,0.17579813,0.015470998,-0.12647167
0.30373862,0.14350235,-0.02616,-0.16623658
0.28084067,0.10278401,-0.06993953,-0.20509024
0.25203034,0.05733408,-0.11766756,-0.24766742
0.22226164,0.013620792,-0.15977499,-0.28452685
0.19598383,-0.023437668,-0.19305593,-0.31369445
0.16911207,-0.059361536,-0.22808863,-0.3466539
0.14432427,-0.0904815,-0.2574534,-0.37521082
0.12285317,-0.11520348,-0.27919883,-0.39715803
0.107539125,-0.130287,-0.29037327,-0.4098117
0.0991891,-0.1349552,-0.29021534,-0.4123325
0.10071868,-0.12592067,-0.27478266,-0.4006988
0.10858818,-0.108169034,-0.2522671,-0.3833789
0.124444045,-0.08042338,-0.22118038,-0.35911557
0.13805771,-0.055035733,-0.19570258,-0.34079158
0.15394187,-0.026842134,-0.16764529,-0.32010052
0.16672601,-0.0022210102,-0.14404733,-0.30320278
0.18954276,0.03505282,-0.10121148,-0.26630107
0.2209731,0.082085274,-0.048000745,-0.21978416
0.2730173,0.1528981,0.034383066,-0.14575204
0.33735302,0.23594703,0.12659545,-0.06456338
0.40791816,0.322859,0.21642111,0.010821387
0.47411358,0.40154347,0.29332513,0.07233465
0.52289844,0.45798156,0.3442257,0.109856345
0.5404799,0.47690925,0.3500818,0.10599758
0.52175194,0.454882,0.31303406,0.066283
0.47969162,0.40892217,0.25834164,0.016870549
0.42689183,0.35380128,0.20145358,-0.029258596
0.37363303,0.30127144,0.15482838,-0.06204155
0.32247496,0.252647,0.113100186,-0.09022829
0.2780608,0.21266668,0.08033491,-0.11118202
0.23801112,0.17830813,0.052717328,-0.12847687
0.19936156,0.14577577,0.024491904,-0.14781608
0.15740423,0.10952461,-0.01025629,-0.17428845
0.11914557,0.0781035,-0.038223058,-0.19425823
0.08079155,0.04711361,-0.06495786,-0.21266484
0.045648374,0.020196447,-0.086209945,-0.22580099
0.015486387,-0.0008448965,-0.099795125,-0.23160696
-0.0053359987,-0.010510681,-0.09660591,-0.22040145
-0.006638151,0.0024808687,-0.06403796,-0.18100774
0.002697259,0.026673136,-0.02043031,-0.13205372
0.013396654,0.050017588,0.016417187,-0.09168269
0.015540883,0.061992604,0.039259188,-0.0638251
-0.0076505286,0.044181358,0.027252035,-0.06654124
-0.06357182,-0.009632231,-0.020247163,-0.096941985
-0.15888019,-0.10563996,-0.10856696,-0.15883225
-0.28673348,-0.23557927,-0.22922735,-0.2460732
-0.43722326,-0.3884933,-0.37162858,-0.3517131
-0.5908696,-0.5421552,-0.5084121,-0.4519066
-0.7279881,-0.6750058,-0.61712235,-0.5280108
-0.8377472,-0.77542484,-0.6867092,-0.570327
-0.91783905,-0.8423092,-0.7219347,-0.58482325
-0.9682216,-0.8768223,-0.72770613,-0.576402
-0.9938771,-0.8847835,-0.7096812,-0.5486192
-1.001454,-0.8744143,-0.6789128,-0.51180536
-0.99788946,-0.8539899,-0.6437597,-0.473019
-0.98485845,-0.8252131,-0.6030822,-0.42990017
-0.964579,-0.7906995,-0.55978036,-0.3853642
-0.94029397,-0.7539888,-0.51679915,-0.34181097
-0.9112974,-0.7142069,-0.47221568,-0.29741564
-0.87895656,-0.6726504,-0.4266856,-0.25258556
-0.8436132,-0.6296461,-0.38075045,-0.20804709
-0.80514365,-0.5845994,-0.3316949,-0.16055843
-0.7620191,-0.53614086,-0.28037947,-0.11226789
-0.71749467,-0.48782492,-0.23015456,-0.06576899
-0.6710916,-0.43920404,-0.18092445,-0.021268865
-0.62417144,-0.39151487,-0.13300702,0.021578627
-0.57566273,-0.34338763,-0.08486138,0.06400768
-0.5255129,-0.29466686,-0.03634278,0.10611482
-0.47380036,-0.24533907,0.012591551,0.147951
-0.4216299,-0.19662204,0.060380697,0.18812338
-0.36966172,-0.1490276,0.107068874,0.22699898
-0.31828383,-0.10302463,0.15117255,0.26294056
-0.26732615,-0.058001682,0.19504762,0.29876196
-0.21671148,-0.013877918,0.23798986,0.3334938
-0.16761352,0.028153872,0.27856746,0.3658902
-0.11844195,0.0699915,0.31923723,0.39827296
-0.070339866,0.11019805,0.35730544,0.42781278
-0.025925202,0.14610612,0.39042866,0.45301414
0.013851229,0.17693956,0.4183045,0.4739287
0.050693754,0.20489728,0.44385278,0.4933684
0.086784855,0.23250675,0.46990547,0.5136126
0.12071182,0.2583466,0.49539915,0.5340516
0.15287603,0.28249785,0.5184535,0.5520574
0.18361416,0.30549544,0.54076564,0.5697048
0.213953,0.3286099,0.5642284,0.5887923
0.24670437,0.35447708,0.59003,0.6093597
0.27970672,0.38064915,0.6157844,0.6296002
0.31215048,0.40613553,0.64000815,0.6480932
0.14230241,0.1463592,0.12611486,0.08852001
0.03445694,0.046474095,0.01864248,0.03171483
0.11991009,0.112240545,0.0594416,0.049668834
0.1321878,0.11346491,0.059520032,0.026517883
0.100769766,0.066345744,-0.024303086,-0.08230443
0.058491733,0.0003342256,-0.12577607,-0.20511241
0.020313257,-0.0660609,-0.2110656,-0.30673444
-0.00948114,-0.12540722,-0.276971,-0.38431686
-0.030643605,-0.17504935,-0.3259498,-0.44125044
-0.045529276,-0.21573518,-0.36232626,-0.482796
-0.057481304,-0.25049618,-0.3930004,-0.5172355
-0.07016982,-0.2828886,-0.4217331,-0.5485614
-0.08230447,-0.31098935,-0.44501236,-0.5735597
-0.09520678,-0.3366977,-0.46698597,-0.59710324
-0.10502585,-0.35529527,-0.48025095,-0.6118895
-0.1147181,-0.3706408,-0.4910272,-0.62424845
-0.12170728,-0.38013175,-0.4963804,-0.6317532
-0.12488354,-0.3825633,-0.49439663,-0.63227546
-0.12682079,-0.38145414,-0.49061355,-0.6315361
-0.12898466,-0.37909284,-0.4878332,-0.632385
-0.13369049,-0.37825468,-0.48776624,-0.63573754
-0.13807116,-0.3757435,-0.48605826,-0.6374664
-0.14260669,-0.37213403,-0.48320383,-0.6377914
-0.14680816,-0.36682752,-0.47770423,-0.63497293
-0.15042038,-0.36008763,-0.47135314,-0.6314056
-0.15361105,-0.35211605,-0.46363074,-0.62627435
-0.15655255,-0.3433214,-0.4550001,-0.6199555
-0.15685779,-0.3311956,-0.44303656,-0.6105159
-0.15385,-0.3148394,-0.4257273,-0.5955817
-0.1484821,-0.2957265,-0.40596563,-0.5782746
-0.14265569,-0.27628466,-0.3862269,-0.560795
-0.1338579,-0.2537786,-0.36314186,-0.5400571
-0.12432364,-0.23096763,-0.34037372,-0.5195703
-0.11646933,-0.21089523,-0.3217132,-0.50300485
-0.11145119,-0.19489248,-0.3079163,-0.4907934
-0.106914885,-0.17957333,-0.29235658,-0.47560546
-0.101587325,-0.16356233,-0.2747618,-0.45779294
-0.0908764,-0.14152378,-0.2489158,-0.43181238
-0.08194447,-0.12222095,-0.22717206,-0.40974024
-0.0760282,-0.10766172,-0.21326275,-0.3958621
-0.07605728,-0.10065743,-0.20760877,-0.38918322
-0.079333626,-0.09779352,-0.20579775,-0.3854688
-0.09093588,-0.10472074,-0.21475503,-0.39111674
-0.11187302,-0.12214555,-0.2338711,-0.40489855
-0.1352604,-0.14190763,-0.2530385,-0.41756344
-0.16505086,-0.16816548,-0.27715355,-0.43346313
-0.19727089,-0.19661145,-0.30233306,-0.449786
-0.22939317,-0.2244179,-0.32562125,-0.4640246
-0.26248068,-0.25263247,-0.3477388,-0.47652522
-0.29666573,-0.28185368,-0.37100425,-0.49014005
-0.33326435,-0.31352478,-0.39623362,-0.50516766
-0.37571293,-0.35188442,-0.4294935,-0.5276408
-0.42344978,-0.3957919,-0.46671313,-0.552705
-0.4762019,-0.44508457,-0.50890464,-0.5818438
-0.5351999,-0.50077003,-0.5554155,-0.6137209
-0.6026388,-0.5651801,-0.6082892,-0.64990693
-0.6792011,-0.63936466,-0.66974336,-0.6931061
-0.7669358,-0.72556573,-0.7412863,-0.7444059
-0.8681259,-0.82625294,-0.82472974,-0.80529714
-0.9868479,-0.94613814,-0.92504776,-0.880649
-1.1209897,-1.0828284,-1.0380174,-0.96680367
-1.265374,-1.2304276,-1.1565508,-1.057865
-1.4140402,-1.382643,-1.275882,-1.1511383
-1.5586832,-1.5308738,-1.3897445,-1.2426627
-1.6889967,-1.6637447,-1.4868822,-1.3221184
-1.7986714,-1.7744094,-1.563786,-1.3866191
-1.8854959,-1.8601406,-1.618764,-1.4332566
-1.9503981,-1.9217681,-1.654021,-1.4629616
-1.9973775,-1.9637768,-1.6757349,-1.4810035
-2.031018,-1.9910485,-1.6871908,-1.4890637
-2.053599,-2.0065196,-1.6919818,-1.490937
-2.0658355,-2.010978,-1.6890887,-1.4850451
-2.0707157,-2.0077448,-1.6816486,-1.4743896
-2.0677426,-1.9965826,-1.6690938,-1.4589107
-2.057219,-1.9777435,-1.6507075,-1.4376208
-2.040221,-1.9524031,-1.6277611,-1.4120375
-2.0171762,-1.9209065,-1.5995466,-1.3811396
-1.9882342,-1.8837336,-1.5676912,-1.3473454
-1.9577868,-1.8462713,-1.5394666,-1.3186493
-1.9268013,-1.8099945,-1.5150503,-1.2951325
-1.8951769,-1.7747028,-1.4931223,-1.2753856
-1.8612974,-1.738149,-1.469758,-1.2551888
-1.8199444,-1.6936584,-1.4360474,-1.2252326
-1.769352,-1.6390882,-1.3925111,-1.1871237
-1.7110138,-1.5763572,-1.3427829,-1.1448939
-1.6419989,-1.5023928,-1.2835618,-1.0956235
-1.5610855,-1.4159436,-1.2142826,-1.0392259
-1.4685796,-1.3175817,-1.1357508,-0.97660947
-1.364779,-1.2080396,-1.0487553,-0.90858656
-1.2528566,-1.0907997,-0.95410943,-0.83440983
-1.1383706,-0.9730925,-0.8614133,-0.7637785
-1.0271968,-0.86188936,-0.776154,-0.7006532
-0.92236435,-0.7601352,-0.69821286,-0.64329267
-0.8294687,-0.6737621,-0.63412327,-0.59742886
-0.7479975,-0.6012447,-0.5800141,-0.5585963
-0.6786803,-0.5429399,-0.5379261,-0.52931356
-0.62174034,-0.49824446,-0.5064169,-0.50784695
-0.5749255,-0.4641991,-0.48317358,-0.49255976
-0.5378393,-0.44005325,-0.4685131,-0.4841576
-0.5088183,-0.4232557,-0.45783868,-0.4775626
0.15008676,0.15481712,0.13623506,0.097704165
0.08827749,0.10534348,0.08743632,0.09278314
0.27841818,0.287179,0.25779054,0.22541098
0.4604313,0.47634467,0.46071938,0.38478965
0.6538164,0.67924935,0.64177036,0.5174813
0.8528832,0.88197166,0.8118659,0.6420254
1.0431668,1.0703177,0.9731229,0.7646277
1.2174205,1.2387357,1.1241724,0.8846836
1.3743064,1.3870214,1.2636333,0.9993219
1.514732,1.51696,1.3912731,1.1067286
1.6387455,1.6291769,1.5061756,1.2051417
1.7494029,1.7272834,1.6102133,1.2954067
1.8488296,1.8137472,1.7046906,1.378304
1.9373037,1.8890753,1.7890707,1.4530652
2.0152543,1.9539449,1.863508,1.519674
2.0846906,2.0104747,1.9291916,1.5787971
2.144455,2.057707,1.9852178,1.6296642
2.1967607,2.0979786,2.0334642,1.6737243
2.241083,2.1309412,2.0743022,1.7116234
2.2789323,2.158143,2.1088421,1.7440493
2.308698,2.178018,2.1360009,1.7701356
2.3311055,2.1912932,2.1561527,1.7898736
2.3467183,2.1986756,2.170439,1.8046304
2.3539333,2.198414,2.1768436,1.8121922
2.3503673,2.188288,2.1737394,1.8113768
2.3381555,2.1704912,2.162929,1.8038064
2.3157663,2.1437335,2.1443458,1.7903562
2.2839499,2.1086311,2.1180465,1.7708138
2.2380197,2.0602162,2.0789754,1.7404606
2.1750784,1.9957334,2.0248287,1.6978898
2.094285,1.9141601,1.9534324,1.6411103
1.9935211,1.8134965,1.8634541,1.5701039
1.8736895,1.694283,1.7535633,1.4835393
1.7348659,1.555886,1.6206377,1.3780463
1.5775659,1.398805,1.4653803,1.2551523
1.3977604,1.2174875,1.2778074,1.1043202
1.1967144,1.0129452,1.0578204,0.92509174
0.99396634,0.8089377,0.842325,0.7549112
0.80925983,0.6276927,0.6600266,0.61890346
0.65356433,0.48117095,0.522665,0.52401686
0.5329955,0.37453583,0.4269783,0.46116832
0.4370172,0.2947297,0.35232627,0.40863454
0.3668173,0.24334082,0.3014399,0.36954513
0.3189222,0.21644156,0.27248314,0.34465662
0.29497203,0.21623515,0.27178895,0.34252092
0.288412,0.23383479,0.2869413,0.3516968
0.29418916,0.26234862,0.308286,0.36285132
0.30539343,0.29378244,0.32929778,0.37155035
0.3213976,0.32823476,0.35478103,0.38463303
0.34274083,0.36684892,0.3888492,0.4074633
0.36783072,0.40710306,0.42514265,0.43263313
0.39408547,0.44567052,0.4579655,0.45392352
0.4096463,0.46897587,0.46956757,0.45438254
0.40531802,0.46777648,0.4508478,0.42682302
0.38697523,0.45096198,0.41914806,0.39038888
0.35385498,0.4183787,0.37420374,0.34519437
0.3144472,0.38005394,0.3277934,0.30151498
0.2726379,0.3403102,0.28488705,0.26355743
0.23036118,0.3007172,0.24387099,0.22804095
0.1913993,0.26519462,0.20845653,0.19762489
0.15074071,0.2277257,0.17025109,0.16414218
0.11251822,0.19281247,0.13376822,0.13125026
0.07664589,0.16108079,0.10378142,0.10524231
0.04191143,0.13032842,0.07333279,0.07791358
0.007245622,0.09936069,0.04216742,0.049499385
-0.02471187,0.07131295,0.015058397,0.02484205
-0.053386994,0.04723143,-0.005284634,0.0072899144
-0.076838575,0.028873032,-0.018598009,-0.0037842614
-0.09609025,0.0142918825,-0.03010495,-0.014477284
-0.112865224,0.0020524827,-0.03822681,-0.021717548
-0.12643486,-0.0075444966,-0.045010325,-0.028532332
-0.14011243,-0.017899752,-0.05293944,-0.036304556
-0.15287142,-0.027812012,-0.0604084,-0.04354648
-0.16782181,-0.040804032,-0.07203758,-0.05460201
-0.18777303,-0.05996995,-0.09143129,-0.07276751
-0.20805492,-0.07940637,-0.10909408,-0.08825851
-0.22523232,-0.095020555,-0.12004742,-0.096559174
-0.24352874,-0.111957595,-0.13254769,-0.10608864
-0.2598308,-0.12636839,-0.1398114,-0.109710015
-0.26521364,-0.12796953,-0.12897237,-0.09525849
-0.25956303,-0.1165466,-0.09975403,-0.062324516
-0.24476172,-0.09495505,-0.05745094,-0.01638678
-0.22893938,-0.07346081,-0.017264253,0.027371334
-0.22623736,-0.06810245,0.001835552,0.05206306
-0.25748613,-0.10164098,-0.02538027,0.036016896
-0.33305472,-0.18507801,-0.11297855,-0.034094278
-0.45336208,-0.31702822,-0.25391313,-0.15031512
-0.6074992,-0.4839784,-0.42797574,-0.29457253
-0.77546585,-0.66309863,-0.604965,-0.44026837
-0.93525225,-0.830107,-0.75568897,-0.56166357
-1.0706024,-0.9680155,-0.8659104,-0.64755327
-1.1785975,-1.0750482,-0.9412326,-0.7047999
-1.2603018,-1.1531978,-0.9879517,-0.7390619
-1.3184927,-1.2060245,-1.0128067,-0.756125
-1.3530802,-1.2326483,-1.0124228,-0.7502776
-1.3603672,-1.2281677,-0.9807339,-0.7146138
-1.3467871,-1.2001675,-0.92963123,-0.6612713
-1.3134713,-1.150979,-0.8637546,-0.59603435
-1.2650294,-1.0862583,-0.7877461,-0.5227722
-1.2102166,-1.0175513,-0.71852374,-0.45970017
0.14908014,0.15379305,0.13520543,0.09689711
0.08210392,0.09868017,0.07978922,0.08617343
0.25838235,0.26499152,0.23206408,0.20259108
0.41090706,0.4217841,0.40017673,0.3312657
0.5658454,0.58366364,0.54004854,0.42849264
0.7262464,0.74641454,0.6718715,0.5207294
0.8861099,0.9046563,0.80475074,0.6196803
1.0337268,1.0471468,0.92894036,0.7167001
1.1616585,1.1670369,1.0366843,0.80374813
1.2635114,1.2582341,1.1197865,0.87188476
1.3363942,1.3187482,1.1759366,0.91882133
1.37792,1.3459157,1.1983576,0.9366071
1.3784257,1.330015,1.1773521,0.91770065
1.3355328,1.2680545,1.1068453,0.8562256
1.263177,1.1764435,1.010249,0.77691036
1.1862746,1.0821939,0.9166558,0.70531434
1.1276888,1.0101397,0.8516329,0.66205424
1.0952214,0.9676602,0.817931,0.6454086
1.0770777,0.93994045,0.79202974,0.62978417
1.0542924,0.90535754,0.7481689,0.5909715
1.0176388,0.8555328,0.6848836,0.5321251
0.9593333,0.7823316,0.59481555,0.44851774
0.88327605,0.6912366,0.4876394,0.3509059
0.80068135,0.5955166,0.38065016,0.25586933
0.7184293,0.5029532,0.2816872,0.16964488
0.64463896,0.42244765,0.19845898,0.09742866
0.5827183,0.35783395,0.13428135,0.041484386
0.5365011,0.3140622,0.09602042,0.008792572
0.5064017,0.2907616,0.07937579,-0.0060140113
0.48966554,0.2841751,0.078677826,-0.00848944
0.48532626,0.29283848,0.09320815,0.0013708441
0.4955082,0.3191152,0.12789084,0.029384822
0.5205965,0.36258012,0.18102042,0.07363554
0.55812466,0.41913792,0.24576962,0.12685332
0.6016837,0.4809556,0.3143507,0.18244419
0.64505714,0.54018176,0.37675694,0.2307894
0.6796587,0.58726275,0.42362452,0.2642928
0.7155609,0.6354437,0.47800148,0.30776548
0.7607495,0.69318485,0.5471287,0.36684307
0.8148431,0.75924635,0.6265079,0.43565795
0.86865264,0.8220673,0.69873726,0.4960725
0.9112412,0.86959934,0.74973166,0.5352261
0.9373057,0.8977583,0.77986115,0.5564452
0.9435031,0.9042355,0.7880114,0.5603926
0.92408085,0.8828949,0.7638548,0.5362892
0.8660321,0.82017756,0.69159955,0.47035995
0.76150256,0.7076812,0.559578,0.35175064
0.6254976,0.56468976,0.40131482,0.21652474
0.48193124,0.4189659,0.25517184,0.10102559
0.3441027,0.2841798,0.13250162,0.011551795
0.21603855,0.16211712,0.024886148,-0.06581995
0.096109785,0.0500633,-0.07228456,-0.13650845
-0.014257969,-0.050927892,-0.15918091,-0.201183
-0.11728442,-0.14318123,-0.23641407,-0.25907075
-0.21436577,-0.22887306,-0.3079474,-0.31402487
-0.305414,-0.3077668,-0.37078917,-0.3617886
-0.39387074,-0.38444695,-0.43229386,-0.40965924
-0.4810932,-0.46036696,-0.49224707,-0.45641997
-0.5700685,-0.5392385,-0.5555795,-0.5067698
-0.6634517,-0.62382025,-0.6235233,-0.5609512
-0.762192,-0.71525216,-0.69715905,-0.6200539
-0.869362,-0.81682324,-0.77929044,-0.68635744
-0.9815342,-0.92445564,-0.8639632,-0.754122
-1.1000887,-1.0394825,-0.9524784,-0.82449895
-1.2240602,-1.1613486,-1.0465554,-0.9005301
-1.3485833,-1.2844583,-1.1388861,-0.9750871
-1.4691367,-1.4039288,-1.2264544,-1.0465151
-1.5798066,-1.5134697,-1.3051008,-1.1119803
-1.6784948,-1.6108159,-1.374,-1.1708835
-1.7606152,-1.6906703,-1.4278517,-1.2176989
-1.8265631,-1.753377,-1.4688272,-1.2543305
-1.8781263,-1.8005363,-1.4976187,-1.2799557
-1.915498,-1.832344,-1.5145935,-1.2945591
-1.9401902,-1.8502858,-1.5207905,-1.2984796
-1.9523581,-1.854273,-1.5150908,-1.2899908
-1.9518275,-1.8439457,-1.4965363,-1.2678806
-1.9427067,-1.8245748,-1.4740255,-1.242443
-1.9298956,-1.8022985,-1.4535483,-1.2196369
-1.9125814,-1.7764903,-1.4322184,-1.1965069
-1.8891205,-1.7446879,-1.4048159,-1.1670817
-1.863151,-1.7111263,-1.3776965,-1.1384317
-1.8300011,-1.6698502,-1.339868,-1.0982451
-1.7903727,-1.6216365,-1.2950283,-1.0512663
-1.7413151,-1.5625035,-1.2360001,-0.98934746
-1.680017,-1.4888283,-1.1588595,-0.9087266
-1.608946,-1.4039522,-1.0705391,-0.81768316
-1.53376,-1.3163749,-0.98657185,-0.73440164
-1.4590577,-1.2330282,-0.91657275,-0.6695316
-1.3878399,-1.1570351,-0.8588036,-0.6192164
-1.3202633,-1.0874639,-0.8077263,-0.57613957
-1.2545415,-1.0210986,-0.7561704,-0.53201646
-1.189042,-0.9555103,-0.7014342,-0.4842645
-1.1272342,-0.8948463,-0.650222,-0.43988782
-1.0656676,-0.83506125,-0.5973548,-0.39390454
-1.006545,-0.7785223,-0.54608965,-0.34931782
-0.9490954,-0.72407955,-0.49446318,-0.3039081
-0.8943974,-0.67349845,-0.44778377,-0.2640272
-0.84070915,-0.6243158,-0.4011308,-0.22418337
-0.7876083,-0.5760215,-0.35473153,-0.1849096
-0.7329452,-0.5261421,-0.30610424,-0.14401904
0.1422314,0.14613253,0.12543942,0.08769598
0.02934815,0.040476687,0.010672892,0.02404494
0.09152999,0.07972798,0.019763052,0.012882519
0.06141411,0.03267007,-0.03464857,-0.06052688
0.00553527,-0.04118482,-0.13753979,-0.18578543
-0.040171325,-0.110587366,-0.23054692,-0.3011344
-0.07017507,-0.16790038,-0.29845297,-0.38864958
-0.085523166,-0.21150976,-0.34539106,-0.45172596
-0.090114765,-0.24243179,-0.37390643,-0.4919961
-0.09123456,-0.2673755,-0.39614683,-0.5226506
-0.09211017,-0.2888735,-0.41483593,-0.54698706
-0.09445877,-0.30845368,-0.43126717,-0.5669131
-0.09465343,-0.32178336,-0.44039804,-0.5785058
-0.09546773,-0.3324202,-0.44753096,-0.587447
-0.09702796,-0.3407966,-0.45268908,-0.59404635
-0.09939489,-0.3476854,-0.4580525,-0.60112375
-0.10465512,-0.35579056,-0.46624026,-0.6111748
-0.11186883,-0.3639761,-0.47454882,-0.62121636
-0.119080186,-0.37004372,-0.48019195,-0.6286041
-0.12553357,-0.37315035,-0.4822537,-0.6324132
-0.13213499,-0.37471992,-0.4831763,-0.63524264
-0.1387977,-0.3750465,-0.4838972,-0.6382295
-0.14460263,-0.37309402,-0.48228392,-0.6390413
-0.14913264,-0.3684334,-0.47757238,-0.63670367
-0.15416859,-0.36336014,-0.4725759,-0.6338771
-0.15724608,-0.35550615,-0.46542716,-0.6292689
-0.161692,-0.3488466,-0.4605792,-0.6268351
-0.16428739,-0.33950955,-0.45179442,-0.6201877
-0.16686629,-0.329684,-0.44174263,-0.6116691
-0.1673688,-0.31726575,-0.4286226,-0.6000269
-0.16504039,-0.30174607,-0.41283488,-0.5860125
-0.16149262,-0.28502652,-0.39591363,-0.5707545
-0.15623605,-0.26667708,-0.37727377,-0.55372626
-0.1508988,-0.24879326,-0.3597182,-0.53765213
-0.14368954,-0.22892891,-0.33837873,-0.5171819
-0.13426559,-0.2071366,-0.31518543,-0.49495378
-0.12718497,-0.18906309,-0.29799575,-0.47876054
-0.11810815,-0.16915327,-0.27694473,-0.45821223
-0.101325326,-0.14030294,-0.24242975,-0.42382243
-0.076748185,-0.1027751,-0.19701318,-0.37886056
-0.04605302,-0.059832808,-0.14883605,-0.33301625
-0.014115964,-0.016906783,-0.10147619,-0.28824353
0.018285882,0.024680598,-0.05774047,-0.24779648
0.047754873,0.0617843,-0.018144106,-0.21052936
0.0747165,0.095236585,0.018861087,-0.17476718
0.10039484,0.12661198,0.055130772,-0.1387554
0.1301612,0.1628834,0.10208721,-0.09066579
0.15565065,0.19344774,0.14137442,-0.049847532
0.17332768,0.21473274,0.1711689,-0.016808122
0.18402185,0.22896655,0.19903304,0.01800821
0.18856078,0.23847117,0.23140702,0.0627014
0.16727988,0.21941105,0.2301275,0.07812197
0.10066444,0.14958034,0.16605164,0.036418352
-0.011777854,0.029780231,0.04274481,-0.057631355
-0.15374991,-0.11846562,-0.10432059,-0.16788445
-0.30117244,-0.2666363,-0.2378173,-0.26025295
-0.43169656,-0.390844,-0.334784,-0.3176423
-0.5349316,-0.48181808,-0.39217395,-0.34110376
-0.6080963,-0.53883344,-0.41589057,-0.33862296
-0.65392524,-0.56658757,-0.41450676,-0.31866872
-0.6803626,-0.57486475,-0.39937025,-0.290634
-0.69190645,-0.56938815,-0.37695882,-0.25996584
-0.69527894,-0.55742115,-0.3517338,-0.22848627
-0.6896121,-0.5377879,-0.3210305,-0.1933447
-0.67537934,-0.5107037,-0.2839064,-0.1532061
-0.6544359,-0.47864452,-0.24482943,-0.11298711
-0.62770087,-0.44264242,-0.20426187,-0.072923906
-0.59638166,-0.40364045,-0.16158727,-0.03169011
-0.5617745,-0.36304533,-0.11861792,0.008943791
-0.52681446,-0.32406244,-0.07886239,0.04585481
-0.49131918,-0.28595892,-0.039668202,0.08220322
-0.45310688,-0.24629009,0.00044338804,0.118549965
-0.41288164,-0.20567024,0.04108356,0.154673
-0.3727282,-0.16649082,0.07905622,0.18763493
-0.33504963,-0.13132663,0.11163418,0.21524496
-0.30079857,-0.100633636,0.14013954,0.23963341
-0.26607275,-0.06979502,0.16967453,0.26505098
-0.23076947,-0.03862393,0.19985072,0.2908203
-0.19351797,-0.0057687443,0.23127101,0.3169318
-0.1552077,0.027667047,0.26253065,0.34216338
-0.11574647,0.061355915,0.29114115,0.36326233
-0.07894743,0.0916012,0.31544498,0.38028538
-0.04427376,0.1190443,0.3356245,0.39319655
-0.0116741005,0.14404668,0.35305926,0.40359545
0.016697362,0.16368552,0.36107016,0.40393558
0.042602595,0.18058956,0.36545566,0.40076578
0.07041337,0.2001643,0.37508735,0.4030983
0.10573681,0.22900331,0.39965567,0.4204503
0.1512304,0.2703018,0.44568843,0.45994243
0.20619774,0.32255688,0.5102077,0.51827055
0.26187956,0.3740193,0.5715301,0.5722701
0.30775198,0.41286248,0.61455745,0.60804886
0.34341,0.43938988,0.6397695,0.6265307
0.3689877,0.4554518,0.6534154,0.6355508
0.3859094,0.4633338,0.6586674,0.6383589
0.3904913,0.45937088,0.65199775,0.6322244
0.3866624,0.44813433,0.6388642,0.62198
0.3765334,0.4319867,0.6220168,0.60985726
0.36409038,0.41507933,0.6053413,0.59867454
0.35034257,0.3982846,0.5900025,0.5893835
0.14959131,0.15423274,0.13539943,0.09690913
0.08265229,0.09905483,0.07970912,0.085800566
0.2545157,0.26056108,0.22720256,0.19828361
0.40874764,0.4197944,0.39989513,0.3317471
0.57003796,0.58887404,0.54793966,0.4361547
0.7301597,0.75049716,0.6752315,0.5228129
0.8708723,0.8867291,0.7808503,0.5961958
0.9845699,0.991761,0.86282486,0.65539604
1.0718827,1.0680693,0.9240788,0.7022299
1.1269798,1.1100224,0.95626754,0.727848
1.1465981,1.1141187,0.9521382,0.7239834
1.1333774,1.0832453,0.9133616,0.69155055
1.0835413,1.0125997,0.83246803,0.62309325
0.99897164,0.9038057,0.7108153,0.5199352
0.891919,0.77007854,0.5636081,0.3955825
0.782992,0.6360003,0.42496952,0.28279576
0.68942463,0.5208101,0.31291348,0.19498125
0.60946304,0.42115214,0.21445322,0.115251325
0.5433514,0.3384934,0.13350788,0.04773572
0.49097398,0.2729951,0.068697385,-0.009199547
0.44599968,0.21786952,0.0123195425,-0.06195165
0.40186903,0.16571575,-0.043436266,-0.116963126
0.35838762,0.11659227,-0.09697909,-0.17172623
0.3148758,0.07058577,-0.14400603,-0.21989477
0.2745484,0.030941917,-0.18305817,-0.2609268
0.23557974,-0.004883696,-0.21815263,-0.29881826
0.19805156,-0.03671339,-0.24743645,-0.33101726
0.16187137,-0.06519211,-0.27288318,-0.35974902
0.12786344,-0.089526,-0.29336807,-0.38379776
0.097478226,-0.1080253,-0.3056854,-0.39945737
0.069926836,-0.12230554,-0.31394076,-0.4113871
0.045328207,-0.13244143,-0.3174971,-0.41860372
0.02362916,-0.13911487,-0.318427,-0.42357862
0.0036022156,-0.1437119,-0.31696537,-0.42582121
-0.01652141,-0.1488933,-0.31787902,-0.43043315
-0.03699245,-0.15474555,-0.31911412,-0.4346186
-0.058261547,-0.16188295,-0.32149336,-0.43912303
-0.08022103,-0.17018276,-0.32466692,-0.4435786
-0.101249084,-0.17788123,-0.32688096,-0.44654435
-0.123475015,-0.1874028,-0.3308188,-0.45038033
-0.14325619,-0.19468535,-0.33214194,-0.45142645
-0.16126834,-0.20056777,-0.33209896,-0.45084372
-0.17600834,-0.20332024,-0.32866758,-0.4468988
-0.19107898,-0.20717359,-0.32694435,-0.44418058
-0.20615512,-0.21173668,-0.32604763,-0.4417472
-0.2216696,-0.21774893,-0.32792705,-0.44198397
-0.23743507,-0.22449142,-0.32947963,-0.44100064
-0.25516608,-0.23407261,-0.33433843,-0.44264808
-0.2745053,-0.2460726,-0.34199908,-0.44657543
-0.29671866,-0.26188847,-0.35398498,-0.45416847
-0.32154077,-0.28079402,-0.36784568,-0.46249294
-0.34865096,-0.30254605,-0.38469413,-0.47319052
-0.3780154,-0.32693034,-0.40355614,-0.48514384
-0.41260707,-0.35742542,-0.42905667,-0.5028381
-0.45243302,-0.39380217,-0.45968828,-0.52439314
-0.4961995,-0.43425545,-0.49250448,-0.5468118
-0.5451146,-0.4803701,-0.53075516,-0.57375234
-0.59719986,-0.52963704,-0.5703753,-0.6010993
-0.6552879,-0.58511776,-0.6142658,-0.63114107
-0.7207419,-0.6487468,-0.6662469,-0.66824454
-0.79737294,-0.72472686,-0.7295966,-0.7148216
-0.8847502,-0.812488,-0.80282396,-0.7694589
-0.9839336,-0.9126974,-0.8842447,-0.82976866
-1.0963541,-1.0273238,-0.9774683,-0.90013486
-1.2209177,-1.1553112,-1.0808665,-0.97946787
-1.356145,-1.2952021,-1.1928616,-1.0670837
-1.4935739,-1.4376501,-1.303884,-1.1551373
-1.623108,-1.571369,-1.402957,-1.2340719
-1.7381608,-1.6895312,-1.4878277,-1.3035444
-1.8342723,-1.787304,-1.554927,-1.3597697
-1.9079251,-1.8604585,-1.6006546,-1.3982686
-1.9639062,-1.91428,-1.6331108,-1.426319
-2.0041792,-1.9508401,-1.6529104,-1.4431144
-2.031478,-1.9730976,-1.6626848,-1.4503511
-2.0467663,-1.9819086,-1.6616219,-1.4464105
-2.0535014,-1.9815474,-1.6560302,-1.438282
-2.053654,-1.974452,-1.646834,-1.4265839
-2.0480726,-1.9617804,-1.6346629,-1.4121274
-2.0367236,-1.9435055,-1.618711,-1.3941214
-2.0193758,-1.9192234,-1.5976435,-1.3710552
-1.9978341,-1.8909973,-1.5741649,-1.3459104
-1.9735426,-1.8607912,-1.550946,-1.3219388
-1.9485161,-1.8313414,-1.5315988,-1.3034046
-1.9210153,-1.8006562,-1.512257,-1.2862602
-1.8881109,-1.7648532,-1.4873034,-1.2644687
-1.8473305,-1.7208185,-1.4542432,-1.2360362
-1.7974423,-1.6667285,-1.4108154,-1.1983652
-1.7358545,-1.5997665,-1.355557,-1.1508684
-1.6634849,-1.521361,-1.2919971,-1.0978023
-1.5791966,-1.4305539,-1.2189488,-1.0382043
-1.4838148,-1.3288062,-1.1389333,-0.9750502
-1.3780864,-1.2169974,-1.0507109,-0.9062076
-1.2665546,-1.1007508,-0.96030843,-0.83722764
-1.1530747,-0.98497754,-0.8722819,-0.77197266
-1.0440013,-0.8765301,-0.7902231,-0.7116913
-0.94348985,-0.7798348,-0.7177505,-0.6589363
-0.85426384,-0.6976325,-0.6577467,-0.6162846
-0.7772265,-0.63002056,-0.6087124,-0.5816033
-0.71217835,-0.5761099,-0.57019174,-0.55470794
-0.65980875,-0.5361868,-0.54366636,-0.53737515
0.14905736,0.15373272,0.13505232,0.09671151
0.08232532,0.09869384,0.079070404,0.08514597
0.26124552,0.26792705,0.23466486,0.20446908
0.42252007,0.43443918,0.41342962,0.3425267
0.59293276,0.61283726,0.5691851,0.45281816
0.76258516,0.78459746,0.70763844,0.5496826
0.92428416,0.9436946,0.83914554,0.6465475
1.0731319,1.08704,0.9649768,0.7454987
1.210687,1.2171731,1.0852599,0.8442888
1.3378001,1.3357913,1.2011817,0.94287175
1.4526478,1.4411823,1.3091154,1.0367209
1.558162,1.5361601,1.4081397,1.122802
1.6557721,1.6229386,1.5021852,1.2056085
1.7462468,1.7020354,1.5889866,1.2818757
1.8308678,1.7749186,1.6696362,1.3524762
1.9086568,1.8408449,1.7436391,1.4174256
1.981,1.9012727,1.8116057,1.4769295
2.0448148,1.9533355,1.871382,1.52961
2.1011872,1.9981765,1.9231937,1.5751323
2.1508217,2.0368745,1.9690708,1.6159754
2.192839,2.0684078,2.0071616,1.6499419
2.2279184,2.0935888,2.038381,1.6778129
2.254879,2.111251,2.0616508,1.6985581
2.273281,2.120971,2.0762248,1.7112849
2.2781894,2.117833,2.077477,1.7117895
2.268469,2.1008313,2.0640576,1.698752
2.2474186,2.0740116,2.0421116,1.6797457
2.2210896,2.0434964,2.0176835,1.6606722
2.1951766,2.0149434,1.9969012,1.6473265
2.1705966,1.9882044,1.976866,1.6346718
2.1456847,1.9609202,1.9533448,1.6171955
2.1203125,1.9335854,1.9293882,1.5992551
2.0956223,1.9073559,1.9057443,1.5815061
2.0700588,1.8805485,1.8804241,1.5618316
2.0379384,1.847174,1.8471516,1.53427
1.9904195,1.7979021,1.7949473,1.4881997
1.9201405,1.7254063,1.7156736,1.4168808
1.8170462,1.6190149,1.5959996,1.3085818
1.6843356,1.483428,1.4440802,1.1747719
1.5332749,1.3314537,1.2779709,1.0352576
1.380846,1.1810483,1.1179905,0.90782464
1.2439189,1.0495634,0.9823753,0.8059427
1.1234512,0.93640167,0.86604935,0.7206442
1.0201488,0.8418551,0.766675,0.64696133
0.9259526,0.7571091,0.6744889,0.5757875
0.8402207,0.6817848,0.58886564,0.506471
0.75981575,0.6132784,0.51128405,0.4427876
0.6835945,0.5502665,0.4402445,0.38369423
0.6130467,0.4945457,0.37961468,0.33366615
0.5496725,0.44733506,0.33017138,0.29326466
0.49510995,0.41021723,0.29416746,0.26473653
0.44766182,0.3804206,0.2658707,0.241934
0.4118508,0.3637074,0.25651646,0.23729926
0.38798395,0.359178,0.26074633,0.24423377
0.3727658,0.36304292,0.2750322,0.26004004
0.36380216,0.37181517,0.29315743,0.27808148
0.35379893,0.37701613,0.30426845,0.28841573
0.33123735,0.36575648,0.29274064,0.27670145
0.28585958,0.32728565,0.24729654,0.23363313
0.22233762,0.26914766,0.1849804,0.17860904
0.14311513,0.19553453,0.114561185,0.12155404
0.057093166,0.116719045,0.04769436,0.072415434
-0.029345645,0.040118523,-0.0058770445,0.04040721
-0.111392505,-0.028570289,-0.038271867,0.03345695
-0.19432493,-0.09783593,-0.07144058,0.026143773
-0.2859789,-0.17784211,-0.12192728,0.0009064164
-0.3869007,-0.27069232,-0.19797897,-0.053196713
-0.49106267,-0.3688526,-0.28675976,-0.123366304
-0.58899397,-0.4596968,-0.36506826,-0.18470183
-0.67106414,-0.5315815,-0.41697446,-0.22118303
-0.73095006,-0.5782509,-0.43983233,-0.23203182
-0.77025723,-0.60274756,-0.44121093,-0.22548634
-0.7922298,-0.6097518,-0.4289522,-0.20939168
-0.7989942,-0.6023557,-0.40747398,-0.18794309
-0.80015093,-0.59194696,-0.39037064,-0.1733712
-0.8038535,-0.5877472,-0.38578427,-0.17200112
-0.8106449,-0.5902412,-0.39295408,-0.18280725
-0.82528037,-0.60391915,-0.41359645,-0.2057467
-0.8467944,-0.62669337,-0.44209683,-0.23454101
-0.8732082,-0.65556043,-0.47343075,-0.26411068
-0.9063455,-0.69283426,-0.51346266,-0.3016537
-0.9361124,-0.72593164,-0.5433424,-0.32823816
-0.9562874,-0.74702317,-0.55399495,-0.3351147
-0.96925414,-0.7606163,-0.5609583,-0.3412989
-0.9765936,-0.7692335,-0.56752217,-0.35004678
-0.9747643,-0.7691798,-0.5703184,-0.35875034
-0.9570244,-0.75193316,-0.5564184,-0.35402238
-0.91842175,-0.7118282,-0.52063584,-0.3315656
-0.8580857,-0.6489204,-0.46689317,-0.29661566
-0.7787689,-0.5675146,-0.40134317,-0.25522566
-0.68701565,-0.47479284,-0.32679334,-0.20691709
-0.5962663,-0.38663626,-0.26152685,-0.16804105
-0.5144749,-0.3112761,-0.21012318,-0.14027172
-0.45084816,-0.25812516,-0.18094134,-0.12997518
-0.40665385,-0.2271713,-0.17215824,-0.13482267
-0.3742127,-0.20817623,-0.16938142,-0.1411258
-0.35389128,-0.20100017,-0.1744215,-0.15160318
-0.33730704,-0.19624597,-0.17830804,-0.15944003
-0.3231175,-0.19240488,-0.17970167,-0.1636667
-0.31390393,-0.19311178,-0.18649414,-0.17307456
0.14345914,0.14749968,0.12717743,0.08932624
0.033261158,0.044573925,0.014917805,0.02756854
0.118688636,0.110375255,0.056283887,0.046132803
0.15771706,0.14343308,0.09844138,0.0631447
0.18028411,0.15993042,0.09101372,0.026529897
0.1865528,0.15017039,0.04343818,-0.047230415
0.17818023,0.118258215,-0.019215034,-0.12857859
0.16549172,0.07967991,-0.07384151,-0.19384517
0.16033237,0.05081545,-0.10476344,-0.22944453
0.16515766,0.03520033,-0.1170618,-0.24388073
0.18533447,0.040220316,-0.10393365,-0.2320453
0.22029085,0.06485699,-0.07199503,-0.20269126
0.2655502,0.10389291,-0.02758679,-0.1622268
0.32297483,0.15952606,0.033709306,-0.10621438
0.38873693,0.22607341,0.102264926,-0.045227285
0.45456088,0.2933145,0.16710213,0.010313459
0.5137032,0.3529492,0.22023675,0.053382184
0.5591837,0.39739674,0.25693947,0.081430554
0.59126276,0.42748463,0.2806288,0.09882691
0.6129671,0.4467111,0.29466057,0.10843655
0.61689025,0.4465419,0.28861713,0.10054832
0.5976399,0.41969684,0.24920519,0.060659327
0.56305295,0.37751615,0.19931339,0.014288645
0.5221963,0.33076644,0.15024681,-0.028384428
0.48144704,0.2863929,0.10604843,-0.06576774
0.44104102,0.24427064,0.064754516,-0.10078957
0.39803436,0.20047016,0.019715492,-0.14062077
0.35279807,0.15558058,-0.027232597,-0.18316333
0.3073029,0.11236119,-0.07076723,-0.22238222
0.2696301,0.08024449,-0.09978574,-0.24800093
0.23415445,0.05203369,-0.12542835,-0.27117053
0.203202,0.030281192,-0.143743,-0.28794792
0.17801937,0.016140683,-0.15333879,-0.2968951
0.15569729,0.0056610107,-0.160576,-0.30442515
0.13540597,-0.0022276079,-0.16535366,-0.30984604
0.119952016,-0.0041339025,-0.16195856,-0.30701327
0.11319209,0.004202896,-0.14571777,-0.29169005
0.11653629,0.024190476,-0.11504239,-0.26231387
0.12355245,0.046625845,-0.08688788,-0.23736778
0.12960838,0.0661874,-0.06505465,-0.2194117
0.1283801,0.075681165,-0.056955315,-0.21459714
0.11954958,0.075749025,-0.058038343,-0.2169112
0.102879405,0.06648901,-0.06806134,-0.22601415
0.08460473,0.05580292,-0.07579792,-0.23089188
0.06358008,0.04215866,-0.08504807,-0.23585579
0.048536427,0.0359718,-0.08207059,-0.22792262
0.04402684,0.04227082,-0.061788883,-0.20281844
0.043303974,0.051877227,-0.04129316,-0.17892155
0.04890742,0.067850515,-0.013785303,-0.14882737
0.07080244,0.10246213,0.040016804,-0.092428625
0.11108297,0.15765087,0.1208641,-0.009594786
0.15874778,0.21938749,0.20792128,0.078672156
0.18790577,0.25703597,0.2613308,0.13434589
0.17729782,0.24797624,0.2581702,0.13889943
0.111707054,0.17711346,0.18253066,0.07965984
-0.003968346,0.053357963,0.05262221,-0.023011815
-0.15084851,-0.09996773,-0.099317856,-0.1386833
-0.30925706,-0.26068273,-0.24814714,-0.24699418
-0.45969522,-0.40825915,-0.3738209,-0.33320394
-0.59528303,-0.53747857,-0.478204,-0.40328112
-0.71411085,-0.64799577,-0.5645768,-0.46172795
-0.81387514,-0.7380744,-0.6310561,-0.5062403
-0.9059908,-0.82208574,-0.69879067,-0.55750257
-0.9875021,-0.8956861,-0.754559,-0.5990022
-1.0583436,-0.95851326,-0.79805106,-0.62976646
-1.1258,-1.019735,-0.8449076,-0.6664844
-1.198632,-1.0900365,-0.90721685,-0.72067493
-1.2665896,-1.1562196,-0.9613748,-0.76672
-1.32201,-1.2079275,-0.99401116,-0.7907271
-1.3672906,-1.2484561,-1.0164816,-0.8062365
-1.4015149,-1.2776176,-1.0310378,-0.816473
-1.4261065,-1.2971596,-1.0395548,-0.8227738
-1.4398606,-1.3058792,-1.0414658,-0.82510465
-1.4436505,-1.3050545,-1.039697,-0.82692736
-1.4338727,-1.2902955,-1.0273092,-0.82094014
-1.4050821,-1.2546716,-0.9948595,-0.7973111
-1.356261,-1.1972699,-0.9443428,-0.7591149
-1.2889768,-1.1203758,-0.8790127,-0.7096542
-1.2054732,-1.0271931,-0.80231434,-0.65213376
-1.1066673,-0.91904753,-0.71358466,-0.58512026
-0.99949235,-0.80393845,-0.61901575,-0.51295626
-0.8908761,-0.6903853,-0.5276004,-0.4439146
-0.7858016,-0.5840967,-0.4434481,-0.38096252
-0.6889542,-0.4899044,-0.37020656,-0.3268221
-0.5973864,-0.40368968,-0.30214596,-0.27608782
-0.5110998,-0.32418332,-0.23545162,-0.22431761
-0.42186388,-0.24109621,-0.15679583,-0.15902925
-0.31730288,-0.14012717,-0.0495335,-0.0655519
-0.196444,-0.022179842,0.077647366,0.044262663
-0.06662153,0.10252009,0.20879863,0.15403497
0.067738324,0.22817624,0.3373575,0.25808623
0.20933129,0.35873076,0.47318584,0.3680893
0.3507293,0.4861278,0.60626787,0.4750929
0.4761394,0.59314424,0.71417624,0.5582677
0.57184786,0.6667489,0.7843943,0.60853153
0.6292631,0.7003557,0.8113882,0.62295735
0.6456115,0.69399875,0.79900855,0.6078082
0.62086487,0.6494372,0.7504605,0.5671146
0.5589851,0.5715595,0.67085224,0.50539875
0.46117014,0.46152693,0.5604437,0.42238465
0.14662282,0.15105543,0.13175109,0.09363079
0.050298654,0.06368918,0.038824894,0.049617875
0.16097061,0.15770365,0.11213481,0.09702886
0.216114,0.20773482,0.16843171,0.12652063
0.23953965,0.22424912,0.15542914,0.08535851
0.24438775,0.21349376,0.10574054,0.011987221
0.23579407,0.18301284,0.046012245,-0.06395768
0.2255351,0.14864393,-0.0049629803,-0.12464027
0.21423231,0.11289325,-0.04823729,-0.17213535
0.20549871,0.081066385,-0.08207059,-0.20708302
0.19609283,0.05016321,-0.112859026,-0.23704338
0.18185823,0.015315485,-0.1491794,-0.2719148
0.16086082,-0.025496654,-0.19263123,-0.31365427
0.13505122,-0.06933059,-0.23742534,-0.3562138
0.11063154,-0.10846122,-0.27409887,-0.39076686
0.08736572,-0.14339143,-0.30575195,-0.4210046
0.06754156,-0.17145142,-0.32957184,-0.4445549
0.05105951,-0.19291927,-0.34658423,-0.46229595
0.037540708,-0.20846912,-0.35816374,-0.47573638
0.030454587,-0.21429662,-0.36016315,-0.48099858
0.02481996,-0.21634807,-0.35940865,-0.48405424
0.018365793,-0.21798739,-0.36071384,-0.48984218
0.012077734,-0.21796666,-0.3604746,-0.49417448
0.010077607,-0.21128143,-0.35146305,-0.48955032
0.016229425,-0.19343106,-0.32845625,-0.47100532
0.032059353,-0.1632732,-0.29222912,-0.44000527
0.057259798,-0.121945016,-0.2454331,-0.39977494
0.08257212,-0.08127803,-0.20384051,-0.3656824
0.10216021,-0.048835445,-0.1763218,-0.3463755
0.106381595,-0.035221815,-0.17109211,-0.34742987
0.09437874,-0.040846445,-0.18644993,-0.3663268
0.07218084,-0.057323992,-0.20808396,-0.38788274
0.0446918,-0.078850985,-0.23135544,-0.40876892
0.0153745115,-0.101270564,-0.25210086,-0.42564222
-0.013891428,-0.1228197,-0.27052146,-0.43985012
-0.041965257,-0.14248683,-0.28658894,-0.45184922
-0.0681228,-0.15979546,-0.30091462,-0.46281445
-0.094968356,-0.1776086,-0.3156696,-0.47401083
-0.121452615,-0.19483264,-0.32947776,-0.48416963
-0.14702588,-0.21111885,-0.34289438,-0.49416932
-0.17323269,-0.22800428,-0.35615227,-0.5034906
-0.19690251,-0.2420265,-0.36573327,-0.5091578
-0.2200782,-0.2556175,-0.37481257,-0.51414055
-0.24209951,-0.2682933,-0.38329905,-0.5186514
-0.26282233,-0.27976972,-0.39000413,-0.52119666
-0.2824398,-0.29035753,-0.39578724,-0.5226819
-0.2998137,-0.29875207,-0.39872113,-0.52126706
-0.31858435,-0.30942333,-0.40547252,-0.523559
-0.3399475,-0.32367763,-0.41652262,-0.5296568
-0.36534524,-0.3429411,-0.4325417,-0.5397056
-0.39317986,-0.36510268,-0.4503791,-0.5506354
-0.42337877,-0.38989532,-0.46968165,-0.56208676
-0.45615923,-0.4174084,-0.49014297,-0.5736167
-0.49144125,-0.44776964,-0.5130945,-0.5870339
-0.5294746,-0.48108807,-0.5378891,-0.60137546
-0.57079524,-0.5178249,-0.5646771,-0.6166088
-0.6200326,-0.56340677,-0.6004136,-0.6392607
-0.67644644,-0.6167349,-0.6419975,-0.66592115
-0.74672705,-0.685723,-0.7001901,-0.7072598
-0.8314456,-0.77029693,-0.77057594,-0.7575421
-0.9294908,-0.869002,-0.85115665,-0.8152156
-1.043021,-0.9838891,-0.94295627,-0.8808969
-1.1710567,-1.1141788,-1.0459459,-0.95560765
-1.3021483,-1.2469414,-1.1451857,-1.0260086
-1.4251177,-1.3701932,-1.2323359,-1.0868781
-1.5232502,-1.4653242,-1.2896249,-1.1224153
-1.5872462,-1.5216484,-1.3090247,-1.1249813
-1.609214,-1.5298978,-1.2831684,-1.0871428
-1.5958762,-1.4973052,-1.2227831,-1.0184661
-1.5651536,-1.4463825,-1.1599507,-0.9524936
-1.5275717,-1.390701,-1.1056229,-0.898714
-1.4872513,-1.3343711,-1.0547848,-0.8487008
-1.4432522,-1.2755097,-1.0012144,-0.7954689
-1.396856,-1.2152009,-0.9447049,-0.73862463
-1.3478189,-1.1533597,-0.8854758,-0.67901486
-1.2965145,-1.0908163,-0.82570076,-0.61961824
-1.2445749,-1.0294696,-0.76702046,-0.56180835
-1.1898146,-0.96697164,-0.7073988,-0.5042728
-1.1342318,-0.9053479,-0.64834756,-0.4478902
-1.0782162,-0.8451354,-0.5913114,-0.39448375
-1.0195968,-0.78361064,-0.5322625,-0.34006345
-0.96159005,-0.72424734,-0.4753206,-0.2882139
-0.90181994,-0.6643475,-0.41789976,-0.23690066
-0.8439166,-0.6078196,-0.36394706,-0.18921125
-0.78702724,-0.55345464,-0.31158802,-0.14321613
-0.73079073,-0.5006223,-0.26009277,-0.098285556
-0.6763744,-0.45031968,-0.21024604,-0.054795485
-0.62106884,-0.3995816,-0.15968154,-0.011226705
-0.56438065,-0.34764674,-0.10697434,0.03395618
-0.50937194,-0.29807627,-0.057176843,0.07601112
-0.4551631,-0.25004542,-0.009902514,0.115023874
-0.40319908,-0.2048686,0.034328833,0.15112454
-0.3521419,-0.16098778,0.0768814,0.18538405
-0.30114388,-0.11728815,0.11945441,0.21943848
-0.25126594,-0.07516187,0.15914464,0.25024027
-0.2014218,-0.033487536,0.19706014,0.27859768
-0.15389061,0.0049998164,0.22861393,0.2998205
-0.110911205,0.03742379,0.24816513,0.30776674
-0.07350538,0.062320136,0.25174296,0.29783228
-0.03749654,0.0854888,0.25120437,0.28295693
0.15183406,0.15679081,0.13878743,0.100154735
0.09017045,0.10745808,0.090070456,0.095316984
0.27208665,0.28018954,0.25026444,0.21931915
0.4323137,0.4456314,0.4286596,0.35801896
0.6046972,0.626687,0.58948684,0.47422618
0.7897658,0.81597096,0.7487909,0.59058625
0.9719183,0.9973757,0.90461063,0.70920503
1.1439927,1.164795,1.0539697,0.82753384
1.3014331,1.3145539,1.1930985,0.9412038
1.4417701,1.4451264,1.319886,1.0474086
1.5667427,1.559144,1.4359626,1.1468383
1.678744,1.6593457,1.5417774,1.2386384
1.7809097,1.7491429,1.6389844,1.3235106
1.8717811,1.8272707,1.7257937,1.3998748
1.9546351,1.8970953,1.8036637,1.468156
2.0264533,1.9560553,1.8714066,1.5282698
2.088934,2.005741,1.9284165,1.5785531
2.1442227,2.0486681,1.9779023,1.622327
2.1922584,2.085006,2.0207312,1.6608102
2.2339077,2.1155174,2.0569983,1.6935335
2.2694442,2.1405952,2.087635,1.7215455
2.2985034,2.1599917,2.1128654,1.7451879
2.3207364,2.1733642,2.132246,1.7639253
2.335821,2.1804395,2.1457584,1.7777914
2.3427603,2.180313,2.1527176,1.7862257
2.340634,2.17211,2.152337,1.7885963
2.3279076,2.1543016,2.1430433,1.7833778
2.3024974,2.1248374,2.1228604,1.7689018
2.2621453,2.0814962,2.0896573,1.7434955
2.2035353,2.0210996,2.0408323,1.7055842
2.1248686,1.9417597,1.9741569,1.6535492
2.0239756,1.8412186,1.8872849,1.5860838
1.903039,1.7218082,1.7826039,1.5063447
1.7642165,1.5853231,1.6605656,1.4146917
1.6130474,1.4373692,1.5263034,1.3157214
1.4602495,1.2891693,1.3908337,1.2186171
1.3148047,1.1501366,1.2641928,1.1312517
1.185157,1.0291526,1.1551334,1.0595827
1.0745316,0.92907476,1.064662,1.0019808
0.98075354,0.8475556,0.99029106,0.95540094
0.90182585,0.78264076,0.9307614,0.9187016
0.83720237,0.733538,0.8847666,0.89037776
0.7843717,0.6972562,0.84911054,0.86776996
0.74000525,0.6698536,0.82010835,0.8481658
0.69905216,0.64581496,0.79370356,0.8293733
0.6618803,0.6253354,0.77015984,0.8118307
0.6276339,0.6074506,0.74953353,0.7963832
0.5936093,0.5889791,0.7282276,0.7798796
0.5637913,0.57387865,0.7088141,0.76363045
0.5375344,0.5619413,0.6945057,0.75228536
0.513022,0.5508113,0.6813008,0.7418131
0.49534,0.5463738,0.6773045,0.7399053
0.4825134,0.546059,0.6788415,0.74310243
0.47256568,0.54732955,0.6813496,0.74638283
0.46506402,0.549742,0.68443847,0.74946314
0.45952633,0.5528821,0.68780184,0.7523056
0.45337453,0.5544872,0.69103885,0.75571823
0.4503248,0.55836153,0.6964077,0.7606732
0.44867158,0.5626242,0.7019283,0.76554245
0.44634342,0.5653854,0.70659256,0.77009064
0.44284883,0.56593156,0.70814115,0.77161855
0.43696165,0.5632538,0.7062667,0.77026546
0.43053526,0.5595171,0.70303184,0.7676305
0.4226516,0.5540046,0.6985975,0.76437867
0.41624144,0.54977876,0.69542646,0.7621469
0.41009223,0.5455684,0.692746,0.7605862
0.40686646,0.5440311,0.6922141,0.760435
0.40530702,0.5440509,0.6943225,0.76293236
0.40602386,0.54591334,0.69760084,0.7659526
0.40875393,0.54916185,0.70101887,0.7682358
0.41161132,0.55223453,0.7048533,0.7711496
0.4157085,0.55632234,0.71013075,0.7754102
0.41992414,0.56017077,0.7151629,0.77940816
0.4273299,0.5670315,0.7229881,0.7854441
0.43515643,0.57405347,0.7317145,0.7925978
0.44474626,0.58223146,0.7398964,0.7983337
0.45357573,0.58922374,0.7471743,0.8035083
0.4630927,0.59663683,0.75485647,0.8089836
0.4713306,0.60238963,0.76075053,0.8130512
0.47955433,0.6079728,0.7666296,0.81716806
0.4892521,0.61508054,0.77471346,0.8233784
0.49993342,0.623233,0.78475356,0.831589
0.51351666,0.6338593,0.79552287,0.83928454
0.52661365,0.64359766,0.80510825,0.84583914
0.5426859,0.6561113,0.8168463,0.8536582
0.5585481,0.66787523,0.82675916,0.85934854
0.5748593,0.6797701,0.8361042,0.8642476
0.5898616,0.69006366,0.84368503,0.867741
0.60428536,0.699663,0.850461,0.87061614
0.61686933,0.7074253,0.85615355,0.87314546
0.62762505,0.71332276,0.85994,0.8741828
0.64019275,0.7212868,0.86610144,0.8772888
0.6512917,0.72768855,0.87065554,0.8790778
0.66257095,0.73430806,0.8753126,0.8808899
0.6733838,0.74051327,0.8800156,0.88302565
0.68310565,0.74551207,0.8828383,0.88330775
0.6918193,0.7498233,0.8864007,0.8850611
0.6980728,0.7516334,0.8872201,0.8845867
0.70108217,0.7504307,0.8857044,0.8828238
0.6985481,0.74379283,0.8787999,0.87697065
0.14646484,0.15072978,0.13091046,0.092664234
0.06202248,0.07614301,0.05190339,0.06052841
0.2043983,0.2054845,0.16525815,0.14345257
0.32931006,0.333735,0.30868733,0.2515366
0.471929,0.48446938,0.4432124,0.3446682
0.6389362,0.6564252,0.5885481,0.44857368
0.8111688,0.8287848,0.73534405,0.55830747
0.9732875,0.98676693,0.87279946,0.6652414
1.1182132,1.1245706,0.9973641,0.7661005
1.2500597,1.2480749,1.1156584,0.86587375
1.3692174,1.357975,1.2259022,0.9611282
1.4781129,1.4568111,1.3280846,1.0501015
1.5800937,1.548506,1.4265302,1.1368302
1.6775434,1.6352016,1.5208565,1.2197108
1.7696923,1.7161086,1.6098094,1.2975748
1.8564042,1.7910357,1.6920998,1.3689346
1.9353937,1.8579346,1.766255,1.4330509
2.0068774,1.9173068,1.8326918,1.4904054
2.068067,1.966484,1.8885314,1.5384897
2.1194441,2.0061297,1.9339814,1.577212
2.1590233,2.0343413,1.9669929,1.6046542
2.1783261,2.0425694,1.9787037,1.6123747
2.1661813,2.0194337,1.9565039,1.5881681
2.1133525,1.9561745,1.8928548,1.5271859
2.0157719,1.848364,1.7819781,1.4257609
1.8813772,1.7039026,1.6312894,1.293049
1.7269655,1.540163,1.4604119,1.1492434
1.56878,1.3734596,1.2866063,1.0089779
1.4199662,1.2170633,1.1234887,0.88168824
1.2925397,1.0841887,0.98632485,0.77889484
1.1817855,0.96862394,0.8631732,0.6852039
1.0862353,0.869712,0.7539315,0.59957194
1.004175,0.78692317,0.6617667,0.5264401
0.93955314,0.7253902,0.59311384,0.47196782
0.88567966,0.6772912,0.5379317,0.42675385
0.84752893,0.6491511,0.50785476,0.4035254
0.82514507,0.6399071,0.49914426,0.39808652
0.81740654,0.6476704,0.508743,0.40736678
0.81974465,0.66629267,0.5285353,0.42366856
0.84073627,0.705839,0.5746532,0.4639669
0.87826395,0.76255465,0.64046663,0.52141094
0.9351337,0.83871174,0.72819173,0.5975771
1.0174826,0.94053,0.8481648,0.70336634
1.1143246,1.0532686,0.9769364,0.8144366
1.1970906,1.1447546,1.0750562,0.8934883
1.2446692,1.1946251,1.1246581,0.9274748
1.2440473,1.1926053,1.1200552,0.91616446
1.1914262,1.1379815,1.0645351,0.86645293
1.0868043,1.0322098,0.9600594,0.78158283
0.93871737,0.8848016,0.81673115,0.6705668
0.7621989,0.711965,0.65399194,0.550459
0.57904613,0.53640544,0.4954442,0.43932906
0.40588868,0.37502828,0.35775894,0.34877267
0.2576021,0.24268858,0.25349975,0.28618184
0.13622971,0.14030007,0.17994241,0.24682023
0.0389791,0.06354262,0.12853289,0.22134839
-0.038771186,0.0066389,0.092289075,0.20364173
-0.107388064,-0.04289789,0.055069447,0.17909874
-0.17610894,-0.09584198,0.005100483,0.13782889
-0.25762367,-0.16673517,-0.07312686,0.066701025
-0.37010005,-0.27686644,-0.20547651,-0.058686983
-0.49906632,-0.4065958,-0.35067728,-0.19370328
-0.6146655,-0.5190678,-0.4551547,-0.28494966
-0.70348954,-0.59943,-0.5118485,-0.3300818
-0.7594942,-0.6432044,-0.52970135,-0.34300622
-0.7780277,-0.64690435,-0.5121424,-0.32923475
-0.76150584,-0.6143599,-0.4677384,-0.29720727
-0.71732515,-0.5548126,-0.4075622,-0.25640953
-0.6567043,-0.48135695,-0.3430961,-0.21511748
-0.5926342,-0.40891728,-0.28787804,-0.18377608
-0.5364087,-0.34927264,-0.2485537,-0.16533922
-0.49233258,-0.30587417,-0.22463658,-0.15768547
-0.46184835,-0.2792346,-0.21552558,-0.16021414
-0.44177344,-0.26478514,-0.21575087,-0.16847773
-0.43268013,-0.26230744,-0.22454835,-0.18180402
-0.42804137,-0.2643603,-0.23567252,-0.19614121
-0.42981958,-0.27289975,-0.2515579,-0.21372752
-0.4338809,-0.28306627,-0.2668208,-0.22991124
-0.43966144,-0.2942863,-0.2814508,-0.2449778
-0.44509327,-0.30438614,-0.29408813,-0.2581968
-0.45100746,-0.3143858,-0.305904,-0.27050495
-0.45654252,-0.3236067,-0.31714645,-0.28259498
-0.46275696,-0.33314618,-0.328212,-0.2942846
-0.46912545,-0.34258977,-0.33935034,-0.30611965
-0.47448316,-0.3506577,-0.34894782,-0.3165881
-0.47795546,-0.35605636,-0.35403877,-0.32225507
-0.47961238,-0.35926807,-0.35699123,-0.32608318
-0.4801036,-0.36127523,-0.3595042,-0.3298533
-0.47913682,-0.36187235,-0.36133587,-0.33330315
-0.47872812,-0.36320108,-0.36432627,-0.33774567
-0.47791877,-0.36411133,-0.36657995,-0.34126824
-0.47773984,-0.36588755,-0.37026435,-0.3461416
-0.47835344,-0.3686082,-0.3750078,-0.3518674
-0.47992784,-0.37225658,-0.37979007,-0.35697302
-0.47997788,-0.37410444,-0.3822225,-0.3598151
-0.47902417,-0.37467963,-0.38271374,-0.36058134
-0.478731,-0.37630266,-0.38573858,-0.36418986
-0.4793978,-0.3791296,-0.3901345,-0.36891764
-0.4797989,-0.38154605,-0.3932432,-0.37203646
-0.48340538,-0.38760424,-0.40082312,-0.37920403
0.14687881,0.15133065,0.1320377,0.093902566
0.06509996,0.080002256,0.057800375,0.066527024
0.21606265,0.21910566,0.18259992,0.15992007
0.3573197,0.36544216,0.34550437,0.28538802
0.5287757,0.5478852,0.51363784,0.40840128
0.72059715,0.74576277,0.6826925,0.5321719
0.9122158,0.93751764,0.84668416,0.6560718
1.0911703,1.1121135,1.0014225,0.77817065
1.2555182,1.2690362,1.1465956,0.89677614
1.4026756,1.4067379,1.2802091,1.0090708
1.5345304,1.52782,1.4030516,1.1144072
1.6509345,1.6321888,1.5120108,1.2084303
1.7528551,1.7215701,1.6090134,1.2931944
1.8461342,1.8021576,1.6986063,1.3721364
1.932441,1.8756605,1.7813286,1.4453443
2.0096693,1.9399471,1.8544862,1.5101703
2.0779822,1.995197,1.9170885,1.5651187
2.1364446,2.0409327,1.9698527,1.6115912
2.186061,2.0785038,2.0143452,1.6512738
2.2272336,2.1083028,2.0505064,1.6837217
2.2606194,2.1311104,2.0793533,1.709936
2.2855685,2.1463041,2.1004398,1.7294892
2.3051164,2.15712,2.1173308,1.7459141
2.3192766,2.1632965,2.129213,1.757986
2.328528,2.1654148,2.1372757,1.7670474
2.332178,2.1625216,2.1398268,1.7709402
2.3304632,2.1550553,2.1380868,1.771296
2.3233392,2.1427631,2.1309185,1.7665374
2.3066769,2.1213627,2.1139472,1.7523763
2.2783928,2.0891082,2.0862257,1.7287103
2.237121,2.044757,2.0464938,1.6948129
2.1875207,1.9934425,2.000588,1.6571511
2.1296062,1.9350412,1.948712,1.6163163
2.0719934,1.878736,1.9011523,1.5824727
2.0133624,1.8221018,1.8534166,1.5496956
1.951913,1.763231,1.8036162,1.5158972
1.8794038,1.6934055,1.742861,1.4729022
1.7892435,1.6057184,1.6622086,1.4120705
1.6774141,1.49671,1.5593249,1.3330663
1.5409726,1.363627,1.431459,1.2347006
1.3852147,1.212246,1.2836034,1.121681
1.2183496,1.0515102,1.1263615,1.0038497
1.0486845,0.88967365,0.96646076,0.8851638
0.8859207,0.73694056,0.81466275,0.7735148
0.73390687,0.59710765,0.67506295,0.67122304
0.5950707,0.4728629,0.5515997,0.58114064
0.4721098,0.36724383,0.44897088,0.5073633
0.36612403,0.2814337,0.36946654,0.45230815
0.26734334,0.20269881,0.291953,0.39385447
0.167135,0.121085376,0.20584743,0.32277757
0.059279837,0.029470606,0.10487612,0.23453258
-0.055748157,-0.071399465,-0.0071465545,0.13361382
-0.16107996,-0.16053252,-0.09625172,0.05534347
-0.24304193,-0.22282736,-0.14735587,0.0128833465
-0.29551527,-0.25245103,-0.15984884,0.004637167
-0.3146074,-0.24595149,-0.13283388,0.030752419
-0.30817026,-0.21508743,-0.090563536,0.06479153
-0.28223124,-0.16767064,-0.042217236,0.09837077
-0.24460112,-0.113492996,0.00043295827,0.12065915
-0.19675028,-0.053327136,0.04192086,0.1384404
-0.14521125,0.0076045357,0.086158045,0.16050257
-0.09881063,0.059237547,0.11914611,0.17326999
-0.060166568,0.09994836,0.14336984,0.18083009
-0.034371115,0.12467457,0.15293393,0.17787035
-0.02119894,0.13454159,0.14901485,0.16517046
-0.016597914,0.13487054,0.13822004,0.14860974
-0.01878249,0.12840846,0.12436766,0.13185762
-0.024779204,0.118231356,0.10818277,0.11395831
-0.03424771,0.10501878,0.091132626,0.09650187
-0.03656329,0.10099836,0.08847262,0.09353302
-0.035947584,0.10064773,0.09024568,0.09449087
-0.026078736,0.11094832,0.10492201,0.10711783
-0.008451732,0.12967053,0.12929885,0.12825738
0.012636847,0.1512001,0.15352008,0.14755204
0.037228137,0.17557994,0.17929743,0.16738199
0.07343347,0.21286415,0.22338319,0.20510255
0.117832154,0.25797427,0.27446273,0.24802998
0.17178711,0.3125089,0.33668706,0.30080488
0.2486851,0.39133146,0.43032876,0.38283333
0.3488476,0.49316484,0.55023754,0.48748037
0.46414545,0.60693175,0.67882186,0.59645265
0.5790629,0.71502787,0.7957686,0.69184846
0.6692861,0.79202986,0.8717085,0.7479236
0.72216445,0.8280289,0.9013019,0.7641641
0.72519267,0.81359196,0.8800152,0.74096096
0.6797693,0.75260186,0.8124433,0.68343323
0.5858949,0.6461731,0.70037055,0.593889
0.45362344,0.5056206,0.558077,0.485261
0.29713196,0.3457114,0.4025614,0.37150145
0.13416617,0.18419856,0.25174922,0.2654363
-0.016729701,0.03964395,0.12490834,0.18131565
-0.14431992,-0.07765301,0.030047627,0.12356628
-0.24511987,-0.16560459,-0.03403196,0.08939998
-0.32165894,-0.22851019,-0.075776644,0.07009537
-0.37583816,-0.26884633,-0.09720896,0.06487812
-0.4106326,-0.29043648,-0.103815794,0.06877417
-0.4302629,-0.29779562,-0.099257365,0.07980858
-0.43818873,-0.29469582,-0.086614415,0.09613066
-0.43606704,-0.28293195,-0.06741678,0.11664834
-0.42562205,-0.2642149,-0.042740393,0.14090133
0.14159395,0.14538792,0.124397285,0.08665568
0.022120027,0.032194085,-6.0577808e-05,0.0138809765
0.087395325,0.07551198,0.016239045,0.009942662
0.08349044,0.059561312,0.002300719,-0.025304124
0.053719096,0.015790056,-0.06945392,-0.12231958
0.021591306,-0.03846982,-0.15478206,-0.23147957
-0.008402738,-0.09630995,-0.23228702,-0.32795686
-0.028845744,-0.14589271,-0.28987053,-0.39959782
-0.040471055,-0.18464397,-0.3271901,-0.44592208
-0.04366277,-0.21149752,-0.34935895,-0.47423744
-0.04396617,-0.23205133,-0.36547732,-0.49462917
-0.042043857,-0.2466075,-0.37554264,-0.5076816
-0.03769383,-0.25496292,-0.37989312,-0.5145327
-0.03474578,-0.26174805,-0.3838827,-0.52047414
-0.0324095,-0.26640278,-0.3863383,-0.5246558
-0.03151922,-0.27035818,-0.3894134,-0.52960503
-0.028629592,-0.26934496,-0.38610423,-0.5280914
-0.025251856,-0.26566595,-0.3810573,-0.525182
-0.022520218,-0.26127702,-0.3778005,-0.5249423
-0.020586379,-0.25599334,-0.37289056,-0.5227977
-0.020671267,-0.2517394,-0.37018907,-0.52292055
-0.019932158,-0.24521017,-0.3649145,-0.52071273
-0.021880146,-0.2405467,-0.36171675,-0.5201545
-0.025759354,-0.23723672,-0.36054152,-0.52159023
-0.028890546,-0.23197828,-0.35615936,-0.51958585
-0.031783056,-0.2255744,-0.3505108,-0.51621515
-0.03559493,-0.21951714,-0.34507984,-0.51281416
-0.03620618,-0.20916094,-0.33438057,-0.5042792
-0.038202114,-0.20003287,-0.32535467,-0.4971247
-0.04308296,-0.19437927,-0.32163188,-0.49525374
-0.050600335,-0.19181532,-0.32135922,-0.4963738
-0.0570173,-0.18736415,-0.31601107,-0.49140283
-0.06514147,-0.18490411,-0.31356195,-0.48906538
-0.07407497,-0.1834533,-0.31216374,-0.48752397
-0.08516658,-0.1846025,-0.31337652,-0.4880516
-0.09512346,-0.18420428,-0.3110292,-0.48436433
-0.10292799,-0.18152627,-0.30642298,-0.4785992
-0.10629027,-0.17361999,-0.29437703,-0.46531016
-0.10755129,-0.16356681,-0.28016543,-0.4499271
-0.10510759,-0.14961858,-0.2613093,-0.43002406
-0.10385155,-0.13817303,-0.24788389,-0.41598144
-0.10777321,-0.13380294,-0.24438033,-0.411617
-0.115766115,-0.13451998,-0.24494603,-0.4099818
-0.13000228,-0.14286949,-0.2542542,-0.41595057
-0.14820306,-0.15568809,-0.2665759,-0.4236534
-0.16767587,-0.16934343,-0.27631375,-0.42721242
-0.1862571,-0.18183425,-0.28420115,-0.42886898
-0.20995522,-0.20011629,-0.29843315,-0.4359953
-0.23670043,-0.22199674,-0.31663498,-0.4466643
-0.2652744,-0.24578418,-0.33585846,-0.45768896
-0.29818064,-0.2741048,-0.35860077,-0.47106436
-0.33270103,-0.30398765,-0.38218057,-0.48476973
-0.3681995,-0.33437786,-0.40392014,-0.4956643
-0.41121557,-0.37294698,-0.43401375,-0.5134644
-0.46427658,-0.42310137,-0.47777203,-0.5438094
-0.530537,-0.48783764,-0.53531027,-0.58547014
-0.61190504,-0.56897295,-0.60775036,-0.6392628
-0.70474404,-0.66186297,-0.6877272,-0.69801617
-0.810717,-0.7679135,-0.77539724,-0.761348
-0.92883843,-0.88626444,-0.8707148,-0.8300238
-1.0622092,-1.0210352,-0.9798607,-0.9109
-1.2111342,-1.1732367,-1.1044979,-1.0068271
-1.3660021,-1.3323526,-1.2326481,-1.1079099
-1.5138503,-1.4838299,-1.3491974,-1.2009902
-1.6457974,-1.6181995,-1.4483558,-1.2822839
-1.7557195,-1.7286388,-1.5245725,-1.3458477
-1.842081,-1.813487,-1.5789257,-1.3920895
-1.906269,-1.8740195,-1.6133835,-1.4213265
-1.9537215,-1.9161783,-1.6350893,-1.4393592
-1.9879245,-1.9440029,-1.6476642,-1.4490602
-2.011735,-1.9607468,-1.6536146,-1.4523072
-2.028296,-1.9701375,-1.6563846,-1.4524721
-2.0382211,-1.9728007,-1.6544486,-1.4475182
-2.0408366,-1.9681228,-1.6473111,-1.4374396
-2.0358448,-1.9555253,-1.6332871,-1.4202693
-2.0254061,-1.9377687,-1.6172376,-1.4018413
-2.0089362,-1.9140955,-1.5963056,-1.378784
-1.9870166,-1.8852763,-1.5722266,-1.3533636
-1.95821,-1.8495978,-1.5424601,-1.3230423
-1.9260073,-1.8110206,-1.5119067,-1.2928289
-1.8885503,-1.7676655,-1.4780415,-1.2605692
-1.8447723,-1.7181457,-1.4390289,-1.2243663
-1.7935516,-1.6607622,-1.391846,-1.1807683
-1.7369823,-1.5979288,-1.3402905,-1.1338557
-1.674222,-1.5291661,-1.2846609,-1.0846745
-1.6054702,-1.4552274,-1.2273778,-1.0365677
-1.5292325,-1.3739744,-1.1628971,-0.9829126
-1.4430974,-1.2826269,-1.0887102,-0.92172825
-1.3487065,-1.1834438,-1.0088865,-0.85758334
-1.2426825,-1.0721425,-0.91466385,-0.7806031
-1.1289899,-0.9539379,-0.814664,-0.7000593
-1.0146887,-0.8373417,-0.7172171,-0.62313294
-0.90171146,-0.72527355,-0.62605643,-0.5535572
-0.79549354,-0.62385535,-0.5472294,-0.49642912
-0.70312667,-0.5408439,-0.4895151,-0.45937577
-0.624762,-0.4748157,-0.4462289,-0.43374777
-0.5556282,-0.41833636,-0.40493307,-0.40615118
-0.49396855,-0.36884505,-0.36483797,-0.37693968
-0.43421337,-0.3199176,-0.31975263,-0.34110937
-0.37698966,-0.2729325,-0.27521798,-0.3053973
0.1457155,0.15013927,0.13085496,0.09292193
0.054287642,0.06850935,0.04553206,0.056200653
0.18670842,0.18710113,0.1472785,0.12920114
0.29418707,0.29591495,0.26870465,0.21724021
0.4070504,0.4134162,0.36645234,0.2767876
0.5353682,0.54268044,0.4664457,0.33983296
0.67220056,0.6772497,0.5762811,0.41740233
0.80686826,0.80702955,0.6869266,0.5016991
0.92350495,0.9154084,0.7791294,0.57385975
1.0059158,0.9853079,0.83310676,0.6145247
1.0282462,0.9888702,0.8179414,0.59554744
0.98911774,0.9254842,0.7342068,0.51882863
0.90176034,0.81054145,0.6028882,0.4057241
0.79273534,0.6732402,0.4556092,0.28347108
0.68298775,0.53675795,0.3175522,0.17266262
0.5803163,0.40849188,0.18958367,0.06920421
0.4911118,0.29611856,0.07923978,-0.02163179
0.4156577,0.20075528,-0.012855804,-0.09950172
0.35606787,0.12574767,-0.08370222,-0.16166522
0.30745223,0.066094555,-0.13890254,-0.21237753
0.27010277,0.02208342,-0.17960696,-0.25282004
0.23784764,-0.013314748,-0.21284701,-0.28830358
0.2080632,-0.04311703,-0.24075453,-0.31980678
0.18319078,-0.064703636,-0.2597732,-0.3434779
0.16013797,-0.08200709,-0.27478558,-0.36370638
0.1395933,-0.09444112,-0.28427228,-0.37858257
0.12307403,-0.10058863,-0.28651237,-0.38642418
0.108733326,-0.10292873,-0.28464544,-0.39005634
0.09888256,-0.09912627,-0.275888,-0.38694724
0.093909495,-0.08901679,-0.25990856,-0.37661093
0.093044095,-0.073926196,-0.23900025,-0.3614731
0.09731028,-0.053052623,-0.21225335,-0.34075698
0.1090624,-0.023567267,-0.17470123,-0.30913323
0.118396506,0.0013922309,-0.1477499,-0.28900707
0.12122351,0.01770342,-0.13135265,-0.27842343
0.1198632,0.028135963,-0.12156016,-0.273404
0.11058071,0.028940896,-0.121707216,-0.27634096
0.09694217,0.024709346,-0.124821536,-0.2802627
0.088386215,0.02698229,-0.115631044,-0.27043763
0.081765935,0.031330246,-0.10418063,-0.2580986
0.07901151,0.039587397,-0.088890605,-0.24243277
0.07479484,0.04515312,-0.07871366,-0.23206952
0.07311619,0.052819297,-0.06685399,-0.22041285
0.06258893,0.049501542,-0.069152705,-0.22182892
0.052475896,0.046263434,-0.070536524,-0.22189334
0.031995684,0.031116288,-0.08455433,-0.23233467
0.008400267,0.012711237,-0.10021336,-0.24307057
-0.021760672,-0.013228977,-0.124507815,-0.26133117
-0.061066546,-0.049375992,-0.15991996,-0.28922975
-0.10485109,-0.089853294,-0.19722366,-0.3173792
-0.1526178,-0.1340791,-0.23679978,-0.34660894
-0.2015541,-0.17871301,-0.27437088,-0.37299702
-0.2549358,-0.22815178,-0.31790823,-0.4051399
-0.31061107,-0.27955362,-0.3613732,-0.43640277
-0.36843818,-0.33291668,-0.4057902,-0.4680928
-0.43067163,-0.39064795,-0.45310816,-0.5015983
-0.4977424,-0.45356393,-0.5050915,-0.5389878
-0.57209927,-0.5243866,-0.5641448,-0.58218914
-0.6553107,-0.60487866,-0.6316883,-0.63241756
-0.74927133,-0.69718736,-0.7097171,-0.69145125
-0.85530245,-0.80222493,-0.7958237,-0.75582975
-0.9717631,-0.91843325,-0.88983774,-0.8265891
-1.1021543,-1.0498613,-0.99566865,-0.90741634
-1.2435759,-1.1938407,-1.1116377,-0.9982478
-1.3922437,-1.3464069,-1.233646,-1.0963205
-1.5361866,-1.4943229,-1.3478991,-1.1898197
-1.6661555,-1.6268942,-1.4439921,-1.2689211
-1.7751436,-1.736436,-1.5176464,-1.3299577
-1.8615737,-1.8214885,-1.5711615,-1.3752191
-1.928304,-1.8851236,-1.6087477,-1.4074339
-1.9773701,-1.929643,-1.6329266,-1.4281758
-2.0109594,-1.9572282,-1.6449481,-1.4375429
-2.0331438,-1.9724075,-1.6493171,-1.4394033
-2.0470598,-1.9789448,-1.6493697,-1.436989
-2.0558875,-1.9806571,-1.6483471,-1.4335237
-2.058565,-1.9767312,-1.6446176,-1.4278469
-2.0560527,-1.9678869,-1.6372238,-1.4184287
-2.0470731,-1.9526805,-1.6245508,-1.4040698
-2.0309916,-1.9302119,-1.605457,-1.3835841
-2.009436,-1.9022654,-1.5822405,-1.3594518
-1.9819372,-1.8686334,-1.5556005,-1.333132
-1.9478265,-1.828375,-1.5232759,-1.3019172
-1.9065148,-1.7807798,-1.4848872,-1.2657837
-1.8580571,-1.7258792,-1.440794,-1.2253045
-1.8012626,-1.6626275,-1.3908515,-1.1811248
-1.7377763,-1.592565,-1.3349328,-1.1321111
-1.6634965,-1.5114903,-1.270171,-1.0769026
-1.580197,-1.4212426,-1.197702,-1.0160115
-1.4875728,-1.3218603,-1.118163,-0.9506156
-1.3874702,-1.2159884,-1.0348881,-0.88419974
-1.2798698,-1.1036148,-0.9456709,-0.8138337
-1.166876,-0.98720783,-0.8524965,-0.74103934
-1.0536001,-0.8730396,-0.76253295,-0.67250496
-0.94611776,-0.76805985,-0.68192405,-0.6129505
-0.8446772,-0.6720078,-0.6079888,-0.5588122
-0.74952,-0.5840779,-0.5375583,-0.506012
-0.65551746,-0.49711034,-0.45952538,-0.44313717
-0.5627114,-0.4116907,-0.37987497,-0.3781751
-0.47699103,-0.33521554,-0.31053,-0.32335338
-0.40248066,-0.2725298,-0.2578804,-0.28455877
0.1516635,0.15665036,0.13875864,0.10018995
0.079662845,0.095939726,0.0766895,0.08350618
0.2442342,0.24963371,0.21622086,0.18956183
0.3962433,0.4068919,0.3881846,0.3227411
0.5673592,0.5875818,0.5507319,0.44034284
0.755771,0.7809093,0.713452,0.5586099
0.9418766,0.96646124,0.87161714,0.67806685
1.1165825,1.1363438,1.0214506,0.79581106
1.27638,1.2885944,1.1628047,0.9114709
1.4209461,1.4237472,1.2946068,1.0224372
1.5522937,1.5444549,1.4176587,1.128069
1.6702498,1.650968,1.5312316,1.2272688
1.7774727,1.7457987,1.6340027,1.3170227
1.873635,1.8290064,1.7260303,1.3976272
1.958189,1.9003189,1.8063053,1.4681771
2.0312583,1.9600761,1.8743645,1.5279471
2.095331,2.0113575,1.9341403,1.5811689
2.1519167,2.0555613,1.9858832,1.6273793
2.2007167,2.092526,2.0298626,1.6669377
2.2408445,2.1214314,2.0652778,1.6989902
2.273138,2.1432524,2.0931544,1.7244836
2.2979758,2.1584702,2.114314,1.7443244
2.316295,2.168133,2.130151,1.7599576
2.330535,2.1744652,2.1420908,1.7721345
2.3399606,2.1767285,2.1499991,1.7809376
2.3424094,2.1727166,2.151847,1.7844372
2.3366773,2.1612868,2.1465802,1.7816805
2.3218532,2.1418154,2.1343675,1.7735108
2.297106,2.113398,2.113823,1.7584549
2.2623394,2.07603,2.0851831,1.737077
2.2132516,2.025203,2.0438485,1.7052325
2.146456,1.957585,1.9866592,1.66047
2.0591455,1.8704039,1.9108928,1.6011207
1.9505311,1.7627579,1.8147367,1.5259705
1.8206445,1.6346201,1.6977919,1.4354439
1.6733671,1.4896498,1.5618935,1.3309518
1.5150532,1.3346475,1.4147885,1.2201085
1.3516574,1.1755208,1.2616341,1.106518
1.1891053,1.0180542,1.1064532,0.9916118
1.0245231,0.85839957,0.94300175,0.8675968
0.8448162,0.68085355,0.74822396,0.7102839
0.6495992,0.48645768,0.52894163,0.5277422
0.4603747,0.30217296,0.33028445,0.36594158
0.2978771,0.15187733,0.18269211,0.25244597
0.17025152,0.042661976,0.08430698,0.18006322
0.08162,-0.022496065,0.031593733,0.14232899
0.02867821,-0.049158268,0.012633687,0.12698796
0.007625002,-0.04267404,0.020239066,0.12827477
0.009275094,-0.014443915,0.042030584,0.1365715
0.018537667,0.01854417,0.063512124,0.14205348
0.029960975,0.050310247,0.081481345,0.14396547
0.035989128,0.07287804,0.08997867,0.13869478
0.03553167,0.085799366,0.09053521,0.12858881
0.02850948,0.089547865,0.08443964,0.11493273
0.017744584,0.08762555,0.074596874,0.09959667
0.0071387254,0.0854035,0.06966902,0.09142258
-0.0017693593,0.08405566,0.066603504,0.08544468
-0.0045840517,0.08930705,0.07458561,0.09101823
0.0012441932,0.10349893,0.09363201,0.10695336
0.021695845,0.13382809,0.13434811,0.14383994
0.066738,0.1910499,0.2084194,0.21175036
0.14414978,0.28252235,0.32172787,0.31446302
0.25818846,0.41073987,0.4741166,0.44989902
0.40603697,0.56969845,0.65572035,0.6073301
0.56140494,0.72741425,0.8243578,0.74614626
0.69279397,0.8502452,0.94283736,0.8340482
0.7815253,0.92312783,1.0043207,0.871301
0.81963825,0.94334817,1.0146863,0.86929744
0.80601364,0.9131675,0.978062,0.83373046
0.74132466,0.834844,0.8966269,0.7669768
0.6316358,0.7151881,0.7771394,0.6746389
0.4890907,0.56670636,0.6322342,0.566598
0.33047125,0.406915,0.48200858,0.45935
0.17578685,0.25606656,0.34710556,0.36815766
0.03862435,0.1275776,0.24132404,0.30304748
-0.07393506,0.027056752,0.1653783,0.26126844
-0.15958497,-0.044603895,0.11693041,0.23900865
-0.22078508,-0.091070116,0.09054063,0.23132716
-0.26175833,-0.11743141,0.08121268,0.23479152
-0.2862928,-0.12843066,0.08282971,0.24411735
-0.29725498,-0.12715493,0.093696676,0.25901923
-0.2970577,-0.1161545,0.11227707,0.2789668
-0.28665593,-0.09656256,0.13733518,0.30291405
-0.2681436,-0.07072744,0.16641043,0.3288172
-0.24552572,-0.043303657,0.19313063,0.35069293
-0.2215035,-0.016654652,0.2175905,0.36995238
-0.19797175,0.0077204686,0.23958436,0.38719463
-0.17349389,0.031741194,0.26098913,0.4037301
-0.1461728,0.05792647,0.2855508,0.4232112
-0.11524133,0.08678292,0.3118705,0.44326115
-0.08412224,0.11464733,0.33636832,0.46122965
-0.052875824,0.14166015,0.35964045,0.4778724
-0.024223497,0.16524448,0.37999266,0.49253938
0.0014498652,0.18524666,0.39720425,0.50495213
0.025253315,0.20310646,0.4129215,0.5164895
0.04626984,0.21801844,0.42651063,0.52667624
0.0677268,0.23369765,0.44189742,0.53875303
0.090693414,0.25112906,0.45962423,0.5527865
0.11776036,0.27282217,0.48106158,0.56914425
0.14658457,0.2959965,0.5030095,0.5851697
0.13731125,0.14076144,0.11894294,0.08172636
-0.008263352,-0.0008524368,-0.03825852,-0.019894226
0.000109460525,-0.021480946,-0.095870614,-0.091084234
-0.053895015,-0.09350259,-0.1661603,-0.17901559
-0.09992938,-0.15441754,-0.23839135,-0.27719876
-0.124646686,-0.20033237,-0.29998052,-0.3673315
-0.1353301,-0.23772614,-0.35011888,-0.4434019
-0.1400312,-0.27129862,-0.39105004,-0.50429434
-0.1401161,-0.29851714,-0.419148,-0.5459644
-0.13840364,-0.32064217,-0.43916795,-0.574749
-0.13601367,-0.33792865,-0.45237327,-0.59322125
-0.12914999,-0.3458552,-0.45469514,-0.5990007
-0.11929896,-0.34628242,-0.44933757,-0.5959643
-0.10225753,-0.33456898,-0.4308266,-0.57954633
-0.07935222,-0.31298143,-0.4036959,-0.55486536
-0.048166856,-0.27900177,-0.36424765,-0.5184351
-0.0030479315,-0.22643282,-0.30510613,-0.46352413
0.052354325,-0.16055185,-0.23535962,-0.39982527
0.11945893,-0.08048135,-0.15350984,-0.32633114
0.18723348,-0.00044620052,-0.07819697,-0.26140264
0.26222068,0.08767833,0.006146379,-0.18865111
0.3384812,0.17670156,0.09115765,-0.11567052
0.40701425,0.25539878,0.16180381,-0.057398103
0.45268598,0.30603552,0.198547,-0.031547178
0.4818432,0.33787888,0.22010492,-0.017110974
0.5086041,0.36855114,0.24925025,0.008449947
0.5358812,0.40063342,0.28279275,0.039341636
0.5513042,0.41856673,0.29681244,0.05060929
0.5459919,0.41224417,0.28072974,0.033100244
0.51987964,0.3831912,0.24204329,-0.003102742
0.4746774,0.3340677,0.18410555,-0.054406047
0.41951698,0.27599287,0.12082655,-0.1077912
0.3616831,0.21765414,0.06265021,-0.15384805
0.30268222,0.15955858,0.004116331,-0.20072624
0.2499836,0.11071834,-0.041472133,-0.23541892
0.19792527,0.06383857,-0.08614361,-0.2702514
0.14621148,0.01815207,-0.13145696,-0.3071821
0.097349845,-0.023137467,-0.17079674,-0.33870766
0.051518276,-0.059839644,-0.20370346,-0.3641039
0.009808007,-0.09126758,-0.23111722,-0.38500854
-0.028258597,-0.118301384,-0.2540049,-0.40222758
-0.06303969,-0.14148019,-0.27244118,-0.41540474
-0.09431885,-0.16078843,-0.28665045,-0.42481634
-0.12412478,-0.17908226,-0.30123043,-0.43520814
-0.15365088,-0.19751793,-0.3157864,-0.4453835
-0.18111765,-0.21383007,-0.3264283,-0.45111716
-0.20646429,-0.22838482,-0.3358445,-0.45595533
-0.23250996,-0.24446839,-0.34764722,-0.46302843
-0.25931308,-0.26178598,-0.3593882,-0.46914718
-0.2863368,-0.27988046,-0.37181443,-0.47562596
-0.31268692,-0.2973453,-0.38181448,-0.47891924
-0.3399331,-0.31636328,-0.39387774,-0.48400453
-0.37014878,-0.33943933,-0.4111926,-0.49397707
-0.4033589,-0.36574194,-0.4289213,-0.5026322
-0.43356228,-0.3883889,-0.44032106,-0.504336
-0.4678186,-0.41547668,-0.4554705,-0.50841224
-0.51005363,-0.45159236,-0.47940594,-0.5193188
-0.5634773,-0.5001769,-0.5148773,-0.5390351
-0.623119,-0.5540777,-0.54780114,-0.5519506
-0.6902776,-0.6142266,-0.5794315,-0.5588793
-0.7585528,-0.673067,-0.60103714,-0.55162865
-0.82588714,-0.7300748,-0.62131506,-0.54268026
-0.8978087,-0.7951714,-0.666666,-0.56422436
-0.97356826,-0.86784595,-0.73268527,-0.6117532
-1.0417248,-0.9325023,-0.78905976,-0.6519268
-1.0940913,-0.97810566,-0.8196598,-0.6677215
-1.1273985,-1.0011204,-0.8236747,-0.65909994
-1.1416779,-1.0026127,-0.80575264,-0.6313897
-1.1398221,-0.9867545,-0.77302986,-0.59180474
-1.1261828,-0.9591535,-0.73231107,-0.5467107
-1.1029749,-0.9224084,-0.68455905,-0.49612895
-1.0711083,-0.8779378,-0.6322776,-0.44307876
-1.0331987,-0.8287879,-0.577765,-0.38926005
-0.9916915,-0.77795464,-0.5243346,-0.33780885
-0.94859916,-0.72766167,-0.47359324,-0.28987667
-0.90338826,-0.6770129,-0.42306,-0.24269171
-0.85624224,-0.62593675,-0.37229794,-0.19587585
-0.8071351,-0.57449436,-0.32264,-0.15135667
-0.758901,-0.5256659,-0.27645454,-0.11064778
-0.71046615,-0.4779037,-0.23094285,-0.07081845
-0.66242987,-0.43178222,-0.18760721,-0.03355196
-0.6146288,-0.38707855,-0.14647746,0.00088321575
-0.5703313,-0.347807,-0.11451027,0.025173487
-0.5338988,-0.3193172,-0.100348525,0.030421395
-0.5119068,-0.30890304,-0.112459354,0.00919734
-0.5110637,-0.32469723,-0.16463839,-0.05311427
-0.51669675,-0.3481581,-0.22642446,-0.12566255
-0.49601033,-0.33865488,-0.23651588,-0.14731623
-0.4421164,-0.28918573,-0.19411789,-0.12073158
-0.3645566,-0.2138501,-0.12611713,-0.07423081
-0.28945097,-0.14449562,-0.07168839,-0.042571224
-0.23317361,-0.09886448,-0.045702025,-0.03540553
-0.20170265,-0.08131432,-0.047053304,-0.048388377
-0.18819354,-0.082573324,-0.06476303,-0.07205823
-0.18717279,-0.09521849,-0.08872185,-0.097270936
-0.19430292,-0.11480596,-0.117812954,-0.12558964
-0.20587766,-0.13736622,-0.14809762,-0.1541275
-0.21737328,-0.15775037,-0.17285578,-0.17669117
-0.22928916,-0.17708641,-0.19591993,-0.1979318
-0.24180947,-0.1959208,-0.21837583,-0.2189394
0.1423666,0.1462362,0.12545736,0.08763259
0.03185106,0.042847656,0.01233039,0.02487602
0.104007065,0.09336092,0.03507185,0.026106486
0.08880988,0.063518584,0.0011117267,-0.028046362
0.045068562,0.0034238836,-0.08948865,-0.14198256
0.009260159,-0.054160345,-0.17247093,-0.24718517
-0.018992092,-0.10930598,-0.24364002,-0.33740884
-0.04228359,-0.16209692,-0.3050252,-0.41326156
-0.058728173,-0.20714013,-0.35109988,-0.46914718
-0.07243536,-0.24714758,-0.38903353,-0.5134095
-0.08277869,-0.27987245,-0.41679233,-0.54501396
-0.088250354,-0.30293813,-0.43270355,-0.56339246
-0.0915301,-0.31975242,-0.44328707,-0.57597303
-0.09345844,-0.3318337,-0.45109728,-0.58600235
-0.09197996,-0.3367387,-0.45141894,-0.58859706
-0.090278774,-0.3385267,-0.44978544,-0.5892384
-0.08740304,-0.33648822,-0.44503635,-0.586984
-0.080859,-0.32795373,-0.4339351,-0.57880473
-0.07038126,-0.3127269,-0.41591248,-0.5640079
-0.055832263,-0.29132035,-0.39319062,-0.5453933
-0.040367827,-0.2679224,-0.37093374,-0.52795196
-0.02823292,-0.24768081,-0.3537109,-0.51542425
-0.021248983,-0.23295216,-0.3436787,-0.5096539
-0.017787667,-0.22172529,-0.33707187,-0.506708
-0.016789176,-0.2123147,-0.3301267,-0.5022512
-0.015103451,-0.20132676,-0.3206594,-0.49499127
-0.012525347,-0.18854657,-0.30812198,-0.48437282
-0.009521488,-0.17480476,-0.29440936,-0.47243795
-0.0071734223,-0.16183229,-0.28270927,-0.4628047
-0.0012002899,-0.1442793,-0.2644042,-0.44647557
0.008290227,-0.12240757,-0.24054134,-0.42459446
0.02251041,-0.09511151,-0.21061005,-0.3971048
0.040466487,-0.06385888,-0.17644028,-0.3656973
0.067190215,-0.022817945,-0.13019516,-0.32286948
0.110768825,0.037340846,-0.060379613,-0.25777215
0.18621953,0.13411745,0.056346882,-0.14792028
0.3176279,0.2929205,0.24493483,0.027023327
0.495569,0.49804348,0.47737736,0.23639071
0.67704344,0.69568497,0.6827772,0.4100332
0.82555324,0.84633404,0.82560647,0.5197459
0.9259379,0.9396459,0.9104726,0.57967734
0.9781482,0.98091424,0.94854033,0.6048712
0.9798465,0.9710651,0.9423376,0.59975916
0.9304858,0.91047794,0.8885976,0.56023145
0.830677,0.80042934,0.78736013,0.48620018
0.68957293,0.65125626,0.64956886,0.38748464
0.52330613,0.4804612,0.49397695,0.27963138
0.35242444,0.31046313,0.34648687,0.18417057
0.19311018,0.15791526,0.22276409,0.11154046
0.05762267,0.034997683,0.13338189,0.06817717
-0.04689929,-0.052724615,0.07734031,0.04902667
-0.124693066,-0.11116585,0.047152426,0.047342554
-0.18026431,-0.14663967,0.033843223,0.05476884
-0.2174705,-0.16382201,0.03425666,0.0700933
-0.24131952,-0.1686285,0.04291294,0.089454666
-0.25540033,-0.16515876,0.05653712,0.110882975
-0.26292294,-0.15684341,0.073245175,0.13387111
-0.26387322,-0.14381793,0.092261955,0.15737753
-0.25884145,-0.12654394,0.11399047,0.18216123
-0.248015,-0.104969576,0.13952044,0.20970084
-0.2337343,-0.08177499,0.1651889,0.23640314
-0.2156687,-0.056250434,0.19298252,0.26451364
-0.1939749,-0.028673967,0.22144535,0.29219744
-0.16923322,0.0007117143,0.2519553,0.32139918
-0.14307436,0.029874014,0.28034678,0.34760395
-0.11810449,0.056284558,0.30532104,0.37042013
-0.091519885,0.08362068,0.3323729,0.39531818
-0.06270721,0.112596825,0.36160374,0.42198154
-0.032182347,0.14249147,0.39115375,0.44825178
-0.0020740682,0.17094027,0.41860405,0.47220355
0.02818224,0.19875804,0.44503677,0.49487475
0.059097745,0.22665732,0.47151375,0.51733094
0.08972505,0.25357777,0.49622017,0.5376978
0.11927605,0.27889922,0.519363,0.5567157
0.14770909,0.3026617,0.54085577,0.57427365
0.17575541,0.32570735,0.5615342,0.5909558
0.20367675,0.34853718,0.5824213,0.6079121
0.23037428,0.36979765,0.60102797,0.6225207
0.2570655,0.39095965,0.6196071,0.6369855
0.28583285,0.41382056,0.63765603,0.6495246
0.31488472,0.43666592,0.65471244,0.6605615
0.34223202,0.4570607,0.6668059,0.6660771
0.3677584,0.47522634,0.6753016,0.6679174
0.39316845,0.4929325,0.68138796,0.6665974
0.41963804,0.5111321,0.6845077,0.6606133
0.44981706,0.5322875,0.6858511,0.6501038
0.49242705,0.5663779,0.7007252,0.650284
0.5518319,0.61790484,0.735984,0.66795796
0.6271,0.6853165,0.7909004,0.70282274
0.700565,0.7478199,0.8365498,0.72696847
0.76653194,0.80157834,0.8774849,0.7495543
0.83636296,0.8611122,0.9379971,0.79641885
0.93369055,0.95120996,1.0436722,0.8885275
1.0656796,1.0751125,1.1855665,1.0107262
1.2128433,1.2084395,1.3277154,1.1263584
1.3535093,1.3285652,1.4454011,1.2140009
1.4760116,1.4266855,1.5359818,1.2760205
1.576706,1.502539,1.6046834,1.3208919
1.657343,1.5599941,1.6578131,1.3557823
1.720723,1.602461,1.6984298,1.3827788
0.14262126,0.146707,0.12654123,0.08891981
0.038888708,0.051416792,0.02471802,0.037267663
0.15187597,0.14838567,0.10239426,0.08860826
0.22737487,0.22205865,0.18788572,0.14455958
0.2955217,0.28995383,0.23436865,0.15764391
0.34201142,0.32607493,0.2308876,0.12508012
0.3432638,0.30474707,0.16546841,0.040610217
0.30931404,0.24096844,0.06763605,-0.06499508
0.26260582,0.1638924,-0.023074878,-0.15371154
0.21624553,0.08854736,-0.10104962,-0.22584926
0.17755039,0.024064176,-0.16055973,-0.27869996
0.15106273,-0.02404702,-0.20018278,-0.31312314
0.14108253,-0.049647447,-0.21303621,-0.32249102
0.14289741,-0.059076183,-0.21285827,-0.32199264
0.147478,-0.06344251,-0.21380885,-0.32531986
0.16001561,-0.055612333,-0.2005059,-0.31527084
0.18122943,-0.0350154,-0.17398033,-0.29292572
0.21130207,-0.0019505001,-0.13568643,-0.26033995
0.261289,0.056823224,-0.06700168,-0.19882524
0.3357417,0.14521024,0.03179941,-0.11067222
0.45606372,0.28811163,0.19336092,0.03546091
0.6305301,0.49152243,0.41624108,0.23412615
0.83614916,0.7234514,0.65377873,0.43629184
1.039594,0.94362247,0.8652892,0.60513884
1.2210157,1.1326152,1.0458637,0.74473727
1.3769528,1.2893997,1.1997657,0.8633146
1.5078423,1.4168317,1.3309302,0.9662932
1.615637,1.5183766,1.440834,1.0545743
1.7010702,1.5958701,1.5298883,1.128011
1.7662134,1.6521631,1.5990326,1.1863942
1.8104165,1.6872555,1.6476624,1.2288216
1.8324146,1.7004497,1.6749866,1.2543734
1.8299928,1.6899987,1.6795177,1.261869
1.8013097,1.6542904,1.6590892,1.2491864
1.7420317,1.5891725,1.6101236,1.2138523
1.6496863,1.4921066,1.5292434,1.153185
1.5235945,1.3625596,1.4161209,1.0682138
1.3718877,1.209155,1.2789975,0.96687865
1.2047993,1.0428402,1.129971,0.8604187
1.037211,0.8792972,0.98491603,0.7614347
0.880022,0.7295878,0.8538619,0.6761743
0.7418314,0.60250795,0.74490976,0.60940695
0.6259802,0.5011501,0.6603553,0.56132436
0.53009516,0.42255417,0.5971114,0.52875227
0.45486426,0.36676878,0.5536802,0.5092198
0.39488196,0.3273087,0.5235132,0.49748152
0.34597132,0.29944196,0.5033721,0.4919544
0.30724,0.2816255,0.49119428,0.49098286
0.2771548,0.27196965,0.48629397,0.4948528
0.25412586,0.2682989,0.48596314,0.5012334
0.23845862,0.27092293,0.4916853,0.51201963
0.2275415,0.27681383,0.50024855,0.5246197
0.22241569,0.28704184,0.51277554,0.53994495
0.22215998,0.30052683,0.5281632,0.5570563
0.22667742,0.31722587,0.5462897,0.5758447
0.23372215,0.33475906,0.5649652,0.59463805
0.24466546,0.35457274,0.5849223,0.6136837
0.2553101,0.37234205,0.6024952,0.63044
0.26815504,0.39074144,0.6193898,0.645803
0.2794379,0.40607944,0.6329693,0.6582443
0.29068148,0.42036983,0.6458342,0.6702519
0.3023516,0.43443164,0.65972286,0.683613
0.31573153,0.44968766,0.6754059,0.6986508
0.33224082,0.4674466,0.6932495,0.7150023
0.34788552,0.48335624,0.7085838,0.72880876
0.3634301,0.4983069,0.72195804,0.74032956
0.37926817,0.51308036,0.73563397,0.7522667
0.39543164,0.52776986,0.74918056,0.76397437
0.4122763,0.54272616,0.7628644,0.7755817
0.42819503,0.5563148,0.7751899,0.7860311
0.44374278,0.56916595,0.78653246,0.79550654
0.46007603,0.5825948,0.79845613,0.8053714
0.47681746,0.5961783,0.81044286,0.81515545
0.49394667,0.60984236,0.8220499,0.82429236
0.51169735,0.624037,0.8347684,0.83453256
0.5288003,0.63710916,0.84516644,0.84216845
0.54643464,0.6505263,0.855723,0.8497
0.5650447,0.66462106,0.8660268,0.8564447
0.58248097,0.6772714,0.8745767,0.8615816
0.6010789,0.69089967,0.88335437,0.86639905
0.6176726,0.70213336,0.88872486,0.86792284
0.635723,0.71493405,0.89568233,0.8707512
0.6530513,0.72702503,0.9027166,0.8740258
0.66919595,0.7381508,0.91031736,0.87870866
0.68178517,0.7457755,0.91576755,0.88245845
0.69219977,0.7513841,0.91974545,0.88536763
0.69956726,0.75400484,0.9208081,0.88591325
0.7065596,0.7566887,0.92250395,0.8873136
0.711535,0.75756013,0.9224781,0.88739896
0.71716803,0.7594787,0.9238193,0.88879055
0.72030264,0.758998,0.92279845,0.8883585
0.720507,0.7556241,0.9182657,0.88493884
0.71649575,0.7482431,0.9099586,0.878731
0.70888144,0.7377177,0.89892644,0.87079346
0.6983463,0.7246974,0.88523674,0.86080897
0.6852163,0.70966196,0.8697719,0.84972274
0.67160475,0.69489133,0.85537136,0.8400195
0.65790045,0.68062073,0.8419362,0.8313868
0.64757127,0.67021364,0.8320312,0.8252817
0.6412575,0.6640381,0.8256152,0.8212477
0.14154339,0.14550997,0.1250093,0.08746894
0.027317107,0.038511485,0.008914853,0.022813648
0.09195181,0.08079776,0.022375915,0.015945008
0.07459493,0.048813015,-0.012899608,-0.0393194
0.03401153,-0.0075308294,-0.09785644,-0.14837062
-0.0022910063,-0.066242106,-0.18363222,-0.25740176
-0.033774797,-0.12575243,-0.26045904,-0.35368577
-0.059626844,-0.18225957,-0.3262629,-0.43439987
-0.08270166,-0.23559082,-0.38126984,-0.49911252
-0.10418954,-0.28513515,-0.4286587,-0.5525538
-0.12162947,-0.32640985,-0.46378967,-0.5912921
-0.1353419,-0.3592537,-0.48889244,-0.61868274
-0.14617412,-0.38479334,-0.50681704,-0.63849694
-0.15388536,-0.40299338,-0.5179823,-0.6515939
-0.16074774,-0.41698167,-0.5265835,-0.66229916
-0.16379116,-0.423452,-0.5278419,-0.66599554
-0.16284612,-0.42263293,-0.52271134,-0.6638124
-0.15970157,-0.41678846,-0.5133763,-0.65759856
-0.15374283,-0.4057039,-0.4996987,-0.6474273
-0.14586364,-0.39107516,-0.4848507,-0.6367646
-0.14029635,-0.37811282,-0.47411346,-0.6302837
-0.13764437,-0.36761338,-0.46663618,-0.6266352
-0.13732682,-0.35895634,-0.46111047,-0.6244392
-0.14007941,-0.35309678,-0.45869413,-0.6248104
-0.14697585,-0.35116598,-0.4595744,-0.62747145
-0.15462998,-0.34936336,-0.45961338,-0.6287947
-0.16163094,-0.3459648,-0.4565873,-0.62664473
-0.16685686,-0.34014836,-0.45167112,-0.6230115
-0.17397991,-0.33596227,-0.44775707,-0.61960787
-0.17797047,-0.32800746,-0.43972844,-0.61245686
-0.1825377,-0.32057738,-0.43239546,-0.6056589
-0.18481372,-0.31041935,-0.42154142,-0.59529334
-0.18566287,-0.2989309,-0.41001132,-0.584439
-0.18537493,-0.28624874,-0.39659554,-0.5713712
-0.18414482,-0.2729945,-0.38314155,-0.55831605
-0.18521641,-0.26302096,-0.37411585,-0.54933614
-0.1905162,-0.25848544,-0.37108475,-0.54554325
-0.19586524,-0.25424162,-0.36664024,-0.5395844
-0.20369388,-0.25318033,-0.3656131,-0.5364484
-0.21439563,-0.2556856,-0.36803615,-0.536042
-0.2253345,-0.25855964,-0.36938617,-0.5339835
-0.23736879,-0.2628699,-0.37211668,-0.5329204
-0.24940336,-0.2673722,-0.37460607,-0.5314733
-0.26435268,-0.27542293,-0.38082948,-0.53308636
-0.28083137,-0.2853406,-0.3883308,-0.53545344
-0.29808474,-0.29627576,-0.39655006,-0.53820395
-0.31439546,-0.30577898,-0.4007372,-0.53621143
-0.3297032,-0.31439406,-0.4046231,-0.53415585
-0.3455664,-0.323852,-0.40938282,-0.53277254
-0.36426762,-0.3366237,-0.4169079,-0.53325397
-0.3885639,-0.35642514,-0.43411678,-0.5431432
-0.41679493,-0.38040558,-0.4530437,-0.553145
-0.4495764,-0.4093287,-0.47619566,-0.56622416
-0.4851532,-0.44052172,-0.49792188,-0.57614017
-0.52169126,-0.4720486,-0.5172864,-0.582539
-0.5634597,-0.508628,-0.5394553,-0.5897571
-0.6143977,-0.55472875,-0.5689529,-0.6015229
-0.6796374,-0.6164373,-0.61346126,-0.62515986
-0.768277,-0.70454013,-0.6865186,-0.67388254
-0.88595384,-0.8248483,-0.7905706,-0.7487701
-1.0251073,-0.96866375,-0.9149403,-0.84123164
-1.1707481,-1.1184415,-1.038135,-0.9322769
-1.2997353,-1.2480505,-1.1335481,-0.9991377
-1.3872821,-1.3293012,-1.1734821,-1.016184
-1.4290574,-1.357365,-1.1601622,-0.98593384
-1.4387952,-1.3498949,-1.1243788,-0.94069564
-1.4324152,-1.3262049,-1.0855118,-0.89722526
-1.4150993,-1.2925236,-1.0450801,-0.8548069
-1.3896567,-1.2516801,-1.0022036,-0.81128395
-1.357667,-1.2049328,-0.9547767,-0.7633631
-1.3203783,-1.1538147,-0.9040664,-0.7124783
-1.2792934,-1.1002663,-0.85216296,-0.6609264
-1.237133,-1.0472431,-0.800593,-0.60946214
-1.1945186,-0.9954824,-0.75018346,-0.55914426
-1.1494305,-0.94254494,-0.697638,-0.5070084
-1.1013421,-0.8877171,-0.6427681,-0.45331666
-1.0498883,-0.83060914,-0.5854657,-0.39819604
-0.99836075,-0.77510583,-0.5309454,-0.34673986
-0.94569933,-0.7196531,-0.47561577,-0.2948404
-0.89268523,-0.66507137,-0.42102537,-0.24421507
-0.83908004,-0.6110184,-0.36703613,-0.19486538
-0.7833222,-0.55573726,-0.3119005,-0.14540735
-0.7264077,-0.5001074,-0.25614133,-0.09595057
-0.6710078,-0.44715393,-0.20335886,-0.049717028
-0.61622465,-0.39560997,-0.15127891,-0.004239989
-0.56129843,-0.34464356,-0.09988399,0.040004514
-0.50521135,-0.2929698,-0.047745425,0.08425316
-0.44839844,-0.2410446,0.004883544,0.12851506
-0.3912253,-0.18970543,0.054792434,0.16886932
-0.33404666,-0.13931823,0.101828545,0.20541243
-0.2800236,-0.09326295,0.14248706,0.23541337
-0.2267079,-0.048783604,0.17916226,0.26060683
-0.1755632,-0.006966717,0.21304896,0.28329748
-0.12751588,0.031533364,0.24430904,0.3042825
-0.08101122,0.06887977,0.27716985,0.328047
-0.035663836,0.10524593,0.31005323,0.35222626
0.009889489,0.14242172,0.34643137,0.3806802
0.05565975,0.18014798,0.38516372,0.41194892
0.09824275,0.21443442,0.42030242,0.44026744
0.13542745,0.24252929,0.44685072,0.46031073
0.14358936,0.14761986,0.12724711,0.089351095
0.045718327,0.058398683,0.03159707,0.042629503
0.1625408,0.15912266,0.11218905,0.095901966
0.22504096,0.21736243,0.1776729,0.13329855
0.2488486,0.23345023,0.16078587,0.08739313
0.23220201,0.19643137,0.07577835,-0.020103032
0.19477496,0.13139915,-0.023878386,-0.13342193
0.14928137,0.05527651,-0.117466055,-0.2330628
0.10362612,-0.021420624,-0.19993915,-0.31683233
0.06269556,-0.09205673,-0.26993114,-0.38617894
0.030260704,-0.15050717,-0.32154718,-0.43627536
0.008071193,-0.19380125,-0.35478055,-0.4683279
-0.0030738697,-0.22081739,-0.37141892,-0.4852532
-0.005769351,-0.23452125,-0.37570035,-0.4911205
0.005019387,-0.22863483,-0.35842305,-0.47638744
0.02453962,-0.2098523,-0.33164048,-0.45385587
0.05402721,-0.17699547,-0.2921484,-0.42005357
0.08871477,-0.13677454,-0.24965632,-0.38487554
0.12261946,-0.096462645,-0.21061005,-0.35370317
0.1564749,-0.055294696,-0.17133263,-0.32224658
0.1881463,-0.016034458,-0.1352415,-0.2937303
0.21561725,0.018814206,-0.10433812,-0.2698951
0.229113,0.03719428,-0.09442964,-0.26617926
0.22927754,0.04048847,-0.100004345,-0.27596334
0.22141275,0.03603071,-0.108601384,-0.28584868
0.2183861,0.039067585,-0.103586964,-0.28103662
0.21346255,0.04078443,-0.10076217,-0.2783184
0.21571419,0.051776845,-0.08611629,-0.26468366
0.22688073,0.073951595,-0.0577776,-0.23806608
0.25607514,0.117824174,-0.003078115,-0.18679756
0.310208,0.19001736,0.08182719,-0.10913041
0.38918078,0.28947407,0.1956104,-0.0065650274
0.49375436,0.4147287,0.3322252,0.11288486
0.62419385,0.5655409,0.49675125,0.255958
0.78114694,0.7405345,0.6854093,0.41813976
0.9425384,0.9130888,0.8661319,0.5690357
1.0834229,1.0559312,1.00969,0.6826904
1.1912175,1.1587689,1.1124064,0.76062477
1.2623959,1.2213217,1.1774911,0.8090458
1.2943271,1.243471,1.205955,0.83054537
1.2834383,1.2226846,1.1932538,0.8207849
1.2280704,1.1579442,1.1367974,0.7772306
1.1246963,1.0456344,1.0304385,0.6940993
0.96987313,0.8818194,0.86711735,0.5648488
0.7625595,0.6652149,0.6451905,0.38900843
0.4951592,0.385704,0.34836796,0.14951706
0.17797954,0.05514314,-0.0019784013,-0.13331442
-0.13682352,-0.26367977,-0.30690965,-0.36414203
-0.42088845,-0.5405305,-0.5394926,-0.52695227
-0.66214454,-0.76600623,-0.70899385,-0.64020056
-0.86282325,-0.94649225,-0.8346676,-0.72522
-1.0262614,-1.087809,-0.9271122,-0.7906136
-1.156927,-1.1958563,-0.99353725,-0.8402688
-1.2601918,-1.2770219,-1.0407121,-0.87793016
-1.3400337,-1.3359463,-1.0736152,-0.90649664
-1.4000859,-1.3759418,-1.0924351,-0.9233179
-1.4412743,-1.3977023,-1.0977384,-0.9282462
-1.4683793,-1.4062479,-1.0947578,-0.9256666
-1.4819819,-1.4021888,-1.0838807,-0.91606003
-1.4854563,-1.3891077,-1.0682527,-0.9021007
-1.4814501,-1.3703617,-1.0529149,-0.8896842
-1.4697595,-1.3457521,-1.0363665,-0.8776099
-1.4488515,-1.3126596,-1.0123571,-0.85865927
-1.4165342,-1.2684934,-0.9793647,-0.83235115
-1.3728563,-1.2127781,-0.9349683,-0.795528
-1.3182853,-1.1468226,-0.88420814,-0.754817
-1.2529986,-1.0708477,-0.82539624,-0.7079432
-1.1799837,-0.9885212,-0.7629998,-0.6592572
-1.0994835,-0.90027934,-0.6962454,-0.6077766
-1.0182394,-0.81385237,-0.63278216,-0.5599345
-0.93747455,-0.7305091,-0.57220656,-0.5147367
-0.8589537,-0.6518475,-0.5148569,-0.47188404
-0.78735286,-0.5828613,-0.46614805,-0.43612084
-0.72310936,-0.5234608,-0.4246201,-0.40562773
-0.6682376,-0.47551244,-0.3932021,-0.38335797
-0.6190155,-0.43404856,-0.3650134,-0.36262444
-0.5800898,-0.40420315,-0.34789065,-0.35133547
-0.54581046,-0.3790688,-0.3328964,-0.3409774
-0.51858944,-0.36108765,-0.32336405,-0.3346053
-0.4963339,-0.34791893,-0.31772655,-0.331398
-0.48049924,-0.34136164,-0.31917733,-0.3346318
-0.4691231,-0.3388408,-0.32344726,-0.33983
-0.46243024,-0.34043795,-0.33057183,-0.3468712
-0.45631275,-0.3415386,-0.33548778,-0.3514409
-0.45278594,-0.344481,-0.34140855,-0.35651666
-0.44861773,-0.34579536,-0.34454188,-0.35879138
-0.4472577,-0.34967864,-0.35085437,-0.3641035
-0.44798607,-0.3556843,-0.3608081,-0.37331125
-0.45015964,-0.36283678,-0.37170324,-0.38326454
-0.4534433,-0.37035522,-0.38117826,-0.3910639
-0.45573846,-0.37614998,-0.38825235,-0.39659044
-0.45767334,-0.38092208,-0.3932945,-0.39989653
-0.45819235,-0.383696,-0.39567813,-0.40065408
-0.46101412,-0.3890692,-0.40237215,-0.40590426
-0.46498686,-0.39544785,-0.4094792,-0.41107243
-0.4691378,-0.4021531,-0.4183205,-0.4185735
-0.47725016,-0.41294947,-0.4308919,-0.4288717
-0.48928708,-0.42795783,-0.4480781,-0.4432478
-0.50466114,-0.44633132,-0.46808487,-0.45973477
-0.51924103,-0.4633315,-0.48558933,-0.473726
0.14411311,0.14834704,0.12854958,0.09076219
0.04742213,0.060748916,0.035723083,0.04706746
0.16478667,0.16225474,0.117479436,0.10172865
0.2425291,0.2380767,0.20410065,0.15873063
0.31715524,0.31339255,0.25921357,0.18030766
0.3968611,0.388797,0.30476952,0.19463862
0.48580414,0.47132844,0.3659221,0.230349
0.5997008,0.5813115,0.46764556,0.31096634
0.7492382,0.7312033,0.6180748,0.44084993
0.916051,0.8981947,0.7819988,0.58206123
1.0834172,1.0634527,0.9417702,0.7179268
1.242,1.2168748,1.0897442,0.84200895
1.3854012,1.3529499,1.2250916,0.95603895
1.5178918,1.4768218,1.3527731,1.0644785
1.6370615,1.5859914,1.4684166,1.1629956
1.7438054,1.681808,1.5725598,1.2520405
1.8388186,1.7653052,1.665627,1.332072
1.9227961,1.8374747,1.7477659,1.4031179
1.9973211,1.900176,1.8202887,1.4662026
2.0621731,1.9533614,1.8829069,1.5209972
2.1207118,2.0005145,1.9383435,1.5694779
2.1694677,2.0380728,1.9830151,1.6081865
2.206726,2.064382,2.0147257,1.634675
2.2327607,2.0802271,2.0356553,1.6517897
2.2458327,2.084138,2.0449836,1.659293
2.2446735,2.0746996,2.040374,1.6543775
2.2291765,2.051991,2.022359,1.6379
2.2048397,2.021959,1.9978236,1.617328
2.1730263,1.9858149,1.9682631,1.5942583
2.1405642,1.9500304,1.9381917,1.5714512
2.103377,1.9097683,1.9021014,1.5429524
2.0684874,1.8728809,1.8694675,1.5185595
2.0398207,1.843548,1.8460698,1.5043756
2.0151331,1.8184066,1.8252816,1.4916993
1.9926366,1.7957295,1.8061025,1.4796764
1.9721259,1.775403,1.788682,1.4686403
1.9543868,1.758466,1.7746919,1.4606199
1.9412584,1.7475622,1.7702212,1.4632573
1.9253454,1.7339227,1.7631257,1.463421
1.8904723,1.7001122,1.732805,1.4405451
1.8272182,1.6375735,1.6722795,1.3904516
1.7314782,1.5433536,1.5805115,1.315271
1.6012992,1.4161408,1.4568412,1.216606
1.4415416,1.2611395,1.3060261,1.0994684
1.2635438,1.090156,1.1399994,0.9742643
1.081721,0.918293,0.97540784,0.85491973
0.90939873,0.75868034,0.8232552,0.7475951
0.7539134,0.61841005,0.6897835,0.6550692
0.6117681,0.49295133,0.56852216,0.56982285
0.47203434,0.36922365,0.44081563,0.4727198
0.3137225,0.22308226,0.27668092,0.3353602
0.12591283,0.042988095,0.06816672,0.15240347
-0.061771333,-0.13371527,-0.118766025,-0.0072730626
-0.22351226,-0.27765393,-0.24819636,-0.11027222
-0.34681824,-0.37746388,-0.32192954,-0.1646898
-0.4285651,-0.43212435,-0.34886,-0.18220507
-0.46887314,-0.44373956,-0.3390608,-0.17389219
-0.47348702,-0.42002445,-0.30427343,-0.1501869
-0.45087436,-0.37114674,-0.25482345,-0.11881172
-0.41278654,-0.3105685,-0.20253281,-0.088062964
-0.37226656,-0.2528785,-0.16006848,-0.06729361
-0.3384347,-0.20716181,-0.13141648,-0.0572096
-0.31371894,-0.1750034,-0.115600385,-0.055956762
-0.2980347,-0.15508227,-0.1095432,-0.060455207
-0.29008448,-0.14504348,-0.11039614,-0.06845778
-0.2891476,-0.14366618,-0.11793352,-0.08066506
-0.29225492,-0.14729592,-0.12898238,-0.094992094
-0.30009562,-0.15621026,-0.14328054,-0.110962644
-0.31017563,-0.16747248,-0.15839513,-0.12695143
-0.32276458,-0.18154064,-0.17622313,-0.14538954
-0.33732015,-0.19744371,-0.19437091,-0.16345726
-0.35068592,-0.21160685,-0.20916301,-0.1780395
-0.36499074,-0.22679052,-0.22560051,-0.19443016
-0.37795383,-0.24025829,-0.23935652,-0.20818546
-0.39038113,-0.25310776,-0.25255474,-0.22154616
-0.40314487,-0.26625788,-0.26582202,-0.23475832
-0.41541836,-0.2790098,-0.27916065,-0.24825385
-0.42803353,-0.2923159,-0.29356685,-0.2628307
-0.4398637,-0.30475962,-0.30658966,-0.27594635
-0.45107377,-0.31630176,-0.3173544,-0.28632614
-0.4576775,-0.32261774,-0.32194746,-0.2909845
-0.46208885,-0.32660988,-0.32423264,-0.29355544
-0.46352333,-0.3275899,-0.32378602,-0.29385498
-0.4622272,-0.32611033,-0.32216087,-0.29367808
-0.4604047,-0.32436523,-0.32020736,-0.29292363
-0.4601304,-0.32492155,-0.32191578,-0.29573092
-0.45884946,-0.32463315,-0.32232773,-0.29705417
-0.4602454,-0.3276931,-0.32708725,-0.30237997
-0.46018726,-0.3290532,-0.32868594,-0.30417636
-0.46051344,-0.33080703,-0.33003408,-0.30527303
-0.46260318,-0.3347584,-0.33461773,-0.30956453
-0.46784243,-0.34262535,-0.34457964,-0.3190215
-0.47857878,-0.3568283,-0.3616892,-0.33480975
-0.49254113,-0.37444374,-0.38168055,-0.35276273
-0.5073954,-0.39266476,-0.40106866,-0.36966214
-0.5253169,-0.41375464,-0.42204663,-0.38724968
-0.54332507,-0.43441638,-0.44107345,-0.4024631
-0.5613202,-0.45471853,-0.45924544,-0.41677088
-0.5806667,-0.47624505,-0.47827452,-0.43163505
-0.6024331,-0.50059754,-0.5015387,-0.45082134
0.13695833,0.14036699,0.11844148,0.08123749
-0.015841775,-0.009168028,-0.047929823,-0.028521147
-0.018337088,-0.04223387,-0.12050216,-0.113765165
-0.08862973,-0.1331818,-0.21241397,-0.2226453
-0.15610585,-0.21970189,-0.31254002,-0.34843248
-0.19504151,-0.28285939,-0.38687292,-0.4513595
-0.21333818,-0.32950184,-0.43882772,-0.5295489
-0.22011305,-0.36591867,-0.47743034,-0.58959574
-0.22161877,-0.39530012,-0.5057417,-0.6335436
-0.22048405,-0.41794825,-0.5236853,-0.66167444
-0.21891229,-0.435948,-0.5369755,-0.68178004
-0.2153653,-0.44719422,-0.54267305,-0.6919233
-0.21055992,-0.4526975,-0.5422734,-0.69429374
-0.20451997,-0.4533007,-0.5384046,-0.69264233
-0.19621973,-0.44828922,-0.530096,-0.68649584
-0.19071716,-0.44426712,-0.52587575,-0.6844419
-0.1874065,-0.4404409,-0.52164227,-0.68174464
-0.1813503,-0.43138492,-0.5116558,-0.6734079
-0.17447065,-0.4197841,-0.50069684,-0.6645695
-0.16582352,-0.40449697,-0.48579708,-0.65197426
-0.15496142,-0.38547528,-0.46788502,-0.63676685
-0.1450124,-0.36679736,-0.45236304,-0.6243456
-0.13315548,-0.3449268,-0.43249372,-0.60746914
-0.12126974,-0.32254824,-0.41330275,-0.5914348
-0.11252331,-0.30333635,-0.39766458,-0.57843333
-0.105832554,-0.28663096,-0.38618183,-0.5697521
-0.10616006,-0.27795154,-0.38363197,-0.5690538
-0.10775749,-0.27024224,-0.37987018,-0.56629544
-0.11098274,-0.2636423,-0.37488413,-0.5611557
-0.11313011,-0.25547612,-0.36783195,-0.5540312
-0.113948606,-0.24543144,-0.35781208,-0.54378766
-0.11483496,-0.2354235,-0.34817705,-0.5339568
-0.11373245,-0.22328213,-0.33641833,-0.52230346
-0.113745816,-0.21255386,-0.3259523,-0.51162887
-0.11112317,-0.19909506,-0.3125857,-0.49835414
-0.10979167,-0.1874108,-0.30110213,-0.48654023
-0.109085314,-0.17660125,-0.28946692,-0.47397852
-0.107770324,-0.1655716,-0.27786213,-0.46147585
-0.10654808,-0.15494065,-0.26610467,-0.44851413
-0.104486644,-0.14353964,-0.252313,-0.43303475
-0.10332807,-0.13365118,-0.24041139,-0.41921356
-0.097386904,-0.11860064,-0.22176215,-0.39892045
-0.0889609,-0.10103328,-0.19962417,-0.37508383
-0.079527766,-0.08286292,-0.17686081,-0.35060465
-0.07497574,-0.071365066,-0.16382863,-0.33573487
-0.071458615,-0.06132674,-0.15035608,-0.31941405
-0.06717671,-0.050450023,-0.13395154,-0.29936308
-0.06504322,-0.0420972,-0.11949903,-0.28041556
-0.06738055,-0.03906598,-0.11046269,-0.26587
-0.08144169,-0.050142046,-0.120008,-0.2689466
-0.116051435,-0.08496785,-0.1578167,-0.29758304
-0.17054008,-0.14120238,-0.21539062,-0.3414356
-0.24538921,-0.2187452,-0.2923011,-0.40015486
-0.3391248,-0.31514785,-0.38349366,-0.4686177
-0.44751784,-0.42580718,-0.48484716,-0.5442204
-0.56885093,-0.5486675,-0.5930728,-0.6242132
-0.7029029,-0.6836777,-0.7082342,-0.7090506
-0.8502172,-0.8321448,-0.8330546,-0.8024774
-1.0096174,-0.99273515,-0.9641255,-0.9010275
-1.1730183,-1.1572694,-1.0949864,-1.0008987
-1.337226,-1.3227077,-1.2238235,-1.1014637
-1.4932941,-1.4800406,-1.3440715,-1.1986059
-1.6296172,-1.6163402,-1.4422535,-1.2792636
-1.743726,-1.7290596,-1.5200135,-1.3452913
-1.8333442,-1.8153883,-1.5745765,-1.3922882
-1.9004122,-1.8770529,-1.6085005,-1.421017
-1.9486896,-1.9182793,-1.6279914,-1.4369308
-1.9838034,-1.9452612,-1.6386212,-1.4443396
-2.005497,-1.9579705,-1.6395042,-1.4422226
-2.020686,-1.9642118,-1.6391592,-1.4388874
-2.0293717,-1.9645277,-1.6371454,-1.4344082
-2.0329227,-1.9602307,-1.6324642,-1.4270163
-2.0301216,-1.9498241,-1.6227697,-1.4145818
-2.0216577,-1.934156,-1.6099448,-1.399632
-2.008553,-1.9142659,-1.5940987,-1.3819549
-1.9891338,-1.8883394,-1.5733258,-1.360108
-1.9640007,-1.8568084,-1.5480874,-1.3345004
-1.9325749,-1.8190739,-1.5179944,-1.3050845
-1.8943987,-1.774807,-1.4835541,-1.2729541
-1.8492218,-1.7236367,-1.4440666,-1.2373953
-1.7960173,-1.6643059,-1.3977529,-1.1966465
-1.7339615,-1.5958754,-1.3440056,-1.1503989
-1.6608329,-1.5159004,-1.2803783,-1.0966257
-1.5771286,-1.4250962,-1.2083688,-1.0371507
-1.4840025,-1.3253062,-1.1307186,-0.9750374
-1.38121,-1.2166934,-1.0472828,-0.91024417
-1.2742823,-1.1056504,-0.96350765,-0.84688866
-1.1649469,-0.99400026,-0.878181,-0.7824573
-1.0596421,-0.88921297,-0.7995154,-0.72424805
-0.9605475,-0.79348165,-0.72780913,-0.671537
-0.8719852,-0.71113163,-0.66659236,-0.62681186
-0.7949609,-0.6429499,-0.6175483,-0.5920113
-0.72854173,-0.58682543,-0.57627314,-0.56210256
-0.6703984,-0.53969777,-0.5410352,-0.536367
-0.6180047,-0.49808022,-0.5073978,-0.5105111
-0.57071537,-0.4613154,-0.4768953,-0.48691455
-0.5281229,-0.428796,-0.44886032,-0.46477157
-0.48944166,-0.39971238,-0.42324,-0.44444987
-0.4540142,-0.37351438,-0.40073803,-0.42710158
-0.42477524,-0.35337153,-0.3843197,-0.414879
0.14536233,0.14961334,0.12983243,0.09176645
0.06014654,0.07445067,0.051031046,0.060218927
0.20915942,0.21132873,0.17338,0.15111625
0.34662214,0.35351944,0.3320934,0.27253363
0.50796276,0.5248527,0.48842916,0.38493672
0.6885867,0.71096075,0.6464208,0.4995232
0.8703279,0.8926742,0.80108905,0.61581945
1.0447781,1.0632643,0.952187,0.73509157
1.2072014,1.2190583,1.096516,0.8534792
1.355861,1.3589302,1.2311417,0.9664349
1.4892056,1.4819101,1.3543154,1.0715369
1.6112437,1.5926203,1.469276,1.1707487
1.7220372,1.691397,1.5753462,1.2632104
1.8230009,1.7799395,1.6730884,1.3490897
1.9142795,1.8584605,1.7615199,1.4271401
1.996631,1.9277889,1.8401173,1.4963684
2.0682216,1.9862735,1.9070121,1.5551366
2.1288888,2.0341768,1.9629023,1.6044761
2.1806118,2.0736003,2.009147,1.6452086
2.2237506,2.105163,2.0471005,1.678932
2.2579482,2.1286905,2.07723,1.7063609
2.284579,2.1453245,2.0993507,1.726355
2.2994199,2.1508822,2.1100473,1.7358962
2.29809,2.1408944,2.1042042,1.7297311
2.2801886,2.1154737,2.0829558,1.7100288
2.2435124,2.0723066,2.0436215,1.6745558
2.1874475,2.0106401,1.9849007,1.622447
2.1188934,1.9376671,1.9143747,1.5617948
2.05367,1.8704369,1.8524846,1.5138009
2.0012789,1.8174999,1.8051969,1.4811629
1.9593061,1.774748,1.7645538,1.452713
1.9246238,1.7392471,1.729719,1.4281137
1.8990366,1.7133667,1.7041708,1.4111412
1.8895202,1.7049738,1.6976476,1.4113997
1.9068024,1.7253107,1.7229047,1.4408612
1.937081,1.7578765,1.7592462,1.4778671
1.9651446,1.7860227,1.7866081,1.5019739
1.9805855,1.8002263,1.7986649,1.5100365
1.9752401,1.7935895,1.791161,1.5011325
1.9450458,1.7629417,1.7613101,1.474165
1.8844436,1.7031769,1.7046872,1.4266773
1.7939857,1.6150957,1.621016,1.3588568
1.6696829,1.494559,1.5061331,1.2681779
1.5158523,1.3458332,1.3624694,1.1566547
1.3406465,1.1775542,1.1998703,1.0337446
1.1563666,1.0023373,1.0310177,0.90950793
0.97432137,0.8317119,0.8678095,0.79266614
0.8057186,0.67711025,0.72166437,0.69074476
0.65717,0.54535866,0.59979683,0.60847354
0.53247887,0.4401637,0.5052048,0.5470133
0.42979115,0.35932788,0.4362028,0.5049165
0.35011306,0.30363485,0.39331815,0.48250216
0.28682163,0.26464844,0.364459,0.46813434
0.23550953,0.23739572,0.34559533,0.4594693
0.19340363,0.21835445,0.33301204,0.45368528
0.16041778,0.20736675,0.32762277,0.45253935
0.13397963,0.2013307,0.32620516,0.4535813
0.11337837,0.19938718,0.32832658,0.45687413
0.096382536,0.19878347,0.32982594,0.45834157
0.082104445,0.1987882,0.3311547,0.45904422
0.06744934,0.19597282,0.3279799,0.45509267
0.05505688,0.19416831,0.3279148,0.45482045
0.04553152,0.19406134,0.33094487,0.4578875
0.038257543,0.19486296,0.3349866,0.46190122
0.03505666,0.19872315,0.34275302,0.46917877
0.033015136,0.20217852,0.34827495,0.47354257
0.031543992,0.20457211,0.35027203,0.47349328
0.031358756,0.2070774,0.35120362,0.47180873
0.034664966,0.21269873,0.3563918,0.4741437
0.04272783,0.22343053,0.37085745,0.48639864
0.056728195,0.23975067,0.39119005,0.5035696
0.07374316,0.25867978,0.41592485,0.52534926
0.090271845,0.27554235,0.43577266,0.5414555
0.105878286,0.28983554,0.44923663,0.5502067
0.11998398,0.30191284,0.46066305,0.55750245
0.13352191,0.31309894,0.47172317,0.5649826
0.1458211,0.32291648,0.48257095,0.5731497
0.1570906,0.33119202,0.49066696,0.57850033
0.16574141,0.33630624,0.4945848,0.5799574
0.17476268,0.34199357,0.49998197,0.5831703
0.18330291,0.34710592,0.50442255,0.58536357
0.18992057,0.34992316,0.5049077,0.58351374
0.19484831,0.35031056,0.49959776,0.5750082
0.20059454,0.35140955,0.49375415,0.5652548
0.20781639,0.35448837,0.49180254,0.55971897
0.21728463,0.35984343,0.49161398,0.55524665
0.23079768,0.3695177,0.4966824,0.5553357
0.25092155,0.38617718,0.51034456,0.5629132
0.27903074,0.41032326,0.52914107,0.572829
0.3175535,0.44556212,0.5634775,0.5974006
0.37376034,0.4996326,0.62310857,0.6456642
0.4401303,0.56289095,0.6930101,0.70231026
0.5067518,0.62309027,0.7532423,0.74690443
0.57142603,0.67842466,0.8033456,0.78002715
0.62902987,0.7241319,0.83815974,0.79764926
0.6809572,0.7636852,0.8670823,0.8110932
0.72878474,0.79913336,0.8924358,0.8223232
0.7777451,0.8365368,0.92247933,0.8391955
0.82774776,0.8755383,0.95696926,0.86128455
0.8779459,0.9144602,0.9907913,0.8823516
0.14221856,0.14606842,0.125235,0.087420054
0.029440638,0.04021325,0.009313687,0.022231145
0.0975453,0.08616413,0.026661294,0.01854224
0.08947877,0.06528397,0.0063095004,-0.022160433
0.062296797,0.024845544,-0.060183533,-0.11341198
0.03174076,-0.027213026,-0.14266476,-0.21948275
0.0012696075,-0.0856922,-0.22305147,-0.31916443
-0.021214137,-0.1375684,-0.28348586,-0.3933353
-0.034079242,-0.17782655,-0.3227128,-0.44142136
-0.040159535,-0.20808409,-0.34855586,-0.47303724
-0.038372677,-0.22594693,-0.3599487,-0.48849487
-0.030781157,-0.23339161,-0.3606886,-0.49229524
-0.018607473,-0.23201527,-0.35359636,-0.4880375
0.0001071025,-0.21943726,-0.3343549,-0.47132868
0.03095606,-0.18927139,-0.295633,-0.43557853
0.07367137,-0.14278585,-0.2420378,-0.3864507
0.13768172,-0.06874974,-0.15711749,-0.30756345
0.22584583,0.034235638,-0.045663644,-0.20615913
0.3370889,0.1636709,0.08884851,-0.086472064
0.46561894,0.31156164,0.23837492,0.043920867
0.5991008,0.462133,0.38501522,0.16780955
0.7311537,0.60795534,0.52491575,0.28335217
0.85365146,0.7397395,0.64946336,0.3835807
0.9461818,0.8349109,0.7337854,0.44631782
1.0001187,0.8857008,0.7729675,0.4697153
0.99656856,0.87129354,0.73897904,0.42750165
0.9354617,0.7944706,0.64103276,0.3329461
0.84355855,0.687827,0.52337635,0.2309808
0.7455351,0.5788817,0.41354477,0.14377241
0.6476504,0.4728186,0.30877745,0.06290772
0.5558751,0.37558064,0.21325797,-0.01066326
0.47704855,0.29527685,0.13723256,-0.067792006
0.40813038,0.2279142,0.072863445,-0.117057584
0.34428874,0.16787936,0.013827686,-0.16414541
0.28799176,0.11817009,-0.034174643,-0.20264816
0.23418327,0.07235728,-0.08032777,-0.24133903
0.18023697,0.027550172,-0.12549593,-0.27978668
0.12851164,-0.01382325,-0.16642062,-0.31468564
0.07928216,-0.051425084,-0.20169176,-0.34408215
0.032865535,-0.08526028,-0.23183332,-0.36864647
-0.010135622,-0.115073875,-0.2573564,-0.38917616
-0.049666297,-0.1410485,-0.27841803,-0.405723
-0.08731186,-0.165319,-0.29807627,-0.42122293
-0.12411168,-0.18927398,-0.3180695,-0.43730116
-0.16074407,-0.21346742,-0.33734533,-0.45216078
-0.19538578,-0.23602839,-0.35470065,-0.46515936
-0.22885188,-0.2579126,-0.3713745,-0.4774027
-0.26184794,-0.27989084,-0.3877653,-0.48908028
-0.29524174,-0.3030204,-0.40547377,-0.50172836
-0.32785556,-0.32572624,-0.4215842,-0.5122621
-0.35920468,-0.34751126,-0.4362334,-0.52111566
-0.39090723,-0.37027606,-0.45210335,-0.53088915
-0.42315555,-0.39423245,-0.46901166,-0.54121405
-0.45680586,-0.42029023,-0.4878772,-0.55296314
-0.49090233,-0.4469793,-0.50561553,-0.5626728
-0.5265556,-0.47608906,-0.52725244,-0.5762185
-0.5672436,-0.51118606,-0.5543784,-0.59404093
-0.61255896,-0.5516725,-0.5859313,-0.6149816
-0.6641711,-0.5995271,-0.62494713,-0.6423246
-0.7232451,-0.6556167,-0.6703658,-0.67420465
-0.79298383,-0.72353715,-0.7263521,-0.71457833
-0.87212956,-0.8017463,-0.7903977,-0.7611506
-0.96593165,-0.89618874,-0.86909103,-0.82007843
-1.074412,-1.006645,-0.96004105,-0.8887912
-1.1963809,-1.1320478,-1.0629152,-0.9680068
-1.3299474,-1.2701552,-1.1741875,-1.0548133
-1.4683735,-1.4137785,-1.28756,-1.1448574
-1.6042006,-1.5548865,-1.396227,-1.233086
-1.7289438,-1.6841092,-1.4918282,-1.3121781
-1.8351914,-1.793298,-1.568569,-1.3769882
-1.9208672,-1.8798198,-1.6249973,-1.4250442
-1.9860504,-1.9438057,-1.6637651,-1.4585118
-2.0339863,-1.988629,-1.6882114,-1.4791771
-2.0677722,-2.017736,-1.7017537,-1.489638
-2.0889878,-2.0331721,-1.706649,-1.4920838
-2.1009786,-2.0385752,-1.7052578,-1.4881643
-2.1041253,-2.0345883,-1.6975836,-1.4779614
-2.100163,-2.0232105,-1.6852365,-1.4630815
-2.0909183,-2.0069177,-1.6714437,-1.4474552
-2.0763807,-1.9857785,-1.6549995,-1.4297945
-2.0569727,-1.9600924,-1.6350356,-1.4088767
-2.0329254,-1.9301126,-1.6121022,-1.3856598
-2.002112,-1.8934171,-1.5833582,-1.35751
-1.9666305,-1.8522265,-1.5514581,-1.327047
-1.9252034,-1.8053312,-1.5154442,-1.293915
-1.8782518,-1.7531508,-1.4757458,-1.2585238
-1.8221023,-1.6915822,-1.428004,-1.217073
-1.7559168,-1.6192594,-1.3702527,-1.1673428
-1.6805513,-1.537292,-1.304684,-1.1118691
-1.5927162,-1.4425026,-1.2290426,-1.0495492
-1.4959003,-1.3388166,-1.1465825,-0.98273027
-1.3902645,-1.2271926,-1.0594207,-0.9142947
-1.2762332,-1.1080694,-0.96523446,-0.8408298
-1.1614903,-0.99049705,-0.8739555,-0.77130836
-1.049233,-0.87818354,-0.7869079,-0.7057087
-0.9436612,-0.7757564,-0.7082254,-0.6472411
-0.84730273,-0.6855432,-0.6393821,-0.5966736
-0.7628761,-0.61002916,-0.58282197,-0.55594915
-0.69032264,-0.5484533,-0.5374924,-0.52393764
-0.62612706,-0.49573234,-0.4959684,-0.4931257
0.14642344,0.15071563,0.13105522,0.09282291
0.050029315,0.06284749,0.036323838,0.046508156
0.14246957,0.1357127,0.08321018,0.069262214
0.1453922,0.12602901,0.06988763,0.03489705
0.10358236,0.06738395,-0.026158748,-0.08365815
0.05590839,-0.0039326693,-0.13036287,-0.20747514
0.014665795,-0.07323743,-0.21722668,-0.3101553
-0.016195739,-0.13377772,-0.28480628,-0.39001596
-0.038907163,-0.18535583,-0.3361336,-0.44977483
-0.05168555,-0.2235319,-0.36876372,-0.48809013
-0.057414494,-0.25021344,-0.38770416,-0.51083815
-0.05429771,-0.2626364,-0.39095637,-0.51704973
-0.044402402,-0.2633751,-0.3832279,-0.51206696
-0.026714616,-0.25159615,-0.363907,-0.49588388
0.0004888401,-0.22539979,-0.32967654,-0.46512023
0.031218586,-0.19336109,-0.29503307,-0.43545774
0.064425044,-0.15702415,-0.25914636,-0.40558568
0.10221549,-0.113706484,-0.21558858,-0.36819032
0.13583748,-0.07427753,-0.17870645,-0.33735436
0.16750129,-0.036617253,-0.14527158,-0.31027526
0.19781314,0.0005750455,-0.1101961,-0.2806652
0.23843715,0.05119011,-0.056448013,-0.23242873
0.2951224,0.12110564,0.019179404,-0.16419761
0.3580009,0.19723064,0.09628993,-0.09736623
0.42397523,0.27582324,0.1738506,-0.031783327
0.48967025,0.3528446,0.24881136,0.03049431
0.5518461,0.42460656,0.3174863,0.08646013
0.60994095,0.49083534,0.38150832,0.13859576
0.6726381,0.5621567,0.4560698,0.2021428
0.74284744,0.641205,0.5411683,0.27583763
0.8234651,0.7305963,0.6383006,0.359909
0.9218439,0.83822346,0.7577213,0.4642557
1.0399158,0.9651318,0.8996477,0.5885893
1.1697727,1.1007257,1.0480381,0.7161101
1.293912,1.2252564,1.1804903,0.8261376
1.3943764,1.3206499,1.2798737,0.90483797
1.4648174,1.3830152,1.3470768,0.95675236
1.5027966,1.4118857,1.3827875,0.98426586
1.5040239,1.4042308,1.3842764,0.9857926
1.4638894,1.3559622,1.3464077,0.95691645
1.3813769,1.2665431,1.2680447,0.89714986
1.2572763,1.1372426,1.1510278,0.8094953
1.1006218,0.9776686,1.0046353,0.70233846
0.9225937,0.799935,0.84324986,0.5887223
0.7428338,0.62498474,0.6890651,0.48649228
0.5785829,0.47073323,0.56007284,0.40848082
0.43934482,0.34626186,0.46266806,0.3566468
0.32531506,0.25037408,0.39200023,0.32402915
0.23636785,0.1819275,0.34489986,0.30660132
0.16764617,0.1344808,0.31263646,0.29608396
0.113047466,0.10073869,0.2878854,0.28699675
0.0647963,0.071565546,0.26131496,0.2720692
0.012997363,0.035670187,0.22072694,0.24111784
-0.047050986,-0.01162901,0.16439831,0.19460092
-0.11545407,-0.069711134,0.09639631,0.13786452
-0.18896174,-0.1341142,0.025038423,0.079685114
-0.26372153,-0.20045184,-0.045105025,0.023602884
-0.3287867,-0.25508496,-0.09313614,-0.009388881
-0.38229993,-0.29728666,-0.12609772,-0.029329441
-0.4192863,-0.32154915,-0.13787417,-0.030885544
-0.43965986,-0.32846907,-0.1319046,-0.01807753
-0.45234263,-0.330455,-0.132293,-0.017225733
-0.46063003,-0.33203423,-0.14489652,-0.034264553
-0.46049064,-0.3276818,-0.15834278,-0.056631655
-0.44573337,-0.3096552,-0.16167216,-0.07337902
-0.4105239,-0.2700389,-0.14055629,-0.06881118
-0.36347505,-0.21899238,-0.107849814,-0.054316144
-0.31494486,-0.16848406,-0.07601111,-0.040095795
-0.27713948,-0.13252367,-0.061188545,-0.040416047
-0.25483835,-0.11520559,-0.06418272,-0.05408704
-0.24637409,-0.113358445,-0.079295225,-0.07528354
-0.24847665,-0.122435376,-0.101389,-0.09972503
-0.25843957,-0.13924706,-0.1285216,-0.12683107
-0.2724968,-0.15939252,-0.15592891,-0.15278372
-0.2900777,-0.18244785,-0.18475863,-0.17943631
-0.30792004,-0.20484504,-0.21141396,-0.20393685
-0.32519624,-0.22582982,-0.23571028,-0.22640876
-0.34268123,-0.24600379,-0.2568124,-0.24518184
-0.35817003,-0.26348963,-0.27515706,-0.26191428
-0.3707535,-0.2773608,-0.28946045,-0.2752611
-0.38122967,-0.28865883,-0.3010379,-0.28638768
-0.3902491,-0.2981764,-0.31065184,-0.2957535
-0.39748245,-0.30578274,-0.31883752,-0.3041857
-0.40364763,-0.3122726,-0.32606095,-0.31181663
-0.40938628,-0.31823304,-0.33219513,-0.3181616
-0.41226596,-0.32114315,-0.3353278,-0.3219396
-0.41410965,-0.32292432,-0.33705226,-0.32425323
-0.41283843,-0.32132575,-0.33483115,-0.3228873
-0.40890393,-0.3170372,-0.3302606,-0.31961912
-0.40696117,-0.31541836,-0.32975644,-0.32029897
-0.40464902,-0.3138396,-0.32985908,-0.32166615
-0.4044525,-0.3148976,-0.33306998,-0.3257389
-0.4071653,-0.31947508,-0.34073523,-0.33390266
-0.41202492,-0.32645178,-0.3503742,-0.34342736
-0.41669744,-0.33268577,-0.35656154,-0.348575
-0.42059737,-0.33799675,-0.36223742,-0.35354388
-0.42448547,-0.34322387,-0.36745667,-0.35795158
-0.43047068,-0.35114005,-0.37717575,-0.3669808
-0.4382807,-0.36098093,-0.38802227,-0.37652248
-0.44628698,-0.37085313,-0.39823383,-0.38515872
0.14925517,0.15395328,0.135326,0.09694807
0.07000779,0.085223004,0.063702784,0.07166183
0.2081989,0.2093753,0.16931073,0.14730139
0.28591827,0.2832184,0.24657731,0.19501357
0.32657003,0.31825042,0.24949722,0.16895673
0.35110238,0.33072498,0.22496435,0.12103575
0.37587157,0.3409007,0.2119142,0.09123242
0.41643167,0.3684743,0.23107243,0.09859408
0.4889089,0.43338305,0.30019292,0.1580085
0.5918963,0.5332258,0.4057846,0.25218537
0.7143908,0.6545825,0.52835715,0.35997775
0.83168775,0.7685921,0.63557756,0.4504836
0.93261427,0.8638936,0.72249585,0.5219636
1.0104253,0.933845,0.7854098,0.573003
1.0564188,0.9690377,0.8130599,0.5933653
1.0709699,0.9706645,0.80812705,0.58666366
1.0516347,0.93527764,0.7627605,0.5443734
0.9935157,0.85755694,0.6714751,0.46239093
0.9157644,0.7603081,0.56535614,0.37146956
0.8319828,0.65875375,0.46057376,0.28547007
0.7514925,0.56289375,0.3644661,0.20807098
0.68659186,0.4866693,0.29130676,0.15044425
0.63830215,0.43135658,0.24116635,0.111854084
0.6020913,0.39116654,0.20344357,0.080770165
0.5695019,0.35607234,0.1658176,0.045725964
0.5342568,0.31935224,0.123826146,0.0044656475
0.4961391,0.28120375,0.08008334,-0.039122194
0.46013734,0.24813977,0.04582868,-0.07279196
0.43180335,0.22652678,0.028155668,-0.08984279
0.4190522,0.22479203,0.03444064,-0.08465661
0.4188494,0.23831941,0.056243002,-0.066222645
0.42548752,0.25949836,0.08297322,-0.045183785
0.4306196,0.27800333,0.102277026,-0.032958273
0.42599422,0.28444278,0.10519903,-0.036737498
0.4076027,0.2745701,0.08878468,-0.058050208
0.37269035,0.24615572,0.053934272,-0.09426728
0.32688025,0.20639075,0.010944901,-0.13517731
0.27535328,0.16131549,-0.034011103,-0.17560054
0.22437704,0.11827471,-0.07230249,-0.2078942
0.17723756,0.08054092,-0.102678746,-0.23218243
0.13731125,0.051562887,-0.1226557,-0.24705239
0.104353696,0.030878294,-0.13293548,-0.2530535
0.07506286,0.013674045,-0.14266121,-0.2600978
0.047248945,-0.0023718171,-0.15217295,-0.2673507
0.024948081,-0.012564484,-0.15489198,-0.26824123
0.008509784,-0.016299313,-0.14927056,-0.2607754
-0.0035588362,-0.015714465,-0.13922817,-0.24908619
-0.008054537,-0.007467679,-0.12112482,-0.2301329
-0.013882781,-0.0019071432,-0.10740843,-0.21523535
-0.020609172,0.0012404813,-0.09828698,-0.20496823
-0.030862378,-0.00042782092,-0.093653455,-0.19778991
-0.04636349,-0.008665181,-0.09602602,-0.19625887
-0.077129655,-0.03503755,-0.120526984,-0.2147498
-0.12573715,-0.08192415,-0.16791563,-0.25328717
-0.18671665,-0.14148913,-0.22309507,-0.29545665
-0.2541896,-0.20607835,-0.2758298,-0.3314504
-0.32935682,-0.2774732,-0.33123288,-0.36734393
-0.41201836,-0.35539964,-0.38800788,-0.40166226
-0.5114716,-0.45126906,-0.4627588,-0.4510258
-0.63610774,-0.5753195,-0.5685858,-0.5285477
-0.78900427,-0.73123556,-0.70786726,-0.63684595
-0.96067774,-0.9076496,-0.8630324,-0.75965065
-1.1302627,-1.0802691,-1.0039432,-0.86945736
-1.2840948,-1.2350876,-1.1239282,-0.9643955
-1.4148034,-1.3643876,-1.2169541,-1.0388718
-1.5215875,-1.4681733,-1.2880554,-1.0981225
-1.6110781,-1.5544297,-1.3482476,-1.1517996
-1.6876824,-1.6278123,-1.3995157,-1.1992344
-1.751121,-1.687285,-1.4378299,-1.2343532
-1.8044106,-1.7360505,-1.4682482,-1.262044
-1.8487966,-1.7753762,-1.490987,-1.2817538
-1.8822638,-1.8028064,-1.5026729,-1.2898169
-1.9071156,-1.8212267,-1.5092224,-1.2932088
-1.9215091,-1.8286737,-1.5074376,-1.2886044
-1.9268881,-1.8265707,-1.4986155,-1.2770144
-1.9227086,-1.8143773,-1.4822141,-1.2581922
-1.9099388,-1.7933899,-1.460364,-1.234697
-1.8935344,-1.7695336,-1.4400702,-1.2137387
-1.870479,-1.7395653,-1.4157038,-1.189679
-1.842234,-1.7047731,-1.3879524,-1.1628207
-1.8074365,-1.6635946,-1.355198,-1.132074
-1.7690449,-1.6196694,-1.3227516,-1.103148
-1.7261596,-1.5722755,-1.2894751,-1.0753464
-1.6775692,-1.5200758,-1.2539428,-1.047578
-1.6184198,-1.456674,-1.2058725,-1.0086792
-1.5469195,-1.38008,-1.1458623,-0.9604224
-1.4632419,-1.2904592,-1.0737851,-0.90243876
-1.3678128,-1.1888113,-0.9914905,-0.83679265
-1.2626634,-1.077917,-0.9018672,-0.7662794
-1.1516104,-0.9626654,-0.8096552,-0.6949993
-1.0389937,-0.8483299,-0.7194712,-0.6266971
-0.9287446,-0.7390264,-0.6327451,-0.56115276
-0.8237115,-0.6377395,-0.55196387,-0.50024724
-0.7216301,-0.54095393,-0.47025174,-0.43654734
-0.6266762,-0.45340416,-0.3957328,-0.3786383
-0.5361473,-0.37138402,-0.3225622,-0.3204854
-0.4494627,-0.2943332,-0.2527886,-0.26527134
-0.36698222,-0.2222121,-0.18598413,-0.21225241
-0.2898023,-0.15625125,-0.124812156,-0.16430305
-0.22524881,-0.10514394,-0.083093956,-0.13523407
0.13944632,0.14300752,0.121446915,0.083891064
0.012666978,0.02213196,-0.010979282,0.0045530642
0.06733668,0.053910762,-0.006884142,-0.010089458
0.07237865,0.04939174,-0.0025090673,-0.027603477
0.088167965,0.060410544,-0.0024790296,-0.055935632
0.1351099,0.100040264,0.02056823,-0.062975794
0.20192868,0.15642652,0.06045579,-0.050561782
0.28689188,0.23135449,0.124033496,-0.009671431
0.39175156,0.3298437,0.21867645,0.06698606
0.51894486,0.4554296,0.3445657,0.17674138
0.65696615,0.5935104,0.47923803,0.29436296
0.7994384,0.7365414,0.6176626,0.4147649
0.93282646,0.8685894,0.74353766,0.52257675
1.0434151,0.97426695,0.84111553,0.60356325
1.108833,1.0287526,0.8825613,0.6326424
1.1131707,1.015858,0.85309184,0.59917915
1.0610725,0.9422492,0.7634034,0.51653093
0.97881156,0.8384681,0.65080124,0.42091018
0.88376284,0.7230616,0.5318461,0.3246013
0.79613614,0.6184506,0.42971674,0.24582675
0.7253567,0.53456986,0.35144392,0.18774845
0.67197,0.4718379,0.2945112,0.14602329
0.6361066,0.4304456,0.25760448,0.11860713
0.6149955,0.40744427,0.23763774,0.10315425
0.6080299,0.40247422,0.23579961,0.101827666
0.616807,0.41747904,0.25587648,0.11920165
0.6418235,0.4522556,0.29625717,0.15348396
0.68412745,0.50718707,0.35702717,0.20450015
0.74237794,0.58008766,0.4366838,0.2714324
0.8120811,0.66435057,0.5252249,0.34385952
0.89144474,0.7579551,0.62411946,0.4247988
0.9655071,0.84256154,0.70860463,0.48993468
1.0185815,0.90124005,0.7615715,0.52495235
1.0336896,0.9161874,0.7643567,0.51457214
1.0088434,0.8874822,0.72081244,0.46547455
0.9588323,0.8344382,0.66136575,0.4104388
0.9025149,0.7780199,0.6074623,0.367397
0.85133165,0.7297235,0.56711,0.33994648
0.80325997,0.6853768,0.52883404,0.31335768
0.7524666,0.6379122,0.48287758,0.27758142
0.70826364,0.59929293,0.4500343,0.2547909
0.6627826,0.5592716,0.4118055,0.22527178
0.60666484,0.50743777,0.35629457,0.17826393
0.53904516,0.4434989,0.28711277,0.11909642
0.46938235,0.37921745,0.22233021,0.06630247
0.40048462,0.31751475,0.16369493,0.0206332
0.33821657,0.26477662,0.118587494,-0.011614902
0.2806169,0.21747741,0.07833949,-0.040594194
0.23202279,0.1806461,0.05060384,-0.058594182
0.18603192,0.14635354,0.024149807,-0.07645455
0.1451763,0.11756403,0.003636145,-0.08936054
0.10842155,0.093087114,-0.011278824,-0.09696891
0.07295794,0.06947828,-0.025842935,-0.104461074
0.033610407,0.04079951,-0.046557683,-0.11745345
-0.013711694,0.0020350455,-0.080821104,-0.14343923
-0.073088795,-0.05032985,-0.12794963,-0.1795227
-0.14720064,-0.119365275,-0.19295435,-0.23106693
-0.23941714,-0.20814417,-0.27640426,-0.29741606
-0.34961146,-0.31604868,-0.3757014,-0.37581962
-0.47701776,-0.44203636,-0.4890787,-0.46511027
-0.62108296,-0.5854361,-0.6148799,-0.5641529
-0.77813065,-0.7421627,-0.74741334,-0.6682085
-0.94272375,-0.90613514,-0.8794207,-0.771009
-1.1101341,-1.0730674,-1.0102445,-0.87439686
-1.2778194,-1.2411764,-1.140945,-0.9811872
-1.435558,-1.3994467,-1.2599655,-1.0810622
-1.5734462,-1.5367993,-1.3573629,-1.1647232
-1.6888549,-1.6501787,-1.4329715,-1.2315357
-1.7812126,-1.7387918,-1.4874878,-1.280917
-1.853634,-1.8060312,-1.5261991,-1.3169134
-1.9093546,-1.8553743,-1.5524287,-1.341472
-1.9515624,-1.8904203,-1.5699761,-1.3578625
-1.9830902,-1.9143771,-1.581398,-1.3680799
-2.0056784,-1.929028,-1.5866585,-1.3714496
-2.0192106,-1.9343979,-1.5857017,-1.368361
-2.024697,-1.9319195,-1.5810575,-1.3621686
-2.0235038,-1.9229006,-1.5717888,-1.3511546
-2.0147367,-1.9064265,-1.5572149,-1.3352433
-1.9975845,-1.881465,-1.5358702,-1.313109
-1.9730049,-1.8490403,-1.5091141,-1.2863363
-1.93999,-1.8079743,-1.475146,-1.2532043
-1.8994585,-1.7596911,-1.437601,-1.2184368
-1.8514758,-1.7042357,-1.3951988,-1.1804571
-1.7945417,-1.6398935,-1.3458327,-1.1374222
-1.727237,-1.5648891,-1.2872579,-1.0871567
-1.6489309,-1.4788306,-1.2206948,-1.0318707
-1.5610323,-1.3834136,-1.1471158,-0.97205675
-1.4636915,-1.2789079,-1.065576,-0.90642637
-1.3595966,-1.1691911,-0.9824734,-0.84210086
-1.2502903,-1.0559869,-0.896396,-0.77634144
-1.1416276,-0.9459437,-0.813421,-0.713936
-1.0361724,-0.84188056,-0.7349817,-0.655531
-0.9382168,-0.7482572,-0.6646808,-0.60350865
-0.8521464,-0.66978294,-0.60794914,-0.5628758
-0.7733266,-0.60039264,-0.5567455,-0.52592355
-0.70164585,-0.53863436,-0.5071449,-0.48781937
-0.63707453,-0.48469117,-0.4636781,-0.45468342
-0.57746845,-0.43589854,-0.42300326,-0.42328218
-0.5248882,-0.39443228,-0.38849244,-0.3968558
-0.4789241,-0.35965076,-0.35982585,-0.37519383
0.14134741,0.1452847,0.12471184,0.08716443
0.018447537,0.02892063,-0.0016212866,0.013696614
0.07671951,0.064746246,0.006793024,0.003191268
0.06581365,0.04101441,-0.0155496,-0.03969268
0.034894742,-0.003833231,-0.08658375,-0.13608566
0.0045278706,-0.056150526,-0.16870849,-0.24286613
-0.02205988,-0.11030743,-0.24195166,-0.33618295
-0.04076083,-0.1583159,-0.2989267,-0.40818146
-0.055593576,-0.2016854,-0.3442052,-0.46331614
-0.069264345,-0.24174704,-0.38281992,-0.5080255
-0.081555404,-0.27708888,-0.41468197,-0.54358673
-0.09236091,-0.3068252,-0.4388659,-0.5697393
-0.09718883,-0.32561457,-0.45037597,-0.582794
-0.09931236,-0.33766145,-0.45608187,-0.590061
-0.098634824,-0.34322622,-0.4561939,-0.5920664
-0.09769633,-0.34595418,-0.4558593,-0.5940996
-0.0928823,-0.3415155,-0.44784173,-0.5887398
-0.07943109,-0.32431787,-0.4251664,-0.5691292
-0.06183762,-0.30043805,-0.39812204,-0.54602486
-0.04055123,-0.2710043,-0.36739513,-0.5201093
-0.018729828,-0.24015108,-0.33741626,-0.4954294
0.0039001124,-0.20780203,-0.30728573,-0.47092992
0.02978779,-0.17089203,-0.27138066,-0.44065303
0.061591223,-0.12647606,-0.22657026,-0.40172732
0.096025944,-0.078964084,-0.17952645,-0.36105612
0.12929398,-0.03357001,-0.13792111,-0.3266599
0.14930469,-0.0047027273,-0.118137315,-0.31342494
0.15119529,0.002486524,-0.122901626,-0.3225366
0.14017862,-0.0043893317,-0.1376053,-0.33788717
0.121286914,-0.01939604,-0.15801716,-0.3566103
0.09594315,-0.04045152,-0.18134186,-0.37614444
0.072711654,-0.057801627,-0.1976131,-0.3882063
0.052289087,-0.07072367,-0.20708834,-0.3934256
0.034506455,-0.080194816,-0.21414365,-0.3972502
0.01865845,-0.08701011,-0.21824233,-0.39858922
0.0063173473,-0.08955427,-0.2179019,-0.3961113
-0.003310982,-0.089059204,-0.2151812,-0.39193353
-0.01153262,-0.08691963,-0.21039602,-0.38566685
-0.021359548,-0.0870193,-0.20914467,-0.38285005
-0.029205473,-0.085029356,-0.20478961,-0.37678596
-0.04034844,-0.087311015,-0.20603743,-0.37587348
-0.052824996,-0.091447845,-0.20894817,-0.37622294
-0.06403896,-0.09428561,-0.2092692,-0.37352318
-0.07425837,-0.0958434,-0.20616029,-0.36662304
-0.08574718,-0.09947879,-0.20706226,-0.36395103
-0.10443189,-0.11207847,-0.2195281,-0.37221918
-0.12599155,-0.1280256,-0.2339802,-0.38132522
-0.15319106,-0.15024371,-0.25415364,-0.39473522
-0.17938477,-0.1705732,-0.2686293,-0.40133932
-0.20338969,-0.1877784,-0.27718985,-0.40142322
-0.22355576,-0.20015118,-0.27870882,-0.39433312
-0.24317844,-0.21221668,-0.28113458,-0.38845196
-0.2670589,-0.22938581,-0.28941184,-0.3875948
-0.3001522,-0.2576006,-0.31158426,-0.39953732
-0.34631887,-0.30032116,-0.34739107,-0.4220627
-0.40159458,-0.35174116,-0.38580072,-0.44318107
-0.47329602,-0.42063028,-0.4409045,-0.47739193
-0.5620166,-0.50669813,-0.5073569,-0.5178017
-0.6750306,-0.61906534,-0.6000286,-0.58022887
-0.81043845,-0.75566703,-0.7156583,-0.6624624
-0.9617006,-0.91009974,-0.85033375,-0.76419485
-1.1141946,-1.065647,-0.9829331,-0.86659765
-1.2575917,-1.2114255,-1.1049621,-0.9642777
-1.3767942,-1.3299228,-1.1944052,-1.0348231
-1.4694653,-1.4186157,-1.2527589,-1.0793645
-1.5362098,-1.4782695,-1.2831436,-1.0997596
-1.5807838,-1.5131326,-1.2914186,-1.1003399
-1.6121154,-1.5343541,-1.294423,-1.0984327
-1.6354014,-1.5480906,-1.2958323,-1.096173
-1.6546237,-1.5590203,-1.2993373,-1.0965838
-1.6695964,-1.5662562,-1.2997255,-1.0931541
-1.6795297,-1.5688595,-1.2965807,-1.0860354
-1.6799397,-1.5609536,-1.2805684,-1.0651677
-1.6727532,-1.5450779,-1.2587501,-1.0390888
-1.6611041,-1.5251716,-1.2357627,-1.0125809
-1.647901,-1.5053242,-1.2176282,-0.9924727
-1.6343377,-1.486791,-1.2034388,-0.9771151
-1.6224551,-1.4722476,-1.1971157,-0.9711047
-1.6154764,-1.4651943,-1.200736,-0.97587717
-1.6132125,-1.4652675,-1.2125642,-0.9896244
-1.6113063,-1.466455,-1.2221998,-1.000935
-1.6063846,-1.4646281,-1.2273953,-1.008871
-1.5889044,-1.4481088,-1.2135926,-0.998815
-1.5550911,-1.4121482,-1.1782581,-0.9688538
-1.5052286,-1.3581817,-1.1293148,-0.9291755
-1.4372149,-1.2842662,-1.0639815,-0.87679005
-1.3493243,-1.1889331,-0.9815459,-0.81154287
-1.2481201,-1.0804715,-0.89224845,-0.74342406
-1.1348515,-0.96085757,-0.7953281,-0.67051864
-1.0179025,-0.83966273,-0.69783634,-0.5974881
-0.9025444,-0.7231349,-0.60516584,-0.5287201
-0.79508483,-0.6185272,-0.52459913,-0.47059143
-0.6979254,-0.52742255,-0.45380485,-0.41900828
-0.6143343,-0.4532194,-0.39891887,-0.3807278
-0.5457921,-0.3967785,-0.3607495,-0.3563561
-0.48899364,-0.35283098,-0.33001113,-0.3359356
-0.43795267,-0.31401467,-0.2996889,-0.31389144
-0.39106706,-0.2780849,-0.26755315,-0.2883417
-0.34474266,-0.24172159,-0.23377535,-0.26133054
-0.3005604,-0.20699167,-0.20144062,-0.23579302
0.14840864,0.15288773,0.13363013,0.095185235
0.0633076,0.07751488,0.053715665,0.06220507
0.18922102,0.18802528,0.14436235,0.12450052
0.2593119,0.25411645,0.21611239,0.16775279
0.3106408,0.30264235,0.24000655,0.16177613
0.35809052,0.3418616,0.24778216,0.1432392
0.39917094,0.36966145,0.24842504,0.123509936
0.42100728,0.37300655,0.22800274,0.09041128
0.41245654,0.3398747,0.17084058,0.028119141
0.3724823,0.27045637,0.08023979,-0.06022113
0.31620312,0.18386537,-0.017959291,-0.15053305
0.26003137,0.100587405,-0.099689364,-0.22114843
0.21013196,0.026818758,-0.16783343,-0.2794691
0.16942699,-0.03360017,-0.21948783,-0.32358912
0.13825421,-0.08071981,-0.25908607,-0.3592359
0.114683665,-0.11633076,-0.28783986,-0.38676578
0.097057186,-0.1425092,-0.30912805,-0.40935597
0.08692765,-0.1567659,-0.31682584,-0.41953984
0.087304935,-0.15576231,-0.30796137,-0.41445577
0.10107499,-0.1363987,-0.27960703,-0.39140385
0.12469662,-0.10391298,-0.2406617,-0.35969496
0.15631613,-0.0611043,-0.19373365,-0.32167527
0.19618557,-0.007918215,-0.13683495,-0.2747693
0.25267017,0.065420635,-0.05630158,-0.20531914
0.32837942,0.16096486,0.047987644,-0.11433731
0.41735706,0.26966652,0.16044335,-0.019073088
0.5095379,0.37932912,0.269645,0.07067497
0.5874695,0.46938965,0.35256365,0.13413212
0.6429674,0.53159,0.4043958,0.1691647
0.67497987,0.5668242,0.4319049,0.18551207
0.7037132,0.5998914,0.46743822,0.21480374
0.74065447,0.6433672,0.52119863,0.26438975
0.7929051,0.7039624,0.5959608,0.33362263
0.87666994,0.79874223,0.71024126,0.43833348
0.9866145,0.9194736,0.8504539,0.5639336
1.1068895,1.046626,0.991153,0.68509454
1.2216194,1.1624697,1.1133322,0.78495646
1.3168802,1.2542769,1.2103006,0.8621393
1.3853295,1.316275,1.2777247,0.9148462
1.421326,1.3443133,1.3119502,0.9409407
1.4195627,1.3343375,1.3093811,0.93831444
1.3783811,1.2854972,1.2681223,0.9054859
1.2942333,1.1950941,1.187239,0.8436616
1.1690313,1.0652072,1.0673553,0.7534483
1.011083,0.9047195,0.9175602,0.64309597
0.83148706,0.7256126,0.7518677,0.5250294
0.64954835,0.54851574,0.59268,0.41733438
0.48027903,0.3890213,0.45597675,0.331419
0.3334822,0.25647706,0.34784815,0.2687987
0.21414375,0.15553203,0.27254656,0.23184544
0.121024914,0.08344537,0.22370693,0.21325137
0.04957972,0.034016024,0.19250609,0.2045681
-0.0040097423,0.0028536448,0.17691486,0.20590422
-0.044127826,-0.015565071,0.17038041,0.21183364
-0.07147512,-0.022228856,0.17306587,0.2233569
-0.09190057,-0.0236389,0.17939423,0.23676398
-0.105223134,-0.019728757,0.18926452,0.25185725
-0.11059314,-0.009439952,0.20477441,0.27101356
-0.11055698,0.0044177957,0.22275658,0.2914948
-0.10591299,0.02084209,0.24173456,0.3117556
-0.09844749,0.03823485,0.26119316,0.33203712
-0.088866584,0.055815645,0.2792921,0.35028404
-0.07869119,0.07245436,0.29681662,0.36807147
-0.06443878,0.09196219,0.31640118,0.3867961
-0.048806403,0.11141912,0.33467913,0.4034786
-0.034559757,0.12741219,0.34568503,0.41190004
-0.022187738,0.13938391,0.34802714,0.41044006
-0.017355101,0.14151548,0.33621523,0.3948931
-0.019410511,0.13490117,0.31162685,0.36652407
-0.028202266,0.11914138,0.27001423,0.31947064
-0.03232304,0.10733649,0.22813874,0.2688534
-0.009984708,0.1260441,0.2281642,0.25750124
0.045734048,0.18271358,0.27924496,0.29401454
0.12052423,0.25835034,0.35028997,0.3466697
0.19123216,0.3255311,0.40704286,0.38422742
0.23830195,0.36268145,0.42363828,0.3839341
0.25806427,0.36918595,0.40813798,0.3579531
0.25171962,0.348318,0.36535513,0.31129032
0.2255482,0.3084291,0.3061988,0.253988
0.18538792,0.2562777,0.23866613,0.19259946
0.13735133,0.19830231,0.16845925,0.13086538
0.08940986,0.14336145,0.10708723,0.07901354
0.046192814,0.09575876,0.05648414,0.03708247
0.0059369197,0.052725043,0.0114467805,-0.0005220819
-0.029381277,0.015832942,-0.027430344,-0.03385523
-0.06303864,-0.01862881,-0.063398406,-0.06511025
-0.08917915,-0.044159487,-0.088507414,-0.086861916
-0.11089837,-0.06460585,-0.10838069,-0.10455532
-0.13239175,-0.08534534,-0.13157085,-0.12681182
-0.1533184,-0.10551436,-0.15351109,-0.14775436
-0.17449003,-0.12627578,-0.17718393,-0.1708386
-0.1976804,-0.14915296,-0.20233966,-0.19476573
-0.2190074,-0.16995938,-0.22474527,-0.21618803
-0.24065012,-0.19095124,-0.24643937,-0.23652281
-0.2599652,-0.20916401,-0.263875,-0.25255883
-0.27598953,-0.22378168,-0.27729997,-0.26510665
-0.29013062,-0.23655008,-0.2891461,-0.2764667
-0.3036473,-0.24916627,-0.30217433,-0.28945515
-0.31642464,-0.26132908,-0.31498852,-0.3023369
-0.3296707,-0.27406967,-0.3276419,-0.31456676
0.14098872,0.14476725,0.12373938,0.08610797
0.034401916,0.04609566,0.017224867,0.02984262
0.1387541,0.13352129,0.084792584,0.0722522
0.20299345,0.19503027,0.1583962,0.11788833
0.26916742,0.2614961,0.20651034,0.13300689
0.3444622,0.33226463,0.2495819,0.14493285
0.40637496,0.38240322,0.26997876,0.14072649
0.43303108,0.38868716,0.2431384,0.09813752
0.42463547,0.3545883,0.18249561,0.032325506
0.3958702,0.29905692,0.11274808,-0.03382623
0.36646515,0.24591018,0.058718193,-0.07952698
0.3407124,0.19923119,0.016083434,-0.11326573
0.32049054,0.16056523,-0.01848495,-0.14094122
0.3017558,0.1254041,-0.05033075,-0.16751531
0.27492464,0.08142314,-0.09838836,-0.21273196
0.24226867,0.03266253,-0.15085985,-0.26291296
0.2030909,-0.021275,-0.20737745,-0.3169937
0.16387491,-0.07218131,-0.2572252,-0.36449212
0.12645754,-0.117987044,-0.29953226,-0.40501395
0.09227486,-0.15748292,-0.33563298,-0.44095445
0.06197322,-0.18984304,-0.3639385,-0.47037578
0.033552505,-0.21751776,-0.38759547,-0.49598145
0.0103762895,-0.23698366,-0.40318337,-0.5147937
-0.010179901,-0.25113195,-0.41271514,-0.5277496
-0.026464928,-0.25855258,-0.41548404,-0.53452337
-0.03852333,-0.25962967,-0.41178375,-0.53519595
-0.047818653,-0.25668705,-0.40547106,-0.53379357
-0.05442452,-0.2500921,-0.39637777,-0.5298654
-0.06117292,-0.24311373,-0.38672188,-0.5247263
-0.06630057,-0.23443808,-0.3768105,-0.5195444
-0.074574344,-0.22951281,-0.37170574,-0.51839286
-0.083404094,-0.22507721,-0.36539096,-0.51491857
-0.09459631,-0.22361462,-0.36269778,-0.51428366
-0.107230335,-0.22414857,-0.36229852,-0.5153861
-0.1186243,-0.22302505,-0.35752797,-0.51099
-0.1278046,-0.2197563,-0.35109425,-0.5051115
-0.13577813,-0.21530114,-0.34291127,-0.4970257
-0.14152592,-0.20883507,-0.33279005,-0.48705313
-0.1443228,-0.19952415,-0.31967795,-0.47413555
-0.14891912,-0.19305971,-0.31090006,-0.4652099
-0.15543249,-0.18956287,-0.3056416,-0.459273
-0.1659443,-0.19139706,-0.30668998,-0.4588345
-0.17849343,-0.19601081,-0.31005526,-0.45989984
-0.19284672,-0.20279972,-0.31434062,-0.4608403
-0.2071814,-0.20971563,-0.31794578,-0.46062902
-0.2233176,-0.21877913,-0.32308537,-0.4611703
-0.24106984,-0.22987075,-0.3300979,-0.4630798
-0.25855616,-0.24083653,-0.33646402,-0.4640559
-0.278679,-0.25501686,-0.34640774,-0.4680493
-0.30457532,-0.27626792,-0.3653657,-0.48053622
-0.33433592,-0.3019195,-0.38767225,-0.49529538
-0.36673725,-0.33004522,-0.41004825,-0.5087617
-0.4009899,-0.35987344,-0.43303168,-0.52211225
-0.43857753,-0.39300784,-0.45770997,-0.5359722
-0.47780952,-0.42752168,-0.48194164,-0.5484506
-0.51943463,-0.46411568,-0.506123,-0.5596031
-0.56831175,-0.50824887,-0.536303,-0.57462966
-0.62290627,-0.5579263,-0.5686461,-0.5893658
-0.68723047,-0.6174199,-0.607256,-0.6069279
-0.7729404,-0.7006173,-0.6707146,-0.6456543
-0.8760554,-0.8025046,-0.74911255,-0.69517744
-0.989917,-0.9154355,-0.8348072,-0.7497257
-1.1014171,-1.0252663,-0.916696,-0.8024289
-1.1977352,-1.1181097,-0.9824823,-0.8439326
-1.2691838,-1.1833558,-1.0230052,-0.8665543
-1.3133883,-1.2178715,-1.0338509,-0.8643699
-1.3312234,-1.2226762,-1.0173941,-0.8388076
-1.3331289,-1.2107604,-0.9921922,-0.8084686
-1.3248135,-1.1887988,-0.9616539,-0.7746517
-1.308491,-1.1594671,-0.9272937,-0.73817885
-1.284639,-1.1227307,-0.88540655,-0.69412243
-1.2536043,-1.0790886,-0.83716077,-0.64418834
-1.2166061,-1.0304036,-0.7859644,-0.59260786
-1.1767553,-0.9803171,-0.73502445,-0.54204553
-1.1352979,-0.9303251,-0.6852391,-0.4932299
-1.0928706,-0.8808123,-0.6356143,-0.444599
-1.0478122,-0.8298389,-0.5841649,-0.3946919
-0.99806994,-0.77509636,-0.52895457,-0.34231848
-0.9468257,-0.7202665,-0.47468022,-0.29189557
-0.8925608,-0.6635362,-0.41857144,-0.24068153
-0.8391508,-0.6092228,-0.3654573,-0.1928173
-0.7850074,-0.5554519,-0.31328994,-0.1465879
-0.7302741,-0.5021155,-0.26123232,-0.100893766
-0.67721856,-0.45160836,-0.2120312,-0.05809288
-0.624549,-0.40251693,-0.16480798,-0.017760592
-0.57527524,-0.3576846,-0.12082006,0.020005953
-0.52412474,-0.31138945,-0.07581753,0.057756342
-0.47526208,-0.2682028,-0.034643564,0.091503784
-0.4258112,-0.22500487,0.0052135414,0.12301568
-0.37661082,-0.1826406,0.043366008,0.15231647
-0.32959288,-0.14283438,0.07972247,0.1804191
-0.28334054,-0.103866324,0.11640517,0.20936483
-0.2405191,-0.068695545,0.14952591,0.23547262
-0.2005611,-0.036395755,0.18102126,0.2609221
-0.1646521,-0.008415878,0.20781364,0.2822924
-0.1305001,0.017844802,0.23236154,0.3014201
-0.099161446,0.041194435,0.2527901,0.31642184
-0.06860095,0.06387251,0.27138177,0.32921535
-0.040851746,0.083174385,0.28300554,0.3342826
-0.0171641,0.09688934,0.28091624,0.32344666
0.14008167,0.14372432,0.12237224,0.08478139
0.012722522,0.021939682,-0.01196093,0.0033085144
0.05078912,0.034453835,-0.032102875,-0.03394306
0.0244377,-0.006433709,-0.070774324,-0.09182417
-0.00904019,-0.05335353,-0.13663845,-0.18314718
-0.029159885,-0.0931218,-0.19809517,-0.2707585
-0.034572855,-0.12231591,-0.2407731,-0.33612576
-0.034181163,-0.14797974,-0.2751352,-0.3879635
-0.031587075,-0.17116465,-0.30317932,-0.42819285
-0.024186293,-0.18588907,-0.3160824,-0.44817978
-0.0063795545,-0.18442152,-0.30753604,-0.44389388
0.026550489,-0.16067909,-0.27267438,-0.4119876
0.07610511,-0.113890745,-0.21524002,-0.35832343
0.13631119,-0.052461646,-0.14817189,-0.29696533
0.2079935,0.023760205,-0.06981145,-0.22661695
0.28308392,0.10460924,0.008756321,-0.15768361
0.3447855,0.16943786,0.063201316,-0.11340224
0.37670997,0.19900168,0.075041175,-0.109689094
0.37384838,0.18848571,0.04447323,-0.14371723
0.34051853,0.14438552,-0.016095702,-0.20164308
0.294906,0.089185454,-0.07811291,-0.25634965
0.24284403,0.029318385,-0.13963993,-0.30852795
0.196719,-0.021193,-0.18789111,-0.34859487
0.15544105,-0.06372151,-0.22625361,-0.38020703
0.123128004,-0.09381716,-0.25149614,-0.40123388
0.097161464,-0.11490728,-0.268826,-0.41664264
0.07570949,-0.12927848,-0.2804406,-0.4280441
0.059006047,-0.13683227,-0.28513983,-0.43362823
0.046799872,-0.13856608,-0.28595752,-0.43680462
0.031760406,-0.14282496,-0.29000738,-0.44282562
0.013020681,-0.1511594,-0.29973856,-0.4542449
-0.0059475126,-0.15939204,-0.30834374,-0.46410623
-0.02774743,-0.17038941,-0.318922,-0.47485808
-0.049039323,-0.18039286,-0.32701966,-0.48257124
-0.06861877,-0.18814434,-0.3315491,-0.4863482
-0.08790975,-0.19567409,-0.33640477,-0.49041164
-0.10554356,-0.20148982,-0.3393468,-0.4925927
-0.1252058,-0.20994303,-0.34550765,-0.49746215
-0.14325304,-0.21665323,-0.34846282,-0.49867603
-0.15837164,-0.22031571,-0.34805483,-0.49659875
-0.17171673,-0.22218195,-0.34518746,-0.49181175
-0.18226968,-0.22138385,-0.33967054,-0.48450333
-0.1912092,-0.21917194,-0.33210272,-0.47478142
-0.19929354,-0.21672933,-0.32504073,-0.46555004
-0.20690525,-0.21467741,-0.31949753,-0.45794478
-0.21249454,-0.21064898,-0.30998537,-0.44569588
-0.21838383,-0.20773864,-0.3026449,-0.43549275
-0.22496796,-0.20629914,-0.2972108,-0.42687228
-0.23760355,-0.21239081,-0.3001372,-0.4254003
-0.2567127,-0.22643872,-0.31220254,-0.431958
-0.28246993,-0.24798927,-0.33046985,-0.44279537
-0.31616867,-0.27849045,-0.35771152,-0.46114233
-0.35485545,-0.31388083,-0.38688648,-0.47947603
-0.39692912,-0.35211888,-0.41557935,-0.49561584
-0.4449712,-0.39637932,-0.44910625,-0.5151108
-0.49910823,-0.4467102,-0.48676914,-0.5370224
-0.5667447,-0.5117136,-0.5388758,-0.5707502
-0.6486826,-0.59233034,-0.6058962,-0.6168611
-0.75583553,-0.70074856,-0.7004029,-0.6864144
-0.88570833,-0.83380413,-0.81583107,-0.7730755
-1.0396492,-0.99320453,-0.9545237,-0.88054913
-1.2029771,-1.1620876,-1.0949861,-0.98961943
-1.3608044,-1.3236598,-1.2200977,-1.0857514
-1.5008847,-1.4652967,-1.3232868,-1.1658003
-1.6126889,-1.5756103,-1.3952063,-1.2208363
-1.6936872,-1.6517621,-1.4360316,-1.2500498
-1.7478633,-1.6983708,-1.4539553,-1.2606214
-1.7742515,-1.713755,-1.444544,-1.245733
-1.7746089,-1.6990087,-1.4077247,-1.2034965
-1.7526239,-1.6587042,-1.3516133,-1.1431156
-1.72112,-1.6086394,-1.2959989,-1.0850819
-1.6830848,-1.5530375,-1.2411119,-1.0286825
-1.6463702,-1.50178,-1.1984129,-0.9859237
-1.6165619,-1.462173,-1.1751307,-0.96436656
-1.5946883,-1.4344865,-1.1636761,-0.9536936
-1.5776359,-1.414304,-1.1571761,-0.9469675
-1.5591705,-1.392725,-1.1410946,-0.9282555
-1.531359,-1.3593792,-1.1035568,-0.885847
-1.4916208,-1.3114789,-1.0472107,-0.8246396
-1.4430348,-1.2538013,-0.98315966,-0.75778896
-1.3879722,-1.1901073,-0.9172613,-0.69178617
-1.3288003,-1.1238391,-0.85397667,-0.63133043
-1.2683821,-1.0581554,-0.7946186,-0.57660586
-1.2091836,-0.9956205,-0.73999447,-0.5274552
-1.1478611,-0.9318685,-0.68284357,-0.47624204
-1.0830803,-0.864737,-0.61894524,-0.41815007
-1.018404,-0.7989547,-0.5576433,-0.36371282
-0.9580593,-0.73919207,-0.5023946,-0.31507137
-0.90073186,-0.68372434,-0.45036742,-0.26917857
-0.8449327,-0.6304756,-0.39909032,-0.22390704
-0.78925085,-0.577827,-0.34787,-0.17918049
-0.7335116,-0.5252691,-0.2950723,-0.13293058
-0.67656803,-0.47190747,-0.24172825,-0.087076314
-0.61831886,-0.41769093,-0.18797746,-0.041755885
-0.5615387,-0.36549264,-0.13566703,0.0023258002
-0.5046543,-0.31387895,-0.08505141,0.043891452
-0.44646066,-0.2615475,-0.034946863,0.08382146
-0.3923218,-0.21416844,0.009463041,0.11851682
-0.3414873,-0.1709434,0.048563365,0.14807737
-0.29248077,-0.12971465,0.086453415,0.17695433
0.1484076,0.15307388,0.13437855,0.09615013
0.0640171,0.07875386,0.056367327,0.065286614
0.18671785,0.1857646,0.14294472,0.1242072
0.2636486,0.2600248,0.22540782,0.17780074
0.33820033,0.3352756,0.28049654,0.20040813
0.4292546,0.4243978,0.3437188,0.23226802
0.54783064,0.5415277,0.44539306,0.3058154
0.6942706,0.68744665,0.58126944,0.4151883
0.85397476,0.8459259,0.730772,0.53951323
1.0138204,1.0024226,0.8781904,0.6628716
1.1626017,1.1456039,1.0154464,0.77858955
1.2955066,1.2708288,1.1382017,0.8825305
1.4107249,1.3768156,1.2453462,0.9737187
1.5101035,1.4657826,1.3374168,1.0518639
1.5900079,1.5343226,1.4106562,1.1139824
1.650957,1.5834649,1.4652588,1.1603473
1.6913185,1.6116253,1.4983938,1.1881293
1.7206476,1.6296273,1.5222775,1.2092278
1.7453114,1.644265,1.5442955,1.230543
1.7604107,1.6491777,1.5534517,1.2393676
1.7634609,1.6420403,1.5486226,1.2352035
1.7452004,1.6127714,1.518156,1.2073631
1.7067252,1.5635895,1.4672409,1.1628112
1.6463536,1.4920796,1.3907137,1.0961955
1.5618064,1.395171,1.2828833,1.0016527
1.4546767,1.2752894,1.1505435,0.8881542
1.3452986,1.1556227,1.0229708,0.78403795
1.2492784,1.0529636,0.91810215,0.70377856
1.1692004,0.96895427,0.83306587,0.64071333
1.11595,0.9159117,0.7817385,0.6059691
1.0812079,0.8837771,0.75009716,0.5852422
1.0714682,0.8806417,0.7498264,0.59010106
1.0889821,0.90861076,0.7840485,0.62386674
1.1356312,0.96893543,0.8534948,0.6869734
1.207183,1.0549355,0.9477356,0.7684732
1.2925565,1.1531302,1.0518771,0.85501665
1.3843338,1.2551609,1.1592715,0.9422764
1.4685807,1.3455645,1.2522306,1.0146157
1.5347662,1.4143306,1.322408,1.0664386
1.5777798,1.4572979,1.3658366,1.0952591
1.5894865,1.4672729,1.3753047,1.0958714
1.5639653,1.438758,1.3424251,1.0601474
1.4862978,1.3557836,1.2446061,0.9662394
1.348045,1.2101338,1.0728481,0.8084272
1.1777921,1.0357679,0.8789155,0.64229137
1.0010514,0.8602484,0.69921535,0.50139624
0.8365018,0.70184404,0.5487357,0.39284688
0.68758905,0.561298,0.41802582,0.30024722
0.5515343,0.4344679,0.29735312,0.21118692
0.43010086,0.32431287,0.19411185,0.13403724
0.3182305,0.2249862,0.10023196,0.061398845
0.21930152,0.14069828,0.022948718,0.0011690811
0.13272987,0.07060887,-0.03746377,-0.04531553
0.055057142,0.009822341,-0.08977943,-0.08695513
-0.017408287,-0.046159092,-0.13838378,-0.12713869
-0.0843101,-0.097035944,-0.18175216,-0.16360207
-0.14683148,-0.14441408,-0.22215848,-0.19843476
-0.20810547,-0.19161998,-0.26206377,-0.23299217
-0.26763636,-0.23802964,-0.30020684,-0.2657892
-0.32430673,-0.28225732,-0.3346313,-0.29480165
-0.3806818,-0.32738772,-0.37022826,-0.32498425
-0.43655592,-0.37302074,-0.40573013,-0.35487005
-0.49183792,-0.4188882,-0.44057867,-0.3837468
-0.54911715,-0.46798435,-0.47894976,-0.41564545
-0.6096188,-0.5219023,-0.5232335,-0.45331502
-0.67248416,-0.5789698,-0.5687581,-0.4911174
-0.7390011,-0.6409225,-0.61953616,-0.53373575
-0.80965245,-0.707787,-0.6731095,-0.57788396
-0.8852132,-0.7804965,-0.73117065,-0.6254238
-0.9652945,-0.85869694,-0.7936962,-0.6767836
-1.0481447,-0.94023097,-0.85760164,-0.72887516
-1.1351386,-1.0264956,-0.9239361,-0.7823332
-1.2270999,-1.1188195,-0.9959025,-0.84110135
-1.3238163,-1.2171224,-1.0731144,-0.90490675
-1.423189,-1.3187956,-1.1514448,-0.96952474
-1.5227212,-1.4213705,-1.2306601,-1.0360814
-1.6179445,-1.5195291,-1.303792,-1.0974729
-1.7065948,-1.6108125,-1.3705134,-1.1540365
-1.7844826,-1.6905749,-1.4269476,-1.2023522
-1.8508589,-1.7579231,-1.4735612,-1.242762
-1.9050143,-1.8119726,-1.5096519,-1.2741771
-1.9471639,-1.8529028,-1.5359386,-1.2970958
-1.9788474,-1.8824887,-1.5547391,-1.3135437
-2.0010207,-1.901884,-1.56692,-1.3242147
-2.0143032,-1.911767,-1.5725148,-1.3288658
-2.0204644,-1.9142439,-1.5738729,-1.3299162
-2.0194,-1.9091135,-1.56941,-1.3254075
-2.0111232,-1.8962824,-1.5584545,-1.3145218
-1.9951646,-1.8753853,-1.5415336,-1.2984966
-1.9726478,-1.8477749,-1.5202619,-1.2790575
-1.9414214,-1.8110307,-1.4910965,-1.2527214
-1.9013449,-1.7649891,-1.4548302,-1.2207931
-1.8501135,-1.7069035,-1.4077575,-1.1795796
-1.7884706,-1.6377057,-1.3519207,-1.1314795
-1.7146369,-1.55594,-1.2872607,-1.0776501
-1.6282194,-1.4611684,-1.2120674,-1.0159371
-1.5328547,-1.357984,-1.1323638,-0.9525725
-1.4270682,-1.2449483,-1.0443181,-0.88329554
-1.3157623,-1.1281009,-0.9548376,-0.81467867
-1.2043918,-1.013989,-0.86955374,-0.7511919
0.15184584,0.15672435,0.1384783,0.099752866
0.089079216,0.10602117,0.08773628,0.09286641
0.26125652,0.2675807,0.23449422,0.20449643
0.40719816,0.41701344,0.39471406,0.3265108
0.5601636,0.57724494,0.5349233,0.42484683
0.7277262,0.748588,0.67779094,0.52753633
0.9032558,0.9243531,0.8298714,0.6436474
1.0749618,1.092698,0.98069656,0.7636313
1.237579,1.2489114,1.1254469,0.88196874
1.3841081,1.3867302,1.2590204,0.99407476
1.5177906,1.5102642,1.3838934,1.1008044
1.637249,1.618331,1.497007,1.1985174
1.744341,1.7133116,1.599557,1.2878797
1.8410115,1.7972616,1.6917106,1.3682452
1.9277532,1.8710359,1.774115,1.4404358
2.0045907,1.9349107,1.8467377,1.504417
2.073642,1.9913251,1.9119233,1.5624236
2.1341262,2.0394711,1.9683324,1.6129112
2.1870618,2.0805538,2.0170915,1.6567729
2.2332852,2.115426,2.0588531,1.6944926
2.2715912,2.1429384,2.0926063,1.7250525
2.3014567,2.1627662,2.118515,1.7488225
2.323817,2.1760442,2.1381526,1.7675313
2.3372018,2.181199,2.1497338,1.7792252
2.342109,2.1790092,2.154798,1.7858225
2.3400152,2.1707642,2.1538315,1.7872299
2.3278801,2.153165,2.1430216,1.7794639
2.3035555,2.1241875,2.1206474,1.761137
2.265552,2.0818315,2.0822499,1.7268862
2.2032285,2.0145857,2.0138984,1.6626203
2.0983734,1.9034411,1.8951702,1.5504521
1.9431107,1.7402452,1.7166244,1.3855335
1.7541211,1.5446378,1.5069337,1.2034948
1.5627177,1.3502542,1.3062297,1.0428753
1.3823694,1.1684573,1.1201515,0.90112007
1.2179942,1.0027242,0.94675934,0.76960176
1.0708851,0.85471845,0.78785825,0.6473529
0.94034284,0.7248199,0.64514166,0.53532344
0.8256146,0.6135998,0.52191824,0.43719625
0.7251198,0.5198016,0.41717768,0.35217735
0.63407713,0.43821546,0.3254421,0.27562883
0.55033904,0.366265,0.24372122,0.20513692
0.4747204,0.30513304,0.176098,0.14611195
0.402698,0.24902907,0.11478647,0.09146733
0.33435518,0.197725,0.059754077,0.041392826
0.26888025,0.149955,0.009974516,-0.0044541806
0.20632611,0.105523035,-0.034449987,-0.0457
0.14548835,0.06293514,-0.07463,-0.08275747
0.089687325,0.025561405,-0.10757593,-0.1133113
0.038233966,-0.0077249934,-0.13530365,-0.13929087
-0.010182259,-0.038718652,-0.16061646,-0.16346514
-0.056597307,-0.06854615,-0.18396077,-0.18569821
-0.10117546,-0.097573906,-0.20646714,-0.20721911
-0.14213246,-0.12362511,-0.22485353,-0.224671
-0.18008772,-0.14739323,-0.24018611,-0.2389508
-0.21525002,-0.16940704,-0.25456893,-0.25257
-0.24792513,-0.1897773,-0.26674068,-0.26375937
-0.27874476,-0.2093452,-0.27879706,-0.27486646
-0.30888292,-0.22925386,-0.29119283,-0.28583336
-0.33545598,-0.24609616,-0.2997006,-0.29278815
-0.35971662,-0.26136914,-0.30718896,-0.2987354
-0.38089693,-0.27376524,-0.31001666,-0.29932806
-0.4001326,-0.2852353,-0.3138836,-0.30137157
-0.422625,-0.30143455,-0.32386696,-0.30881733
-0.44825435,-0.32228857,-0.33998093,-0.32187393
-0.48104134,-0.3522035,-0.36710706,-0.34493685
-0.51773113,-0.38657358,-0.39642113,-0.36851597
-0.5593025,-0.42648298,-0.43048453,-0.39559013
-0.605318,-0.47155377,-0.469714,-0.4271076
-0.6586604,-0.5250417,-0.51751107,-0.4661431
-0.71851987,-0.5856039,-0.57040596,-0.5087145
-0.7810085,-0.6484989,-0.6221895,-0.54896265
-0.847544,-0.71553963,-0.6766157,-0.5910325
-0.9177368,-0.7862846,-0.732533,-0.63362706
-0.995419,-0.8654524,-0.7965406,-0.6833594
-1.0819188,-0.9547228,-0.86990124,-0.7413923
-1.1758952,-1.0522159,-0.94839954,-0.8030371
-1.2772269,-1.1578577,-1.0325925,-0.8694613
-1.3859923,-1.2721227,-1.1242119,-0.9432403
-1.4955481,-1.3874149,-1.2137052,-1.015319
-1.6006209,-1.4979364,-1.2970933,-1.0831337
-1.6969088,-1.5993204,-1.3729937,-1.1468099
-1.7781652,-1.684437,-1.4340072,-1.1989744
-1.8437896,-1.7523263,-1.4803543,-1.2393095
-1.8936856,-1.8027658,-1.5128782,-1.2681704
-1.9274883,-1.8349739,-1.5295591,-1.2821734
-1.9471217,-1.851008,-1.5336004,-1.2842762
-1.9554799,-1.8542169,-1.5284755,-1.2775052
-1.9520594,-1.8437691,-1.5106317,-1.2571279
-1.933523,-1.815624,-1.475185,-1.2183439
-1.8940673,-1.7618828,-1.409459,-1.1466842
-1.8339223,-1.6829202,-1.318682,-1.0495787
-1.7578826,-1.5856044,-1.215011,-0.9418211
-1.6785375,-1.4873332,-1.1243446,-0.85232985
-1.5988313,-1.3926854,-1.04634,-0.7793907
-1.5246055,-1.3080456,-0.9827139,-0.7222495
-1.4542845,-1.2303591,-0.9237949,-0.66932815
-1.3853989,-1.1562518,-0.86590517,-0.6175053
-1.316901,-1.0839752,-0.8063884,-0.5640835
-1.2479846,-1.0126598,-0.74595505,-0.5104937
0.15144813,0.15637985,0.13832769,0.09974416
0.09199766,0.10946051,0.092275724,0.09720991
0.28007036,0.2887672,0.25903752,0.22652379
0.453876,0.46872136,0.4517139,0.3770257
0.6329196,0.6561212,0.61687785,0.49626473
0.81500083,0.8411826,0.7698511,0.60670364
0.98905116,1.0132217,0.9153612,0.71636945
1.1517998,1.170694,1.0554645,0.827371
1.3035899,1.314997,1.1907247,0.9387259
1.4425582,1.4446104,1.3174212,1.0454614
1.5675354,1.5588311,1.4335791,1.1449049
1.6796756,1.6592007,1.5390522,1.2361381
1.7795866,1.7468675,1.6346377,1.3199191
1.8683457,1.8229402,1.719215,1.3942337
1.9463454,1.888227,1.7936119,1.4600999
2.0169237,1.946249,1.8603406,1.519369
2.0805311,1.9975166,1.9196167,1.5721903
2.136959,2.04188,1.9711539,1.6181744
2.1859634,2.0791278,2.0144303,1.6566519
2.2284975,2.110588,2.05184,1.690367
2.2639616,2.1356454,2.0826683,1.7185198
2.2936554,2.1556113,2.1079702,1.7417997
2.3160906,2.169361,2.128367,1.7618024
2.3336418,2.1790416,2.144639,1.7783316
2.3437524,2.1819885,2.154343,1.7890433
2.3459768,2.1778946,2.1573396,1.7939125
2.3395498,2.1660464,2.153008,1.7924497
2.3235846,2.1455545,2.140171,1.7835033
2.296757,2.1151273,2.1176682,1.7662603
2.2588096,2.0746658,2.0858011,1.7415097
2.2059574,2.0201392,2.0401642,1.705275
2.136781,1.950416,1.9806266,1.65851
2.0470874,1.8610152,1.9022132,1.5970212
1.9344013,1.7494134,1.8022461,1.5192227
1.8003958,1.6173301,1.6820647,1.4270042
1.6491429,1.4689794,1.5455046,1.3243715
1.487806,1.3120468,1.4013933,1.2196507
1.3292369,1.1595885,1.2607639,1.1203585
1.1817347,1.0202781,1.1328462,1.0332164
1.0530484,0.902078,1.0244977,0.9618909
0.94670373,0.80867946,0.9395549,0.9083744
0.8600328,0.73688304,0.87368685,0.86772776
0.7901143,0.6835054,0.8240416,0.83757305
0.7318182,0.6427913,0.78513527,0.813572
0.68300086,0.612522,0.7563162,0.7962759
0.6415541,0.59001076,0.7345885,0.7832748
0.6070138,0.57440597,0.7191946,0.7741586
0.5767494,0.562545,0.7071224,0.76672196
0.55157095,0.554999,0.6986371,0.7612246
0.5299332,0.5498103,0.6917652,0.75616443
0.5109611,0.5460307,0.685985,0.7514539
0.49209744,0.5407402,0.67786145,0.74412286
0.47483987,0.53602374,0.6713737,0.7386094
0.45992616,0.5326678,0.66741127,0.735619
0.4474171,0.5305207,0.66437244,0.7331253
0.43711045,0.5294891,0.66280174,0.7318186
0.4287337,0.5291111,0.6612686,0.73006076
0.41906217,0.5262745,0.65766615,0.72671616
0.40865123,0.5215981,0.6516394,0.72103363
0.39941144,0.5174863,0.6468826,0.71670544
0.39447114,0.51795,0.6503628,0.7210693
0.39281788,0.52139217,0.65818095,0.7296655
0.3914728,0.524192,0.6647709,0.7368627
0.3904667,0.52637446,0.66974086,0.7419623
0.39022982,0.52859885,0.673826,0.74569345
0.3902833,0.53058994,0.67754525,0.74898255
0.38895598,0.5305367,0.6784259,0.74957335
0.38804317,0.5305928,0.6794702,0.750409
0.3889329,0.5322955,0.6826537,0.75315994
0.39112222,0.5349728,0.68644977,0.7561959
0.39457542,0.5386454,0.69139093,0.7602009
0.4005784,0.5444199,0.69750446,0.76448685
0.40790242,0.5511242,0.70413154,0.7688461
0.41886148,0.56079143,0.71138644,0.7721936
0.4302832,0.5699869,0.7157778,0.77182406
0.44216606,0.57848203,0.7155479,0.76539415
0.45301926,0.5843809,0.70673895,0.7484949
0.46607012,0.59087175,0.69084483,0.72120637
0.48365572,0.5988325,0.66173,0.6742955
0.514845,0.6200029,0.6436898,0.63444626
0.5572428,0.6546919,0.6545084,0.6265543
0.586837,0.67615545,0.6602802,0.619643
0.58745694,0.6668865,0.637273,0.5914405
0.5661776,0.635373,0.59386605,0.5487409
0.5376502,0.59865576,0.5505655,0.51002395
0.50957197,0.5647482,0.51421607,0.47965428
0.48557463,0.5362344,0.48307243,0.4532536
0.46771863,0.5152034,0.4611282,0.43484676
0.45672974,0.5017731,0.44655493,0.4216965
0.4529485,0.49653256,0.44196206,0.41710195
0.46110308,0.5045692,0.45381445,0.4270447
0.4791823,0.5230421,0.47750086,0.4467744
0.49513564,0.53695023,0.48802823,0.45048982
0.5033662,0.5417002,0.48684007,0.44328186
0.51668376,0.5531757,0.49984765,0.45187977
0.53324807,0.56827897,0.5174568,0.46476153
0.5590925,0.5936089,0.5487077,0.4904281
0.6030628,0.63794804,0.6031819,0.53674495
0.6632464,0.69798476,0.67412597,0.5960305
0.7397291,0.7730103,0.76026654,0.6669624
0.1464017,0.15090367,0.1317949,0.09380189
0.06377659,0.07905264,0.05823592,0.0677028
0.2151252,0.21881677,0.18436547,0.1625865
0.35477042,0.36338836,0.34516394,0.28627712
0.5189532,0.5373461,0.5022077,0.39875686
0.7042508,0.72805524,0.6633587,0.51536965
0.8933024,0.91722983,0.82477003,0.6368732
1.0738671,1.0938008,0.98121345,0.760082
1.2404044,1.2532377,1.1285033,0.8802241
1.3898574,1.3933948,1.2639712,0.9938001
1.5216452,1.5144132,1.386379,1.0985781
1.638931,1.6200159,1.4975089,1.1950029
1.7438977,1.7125778,1.5975132,1.2822958
1.8395092,1.795482,1.6891894,1.3628051
1.9244179,1.867359,1.7698904,1.4338211
2.00133,1.9313785,1.8429188,1.4985075
2.0693293,1.9866825,1.9070555,1.5557522
2.1289694,2.0339696,1.9625832,1.6055188
2.18161,2.0747464,2.0110092,1.6491859
2.2279923,2.1099083,2.0535743,1.6880382
2.2679043,2.1391456,2.0895033,1.7209488
2.300708,2.1617992,2.1179764,1.7468865
2.324613,2.1763322,2.1384623,1.7658812
2.3403919,2.1835196,2.1511042,1.7776787
2.3440347,2.1793084,2.1518695,1.778383
2.337284,2.1657443,2.1431277,1.7706364
2.3180985,2.140699,2.1227813,1.7525984
2.2911496,2.1093597,2.0971298,1.7314272
2.2555954,2.0704007,2.0641894,1.7048057
2.2125766,2.0245304,2.0229692,1.6706866
2.1648576,1.9747784,1.9775615,1.6337674
2.1176593,1.926751,1.9347745,1.601271
2.0729167,1.8819618,1.8951135,1.5725744
2.031002,1.8404522,1.8577533,1.5459834
1.9907616,1.8006637,1.8202311,1.5182147
1.9417069,1.751075,1.7684833,1.4750428
1.8824886,1.6912787,1.7037553,1.4192817
1.8039497,1.61185,1.616696,1.3436044
1.7147222,1.5233288,1.5212337,1.2633438
1.6217108,1.4329714,1.4259975,1.1868806
1.5391663,1.3563293,1.3497914,1.1315483
1.4774458,1.3035276,1.3026097,1.1044197
1.4369445,1.2734703,1.2794428,1.0975804
1.4038242,1.2495085,1.2566191,1.0860505
1.3655692,1.2186294,1.2204274,1.0578961
1.3182579,1.1783427,1.1734251,1.0191962
1.2649441,1.1334375,1.1255826,0.98224574
1.2023222,1.0802493,1.0725418,0.94336516
1.1169771,1.0029019,0.99035907,0.87807727
0.99452233,0.88580215,0.8597368,0.7687147
0.8309856,0.72563756,0.67920023,0.6159023
0.6315671,0.5297789,0.4651983,0.43833184
0.40886134,0.31178173,0.23474954,0.25012177
0.18079083,0.09127225,0.013651214,0.07308038
-0.0434309,-0.122499704,-0.18859512,-0.08726337
-0.25181273,-0.31683925,-0.35973155,-0.22219661
-0.43673435,-0.48425385,-0.49505287,-0.32901227
-0.5993341,-0.62728035,-0.6028763,-0.4164152
-0.74014264,-0.74747515,-0.68712354,-0.4874148
-0.8598982,-0.8466411,-0.7527215,-0.5462022
-0.9624311,-0.9293109,-0.80461556,-0.59560865
-1.0494643,-0.9977726,-0.8465083,-0.6384721
-1.1218799,-1.0526198,-0.8771036,-0.67168677
-1.1801441,-1.0943161,-0.89816797,-0.6967841
-1.2249494,-1.1230243,-0.90809,-0.71090704
-1.2577956,-1.1405604,-0.9107811,-0.7181817
-1.2785419,-1.1460893,-0.9025009,-0.7137193
-1.2919973,-1.145863,-0.8945434,-0.71017873
-1.296889,-1.1377195,-0.8799259,-0.69921494
-1.2944947,-1.1232736,-0.86210436,-0.68501675
-1.2872444,-1.105351,-0.84405524,-0.67064935
-1.273933,-1.0821453,-0.8213764,-0.6512422
-1.2556982,-1.054898,-0.7960208,-0.6289625
-1.2331933,-1.0241113,-0.7672326,-0.60279983
-1.2094315,-0.9938,-0.74198234,-0.5805015
-1.1821083,-0.9607504,-0.71332496,-0.5544687
-1.1610438,-0.9369971,-0.6988455,-0.54278696
-1.1416614,-0.91701657,-0.6896152,-0.53666526
-1.1227841,-0.89834243,-0.6793844,-0.5286867
-1.1074368,-0.88434875,-0.6740317,-0.525212
-1.0934585,-0.87279576,-0.67181784,-0.52526337
-1.0767084,-0.85853153,-0.66554123,-0.5217551
-1.0593693,-0.84383607,-0.65843165,-0.51765233
-1.0418442,-0.82964635,-0.6535278,-0.5167413
-1.0240355,-0.8163039,-0.6525996,-0.52144045
-1.0023451,-0.7989793,-0.64672196,-0.5220269
-0.97531974,-0.77556366,-0.63302815,-0.5152906
-0.9425679,-0.7459666,-0.61338305,-0.50386846
-0.9062032,-0.71284634,-0.59090483,-0.4904483
-0.8687641,-0.6792522,-0.5689477,-0.47785634
-0.82867616,-0.6431921,-0.5437611,-0.46204343
-0.78871715,-0.6076455,-0.5186051,-0.44583115
-0.75048494,-0.57474554,-0.4972158,-0.43331107
-0.7127592,-0.542331,-0.47348267,-0.41719553
-0.6769623,-0.512192,-0.4515005,-0.40217435
-0.6425082,-0.48369914,-0.43085623,-0.3881661
-0.6139911,-0.46200415,-0.41750595,-0.38041875
-0.5889717,-0.4442787,-0.40813544,-0.37611812
-0.56869376,-0.431433,-0.40246582,-0.37432048
-0.55127054,-0.42107633,-0.39758947,-0.37237495
0.14796716,0.15248668,0.13334851,0.09506219
0.061524414,0.07583433,0.05237106,0.061446905
0.18551946,0.18414626,0.13992594,0.120836884
0.2663205,0.26266626,0.22704405,0.17823285
0.33994108,0.33640522,0.27889538,0.19720064
0.42963552,0.42356881,0.3388961,0.22562684
0.5333277,0.52307177,0.41863367,0.2783599
0.65581125,0.6419496,0.5256054,0.3619407
0.7932541,0.7763337,0.65226185,0.46728876
0.9339122,0.91320235,0.7825258,0.57761955
1.0759428,1.0512383,0.91812676,0.6945538
1.2146868,1.1848137,1.051298,0.80935735
1.3469168,1.3105589,1.1791018,0.91917145
1.4704404,1.4263132,1.2996547,1.0227048
1.5847715,1.5316104,1.4113287,1.1181748
1.6859537,1.6224688,1.5092044,1.2012618
1.7758023,1.7013644,1.5959938,1.274889
1.8532989,1.7674037,1.6697404,1.3371348
1.9157844,1.8181527,1.7275034,1.3853437
1.9579191,1.8481604,1.7624787,1.4127578
1.9659086,1.8431621,1.7585825,1.404026
1.9088408,1.7701918,1.6775924,1.3229041
1.7619528,1.6019864,1.4860417,1.1407954
1.5629388,1.382212,1.2450087,0.92818034
1.3592246,1.1619443,1.0156846,0.7426877
1.1755939,0.9647369,0.8155772,0.5902096
1.0197552,0.7968336,0.64469236,0.4620197
0.89079237,0.65777254,0.5019824,0.35403797
0.78345627,0.5425763,0.37949622,0.2571292
0.6937345,0.44898593,0.2793885,0.17548564
0.6164402,0.37161204,0.19495751,0.10353292
0.5509647,0.31069735,0.13004437,0.047010288
0.49354947,0.26114687,0.07639037,-0.0019514087
0.44168136,0.22009063,0.03268135,-0.04316284
0.395789,0.18752573,-0.00088327704,-0.075920105
0.35275927,0.15936583,-0.029384464,-0.10463342
0.31179205,0.13408493,-0.055035822,-0.13141672
0.2707761,0.109397836,-0.077969186,-0.1549886
0.2308113,0.0860958,-0.098293655,-0.175904
0.19147214,0.063316874,-0.1177389,-0.1958686
0.15636906,0.045241248,-0.13026316,-0.20889412
0.12739734,0.034115463,-0.13253246,-0.21136168
0.104166105,0.028711386,-0.12912026,-0.20875388
0.085756496,0.02775989,-0.12115965,-0.20203501
0.07189709,0.030648313,-0.10995288,-0.19253807
0.06964256,0.046396807,-0.08027542,-0.16412118
0.08439435,0.08046457,-0.028930977,-0.11516031
0.12244864,0.13968128,0.052512072,-0.037886344
0.19596078,0.23711768,0.17990236,0.082264945
0.2994963,0.3639322,0.33695906,0.22736606
0.4045032,0.48526207,0.47772238,0.35256806
0.48245627,0.5696707,0.5685785,0.4289115
0.5041071,0.5879395,0.58102036,0.4344685
0.45941684,0.5342197,0.5170067,0.3771442
0.35181975,0.41628674,0.39172488,0.27489015
0.20134544,0.25796625,0.23448922,0.15427361
0.033973806,0.08811991,0.079490095,0.0440812
-0.12607774,-0.068178564,-0.05027151,-0.040107395
-0.2643747,-0.19706953,-0.14540654,-0.09418649
-0.37304077,-0.29170066,-0.20352115,-0.11874523
-0.45083874,-0.35276264,-0.23169503,-0.12266283
-0.50720334,-0.3920257,-0.24499735,-0.11926455
-0.54732376,-0.4162908,-0.25198403,-0.11604504
-0.57839096,-0.43394017,-0.26065367,-0.11896957
-0.6094369,-0.454932,-0.27944997,-0.13380164
-0.64813656,-0.48789158,-0.31703943,-0.16783743
-0.69120085,-0.5272142,-0.3580313,-0.20312212
-0.72226256,-0.55227387,-0.3730489,-0.21026628
-0.7308872,-0.55021065,-0.34746993,-0.17559971
-0.72090566,-0.52779365,-0.30197886,-0.12404907
-0.7028574,-0.4992994,-0.25944027,-0.0795624
-0.68320113,-0.47248217,-0.22711845,-0.048110798
-0.6617609,-0.44619465,-0.19979104,-0.023123676
-0.6376221,-0.4181165,-0.17049532,0.0036155088
-0.6097249,-0.38710847,-0.13965787,0.030798405
-0.57825345,-0.3535822,-0.10824114,0.057171352
-0.54691213,-0.32199615,-0.0820539,0.077210516
-0.5198452,-0.29711723,-0.0670922,0.08521143
-0.49768975,-0.27915707,-0.061731726,0.08366569
-0.47361094,-0.25906768,-0.05008628,0.089320436
-0.44088656,-0.22756481,-0.01491255,0.12101628
-0.39899027,-0.18521963,0.036999267,0.16964157
-0.3570256,-0.1440168,0.08557565,0.21425728
-0.32009977,-0.110287406,0.122038074,0.2462949
-0.28722528,-0.0822644,0.15011331,0.26994634
-0.2579394,-0.058541052,0.17302999,0.28897876
-0.23221076,-0.03865126,0.19168048,0.3043409
-0.20707922,-0.019087829,0.21057837,0.3201045
-0.18082342,0.0021905652,0.23254302,0.33892316
-0.15213074,0.026265014,0.2572724,0.3597387
-0.119755626,0.05433585,0.2863835,0.38396683
-0.08480424,0.08461742,0.31594855,0.4073552
-0.050273355,0.11390413,0.3432503,0.42805597
-0.016664986,0.14193396,0.36926627,0.44772646
0.016479375,0.16915132,0.3939477,0.4659978
0.04877642,0.19544734,0.4183241,0.48430935
0.08212645,0.22265764,0.44303384,0.5025198
0.1155281,0.24979724,0.467943,0.52099085
0.14757311,0.27511162,0.4898985,0.5363899
0.18113615,0.30175638,0.5120196,0.5511633
0.14977734,0.15443303,0.1356585,0.09712
0.07563796,0.090943776,0.069094546,0.0757062
0.22857328,0.23119332,0.19230084,0.1663856
0.34641045,0.35028276,0.32223976,0.2619135
0.46904698,0.4779941,0.429995,0.33128598
0.6127501,0.6247373,0.5509113,0.4150433
0.7733005,0.7860518,0.6911949,0.52136993
0.9404539,0.95149976,0.8406537,0.64070463
1.1044968,1.1112322,0.98938537,0.76321495
1.2619777,1.2622013,1.1346035,0.8852251
1.4061666,1.3977113,1.2688153,0.9992535
1.5355628,1.5166414,1.3898392,1.1025044
1.6497382,1.6192495,1.4979223,1.1954309
1.7498132,1.7071148,1.5933838,1.2781314
1.8389841,1.7839123,1.6792061,1.353087
1.9185239,1.8512095,1.756492,1.4213946
1.9892504,1.9096675,1.824096,1.4810961
2.0510013,1.9593772,1.8824621,1.532829
2.1078951,2.004596,1.9352609,1.5796314
2.157301,2.0426724,1.980237,1.6196166
2.1998224,2.0743706,2.018187,1.653463
2.2368906,2.1012907,2.051175,1.6832477
2.267236,2.1221454,2.0779054,1.707707
2.2919047,2.1379712,2.0992055,1.7273456
2.3096051,2.1475716,2.1145012,1.7419269
2.318976,2.149677,2.1226387,1.7504026
2.31984,2.1443028,2.1242611,1.7538205
2.31274,2.1318743,2.1190212,1.7514205
2.2950072,2.1097934,2.1049998,1.7418146
2.263636,2.0750659,2.0793016,1.7225115
2.215096,2.024059,2.037825,1.6897004
2.1452603,1.952917,1.9777726,1.642108
2.05319,1.860707,1.8978047,1.5791683
1.9377365,1.7462488,1.7966924,1.5007914
1.7996963,1.6102062,1.6746742,1.4078492
1.6461791,1.4597951,1.5378646,1.3058188
1.4854894,1.303587,1.3948059,1.2020116
1.3273803,1.1518059,1.2560441,1.1048572
1.1831772,1.0162874,1.132926,1.0222185
1.0584105,0.90279853,1.0315624,0.95790577
0.95515174,0.81312305,0.95205265,0.90982074
0.87125695,0.7446171,0.89068234,0.8735709
0.8029487,0.6933201,0.84470505,0.847261
0.74754673,0.65614146,0.8111475,0.828664
0.7024456,0.630132,0.78795713,0.8167555
0.66679704,0.61396736,0.77380896,0.810686
0.6372772,0.6037436,0.7653642,0.8082507
0.61328405,0.59835696,0.7607564,0.8076645
0.59223896,0.5949544,0.7581656,0.80819976
0.5769553,0.59652793,0.76099414,0.812924
0.5662253,0.6014692,0.7670255,0.8198229
0.5597334,0.60941017,0.7762541,0.8291119
0.558012,0.620667,0.78833807,0.84014255
0.5596181,0.6336524,0.8015542,0.85150427
0.56167585,0.6451693,0.81195563,0.8596858
0.5641633,0.6556636,0.82144415,0.86704785
0.5667697,0.66496277,0.82971287,0.87343377
0.57106555,0.6749702,0.83907086,0.8808518
0.575039,0.6836256,0.8475553,0.8877983
0.58116835,0.69355196,0.8569825,0.8952209
0.5876382,0.7028686,0.8658495,0.9021376
0.59451056,0.7117445,0.87400806,0.90828866
0.6019771,0.7204404,0.8816802,0.91383404
0.60849833,0.7273766,0.887112,0.91733855
0.61558396,0.73444426,0.89299107,0.921315
0.62395126,0.7423475,0.89963526,0.9257894
0.63378626,0.751172,0.9064062,0.92982966
0.6442491,0.7599862,0.9120804,0.93225867
0.65348154,0.766945,0.91514593,0.9322276
0.66090876,0.7718208,0.9166641,0.93134725
0.6672026,0.7755377,0.9181038,0.93113756
0.6721649,0.7779422,0.919239,0.9313377
0.6775391,0.7808579,0.9217513,0.933072
0.68253344,0.7833175,0.9241368,0.9348066
0.68629736,0.78433776,0.9247401,0.9348845
0.6867627,0.7818325,0.92136127,0.9315842
0.682906,0.77515084,0.914526,0.9260889
0.6772284,0.7668498,0.90576416,0.9190434
0.67087746,0.75843954,0.8982877,0.91391194
0.6637976,0.74953765,0.8903252,0.90840095
0.6568074,0.74100107,0.8827152,0.9031771
0.6515317,0.73457056,0.87800556,0.90060467
0.64812046,0.7302457,0.8756651,0.89996254
0.6463865,0.72755706,0.8743193,0.8996696
0.6444409,0.72435147,0.87154996,0.89767516
0.6430863,0.7216115,0.86856747,0.89509577
0.6424277,0.71967083,0.86708313,0.8940919
0.64196444,0.7179516,0.866192,0.89375305
0.6435312,0.7182292,0.86690706,0.89443785
0.64737743,0.72074294,0.87005144,0.8970405
0.6540553,0.726041,0.8762004,0.90201205
0.6616707,0.73194885,0.882691,0.9069811
0.67119503,0.7393987,0.8898563,0.9119034
0.6818475,0.7476229,0.8974066,0.9168323
0.69409245,0.75712043,0.905664,0.921924
0.70663553,0.7663993,0.91241837,0.92506194
0.7204504,0.77669656,0.919856,0.9284898
0.7335139,0.78569126,0.924506,0.92882705
0.7442376,0.7919097,0.92513305,0.9253105
0.7525908,0.7954311,0.9217167,0.91793185
0.14879352,0.15342546,0.13457255,0.09621104
0.07718797,0.093479685,0.07440121,0.08169901
0.24175777,0.24749507,0.21524255,0.18920222
0.38662782,0.39663753,0.37712282,0.31306145
0.53639525,0.5534603,0.5129178,0.40671593
0.68805903,0.70649356,0.6326489,0.48696542
0.8253075,0.8393465,0.73488677,0.5570041
0.94276214,0.94928104,0.8241,0.62325567
1.0417026,1.0389032,0.9011271,0.68475443
1.1267828,1.1141206,0.97070444,0.7440723
1.2160119,1.1955465,1.0560482,0.821814
1.3169531,1.2900417,1.1586291,0.9157137
1.4265236,1.3928694,1.2688211,1.0142689
1.5372695,1.4954163,1.37687,1.1080973
1.6449373,1.593463,1.4796423,1.195399
1.7456965,1.6834608,1.5744672,1.2749698
1.839438,1.7659221,1.6626295,1.3489063
1.9238352,1.8386958,1.7416749,1.4153004
1.9979583,1.9012289,1.8112891,1.474276
2.0659442,1.9579747,1.8754872,1.529325
2.1229131,2.0040565,1.9296038,1.5764314
2.172511,2.0433304,1.9769019,1.6180862
2.2150574,2.0760815,2.017381,1.654104
2.2513719,2.1032436,2.052067,1.6853958
2.280088,2.1233406,2.0793304,1.7101667
2.2986574,2.1339254,2.0969062,1.7263057
2.3054392,2.133442,2.1030924,1.7321182
2.3008196,2.1224616,2.0983453,1.7280872
2.2843738,2.1006973,2.0828056,1.7148118
2.2555268,2.0675378,2.055645,1.6916
2.2102244,2.0186994,2.0123081,1.654229
2.1478944,1.9532332,1.9497633,1.5991246
2.0641155,1.867098,1.8662881,1.5271184
1.9701505,1.7722583,1.7738621,1.4502567
1.8750231,1.6785256,1.6858277,1.3827125
1.7837367,1.5895023,1.6010689,1.3195409
1.6993593,1.5082395,1.5232099,1.2631698
1.6220188,1.4345006,1.4512184,1.2113574
1.5468304,1.3625798,1.3764503,1.1545327
1.4784122,1.298764,1.3098134,1.1046509
1.4174395,1.2443268,1.2556741,1.0671457
1.3665135,1.2016212,1.2143681,1.0407927
1.325169,1.1699696,1.1860096,1.0256927
1.2891861,1.144389,1.1644367,1.0158267
1.2477828,1.1125659,1.1336193,0.99564993
1.1926775,1.0668789,1.0896775,0.96461535
1.1219751,1.0060514,1.0328399,0.92457306
1.0283715,0.92246664,0.9545767,0.86855054
0.9075228,0.8104849,0.8423917,0.78256136
0.7648892,0.6771998,0.70773524,0.6785549
0.61329925,0.5371963,0.56970865,0.5744543
0.46929485,0.4083835,0.44853407,0.48718953
0.3407103,0.2985899,0.35264042,0.42302352
0.23519565,0.21477562,0.28529507,0.38193306
0.15121338,0.15431851,0.24218847,0.35925606
0.08818107,0.11576943,0.22022882,0.35180202
0.043381,0.09549626,0.21515243,0.35601667
0.009887394,0.08537098,0.21786542,0.3644882
-0.012832938,0.084540606,0.22822426,0.3777503
-0.026994696,0.090333946,0.2433445,0.39353877
-0.03317953,0.101906024,0.2618986,0.41070727
-0.032730456,0.11779543,0.28298593,0.42887548
-0.028386716,0.13477911,0.30212244,0.44383702
-0.023231555,0.14972362,0.31662145,0.45376194
-0.018082945,0.1620879,0.32657185,0.45904714
-0.014348098,0.17070134,0.33090565,0.4588143
-0.013356943,0.17370711,0.32425562,0.4466352
-0.017591428,0.16978613,0.31086132,0.42914972
-0.023865078,0.16279057,0.29490045,0.40986583
-0.027410233,0.15904301,0.28731343,0.40024957
-0.024254413,0.1620846,0.28764385,0.39733374
-0.010767573,0.17598005,0.30123216,0.4060895
0.017357083,0.2050646,0.33226818,0.42968872
0.061116736,0.24941033,0.37717038,0.46323484
0.12123268,0.30978966,0.43934086,0.51106757
0.19574803,0.38306066,0.5127701,0.5665781
0.27993727,0.46335876,0.5893959,0.622147
0.37825632,0.5568653,0.68423116,0.6949449
0.4807056,0.65120727,0.77737176,0.7645469
0.58131087,0.7398285,0.85951823,0.8218807
0.6758361,0.81942254,0.9306892,0.8690443
0.7600584,0.8862456,0.98538494,0.90082633
0.8327966,0.9404687,1.0260401,0.9207673
0.8907452,0.9797087,1.0516936,0.92911124
0.9356137,1.0070317,1.0683728,0.9326328
0.9599647,1.0134357,1.0583173,0.9116424
0.95445323,0.9900569,1.0129987,0.85991323
0.91322976,0.9316451,0.92743844,0.7744064
0.8440265,0.8485538,0.82043916,0.67606574
0.75512016,0.74968517,0.7033418,0.5750256
0.6599813,0.6487204,0.590297,0.4819934
0.5671208,0.55345136,0.4884108,0.40106034
0.4823457,0.46886182,0.40036866,0.33235323
0.40501568,0.3929371,0.32041496,0.2687308
0.33469266,0.32523844,0.24996239,0.2124236
0.27383107,0.26791152,0.19005218,0.16369516
0.22038308,0.21873383,0.1392576,0.12199609
0.17175463,0.17450355,0.09322358,0.08334171
0.12576951,0.13249533,0.047955934,0.04388814
0.086115964,0.097264,0.011480991,0.012190641
0.14757206,0.15204604,0.13277738,0.094536446
0.071675435,0.0871293,0.06585006,0.07358459
0.22345164,0.22650416,0.18891367,0.1646385
0.34194958,0.34620532,0.3181317,0.25895295
0.46168736,0.47024593,0.4200083,0.32225844
0.5881837,0.597175,0.5171777,0.3840439
0.71989024,0.7259689,0.6203301,0.45636746
0.8435093,0.8437369,0.718961,0.5308354
0.9496345,0.94118744,0.80172026,0.59585816
1.0317041,1.0123249,0.86278397,0.64568573
1.0872004,1.0551169,0.8988438,0.676403
1.1128201,1.0656574,0.90217465,0.67904496
1.0962704,1.0301452,0.8558215,0.6379131
1.0336581,0.9440947,0.75463367,0.5490508
0.92746484,0.80975586,0.60163623,0.41597134
0.80528104,0.659537,0.4408269,0.28126493
0.6869906,0.51519495,0.29353666,0.16124706
0.5839655,0.389305,0.16937666,0.060793974
0.49786308,0.2838848,0.0676615,-0.022661733
0.42829984,0.19902618,-0.013351008,-0.091647886
0.3757762,0.13612837,-0.07202464,-0.14401387
0.3359099,0.09069965,-0.11289449,-0.18275483
0.30713207,0.060613662,-0.14004773,-0.21174842
0.28901407,0.04600989,-0.14932583,-0.22477436
0.28283238,0.047459524,-0.14274988,-0.22429916
0.27868384,0.05257235,-0.13603602,-0.2251837
0.28035018,0.06618975,-0.11838033,-0.21524759
0.28709623,0.08654963,-0.0940041,-0.19903342
0.29558876,0.10926493,-0.0685507,-0.18201055
0.3028148,0.13034774,-0.04633073,-0.1681902
0.29980755,0.13892065,-0.040676553,-0.17009142
0.28406432,0.13223235,-0.053103816,-0.18850778
0.2554406,0.11115709,-0.07843352,-0.21665826
0.21563926,0.07807098,-0.113780804,-0.25177392
0.1726719,0.042442363,-0.14811994,-0.28402412
0.13197452,0.01080777,-0.17371519,-0.30621472
0.09384504,-0.017074084,-0.1940163,-0.3230435
0.061727203,-0.037753016,-0.20660084,-0.333107
0.032738723,-0.05498554,-0.2168971,-0.34169474
0.0049651526,-0.07107665,-0.227088,-0.35059905
-0.021258153,-0.08562481,-0.23580289,-0.358022
-0.046221487,-0.09922383,-0.24429648,-0.36532712
-0.072397895,-0.11487029,-0.25648573,-0.37626085
-0.099740736,-0.13216715,-0.26960573,-0.38729775
-0.12883244,-0.15168793,-0.28423244,-0.39885727
-0.1579451,-0.17159256,-0.29898947,-0.41012615
-0.18530393,-0.18977211,-0.3110905,-0.41847488
-0.21448785,-0.21030378,-0.3255209,-0.42841905
-0.24178144,-0.2291351,-0.3379828,-0.43641332
-0.26915756,-0.24844828,-0.35084227,-0.44447866
-0.2990835,-0.27115345,-0.36799526,-0.45632157
-0.32954103,-0.29489,-0.38592756,-0.46856448
-0.36133555,-0.32022676,-0.40438342,-0.48044798
-0.39302814,-0.3454393,-0.421322,-0.49011356
-0.4262498,-0.37272242,-0.44092223,-0.5021512
-0.46322778,-0.40432262,-0.46421668,-0.5167289
-0.5057712,-0.44271123,-0.4957763,-0.53894347
-0.55580926,-0.4895149,-0.5346319,-0.5666654
-0.61419255,-0.5455269,-0.5815598,-0.60066867
-0.68010587,-0.6095671,-0.63426673,-0.6386233
-0.7553325,-0.6835561,-0.6949907,-0.6826515
-0.8449117,-0.7733668,-0.7703674,-0.7390998
-0.94783515,-0.87769884,-0.85716486,-0.80469906
-1.0655348,-0.9982695,-0.9575579,-0.8820657
-1.1971536,-1.1340109,-1.0688686,-0.96881753
-1.3370681,-1.278828,-1.1848518,-1.0602837
-1.4806117,-1.4275441,-1.3005557,-1.1526071
-1.6174388,-1.569238,-1.4074916,-1.2398202
-1.7407917,-1.6963315,-1.4990776,-1.3157557
-1.8448706,-1.8026638,-1.5725024,-1.3783956
-1.9267529,-1.8846123,-1.6241821,-1.4227008
-1.9883919,-1.9441422,-1.6584234,-1.452087
-2.0323691,-1.9841099,-1.6784041,-1.4686693
-2.0614116,-2.007473,-1.6866463,-1.4740067
-2.0786014,-2.01789,-1.6871358,-1.4719708
-2.0857792,-2.0174942,-1.6805403,-1.4627478
-2.085234,-2.0090108,-1.6694057,-1.4489294
-2.0767174,-1.9924842,-1.6534786,-1.4307929
-2.0656962,-1.9741676,-1.6394366,-1.4150034
-2.0518832,-1.9541947,-1.6261464,-1.4007102
-2.0334969,-1.930287,-1.6092644,-1.3831867
-2.0097773,-1.901193,-1.5872462,-1.360902
-1.9801228,-1.86613,-1.5598238,-1.3339677
-1.9438446,-1.8240597,-1.5252188,-1.3002219
-1.9020673,-1.7764889,-1.4869651,-1.26409
-1.8548332,-1.7236879,-1.4453355,-1.2260369
-1.8004354,-1.6638569,-1.3984156,-1.1845282
-1.738049,-1.5959296,-1.3448598,-1.1382939
-1.6673998,-1.5196201,-1.2846147,-1.0874202
-1.5866145,-1.4327741,-1.2147005,-1.0289477
-1.4958911,-1.335707,-1.1358167,-0.9637652
-1.3940798,-1.2274255,-1.0468597,-0.89102757
-1.285284,-1.1127497,-0.9520581,-0.81415296
-1.1666148,-0.98851204,-0.846028,-0.7276117
-1.0404645,-0.8571375,-0.72869086,-0.6300548
-0.9054678,-0.71770114,-0.60029703,-0.52281636
-0.76704246,-0.57653475,-0.4659309,-0.4097363
-0.615888,-0.42289567,-0.3103039,-0.2761272
-0.45107454,-0.25620258,-0.13352935,-0.12295553
-0.28268605,-0.08958962,0.044428173,0.029410923
0.13949583,0.14312439,0.12174479,0.084243216
0.0032705204,0.011519391,-0.024437005,-0.007930138
0.030418431,0.01195626,-0.057744224,-0.056921247
-0.01243155,-0.047720417,-0.11696522,-0.13429569
-0.063757576,-0.115605235,-0.2048595,-0.24724339
-0.09796986,-0.17254336,-0.2813392,-0.35012695
-0.11538516,-0.21685988,-0.3363391,-0.42862642
-0.11810632,-0.24673757,-0.36878625,-0.4795732
-0.11463662,-0.26879475,-0.38981974,-0.51375586
-0.10419923,-0.28015146,-0.39810348,-0.5314327
-0.08985355,-0.28287774,-0.3954585,-0.5346735
-0.07913267,-0.28688473,-0.39914915,-0.5429924
-0.07369088,-0.2936416,-0.40564418,-0.55211544
-0.075236954,-0.30601013,-0.42016533,-0.56835574
-0.08247346,-0.322035,-0.43689653,-0.5854944
-0.093299665,-0.33960378,-0.45462754,-0.6031273
-0.103096984,-0.35307604,-0.46568727,-0.61385494
-0.10950321,-0.36016563,-0.47000393,-0.61857045
-0.11275466,-0.3613113,-0.46834436,-0.6180265
-0.11322286,-0.35734764,-0.4623391,-0.6139695
-0.1112843,-0.34917486,-0.45365906,-0.6080724
-0.10609141,-0.33574408,-0.43940073,-0.5969738
-0.099867806,-0.32003778,-0.42385766,-0.58484954
-0.09121282,-0.30069065,-0.4049921,-0.5697059
-0.079518594,-0.2773872,-0.3830062,-0.5519893
-0.06527169,-0.25041795,-0.3561339,-0.5291128
-0.049970217,-0.2222682,-0.3295197,-0.5068025
-0.028282963,-0.18629743,-0.2921096,-0.47362554
0.0022557848,-0.13980457,-0.24148169,-0.42746702
0.044271287,-0.080516696,-0.17762657,-0.3696439
0.101120844,-0.0047668205,-0.09476631,-0.29432583
0.17888398,0.09356027,0.0125427395,-0.19755852
0.2850416,0.22244085,0.15464942,-0.06965676
0.40989208,0.36796534,0.3086748,0.06483586
0.5416604,0.51557666,0.45943984,0.19214498
0.656646,0.63804793,0.5762477,0.2845644
0.7370651,0.7174987,0.6432113,0.33042923
0.76631135,0.73827523,0.6456907,0.31960735
0.7389777,0.6975889,0.584002,0.2559965
0.6726114,0.6179595,0.4899056,0.17259799
0.5868255,0.5225289,0.3921037,0.09594505
0.50412124,0.43585017,0.31513333,0.044674475
0.42845705,0.35957718,0.24999118,0.0039312034
0.35439524,0.28603098,0.18312348,-0.041478306
0.28778583,0.2221991,0.12611778,-0.079512894
0.23120168,0.1713597,0.084992,-0.103424914
0.17785011,0.12470992,0.04478112,-0.12874037
0.12579912,0.079665296,0.0034484095,-0.15698408
0.07287305,0.03419699,-0.037849255,-0.18512918
0.016442956,-0.015128674,-0.084914364,-0.21924204
-0.044198565,-0.06854309,-0.13453144,-0.25477096
-0.1115463,-0.12956384,-0.19363812,-0.2993641
-0.18532856,-0.1973127,-0.25798532,-0.34794092
-0.26067495,-0.26553425,-0.31716314,-0.3895834
-0.3420008,-0.34000885,-0.3821257,-0.43618152
-0.43117127,-0.42296872,-0.45464215,-0.4892543
-0.52978927,-0.51602626,-0.5346722,-0.5479441
-0.6352932,-0.61573064,-0.6159959,-0.6057301
-0.7528377,-0.7284525,-0.708536,-0.672958
-0.8854105,-0.8580817,-0.8167652,-0.7544396
-1.0318866,-1.0033326,-0.9372831,-0.84692204
-1.1824659,-1.1532001,-1.0578274,-0.94010943
-1.3237149,-1.2917342,-1.1583292,-1.0143152
-1.4377337,-1.399385,-1.2241187,-1.0580817
-1.5112848,-1.4606407,-1.2401553,-1.0560309
-1.5363144,-1.4664265,-1.2035216,-1.0063363
-1.5204271,-1.4257225,-1.1301076,-0.9251381
-1.4886894,-1.3698205,-1.0628632,-0.8566992
-1.452225,-1.3129212,-1.0102812,-0.8069305
-1.4130207,-1.2560354,-0.9612194,-0.76043594
-1.3707875,-1.1974125,-0.9086985,-0.7090454
-1.3258597,-1.1371255,-0.85222596,-0.6526423
-1.2777013,-1.0750924,-0.79371357,-0.59442294
-1.2278355,-1.0130067,-0.7339112,-0.5348782
-1.1752483,-0.94978386,-0.6719582,-0.4736419
-1.1204365,-0.8862859,-0.6104423,-0.414114
-1.0647752,-0.82379127,-0.54954165,-0.35576907
-1.007305,-0.76140004,-0.48945668,-0.2994828
-0.94905007,-0.6999177,-0.42989066,-0.24437892
-0.89020485,-0.63940966,-0.37105745,-0.19067787
-0.8305204,-0.5794837,-0.31273904,-0.13825554
-0.7694474,-0.5192976,-0.25347736,-0.085682824
-0.70940375,-0.46162808,-0.19762437,-0.037195295
-0.6489042,-0.4048071,-0.14358383,0.008409761
-0.5878744,-0.34872574,-0.09178549,0.050617162
-0.5287572,-0.29603848,-0.045274824,0.086928695
-0.47234076,-0.24710728,-0.0024873735,0.11989105
-0.41898054,-0.20178767,0.038275037,0.15188394
-0.3695797,-0.16084686,0.07587055,0.18179457
-0.32511684,-0.1251353,0.10935132,0.2089116
-0.28337225,-0.09193254,0.14211744,0.23624611
-0.24253497,-0.059476998,0.17393404,0.2624674
-0.20130546,-0.026185181,0.2075216,0.29031858
-0.16048783,0.0067114756,0.2396386,0.31612393
-0.11914778,0.040214192,0.27157408,0.34102654
-0.077754796,0.073643856,0.30205318,0.36384648
-0.0370121,0.10627095,0.33072624,0.3845684
0.0017058416,0.1362179,0.35380396,0.39904106
0.0351033,0.15969007,0.36571974,0.40177295
0.063598424,0.1763632,0.36115277,0.38553908
0.1444482,0.14856663,0.1284165,0.09042371
0.04956531,0.06261327,0.03653702,0.04700863
0.16765979,0.1648896,0.11945692,0.10272255
0.23706424,0.23101376,0.19391704,0.14846557
0.2849609,0.27577233,0.21385705,0.1382233
0.31922403,0.2987817,0.19977063,0.09768055
0.3447787,0.30810723,0.18077387,0.059626065
0.35388905,0.29616237,0.14573656,0.013054452
0.35102484,0.27035978,0.10504467,-0.032108136
0.33782515,0.23361659,0.060010232,-0.07615191
0.31953424,0.19248258,0.014754683,-0.11757049
0.2954347,0.14628993,-0.03372491,-0.16092446
0.2621667,0.09090183,-0.09267077,-0.21450764
0.23002371,0.039408788,-0.14311908,-0.2596688
0.19723253,-0.010412657,-0.19100314,-0.3030762
0.16549748,-0.056494083,-0.23477577,-0.34381098
0.1375371,-0.09554249,-0.27042887,-0.37795678
0.11171911,-0.12930205,-0.3002859,-0.40743697
0.09057839,-0.15484875,-0.32114542,-0.4292083
0.07863501,-0.16696893,-0.32721952,-0.43770966
0.07309287,-0.16926661,-0.32409036,-0.43833235
0.0709958,-0.16575092,-0.31693327,-0.4360334
0.072406426,-0.15692022,-0.3062993,-0.43138108
0.075154305,-0.14530785,-0.29367054,-0.42492592
0.074902,-0.13622928,-0.2847218,-0.42167035
0.0760252,-0.1247948,-0.27299812,-0.41549918
0.07531832,-0.11495559,-0.26363137,-0.41122136
0.07367189,-0.105663754,-0.25429025,-0.4063608
0.06388584,-0.1057434,-0.25638413,-0.4118488
0.052829336,-0.10704788,-0.25889334,-0.41719988
0.03711076,-0.11346943,-0.266661,-0.42674053
0.021783091,-0.11836383,-0.2686777,-0.42904484
0.01019053,-0.11863764,-0.26535395,-0.42612427
0.0067465077,-0.10897774,-0.24930318,-0.41078448
0.0068298243,-0.09548452,-0.23037483,-0.3931184
0.009890538,-0.079132564,-0.2094926,-0.3740042
0.013472374,-0.063190855,-0.1910311,-0.3577347
0.015819915,-0.049602203,-0.17642109,-0.3451825
0.018075494,-0.036568712,-0.16122139,-0.3312207
0.015158622,-0.030202774,-0.15413499,-0.32442456
0.0031822256,-0.035179403,-0.16144918,-0.33101726
-0.016944805,-0.049753718,-0.17813323,-0.34512845
-0.039225496,-0.06622537,-0.19308013,-0.355691
-0.062270448,-0.08274722,-0.20478919,-0.3615709
-0.08703964,-0.10128447,-0.2197782,-0.3707741
-0.11052449,-0.11812089,-0.23149332,-0.37642244
-0.13435204,-0.13515902,-0.2425814,-0.3809971
-0.16063744,-0.15526748,-0.2584098,-0.3903362
-0.19110282,-0.18031038,-0.27997166,-0.40478152
-0.22270268,-0.20647375,-0.3013045,-0.41829714
-0.25600135,-0.23409735,-0.3223655,-0.43053508
-0.29246557,-0.26518103,-0.34697032,-0.44568136
-0.3334231,-0.30110323,-0.3754123,-0.46340647
-0.3796469,-0.34275308,-0.40915358,-0.4853336
-0.4322625,-0.3912686,-0.44892228,-0.5118169
-0.4957601,-0.45145616,-0.49895298,-0.5461562
-0.5704017,-0.52389884,-0.5608738,-0.59054697
-0.65818673,-0.61028135,-0.6339845,-0.643326
-0.7618137,-0.71334636,-0.7198627,-0.7054584
-0.8823762,-0.8346376,-0.8212623,-0.7805443
-1.0237061,-0.9786976,-0.94263273,-0.8731786
-1.1772078,-1.1358719,-1.0717654,-0.9728325
-1.3348143,-1.2976006,-1.2018266,-1.0754672
-1.4849962,-1.4509273,-1.3187423,-1.1683818
-1.6202948,-1.588439,-1.4205104,-1.2520192
-1.7311945,-1.6996357,-1.4970548,-1.3161744
-1.8170899,-1.783374,-1.5487676,-1.3596371
-1.8799773,-1.8418833,-1.5807557,-1.3866639
-1.9260598,-1.8819984,-1.6001327,-1.402563
-1.9589082,-1.9078488,-1.6106136,-1.4102349
-1.9795485,-1.9204111,-1.6111494,-1.4076631
-1.9914421,-1.9236386,-1.6062216,-1.3993992
-2.0001066,-1.9246198,-1.6053883,-1.3962325
-2.0034933,-1.9209521,-1.6012063,-1.3895035
-2.0007648,-1.9114473,-1.5923169,-1.3781368
-1.9924539,-1.8964962,-1.5790952,-1.3625929
-1.9781667,-1.8754715,-1.5599773,-1.3410308
-1.9580514,-1.8485713,-1.535918,-1.3149059
-1.9338219,-1.8182386,-1.511863,-1.2902555
-1.9071202,-1.7866108,-1.4893754,-1.2686868
-1.8751771,-1.7501671,-1.4622298,-1.2433511
-1.836467,-1.7068392,-1.4285588,-1.2125627
-1.7897458,-1.6547426,-1.3853223,-1.1728235
-1.7332237,-1.5915463,-1.3298316,-1.1213837
-1.6666771,-1.5172269,-1.2640032,-1.0609207
-1.5891061,-1.430147,-1.1828616,-0.9851222
-1.5058249,-1.3372233,-1.0978513,-0.9067508
-1.4209573,-1.2449157,-1.0195707,-0.8379734
-1.3376817,-1.1573606,-0.95027626,-0.7801681
-1.2540575,-1.0717436,-0.88324505,-0.72574407
-1.171711,-0.9893549,-0.8192049,-0.67493856
-1.0902998,-0.90969044,-0.75776845,-0.6275439
-1.0053649,-0.82678264,-0.68876326,-0.57266814
-0.9214898,-0.746079,-0.62158066,-0.5201344
-0.8392925,-0.66917336,-0.5612562,-0.4761629
-0.7669191,-0.60581297,-0.52054614,-0.45292827
-0.70407254,-0.5547867,-0.49435323,-0.44390175
-0.6451919,-0.50794727,-0.46771502,-0.4326424
-0.5913022,-0.465714,-0.44168693,-0.42015547
-0.545681,-0.43182203,-0.4217477,-0.4115735
0.14607419,0.15044372,0.13095635,0.09290204
0.057027664,0.071206436,0.047806997,0.057783686
0.17447159,0.17234701,0.12730052,0.11007882
0.23736764,0.23075691,0.19140096,0.14664805
0.2724854,0.26039755,0.1922779,0.118499
0.29233155,0.26686528,0.16065904,0.061929975
0.28993317,0.24353828,0.10520111,-0.010241919
0.2663032,0.19320975,0.029904112,-0.09408105
0.23330504,0.13181716,-0.044530973,-0.17011648
0.20576857,0.078519635,-0.09770229,-0.22058043
0.1879283,0.038812157,-0.13073501,-0.24975507
0.18515317,0.019306686,-0.14026342,-0.2565044
0.202034,0.025736248,-0.12142123,-0.2370297
0.23289894,0.050592538,-0.08806686,-0.2062422
0.26158926,0.07365611,-0.066605344,-0.19027309
0.28402138,0.090832084,-0.053974073,-0.1834349
0.30596983,0.109982684,-0.035287287,-0.16919757
0.33575952,0.14081092,-0.0004418897,-0.13855508
0.3717309,0.1803101,0.04246446,-0.10110837
0.41552252,0.22996989,0.09558696,-0.055051107
0.4706164,0.29339036,0.1631067,0.0033785305
0.53666615,0.36969727,0.2437571,0.07285791
0.6142414,0.4586635,0.33591485,0.1509845
0.7060199,0.56318736,0.4455353,0.24413185
0.81211305,0.6826604,0.5718613,0.35157207
0.9335863,0.8171859,0.7141896,0.471875
1.0682153,0.9628508,0.8665408,0.5987064
1.211583,1.1146003,1.0268524,0.7320424
1.3514085,1.2579707,1.1768126,0.8543691
1.4788177,1.3838643,1.3071929,0.9579961
1.5868597,1.4864993,1.4148835,1.0423934
1.6723936,1.5643144,1.4994255,1.1086608
1.7352113,1.6185836,1.5629348,1.1596472
1.7751662,1.650033,1.6056496,1.1954354
1.7902102,1.6570469,1.6251475,1.2133762
1.7791747,1.6388785,1.6204582,1.2124345
1.7387588,1.5922047,1.5869149,1.187923
1.662853,1.5113373,1.5206513,1.1381605
1.5523015,1.3972282,1.4211539,1.0629535
1.4088526,1.2517636,1.2904298,0.96516097
1.2403692,1.0833259,1.1371224,0.8530653
1.062908,0.90905136,0.9795731,0.7424619
0.8911807,0.7444272,0.8342807,0.64621437
0.7364897,0.60102344,0.71220416,0.57122153
0.6053234,0.48504245,0.6178912,0.51870227
0.49924174,0.39734066,0.5503122,0.48575774
0.4164217,0.3353849,0.5063412,0.4691647
0.35203302,0.293199,0.4791091,0.46299413
0.30186898,0.2655415,0.46296135,0.46267805
0.2644351,0.2505296,0.45771602,0.46925956
0.237801,0.2456854,0.4612755,0.4815754
0.22140908,0.24995747,0.47221255,0.49842903
0.2111742,0.25839323,0.48483673,0.514916
0.20722583,0.27136028,0.50125813,0.5337081
0.2076445,0.2865946,0.5185774,0.55222017
0.21198957,0.3036966,0.53638685,0.5701087
0.22093013,0.32331753,0.554913,0.58736175
0.22995088,0.34063157,0.5688672,0.5995147
0.24067675,0.35773167,0.5809628,0.60906595
0.24838747,0.3694805,0.5847776,0.6102036
0.25373232,0.37713158,0.58271956,0.605532
0.25415835,0.37774,0.5696423,0.58961636
0.24718802,0.36869866,0.54163134,0.55851173
0.23683684,0.3558739,0.51112974,0.5260233
0.2319159,0.34909892,0.4890933,0.50156856
0.23953703,0.35571226,0.48241368,0.49000677
0.27230516,0.38978994,0.5103087,0.50954837
0.3281976,0.4471654,0.56275743,0.5486431
0.39617676,0.5135219,0.6169951,0.584037
0.461549,0.57329,0.6596828,0.60663074
0.50684345,0.6084493,0.6718118,0.60121214
0.51837313,0.60633844,0.6424696,0.5607858
0.50163436,0.5758141,0.58759487,0.5029664
0.46980366,0.5329652,0.5294227,0.4490344
0.43244106,0.48768157,0.47544578,0.40301004
0.39571512,0.44536185,0.42728326,0.3633282
0.3702338,0.41754314,0.4003841,0.3441893
0.36767247,0.41651812,0.4086086,0.35736728
0.39854214,0.45248795,0.4610452,0.40940636
0.45963535,0.519304,0.54459465,0.48542297
0.53707856,0.5991977,0.6325475,0.5586422
0.6072847,0.66587985,0.69416946,0.60186464
0.65408623,0.7040302,0.7176869,0.6086856
0.671566,0.71028024,0.7054261,0.5852111
0.6546511,0.6813748,0.6562331,0.53259075
0.6062755,0.6216029,0.5751392,0.45557323
0.53642094,0.54295707,0.48009118,0.37180638
0.45681882,0.45789295,0.3845417,0.29185688
0.3768326,0.3755382,0.29640776,0.22051731
0.29489657,0.29264715,0.20800889,0.1484925
0.21709442,0.21567433,0.12786873,0.08357868
0.14598118,0.14688373,0.057888817,0.02702747
0.08379462,0.088480435,0.0004492287,-0.019102087
0.027523566,0.036540154,-0.050397504,-0.06056458
-0.022615325,-0.009240604,-0.09606273,-0.09900291
-0.065606266,-0.04734387,-0.13208711,-0.12899475
-0.10113406,-0.077922344,-0.16100466,-0.1537832
-0.13036829,-0.10215702,-0.18290778,-0.17264141
-0.15384424,-0.12064407,-0.19814356,-0.18560417
-0.17196196,-0.13412693,-0.20896715,-0.19528568
0.14484881,0.1490266,0.1290452,0.09102569
0.053764686,0.0674259,0.042748984,0.052871767
0.1797947,0.17845659,0.13495512,0.11673451
0.26675856,0.2640782,0.23024389,0.18110602
0.33778793,0.33439383,0.27590245,0.19360329
0.39899066,0.3881235,0.2946539,0.18352385
0.4477682,0.42403397,0.3013356,0.16904995
0.48640728,0.44701272,0.30366102,0.158052
0.53927463,0.4879766,0.3409445,0.18783213
0.61991954,0.56245124,0.42231077,0.26285645
0.725735,0.6656607,0.5309108,0.36158276
0.84846586,0.7875146,0.65537786,0.47218162
0.9804669,0.91893727,0.78774065,0.5873982
1.1173339,1.0548807,0.92490864,0.7052427
1.2550582,1.1907433,1.0636406,0.8233942
1.38747,1.3192836,1.195192,0.9336437
1.5127932,1.4390455,1.3198923,1.0376643
1.6312973,1.550524,1.4381369,1.136229
1.7393582,1.6498803,1.5443974,1.2241575
1.8379167,1.7388079,1.6413912,1.3047702
1.9241695,1.8146775,1.7258426,1.375236
1.997264,1.8771017,1.7971101,1.4350437
2.0591323,1.9285042,1.8577178,1.4866105
2.1082954,1.9675298,1.905867,1.527971
2.1489766,1.9984865,1.9445155,1.560885
2.1753314,2.0154047,1.9679302,1.5799335
2.1845634,2.0157416,1.9736692,1.5828675
2.1766226,1.9997896,1.96242,1.5709006
2.1438496,1.9596642,1.9260343,1.5365831
2.0949206,1.9052436,1.8765581,1.4933544
2.0426188,1.8496835,1.8277748,1.4547125
1.9983655,1.8044391,1.791571,1.4310855
1.9638592,1.7696362,1.7644515,1.4156368
1.937812,1.7433156,1.7434397,1.4040729
1.9133232,1.71789,1.7199185,1.3875263
1.8817399,1.6847417,1.6855695,1.3590391
1.8436955,1.6458957,1.6457983,1.3262093
1.8011054,1.603583,1.6028929,1.2916876
1.7641678,1.5694512,1.5723629,1.2715158
1.7406012,1.5507883,1.5606085,1.2702713
1.7262875,1.542066,1.559928,1.278921
1.7138256,1.5346817,1.55913,1.2856579
1.6856451,1.5100012,1.5380552,1.2721021
1.6265463,1.4529505,1.4807884,1.2249762
1.5305915,1.3590783,1.3853577,1.1461014
1.3972553,1.2289191,1.2536436,1.0398302
1.2322613,1.0688682,1.0923967,0.9132358
1.0447539,0.8884432,0.9118606,0.7752018
0.8533889,0.707364,0.7334967,0.6432124
0.67017895,0.53813595,0.5723057,0.5290564
0.4988655,0.38291928,0.42416686,0.42397472
0.33156747,0.23182952,0.27447107,0.3119043
0.15209973,0.06558794,0.09763578,0.1674056
-0.03772658,-0.11199129,-0.09025273,0.009527122
-0.22451259,-0.28437686,-0.25951183,-0.13051417
-0.3956605,-0.43773413,-0.39495575,-0.23943305
-0.5414759,-0.56229687,-0.49022263,-0.31319544
-0.65826976,-0.65593934,-0.5522069,-0.36121687
-0.7429634,-0.7165821,-0.5844841,-0.3880874
-0.7971691,-0.7467692,-0.5932238,-0.39931715
-0.81906307,-0.7444079,-0.57573956,-0.39102352
-0.8103643,-0.7114898,-0.53476316,-0.36471146
-0.7761177,-0.6542797,-0.47858804,-0.32796058
-0.72339964,-0.58084685,-0.4129204,-0.28419563
-0.66203815,-0.502775,-0.349748,-0.24398845
-0.5993176,-0.42762935,-0.2920996,-0.20774175
-0.53931016,-0.3593998,-0.24195687,-0.17646642
-0.48626462,-0.30168855,-0.19998734,-0.14961226
-0.44218794,-0.25643256,-0.1698833,-0.13167712
-0.40658966,-0.2222682,-0.14948958,-0.1208366
-0.38069227,-0.20020679,-0.14120543,-0.12004488
-0.36177284,-0.18565273,-0.13574754,-0.1191819
-0.34709072,-0.1758557,-0.13432993,-0.12150569
-0.33759,-0.17139204,-0.13640817,-0.12599999
-0.33126813,-0.16991861,-0.1399015,-0.13103558
-0.32354903,-0.1662295,-0.1389914,-0.13150829
-0.31300867,-0.15849262,-0.13108732,-0.124749854
-0.3019354,-0.15002033,-0.1231144,-0.11844465
-0.28592286,-0.13596866,-0.108801425,-0.10663614
-0.27097663,-0.12341421,-0.09745031,-0.098036766
-0.25285026,-0.1072305,-0.08119282,-0.08468292
-0.23570324,-0.0926232,-0.06826075,-0.07494216
-0.21765468,-0.0768502,-0.052455503,-0.06191809
-0.1888745,-0.048446648,-0.01847619,-0.030921588
-0.15609379,-0.016251244,0.017535256,0.0007344829
-0.11837959,0.020591844,0.057823736,0.035627045
-0.08006304,0.05691889,0.095847294,0.06765101
-0.04365884,0.089937136,0.1279242,0.09338594
-0.005389971,0.12505206,0.16573249,0.12595512
0.031950623,0.15850954,0.20062378,0.15542535
0.06319153,0.18480462,0.22705905,0.17742704
0.08870691,0.2049364,0.24833243,0.19607085
0.1170092,0.22998922,0.28380862,0.23185621
0.14836435,0.25985652,0.33108753,0.28151187
0.16939294,0.27841616,0.36559668,0.32048318
0.1551235,0.2573621,0.349524,0.31335643
0.09308654,0.18454258,0.27022406,0.25043663
-0.01308053,0.06694756,0.1428083,0.14869303
-0.14798874,-0.076315776,-0.0045032366,0.0350549
-0.2917469,-0.2236344,-0.14696495,-0.070564896
0.13879786,0.14246367,0.121187836,0.083899766
0.0075524272,0.016680289,-0.017182065,-0.00076444604
0.046389315,0.030282607,-0.035353206,-0.036067165
0.01861548,-0.012417447,-0.07676977,-0.09703707
-0.014081379,-0.05849699,-0.14158362,-0.18760896
-0.035389517,-0.09966046,-0.2041338,-0.27618995
-0.042332847,-0.13101111,-0.25008687,-0.34520572
-0.04047027,-0.1547135,-0.28016022,-0.39246342
-0.032017022,-0.17065379,-0.2987037,-0.4233516
-0.018261893,-0.17769389,-0.30350745,-0.4359317
-0.0060399994,-0.18349901,-0.3081518,-0.44544148
0.0017241818,-0.19185866,-0.31806427,-0.4588059
0.0018654012,-0.2062096,-0.33468074,-0.47713402
-0.0042193444,-0.224806,-0.35447246,-0.49720424
-0.012077322,-0.24243791,-0.37130275,-0.51357645
-0.01746462,-0.2539612,-0.37886995,-0.5204145
-0.020937461,-0.26082978,-0.38293087,-0.5247043
-0.026022406,-0.26767075,-0.38926154,-0.5321138
-0.026501609,-0.26690516,-0.38615888,-0.5307
-0.020588737,-0.25646555,-0.37200737,-0.51884615
-0.007387216,-0.23581915,-0.34804982,-0.49844652
0.013861971,-0.20411433,-0.31176093,-0.46639854
0.048451535,-0.15582287,-0.2581092,-0.4186433
0.089897186,-0.09961428,-0.20007765,-0.36838257
0.1297103,-0.046259943,-0.15020882,-0.32761672
0.16274619,-0.0016672658,-0.111943915,-0.29813778
0.19301534,0.03952472,-0.0753388,-0.26913217
0.22895265,0.08809258,-0.02449416,-0.22431077
0.27660564,0.15031883,0.043841604,-0.16256301
0.33247924,0.22078198,0.11881361,-0.09623809
0.39151156,0.29259062,0.19102798,-0.03495229
0.44749048,0.3588778,0.2552603,0.017779103
0.4860216,0.40332627,0.29267058,0.04519442
0.5025697,0.4218746,0.30178994,0.047719978
0.5001933,0.4196587,0.29285204,0.037258547
0.4841027,0.4034097,0.273431,0.020841591
0.4555088,0.3746183,0.2435823,-0.0023868354
0.42354712,0.34367788,0.21450537,-0.023012228
0.38483468,0.30578387,0.17593822,-0.052643213
0.34340003,0.2662267,0.13734186,-0.08141452
0.29916355,0.22439851,0.09571087,-0.1131694
0.2476895,0.17544469,0.04594466,-0.15217532
0.19763865,0.12955223,0.0022085202,-0.18475154
0.14919621,0.08671788,-0.03683256,-0.21265802
0.1007357,0.044595134,-0.07564481,-0.24081638
0.05541399,0.0067204298,-0.1086381,-0.26358268
0.013605471,-0.02677003,-0.13661197,-0.2820104
-0.020207785,-0.05054239,-0.15144975,-0.2878081
-0.05393746,-0.07475115,-0.16960482,-0.297913
-0.089866385,-0.10220462,-0.19343452,-0.3140675
-0.12978745,-0.13478106,-0.22359799,-0.3362049
-0.17661723,-0.17505948,-0.2604509,-0.3632059
-0.22931404,-0.2218669,-0.30320936,-0.3948713
-0.28542268,-0.27204108,-0.346739,-0.4258819
-0.3456864,-0.32645673,-0.3926994,-0.458177
-0.40992206,-0.38478604,-0.44044143,-0.49104446
-0.4825379,-0.4520971,-0.49574625,-0.5296549
-0.5645882,-0.5300287,-0.561892,-0.577956
-0.6606398,-0.6235257,-0.64277035,-0.6388249
-0.7679024,-0.728629,-0.72987944,-0.70311743
-0.89000285,-0.84975976,-0.8302763,-0.7784962
-1.0251948,-0.98490375,-0.9400745,-0.8613021
-1.1752988,-1.1366811,-1.0635979,-0.957032
-1.332662,-1.2973483,-1.19442,-1.0621291
-1.4856626,-1.4536731,-1.316648,-1.1618767
-1.6231564,-1.5934366,-1.4207132,-1.2486988
-1.7376845,-1.7080048,-1.4988222,-1.3142486
-1.8285881,-1.7968698,-1.5551667,-1.3625095
-1.898205,-1.8625658,-1.5933394,-1.3955951
-1.9486623,-1.9072475,-1.6152915,-1.4138781
-1.9848566,-1.9363575,-1.6273842,-1.4229645
-2.0103502,-1.9542154,-1.6338469,-1.4268849
-2.0263417,-1.9621968,-1.6341051,-1.4244895
-2.0344136,-1.9622188,-1.6301959,-1.4181188
-2.036656,-1.9564983,-1.6226816,-1.4077207
-2.0335484,-1.9458362,-1.6127048,-1.3951043
-2.0233827,-1.9283472,-1.5974433,-1.3776678
-2.0075984,-1.905304,-1.577556,-1.355628
-1.9846544,-1.8750858,-1.5518419,-1.328444
-1.9564987,-1.8397831,-1.5224669,-1.2981288
-1.9218901,-1.7979649,-1.4872018,-1.262446
-1.8846318,-1.7542727,-1.4530506,-1.2291623
-1.8440326,-1.7080944,-1.4179274,-1.1960793
-1.7990681,-1.6583529,-1.3809668,-1.1628499
-1.7480133,-1.6025223,-1.3373514,-1.123861
-1.6909766,-1.5408452,-1.2892158,-1.0820653
-1.6255342,-1.4706717,-1.2337765,-1.0350966
-1.5511602,-1.3911787,-1.1692675,-0.9807984
-1.4678165,-1.3022768,-1.0955678,-0.91903245
-1.3744844,-1.2033718,-1.0135912,-0.85166013
-1.270089,-1.0932826,-0.9204837,-0.77540284
-1.1594568,-0.9782063,-0.82451844,-0.69867015
-1.0449314,-0.8611035,-0.7271959,-0.6221589
-0.93085873,-0.7476335,-0.6361032,-0.55343
-0.8201823,-0.6405688,-0.5505369,-0.4899969
-0.717574,-0.54492724,-0.4762574,-0.43696207
-0.62145084,-0.4574842,-0.40488428,-0.38434815
-0.53270406,-0.3789326,-0.33947447,-0.33592772
-0.45732984,-0.3161142,-0.2906995,-0.30234167
-0.39787492,-0.2716186,-0.26202685,-0.28669488
0.14727207,0.15176328,0.13264012,0.09444115
0.051550504,0.065143526,0.040874965,0.051630534
0.1564571,0.15259178,0.10607638,0.091719635
0.21913804,0.21159123,0.17440128,0.1326336
0.27836788,0.27008548,0.2135959,0.1403677
0.34113318,0.32645997,0.23932654,0.13624668
0.40176004,0.3759878,0.2624351,0.13556351
0.46857697,0.43159458,0.3038542,0.16013011
0.5517397,0.5062926,0.37393215,0.21741752
0.642305,0.58966106,0.45363256,0.2859113
0.7372888,0.6785764,0.53942984,0.36094555
0.8257293,0.7600673,0.615396,0.4263184
0.90167546,0.82806283,0.67785186,0.47956398
0.9575616,0.8740038,0.7170181,0.5116546
0.98197865,0.88556886,0.7204641,0.5122264
0.9779103,0.8665337,0.69299006,0.48644298
0.94320756,0.81424046,0.6302934,0.43026626
0.8804113,0.73193,0.5373685,0.34908754
0.79888403,0.63023424,0.4267768,0.25430617
0.70792043,0.5193242,0.3079293,0.152807
0.61695474,0.41060084,0.19541141,0.0578334
0.53381556,0.31302214,0.09743512,-0.024765952
0.46419784,0.23364533,0.021593265,-0.08848658
0.40637913,0.1698455,-0.039832577,-0.14238733
0.35697177,0.118284136,-0.08851388,-0.18678036
0.31461224,0.076939456,-0.12848093,-0.22566324
0.2761377,0.042236418,-0.16233592,-0.26038513
0.24038382,0.012905401,-0.18973279,-0.28938904
0.2092443,-0.009184051,-0.20860982,-0.31064397
0.1800174,-0.027775723,-0.2245227,-0.32952932
0.15106063,-0.045035582,-0.23916087,-0.34727037
0.12396013,-0.059248194,-0.24953367,-0.36053225
0.100295015,-0.06870874,-0.25337455,-0.36701187
0.08046981,-0.0734528,-0.25202492,-0.36846438
0.0637834,-0.07491445,-0.24862273,-0.36836952
0.043672614,-0.08069248,-0.25066093,-0.3730082
0.021386681,-0.08954815,-0.25671518,-0.3811448
-0.003101904,-0.10137754,-0.2655811,-0.39115775
-0.031038443,-0.11740102,-0.278179,-0.40368217
-0.058649313,-0.13319358,-0.2889842,-0.41355136
-0.08541863,-0.14827922,-0.29842648,-0.42158523
-0.11103671,-0.1624619,-0.30699056,-0.42855495
-0.13651356,-0.1769071,-0.31566897,-0.4352189
-0.16084102,-0.19030724,-0.32231,-0.43928814
-0.18468665,-0.20381507,-0.32993832,-0.44432062
-0.2081204,-0.21728072,-0.3371839,-0.44851288
-0.23051377,-0.23022397,-0.34441504,-0.45264924
-0.25260502,-0.24307767,-0.3504401,-0.45479363
-0.2733606,-0.254875,-0.3553106,-0.45558453
-0.29457444,-0.26776335,-0.36168024,-0.4575423
-0.31704953,-0.28277007,-0.37109226,-0.46227708
-0.34023386,-0.29884303,-0.38043317,-0.4660528
-0.36662012,-0.3189324,-0.3941435,-0.47334257
-0.39253193,-0.33839804,-0.4050161,-0.4768871
-0.42215157,-0.3622152,-0.4204121,-0.48395938
-0.45552754,-0.39001787,-0.43774575,-0.49130425
-0.49212822,-0.42125612,-0.45719662,-0.49934533
-0.5364428,-0.46068695,-0.48299462,-0.5112943
-0.59727955,-0.51841563,-0.5270247,-0.5380252
-0.67642576,-0.59647256,-0.59084207,-0.5809431
-0.7834074,-0.7058906,-0.6878227,-0.6531556
-0.9215084,-0.8498632,-0.81763333,-0.7537589
-1.0774921,-1.0124861,-0.9574384,-0.86147237
-1.2413526,-1.1828841,-1.0989958,-0.97190386
-1.3962636,-1.3431643,-1.2267439,-1.0737015
-1.5288782,-1.4784566,-1.3259697,-1.1530365
-1.6380773,-1.5882791,-1.4028186,-1.2168095
-1.7234462,-1.6720926,-1.4566239,-1.2623153
-1.7920036,-1.737916,-1.4980808,-1.2987497
-1.8446418,-1.7864125,-1.5253768,-1.3223599
-1.8845634,-1.8211186,-1.5430248,-1.337025
-1.9172459,-1.8484443,-1.5582132,-1.3497328
-1.9444661,-1.8705001,-1.5712223,-1.360219
-1.964721,-1.8855765,-1.5789347,-1.3651763
-1.9760392,-1.8911978,-1.5782765,-1.361702
-1.9814682,-1.890769,-1.573968,-1.3547126
-1.980989,-1.8846387,-1.5665658,-1.3452932
-1.9733416,-1.8713585,-1.5536923,-1.330985
-1.9588817,-1.8511729,-1.5356988,-1.3122116
-1.9359853,-1.8220383,-1.5095078,-1.2857747
-1.9067285,-1.7865305,-1.4799471,-1.2573037
-1.8690269,-1.7422538,-1.4428025,-1.222262
-1.825191,-1.691893,-1.401982,-1.1848338
-1.7720456,-1.6319044,-1.3529863,-1.1408702
-1.7108185,-1.5635678,-1.2971216,-1.0914192
-1.6378498,-1.4822042,-1.2266805,-1.0281957
-1.5554401,-1.3907444,-1.147286,-0.95754635
-1.4668984,-1.2937338,-1.0649264,-0.8858571
-1.3756678,-1.1965795,-0.988566,-0.8235256
-1.2804667,-1.0974543,-0.9112329,-0.762038
-1.1800458,-0.9941857,-0.82795006,-0.6956296
-1.0735515,-0.88546187,-0.736716,-0.62220323
-0.9596135,-0.769357,-0.63303626,-0.5366435
-0.8452138,-0.6549697,-0.53201467,-0.45500866
-0.7263726,-0.53737605,-0.4235068,-0.36612403
-0.6042949,-0.4177878,-0.30897307,-0.27135447
-0.4744876,-0.29019,-0.17713448,-0.15855944
-0.3357463,-0.15340854,-0.026887162,-0.02703423
-0.2035731,-0.027121127,0.11004093,0.09063666
-0.09560791,0.06862434,0.20914572,0.17279603
0.14200556,0.14588416,0.12514572,0.08739561
0.037423328,0.049512856,0.021804364,0.034148417
0.13152964,0.12515198,0.07461856,0.06306101
0.17663129,0.1647256,0.12242439,0.08503991
0.21705197,0.20216109,0.140442,0.073105656
0.26124552,0.237383,0.14636944,0.050615918
0.3112298,0.27496314,0.16203785,0.04351817
0.36619058,0.31631583,0.18894997,0.05365148
0.42807713,0.36590448,0.23139492,0.08449138
0.48852634,0.41425744,0.27265754,0.117217995
0.52811915,0.43846524,0.28248736,0.120925136
0.5299133,0.41990185,0.24505581,0.0825649
0.4943669,0.36005175,0.16742045,0.010547536
0.44681242,0.29022813,0.09323359,-0.052376818
0.39710215,0.22056895,0.024716768,-0.108589344
0.35885662,0.16711025,-0.021303488,-0.14394033
0.3281038,0.12404024,-0.058391284,-0.17377059
0.30728298,0.094524026,-0.08215528,-0.19376272
0.28931957,0.069573484,-0.10613204,-0.21734683
0.26807067,0.042610608,-0.13477966,-0.24707393
0.23970313,0.008756795,-0.1741132,-0.28840655
0.2107398,-0.02297158,-0.20700969,-0.32258362
0.17911454,-0.055551067,-0.24040721,-0.35709897
0.14715312,-0.086172424,-0.2701923,-0.387943
0.11875859,-0.110564984,-0.29211107,-0.41142893
0.091353655,-0.13181393,-0.30996576,-0.43087006
0.067911245,-0.1467966,-0.32045186,-0.44343007
0.047688063,-0.15699469,-0.3271515,-0.45308384
0.027238768,-0.16648893,-0.33355454,-0.46233344
0.008993441,-0.17285158,-0.33698758,-0.4689183
-0.008740721,-0.17811756,-0.33937663,-0.4741979
-0.02436655,-0.1804777,-0.33783865,-0.47523323
-0.041238986,-0.18430984,-0.33896676,-0.47856292
-0.057022016,-0.18704204,-0.33894464,-0.48061454
-0.07564803,-0.19306183,-0.34195423,-0.48455408
-0.09240204,-0.19724035,-0.3429845,-0.4864468
-0.10929806,-0.20166065,-0.34331596,-0.48679605
-0.12467996,-0.20468292,-0.34203976,-0.48534372
-0.13984072,-0.20807019,-0.34210527,-0.4851333
-0.155771,-0.21264741,-0.34263572,-0.484569
-0.17015782,-0.21601276,-0.34203288,-0.4827345
-0.1825736,-0.21744661,-0.33850303,-0.4775968
-0.19378442,-0.21800365,-0.33417428,-0.47143805
-0.20294167,-0.21669304,-0.32738763,-0.46260065
-0.21278955,-0.21703872,-0.32377017,-0.4568643
-0.2258923,-0.2221558,-0.32722306,-0.45798227
-0.24411745,-0.23352264,-0.33634034,-0.46327162
-0.26527336,-0.24881706,-0.35012764,-0.47272134
-0.2917739,-0.27009428,-0.36838952,-0.4849769
-0.32106,-0.29456952,-0.38941944,-0.49924383
-0.354595,-0.32368708,-0.41396567,-0.5158066
-0.3904663,-0.3551171,-0.43933815,-0.53232217
-0.4276827,-0.3877984,-0.46476173,-0.5482909
-0.46776384,-0.42365372,-0.49355933,-0.56724274
-0.5113008,-0.46333078,-0.52575535,-0.5889022
-0.5590631,-0.50752,-0.56138426,-0.6129524
-0.61266905,-0.55820906,-0.6033388,-0.64237
-0.673959,-0.61718994,-0.6521027,-0.6769336
-0.74275404,-0.6842345,-0.7071864,-0.71630865
-0.82047915,-0.76082087,-0.769733,-0.7614139
-0.9077742,-0.84777665,-0.84085226,-0.8135582
-1.0062544,-0.94667256,-0.92040694,-0.8719985
-1.1176077,-1.0596447,-1.0115662,-0.9403549
-1.2411854,-1.186076,-1.1129409,-1.0176626
-1.3747543,-1.3237096,-1.2224773,-1.1029385
-1.5124004,-1.4662266,-1.3343387,-1.1920952
-1.6453146,-1.6038973,-1.4392241,-1.2773309
-1.7636482,-1.7257901,-1.527399,-1.3500268
-1.8631203,-1.8271165,-1.5969285,-1.4083979
-1.9421419,-1.9059967,-1.6473422,-1.4511298
-2.001562,-1.9633849,-1.6813638,-1.4801942
-2.0442536,-2.0022295,-1.7015043,-1.4966481
-2.0732784,-2.0259845,-1.7116112,-1.5038418
-2.0906894,-2.0368445,-1.7122415,-1.5013583
-2.098766,-2.0378768,-1.7081366,-1.4948113
-2.0997353,-2.0315657,-1.6997467,-1.4839449
-2.0950656,-2.019762,-1.688566,-1.4704291
-2.0841002,-2.0019326,-1.6737719,-1.4538698
-2.0691445,-1.9804752,-1.6569182,-1.4354767
-2.049625,-1.9549209,-1.6374545,-1.4151129
-2.0245206,-1.923976,-1.6132019,-1.3904891
-1.992919,-1.8864305,-1.5829476,-1.3605803
-1.9552034,-1.8426585,-1.5475843,-1.3265224
-1.9107443,-1.7920198,-1.5067075,-1.2881393
-1.8602005,-1.7355316,-1.4625953,-1.2483658
-1.8038255,-1.6734161,-1.4141924,-1.2057272
-1.7373589,-1.6008489,-1.3564012,-1.1557337
-1.6632082,-1.520614,-1.2934296,-1.1028644
-1.5783108,-1.4292417,-1.2200761,-1.0418183
-1.4819232,-1.3258734,-1.135437,-0.97177255
-1.374398,-1.211191,-1.040623,-0.8940387
-1.2565202,-1.086136,-0.93447876,-0.8066535
-1.1308124,-0.95378995,-0.8191824,-0.7111921
-1.0011141,-0.8192586,-0.7007337,-0.61363035
-0.8709888,-0.6872025,-0.584274,-0.51888406
-0.74661255,-0.56523126,-0.47966188,-0.43659106
-0.62719756,-0.45149645,-0.38067368,-0.3592119
-0.5080297,-0.33919686,-0.27607217,-0.27481034
-0.38191557,-0.21901476,-0.1526254,-0.17052539
-0.23942971,-0.080228984,0.0022644235,-0.03518595
0.14353512,0.14751853,0.12705019,0.08909175
0.046394292,0.059092395,0.032241214,0.043048773
0.16554543,0.16284806,0.11784448,0.10150037
0.24375317,0.23908712,0.20437182,0.15812244
0.29986414,0.29252934,0.23115754,0.15287618
0.32630962,0.3057174,0.20218909,0.09775181
0.31949544,0.27591136,0.13222753,0.010748886
0.28669745,0.21470445,0.043776106,-0.084399335
0.23971309,0.13701153,-0.04885348,-0.1763094
0.19219318,0.06003117,-0.12852745,-0.2509449
0.14718378,-0.012690313,-0.19915962,-0.31573716
0.112234995,-0.07127034,-0.25046316,-0.36200425
0.08431994,-0.11905966,-0.29034176,-0.39854094
0.06297984,-0.15642776,-0.32073325,-0.4276895
0.04680852,-0.18465717,-0.3419609,-0.4490525
0.039606072,-0.19961227,-0.35061783,-0.4599243
0.034688547,-0.20896608,-0.3548907,-0.46715897
0.028122503,-0.21817732,-0.36246875,-0.47861782
0.01792851,-0.22994639,-0.37555933,-0.49615878
0.0049525765,-0.24278902,-0.38879594,-0.5132593
-0.00674531,-0.25205162,-0.39735022,-0.5255569
-0.020395903,-0.2615294,-0.4055962,-0.5369758
-0.034400985,-0.26980066,-0.41264004,-0.5471526
-0.046087343,-0.27375346,-0.4140831,-0.55162346
-0.055873133,-0.27421555,-0.41209415,-0.5528239
-0.063074276,-0.27096352,-0.4077028,-0.5523326
-0.07102028,-0.26769266,-0.40320256,-0.55122906
-0.07681997,-0.26131377,-0.39496702,-0.5462724
-0.07907136,-0.25026646,-0.38114008,-0.535573
-0.08051447,-0.238159,-0.36704072,-0.5245046
-0.07917642,-0.22299182,-0.3501391,-0.51082885
-0.07727769,-0.20741606,-0.33306143,-0.49665076
-0.07481277,-0.19180919,-0.31721446,-0.48380876
-0.07367699,-0.17800917,-0.30250558,-0.471176
-0.07339036,-0.16563922,-0.28898567,-0.45910338
-0.074163266,-0.1551751,-0.27837884,-0.44966298
-0.07086989,-0.14013118,-0.26025003,-0.43222997
-0.06177238,-0.11849837,-0.23306488,-0.40555605
-0.04307929,-0.08592689,-0.1916479,-0.36493355
-0.0050213337,-0.031515263,-0.12366446,-0.29938874
0.05312121,0.044677135,-0.031525902,-0.2122143
0.14258878,0.15472758,0.09990155,-0.089533724
0.27277362,0.3076171,0.28016654,0.07662056
0.4252931,0.47896117,0.47421965,0.2508182
0.5540825,0.6141846,0.6122992,0.3657833
0.6329903,0.68816155,0.67795074,0.41334718
0.6501494,0.69401807,0.6751877,0.40550742
0.60522854,0.63596916,0.61231756,0.35354662
0.50547266,0.52414626,0.5014004,0.26936093
0.36177114,0.37068316,0.35376307,0.16141568
0.19575013,0.19951348,0.19722451,0.053104192
0.028842224,0.03313616,0.05362555,-0.040038623
-0.12173034,-0.11089747,-0.061213993,-0.107684515
-0.24717554,-0.22441436,-0.14144762,-0.14679712
-0.34304804,-0.30456004,-0.18954861,-0.16229765
-0.41148412,-0.35493544,-0.2110456,-0.15928985
-0.4576309,-0.38232294,-0.21475503,-0.14536406
-0.48685175,-0.393276,-0.2069857,-0.12508275
-0.50428486,-0.3936172,-0.19252214,-0.10147627
-0.5114769,-0.38508388,-0.1721816,-0.07449783
-0.5115591,-0.37131873,-0.15008366,-0.047762785
-0.50457966,-0.35200837,-0.123675935,-0.018107774
-0.49103436,-0.32776403,-0.09434057,0.012831559
-0.4726059,-0.30040905,-0.06388568,0.0435103
-0.4492523,-0.26996845,-0.03300901,0.07293952
-0.42553532,-0.24123618,-0.0056538475,0.09831359
-0.403683,-0.21663342,0.014945757,0.11651204
-0.38816434,-0.20133737,0.02105217,0.11972823
-0.38098678,-0.19685438,0.01325989,0.10954313
-0.3902064,-0.21361281,-0.028390717,0.06411954
-0.41762415,-0.25282803,-0.101600096,-0.0130405
-0.4371245,-0.2811649,-0.15074158,-0.06441258
-0.42709947,-0.2723955,-0.14226447,-0.058373775
-0.38652235,-0.22908702,-0.09709778,-0.022441328
-0.31841508,-0.15757246,-0.028422423,0.029112214
-0.23492692,-0.073113486,0.045976367,0.08108213
-0.15032502,0.008768106,0.11353156,0.12555242
-0.07872106,0.073333286,0.16136117,0.15354444
-0.022666415,0.11917908,0.1903851,0.16719389
0.022734683,0.15334675,0.21094173,0.17642528
0.06329948,0.18373246,0.23453428,0.19230737
0.104591854,0.21631715,0.26503047,0.21641287
0.14523211,0.24834149,0.2940135,0.2384481
0.1844552,0.27887377,0.3208885,0.2579897
0.22832018,0.31507027,0.35616192,0.28555167
0.27846533,0.3588533,0.40283132,0.32407722
0.33750182,0.4119958,0.45904642,0.36988735
0.41455415,0.48464376,0.5401561,0.43823653
0.51644796,0.5833154,0.65372115,0.53560144
0.64264566,0.7050105,0.7906614,0.6508964
0.7793868,0.83287644,0.92861116,0.76269954
0.9096204,0.9483352,1.0453264,0.85113347
1.0247123,1.0446198,1.1389226,0.9183312
1.1198449,1.1194172,1.2111821,0.96885896
1.1924306,1.1716521,1.2611185,1.0022919
1.2371875,1.1968825,1.2833848,1.0137274
1.253919,1.1961077,1.2800131,1.0057244
1.241444,1.168397,1.2481322,0.97498065
1.2016437,1.1167046,1.1934482,0.9284165
1.1368463,1.0438002,1.1204953,0.8711481
0.13848896,0.14202444,0.12039309,0.08301566
0.018380465,0.02854597,-0.0033388587,0.011473906
0.08986496,0.07911956,0.022059267,0.015810775
0.10406995,0.084196106,0.03354201,0.004182268
0.107020356,0.07876422,0.006447173,-0.050655827
0.105855495,0.060677283,-0.043562673,-0.12690006
0.0962062,0.026528455,-0.10512285,-0.20891732
0.08145547,-0.016335601,-0.16552387,-0.28271618
0.06704376,-0.058291513,-0.2133779,-0.33742356
0.050581355,-0.10090061,-0.25709838,-0.38389242
0.036213927,-0.13850622,-0.29260564,-0.42017972
0.021948414,-0.17310087,-0.32427186,-0.4517767
0.011551895,-0.19969238,-0.34562197,-0.47279716
0.006163552,-0.21692985,-0.3561988,-0.48329028
0.005079386,-0.22606382,-0.35951713,-0.4874579
0.0125815645,-0.22185065,-0.34738857,-0.4767767
0.029625086,-0.20390391,-0.32237488,-0.45470974
0.05105689,-0.17883295,-0.29281965,-0.42928743
0.08001262,-0.14383772,-0.25594777,-0.39846036
0.10988352,-0.106883645,-0.2199238,-0.36934167
0.14041913,-0.068156175,-0.18242404,-0.33881912
0.17463167,-0.024415085,-0.13930263,-0.3029316
0.21085614,0.022112638,-0.093757756,-0.2649022
0.25359452,0.07688102,-0.037210118,-0.21604262
0.30257744,0.1387736,0.026460208,-0.1610216
0.35490456,0.20391044,0.09221732,-0.10496072
0.40700427,0.26758116,0.15425391,-0.053569995
0.46080282,0.33246726,0.2188379,0.00030899918
0.51266724,0.3941704,0.2799859,0.050968073
0.5528527,0.441373,0.3239953,0.08562408
0.5842018,0.47794512,0.35761708,0.111515604
0.59443563,0.4896237,0.36152157,0.11014842
0.5921342,0.4882603,0.3562604,0.10366218
0.58633924,0.48451135,0.35402966,0.10331873
0.5900031,0.49316528,0.37075606,0.12272857
0.6183622,0.5311126,0.4255536,0.17870723
0.6731684,0.5980747,0.5113362,0.2611545
0.7602837,0.6991036,0.6329522,0.37353688
0.87420815,0.8258394,0.7786951,0.50400794
0.9882154,0.94678044,0.9094,0.6150965
1.0841795,1.0435382,1.0106087,0.6971552
1.1479055,1.1032295,1.0730299,0.7455547
1.1688185,1.1171353,1.0887727,0.75547004
1.1443763,1.0849508,1.0597512,0.7309739
1.0698282,1.0029924,0.9824225,0.6704135
0.948096,0.8751641,0.8605341,0.577842
0.78857684,0.7119358,0.70608187,0.46426854
0.6095081,0.5332253,0.54210734,0.349559
0.43233103,0.36176294,0.3925576,0.25214767
0.27193153,0.21255922,0.27099836,0.18037477
0.1395705,0.09641712,0.18527912,0.13768223
0.037780963,0.014645336,0.13360927,0.12053528
-0.03792151,-0.039098497,0.10612978,0.11921947
-0.09205017,-0.07096708,0.09486898,0.126618
-0.13175848,-0.08914332,0.09289776,0.1384085
-0.15751436,-0.094305396,0.10120652,0.15657835
-0.17256458,-0.09023596,0.116181135,0.178602
-0.18007147,-0.08062697,0.13390088,0.2012214
-0.18346441,-0.069073975,0.15206534,0.22340703
-0.18182139,-0.054377366,0.1722223,0.24653934
-0.17381668,-0.03474206,0.19740182,0.2736895
-0.1589918,-0.009916407,0.2261767,0.30263358
-0.14135458,0.015556776,0.25322315,0.3287451
-0.12291276,0.039922472,0.27850404,0.35289866
-0.10194496,0.06522553,0.3037115,0.37623563
-0.07798221,0.092385866,0.3307617,0.40085444
-0.05408235,0.11794294,0.35485068,0.4220615
-0.030709367,0.14177702,0.37691337,0.44127333
-0.007168706,0.1644697,0.39594394,0.45677388
0.015793715,0.18557373,0.41238958,0.46943647
0.040762026,0.20834795,0.43149439,0.4846383
0.066506915,0.23141623,0.45140225,0.500699
0.08969728,0.25128317,0.46874067,0.5150494
0.10878102,0.2663153,0.48140657,0.52573204
0.12396616,0.27724648,0.4913207,0.5349527
0.13724443,0.28642353,0.50049806,0.54405063
0.15037417,0.29561427,0.50954396,0.55281717
0.16455951,0.30602375,0.519645,0.5621468
0.18205158,0.31992343,0.53266716,0.5732143
0.20054215,0.33426422,0.5432688,0.58048564
0.21878906,0.3474174,0.5484674,0.58081377
0.23575109,0.35781038,0.54413784,0.56935346
0.24800442,0.3608609,0.5205691,0.5352754
0.26075345,0.36199763,0.48235443,0.48152858
0.28990647,0.38074434,0.4629847,0.4430511
0.3444318,0.42929053,0.49134156,0.45267317
0.4015557,0.48038724,0.52881485,0.47305328
0.43502754,0.50437266,0.53774434,0.4698317
0.43770573,0.49424407,0.5089987,0.43512186
0.41867125,0.46260568,0.4618024,0.38866872
0.38508463,0.41777125,0.4030558,0.33499065
0.338771,0.36128035,0.331609,0.2710674
0.28416494,0.29815492,0.2552653,0.20433071
0.22996765,0.23806493,0.18651149,0.14598973
0.17794968,0.18238841,0.12523834,0.09473821
0.12954314,0.13213858,0.0715664,0.050086033
0.08748283,0.08987964,0.028028008,0.013978336
0.048439484,0.051003486,-0.014197069,-0.022943456
0.010408516,0.013486951,-0.05508088,-0.05927736
-0.025343558,-0.021187816,-0.09202433,-0.09224406
0.14267811,0.14656326,0.12582783,0.08794704
0.044752847,0.057313345,0.030237447,0.04128138
0.16390923,0.1609677,0.11527792,0.098935045
0.2545917,0.2519123,0.22079203,0.17346512
0.35721648,0.35932127,0.3127099,0.22882935
0.47622377,0.47908086,0.40548924,0.28581104
0.5873191,0.5847815,0.48291555,0.33362222
0.67999464,0.6670868,0.5391365,0.36794552
0.7363529,0.7080337,0.5570311,0.37380287
0.7544075,0.70687485,0.5365266,0.35058978
0.7381393,0.6686764,0.48340577,0.30293396
0.6937953,0.600202,0.40295315,0.23396872
0.62102467,0.4999064,0.28968975,0.13619532
0.5317913,0.38163128,0.16116217,0.025424967
0.43899792,0.2610498,0.03786786,-0.079216264
0.35804126,0.15673707,-0.060224418,-0.16052942
0.29352367,0.073333286,-0.13583265,-0.22446904
0.23859277,0.0032070985,-0.19940911,-0.2810188
0.19283824,-0.053923767,-0.25153682,-0.3304472
0.15616862,-0.09754162,-0.28967947,-0.36891928
0.12641299,-0.13018757,-0.317393,-0.39917856
0.102699935,-0.15271154,-0.3340055,-0.41955474
0.08615317,-0.16448249,-0.34040606,-0.43118513
0.07408298,-0.1691462,-0.3411958,-0.4383166
0.06835639,-0.16431683,-0.33058977,-0.43412042
0.06746925,-0.15267855,-0.3141871,-0.4246359
0.073780626,-0.13150547,-0.28685072,-0.40443745
0.088814065,-0.09981339,-0.24919386,-0.37466872
0.10798427,-0.06332423,-0.20750949,-0.3411013
0.12612218,-0.02951613,-0.17423794,-0.3170716
0.13447298,-0.008018125,-0.15593705,-0.30668268
0.12961283,-0.0030396092,-0.15797022,-0.31508213
0.11527973,-0.008440385,-0.16605432,-0.32592204
0.09349893,-0.022031862,-0.18068373,-0.34086657
0.06874023,-0.038188946,-0.19428998,-0.35275918
0.048855547,-0.048279814,-0.19940953,-0.3561349
0.03236013,-0.054136783,-0.19913669,-0.35415682
0.015323944,-0.06091273,-0.20176227,-0.35542148
-0.0021343287,-0.06876883,-0.20733677,-0.36002722
-0.021751765,-0.079150714,-0.21493192,-0.3658599
-0.04141086,-0.08982007,-0.22301497,-0.37195837
-0.06497772,-0.10519343,-0.23658033,-0.38277796
-0.086453274,-0.11792389,-0.24476206,-0.3874962
-0.10307262,-0.12495928,-0.24523619,-0.38441962
-0.115991175,-0.12793465,-0.24120447,-0.37712073
-0.12839411,-0.1310229,-0.23888427,-0.3718229
-0.14054918,-0.13462578,-0.23818359,-0.3682357
-0.1575618,-0.14432478,-0.24444416,-0.37066203
-0.17932738,-0.16015103,-0.25862363,-0.38042185
-0.20528555,-0.18076894,-0.2761869,-0.39204165
-0.22963265,-0.19903661,-0.28765067,-0.3964904
-0.24858958,-0.21047674,-0.28835052,-0.3896348
-0.2670605,-0.22141048,-0.28873932,-0.38233384
-0.29345202,-0.24211721,-0.30253246,-0.38785684
-0.33105224,-0.27640367,-0.333313,-0.4092199
-0.38277704,-0.32671404,-0.38062444,-0.44448155
-0.44828448,-0.39148092,-0.43881103,-0.48692593
-0.5278093,-0.4708386,-0.50871503,-0.53789324
-0.62269664,-0.5658413,-0.5896929,-0.5962104
-0.7344724,-0.6783801,-0.6843275,-0.66484463
-0.86465544,-0.8108148,-0.79711926,-0.74943614
-1.0131532,-0.9626953,-0.9240588,-0.84562814
-1.1751741,-1.1294204,-1.0627658,-0.95381606
-1.3434644,-1.303512,-1.2062361,-1.0696033
-1.5007598,-1.4656109,-1.3324443,-1.1729113
-1.6380395,-1.605938,-1.4358319,-1.2597013
-1.7518125,-1.720688,-1.5150021,-1.3279208
-1.840039,-1.8073174,-1.5683339,-1.3742152
-1.9071084,-1.8706572,-1.6037391,-1.4052557
-1.9554164,-1.9133133,-1.623471,-1.4218477
-1.9903026,-1.9413631,-1.6347026,-1.4306092
-2.015068,-1.9585549,-1.6394928,-1.4326723
-2.0298035,-1.9653287,-1.6381146,-1.428746
-2.036841,-1.9643226,-1.6328119,-1.4209752
-2.0385048,-1.9582412,-1.6253581,-1.4110053
-2.0329638,-1.945138,-1.6127106,-1.3960757
-2.0219316,-1.9269116,-1.5973864,-1.3790022
-2.0055351,-1.9038095,-1.579241,-1.3598671
-1.9832568,-1.8751072,-1.556693,-1.336972
-1.9551185,-1.8408526,-1.5303209,-1.3113523
-1.9199948,-1.7996069,-1.4979564,-1.2807283
-1.8778574,-1.7513609,-1.460277,-1.2462561
-1.8280851,-1.6953665,-1.4163681,-1.2070607
-1.7691162,-1.6298562,-1.3643929,-1.1616219
-1.699053,-1.5525637,-1.3018329,-1.1075859
-1.6176206,-1.4632136,-1.2286966,-1.0451422
-1.5259643,-1.3636136,-1.1482527,-0.9782312
-1.426162,-1.2567654,-1.0638837,-0.91023153
-1.3193394,-1.1442943,-0.9761402,-0.84133375
-1.208072,-1.0294303,-0.8879518,-0.7740313
-1.0933291,-0.9125136,-0.79450476,-0.70149547
-0.9801448,-0.7996692,-0.70481366,-0.6328693
-0.8721167,-0.694741,-0.6204984,-0.568374
-0.77464575,-0.6037511,-0.54906964,-0.5150779
-0.6868783,-0.5251937,-0.48841143,-0.4707849
-0.6058082,-0.45398924,-0.42819163,-0.42403102
-0.53004473,-0.38892898,-0.37319908,-0.3819672
-0.46254945,-0.3327628,-0.32469007,-0.3445963
-0.39894444,-0.27998367,-0.27510744,-0.30451733
-0.33250847,-0.22279507,-0.21652308,-0.25509724
0.15051435,0.15526295,0.13673192,0.098157406
0.089994915,0.10704242,0.088844754,0.093805626
0.2819159,0.2906042,0.26034418,0.22711955
0.4581765,0.4732536,0.45578027,0.38001072
0.6408483,0.66459846,0.62506855,0.50299585
0.8276985,0.85453,0.7825787,0.61714226
1.0047672,1.0293524,0.9303229,0.72830707
1.1588356,1.1765863,1.0574988,0.82674086
1.2852623,1.2931728,1.1616207,0.9097292
1.3870388,1.3838544,1.2476062,0.9812941
1.4732753,1.4593306,1.3260437,1.0505171
1.5545689,1.5304996,1.4044805,1.1218691
1.6367806,1.6028266,1.4853741,1.1955808
1.7195613,1.6754609,1.5665351,1.2688246
1.801708,1.7467752,1.6449618,1.3381672
1.8798571,1.8134314,1.717676,1.4013137
1.9509021,1.8728154,1.7833569,1.45826
2.0144775,1.924759,1.841396,1.5084058
2.0711555,1.9701548,1.892869,1.5530696
2.1213598,2.0096254,1.9386643,1.5932752
2.1659238,2.0439408,1.9788923,1.6287663
2.2070777,2.0754616,2.0162754,1.6621683
2.2417955,2.1009161,2.0471058,1.6896545
2.2681243,2.118426,2.0695546,1.7094363
2.2844937,2.1266923,2.0828679,1.7211903
2.2917013,2.1266904,2.0879984,1.7258723
2.2910023,2.1195765,2.0853384,1.7235134
2.282152,2.1053362,2.0760026,1.7159499
2.2666843,2.0854168,2.0611572,1.7041453
2.244227,2.0593781,2.0404801,1.6878866
2.214714,2.0268872,2.0126643,1.665326
2.1811085,1.9911978,1.9816859,1.6407752
2.1423008,1.9511088,1.9466703,1.6136512
2.0992863,1.907347,1.9069654,1.5825336
2.0480673,1.8555721,1.8577695,1.5427047
1.9875951,1.7950716,1.7990717,1.4949234
1.9274619,1.7365736,1.7438235,1.4526144
1.8629574,1.6744968,1.685557,1.4091994
1.7996922,1.6147254,1.6293811,1.3684573
1.7309924,1.5498354,1.56773,1.3232923
1.6613202,1.4857401,1.510141,1.2843333
1.5891082,1.4202168,1.4528725,1.2473594
1.5026039,1.3405818,1.3816644,1.1991732
1.3908944,1.2346512,1.2792253,1.1225203
1.2500832,1.0990969,1.1424211,1.0159928
1.0887253,0.9446206,0.98679584,0.8962189
0.92190254,0.78794396,0.8326691,0.78180945
0.76481426,0.6451038,0.6980752,0.68737316
0.62908334,0.52755636,0.5929499,0.61870664
0.5193169,0.43912786,0.5184485,0.5742281
0.43351158,0.37671402,0.4694086,0.5481294
0.36754408,0.3351224,0.43914145,0.5341697
0.31848308,0.3106865,0.42388234,0.529568
0.28187817,0.29809648,0.4185765,0.53069246
0.25484687,0.29382205,0.41961405,0.5350148
0.23223764,0.29210237,0.42215058,0.5394006
0.21478094,0.29363304,0.42697495,0.5447334
0.20017324,0.29570666,0.4307572,0.5480768
0.1877622,0.2975611,0.43199542,0.54784685
0.17519735,0.29660207,0.42761743,0.54137385
0.1613099,0.2921754,0.4190471,0.53104126
0.1496432,0.28921065,0.41580427,0.5273263
0.14061956,0.28795987,0.4161956,0.5277588
0.1368255,0.2916047,0.4249595,0.5368833
0.13538134,0.2965507,0.4358732,0.54817206
0.13645712,0.30275264,0.44701424,0.558885
0.13848293,0.30852523,0.45630592,0.5671204
0.14422157,0.31743652,0.46928012,0.5785952
0.15091154,0.3261838,0.4807712,0.588163
0.15894218,0.33550745,0.4923428,0.5975634
0.16762652,0.3448344,0.50400203,0.6071038
0.17744087,0.35464674,0.51541466,0.61608005
0.18598948,0.36251414,0.5246275,0.6232325
0.19250864,0.36775044,0.53072846,0.62770146
0.19748458,0.37104416,0.53460544,0.63025105
0.2037606,0.37588695,0.5412675,0.63568044
0.21075659,0.38133815,0.54842734,0.6414512
0.21938275,0.3881009,0.55572236,0.6465454
0.22888663,0.3956865,0.5645785,0.6532442
0.2407501,0.4052877,0.5742322,0.6598158
0.25160068,0.41353405,0.5825898,0.66545683
0.2646599,0.4236871,0.59200996,0.6714186
0.28057864,0.4364977,0.6037735,0.67893517
0.3000486,0.4521147,0.615303,0.6843749
0.32013422,0.46750784,0.62441605,0.6866001
0.34010088,0.48186514,0.6299426,0.68440807
0.36171663,0.4975604,0.6364124,0.6827173
0.38516688,0.51507854,0.6459331,0.68421376
0.41431624,0.5388707,0.6650308,0.6951206
0.45219395,0.5725289,0.7007389,0.7230136
0.4963901,0.6123302,0.74489015,0.75864565
0.5434096,0.65394866,0.7909225,0.7954585
0.58837605,0.69229084,0.83361906,0.829307
0.62639993,0.7219829,0.86377436,0.85094243
0.652782,0.73904526,0.87914324,0.859779
0.6696974,0.74630475,0.88184625,0.85729325
0.67642564,0.7432438,0.87024707,0.8415292
0.6775119,0.73510164,0.8506104,0.8181765
0.6730185,0.72171754,0.82202905,0.7858998
0.6672728,0.70661235,0.7830627,0.740378
0.14658667,0.15089472,0.1312438,0.092988215
0.055671014,0.06938168,0.044944655,0.054693855
0.18901509,0.18917944,0.14935528,0.13043077
0.29468802,0.29647154,0.271305,0.2198478
0.41121203,0.4186016,0.37586373,0.28622285
0.5478301,0.5577696,0.48851216,0.36151895
0.70587784,0.7168493,0.62758505,0.46669507
0.87330896,0.8828779,0.7769408,0.58554834
1.0378308,1.0433059,0.9242916,0.7061309
1.1914465,1.1901306,1.061956,0.82040626
1.3290037,1.3190155,1.1874452,0.9264784
1.4536126,1.4337428,1.3033594,1.0255879
1.5651486,1.5345087,1.4087985,1.1164873
1.6644312,1.6223863,1.5035253,1.198541
1.7492388,1.6951624,1.5838865,1.2681285
1.8191427,1.7526331,1.6485196,1.3237107
1.8746495,1.7959298,1.6992722,1.3676822
1.9184705,1.8280654,1.7386745,1.4022458
1.9467877,1.8448167,1.7608658,1.4211639
1.9628637,1.8500987,1.7710519,1.4299594
1.9573343,1.8334783,1.7561424,1.415379
1.9265438,1.7918811,1.7148379,1.3778511
1.8778433,1.7334617,1.656823,1.3279009
1.8110987,1.6572746,1.5789169,1.2617674
1.7262455,1.5626493,1.4788777,1.1768024
1.6184719,1.4435245,1.3484335,1.0649719
1.4970269,1.3108224,1.203353,0.9431423
1.3747524,1.1790448,1.0623978,0.82935756
1.2603868,1.0568281,0.9313421,0.72541773
1.1512334,0.94079155,0.805165,0.62470776
1.05258,0.8373549,0.6919062,0.53378516
0.9664592,0.7494632,0.5964714,0.45737004
0.88982666,0.6734315,0.5119962,0.38785502
0.8165435,0.6022567,0.4301506,0.3173776
0.7502249,0.5411045,0.3615562,0.2580241
0.6891862,0.4877664,0.3028792,0.20677093
0.6309771,0.43898553,0.24879926,0.15829188
0.575856,0.3951827,0.20210439,0.11620628
0.5207338,0.35210705,0.15571533,0.07340602
0.46427855,0.3083537,0.10982066,0.030927252
0.40801665,0.2654609,0.06628852,-0.009376451
0.3513471,0.22251531,0.023836497,-0.048607126
0.297482,0.18335027,-0.011635939,-0.080675006
0.2455699,0.14643225,-0.043719955,-0.109597124
0.19570401,0.11157511,-0.07312811,-0.13624454
0.14626834,0.07683767,-0.10182371,-0.16215265
0.09895435,0.04405694,-0.12764695,-0.18529469
0.055612065,0.015372509,-0.14767605,-0.20268276
0.014967621,-0.0109795965,-0.16533843,-0.217954
-0.019694522,-0.030977543,-0.1739434,-0.22404064
-0.047197707,-0.04366748,-0.17434661,-0.22239505
-0.06811887,-0.0498918,-0.1678082,-0.21426632
-0.08531514,-0.053378977,-0.1602218,-0.20570195
-0.1050717,-0.061245445,-0.1589815,-0.20290896
-0.1252189,-0.07067819,-0.1591467,-0.20069827
-0.15063025,-0.08710272,-0.16745713,-0.20533177
-0.18612032,-0.11577866,-0.18975699,-0.22209427
-0.23420013,-0.15904425,-0.2269303,-0.25100294
-0.30163434,-0.22465801,-0.28956956,-0.3026762
-0.38262168,-0.30461115,-0.3623246,-0.36079615
-0.4754177,-0.39619505,-0.44068465,-0.4207904
-0.5813005,-0.5012837,-0.52950734,-0.48872504
-0.70286256,-0.62303746,-0.6319701,-0.56778485
-0.8411174,-0.76293993,-0.7495283,-0.6598631
-0.98987794,-0.9138704,-0.87242067,-0.7561063
-1.1499152,-1.0775268,-1.0056864,-0.8633638
-1.312094,-1.2439272,-1.1375521,-0.9713833
-1.4649192,-1.4007721,-1.257607,-1.0723274
-1.599891,-1.538299,-1.3565893,-1.1570866
-1.7114717,-1.6502964,-1.4307804,-1.2217501
-1.799344,-1.7364277,-1.4831519,-1.2685724
-1.8653706,-1.7985816,-1.5165889,-1.298891
-1.9152174,-1.8431369,-1.5388708,-1.3194073
-1.95266,-1.8745139,-1.5541561,-1.3335909
-1.9812154,-1.8967838,-1.5654582,-1.3438412
-2.0008392,-1.9099196,-1.5710402,-1.3482066
-2.0138829,-1.9165009,-1.5731893,-1.3488928
-2.0183108,-1.9141828,-1.5679795,-1.341953
-2.0151246,-1.9040626,-1.5572908,-1.3297151
-2.0053155,-1.887242,-1.5417429,-1.3127058
-1.9887453,-1.8640851,-1.5234035,-1.2942324
-1.9659303,-1.8347307,-1.4996841,-1.2706054
-1.9353408,-1.7975154,-1.469709,-1.2417377
-1.8973318,-1.7527771,-1.4340103,-1.2083149
-1.8510703,-1.6996645,-1.3918321,-1.1699729
-1.7963889,-1.6380186,-1.343154,-1.1268538
-1.731735,-1.5657811,-1.284154,-1.0746342
-1.6576792,-1.4840304,-1.218339,-1.0179906
-1.5740184,-1.3927794,-1.1452041,-0.95642674
-1.4802299,-1.2911848,-1.0614448,-0.88581175
-1.3763624,-1.1799785,-0.97023636,-0.810555
-1.2653266,-1.0627539,-0.8740335,-0.7323836
-1.1472462,-0.93951607,-0.7699635,-0.6474346
-1.0267241,-0.8162309,-0.6664966,-0.56451166
-0.9079306,-0.697998,-0.5685134,-0.48782414
-0.7915098,-0.58510506,-0.4739831,-0.41445723
-0.6689875,-0.46621758,-0.36395958,-0.32452524
-0.5363152,-0.3359731,-0.23122528,-0.21112822
-0.37959293,-0.1788108,-0.056983683,-0.057608567
-0.20318742,-0.002281804,0.14338987,0.11875794
0.14764018,0.15208845,0.13276695,0.09446187
0.06994543,0.08506419,0.063113295,0.070889995
0.22797066,0.23150764,0.19461958,0.16941908
0.36637345,0.373991,0.35137507,0.2889746
0.514156,0.5290814,0.4863895,0.38166457
0.6710368,0.6885777,0.61505723,0.4702862
0.81825435,0.8330169,0.7316974,0.5539495
0.9539439,0.9626977,0.8408385,0.6372212
1.0768455,1.0780532,0.9449888,0.72222185
1.1880133,1.1806854,1.0425755,0.80510044
1.2907461,1.27459,1.1368797,0.8876194
1.3895718,1.3644706,1.2305622,0.9705588
1.4795891,1.444739,1.3156844,1.0456603
1.5648195,1.5197296,1.3957796,1.1154693
1.6471668,1.5920957,1.4758546,1.1860893
1.7298056,1.664854,1.5568776,1.2574368
1.8108524,1.7356814,1.6352264,1.3256389
1.8878565,1.8021345,1.708857,1.3891665
1.9592757,1.8628297,1.7764546,1.4472411
2.023001,1.9156159,1.8351586,1.4970255
2.0790722,1.9609329,1.8860012,1.5399634
2.1262624,1.9978687,1.9288825,1.5765703
2.166698,2.0285792,1.9650308,1.607428
2.1987612,2.0515563,1.9935954,1.6321205
2.222461,2.0666876,2.0135996,1.6490868
2.237164,2.0735874,2.0254562,1.6591791
2.2433164,2.0729277,2.0303662,1.6639282
2.245244,2.0691495,2.0326614,1.6674087
2.2415977,2.0605173,2.0300846,1.666958
2.2330778,2.0477622,2.02347,1.6633524
2.2204812,2.031861,2.0147095,1.6589289
2.2011983,2.0099874,2.000688,1.6505903
2.1717556,1.9784659,1.9769933,1.633725
2.1235812,1.92872,1.9356314,1.601615
2.0538838,1.8582828,1.8740215,1.5526205
1.9585296,1.763403,1.7895677,1.4862509
1.8369348,1.6435658,1.6813571,1.4025329
1.6911418,1.5005857,1.5496902,1.301941
1.5276513,1.3411044,1.4005526,1.1898863
1.3569279,1.1764119,1.2470562,1.0784962
1.1931852,1.0212197,1.1034093,0.97828674
1.0458633,0.8853803,0.9802672,0.89694685
0.9193428,0.77302444,0.8802021,0.8341046
0.8134424,0.6836303,0.8019055,0.7871361
0.72506326,0.61352247,0.7403812,0.7507512
0.65192366,0.55975276,0.69122034,0.72037077
0.5901131,0.51813096,0.652105,0.695365
0.53673637,0.48412678,0.61385906,0.66599005
0.48198414,0.44722903,0.5685497,0.6274616
0.41759965,0.39741465,0.5018589,0.56598395
0.33092767,0.3206539,0.39864317,0.46865386
0.23093338,0.22833788,0.27862334,0.35592303
0.14535604,0.15470071,0.19617486,0.28327304
0.092060536,0.11875399,0.16761069,0.2627305
0.077522285,0.1255436,0.18929873,0.2864739
0.09734618,0.16677848,0.24062274,0.3306952
0.14388542,0.2322876,0.30769986,0.38224128
0.20585713,0.30910444,0.37839523,0.43213972
0.27218148,0.3859048,0.44614983,0.47816697
0.33752018,0.45749238,0.5074639,0.5186314
0.38821557,0.5093083,0.5454177,0.5385285
0.42484665,0.5434255,0.5640286,0.5422236
0.45249996,0.56772995,0.57880384,0.54666364
0.47572595,0.5871044,0.59065956,0.55037695
0.4897059,0.59638137,0.592932,0.5468695
0.4991453,0.601046,0.5917947,0.54144514
0.51206887,0.61068356,0.6015211,0.5482077
0.53675574,0.6337985,0.62950915,0.57237494
0.5737395,0.6701387,0.6739374,0.61128783
0.62878674,0.72497827,0.7392535,0.66781795
0.7090418,0.8053537,0.834589,0.7504604
0.8220131,0.917801,0.96620625,0.86409307
0.95131236,1.0419043,1.1047134,0.97948444
1.0686889,1.146735,1.210958,1.0597621
1.1578065,1.2187538,1.2782012,1.1041491
1.2141675,1.2572058,1.3117796,1.1218421
1.2351371,1.2619538,1.3135456,1.1164819
1.2204125,1.2339787,1.2851775,1.0901741
1.1675693,1.170915,1.2222706,1.0384146
1.0750672,1.0715158,1.1235017,0.9606522
0.9453979,0.9385271,0.99199533,0.8601714
0.7882692,0.78207475,0.8392336,0.7470043
0.6203676,0.61933,0.6848052,0.63727343
0.45783117,0.46637255,0.5459705,0.54392385
0.31497592,0.33675206,0.4344915,0.47385743
0.19751707,0.2350455,0.35295415,0.4271901
0.1058424,0.1601359,0.29657546,0.3978255
0.0371029,0.10813483,0.26036876,0.3814541
-0.010257191,0.076853216,0.24171996,0.37609354
-0.04264227,0.059073545,0.2332343,0.37624225
-0.0633292,0.051232524,0.23174912,0.37984583
-0.07460369,0.051080775,0.23643208,0.38728
-0.07644295,0.058885038,0.24829237,0.3997901
-0.07095295,0.07240535,0.26515353,0.4157323
-0.060066223,0.08948707,0.28398842,0.4321745
-0.04477235,0.10933751,0.30478036,0.44962642
-0.025872802,0.13113382,0.32642126,0.46703604
-0.005255826,0.15314975,0.34776178,0.4838209
0.017167395,0.17566995,0.36910358,0.50017697
0.04096534,0.19840741,0.39016458,0.51585937
0.1438236,0.14806144,0.12833849,0.09061553
0.037662014,0.05002654,0.023151055,0.035870235
0.12394676,0.11685665,0.065444134,0.05548599
0.14456794,0.1286031,0.08127901,0.04859249
0.14839527,0.123745695,0.05093217,-0.008501455
0.15585291,0.11670867,0.0146745825,-0.0698842
0.16094205,0.101587445,-0.023775758,-0.12815392
0.16298933,0.079941936,-0.062493935,-0.18073514
0.16440101,0.057628628,-0.092780486,-0.21857087
0.1633674,0.033642303,-0.12107684,-0.25036594
0.15584217,0.0041208947,-0.15347646,-0.28333554
0.1516614,-0.018575557,-0.17438145,-0.30337304
0.15474989,-0.029124033,-0.17808485,-0.30545697
0.16539426,-0.027965175,-0.17028444,-0.29718366
0.1846648,-0.014299707,-0.15090448,-0.2792081
0.21540345,0.015322083,-0.11437363,-0.24557687
0.26293176,0.066851415,-0.054326184,-0.19055896
0.32795864,0.14006254,0.025991285,-0.11851074
0.4028882,0.2247845,0.112786874,-0.043410175
0.48377782,0.3159374,0.2028207,0.032412507
0.5667964,0.40856305,0.29145196,0.10497592
0.6321142,0.479382,0.35211018,0.15006393
0.65467364,0.49931872,0.35101086,0.136731
0.62421376,0.45855087,0.2843351,0.06575187
0.557782,0.37986636,0.18854654,-0.023842895
0.47624683,0.2877827,0.08963032,-0.109561905
0.39680085,0.2022624,0.008204795,-0.17473838
0.32694837,0.1300942,-0.057535626,-0.2262327
0.26664013,0.07064562,-0.11085338,-0.2686806
0.21266134,0.019832155,-0.15773472,-0.30795705
0.16478772,-0.022170417,-0.19528832,-0.3399485
0.12314871,-0.055559553,-0.22444594,-0.3655005
0.086539626,-0.08181104,-0.24610728,-0.38473654
0.053923197,-0.10279583,-0.2634069,-0.40081877
0.02478197,-0.11924204,-0.2760044,-0.41279837
-0.0008843148,-0.13155732,-0.28470302,-0.42141142
-0.024880337,-0.14188547,-0.2910925,-0.42760476
-0.045705866,-0.14880186,-0.29381904,-0.43026477
-0.06360824,-0.1526677,-0.2927569,-0.42895827
-0.07928149,-0.15464965,-0.29037452,-0.42651558
-0.09295984,-0.1547743,-0.2849669,-0.4205101
-0.10251036,-0.15097702,-0.2755772,-0.41073394
-0.104818344,-0.13935734,-0.25599742,-0.3907911
-0.10014055,-0.12082669,-0.22997934,-0.36527988
-0.091136575,-0.098346084,-0.19949755,-0.33531085
-0.07667613,-0.0710201,-0.16460668,-0.3014909
-0.05479604,-0.036081888,-0.118985675,-0.2566699
-0.018696817,0.013996395,-0.054788012,-0.19421431
0.02463001,0.07037747,0.014828943,-0.12742974
0.064725555,0.120156966,0.07216048,-0.073816925
0.091265626,0.1528227,0.11069926,-0.036343914
0.08778964,0.14986263,0.10572802,-0.03839593
0.04307839,0.10038665,0.048418183,-0.08574455
-0.047157098,0.0020246776,-0.057335794,-0.1714294
-0.18384902,-0.14493908,-0.20897633,-0.2926589
-0.35700622,-0.3279073,-0.3866493,-0.43076938
-0.55227745,-0.53013706,-0.5681012,-0.5663915
-0.7591313,-0.7413632,-0.7479824,-0.6996208
-0.96339655,-0.9472119,-0.9137221,-0.82208943
-1.149374,-1.1321055,-1.0548882,-0.92780024
-1.3114309,-1.2909908,-1.1704326,-1.0166457
-1.4376438,-1.4109379,-1.2474893,-1.075407
-1.5365361,-1.5022389,-1.3039612,-1.1210328
-1.6149833,-1.5726302,-1.3464566,-1.157249
-1.6795108,-1.6296058,-1.3826917,-1.1901014
-1.7328061,-1.6756176,-1.4117473,-1.2166638
-1.7781215,-1.7139277,-1.4359715,-1.2383175
-1.8172235,-1.7463923,-1.4566485,-1.2561102
-1.8484542,-1.7711326,-1.4713776,-1.2679276
-1.8738663,-1.7903343,-1.4827518,-1.2763828
-1.8918675,-1.8020997,-1.4878626,-1.2785327
-1.9012902,-1.8049704,-1.4854227,-1.273327
-1.9034904,-1.8006154,-1.478577,-1.2644861
-1.896313,-1.7864383,-1.4631068,-1.2475307
-1.8807508,-1.7637287,-1.4422426,-1.2264171
-1.857814,-1.7337052,-1.4169635,-1.2021275
-1.8270205,-1.6958541,-1.3860751,-1.1735065
-1.7869492,-1.6486816,-1.3487251,-1.1403364
-1.7373112,-1.5916467,-1.3032428,-1.1005927
-1.6766763,-1.5230808,-1.2479889,-1.0529953
-1.6033981,-1.4408371,-1.1792908,-0.9934738
-1.5185959,-1.3467302,-1.1014948,-0.92743313
-1.4260732,-1.2458512,-1.0209938,-0.86146677
-1.3246149,-1.1371024,-0.93436736,-0.79177713
-1.218845,-1.0263283,-0.84914684,-0.7258874
-1.1095265,-0.9144517,-0.7639101,-0.6616665
-1.0027001,-0.8079634,-0.68339694,-0.60198426
-0.8978058,-0.7056177,-0.6035993,-0.54202294
-0.80200535,-0.61559963,-0.535493,-0.49243423
-0.71224254,-0.53321755,-0.46955568,-0.44255343
-0.63033247,-0.46061462,-0.411862,-0.3995852
-0.5586331,-0.39991033,-0.36463645,-0.36522582
-0.4988782,-0.352847,-0.3308336,-0.3424906
-0.44510323,-0.31141868,-0.29793003,-0.31838575
-0.40052745,-0.27931,-0.27360326,-0.30134755
-0.36477038,-0.25613213,-0.2582999,-0.29204926
-0.338436,-0.24250767,-0.25303933,-0.29144004
-0.31692716,-0.23220378,-0.24684884,-0.287834
-0.29929623,-0.22453241,-0.24204949,-0.2847889
-0.28852925,-0.2235147,-0.24589828,-0.28999558
0.15023531,0.15491326,0.13618541,0.09757324
0.0895165,0.10625021,0.08716515,0.09180581
0.27334478,0.28084275,0.24915887,0.21683297
0.4318615,0.44415256,0.42474133,0.35257757
0.59367526,0.6134273,0.5728551,0.45758674
0.7611337,0.7834325,0.71145445,0.55566835
0.9269917,0.9479916,0.8514848,0.66136605
1.0856699,1.1020164,0.98754513,0.7686265
1.2312254,1.240542,1.1159825,0.8740271
1.3679037,1.3687766,1.2408122,0.97946995
1.4935391,1.4845332,1.3574895,1.0794479
1.6060425,1.5858924,1.4624746,1.1698235
1.7049935,1.6727983,1.5549297,1.2496421
1.7911241,1.7463883,1.6351179,1.3189417
1.8624967,1.8050842,1.7012008,1.3764317
1.9235219,1.8536555,1.7568562,1.4249647
1.9766921,1.8952988,1.807186,1.4704752
2.0240967,1.9317522,1.8519185,1.5114604
2.0677066,1.964859,1.8922311,1.5484017
2.107687,1.9947956,1.928749,1.5819602
2.1443465,2.0218177,1.961624,1.6120884
2.1794648,2.0476024,1.9920088,1.6393847
2.2097647,2.0690033,2.0179713,1.6628104
2.2363775,2.087417,2.0414908,1.6846083
2.2590458,2.1023335,2.061048,1.702721
2.2754714,2.1115499,2.0748692,1.7156463
2.284227,2.1137965,2.082163,1.7229801
2.2844167,2.1082623,2.0820668,1.7239773
2.2767196,2.095773,2.0753763,1.7195642
2.2590694,2.0740125,2.0590112,1.7064111
2.2277586,2.0391464,2.0287232,1.6804247
2.1805232,1.9889202,1.9816537,1.6390538
2.111527,1.9168411,1.9089788,1.5735197
2.0138786,1.8158495,1.8031772,1.4781145
1.8887001,1.6876872,1.6676445,1.3591179
1.7497885,1.5479598,1.5232759,1.2395465
1.6145529,1.4146525,1.3893815,1.1361092
1.4853752,1.2879454,1.2598848,1.0376812
1.3641906,1.1695864,1.1357578,0.9429455
1.2528144,1.0617665,1.0198874,0.8536897
1.1470969,0.9600482,0.9065514,0.7639014
1.0402465,0.8571234,0.7872821,0.66553885
0.93289775,0.75482863,0.6680308,0.56572586
0.82785153,0.65682673,0.55531186,0.4714719
0.72961843,0.56842977,0.4567085,0.39014444
0.6374444,0.48794454,0.36782154,0.31636092
0.5539709,0.41841877,0.2935542,0.25500053
0.480082,0.36027843,0.2331563,0.20495422
0.41866183,0.31670135,0.1912395,0.17099507
0.36877656,0.28617755,0.16566324,0.15136649
0.33503586,0.27355453,0.16194315,0.15122396
0.31698024,0.27753395,0.17732121,0.16784227
0.32083428,0.30498034,0.22123174,0.21059737
0.3494717,0.35826233,0.29590923,0.28142735
0.4046908,0.43765372,0.39758015,0.37489122
0.4687787,0.522109,0.50100243,0.46772087
0.5122486,0.5776106,0.5612797,0.5168893
0.5191497,0.589055,0.5672397,0.5159542
0.47990856,0.54993474,0.5208636,0.4727956
0.38428867,0.45063916,0.40936327,0.37604547
0.23198298,0.29254678,0.23829399,0.23247145
0.022768483,0.075224504,0.00795156,0.04093047
-0.23424153,-0.19204742,-0.26923174,-0.19054694
-0.5126315,-0.47971338,-0.5497726,-0.42381373
-0.7745425,-0.74478114,-0.7774957,-0.6076463
-1.0023896,-0.9696706,-0.9452452,-0.7401927
-1.1917512,-1.1523914,-1.0663393,-0.8380146
-1.3432695,-1.294728,-1.1482896,-0.90654945
-1.4622266,-1.4033613,-1.2044666,-0.9573978
-1.5540861,-1.4840432,-1.2406765,-0.993004
-1.6264842,-1.5453798,-1.2673872,-1.0219526
-1.6809162,-1.5885522,-1.2826535,-1.0402505
-1.7190268,-1.6149551,-1.2870467,-1.0476714
-1.7425702,-1.626485,-1.2829584,-1.0467206
-1.7554976,-1.6275656,-1.2741096,-1.0406425
-1.7578386,-1.6182669,-1.2594218,-1.0284816
-1.750034,-1.5989634,-1.2384067,-1.0098739
-1.7325999,-1.5700766,-1.2107435,-0.98461246
-1.7071395,-1.5334343,-1.178074,-0.95439416
-1.6737694,-1.489346,-1.1406631,-0.9200392
-1.6341249,-1.4400256,-1.1016542,-0.8853256
-1.5849342,-1.380817,-1.0509708,-0.8387413
-1.5273516,-1.313292,-0.9931649,-0.7860022
-1.4644778,-1.2412984,-0.9323886,-0.7312356
-1.3969309,-1.1658217,-0.8692283,-0.67497706
-1.3212138,-1.0818797,-0.79301745,-0.60514
-1.237768,-0.9887986,-0.6992621,-0.5155373
-1.1533048,-0.89553744,-0.6038344,-0.42353347
-1.0780996,-0.81564534,-0.52627265,-0.34935015
-1.0210804,-0.7602869,-0.48144308,-0.30766788
-0.9880861,-0.7357068,-0.47631833,-0.30497494
-0.9815124,-0.74343425,-0.5114209,-0.34149837
-0.99731195,-0.7762524,-0.57056826,-0.39906648
-1.0275944,-0.8233482,-0.6373692,-0.4613766
-1.065805,-0.8771364,-0.7052621,-0.52383864
-1.1083473,-0.93446755,-0.77474076,-0.58922637
-1.1466876,-0.9855567,-0.832925,-0.6449132
-1.1673963,-1.0148759,-0.8624621,-0.67477345
-1.1612222,-1.0117276,-0.8537086,-0.6699941
-1.1264089,-0.97557986,-0.8143513,-0.640642
0.14664248,0.15097909,0.13138147,0.09316636
0.06552493,0.08019972,0.057351895,0.065704644
0.21612658,0.2185161,0.18005589,0.1566376
0.3458859,0.35161316,0.32671288,0.26720202
0.4783266,0.4899192,0.44369218,0.34384832
0.6054953,0.61617905,0.5344344,0.3977207
0.7098514,0.7129109,0.59769297,0.43281376
0.7865521,0.7775345,0.6358446,0.45266902
0.8331204,0.80912006,0.6485626,0.45679915
0.85056245,0.8094071,0.63555044,0.44326654
0.84550947,0.78601176,0.6034439,0.41666734
0.83017445,0.75309813,0.5685134,0.39140803
0.81075746,0.7166542,0.5319141,0.36536446
0.78869736,0.67812115,0.49359146,0.3373422
0.7695261,0.6437527,0.45984954,0.3123675
0.75151765,0.6119027,0.42903087,0.28907776
0.7375838,0.5859319,0.4039623,0.2695304
0.7228713,0.5597386,0.37499306,0.24375029
0.6981975,0.52285874,0.33071956,0.20166594
0.66037273,0.47241613,0.2717247,0.14582607
0.6096129,0.40869218,0.1981123,0.076381505
0.55633205,0.34493572,0.12955458,0.013230942
0.50476056,0.28598762,0.07016089,-0.0403742
0.45596993,0.23251665,0.017202338,-0.088793576
0.41156784,0.18611522,-0.028563015,-0.13193004
0.37531823,0.15150125,-0.059844777,-0.16214208
0.3454578,0.12623118,-0.08146128,-0.18436396
0.3187828,0.10624974,-0.09844092,-0.20329757
0.29502913,0.09095744,-0.11111371,-0.21889424
0.270752,0.0757806,-0.12580924,-0.23729797
0.2455961,0.06078285,-0.1389693,-0.25362813
0.22164121,0.048089612,-0.14860952,-0.26609185
0.19712564,0.03539355,-0.15779209,-0.27763772
0.17604047,0.02717457,-0.16097212,-0.28308594
0.15228628,0.015490798,-0.17070141,-0.29531932
0.12293229,-0.0023619204,-0.18596578,-0.311601
0.091482036,-0.022884393,-0.20455202,-0.33079043
0.057712015,-0.045596864,-0.22307442,-0.3484505
0.026149886,-0.06560518,-0.23741637,-0.36156052
-0.0051185368,-0.085261926,-0.2509129,-0.37337962
-0.03345463,-0.10175432,-0.26075315,-0.3816519
-0.062462498,-0.11935703,-0.27217668,-0.39117432
-0.08986455,-0.1356303,-0.28277478,-0.3999562
-0.11762555,-0.15255743,-0.29317844,-0.40777916
-0.14389941,-0.16825809,-0.3024574,-0.41439694
-0.16982901,-0.18413311,-0.31238276,-0.42147666
-0.19460867,-0.19889334,-0.31961995,-0.4251225
-0.21827458,-0.2130527,-0.3270787,-0.4290606
-0.24178459,-0.22754502,-0.33484158,-0.4328825
-0.27040416,-0.24851967,-0.35048828,-0.44371718
-0.30032802,-0.27158654,-0.36860144,-0.45664388
-0.3341478,-0.2992203,-0.39035958,-0.47186145
-0.36824533,-0.32700977,-0.41017509,-0.48421085
-0.4076196,-0.36080185,-0.43591216,-0.50122607
-0.44946218,-0.3975674,-0.46464783,-0.520744
-0.49565113,-0.43895897,-0.49607396,-0.5413825
-0.54704446,-0.486134,-0.532989,-0.56643134
-0.60486656,-0.5402312,-0.5752308,-0.59510756
-0.6725932,-0.6051251,-0.6269668,-0.6311183
-0.7552838,-0.6867784,-0.6955931,-0.68172103
-0.85560346,-0.7882399,-0.78320783,-0.74880433
-0.9730922,-0.9083459,-0.8850419,-0.8271368
-1.1047693,-1.0438637,-0.9983537,-0.9154303
-1.2505839,-1.1945964,-1.1216431,-1.0124916
-1.402383,-1.3518608,-1.2467611,-1.1124582
-1.5496666,-1.5043164,-1.3636818,-1.2074952
-1.6845481,-1.6432276,-1.4650947,-1.291267
-1.7982006,-1.7589658,-1.5441103,-1.3575715
-1.8883528,-1.8487973,-1.6000094,-1.4046932
-1.956716,-1.91474,-1.6379654,-1.4371856
-2.0079882,-1.962027,-1.6636407,-1.4592878
-2.0445075,-1.993189,-1.678232,-1.4709834
-2.0675793,-2.009725,-1.6829545,-1.4732116
-2.0806096,-2.0153632,-1.6808063,-1.4684242
-2.0863078,-2.0135689,-1.6757318,-1.460988
-2.0845673,-2.0041344,-1.6649029,-1.447489
-2.077073,-1.9891582,-1.651401,-1.4316229
-2.0624301,-1.9671379,-1.6325849,-1.4108719
-2.0418997,-1.9392518,-1.6091757,-1.3857076
-2.0166333,-1.9069055,-1.582957,-1.3582447
-1.9855071,-1.868906,-1.552175,-1.3268902
-1.9498521,-1.8265115,-1.5177212,-1.292284
-1.9055883,-1.7748693,-1.4730296,-1.2477876
-1.8528249,-1.7134111,-1.4167137,-1.1912662
-1.7934709,-1.6443765,-1.3522695,-1.1265398
-1.7245996,-1.563831,-1.2717289,-1.0442551
-1.6482047,-1.4745771,-1.1817124,-0.95248425
-1.5654064,-1.3777319,-1.0805215,-0.84849346
-1.483288,-1.2831849,-0.9858568,-0.75250626
-1.408099,-1.2002811,-0.91282326,-0.68163776
-1.3442807,-1.1344392,-0.8649465,-0.63843644
-1.289175,-1.0808594,-0.8293055,-0.6074615
-1.2370814,-1.0311365,-0.79279447,-0.57498944
-1.1850165,-0.9807643,-0.74949807,-0.53492665
-1.1321174,-0.92896473,-0.70153767,-0.49054173
-1.0765138,-0.8738874,-0.6476596,-0.44093165
-1.0186429,-0.8162636,-0.5896443,-0.3879981
-0.95895743,-0.75691354,-0.52941144,-0.33379802
-0.8966249,-0.69522595,-0.46700558,-0.2787534
-0.83376896,-0.63360006,-0.40469214,-0.22453676
0.14261419,0.14675601,0.12675148,0.08916176
0.036953557,0.049593914,0.023581177,0.03669676
0.13855655,0.13407974,0.087730855,0.076409265
0.19180542,0.18284507,0.14543034,0.10747537
0.23153546,0.21843128,0.15611584,0.08744491
0.26538095,0.2411772,0.1452568,0.049298037
0.28893077,0.24750875,0.1232279,0.0069551617
0.2982743,0.23486216,0.08725484,-0.04188846
0.29795256,0.21108745,0.049242966,-0.08558298
0.29059133,0.18044063,0.011307439,-0.12398361
0.27360415,0.13989902,-0.035465013,-0.16853884
0.24769893,0.09101399,-0.088109,-0.21687536
0.21578808,0.03735357,-0.1433452,-0.26692334
0.1855053,-0.011627596,-0.19000669,-0.30858907
0.1535562,-0.06006279,-0.23617941,-0.3506817
0.12637867,-0.09985722,-0.2705584,-0.3820859
0.10872206,-0.1257046,-0.2897166,-0.40030378
0.09421525,-0.14528099,-0.30423775,-0.41555324
0.0821406,-0.15991163,-0.31590155,-0.4296166
0.07403608,-0.16765416,-0.320519,-0.43761933
0.065049134,-0.17489524,-0.32799298,-0.44954428
0.054550953,-0.1819523,-0.33485222,-0.46060127
0.04698616,-0.18386237,-0.335585,-0.46568987
0.041750822,-0.18114667,-0.3298741,-0.46388787
0.03482898,-0.1796499,-0.32846397,-0.46690336
0.029859317,-0.17487568,-0.32268944,-0.46548706
0.027813077,-0.1655921,-0.3105786,-0.45730406
0.027131347,-0.15442249,-0.29831135,-0.44941005
0.02725999,-0.14191611,-0.2843578,-0.4395073
0.030987762,-0.12490862,-0.26450434,-0.42349866
0.041498777,-0.099821396,-0.2348179,-0.39782897
0.060837965,-0.06434453,-0.19230749,-0.35961148
0.08497888,-0.024236472,-0.14706862,-0.31959942
0.11438525,0.020739824,-0.097796574,-0.27648368
0.1580401,0.08134114,-0.028882166,-0.21458843
0.22421303,0.16727519,0.07270491,-0.12117508
0.32810643,0.29421744,0.22108072,0.014304388
0.47149828,0.4617296,0.4130062,0.18711373
0.6396027,0.64928687,0.6188253,0.36682278
0.79578716,0.813772,0.7871157,0.5049318
0.9162548,0.9320207,0.90151715,0.5919708
0.99076885,0.99781686,0.9635108,0.635344
1.0162753,1.0122991,0.97867775,0.6441744
0.9900138,0.9746986,0.9453142,0.61754745
0.91437054,0.8886665,0.86585075,0.5576309
0.7923177,0.7574489,0.74156183,0.46479428
0.62953085,0.5869941,0.57714385,0.3422653
0.43747464,0.38969004,0.38704067,0.20225881
0.22909884,0.17914653,0.18588528,0.055761084
0.018845782,-0.029641017,-0.010235014,-0.0858647
-0.18127432,-0.2238962,-0.18545222,-0.20969641
-0.3592162,-0.39104924,-0.32626435,-0.30507436
-0.51034343,-0.52689403,-0.42997116,-0.3702525
-0.6216746,-0.617193,-0.480373,-0.38954115
-0.6875855,-0.6561561,-0.4735659,-0.35858485
-0.71502054,-0.6538348,-0.43114847,-0.30031905
-0.7192118,-0.6303495,-0.38396052,-0.24624431
-0.7112865,-0.5990167,-0.34349388,-0.20505814
-0.6962122,-0.5642277,-0.30641568,-0.1696653
-0.67721725,-0.52839947,-0.270588,-0.13577306
-0.65293986,-0.4892762,-0.23137693,-0.098617405
-0.62498707,-0.44846523,-0.19060953,-0.06000818
-0.59481174,-0.40749002,-0.14962308,-0.021247735
-0.56213135,-0.36571932,-0.107105754,0.019014953
-0.5256365,-0.32167262,-0.06204045,0.06115897
-0.48702547,-0.27728328,-0.017356034,0.10207293
-0.44906366,-0.23550975,0.023948304,0.13947406
-0.4103541,-0.19467263,0.06356552,0.17464794
-0.3707037,-0.15410438,0.103351295,0.20977333
-0.32977054,-0.113455296,0.14264143,0.24376065
-0.28876716,-0.07421932,0.17876385,0.27377072
-0.24698769,-0.035414096,0.21340232,0.30166787
-0.20648734,0.0012263431,0.24644297,0.32835194
-0.1679363,0.034827083,0.2752967,0.35084996
-0.13035598,0.06694284,0.303384,0.37288064
-0.092894346,0.098684415,0.33191773,0.39554647
-0.055273935,0.13027753,0.36030045,0.41783196
-0.018678214,0.16036588,0.38676408,0.43819883
0.013785728,0.18595782,0.4096311,0.4561135
0.045728285,0.21095784,0.43193826,0.47344813
0.07359146,0.23132102,0.4479571,0.48463872
0.098410435,0.24841312,0.4595087,0.49144313
0.12596393,0.26870325,0.4743811,0.5008303
0.15385069,0.28949434,0.48979127,0.5105323
0.18219832,0.31030855,0.50248176,0.5162836
0.2151226,0.33599332,0.5205094,0.5263734
0.25432602,0.36820522,0.5453089,0.5416361
0.30118987,0.4075814,0.5743649,0.5581401
0.3565971,0.4543518,0.6063,0.57369655
0.4246119,0.5137222,0.6523762,0.60087776
0.51039416,0.59152496,0.722427,0.6499762
0.6119767,0.6848429,0.8130132,0.7179521
0.7331282,0.79762155,0.93211555,0.8136304
0.86522305,0.91821575,1.059195,0.915108
1.0011394,1.0382887,1.1815149,1.0095451
1.1324756,1.1496441,1.2910285,1.0907586
1.2550676,1.2495052,1.3862497,1.1588513
1.361122,1.3316206,1.4633198,1.212297
1.4501945,1.3969407,1.5235554,1.25257
1.5186777,1.4429039,1.5656532,1.2792715
0.14201054,0.14596805,0.1254294,0.087767236
0.033387706,0.045091853,0.016506048,0.029441167
0.14081135,0.13608642,0.088627815,0.07608363
0.23254523,0.22913904,0.20002136,0.15624815
0.3489288,0.35269895,0.31190512,0.22926313
0.4950848,0.50308275,0.43792242,0.31533968
0.6515574,0.6592745,0.568755,0.41018525
0.8019196,0.80518216,0.69181234,0.50333637
0.9281597,0.9227145,0.7895542,0.57859313
1.0211716,1.0038902,0.85606015,0.6308104
1.0670571,1.033633,0.8712012,0.63981885
1.0572777,1.0030465,0.82446545,0.5961047
0.99180746,0.9120147,0.7156497,0.5003779
0.89081126,0.7833396,0.5733545,0.3800832
0.7854139,0.65247875,0.4405916,0.27439216
0.69621885,0.54185665,0.3368727,0.19679628
0.62524503,0.45242667,0.25465244,0.13541436
0.5657678,0.37609854,0.18095869,0.07614577
0.5170511,0.3127219,0.116594575,0.020232989
0.4674954,0.24980149,0.049531247,-0.041533407
0.4199624,0.19143164,-0.013111124,-0.10134887
0.3738767,0.13753936,-0.06927411,-0.15579234
0.332714,0.092087075,-0.11553447,-0.20190346
0.29595557,0.054852836,-0.15037653,-0.23720247
0.26552504,0.027354123,-0.17467995,-0.26342523
0.23711298,0.004077066,-0.19580792,-0.28768525
0.21064758,-0.015477415,-0.2143733,-0.3104998
0.18391861,-0.033790093,-0.23122466,-0.33155254
0.15699813,-0.05072878,-0.24519156,-0.3491289
0.13330707,-0.062932126,-0.25392753,-0.36174965
0.11243176,-0.07086646,-0.25693232,-0.368384
0.09415368,-0.075165875,-0.25568306,-0.37065023
0.07452,-0.081165396,-0.25826484,-0.37683964
0.052653532,-0.09001164,-0.26502082,-0.38693315
0.030771872,-0.09857135,-0.2692042,-0.3932541
0.01149373,-0.1041604,-0.2695759,-0.39545712
-0.0066884556,-0.108591534,-0.26826447,-0.39545608
-0.024009703,-0.1124946,-0.26681307,-0.3951023
-0.039013274,-0.11417846,-0.26264158,-0.3918003
-0.05149062,-0.1133872,-0.2552742,-0.384929
-0.060008056,-0.108663164,-0.24383277,-0.3740862
-0.06713898,-0.10333638,-0.23315853,-0.36411902
-0.07014808,-0.093878426,-0.21668099,-0.3480362
-0.068541214,-0.07985597,-0.19485027,-0.32650846
-0.06298152,-0.06218846,-0.16913049,-0.3011694
-0.060174692,-0.049271844,-0.15180019,-0.28429154
-0.05917777,-0.039678164,-0.13896888,-0.27158916
-0.055496637,-0.027131967,-0.118823804,-0.25009105
-0.048295498,-0.011097414,-0.094283625,-0.22398037
-0.046213366,-0.0019118559,-0.07921033,-0.20679757
-0.049245782,0.00063913845,-0.071718425,-0.19620459
-0.055639952,-0.00063612306,-0.065820195,-0.18532887
-0.065778665,-0.0055387635,-0.060506023,-0.17278849
-0.08686645,-0.022422075,-0.06720652,-0.16958162
-0.1307165,-0.06538981,-0.105873376,-0.19547854
-0.20780443,-0.14554726,-0.1863327,-0.25793207
-0.31822276,-0.26094922,-0.29854977,-0.344623
-0.4620019,-0.411284,-0.44264773,-0.4567307
-0.6288623,-0.5836177,-0.5970505,-0.5732098
-0.8118624,-0.77125174,-0.7590467,-0.6954235
-0.99608266,-0.95760465,-0.90889895,-0.80616546
-1.1711262,-1.1333629,-1.0462744,-0.91036636
-1.3316438,-1.2945633,-1.173118,-1.0129657
-1.4694821,-1.4318346,-1.2754936,-1.0982648
-1.5761873,-1.5351037,-1.3430811,-1.1545354
-1.6534927,-1.6054518,-1.3783654,-1.1817417
-1.6993337,-1.6400173,-1.3791535,-1.1760026
-1.7190946,-1.6448214,-1.3551432,-1.1463153
-1.7094784,-1.6159084,-1.3006122,-1.0864363
-1.6774924,-1.5618314,-1.2292502,-1.0113937
-1.6286389,-1.4895025,-1.1472471,-0.92728484
-1.5681412,-1.405967,-1.0619621,-0.8418976
-1.502509,-1.3196224,-0.98176664,-0.76364344
-1.4369318,-1.2370672,-0.9118197,-0.69736534
-1.3743482,-1.1610402,-0.8494445,-0.6384155
-1.3132191,-1.0891323,-0.78940606,-0.58134705
-1.252737,-1.0199422,-0.72990197,-0.52478135
-1.1920837,-0.9525564,-0.67114764,-0.4696348
-1.1312649,-0.8869231,-0.61324537,-0.41606823
-1.0715832,-0.82444984,-0.5582232,-0.36599952
-1.015454,-0.76801103,-0.51043487,-0.32385615
-0.96570164,-0.72080964,-0.47421756,-0.29385644
-0.9239251,-0.6845309,-0.45194733,-0.2782635
-0.891889,-0.6604859,-0.44303197,-0.27536425
-0.871026,-0.65050036,-0.45281592,-0.29174808
-0.860881,-0.65416896,-0.4818246,-0.32862243
-0.8473289,-0.65309775,-0.49911317,-0.35351592
-0.81758773,-0.63209933,-0.48890224,-0.35307178
-0.76166016,-0.5807946,-0.44541892,-0.32498407
-0.67636365,-0.49658015,-0.36723453,-0.26803306
-0.57665783,-0.39886716,-0.28269634,-0.20993462
-0.47779068,-0.30562037,-0.20875646,-0.16326731
-0.39412725,-0.23210528,-0.15681899,-0.13469009
-0.3346511,-0.1867958,-0.13315992,-0.1279563
-0.29784057,-0.16653606,-0.13359755,-0.13941619
-0.27786157,-0.16295722,-0.1454055,-0.15666299
-0.26669762,-0.16658176,-0.15974787,-0.17332046
-0.26426938,-0.1777323,-0.18012366,-0.19434917
-0.26728556,-0.19270036,-0.20179668,-0.21530475
-0.26953563,-0.20478235,-0.21802288,-0.23083885
0.14545377,0.14966047,0.12971812,0.091611505
0.04313865,0.055528168,0.028324213,0.03979198
0.11535597,0.10568091,0.048744008,0.038735107
0.0987678,0.074070826,0.011769686,-0.01757043
0.057437174,0.017265137,-0.07361498,-0.12546161
0.025918275,-0.034672786,-0.1497789,-0.22362448
0.008427254,-0.07616049,-0.20440434,-0.29738128
0.0009339824,-0.10944571,-0.24478896,-0.35295412
-0.0050805463,-0.14183435,-0.28169465,-0.40052482
-0.0092293555,-0.17051171,-0.31141883,-0.43710437
-0.01459831,-0.19768123,-0.33755454,-0.4670148
-0.018112812,-0.21904682,-0.35529682,-0.4867302
-0.021290116,-0.2364761,-0.36856326,-0.50102985
-0.02454838,-0.25092858,-0.37970182,-0.5131475
-0.0265658,-0.26113114,-0.38725466,-0.52204764
-0.025641978,-0.26494044,-0.3873193,-0.5236288
-0.026092099,-0.2679257,-0.38826028,-0.5262608
-0.024528205,-0.26665398,-0.38599452,-0.526573
-0.022465723,-0.2626595,-0.38067368,-0.52383965
-0.018801093,-0.25507814,-0.37238118,-0.5186089
-0.016464816,-0.24774444,-0.3659719,-0.51557255
-0.014176224,-0.23935744,-0.35924178,-0.51253927
-0.01407221,-0.23219106,-0.35323048,-0.50965744
-0.012189983,-0.22211008,-0.3444914,-0.5044232
-0.014325042,-0.21591121,-0.34068683,-0.503636
-0.019732773,-0.21285948,-0.34021288,-0.5056932
-0.027678,-0.212199,-0.34215888,-0.5097448
-0.03632906,-0.21147418,-0.3421881,-0.5110646
-0.04450406,-0.20952217,-0.34014803,-0.5100249
-0.050992813,-0.20508727,-0.33466426,-0.5054637
-0.058837168,-0.20207396,-0.33154035,-0.5031099
-0.06725531,-0.19957127,-0.32868907,-0.5007598
-0.0737362,-0.1950553,-0.32439595,-0.49732482
-0.078055315,-0.1875529,-0.31426284,-0.48728845
-0.08036722,-0.17766774,-0.30106708,-0.4739435
-0.08169557,-0.16750169,-0.29022598,-0.46380794
-0.08574299,-0.16113788,-0.2844548,-0.45839265
-0.09290823,-0.15867807,-0.28202924,-0.45529306
-0.09801414,-0.15380889,-0.2745436,-0.44637966
-0.10464909,-0.1510159,-0.2696558,-0.43961522
-0.11084911,-0.1481336,-0.26459903,-0.43259394
-0.12083796,-0.15014169,-0.26554376,-0.4309645
-0.1322872,-0.154246,-0.26866144,-0.43115363
-0.14362745,-0.1577744,-0.267574,-0.4257023
-0.15472457,-0.16139707,-0.26757088,-0.42152286
-0.17037764,-0.17057414,-0.27415082,-0.42330974
-0.19176595,-0.18698266,-0.29025728,-0.43417636
-0.22088726,-0.21218556,-0.31478453,-0.45181006
-0.25528452,-0.24316838,-0.34441316,-0.47333658
-0.2928536,-0.2768636,-0.3732967,-0.49247068
-0.33153093,-0.3112132,-0.4013609,-0.5102285
-0.3726949,-0.3477377,-0.42997283,-0.5276833
-0.41519514,-0.38529265,-0.45835015,-0.5443331
-0.4614606,-0.4268249,-0.4903595,-0.56386805
-0.5131272,-0.47419384,-0.52778,-0.5877239
-0.5695615,-0.5263968,-0.5679915,-0.61291903
-0.6361903,-0.58969855,-0.6188274,-0.6468436
-0.7163293,-0.66806394,-0.684761,-0.69375575
-0.8116442,-0.762475,-0.76200396,-0.74821764
-0.9261917,-0.8782545,-0.86024743,-0.8213808
-1.0634938,-1.0193381,-0.981533,-0.9150007
-1.2169473,-1.1782877,-1.1159866,-1.0209267
-1.3766813,-1.3437788,-1.2503512,-1.1277608
-1.531017,-1.503085,-1.3739457,-1.2275599
-1.6682445,-1.6436621,-1.4769142,-1.3122786
-1.782089,-1.7586107,-1.5550048,-1.3774275
-1.8718325,-1.8471558,-1.6104114,-1.4243695
-1.9403259,-1.9124141,-1.6478666,-1.4563284
-1.9914441,-1.958691,-1.6722533,-1.4769619
-2.028519,-1.9898003,-1.6870537,-1.4889212
-2.0541651,-2.0086415,-1.6942502,-1.4935157
-2.069972,-2.0169466,-1.6941657,-1.4905486
-2.0781143,-2.0172791,-1.6894586,-1.4828331
-2.0791779,-2.0106866,-1.6813192,-1.4721596
-2.0744753,-1.9984347,-1.6691384,-1.4572561
-2.0622082,-1.9787214,-1.6515647,-1.4375991
-2.0451736,-1.9546419,-1.6322,-1.4169316
-2.021407,-1.9241551,-1.6080992,-1.3925545
-1.9908788,-1.8869317,-1.578294,-1.3632011
-1.9534122,-1.8426752,-1.5428295,-1.3292472
-1.9086039,-1.7910873,-1.5020962,-1.2915787
-1.8562142,-1.7318078,-1.4551114,-1.2490758
-1.7941688,-1.6625954,-1.4000393,-1.2005541
-1.7233546,-1.5845008,-1.3385259,-1.1477869
-1.6426793,-1.4964055,-1.2688603,-1.0891759
-1.5500882,-1.3960958,-1.1886567,-1.0227077
-1.4462361,-1.2843482,-1.0981479,-0.9483517
-1.3355495,-1.1666195,-1.0032755,-0.8716281
-1.2177199,-1.0427797,-0.9015785,-0.7894658
-1.0986131,-0.9201915,-0.8025657,-0.7113466
-0.9814362,-0.80243766,-0.70715743,-0.636776
-0.86718947,-0.6904998,-0.615727,-0.5658312
-0.76148826,-0.5903828,-0.53464675,-0.5039577
-0.66292477,-0.49960148,-0.45880717,-0.44546115
-0.5711526,-0.41719493,-0.38805628,-0.3904754
-0.48573223,-0.34187156,-0.31999293,-0.33625898
-0.40784752,-0.27505887,-0.2590502,-0.28793922
-0.33192995,-0.21014214,-0.19722533,-0.23822786
-0.26067233,-0.14996755,-0.1387582,-0.19114727
-0.19277073,-0.09310719,-0.08289308,-0.1462345
0.1445758,0.14874902,0.12874983,0.09079368
0.046969388,0.059799302,0.033313807,0.044219162
0.14511527,0.13924913,0.088293225,0.07428516
0.18192007,0.16870268,0.122300066,0.0835269
0.20031525,0.18034968,0.109103926,0.04273515
0.21712166,0.1844587,0.08316262,-0.007960382
0.22544391,0.17344414,0.04541733,-0.06481238
0.22263367,0.14682247,-0.0014289619,-0.1236675
0.21488889,0.11420198,-0.045230184,-0.17311433
0.21336035,0.09073688,-0.06939259,-0.19862492
0.23300007,0.09582473,-0.05260861,-0.18101934
0.28176394,0.13789988,0.0043403623,-0.12546307
0.35973117,0.2164458,0.097224854,-0.037832487
0.4678753,0.33101952,0.2222476,0.07616151
0.6046432,0.479005,0.37883413,0.21632421
0.76829576,0.655953,0.55916667,0.37321705
0.94580454,0.84578407,0.7493362,0.53505874
1.1254052,1.0337499,0.93411267,0.68796194
1.2943202,1.2057683,1.1024084,0.8239787
1.447434,1.357548,1.2538614,0.9455601
1.5817502,1.4871213,1.387475,1.0534577
1.6986886,1.5968801,1.5042474,1.1485312
1.8006082,1.6901906,1.607122,1.2336756
1.8859721,1.7659286,1.6936768,1.3062845
1.9568685,1.8268396,1.7659606,1.3679258
2.0158117,1.8758721,1.8265249,1.4206191
2.0596547,1.910077,1.8725005,1.4616027
2.0894532,1.9307743,1.9045303,1.4908575
2.1057618,1.938875,1.9242605,1.5102552
2.105924,1.9316622,1.928545,1.5164669
2.0873656,1.9067329,1.9154594,1.5080508
2.0467417,1.860945,1.8826327,1.4835256
1.9810262,1.7911963,1.8264205,1.4398267
1.8867116,1.6940701,1.7441226,1.3758464
1.7659745,1.5717962,1.6370132,1.2933767
1.6215273,1.4270738,1.507526,1.1954255
1.460162,1.2671751,1.3635154,1.0897257
1.2946682,1.1055331,1.2179756,0.98690456
1.135869,0.9535639,1.0830771,0.89645964
0.9954697,0.8234703,0.97016,0.82567406
0.8767899,0.71827066,0.881117,0.7739929
0.78123236,0.63904136,0.81597733,0.73978513
0.7062829,0.5825081,0.77054906,0.7185777
0.646528,0.54263896,0.73950344,0.7063356
0.6008463,0.5177478,0.7210941,0.70180357
0.56454164,0.50223446,0.7097661,0.70065683
0.53424263,0.492268,0.702716,0.7015119
0.51136094,0.48915997,0.70205265,0.70667243
0.49431607,0.4909748,0.7060881,0.71509963
0.48309872,0.4973144,0.71370643,0.72551715
0.47405544,0.50418884,0.721593,0.73567575
0.4689988,0.5134451,0.73090345,0.74612516
0.4654193,0.52262783,0.74042165,0.75669557
0.46628076,0.53467214,0.75130993,0.7673409
0.47190806,0.5497882,0.7634543,0.77765447
0.4802345,0.56580245,0.7745157,0.7857784
0.48747572,0.57805973,0.7767314,0.783692
0.4913256,0.58464533,0.7695286,0.77173084
0.49172068,0.586914,0.75949895,0.75849444
0.49091005,0.5870945,0.7469757,0.74313515
0.4896446,0.58580744,0.7312485,0.72406834
0.49146393,0.5860441,0.71175027,0.6984022
0.5036072,0.596158,0.70058626,0.6780283
0.53846663,0.6309025,0.7223206,0.6884131
0.59997696,0.69419765,0.78357375,0.73649436
0.6898716,0.78692037,0.88589925,0.8238184
0.79829556,0.89476246,1.0020254,0.92046404
0.91922593,1.010291,1.1216551,1.0162306
1.0446869,1.125122,1.2360479,1.1041168
1.1674954,1.2327671,1.3392231,1.180041
1.283497,1.3304791,1.4308553,1.2455083
1.3877425,1.4145964,1.508668,1.2997556
1.4783361,1.4846237,1.5736324,1.3446754
1.5555698,1.5416645,1.6267298,1.3810475
1.6171424,1.584151,1.6670772,1.4084752
1.6631774,1.6124867,1.6939325,1.4255778
1.6912326,1.6247696,1.7062162,1.4319087
1.6996198,1.6197373,1.702981,1.4269716
1.6899807,1.5992007,1.6853175,1.4113955
1.6602969,1.5613896,1.6524187,1.3852422
1.6103058,1.505821,1.6020434,1.3458256
1.538492,1.4311343,1.5333948,1.2932843
1.444782,1.3372405,1.4458212,1.2272303
1.3312684,1.2261678,1.3403759,1.1485535
1.202435,1.1024854,1.2219669,1.0617034
1.06572,0.9737867,1.0990146,0.9739167
0.9312367,0.85010284,0.98196983,0.893132
0.8062091,0.7381225,0.87718666,0.8232931
0.6972962,0.6440595,0.7908366,0.7683932
0.6051468,0.5675461,0.72103065,0.7253941
0.52768314,0.5058383,0.66485846,0.69164747
0.46487957,0.45855793,0.62201804,0.6668443
0.4156834,0.42427573,0.5909908,0.64970154
0.37987235,0.40244594,0.5708701,0.6394493
0.35466823,0.38982671,0.55834854,0.6334772
0.33560702,0.3812189,0.5462542,0.6251871
0.32058224,0.37463242,0.53364,0.6144837
0.30771425,0.3682481,0.51889694,0.60038185
0.29254693,0.35735232,0.49624103,0.577726
0.2682258,0.3333457,0.44903553,0.5284519
0.14370176,0.14770515,0.1272734,0.08932707
0.044215742,0.056653567,0.029287923,0.04042254
0.14883177,0.14377098,0.09455442,0.080211274
0.19760248,0.18675992,0.14362893,0.10283151
0.22889186,0.21295273,0.14532104,0.07557239
0.25651374,0.22908202,0.12960924,0.03395991
0.27904385,0.23465575,0.108825244,-0.0067771478
0.2959451,0.23158635,0.087338276,-0.041286487
0.31782964,0.2347566,0.08316888,-0.0526312
0.34983587,0.25158146,0.10123071,-0.03801519
0.39260462,0.28238,0.13395928,-0.008578515
0.4467731,0.32854676,0.18406217,0.037954982
0.5098701,0.38650706,0.24467868,0.09339381
0.58290595,0.4574066,0.31840244,0.1601239
0.6724778,0.5485383,0.41428152,0.24628869
0.78370935,0.66524553,0.5384632,0.35724837
0.9163958,0.80558604,0.68599045,0.48658922
1.0534849,0.9482518,0.82993734,0.6077887
1.1864905,1.0839508,0.96496266,0.7180656
1.3082483,1.2053169,1.0862949,0.81530625
1.421241,1.316373,1.2017194,0.90904766
1.5272615,1.4189798,1.3109915,0.9985865
1.6204149,1.5067848,1.4056299,1.075507
1.6963972,1.57559,1.4805285,1.1350528
1.7539868,1.6247742,1.534812,1.1766077
1.7887347,1.6503469,1.5645455,1.1971962
1.7952774,1.6467911,1.5618559,1.1886654
1.7543772,1.5935761,1.5026495,1.1283611
1.661477,1.486971,1.3848405,1.0178761
1.5425053,1.3570461,1.2491719,0.90132475
1.416588,1.2231177,1.113351,0.7924022
1.290299,1.090245,0.9771642,0.68564224
1.1666653,0.9607975,0.841831,0.57936954
1.0519181,0.8424046,0.7185976,0.48390704
0.949973,0.73976254,0.6127456,0.4031828
0.8622137,0.65444916,0.52474475,0.33631682
0.7856974,0.5832051,0.45118532,0.28000754
0.7203488,0.52562654,0.39020422,0.23197843
0.6623194,0.47759306,0.33948976,0.19153802
0.61281246,0.44056052,0.30216956,0.16244563
0.56879395,0.4101159,0.27062583,0.13685487
0.5303498,0.38632986,0.24656896,0.117285945
0.48939043,0.35937405,0.21740985,0.09191974
0.4481371,0.3322816,0.18973345,0.06826293
0.411091,0.3100159,0.16956355,0.05214882
0.38243055,0.29772982,0.16519432,0.05224411
0.35841173,0.28937465,0.16229193,0.05213805
0.32705894,0.27115622,0.14498144,0.037397753
0.28579512,0.2404161,0.111557,0.007237713
0.23926193,0.20376953,0.07491852,-0.024007786
0.18428752,0.15777105,0.030085174,-0.061235327
0.1279486,0.110764995,-0.012269234,-0.0945461
0.07163561,0.06413171,-0.051514737,-0.12387879
0.011775383,0.013213142,-0.09625506,-0.15858078
-0.055204242,-0.046280682,-0.15169881,-0.20367977
-0.12668324,-0.11075915,-0.21061088,-0.25126705
-0.19994095,-0.17658687,-0.26709926,-0.29516912
-0.27286252,-0.24151847,-0.31994244,-0.33494523
-0.34375545,-0.30371222,-0.36698148,-0.36856505
-0.41654786,-0.36791685,-0.41476855,-0.40228352
-0.4980833,-0.44276094,-0.47598562,-0.4490264
-0.5933259,-0.53371686,-0.55441946,-0.51135457
-0.7008232,-0.63851166,-0.6440866,-0.5827447
-0.8195721,-0.7553244,-0.7406474,-0.658539
-0.94951487,-0.8841343,-0.8443886,-0.73946977
-1.0882185,-1.0225252,-0.9532354,-0.8244969
-1.2331891,-1.1682982,-1.0668914,-0.9148532
-1.3783115,-1.3150933,-1.1799114,-1.0068946
-1.5088644,-1.446181,-1.2738674,-1.0833124
-1.6124065,-1.5467914,-1.3340999,-1.1293937
-1.6873599,-1.615607,-1.3670938,-1.152763
-1.736783,-1.6564852,-1.379766,-1.1597404
-1.7673783,-1.6771575,-1.3805206,-1.1573627
-1.7803081,-1.6789672,-1.3691385,-1.1444991
-1.7720677,-1.656264,-1.3318635,-1.1040721
-1.7401835,-1.6053642,-1.26515,-1.0327083
-1.6845056,-1.5262004,-1.1711447,-0.93390864
-1.617866,-1.4359182,-1.076846,-0.83785367
-1.5502726,-1.3485832,-0.9989363,-0.7623019
-1.4864656,-1.2696905,-0.9353772,-0.70230436
-1.4244902,-1.1956834,-0.8751902,-0.6449888
-1.362509,-1.1236172,-0.8139496,-0.5862277
-1.2999371,-1.0525706,-0.7509714,-0.52575684
-1.2352843,-0.98115385,-0.68688637,-0.46534973
-1.1699121,-0.9108547,-0.6231365,-0.40625206
-1.1058354,-0.84377813,-0.5617616,-0.34991524
-1.0407659,-0.7772781,-0.5000414,-0.2941282
-0.9762313,-0.71313614,-0.44154593,-0.2426596
-0.91247267,-0.65113944,-0.38403997,-0.19234397
-0.8488923,-0.59046036,-0.3269406,-0.14286895
-0.78590715,-0.5315153,-0.2715605,-0.09571007
-0.7244259,-0.47529474,-0.21942109,-0.05234906
-0.66358185,-0.42060623,-0.16897091,-0.011227948
-0.6033394,-0.36754644,-0.12163087,0.025781676
-0.54480565,-0.31719553,-0.0783336,0.058219112
-0.48735034,-0.26836848,-0.035827134,0.09005664
-0.4354998,-0.22627635,-0.0017652172,0.11380792
-0.38727117,-0.18815541,0.029007988,0.13507505
-0.3427719,-0.1540384,0.055922184,0.1530448
-0.30334288,-0.12554036,0.07540622,0.16375688
0.14660999,0.15096588,0.13142695,0.09324052
0.052189004,0.06541121,0.039724354,0.049860653
0.15350537,0.14840971,0.09870004,0.08376098
0.17524947,0.1598979,0.10856492,0.07030418
0.15767698,0.12942076,0.044358086,-0.017986385
0.12428737,0.07440496,-0.048281513,-0.13135314
0.08618173,0.008879326,-0.13820647,-0.23649567
0.051027283,-0.055827234,-0.21347384,-0.32146275
0.023143146,-0.11285466,-0.27271006,-0.38680205
0.00064735167,-0.16245131,-0.3201425,-0.4378586
-0.018937072,-0.20592095,-0.35826242,-0.47763512
-0.03273648,-0.23958978,-0.38587978,-0.5067859
-0.040117353,-0.26183406,-0.3998853,-0.5219813
-0.039218947,-0.27070197,-0.4000265,-0.5238697
-0.027637126,-0.2635285,-0.3834413,-0.50986934
-0.005004828,-0.24041262,-0.35179013,-0.4821
0.020261642,-0.21218038,-0.31924742,-0.45440483
0.045931596,-0.18269856,-0.29120785,-0.4328245
0.06398828,-0.16122718,-0.2747159,-0.42249915
0.072834015,-0.14960161,-0.26965663,-0.42252797
0.07711933,-0.14195475,-0.2666203,-0.42330393
0.08088142,-0.13303381,-0.25845507,-0.41764733
0.0923828,-0.11326961,-0.23516022,-0.3967516
0.10778829,-0.08821209,-0.20803618,-0.37308237
0.13094983,-0.053338446,-0.16962735,-0.33908302
0.16947861,0.00015325724,-0.10902441,-0.28426856
0.23111679,0.080766186,-0.017409017,-0.20095763
0.3080124,0.17691128,0.08392817,-0.11249762
0.3853985,0.27074763,0.17644845,-0.035472233
0.47257355,0.37392315,0.28180236,0.053470016
0.56687766,0.48286188,0.3942122,0.14868847
0.6602098,0.58731556,0.49843213,0.23421274
0.7473586,0.6821076,0.59318185,0.31103015
0.83979887,0.7813405,0.69890374,0.40026778
0.94138193,0.88919103,0.81952596,0.5054153
1.0482852,0.9998061,0.9419742,0.611067
1.1534667,1.10547,1.0591491,0.71138835
1.246094,1.1944442,1.1563704,0.7924917
1.3136299,1.255135,1.2244375,0.84837425
1.3477095,1.2803382,1.2562499,0.8738294
1.3456025,1.2690121,1.2523082,0.8710926
1.3009626,1.215559,1.2066714,0.83584714
1.2115401,1.118461,1.1180648,0.7682064
1.0793818,0.98013,0.9884313,0.67056304
0.91397333,0.8110688,0.8296586,0.5540957
0.7307566,0.62788546,0.66037244,0.4346827
0.5480334,0.45004016,0.5013787,0.32849735
0.38307035,0.29539984,0.37027338,0.24780627
0.24057876,0.16732043,0.2655432,0.18723057
0.122792386,0.067244925,0.18721987,0.14531194
0.022232164,-0.014508951,0.12156581,0.10857989
-0.07071505,-0.089683875,0.053991843,0.06376863
-0.16796513,-0.17219697,-0.03035151,-0.0014397511
-0.28425074,-0.27903572,-0.14979413,-0.10283869
-0.42015693,-0.40937817,-0.29363653,-0.22669423
-0.5569647,-0.53963107,-0.42284077,-0.33302826
-0.6779443,-0.65046406,-0.5173859,-0.40494412
-0.77769834,-0.73735034,-0.58208525,-0.4512918
-0.8478642,-0.7921199,-0.6133782,-0.47077373
-0.887567,-0.81479985,-0.61674976,-0.46960044
-0.8971204,-0.8061117,-0.59444594,-0.4495209
-0.8792982,-0.7699923,-0.553481,-0.41736662
-0.8397319,-0.71380794,-0.5038333,-0.38281026
-0.7827152,-0.64232683,-0.44671053,-0.3449389
-0.7140168,-0.56151503,-0.38399348,-0.30297843
-0.6421354,-0.48103908,-0.32526767,-0.2650358
-0.575777,-0.41036525,-0.27807972,-0.2366558
-0.52205104,-0.35677505,-0.2482552,-0.22215952
-0.4796991,-0.31748065,-0.2296268,-0.21492112
-0.44570085,-0.28786358,-0.21600139,-0.2092268
-0.41614383,-0.26258478,-0.20071867,-0.19905186
-0.3935815,-0.24531998,-0.19397375,-0.19651781
-0.37839296,-0.23618649,-0.19454592,-0.19994466
-0.36650512,-0.23019004,-0.19619341,-0.20353745
-0.3584488,-0.22775215,-0.20017508,-0.20868054
-0.35472864,-0.2297355,-0.20893544,-0.21827444
-0.354306,-0.23446117,-0.21821772,-0.22733349
-0.3543917,-0.2388758,-0.22556838,-0.23413998
-0.35454574,-0.24296221,-0.23343723,-0.24205534
-0.35478705,-0.24625616,-0.23796207,-0.24589132
-0.35320324,-0.24714592,-0.23996478,-0.24768606
-0.35120547,-0.24726444,-0.24105845,-0.24867417
-0.34668776,-0.24449831,-0.2393586,-0.24742216
-0.34246376,-0.2420602,-0.23841576,-0.24704142
-0.33531713,-0.23599587,-0.23183207,-0.24085823
-0.3239994,-0.22535974,-0.2207976,-0.23106423
-0.31357145,-0.21588528,-0.21158731,-0.22297466
-0.30376154,-0.20777234,-0.20591374,-0.21898249
-0.29844865,-0.20508891,-0.20716113,-0.22139908
-0.30182245,-0.2125329,-0.22148868,-0.23604865
-0.31058958,-0.22566299,-0.24063021,-0.25413916
-0.32280728,-0.24181797,-0.26073772,-0.27195314
-0.33657998,-0.25877196,-0.27951464,-0.2875647
-0.35177797,-0.27657992,-0.29784137,-0.30226108
-0.36603928,-0.29282254,-0.31358156,-0.31437078
-0.37933564,-0.3076808,-0.32759976,-0.3249673
-0.3934416,-0.32335788,-0.34321707,-0.3373693
-0.40743515,-0.33870837,-0.357869,-0.3486185
-0.42237663,-0.35504618,-0.37391457,-0.3612908
-0.4360133,-0.36943978,-0.38594633,-0.36947736
0.14274205,0.14678429,0.12648574,0.08875368
0.03522539,0.047205508,0.019402182,0.032224417
0.117552854,0.10946758,0.05633812,0.046763778
0.12308059,0.103324555,0.049194574,0.017587697
0.08948427,0.054570545,-0.032948937,-0.08845158
0.047364227,-0.011342476,-0.13467453,-0.21209809
0.0055929106,-0.08215224,-0.22537251,-0.31925225
-0.02894714,-0.14778344,-0.29965574,-0.405746
-0.058263384,-0.20770636,-0.36032584,-0.4744239
-0.080918476,-0.2581911,-0.40683255,-0.5261945
-0.09567891,-0.2959659,-0.4363156,-0.55900836
-0.10386806,-0.32207954,-0.45311233,-0.5783525
-0.10742972,-0.33900952,-0.46195573,-0.5896863
-0.107899226,-0.34890813,-0.46549952,-0.5959306
-0.1103052,-0.3584931,-0.47287127,-0.6064386
-0.11599982,-0.3691026,-0.4817155,-0.6178332
-0.12149192,-0.37688845,-0.48720303,-0.62562245
-0.12598683,-0.38126963,-0.49007204,-0.6311079
-0.12916519,-0.38189384,-0.48891225,-0.6326435
-0.13104583,-0.37907657,-0.48450235,-0.6310443
-0.12889218,-0.36983684,-0.47322568,-0.6229154
-0.124977335,-0.35723597,-0.45973125,-0.612969
-0.11803925,-0.34007508,-0.44208077,-0.59921056
-0.110071756,-0.3210496,-0.42385495,-0.58511615
-0.10274643,-0.30232525,-0.40685195,-0.5721472
-0.097868726,-0.2863932,-0.39436188,-0.5635642
-0.09612065,-0.27380246,-0.38491794,-0.5572403
-0.09437885,-0.26092684,-0.37426668,-0.5491578
-0.09447344,-0.24984631,-0.36466148,-0.5413178
-0.096154705,-0.24056178,-0.35706216,-0.5351264
-0.09785484,-0.23140474,-0.3496322,-0.52896744
-0.10123074,-0.22396335,-0.34279948,-0.52256507
-0.10646555,-0.21873766,-0.33829466,-0.51800865
-0.1092433,-0.21051963,-0.32878354,-0.5081338
-0.11157617,-0.20194012,-0.31919464,-0.4980865
-0.11326897,-0.19285446,-0.3089061,-0.48725075
-0.110649996,-0.17904761,-0.2927548,-0.47080955
-0.102721274,-0.15920354,-0.2685684,-0.44636518
-0.092180386,-0.13690884,-0.2422462,-0.4200368
-0.07641963,-0.109392695,-0.21026503,-0.38863695
-0.05890922,-0.08109918,-0.17923525,-0.3587928
-0.031299923,-0.04151141,-0.13199429,-0.3128356
0.004035568,0.006115317,-0.07504051,-0.25759855
0.040093396,0.052410234,-0.023969334,-0.20975524
0.07449039,0.09501745,0.022060936,-0.16695312
0.111859016,0.1403585,0.07523893,-0.11571236
0.14980249,0.18521556,0.12802142,-0.064587414
0.189406,0.23169664,0.18705508,-0.0056386576
0.22539571,0.27355075,0.24347508,0.052583005
0.24328418,0.29424194,0.27559707,0.08951474
0.23343499,0.28445598,0.27689993,0.10196522
0.18511754,0.23318303,0.2344646,0.07877698
0.09022547,0.13181528,0.13445073,0.005912789
-0.041978095,-0.007389448,-0.0034894645,-0.096844
-0.19208272,-0.161431,-0.14910515,-0.20199938
-0.33926812,-0.30683792,-0.27489966,-0.2860753
-0.4636986,-0.42285395,-0.36123887,-0.3343677
-0.5612906,-0.5075509,-0.41467884,-0.35675612
-0.6339751,-0.5649115,-0.44340995,-0.36182508
-0.6847823,-0.59960794,-0.4549252,-0.35660884
-0.721944,-0.6216538,-0.4607031,-0.35075566
-0.75318223,-0.6400256,-0.46953002,-0.35109144
-0.78374404,-0.66071826,-0.48633048,-0.3611939
-0.8215075,-0.6924153,-0.51939595,-0.38774145
-0.87245965,-0.74200624,-0.5758411,-0.43741137
-0.93347114,-0.8047333,-0.6446095,-0.49806267
-0.99236405,-0.8645096,-0.6999744,-0.5429713
-1.0393577,-0.9085146,-0.7256041,-0.5558193
-1.070122,-0.9330273,-0.7276095,-0.5464564
-1.0944319,-0.951817,-0.73224866,-0.5438962
-1.112255,-0.96557903,-0.73884344,-0.5469995
-1.1241201,-0.97424716,-0.7438885,-0.5506443
-1.126414,-0.9731293,-0.740683,-0.54806465
-1.1186215,-0.9613051,-0.7278874,-0.53770244
-1.0975609,-0.9345288,-0.69791746,-0.5110331
-1.0627044,-0.89245176,-0.6521467,-0.46989003
-1.0137736,-0.8348393,-0.589788,-0.4132303
-0.95720595,-0.76978564,-0.5215549,-0.35151154
-0.89162964,-0.6952175,-0.4402881,-0.27612305
-0.8252832,-0.621893,-0.36376223,-0.2060334
-0.7653258,-0.5583281,-0.30130783,-0.14972496
-0.7192571,-0.51381904,-0.26666474,-0.1214046
-0.6920495,-0.49341986,-0.26507297,-0.12573795
-0.68087715,-0.49160662,-0.2826784,-0.14674471
-0.681659,-0.5019277,-0.30823797,-0.17236342
-0.6833293,-0.5099914,-0.31939134,-0.1798359
-0.6866784,-0.51789695,-0.326309,-0.18204597
-0.68495786,-0.51872736,-0.3228417,-0.17437111
-0.67486525,-0.508222,-0.30021852,-0.14665957
-0.65487605,-0.48579514,-0.26366287,-0.106239654
-0.63311493,-0.46254802,-0.23274551,-0.07417716
-0.61196107,-0.4414169,-0.2092888,-0.051311247
-0.5912983,-0.4217163,-0.1899272,-0.033309598
-0.570015,-0.4014045,-0.16959147,-0.014420939
-0.5465186,-0.37861332,-0.14632249,0.006916632
-0.52057487,-0.35294315,-0.11848609,0.03271826
-0.48969606,-0.32225016,-0.086237274,0.061465133
-0.45553645,-0.28844136,-0.050965715,0.09239908
-0.41929156,-0.2528733,-0.013572119,0.12504573
-0.3797876,-0.21452378,0.025858618,0.15863575
0.14400071,0.14796719,0.12738144,0.08930842
0.04515371,0.05746698,0.029612496,0.040336367
0.14650859,0.14081657,0.09033496,0.07593655
0.16549644,0.14934565,0.09744012,0.059737097
0.12538359,0.091690265,-0.0026742746,-0.06368341
0.06423116,0.0035162529,-0.13234724,-0.21207778
0.005431779,-0.08655887,-0.24175411,-0.33478013
-0.04019648,-0.16432603,-0.3242439,-0.4273858
-0.07251213,-0.22689185,-0.38227046,-0.492561
-0.096341774,-0.27816644,-0.42647344,-0.5421193
-0.11432929,-0.31981084,-0.46053267,-0.5804027
-0.12862599,-0.35341394,-0.4861227,-0.6092125
-0.13975872,-0.37933555,-0.50391793,-0.6296453
-0.14805031,-0.3983834,-0.5162843,-0.64477974
-0.1542493,-0.41170532,-0.5241809,-0.6556364
-0.1608308,-0.42242745,-0.5305735,-0.66481626
-0.16437072,-0.42699385,-0.5313094,-0.66866195
-0.16788076,-0.42902127,-0.53025395,-0.67058015
-0.17086942,-0.42855304,-0.5282258,-0.6718206
-0.17429747,-0.4268454,-0.5256325,-0.6724308
-0.17710848,-0.4229885,-0.5216886,-0.67182904
-0.17853273,-0.41624674,-0.515126,-0.66873217
-0.18009584,-0.40827635,-0.50681597,-0.6633656
-0.18107887,-0.39892772,-0.49841836,-0.65814126
-0.1828348,-0.38998795,-0.49156705,-0.6544277
-0.1846442,-0.38033816,-0.48285484,-0.64826256
-0.1845132,-0.36807048,-0.4715513,-0.6395182
-0.18684843,-0.35842428,-0.46366495,-0.63370705
-0.18890357,-0.34824598,-0.45440665,-0.626033
-0.1889675,-0.33556122,-0.44162792,-0.6145721
-0.18576086,-0.31910372,-0.42472062,-0.5991258
-0.18136184,-0.3015519,-0.40734276,-0.58325803
-0.17448872,-0.2813242,-0.3862198,-0.56344587
-0.16417919,-0.25734565,-0.3600624,-0.53837925
-0.15234323,-0.23263828,-0.33550155,-0.51562685
-0.14166793,-0.21029812,-0.31470776,-0.4966234
-0.13200083,-0.18960953,-0.29402804,-0.47676426
-0.1220285,-0.16921924,-0.2734422,-0.45669463
-0.11584,-0.15395969,-0.25909734,-0.44226217
-0.11283247,-0.14282826,-0.24820971,-0.43033996
-0.11016188,-0.13219567,-0.23576097,-0.41591555
-0.106035344,-0.11990889,-0.21981345,-0.39746854
-0.10544898,-0.11257024,-0.21179153,-0.3872128
-0.10544898,-0.105932854,-0.20229314,-0.37452018
-0.10380649,-0.09770775,-0.19052567,-0.35958683
-0.09590475,-0.081820935,-0.1665537,-0.33197078
-0.09101186,-0.06982495,-0.14813308,-0.30964738
-0.092652254,-0.06656587,-0.14336294,-0.30122265
-0.10505257,-0.075974576,-0.15216503,-0.30439988
-0.1264511,-0.095466144,-0.17105497,-0.31574938
-0.163149,-0.13125335,-0.20458561,-0.33797973
-0.20977312,-0.17702892,-0.2456077,-0.36495715
-0.27648473,-0.24485342,-0.31140193,-0.41391718
-0.3589445,-0.3287834,-0.3900252,-0.472144
-0.45441848,-0.42507082,-0.47523007,-0.5333364
-0.5626192,-0.5330955,-0.5661836,-0.59686273
-0.6853789,-0.6554869,-0.66739416,-0.66791975
-0.82256866,-0.7928131,-0.78095293,-0.74965054
-0.97618514,-0.9472018,-0.906732,-0.8413437
-1.1381265,-1.1108121,-1.0403113,-0.94246614
-1.2955755,-1.2694051,-1.165103,-1.0382284
-1.4325633,-1.4054961,-1.2651012,-1.1151652
-1.5426365,-1.5120983,-1.3366095,-1.1700281
-1.6267847,-1.5905231,-1.3839802,-1.2061948
-1.6899498,-1.6467155,-1.4158504,-1.231233
-1.7305363,-1.6780155,-1.4246343,-1.2345551
-1.757822,-1.6953337,-1.4272591,-1.2336882
-1.7757603,-1.7031147,-1.4245703,-1.2277784
-1.7813771,-1.6974245,-1.4083261,-1.2072138
-1.7724342,-1.67519,-1.3753844,-1.1690897
-1.7503911,-1.638344,-1.3303982,-1.1191645
-1.7240093,-1.598311,-1.2907261,-1.0767682
-1.6956861,-1.5583426,-1.2558566,-1.0402446
-1.6711398,-1.5252541,-1.2326657,-1.0162927
-1.6546758,-1.5045087,-1.2272779,-1.0116018
-1.6453019,-1.4939414,-1.2301536,-1.0142467
-1.6391821,-1.488149,-1.2337962,-1.0166378
-1.6337967,-1.4836282,-1.2349802,-1.016096
-1.6262475,-1.4765819,-1.229558,-1.0084486
-1.6114703,-1.4607466,-1.2109238,-0.98730683
-1.5901704,-1.4370683,-1.1836312,-0.9580837
-1.5618217,-1.4057071,-1.1507581,-0.9251031
-1.5267233,-1.3667777,-1.1103972,-0.88535106
-1.4890842,-1.326055,-1.0732855,-0.8510383
-1.450605,-1.2860029,-1.0415415,-0.82414705
-1.4093432,-1.2437842,-1.0078008,-0.7960034
-1.3635327,-1.1968564,-0.9684796,-0.76282686
-1.3093815,-1.1397039,-0.9132135,-0.7127312
-1.248479,-1.0745047,-0.84763706,-0.6523167
-1.1877733,-1.0107021,-0.7878981,-0.5993087
-1.1295451,-0.9524279,-0.74146795,-0.56242675
-1.0757285,-0.9010412,-0.70422834,-0.5351556
-1.0277637,-0.8583501,-0.6807766,-0.5231973
-0.98486793,-0.8229495,-0.6674616,-0.5224876
-0.94230956,-0.78949,-0.65975815,-0.5299955
-0.890662,-0.7457343,-0.6379451,-0.5249216
-0.82760197,-0.6885678,-0.598859,-0.50415593
-0.7550718,-0.620601,-0.5469632,-0.47197083
-0.68192333,-0.55252486,-0.49489102,-0.43934634
-0.6142824,-0.49183849,-0.45147756,-0.41409928
0.15017636,0.15494719,0.13648579,0.09799293
0.08590925,0.10263084,0.08384473,0.089452595
0.2681126,0.27546176,0.2434175,0.21231256
0.43880773,0.45237812,0.4337105,0.36070403
0.6258366,0.64918035,0.6104035,0.49009624
0.8217437,0.8494916,0.78003556,0.6149556
1.0133305,1.0399212,0.9436334,0.73958296
1.1896105,1.2107455,1.0962282,0.8605372
1.3479648,1.3607141,1.2365543,0.9755805
1.4878484,1.4902737,1.3636805,1.0826193
1.6127901,1.6038384,1.480521,1.183142
1.7241709,1.7030185,1.5861769,1.2751844
1.8221442,1.7883211,1.6801757,1.3579922
1.9092867,1.8625073,1.7635108,1.4317372
1.9858323,1.9262515,1.8372413,1.49783
2.0552487,1.9829788,1.9029558,1.5567652
2.1171715,2.0323296,1.9600487,1.6078327
2.1708622,2.0738711,2.0088565,1.6517309
2.2176762,2.1089876,2.0502822,1.6889783
2.2560287,2.13618,2.083047,1.7184664
2.2857213,2.1554804,2.1077256,1.7409172
2.3086991,2.169141,2.1273265,1.7596473
2.3266451,2.1785774,2.1423209,1.7744604
2.3396027,2.1839151,2.15366,1.7865596
2.3458128,2.183258,2.1592567,1.7936954
2.3445966,2.1759138,2.1582363,1.7948866
2.3345373,2.1605427,2.149484,1.7892832
2.3153026,2.1369023,2.1326756,1.7766479
2.2842698,2.102286,2.1049714,1.7544113
2.2428217,2.0581453,2.0673563,1.7236243
2.1903105,2.003999,2.0203013,1.6856971
2.1275144,1.9408138,1.9654359,1.6429639
2.0553296,1.8694175,1.9038302,1.596682
1.9717969,1.7874314,1.8321707,1.5434289
1.8713561,1.6887724,1.7435402,1.4766768
1.7505583,1.5699615,1.6339172,1.3932891
1.607834,1.4294477,1.5012252,1.2919751
1.4484527,1.273,1.3507297,1.1778464
1.2779216,1.1062442,1.1874698,1.0547823
1.1056491,0.9388772,1.0200851,0.9287226
0.933383,0.7723458,0.84986067,0.7994349
0.75993526,0.6047912,0.6729466,0.6613889
0.5869764,0.43869618,0.49546883,0.52039593
0.42147362,0.28308505,0.33377632,0.3929078
0.26284006,0.13639747,0.18282144,0.2720116
0.12182533,0.011331825,0.060301848,0.17421168
0.00237945,-0.0886532,-0.032825865,0.09912769
-0.08785342,-0.15583819,-0.09120351,0.050554603
-0.14617229,-0.18824778,-0.11488261,0.028423237
-0.1709509,-0.18505704,-0.10514893,0.031830005
-0.16717204,-0.15330581,-0.072325855,0.051362067
-0.14063564,-0.100218445,-0.023417808,0.0820752
-0.10505388,-0.041948278,0.024779348,0.10999182
-0.07029139,0.010505685,0.06254883,0.12777886
-0.042074513,0.051777314,0.08868205,0.13667259
-0.025325216,0.07709403,0.09850896,0.13281795
-0.021600328,0.085709825,0.092283234,0.11671794
-0.028725747,0.08119929,0.07575541,0.09413333
-0.044474192,0.066511154,0.05088044,0.06586746
-0.06617062,0.04541703,0.023141459,0.037256062
-0.089288406,0.02324369,-0.0021081476,0.012552737
-0.11209703,0.0018470081,-0.024313098,-0.008561114
-0.13403267,-0.018566601,-0.04535284,-0.028844712
-0.15729533,-0.04041146,-0.067646235,-0.0502552
-0.18157169,-0.06342107,-0.091239594,-0.072931364
-0.20400853,-0.08436156,-0.11223887,-0.0933639
-0.22581841,-0.10439698,-0.13124856,-0.11159362
-0.24630177,-0.12297357,-0.14857593,-0.12831405
-0.26579082,-0.14063142,-0.16520618,-0.14452304
-0.28066525,-0.1532085,-0.17578842,-0.15520114
-0.29339096,-0.16341011,-0.18297118,-0.16231878
-0.303133,-0.1707999,-0.18840925,-0.16843154
-0.313267,-0.17928325,-0.19627413,-0.17704768
-0.32111135,-0.18559217,-0.20149882,-0.18306494
-0.32972285,-0.19319496,-0.20848237,-0.19059044
-0.3386139,-0.20146814,-0.2164167,-0.19884905
-0.34691414,-0.20950238,-0.22444135,-0.20719756
-0.35729572,-0.22020403,-0.23568024,-0.21835628
-0.3660977,-0.22905356,-0.24338178,-0.22551803
-0.3728254,-0.2355543,-0.24755244,-0.22898881
-0.3792248,-0.2421561,-0.25340456,-0.23459135
-0.38565487,-0.24906518,-0.25953165,-0.24025957
-0.3924693,-0.25654355,-0.265749,-0.2455719
-0.39799285,-0.26267976,-0.27031058,-0.24923243
-0.40435085,-0.2697229,-0.27509263,-0.25249046
-0.40567607,-0.27068996,-0.27044368,-0.24599075
-0.4000328,-0.2636713,-0.25585932,-0.23002248
-0.39190048,-0.2542124,-0.23941097,-0.21254677
-0.38321224,-0.24479452,-0.22410864,-0.19633013
-0.37680128,-0.23858197,-0.21338645,-0.18425646
-0.37576506,-0.2383249,-0.20749551,-0.175104
-0.37989762,-0.24310619,-0.20343749,-0.1650898
-0.39255208,-0.2563984,-0.2051582,-0.15766455
-0.41524884,-0.2788531,-0.20933677,-0.14755984
-0.4574116,-0.32207954,-0.23573448,-0.1554781
-0.5295582,-0.39809522,-0.29966637,-0.19610412
-0.6259384,-0.5006423,-0.39552668,-0.26620704
-0.7311874,-0.61155915,-0.49892753,-0.34359306
-0.82900107,-0.7118345,-0.5857502,-0.4061292
-0.90641755,-0.7876951,-0.64365584,-0.4442823
0.14503798,0.14921135,0.12923501,0.09114749
0.0395107,0.05152707,0.023705082,0.035591
0.108793326,0.0986222,0.041434,0.032351192
0.08380825,0.057315703,-0.007298829,-0.035177253
0.028471228,-0.016094781,-0.11229916,-0.16204824
-0.019766834,-0.08813692,-0.2097669,-0.28081495
-0.0542516,-0.15041149,-0.2845593,-0.3743526
-0.076408625,-0.20180438,-0.34050012,-0.44548604
-0.09097335,-0.24465713,-0.38271394,-0.49867147
-0.10346772,-0.2833681,-0.4192834,-0.5428408
-0.115427606,-0.31830984,-0.45080295,-0.5793439
-0.12777735,-0.34973943,-0.47706175,-0.6085171
-0.13873875,-0.37567282,-0.49728295,-0.63074064
-0.14840218,-0.39635012,-0.5119378,-0.6469575
-0.15682739,-0.41230077,-0.5226928,-0.6593881
-0.16398923,-0.42382902,-0.52996355,-0.6685683
-0.16803193,-0.42881036,-0.5299869,-0.670587
-0.1710654,-0.43039218,-0.5287214,-0.67184746
-0.1719549,-0.42755842,-0.524101,-0.6703051
-0.1726112,-0.4227227,-0.51846015,-0.6678545
-0.17378655,-0.4172795,-0.5140824,-0.6669826
-0.17565542,-0.41146472,-0.50985247,-0.6661598
-0.1777517,-0.40464473,-0.5039238,-0.6631744
-0.17943087,-0.39610597,-0.49531257,-0.6569259
-0.18014352,-0.38607943,-0.48701194,-0.6515622
-0.182746,-0.3776835,-0.48063645,-0.64765936
-0.18668966,-0.37046975,-0.47554275,-0.6446198
-0.18993561,-0.36196163,-0.46798474,-0.6386606
-0.1929172,-0.35288635,-0.45975024,-0.63174886
-0.19747603,-0.34556964,-0.4536284,-0.62656623
-0.2019995,-0.3382291,-0.44712543,-0.62070847
-0.20845106,-0.33335072,-0.4439329,-0.61782247
-0.21661139,-0.33039773,-0.4416619,-0.6150255
-0.22563921,-0.32880083,-0.441436,-0.61419654
-0.23348697,-0.32552078,-0.43676177,-0.6080448
-0.24145289,-0.32255152,-0.4325811,-0.6021842
-0.24928702,-0.31990698,-0.42951977,-0.5975739
-0.25815842,-0.3187896,-0.4279096,-0.59397095
-0.2668404,-0.3176616,-0.42540795,-0.5890584
-0.2750301,-0.31642428,-0.42315012,-0.58439296
-0.2855951,-0.3182752,-0.4241163,-0.582376
-0.29779968,-0.3223979,-0.4273099,-0.5821208
-0.31030872,-0.32717022,-0.43064034,-0.5816541
-0.32408795,-0.33346453,-0.4345244,-0.5810245
-0.3381415,-0.3401738,-0.4379848,-0.57951194
-0.35319355,-0.3484908,-0.4439596,-0.58056486
-0.369264,-0.35820088,-0.4509346,-0.58220613
-0.38736182,-0.3701488,-0.45871332,-0.5836522
-0.40763322,-0.38493237,-0.47032997,-0.5887893
-0.43154278,-0.404017,-0.48614022,-0.5973487
-0.4585272,-0.42645517,-0.5038216,-0.6067153
-0.486999,-0.45051762,-0.5225284,-0.6167109
-0.51894915,-0.4784115,-0.5445834,-0.62927014
-0.55508405,-0.5109061,-0.57062584,-0.6448871
-0.5966169,-0.5492222,-0.60118735,-0.66369784
-0.6442891,-0.59430546,-0.63830686,-0.6880049
-0.699771,-0.6475646,-0.68095785,-0.7157653
-0.7641643,-0.71051025,-0.7325701,-0.75099635
-0.84027344,-0.7860476,-0.7944689,-0.7941859
-0.93108743,-0.87780184,-0.87156665,-0.85051686
-1.037275,-0.98624074,-0.9619568,-0.9176808
-1.1586101,-1.1109991,-1.0645474,-0.9949239
-1.2918061,-1.2483928,-1.1749601,-1.0789427
-1.4317998,-1.3931234,-1.2889351,-1.167246
-1.5711764,-1.5373675,-1.4002435,-1.2556343
-1.6993148,-1.6695694,-1.4981616,-1.3349
-1.8076677,-1.7801342,-1.5748241,-1.3976567
-1.8937265,-1.8662113,-1.6301337,-1.4433383
-1.9580519,-1.9284594,-1.6668147,-1.47384
-2.0027118,-1.9688886,-1.6864562,-1.4890975
-2.0312142,-1.9911326,-1.6922002,-1.4908999
-2.0464494,-1.9988028,-1.6890894,-1.4846641
-2.0513427,-1.9951992,-1.678675,-1.4710177
-2.0479386,-1.9828393,-1.6632644,-1.4524682
-2.039485,-1.9657174,-1.6469194,-1.4333392
-2.0235963,-1.9409361,-1.6232399,-1.4064704
-1.9998385,-1.9076629,-1.5911527,-1.3707086
-1.9659668,-1.8629079,-1.5460123,-1.320979
-1.9236463,-1.8089472,-1.4940175,-1.265209
-1.8736182,-1.746613,-1.4342009,-1.2017715
-1.8191613,-1.6804326,-1.3745548,-1.1402435
-1.7655469,-1.6171776,-1.3228451,-1.0886856
-1.7207565,-1.5673792,-1.2929745,-1.062147
-1.685906,-1.5321527,-1.2803459,-1.0540578
-1.6608665,-1.5103009,-1.2796774,-1.05773
-1.6437789,-1.498829,-1.2864041,-1.0685983
-1.6266655,-1.487628,-1.2875823,-1.0737046
-1.600907,-1.4655254,-1.2700847,-1.0597093
-1.5612165,-1.425914,-1.2298812,-1.0234783
-1.5088804,-1.3714786,-1.1775273,-0.9781861
-1.4437411,-1.3031845,-1.1161516,-0.9278168
-1.361258,-1.2162126,-1.0394667,-0.8661473
-1.2644287,-1.1144477,-0.95334536,-0.7993826
-1.15296,-0.9973887,-0.85262436,-0.720543
-1.0286045,-0.8671273,-0.73764026,-0.6291131
-0.9021595,-0.73739535,-0.62674564,-0.5434347
-0.7791813,-0.6154526,-0.527004,-0.46960437
-0.6619061,-0.5026044,-0.433345,-0.3999711
-0.55137855,-0.39906064,-0.34518287,-0.33362174
-0.44147032,-0.29632503,-0.24850821,-0.25606564
0.14007328,0.14376156,0.12254204,0.08500055
0.010041188,0.019284537,-0.014192897,0.0018211857
0.045186725,0.028658133,-0.037822135,-0.038433634
0.0049158963,-0.028528817,-0.09683537,-0.11565995
-0.049332503,-0.10029102,-0.19240218,-0.23583736
-0.092421435,-0.16777833,-0.28255907,-0.35135743
-0.12489009,-0.23000129,-0.35798603,-0.44894397
-0.1452288,-0.2809394,-0.41192853,-0.5200358
-0.15654364,-0.32092893,-0.44946337,-0.57005084
-0.16157907,-0.35055968,-0.47281852,-0.6018691
-0.16234176,-0.37143773,-0.48719072,-0.62224364
-0.16157593,-0.38623708,-0.49519014,-0.63411784
-0.15938874,-0.3957676,-0.49975544,-0.6418679
-0.1551684,-0.39934197,-0.4985195,-0.64315945
-0.14821433,-0.39657512,-0.4915466,-0.6385856
-0.1385218,-0.38767493,-0.4785165,-0.62780684
-0.1231166,-0.36977932,-0.45716783,-0.60934097
-0.10065355,-0.34147522,-0.42528737,-0.580979
-0.06025853,-0.28950644,-0.36438864,-0.52412426
0.0086662,-0.20202282,-0.26344466,-0.42942
0.11797652,-0.066700414,-0.11263395,-0.28991356
0.2910032,0.14188118,0.116299205,-0.08072845
0.50900763,0.39641556,0.37963346,0.15145555
0.736955,0.6519118,0.62528926,0.35585386
0.94688714,0.8774451,0.8349945,0.52247405
1.1302083,1.0667031,1.0134702,0.66239893
1.2860069,1.2216276,1.1651034,0.78221834
1.4166728,1.3472376,1.2951875,0.8878493
1.5264896,1.4491194,1.4057053,0.97954124
1.6136421,1.5265828,1.4951868,1.0559398
1.6799942,1.5821439,1.5632839,1.1151267
1.7230057,1.6139798,1.6080209,1.1552706
1.7405047,1.6207703,1.6287031,1.1762224
1.7292968,1.5996809,1.6221945,1.1750661
1.6860522,1.5475318,1.5844944,1.1481625
1.6065627,1.4604399,1.5129871,1.0947409
1.490787,1.3384478,1.4067204,1.0146642
1.3447337,1.1881876,1.273267,0.916307
1.1802701,1.022373,1.1261048,0.81204325
1.0123945,0.8568222,0.98111206,0.7145731
0.8542404,0.70501286,0.8509858,0.63242406
0.71505475,0.57635564,0.74417096,0.57039666
0.5996447,0.47503594,0.6621459,0.52681875
0.506823,0.39909756,0.60210973,0.4981825
0.43272296,0.34375376,0.558923,0.47984734
0.3723314,0.30270597,0.5246638,0.46447235
0.3198717,0.26944456,0.49437243,0.44922662
0.2723062,0.2403619,0.46496344,0.4321828
0.22465791,0.20925844,0.42817104,0.40558696
0.16767289,0.1655329,0.3715838,0.3583181
0.08987597,0.09591239,0.2782675,0.2745591
-0.0113054635,-0.0022747351,0.1463782,0.15297809
-0.10739356,-0.09274855,0.037348874,0.057499476
-0.17334089,-0.14706995,-0.017850405,0.014569539
-0.2020988,-0.15931052,-0.023088228,0.015462765
-0.19332147,-0.13240892,0.0069553102,0.041773565
-0.16050382,-0.08343693,0.04988711,0.07287241
-0.12060583,-0.031687748,0.08714262,0.09472868
-0.08722331,0.00840994,0.107346304,0.100256234
-0.06934451,0.028736835,0.10801464,0.09090471
-0.06574408,0.03169218,0.091979936,0.068965994
-0.067799225,0.02874249,0.07639621,0.051434986
-0.07341656,0.022410953,0.061758675,0.037224576
-0.07959039,0.015501637,0.04732431,0.023445038
-0.0886279,0.0056124697,0.03140725,0.008915204
-0.09289251,0.0014407719,0.02371301,0.002118237
-0.0956928,-0.0007878726,0.019397594,-0.0014016358
-0.09539437,0.00023620107,0.017667089,-0.003563855
-0.09687416,-0.00084536773,0.013753009,-0.0078029493
-0.09357005,0.0036401972,0.017803092,-0.0043845787
-0.08608097,0.012807848,0.027751828,0.0044644047
-0.072524704,0.028645879,0.04577862,0.020568568
-0.04890911,0.055602156,0.07800448,0.049845327
-0.005380539,0.10492876,0.13984667,0.107245855
0.068212286,0.18671986,0.24024937,0.19909191
0.1833375,0.31174922,0.38932562,0.33277872
0.3356479,0.4719708,0.573848,0.49412903
0.50038666,0.6363198,0.75006086,0.640014
0.6419068,0.76622915,0.8753744,0.7336486
0.7476211,0.85322267,0.95120704,0.78308797
0.8049588,0.8895676,0.9778647,0.7948437
0.8146911,0.8795795,0.9606727,0.7748074
0.7733005,0.8213416,0.89822763,0.7227998
0.6844151,0.7193607,0.7939822,0.641493
0.55520177,0.58129835,0.65608495,0.53769946
0.39825445,0.42043298,0.50008374,0.42456263
0.23287849,0.25655055,0.34761202,0.31892875
0.075929575,0.10608196,0.21405898,0.23094642
-0.05836766,-0.017610863,0.11078687,0.16754107
-0.1660504,-0.112291016,0.036265846,0.12507722
-0.24999548,-0.18236938,-0.015891278,0.09775181
-0.31268063,-0.23128763,-0.050065838,0.081893735
-0.35787317,-0.26314065,-0.0690046,0.07664748
-0.38537505,-0.2780974,-0.07406762,0.08040931
-0.4003954,-0.28169367,-0.06972134,0.09055463
-0.40532392,-0.2768146,-0.060154747,0.10305399
-0.4034383,-0.26679325,-0.047275666,0.11718112
-0.39586955,-0.25300524,-0.03385257,0.12981762
-0.38652498,-0.23943615,-0.023210047,0.1386492
-0.37681597,-0.22754596,-0.017360622,0.14170258
0.14364202,0.14764531,0.12718327,0.08924006
0.05057009,0.06358362,0.037137777,0.04726508
0.17842914,0.17685331,0.13291338,0.11444635
0.2784365,0.2777625,0.24793151,0.1971443
0.38650048,0.39040023,0.34246305,0.2540667
0.510816,0.51600975,0.44173053,0.31752467
0.64737743,0.6510145,0.5542292,0.39842665
0.78977,0.7901863,0.6771773,0.49489382
0.9351934,0.9312615,0.806913,0.6016836
1.0759647,1.0662681,0.93445474,0.709159
1.207685,1.1910293,1.0563874,0.8136627
1.3342793,1.3101574,1.1776558,0.91907406
1.4576217,1.4253174,1.2977103,1.0235293
1.5731108,1.531378,1.409921,1.1205926
1.682444,1.6302443,1.515492,1.2110955
1.7825562,1.7190592,1.6119492,1.2936795
1.8727059,1.7974685,1.6988691,1.368338
1.9543779,1.8671743,1.7769439,1.4354348
2.0250456,1.9259325,1.8443551,1.4937944
2.0862396,1.9753543,1.9014856,1.5430925
2.1380024,2.0157573,1.9491079,1.5843043
2.1770763,2.0441735,1.9850571,1.615873
2.208699,2.0658247,2.0129404,1.6401405
2.2311516,2.0791094,2.0323615,1.6573305
2.245222,2.0848796,2.0439887,1.6679038
2.249018,2.0810223,2.0451806,1.6688981
2.2371395,2.0620022,2.0301433,1.6546848
2.2000403,2.0177512,1.9871966,1.6136371
2.123937,1.9337999,1.8997318,1.530384
1.993321,1.7936507,1.7491001,1.3898649
1.8165641,1.6068135,1.5469389,1.2090294
1.621193,1.4034641,1.3309791,1.0276926
1.4288077,1.2053372,1.1242805,0.86396176
1.2544057,1.0268567,0.9384569,0.7218838
1.100449,0.86994666,0.7732975,0.5965223
0.96719074,0.73554605,0.62914824,0.4856902
0.85278577,0.6230073,0.5075056,0.39100492
0.7560691,0.5317352,0.407677,0.3115737
0.671686,0.4561799,0.3246432,0.2438609
0.5968256,0.39305538,0.25478634,0.18510896
0.53065425,0.34106186,0.19672264,0.13454393
0.468283,0.29452282,0.14556926,0.08904037
0.40903586,0.25216115,0.09936671,0.046950627
0.3524889,0.21321712,0.058211308,0.0090092495
0.2952272,0.17365527,0.018216945,-0.027651122
0.24026278,0.13633761,-0.018745277,-0.061984792
0.18518095,0.09858026,-0.054175995,-0.09444108
0.13035455,0.06034881,-0.09003516,-0.12763213
0.07650336,0.022689003,-0.12321744,-0.15783897
0.023622872,-0.014510365,-0.15447125,-0.18581215
-0.025354037,-0.04806963,-0.1806247,-0.20895647
-0.07084002,-0.078536175,-0.20267425,-0.22813971
-0.11352547,-0.10672153,-0.22162114,-0.24419415
-0.15412903,-0.13397071,-0.24111143,-0.2614078
-0.19344984,-0.16097458,-0.26058733,-0.2786084
-0.22977622,-0.18540673,-0.27594015,-0.2912882
-0.2651856,-0.20968547,-0.2909423,-0.3031721
-0.29954094,-0.23398,-0.30712804,-0.316377
-0.33451122,-0.26004863,-0.32579562,-0.33176446
-0.37371725,-0.29180858,-0.3507555,-0.35242197
-0.41391212,-0.32551348,-0.37775564,-0.37470517
-0.4563408,-0.3618509,-0.4049581,-0.39567402
-0.49729702,-0.39684823,-0.43002644,-0.41427037
-0.5406094,-0.43479598,-0.45766136,-0.43462086
-0.5865361,-0.47614396,-0.48897296,-0.45802248
-0.63832694,-0.52461284,-0.5279139,-0.4880377
-0.6957466,-0.57973516,-0.5731949,-0.5232669
-0.7618611,-0.6447699,-0.6276478,-0.5660274
-0.837567,-0.72068685,-0.6920743,-0.61713636
-0.92193127,-0.80593216,-0.76214916,-0.67177105
-1.0155214,-0.90110713,-0.839181,-0.731548
-1.1197101,-1.0082636,-0.9269627,-0.8010994
-1.2344359,-1.1274552,-1.024548,-0.8795828
-1.3572682,-1.2559161,-1.1282071,-0.9638454
-1.4831696,-1.3880681,-1.232551,-1.0496327
-1.6039001,-1.5146924,-1.3284125,-1.1290503
-1.7133133,-1.6289747,-1.4113474,-1.198638
-1.8071036,-1.7263569,-1.479591,-1.2573427
-1.8836586,-1.8046733,-1.5309353,-1.3017715
-1.9418746,-1.8626897,-1.5661206,-1.3325487
-1.983369,-1.902056,-1.5873325,-1.3509096
-2.0121133,-1.9272848,-1.5995983,-1.361324
-2.0289302,-1.9393198,-1.6024272,-1.3625687
-2.0363498,-1.9411732,-1.5993326,-1.3582457
-2.0369833,-1.9359809,-1.5929055,-1.3508853
-2.030989,-1.9238136,-1.580791,-1.3373595
-2.0190392,-1.9058031,-1.5658127,-1.321622
-2.0016944,-1.8825608,-1.5472866,-1.3027141
-1.97916,-1.8542509,-1.5248084,-1.280145
-1.9525996,-1.8221928,-1.4997711,-1.2555034
-1.9212828,-1.785703,-1.4715468,-1.2285279
-1.8835306,-1.7429911,-1.438606,-1.1982695
-1.8396968,-1.6940144,-1.3996252,-1.1626918
-1.7892231,-1.6383945,-1.3556192,-1.1236818
-1.7316136,-1.5754156,-1.3047472,-1.0790232
-1.6666625,-1.5052521,-1.2492824,-1.0320294
-1.5945896,-1.4281728,-1.1883538,-0.9814864
-1.510744,-1.3386791,-1.1147,-0.9202105
-1.4167286,-1.2385706,-1.0308841,-0.8507785
-1.3153088,-1.1320176,-0.94414586,-0.78141904
0.15181571,0.15673143,0.1386097,0.099922314
0.082758665,0.09921035,0.08028317,0.08651398
0.23231834,0.23556907,0.19825038,0.17270778
0.33435255,0.33642077,0.30541655,0.24769813
0.41376185,0.41501525,0.35640138,0.26568818
0.46962497,0.46229511,0.36468053,0.24696606
0.5026462,0.48099375,0.35146853,0.21591778
0.52590674,0.48817077,0.33972672,0.19469456
0.53604573,0.47983867,0.3171392,0.16862032
0.5361317,0.46051136,0.28841773,0.14102395
0.5257836,0.42986783,0.25068453,0.10746957
0.51869386,0.40506056,0.22609618,0.08876238
0.5217294,0.3942736,0.22142616,0.08989134
0.5291331,0.38930878,0.21859384,0.09000071
0.53416455,0.3823844,0.20969225,0.08189871
0.51846224,0.3515057,0.16790815,0.040417567
0.4808853,0.29640743,0.09918982,-0.026358511
0.4223136,0.21905382,0.009899005,-0.11058232
0.35944873,0.14034672,-0.07146394,-0.18431032
0.2997457,0.06833969,-0.14127845,-0.24674395
0.24666087,0.0068783057,-0.19783838,-0.29771146
0.20172797,-0.042665556,-0.24201965,-0.3390795
0.16207023,-0.08366055,-0.27811745,-0.37462583
0.1288111,-0.11493626,-0.30488688,-0.40292504
0.10016611,-0.13868602,-0.32429457,-0.42514881
0.0762183,-0.15495102,-0.33588642,-0.44046888
0.05378643,-0.16789803,-0.34487313,-0.4535696
0.03610598,-0.17411812,-0.34680575,-0.46018842
0.020118328,-0.17743587,-0.3461639,-0.46419054
0.0077751293,-0.17595206,-0.34065053,-0.4635094
-0.0017649053,-0.17070375,-0.33049902,-0.45778632
-0.005181941,-0.15820563,-0.31227678,-0.44413644
-0.0051284926,-0.14180654,-0.2900124,-0.42626595
-0.0031087159,-0.12407235,-0.26890048,-0.4100918
-0.0016472661,-0.1076709,-0.24923725,-0.39466438
-0.00029585732,-0.09228859,-0.23117355,-0.3803593
-0.0023122283,-0.08178418,-0.21956877,-0.37182766
-0.0075030215,-0.07542955,-0.21120434,-0.36509284
-0.008258374,-0.06436409,-0.1956886,-0.35073286
-0.0075307935,-0.05200734,-0.17821021,-0.33393103
0.0005202804,-0.03166937,-0.1504341,-0.3070106
0.02068268,0.0025529733,-0.103430934,-0.2607816
0.060182437,0.05816776,-0.03144163,-0.1914352
0.128274,0.14520507,0.078124635,-0.08738973
0.2385671,0.27812493,0.24303202,0.067741744
0.3801291,0.44050303,0.43495247,0.24351206
0.50359356,0.5729969,0.57540244,0.36330748
0.5749138,0.6406828,0.63437104,0.40527582
0.580615,0.6353626,0.6172224,0.38408285
0.5197277,0.5613027,0.5350506,0.3151839
0.4013403,0.43081602,0.40229982,0.21236311
0.24431439,0.2655594,0.24516886,0.098590344
0.07383565,0.09254515,0.09170793,-0.0047856187
-0.085530765,-0.062297087,-0.03189303,-0.07833919
-0.21947245,-0.18550852,-0.11808976,-0.12022365
-0.3223231,-0.27305573,-0.16864738,-0.13521211
-0.3959233,-0.32869127,-0.19092658,-0.1307723
-0.4467887,-0.36055866,-0.19398189,-0.11408997
-0.47697297,-0.37193376,-0.18280557,-0.08966858
-0.49172843,-0.36872014,-0.16131818,-0.059184555
-0.4945494,-0.3550872,-0.13384515,-0.026068503
-0.48622924,-0.33192465,-0.100132,0.010487049
-0.47110802,-0.30399475,-0.0644372,0.04735498
-0.44810474,-0.27039754,-0.026810817,0.08379122
-0.42244658,-0.23678266,0.0074417545,0.11558152
-0.3931023,-0.20165193,0.040949225,0.14536993
-0.36470935,-0.16955008,0.070970654,0.17217417
-0.33631483,-0.13912524,0.098828115,0.19687957
-0.30789202,-0.10985925,0.12638645,0.22159572
-0.27952632,-0.081573285,0.15368862,0.24634214
-0.25274625,-0.055986054,0.17793113,0.26822618
-0.22707786,-0.0320068,0.2023155,0.2909827
-0.20190413,-0.009150591,0.2252447,0.31213385
-0.17742184,0.012731031,0.24818307,0.33363548
-0.15174979,0.03547791,0.27161413,0.3550302
-0.1256043,0.058182843,0.29389712,0.37465176
-0.100535385,0.07939196,0.31452549,0.3926903
-0.07386746,0.102197275,0.3372244,0.41249454
-0.04462301,0.12770107,0.36329922,0.43512765
-0.014310632,0.15388541,0.38891262,0.45657957
0.016053883,0.17979641,0.41416848,0.47756624
0.047566757,0.20665467,0.440247,0.4989846
0.078740075,0.2329144,0.46578032,0.5198706
0.107432485,0.2562499,0.4880545,0.537895
0.13506457,0.27836055,0.5090275,0.5547677
0.16318479,0.30099905,0.5307414,0.5722921
0.19139826,0.32382885,0.55329764,0.5907528
0.22000265,0.34685,0.5751296,0.60803103
0.24725562,0.3682811,0.5951727,0.62371224
0.27364188,0.38868245,0.613633,0.6378087
0.29771572,0.4068448,0.63071895,0.6513367
0.32036635,0.4236772,0.6465443,0.6639132
0.34262136,0.44037673,0.662803,0.6771019
0.36318645,0.4555512,0.6780246,0.6897144
0.38552794,0.47278184,0.69519323,0.7037334
0.40914223,0.49154508,0.71455836,0.7197663
0.43366304,0.511011,0.733309,0.73446184
0.4593707,0.5315212,0.75255436,0.7491044
0.48393607,0.55062515,0.7696241,0.76157016
0.5085596,0.56967586,0.78596884,0.77311915
0.14805388,0.15248951,0.13313158,0.09470423
0.07678422,0.09254845,0.07193395,0.078658484
0.25020367,0.25611842,0.22293513,0.19447789
0.41659513,0.4292646,0.41223186,0.3426821
0.6014599,0.6244612,0.5886466,0.47202376
0.7968713,0.82457495,0.75764537,0.59587556
0.98583376,1.0123942,0.918161,0.7176799
1.159496,1.1805916,1.0673316,0.83545107
1.3148922,1.3277166,1.2043568,0.94769126
1.4523523,1.4551347,1.3290663,1.0527406
1.5733958,1.5649232,1.4412454,1.1489538
1.6807923,1.6601607,1.5414628,1.2355701
1.7705731,1.7370826,1.6250582,1.3082972
1.8433774,1.7967257,1.6916442,1.3663046
1.8983402,1.8384272,1.7394947,1.4077083
1.9370921,1.8645526,1.7720331,1.4364713
1.9564655,1.8715699,1.7838162,1.4467206
1.9493778,1.8522373,1.767222,1.431581
1.9046168,1.7945367,1.7082797,1.3781917
1.8259091,1.7028677,1.6129993,1.2945637
1.7356356,1.6020104,1.5125641,1.2131073
1.6492435,1.5070567,1.4199771,1.14313
1.588374,1.4409453,1.3599542,1.1049056
1.5552181,1.4041328,1.3279941,1.0895699
1.5322888,1.3762156,1.2968329,1.0683882
1.5155348,1.3546257,1.2696341,1.0471758
1.5067954,1.3424914,1.2530046,1.0342662
1.5080032,1.3423307,1.2504117,1.033477
1.5371976,1.3746693,1.2884703,1.0709059
1.6043373,1.4481571,1.3722938,1.1487048
1.6912137,1.5396955,1.4688455,1.2322155
1.7771604,1.6266325,1.5551267,1.3008639
1.8495276,1.6969099,1.6225955,1.3500891
1.900814,1.7445108,1.6678214,1.3798058
1.9268461,1.7664399,1.6883622,1.3891991
1.9228296,1.757983,1.6765494,1.3704108
1.8719697,1.7014718,1.6102508,1.3021775
1.7546697,1.5761244,1.4629693,1.1606755
1.5856361,1.3998805,1.2614276,0.97840726
1.3986727,1.2106304,1.0586815,0.8102518
1.2196459,1.0339473,0.88002354,0.673761
1.0587312,0.8777005,0.72534025,0.5601888
0.9138979,0.73803484,0.584289,0.45462614
0.78442144,0.6150183,0.45841232,0.3581296
0.6706291,0.5101193,0.3517226,0.27524394
0.5682668,0.41877314,0.2584376,0.20077644
0.47568247,0.33929318,0.17778178,0.13481446
0.38967648,0.26779935,0.10552026,0.074050665
0.3112911,0.20556556,0.04501349,0.022808677
0.239842,0.1513429,-0.005573747,-0.020379368
0.176909,0.10659942,-0.044387043,-0.05348051
0.119657,0.06735332,-0.07776226,-0.0827612
0.064935684,0.029792013,-0.109925136,-0.11180678
0.014890331,-0.0033487636,-0.1353293,-0.13435306
-0.0336079,-0.03617991,-0.16134925,-0.15800282
-0.080384515,-0.068261035,-0.1859059,-0.18013482
-0.1274991,-0.102303825,-0.21370435,-0.20572722
-0.1783598,-0.14162038,-0.24621764,-0.23493585
-0.22912279,-0.18208002,-0.2802032,-0.2656929
-0.28189167,-0.22549947,-0.31580454,-0.2970428
-0.33651343,-0.27160257,-0.35294345,-0.32909885
-0.3888319,-0.31578806,-0.38719374,-0.35835803
-0.44257414,-0.3619077,-0.42180467,-0.3869582
-0.49572918,-0.40820777,-0.45739937,-0.4169053
-0.5485269,-0.45461437,-0.49214736,-0.44557592
-0.6014346,-0.5014927,-0.5263081,-0.4730828
-0.6556393,-0.5505658,-0.5636404,-0.5036872
-0.71290934,-0.6036651,-0.60477996,-0.53736687
-0.7733688,-0.6609892,-0.650416,-0.5749973
-0.83708775,-0.72207946,-0.6977977,-0.6130986
-0.90558493,-0.7887173,-0.7494703,-0.65432084
-0.9781769,-0.86048025,-0.80643886,-0.70051295
-1.0570781,-0.9393836,-0.8683733,-0.7501226
-1.141435,-1.0245568,-0.93479455,-0.8031653
-1.2323374,-1.1174026,-1.0077789,-0.8619871
-1.3299977,-1.218364,-1.088154,-0.92788845
-1.4325101,-1.3249809,-1.1712061,-0.99582124
-1.5357773,-1.4328679,-1.2542305,-1.0644319
-1.6383369,-1.5402311,-1.3352046,-1.1317539
-1.7347682,-1.6414987,-1.4110277,-1.1963024
-1.8219199,-1.7328748,-1.4777037,-1.2538618
-1.8969679,-1.8111101,-1.533095,-1.3023978
-1.9581707,-1.874156,-1.5761722,-1.3407438
-2.005989,-1.9223922,-1.6078985,-1.3693479
-2.0413492,-1.9566787,-1.6287372,-1.3878131
-2.06426,-1.9771066,-1.6392967,-1.3967658
-2.0779839,-1.9873923,-1.6435285,-1.3998754
-2.0825865,-1.9876367,-1.6402174,-1.3955394
-2.0794747,-1.9796531,-1.6318586,-1.3865918
-2.0686498,-1.963621,-1.6182878,-1.373159
-2.0504687,-1.9399314,-1.5990502,-1.3545529
-2.0247915,-1.9083545,-1.5735108,-1.3302608
-1.9916729,-1.8691555,-1.5428542,-1.3020567
-1.9510612,-1.8221735,-1.5057278,-1.2682745
-1.9022664,-1.7668818,-1.4629582,-1.2306978
-1.8439373,-1.7017838,-1.4123635,-1.1871762
-1.773937,-1.6243339,-1.3510135,-1.1350297
-1.6922452,-1.5345594,-1.2795208,-1.0751538
-1.600079,-1.4340687,-1.1994183,-1.009047
-1.4968909,-1.3228898,-1.1114744,-0.9381028
0.14323226,0.1472386,0.12678403,0.08893017
0.030462971,0.041497935,0.011253621,0.024283577
0.08781872,0.0750605,0.012973697,0.0062177125
0.059444636,0.030296274,-0.037206363,-0.06291116
0.0056479312,-0.04125504,-0.1375642,-0.18623742
-0.038779307,-0.109093904,-0.22867666,-0.2998764
-0.065822676,-0.16298243,-0.29316363,-0.38432515
-0.077430174,-0.20188002,-0.3342475,-0.44142136
-0.080466256,-0.23089647,-0.36188802,-0.48089066
-0.07675657,-0.2499825,-0.3776895,-0.505189
-0.07159118,-0.264025,-0.38805002,-0.5211766
-0.06686833,-0.2750259,-0.395767,-0.532606
-0.06282747,-0.28353328,-0.4020092,-0.54157513
-0.058532983,-0.2883358,-0.40381917,-0.54523087
-0.050930195,-0.28628647,-0.3985632,-0.54184586
-0.035646804,-0.2717595,-0.37716573,-0.5220116
-0.013799465,-0.2474546,-0.3483792,-0.49610946
0.011534079,-0.21760377,-0.31708533,-0.46903223
0.040336534,-0.18229634,-0.28100672,-0.43772954
0.08208741,-0.13016589,-0.22454564,-0.38689318
0.14937307,-0.046142127,-0.1290458,-0.29839215
0.24475716,0.07040669,-0.0023851618,-0.18344195
0.3707337,0.22090073,0.15693562,-0.04160011
0.5305332,0.4070644,0.35080227,0.12808958
0.71174824,0.61199605,0.55789423,0.30438772
0.9013689,0.8194885,0.7632019,0.47437033
1.0795002,1.0070995,0.9458979,0.6210876
1.2370051,1.1668041,1.1031398,0.7455356
1.37256,1.2993898,1.238138,0.8530525
1.4863886,1.4070452,1.3534377,0.9470669
1.5797327,1.4919562,1.4483385,1.0258055
1.6496485,1.552073,1.5201573,1.0866678
1.6952611,1.5872144,1.567082,1.1272006
1.7136133,1.5954452,1.5884622,1.1477063
1.7059833,1.5784873,1.5846604,1.1478964
1.6674505,1.5320029,1.553477,1.1273286
1.5946448,1.4522822,1.4886924,1.0795481
1.48665,1.3387669,1.3906356,1.0063852
1.3473365,1.1957666,1.2640276,0.9133182
1.1864402,1.0333753,1.1176655,0.80772954
1.0171567,0.86585605,0.9677261,0.70403874
0.8536829,0.70813644,0.82949847,0.6138635
0.7075112,0.57202464,0.71402603,0.5441513
0.5844507,0.46320748,0.6264098,0.49730211
0.4859456,0.38237873,0.5654687,0.47031975
0.40856004,0.3248534,0.52458537,0.4563604
0.34767488,0.28499937,0.4978414,0.45058924
0.30092052,0.25981507,0.48317462,0.45204756
0.26621675,0.24648844,0.47782668,0.45880932
0.24068564,0.2413954,0.47804028,0.46796656
0.22267507,0.2424963,0.4825209,0.4790751
0.2092029,0.24643566,0.48846334,0.4903792
0.2000302,0.25281763,0.49535784,0.5013738
0.19279526,0.25940222,0.5022828,0.51215553
0.19024807,0.26937574,0.5129896,0.525969
0.19136944,0.28156048,0.5256467,0.54100347
0.1966357,0.29637352,0.5400352,0.5566503
0.20447533,0.31196976,0.5534399,0.5701369
0.21305014,0.32617202,0.56186837,0.5772533
0.22001313,0.3366088,0.56296897,0.57616615
0.21939899,0.33638164,0.5462517,0.5563503
0.2037192,0.31663254,0.4968518,0.50235534
0.17474172,0.27939925,0.41575044,0.41413352
0.15900978,0.25688705,0.3525574,0.34148806
0.18138191,0.2794831,0.35658535,0.3350971
0.2215757,0.3219499,0.3893836,0.35657057
0.25380778,0.3532626,0.40846923,0.36514777
0.2618303,0.35555393,0.39394018,0.3440132
0.24794206,0.33387306,0.35640347,0.3056016
0.2241491,0.3029911,0.31379375,0.26624873
0.19577947,0.268896,0.27096874,0.2287958
0.16838843,0.23753381,0.23425017,0.19814317
0.15128753,0.21903874,0.21562302,0.18468596
0.14948285,0.21863534,0.22063015,0.19293338
0.16170788,0.23335503,0.24065863,0.21266513
0.19552113,0.27198708,0.29077026,0.25959346
0.2641595,0.34816533,0.38535106,0.3457363
0.39082143,0.4862258,0.5543581,0.4981676
0.5680871,0.6717547,0.76732373,0.682448
0.75360686,0.85360295,0.9555237,0.83209604
0.9212423,1.0060198,1.1000763,0.93627113
1.0612098,1.1244367,1.2090381,1.0102999
1.1727637,1.2125933,1.2902329,1.064184
1.252992,1.2701728,1.3450751,1.1004515
1.3058547,1.3023471,1.3772947,1.1213039
1.3284204,1.3066195,1.383182,1.1228219
1.3202732,1.2831894,1.3626701,1.1050216
1.2764313,1.2271565,1.3098826,1.0627227
1.1978232,1.1400707,1.2269406,0.99884254
1.0837897,1.0213447,1.1133435,0.91352457
0.9412834,0.8781256,0.9757065,0.8123088
0.78323567,0.72387034,0.8298518,0.70896554
0.62472045,0.573734,0.6922466,0.6163054
0.47900465,0.4401331,0.5736098,0.54049265
0.35408816,0.3300732,0.47991678,0.48455957
0.25173378,0.24393839,0.40903452,0.44488147
0.17227025,0.18097553,0.35844395,0.4184074
0.11023932,0.13495207,0.32264027,0.40133047
0.06517254,0.10493112,0.29990757,0.3921028
0.032568946,0.08593651,0.2857957,0.3876897
0.14536233,0.14965622,0.13000724,0.09203409
0.05657021,0.07051791,0.04634099,0.05612815
0.20115262,0.20232037,0.16206747,0.1408516
0.32902762,0.33397064,0.30939615,0.25232002
0.47977966,0.49372754,0.45328587,0.35351762
0.6519467,0.67108315,0.603436,0.46147037
0.8321431,0.8517669,0.75811136,0.5779153
1.0088649,1.025325,0.91240585,0.6998456
1.1776637,1.1882865,1.0635009,0.82376164
1.3309168,1.3332195,1.2029343,0.9407543
1.4687395,1.4608216,1.3295977,1.0482504
1.591145,1.5719339,1.4448845,1.1477093
1.7018583,1.6709132,1.5519397,1.2414689
1.8018464,1.7586051,1.6489515,1.326784
1.8917494,1.8358719,1.7360625,1.4036063
1.9723848,1.9037799,1.813866,1.4725107
2.0449784,1.9637501,1.883339,1.5343007
2.1096454,2.0159876,1.9443094,1.5886363
2.1647427,2.059037,1.9955124,1.634465
2.2121108,2.0949154,2.0388412,1.673428
2.2512288,2.1231341,2.0737548,1.704894
2.282873,2.1445823,2.1011975,1.7296631
2.3048718,2.1570997,2.1192544,1.7459149
2.3161242,2.1595838,2.1264472,1.7520167
2.3164523,2.151951,2.1227274,1.7479587
2.303569,2.1321566,2.1070719,1.7335712
2.2752712,2.097832,2.0765035,1.7059264
2.2249577,2.041722,2.0219803,1.655726
2.1396744,1.9500861,1.9279884,1.5686932
2.0060658,1.8082135,1.7760924,1.4286357
1.8340795,1.6278625,1.5825436,1.2575403
1.6525463,1.440793,1.3872309,1.0967737
1.4794413,1.2642442,1.205497,0.9556541
1.3282281,1.1111426,1.0470202,0.8366289
1.1966724,0.9782817,0.906183,0.7306288
1.0858737,0.86795604,0.7863756,0.63949776
0.9907322,0.7752658,0.6826016,0.55838907
0.90938354,0.699515,0.5975119,0.4912778
0.8406435,0.6394509,0.5294761,0.4368296
0.783974,0.5943243,0.47771904,0.3946441
0.73565024,0.5594992,0.4366475,0.3598742
0.69812673,0.538037,0.41303164,0.34049708
0.6725873,0.53048676,0.40614256,0.3355893
0.6530529,0.5293288,0.40595317,0.33563322
0.63824767,0.53236055,0.4085193,0.3364357
0.63082147,0.5430537,0.42189527,0.34738725
0.6353415,0.56669223,0.45409647,0.37694824
0.6629451,0.6152756,0.51911974,0.43778247
0.7215341,0.69597954,0.62237686,0.53323627
0.8064286,0.8014044,0.751856,0.65045553
0.89240843,0.90149504,0.8673459,0.75023955
0.94725233,0.96192575,0.9307184,0.79914117
0.9501239,0.96395504,0.92745805,0.78894365
0.8949902,0.9054386,0.86168426,0.72873044
0.7850602,0.79260767,0.74404997,0.63127273
0.63234526,0.6391597,0.5906074,0.51104975
0.45321208,0.4622593,0.42001665,0.38286895
0.27122623,0.28677228,0.26008675,0.2687892
0.1044171,0.1308718,0.12727506,0.17944881
-0.03900751,0.0019092159,0.02495999,0.11442066
-0.1556125,-0.09752701,-0.04701659,0.07196509
-0.24641521,-0.16928121,-0.091837846,0.049357697
-0.31129438,-0.21364133,-0.1096089,0.047412984
-0.35771808,-0.23993051,-0.11346875,0.054002803
-0.38929042,-0.2524105,-0.10716896,0.06670351
-0.40820307,-0.2538024,-0.093445696,0.0835443
-0.41637573,-0.24620079,-0.07381731,0.10384654
-0.41728878,-0.23330161,-0.051114235,0.12592901
-0.41227853,-0.21652362,-0.026456622,0.14897019
-0.4021047,-0.19652945,-0.00012691105,0.17297128
-0.38843656,-0.17515798,0.025385108,0.19537069
-0.37126598,-0.15183379,0.052655168,0.21921392
-0.34938458,-0.12535374,0.081405416,0.24332066
-0.32405496,-0.097431816,0.10790409,0.26351023
-0.2987138,-0.07118433,0.13210613,0.2815595
-0.273402,-0.0466544,0.15273076,0.29571357
-0.24957156,-0.024736492,0.17144008,0.308795
-0.22773287,-0.0058224695,0.1872787,0.3196699
-0.20496695,0.013755576,0.2055604,0.33346727
-0.1809311,0.03496328,0.22936988,0.35399863
-0.15477146,0.058233738,0.25647056,0.37782446
-0.13049982,0.078935295,0.28063673,0.39901993
-0.106552795,0.09871222,0.30270526,0.41781247
-0.08462424,0.11601355,0.32204744,0.434263
-0.0648103,0.130811,0.3379787,0.44743106
-0.045447007,0.14507122,0.3527881,0.45940632
-0.026815487,0.15872397,0.36734638,0.47139487
-0.00695989,0.1737038,0.3826823,0.48364025
0.013146966,0.1890668,0.3987391,0.49664256
0.03398114,0.20526063,0.4157221,0.510372
0.055529796,0.22221795,0.43360162,0.52481896
0.0783544,0.24048491,0.45279902,0.5402453
0.10305548,0.26069117,0.47409073,0.55731565
0.12906079,0.28239465,0.49810922,0.57713854
0.15770291,0.30645967,0.52321863,0.59701484
0.18638667,0.33006188,0.5469163,0.6151686
0.21459962,0.35269943,0.5686277,0.6311095
0.2421298,0.3744312,0.5893283,0.6462753
0.26805127,0.39450032,0.6090668,0.6611291
0.29445115,0.4150129,0.6288404,0.6757807
0.15085338,0.1557017,0.1374203,0.098874554
0.082421996,0.098677814,0.07896944,0.08496575
0.24791692,0.25307634,0.2186001,0.19058639
0.3959153,0.40575758,0.38553628,0.31938115
0.5494435,0.5667973,0.52641433,0.417868
0.7064296,0.7259194,0.6534258,0.50519323
0.8572393,0.8741231,0.77400297,0.5925682
0.99684733,1.0076207,0.8863577,0.6780627
1.1184506,1.1206765,0.98551637,0.7570618
1.2167461,1.2084956,1.065175,0.82270473
1.287916,1.2675233,1.1196109,0.8686255
1.3362732,1.3032072,1.1545948,0.89995426
1.361613,1.3150874,1.1665748,0.91223526
1.3710158,1.3111739,1.1642281,0.9133617
1.3710178,1.2990288,1.1574496,0.9133439
1.3763952,1.2940649,1.1592978,0.92170364
1.3865122,1.2946893,1.1655431,0.93280804
1.3992727,1.298058,1.1710325,0.9405475
1.4066507,1.2954273,1.1669136,0.937338
1.409811,1.2891693,1.159405,0.9308969
1.4154388,1.2871603,1.1584291,0.9313464
1.4321462,1.2987493,1.1738786,0.9471423
1.4665319,1.3305013,1.2114123,0.9821525
1.5272897,1.3915551,1.2819166,1.0462784
1.6155599,1.4813577,1.3815392,1.1340655
1.7168653,1.582273,1.4872756,1.2223785
1.8123966,1.6743709,1.5807313,1.2961504
1.895047,1.7515789,1.6590525,1.3557016
1.9616605,1.8118988,1.7221913,1.4032053
2.011975,1.8560805,1.7718325,1.4413116
2.0477462,1.8860906,1.8084254,1.469802
2.0678008,1.9011672,1.8321207,1.4892884
2.0711398,1.9003174,1.8409855,1.4974484
2.0572138,1.8830496,1.833776,1.4926932
2.0220385,1.8453393,1.8061543,1.4710556
1.9643025,1.7860434,1.7564857,1.4313171
1.8805671,1.70133,1.6792282,1.3682116
1.7647914,1.584858,1.5671321,1.2759613
1.6142222,1.4337786,1.4167897,1.152945
1.4274364,1.2464335,1.2266144,0.9993136
1.2188065,1.0391539,1.0190676,0.83815145
1.0045271,0.82930845,0.8161692,0.6888961
0.79722345,0.62975734,0.6303076,0.55882573
0.60256976,0.44549286,0.461817,0.4429906
0.42421523,0.28054112,0.3138993,0.34182903
0.2638299,0.13646626,0.18567252,0.25261667
0.11943535,0.010670159,0.072492145,0.17033012
-0.0144384885,-0.10359393,-0.03379959,0.087621816
-0.14220478,-0.21147512,-0.1365861,0.0030243061
-0.27439395,-0.32618928,-0.25301138,-0.099909596
-0.40303403,-0.43666318,-0.35716647,-0.1914236
-0.5246522,-0.5401066,-0.44986847,-0.27357882
-0.62922835,-0.6244426,-0.51400477,-0.328697
-0.7175929,-0.6920298,-0.559593,-0.3682624
-0.7837836,-0.7358797,-0.5778595,-0.38297352
-0.8303166,-0.7599061,-0.5790072,-0.38384292
-0.8616783,-0.7702265,-0.57368886,-0.38197836
-0.8771215,-0.76613164,-0.5598189,-0.3748425
-0.87858504,-0.7495695,-0.5385302,-0.36265305
-0.8676354,-0.7228264,-0.5144887,-0.35090315
-0.842638,-0.6837608,-0.48307952,-0.3345361
-0.80408543,-0.63262784,-0.44338053,-0.31218785
-0.7504936,-0.56752354,-0.392069,-0.28029025
-0.6870521,-0.49442646,-0.3353643,-0.24415044
-0.619577,-0.41964602,-0.277203,-0.20584364
-0.5493048,-0.3443898,-0.21769038,-0.16503657
-0.4837444,-0.27708676,-0.16628462,-0.13030496
-0.42187724,-0.21557,-0.11732776,-0.095379464
-0.3692695,-0.16630656,-0.0814131,-0.07140903
-0.32542548,-0.12792192,-0.055417135,-0.055124026
-0.2913395,-0.10115392,-0.041047435,-0.048511423
-0.2686194,-0.087104365,-0.039210964,-0.05225253
-0.25310782,-0.08024123,-0.041733295,-0.05818817
-0.24785937,-0.084224425,-0.05582348,-0.07421237
-0.24894512,-0.09398399,-0.07355573,-0.09219952
-0.25105974,-0.10317096,-0.08645317,-0.104066245
-0.25332317,-0.11109846,-0.09597888,-0.11219995
-0.25102383,-0.11278349,-0.09672356,-0.11194474
-0.24006559,-0.10388188,-0.08404056,-0.099253975
-0.21897832,-0.083067685,-0.056553144,-0.07289656
-0.18375653,-0.046641674,-0.011942157,-0.03182517
-0.12789081,0.012573155,0.06048583,0.034646817
-0.04253904,0.103815146,0.17187521,0.13639377
0.07459388,0.2273713,0.31834695,0.26749575
0.21135394,0.3669879,0.47690886,0.4050318
0.34492752,0.49577713,0.61333215,0.5171292
0.4472662,0.5848065,0.6983814,0.58058214
0.49824664,0.61676764,0.71932894,0.58919585
0.49261883,0.5907539,0.68066835,0.55123377
0.4279299,0.50756127,0.58708006,0.47370416
0.3134348,0.3786392,0.45243606,0.36922655
0.16680278,0.22302382,0.29822463,0.25531954
0.007934165,0.06131444,0.14718463,0.14966744
-0.14402674,-0.08771301,0.016768044,0.06383326
-0.27327046,-0.20910887,-0.08062898,0.005454576
-0.3750236,-0.29989538,-0.14670588,-0.029447101
-0.44722232,-0.35941464,-0.18394741,-0.044038665
-0.4950032,-0.3943095,-0.20107077,-0.0458218
-0.52410513,-0.4111961,-0.20456475,-0.0392324
-0.54013026,-0.4161513,-0.1993532,-0.02734247
0.14662074,0.15097155,0.13143153,0.09320158
0.055192076,0.069008425,0.044927552,0.05493622
0.17789938,0.17640325,0.13318123,0.11553222
0.2541992,0.25008848,0.21529678,0.1683879
0.32557285,0.32138342,0.26442054,0.1845828
0.39150003,0.38083106,0.2906768,0.18130818
0.44882092,0.42665848,0.30843744,0.17666349
0.48812705,0.44966266,0.3071988,0.1608137
0.49698642,0.4367352,0.2703459,0.11727227
0.47980428,0.39520863,0.21241233,0.061030123
0.45431668,0.34649563,0.15794355,0.01360174
0.42858174,0.29984394,0.11237219,-0.022908654
0.4094692,0.26322046,0.081736244,-0.044808015
0.39510727,0.23328294,0.0554324,-0.06511523
0.3775222,0.20038958,0.02094245,-0.096185274
0.3584243,0.16751553,-0.013591727,-0.1284543
0.34039015,0.13838905,-0.04183926,-0.15482807
0.3303539,0.121733844,-0.052802186,-0.16440435
0.33037588,0.11889679,-0.050203092,-0.16281821
0.3423316,0.13208768,-0.030775793,-0.14671218
0.355329,0.14738846,-0.01425339,-0.13568524
0.36991102,0.16553007,0.0030399803,-0.12529817
0.38884908,0.19028644,0.02940432,-0.10588978
0.40898973,0.21720172,0.05626678,-0.08664938
0.42215747,0.23640087,0.072317764,-0.07801749
0.41885674,0.23633535,0.0635964,-0.09321911
0.40657094,0.22721861,0.049137,-0.11149212
0.3937438,0.21964009,0.043008894,-0.118760146
0.39398798,0.22956459,0.06319757,-0.098865986
0.4040515,0.2508642,0.09260364,-0.07211209
0.41772124,0.27552822,0.12093419,-0.04888512
0.43907863,0.30905402,0.16051428,-0.01512483
0.46066028,0.34146902,0.19400923,0.01097302
0.48023555,0.3712666,0.22552714,0.03571156
0.5020268,0.4033013,0.2611894,0.06513457
0.52119493,0.43184575,0.2932175,0.0918083
0.5489525,0.47005367,0.33921608,0.13255696
0.58660907,0.5187337,0.39813876,0.18554853
0.63152623,0.574225,0.46385747,0.24405603
0.67530584,0.6260701,0.5215824,0.2932083
0.72651476,0.6850097,0.5893817,0.35219726
0.7879947,0.75455344,0.67381597,0.42848933
0.8609131,0.83517814,0.7726784,0.51869607
0.93424445,0.9135063,0.86758125,0.6043964
0.9852752,0.96449745,0.92773885,0.6566033
0.99449664,0.9691607,0.9354485,0.66203225
0.9531411,0.92118335,0.8889819,0.62371635
0.8596099,0.82081515,0.7897807,0.5450823
0.71914095,0.6750527,0.64772326,0.43674466
0.54796267,0.50167555,0.48260725,0.3156537
0.36629277,0.322358,0.31881297,0.20146336
0.19455959,0.15848267,0.17828867,0.11038416
0.04343707,0.020195505,0.06839701,0.045458328
-0.08087472,-0.08735225,-0.009914195,0.0044540474
-0.17966223,-0.16701016,-0.062824346,-0.01931711
-0.2581959,-0.22566654,-0.099336006,-0.033859372
-0.32138488,-0.26972386,-0.1275291,-0.04627919
-0.3750354,-0.30571017,-0.15216336,-0.058885846
-0.42413205,-0.33919922,-0.17772481,-0.07437726
-0.47091782,-0.37298116,-0.2079175,-0.09627973
-0.5216077,-0.4136696,-0.24792644,-0.12806651
-0.58219343,-0.46868563,-0.3090638,-0.18165778
-0.6494392,-0.532628,-0.37701115,-0.24059163
-0.7052327,-0.5823971,-0.41649112,-0.26866424
-0.74091035,-0.60742426,-0.4179344,-0.2577218
-0.7567159,-0.60982466,-0.39453337,-0.22437209
-0.7583977,-0.5984649,-0.3639917,-0.18827079
-0.7626018,-0.59492165,-0.35929602,-0.183542
-0.7765432,-0.60739785,-0.38594007,-0.21366164
-0.79706556,-0.63001066,-0.42665514,-0.25830346
-0.81609374,-0.6512384,-0.46172208,-0.29663596
-0.82256866,-0.6569434,-0.4715807,-0.3092159
-0.8077621,-0.636727,-0.44497815,-0.2856229
-0.7653368,-0.58338445,-0.37424332,-0.21849568
-0.6952362,-0.49825388,-0.2652438,-0.114738345
-0.60909635,-0.39688665,-0.14059487,0.0028457437
-0.52386826,-0.30207288,-0.03574912,0.0972617
-0.4541722,-0.23039597,0.0340126,0.15650998
-0.40529275,-0.18651822,0.065198824,0.17831281
-0.37674364,-0.16663761,0.06987887,0.17731684
-0.36516523,-0.16478576,0.057895493,0.16363342
-0.36475283,-0.17309026,0.040650934,0.14843449
-0.36809704,-0.18322426,0.02619696,0.13774022
-0.37299046,-0.19343013,0.013343328,0.12876116
-0.37834552,-0.20319936,0.00076921366,0.11927789
-0.3847578,-0.21400067,-0.015547097,0.104609266
-0.39822996,-0.23359804,-0.048414595,0.07158435
-0.42241985,-0.26637828,-0.102829136,0.015679857
-0.455445,-0.31043372,-0.17681971,-0.061917264
-0.47499013,-0.33831653,-0.22688483,-0.11725562
-0.45870876,-0.32325256,-0.21662071,-0.11506088
-0.40769112,-0.2691847,-0.16350989,-0.07675181
-0.33082196,-0.18860148,-0.08588371,-0.019884283
-0.24803884,-0.105845906,-0.01385539,0.028619613
-0.17661226,-0.03968759,0.03564632,0.05660791
-0.11891067,0.009281792,0.06838032,0.072445676
-0.07648854,0.041112434,0.08635121,0.078728914
-0.0474639,0.058542892,0.0906854,0.07508227
-0.027485427,0.06723975,0.08914263,0.06855211
-0.015996356,0.06766153,0.07943586,0.055481434
0.14293593,0.14700061,0.12678611,0.08905363
0.040545087,0.052867368,0.025431,0.037281748
0.16029228,0.1576047,0.11311354,0.09789474
0.26271796,0.26215163,0.23529021,0.18758148
0.38962513,0.39692688,0.3570593,0.2694496
0.5437062,0.5558002,0.49127313,0.36337706
0.70666856,0.71878433,0.6284841,0.46408787
0.8564601,0.8633955,0.7488948,0.55447435
0.97504663,0.9718691,0.8361251,0.61984974
1.0566467,1.0403506,0.8898058,0.6608859
1.1053048,1.0745455,0.9156937,0.68234074
1.1402979,1.0965935,0.93809766,0.70582396
1.183565,1.1305246,0.9815643,0.75208646
1.2480936,1.188919,1.0530047,0.8231742
1.333334,1.2693448,1.1448063,0.90903234
1.4339455,1.3649163,1.248277,1.0006895
1.5452291,1.4704958,1.3600622,1.0964792
1.6577094,1.5758331,1.4703436,1.1886708
1.7637721,1.6729783,1.570785,1.2703247
1.8558445,1.7551148,1.6576749,1.3406534
1.9378833,1.8268263,1.7345506,1.4028068
2.0079877,1.8866605,1.8007455,1.4570698
2.0679822,1.9367344,1.8578538,1.5046138
2.1201751,1.9793147,1.9071339,1.5459297
2.1628108,2.012994,1.948636,1.5818509
2.196225,2.0380535,1.9817368,1.6110986
2.2178113,2.0518963,2.0038567,1.6311544
2.2291136,2.0564613,2.0174153,1.6445258
2.2264717,2.0479207,2.0182955,1.6472274
2.2106452,2.0273256,2.0077548,1.6406169
2.1782858,1.9913034,1.9826441,1.6220878
2.1265943,1.9369419,1.9394574,1.5884345
2.0520236,1.860938,1.8760036,1.5389565
1.952983,1.7614671,1.7893758,1.4712943
1.8276379,1.636638,1.6777768,1.3849691
1.680435,1.4910028,1.545021,1.2839534
1.5192127,1.3328242,1.3998677,1.1765435
1.3542769,1.1729311,1.2537209,1.0724255
1.1985657,1.0248462,1.1200285,0.9815597
1.0595435,0.8961107,1.0055264,0.90752053
0.94091344,0.79052985,0.9137267,0.8516368
0.8430838,0.7080299,0.8426024,0.81019175
0.7645832,0.64700115,0.79106355,0.7821243
0.7021228,0.6035749,0.7550955,0.76403195
0.6531493,0.5746817,0.7317516,0.7537586
0.6134601,0.55541044,0.71693176,0.74862504
0.58133966,0.5435099,0.70813614,0.7467205
0.55452794,0.53629047,0.7033639,0.7470184
0.5339633,0.53468907,0.7046255,0.75186026
0.518478,0.5370506,0.7094186,0.75895345
0.5070751,0.5421823,0.7168667,0.76780325
0.50156677,0.5517628,0.72797227,0.77880704
0.49877852,0.56241965,0.7397971,0.7900266
0.49864018,0.57422316,0.7528844,0.80211955
0.5020106,0.58816195,0.7684243,0.81617707
0.5095688,0.60484684,0.7862429,0.83163244
0.51887935,0.6215195,0.8026418,0.84499854
0.52687144,0.6352109,0.81564564,0.8553021
0.53407127,0.6466473,0.8253691,0.8624471
0.5412434,0.657035,0.83418226,0.86893284
0.54794115,0.6662922,0.8431264,0.8763161
0.5546464,0.6746997,0.8506596,0.8822898
0.5628538,0.6841888,0.8602921,0.8904055
0.57126987,0.6932975,0.8697289,0.89840436
0.5803781,0.70270646,0.8799063,0.9071928
0.59259844,0.71476537,0.8924946,0.91761535
0.6054968,0.72664374,0.90333444,0.925649
0.6169165,0.7364632,0.9120975,0.93196
0.62722415,0.74453324,0.91821104,0.9356563
0.63604057,0.7509915,0.92355734,0.9392661
0.64543384,0.7578655,0.92915684,0.9430391
0.65478367,0.7645995,0.93511933,0.9473565
0.6648766,0.77176946,0.94064796,0.95085233
0.6744821,0.77826685,0.9455549,0.9538154
0.68387383,0.7844669,0.95046735,0.95694375
0.6942989,0.79177773,0.9570911,0.9617708
0.705685,0.79964566,0.96279657,0.964924
0.715715,0.8059305,0.96680534,0.966657
0.7249511,0.81131905,0.9698212,0.9675863
0.73166883,0.81402224,0.96977574,0.96594024
0.7365552,0.8151165,0.96902025,0.96430624
0.73991984,0.81477815,0.9668383,0.96160835
0.7425839,0.81392944,0.96430725,0.9587514
0.7468587,0.81503594,0.9642897,0.9582037
0.753218,0.8182505,0.9658529,0.9584862
0.7607988,0.82263476,0.9681103,0.9589929
0.7690309,0.82749027,0.9702947,0.9590882
0.7789451,0.833949,0.97396976,0.96017367
0.78967935,0.84101623,0.97769237,0.9609761
0.7997612,0.84727097,0.98070407,0.9611887
0.80885845,0.85236496,0.982115,0.95989233
0.8155306,0.8548052,0.98034024,0.95572907
0.82087386,0.85628825,0.9789648,0.9527308
0.825155,0.85657436,0.97495145,0.9468237
0.8312518,0.8589024,0.97289634,0.94238865
0.8388577,0.86311793,0.9743361,0.9416131
0.8501773,0.87098014,0.9785726,0.9424699
0.8641315,0.8813213,0.985299,0.9450882
0.88093376,0.8938472,0.99166197,0.94565874
0.9022424,0.9097908,0.9965581,0.9418124
0.14001669,0.14381292,0.12285368,0.08546457
0.030189179,0.041967794,0.013682921,0.02743845
0.12526175,0.119209714,0.06984883,0.05990779
0.17562126,0.16492732,0.12501305,0.08841064
0.22801992,0.21577094,0.15690891,0.08837418
0.29557464,0.27800333,0.19387281,0.094664045
0.37285802,0.34636554,0.23953013,0.11380792
0.4491453,0.41137373,0.2862621,0.1405214
0.5208349,0.47088498,0.33201078,0.17234652
0.58089167,0.5179533,0.36797425,0.19974774
0.6368978,0.56269866,0.40869743,0.23620552
0.69590235,0.6127854,0.45899722,0.28352535
0.76097643,0.6715558,0.5211957,0.34237134
0.82306105,0.7270966,0.5762506,0.3922785
0.8727729,0.768619,0.61308223,0.42321658
0.89873683,0.78378826,0.6207598,0.42715985
0.9001448,0.77219594,0.60009515,0.40594286
0.87321776,0.72988796,0.5473076,0.35706112
0.8165786,0.65549207,0.46135518,0.28003654
0.7431561,0.5641219,0.36085364,0.19224109
0.66325265,0.46766242,0.25901583,0.10517105
0.58813655,0.37939793,0.17089897,0.031743005
0.5192126,0.30002397,0.091740884,-0.03537363
0.45655733,0.22990203,0.021947043,-0.09610946
0.402185,0.17156565,-0.03515629,-0.14709748
0.3549669,0.123898864,-0.080916636,-0.18925351
0.31218138,0.083623506,-0.11925372,-0.22589608
0.27110046,0.0470104,-0.1555643,-0.26227534
0.23349106,0.016604885,-0.18339172,-0.2906916
0.1971073,-0.010989022,-0.20898801,-0.3176251
0.1653505,-0.03181358,-0.22627406,-0.3367959
0.13500091,-0.049922433,-0.2401884,-0.35256013
0.10777466,-0.06366519,-0.24893458,-0.3633275
0.08911301,-0.06675037,-0.24391933,-0.36054137
0.07829886,-0.06053901,-0.22852501,-0.34783238
0.072967894,-0.048964575,-0.2108228,-0.3343159
0.070001766,-0.035148297,-0.1900192,-0.31724435
0.070698164,-0.01849214,-0.16856706,-0.30030042
0.06849237,-0.0066099647,-0.15468569,-0.29066178
0.061689474,-0.001072992,-0.14785044,-0.28687054
0.049692906,-0.002085755,-0.14663641,-0.28678748
0.033159237,-0.008919196,-0.15141283,-0.291329
0.012321397,-0.021031354,-0.16088013,-0.29913852
-0.015040047,-0.041294627,-0.18068478,-0.31651542
-0.04745709,-0.06713092,-0.2040564,-0.3355758
-0.08067429,-0.0937936,-0.22714056,-0.35366133
-0.11357394,-0.1193601,-0.2455616,-0.3657934
-0.14494035,-0.14326914,-0.2627559,-0.37701258
-0.17684491,-0.16781038,-0.28036508,-0.38836062
-0.20783299,-0.19159546,-0.29759315,-0.399469
-0.24073264,-0.21772654,-0.31730914,-0.41258377
-0.2765649,-0.24750221,-0.34154582,-0.4298105
-0.3172324,-0.28303704,-0.3722306,-0.45268342
-0.36236417,-0.3235492,-0.40685612,-0.47828412
-0.41205397,-0.36909267,-0.4457927,-0.5071743
-0.46444425,-0.4174586,-0.4863234,-0.5369066
-0.5194721,-0.4681691,-0.52626514,-0.5647335
-0.5781835,-0.5227591,-0.5694229,-0.5950419
-0.6426426,-0.5835875,-0.61768574,-0.6292061
-0.7124186,-0.65003806,-0.6696261,-0.6656896
-0.7930027,-0.7285946,-0.7336565,-0.7126668
-0.88498366,-0.8197732,-0.8083553,-0.76836514
-0.99084496,-0.9262839,-0.89595914,-0.8347197
-1.1107652,-1.0482099,-0.99538267,-0.91081816
-1.2422942,-1.1829526,-1.1038469,-0.99494106
-1.3816017,-1.326375,-1.2173296,-1.0842875
-1.5218451,-1.4711988,-1.3297006,-1.1746317
-1.6536554,-1.6071247,-1.4314368,-1.2579528
-1.7684426,-1.7247772,-1.5154564,-1.3283018
-1.8615769,-1.8189257,-1.5786991,-1.3824399
-1.9352038,-1.8916446,-1.6246562,-1.4224472
-1.9918387,-1.9458258,-1.6573808,-1.4514383
-2.0322256,-1.9821061,-1.6762896,-1.4675632
-2.0612683,-2.0058286,-1.6872141,-1.4759392
-2.0789797,-2.0173519,-1.6899436,-1.4764347
-2.089244,-2.0208294,-1.687597,-1.4714153
-2.0917363,-2.01644,-1.6809216,-1.4624985
-2.0870872,-2.0048158,-1.6691518,-1.4485761
-2.075642,-1.9862723,-1.652167,-1.4295981
-2.058041,-1.9617534,-1.6318575,-1.4080856
-2.0359132,-1.9330261,-1.6088532,-1.3842765
-2.007328,-1.8982326,-1.5820616,-1.3580266
-1.9730228,-1.8578073,-1.5503951,-1.3275301
-1.9320574,-1.81074,-1.5135283,-1.2930999
-1.8853426,-1.7581939,-1.4734608,-1.2570953
-1.8304788,-1.6974922,-1.4266014,-1.2160809
-1.7674897,-1.6287228,-1.3741502,-1.1717571
-1.6934358,-1.5484807,-1.3117305,-1.1199628
-1.6076988,-1.456123,-1.2393593,-1.0610275
-1.5092763,-1.3505037,-1.1551806,-0.99297214
-1.4020505,-1.2365549,-1.0652082,-0.9217111
-1.2879539,-1.1172465,-0.9727278,-0.8505198
-1.1728057,-0.9991348,-0.8814457,-0.78098136
-1.0617337,-0.888269,-0.7974991,-0.7185328
-0.9608816,-0.7914368,-0.72650355,-0.6672258
-0.8736012,-0.7116936,-0.66972375,-0.6272063
-0.79731655,-0.6453925,-0.6234611,-0.59530413
-0.7323837,-0.5916814,-0.58474565,-0.567796
-0.6776776,-0.5488171,-0.553399,-0.54526633
-0.63115406,-0.51443076,-0.5286509,-0.5278733
0.14482418,0.1490643,0.12926047,0.0913244
0.047913644,0.06079934,0.03429212,0.04501876
0.13982806,0.13315888,0.0807838,0.067452975
0.14469606,0.12572505,0.07025935,0.03552844
0.10582248,0.07053064,-0.021446167,-0.07894117
0.056940418,-0.0025768203,-0.12964676,-0.20707908
0.012855096,-0.075432375,-0.2211808,-0.31422684
-0.018876811,-0.13673495,-0.28762084,-0.39226308
-0.039448198,-0.18537869,-0.33387744,-0.44658723
-0.051179882,-0.22229882,-0.36591703,-0.48458496
-0.059680816,-0.25286058,-0.39209884,-0.5152693
-0.065371774,-0.27660537,-0.410596,-0.536964
-0.07302303,-0.2991741,-0.42908776,-0.5577091
-0.079526454,-0.31701386,-0.442635,-0.5731856
-0.08711877,-0.33305758,-0.45535785,-0.5876291
-0.09486015,-0.3466281,-0.46677008,-0.6011695
-0.1040774,-0.35922638,-0.4771886,-0.61344624
-0.113277614,-0.36953968,-0.4858751,-0.6243116
-0.12215871,-0.37708002,-0.49113983,-0.6316341
-0.12847403,-0.37970078,-0.49186575,-0.6349746
-0.13318954,-0.3783897,-0.4878188,-0.63340086
-0.13627227,-0.37389213,-0.48218986,-0.6308666
-0.13673444,-0.36523628,-0.47309178,-0.62539685
-0.1364106,-0.3548148,-0.46341777,-0.61952275
-0.13522871,-0.34242177,-0.45097944,-0.61050034
-0.13277164,-0.328023,-0.43702188,-0.59995735
-0.12882249,-0.31140432,-0.4204509,-0.58659
-0.12199994,-0.29109862,-0.3994026,-0.56860286
-0.11213922,-0.26745632,-0.37590247,-0.54859334
-0.104141854,-0.24645692,-0.35703838,-0.5331754
-0.09879648,-0.2287133,-0.34079862,-0.5193911
-0.094036676,-0.21228123,-0.3267654,-0.50774026
-0.093547784,-0.20095775,-0.31747478,-0.49964717
-0.09457588,-0.1913742,-0.3080805,-0.49033746
-0.09304054,-0.1792128,-0.29580736,-0.47838458
-0.09145752,-0.1669522,-0.28195393,-0.46414724
-0.09321556,-0.15922804,-0.27487233,-0.45656642
-0.09689565,-0.15398043,-0.26942447,-0.4498602
-0.10583858,-0.15535632,-0.27221006,-0.45078054
-0.116720065,-0.15901291,-0.27604276,-0.45192856
-0.13141108,-0.16713575,-0.2844817,-0.4568591
-0.14957988,-0.17903042,-0.29546005,-0.46324158
-0.1684569,-0.19158486,-0.30607212,-0.46875486
-0.18626913,-0.2026508,-0.31362578,-0.4708918
-0.20589705,-0.21571563,-0.32327393,-0.4747342
-0.2269259,-0.23060358,-0.33546424,-0.4810949
-0.2514302,-0.2494356,-0.35125968,-0.4902132
-0.27791604,-0.27064967,-0.36976832,-0.5018127
-0.30717623,-0.29488787,-0.39052394,-0.51486784
-0.3396868,-0.32250535,-0.41345522,-0.52906644
-0.37535268,-0.35356665,-0.4394942,-0.54575473
-0.41435882,-0.38819662,-0.4683644,-0.5644982
-0.45789394,-0.42778465,-0.50177217,-0.586915
-0.5054699,-0.47164333,-0.5383163,-0.6115796
-0.55742425,-0.5198337,-0.57698405,-0.63696426
-0.61364496,-0.572499,-0.6192471,-0.6651381
-0.6775474,-0.6335254,-0.66919625,-0.6997084
-0.7515285,-0.7055192,-0.7285672,-0.741743
-0.8359051,-0.78873193,-0.7969117,-0.79076976
-0.9330981,-0.88573897,-0.87632555,-0.84861153
-1.0444703,-0.99811,-0.967981,-0.91648036
-1.1712488,-1.1274972,-1.0739254,-0.9971056
-1.3089628,-1.2689626,-1.1880046,-1.0853648
-1.4515572,-1.4155079,-1.3019147,-1.173971
-1.5896264,-1.5573372,-1.4094263,-1.259554
-1.7137147,-1.6841729,-1.5015062,-1.3342912
-1.817681,-1.7892132,-1.5734866,-1.3936965
-1.9005802,-1.8714021,-1.6267179,-1.4385515
-1.964049,-1.9324855,-1.6640054,-1.4704692
-2.0092895,-1.973505,-1.685633,-1.4882767
-2.041133,-1.9997727,-1.6976545,-1.4972718
-2.0619206,-2.0138748,-1.7010607,-1.4975251
-2.0728304,-2.017518,-1.6982527,-1.491915
-2.0771205,-2.0143352,-1.6918194,-1.4825957
-2.07461,-2.004337,-1.6809754,-1.46899
-2.0657177,-1.9879798,-1.6655864,-1.4509076
-2.0506282,-1.965474,-1.6456555,-1.4285278
-2.0317075,-1.9396677,-1.6249616,-1.4061524
-2.0074122,-1.9085987,-1.5989606,-1.3785093
-1.977557,-1.8722473,-1.5694405,-1.3483852
-1.9440438,-1.8326452,-1.538103,-1.3172917
-1.9057392,-1.7888706,-1.5046351,-1.2855666
-1.864037,-1.742094,-1.468456,-1.2517664
-1.8167412,-1.6900265,-1.4282383,-1.2154641
-1.7624582,-1.6304517,-1.3792416,-1.1708883
-1.7018843,-1.5646871,-1.3266557,-1.1248862
-1.6338037,-1.4914625,-1.2680355,-1.0749106
-1.5559641,-1.408267,-1.2007221,-1.018584
-1.4699688,-1.3169496,-1.1270726,-0.9582134
-1.3749287,-1.2170464,-1.0472883,-0.8945584
-1.2728626,-1.1109914,-0.9627317,-0.8284085
-1.1658527,-1.0016546,-0.8773485,-0.7637961
-1.0580615,-0.8936476,-0.79356813,-0.7015497
-0.9516104,-0.7893491,-0.71278363,-0.64234227
-0.8534682,-0.6964991,-0.6430918,-0.5930908
-0.766466,-0.6179093,-0.5865877,-0.5549683
-0.6917634,-0.55362976,-0.5400348,-0.52335185
-0.62862027,-0.50228983,-0.5036639,-0.499225
-0.5744387,-0.4602204,-0.47270003,-0.47801936
-0.528741,-0.42663473,-0.4477072,-0.46081442
0.1500168,0.15472004,0.13604315,0.0975285
0.08422641,0.100583166,0.08074876,0.08638928
0.25548458,0.2611775,0.22641951,0.19696201
0.39538658,0.40380368,0.37849954,0.311345
0.5162006,0.527087,0.47339278,0.3673278
0.6121763,0.6178238,0.52421945,0.38613197
0.66810864,0.6609018,0.5306667,0.37193274
0.6779012,0.651343,0.48983133,0.32258824
0.65314406,0.6036253,0.41998243,0.25491396
0.6232391,0.552711,0.36386868,0.20824707
0.60723025,0.519697,0.33746886,0.192957
0.622876,0.52449924,0.35642058,0.2196941
0.67737985,0.574594,0.42272505,0.28709784
0.7797044,0.6798484,0.5453952,0.40209153
0.9231858,0.83075476,0.70987916,0.54929525
1.0893651,1.0037804,0.886966,0.69987667
1.2568933,1.1743803,1.055291,0.8367209
1.4117352,1.3281289,1.2066447,0.95671755
1.5511692,1.4632717,1.3423029,1.0636138
1.673538,1.5792093,1.4629205,1.1596596
1.7806472,1.6785562,1.5701952,1.2465664
1.8729979,1.7620599,1.66298,1.3225001
1.95354,1.8334303,1.7451701,1.3911783
2.0218701,1.892254,1.8147534,1.4499857
2.0800207,1.940959,1.8739781,1.5006518
2.1260083,1.9774858,1.9198787,1.5397744
2.1593242,2.0018284,1.9532919,1.5684956
2.1798236,2.0141437,1.9748724,1.5876523
2.1865735,2.0136502,1.9838281,1.5964524
2.1808712,2.001875,1.9819846,1.5967412
2.1620746,1.978105,1.9685485,1.5877339
2.1279435,1.9400588,1.9412689,1.567432
2.0756814,1.884855,1.897151,1.5332633
2.002044,1.80933,1.8335086,1.4836383
1.9021802,1.7084702,1.7450633,1.4145169
1.7747301,1.5808644,1.6298066,1.32493
1.6224978,1.4296752,1.4913224,1.2194668
1.4565622,1.2665313,1.3407526,1.1080042
1.2884908,1.1039072,1.1928974,1.0038571
1.1311786,0.9547374,1.0580724,0.9127063
0.99260867,0.82738185,0.94526166,0.84069854
0.8741196,0.7227421,0.85383147,0.78502274
0.7767752,0.64185065,0.78428423,0.7450339
0.69725585,0.5808987,0.73323554,0.7177868
0.6325617,0.5361929,0.69595295,0.6988733
0.5801811,0.5046827,0.67005,0.68683916
0.5375732,0.483418,0.65396315,0.68141764
0.50410134,0.47126105,0.6464037,0.6817495
0.47919434,0.46703234,0.6456573,0.68629605
0.4597983,0.4670347,0.64786255,0.6919603
0.4462926,0.47167435,0.6545393,0.7007314
0.43782887,0.4798778,0.66452515,0.7116809
0.43336853,0.49029148,0.6755131,0.7225375
0.43164667,0.5017915,0.68785274,0.7343935
0.43160632,0.5131312,0.6991615,0.7448313
0.4333502,0.5247358,0.7107982,0.75536484
0.4358759,0.53560805,0.7215555,0.765071
0.4404971,0.54739785,0.7335948,0.77587175
0.44555584,0.5583743,0.74494106,0.7861103
0.45261052,0.5701612,0.75631785,0.79584086
0.45883152,0.57992554,0.76549894,0.8036723
0.46530297,0.58888817,0.77302426,0.80965686
0.4710225,0.5963875,0.77982944,0.81547487
0.47633275,0.6027836,0.7853952,0.82023096
0.48244214,0.6097019,0.7924712,0.8266903
0.48963463,0.6173756,0.8008579,0.8344555
0.49996904,0.6278482,0.8118096,0.84398556
0.51238483,0.6399905,0.8246657,0.85499346
0.5259744,0.65243304,0.8360609,0.8636581
0.54055583,0.6654609,0.8483342,0.8731065
0.5570452,0.67992985,0.8616567,0.8830459
0.5754619,0.6958499,0.8757886,0.8932062
0.59332,0.7104315,0.8873519,0.90056115
0.610991,0.7244189,0.898173,0.9072206
0.62855774,0.73784024,0.90761775,0.9122419
0.6446568,0.74947685,0.91504705,0.91553557
0.6620013,0.76232046,0.92397535,0.92023784
0.6760436,0.7715357,0.9295294,0.92244524
0.68802816,0.7788022,0.9342203,0.9246621
0.6985528,0.784679,0.93821824,0.9267676
0.70341766,0.78491795,0.93724746,0.9253681
0.705543,0.78264123,0.93387944,0.9221933
0.70696515,0.7802222,0.9314998,0.92050546
0.7072067,0.7768634,0.9278469,0.9176584
0.7080252,0.77433693,0.92458403,0.91492987
0.70652604,0.76967514,0.9196566,0.91116184
0.704266,0.76450384,0.91401327,0.9068022
0.70052826,0.7581247,0.9075076,0.90203315
0.69694775,0.7523747,0.9025055,0.898991
0.6930444,0.7465022,0.8971559,0.89554405
0.68767965,0.73921305,0.8898855,0.89028823
0.6826251,0.73250353,0.8832442,0.8855416
0.6787595,0.72719187,0.87771606,0.881513
0.6752257,0.72234625,0.8728416,0.878088
0.6725841,0.71833193,0.8680339,0.8742371
0.6704776,0.7149444,0.86413234,0.8712451
0.6699893,0.713008,0.86050737,0.86774266
0.6701648,0.71196645,0.8590626,0.866733
0.6680054,0.7083386,0.8546742,0.8631539
0.66587114,0.7046033,0.84899294,0.85787034
0.14029127,0.1439232,0.12251325,0.08485969
0.0075650034,0.016138326,-0.019216703,-0.0033608493
0.046566952,0.029811334,-0.037533857,-0.038970564
0.0154284835,-0.016705077,-0.08308832,-0.103706636
-0.028523743,-0.07595078,-0.16325706,-0.20868014
-0.05903,-0.12817995,-0.23722698,-0.30821723
-0.079504184,-0.1758769,-0.29968202,-0.3931116
-0.08815053,-0.2125958,-0.341851,-0.45256844
-0.090491,-0.2415194,-0.37086448,-0.49360254
-0.089829445,-0.2643761,-0.39101082,-0.5215432
-0.085245185,-0.27912524,-0.40126285,-0.5369045
-0.07951152,-0.2888377,-0.4069798,-0.5460491
-0.076131165,-0.2980136,-0.41411272,-0.55569994
-0.07184402,-0.30273172,-0.4155612,-0.5587944
-0.069099806,-0.3064312,-0.41730422,-0.5619476
-0.061038774,-0.30112067,-0.40880334,-0.5552266
-0.04703212,-0.2861175,-0.38941506,-0.53793406
-0.024848372,-0.25889355,-0.35595474,-0.50695145
0.010931473,-0.21375395,-0.30357045,-0.4585016
0.07196704,-0.13716663,-0.21570164,-0.37685764
0.1650306,-0.022381075,-0.08788956,-0.2593131
0.2952419,0.13438512,0.079870574,-0.10851
0.47296813,0.34360152,0.30219793,0.08933411
0.6804882,0.57996887,0.541361,0.29460657
0.8896134,0.80918986,0.7629299,0.47624877
1.0808516,1.0103424,0.9539805,0.62728137
1.2463597,1.1777748,1.1161803,0.7543249
1.3857906,1.3136114,1.2526658,0.8620444
1.4974535,1.4174,1.3592621,0.94533473
1.5780768,1.4876063,1.4345808,1.0036114
1.6208162,1.5176306,1.4671913,1.0241976
1.6197195,1.502901,1.453708,1.0056196
1.5726115,1.4417846,1.390795,0.9453318
1.4965888,1.354194,1.3044791,0.8715231
1.4187526,1.2697308,1.2300717,0.81815284
1.3560125,1.2046185,1.1795306,0.7907761
1.3047721,1.1521932,1.1377127,0.7689558
1.261397,1.1080892,1.0999204,0.74735105
1.2191449,1.0649241,1.0577312,0.71825325
1.182397,1.0292516,1.0245854,0.69758934
1.1486396,0.9981731,0.9970479,0.6822616
1.1321512,0.9880413,0.9964367,0.69317627
1.1406988,1.0067027,1.0328571,0.73977315
1.1591082,1.0346798,1.0757371,0.78907996
1.168546,1.050644,1.0995349,0.8166357
1.1488785,1.0341029,1.0855268,0.8085387
1.0855356,0.9712037,1.020265,0.7555214
0.97490984,0.8601626,0.9045493,0.66179985
0.82133555,0.7071675,0.74779344,0.53852266
0.63819003,0.5272722,0.5675401,0.40156537
0.44811246,0.34491026,0.39118087,0.27345502
0.2651813,0.17414397,0.23221302,0.16284667
0.096103236,0.020413704,0.09172754,0.06637125
-0.058318928,-0.11637859,-0.030810837,-0.017468927
-0.20076731,-0.24050829,-0.1426802,-0.09670045
-0.34131986,-0.36446905,-0.26015928,-0.18679982
-0.48089802,-0.48887208,-0.37768346,-0.27981195
-0.6149395,-0.60833144,-0.4857658,-0.36552972
-0.73207927,-0.7091395,-0.5651717,-0.42427298
-0.8263994,-0.7846201,-0.6110624,-0.45170775
-0.8959299,-0.83380604,-0.63008696,-0.45657614
-0.9520673,-0.8713322,-0.6459462,-0.46308517
-0.99799764,-0.90173185,-0.6646426,-0.4772556
-1.0373093,-0.9283038,-0.68527454,-0.49585736
-1.0676183,-0.94704413,-0.6988067,-0.50832236
-1.0862689,-0.95394284,-0.69890666,-0.5076804
-1.0965431,-0.95322275,-0.6942827,-0.50370646
-1.094251,-0.9395267,-0.6755548,-0.4862821
-1.0815135,-0.91532475,-0.6471665,-0.4598928
-1.0628626,-0.8864928,-0.6183701,-0.4344653
-1.042248,-0.85836494,-0.59684086,-0.41827023
-1.0186162,-0.8293706,-0.57770556,-0.4057346
-0.99223125,-0.7989647,-0.5577785,-0.3928048
-0.9589184,-0.7615044,-0.52804554,-0.3701048
-0.92262584,-0.7226094,-0.50117993,-0.35229746
-0.87946826,-0.67780465,-0.47021127,-0.33258
-0.8252631,-0.6215603,-0.42559484,-0.3005579
-0.7572983,-0.5508165,-0.36490032,-0.2545172
-0.67535365,-0.4649555,-0.2844356,-0.18950395
-0.57527155,-0.35921293,-0.17661259,-0.097691864
-0.45528755,-0.23226434,-0.039840087,0.022045126
-0.32602993,-0.09891727,0.10090197,0.14292227
-0.19878657,0.026172174,0.22460723,0.24390979
-0.08536073,0.13103062,0.32288516,0.3204318
0.0015638362,0.2031993,0.38168603,0.36084488
0.06143114,0.24586636,0.41305876,0.38057292
0.0911996,0.2577033,0.41563115,0.37900272
0.08825391,0.23716196,0.38691926,0.3539224
0.0531123,0.18533339,0.32669368,0.30434588
-0.012101688,0.10463846,0.23552927,0.22964221
-0.10047644,0.0034432057,0.12633346,0.14249554
-0.19950996,-0.104295656,0.017725496,0.059858903
-0.30558088,-0.21629624,-0.0930114,-0.024170192
-0.411863,-0.32636788,-0.20077457,-0.10666327
-0.5132218,-0.4299744,-0.30159193,-0.18527605
-0.6106406,-0.5290096,-0.39872134,-0.2634482
-0.69318503,-0.61124015,-0.47555298,-0.3250901
-0.754197,-0.66854465,-0.519797,-0.35699788
-0.790925,-0.69830596,-0.5323835,-0.36092976
-0.8080377,-0.7077024,-0.5295201,-0.35482344
0.14651331,0.15084618,0.13123587,0.09304538
0.058858015,0.07276163,0.04837855,0.05757115
0.19083916,0.1902497,0.1475455,0.12750833
0.30262616,0.30402225,0.27601132,0.22222339
0.44438156,0.45487776,0.4147129,0.3198435
0.6204834,0.6378425,0.5742748,0.43669245
0.81089526,0.83058465,0.74273705,0.5653385
0.99506205,1.0122284,0.9037446,0.6923319
1.1642549,1.1750791,1.0520574,0.81259507
1.3150352,1.3171073,1.187232,0.9253424
1.4484118,1.4403694,1.3106132,1.0307385
1.5656558,1.5462254,1.4198514,1.1246576
1.6647829,1.6330196,1.5123467,1.204589
1.7480289,1.7037137,1.5908748,1.2733094
1.8186375,1.7618847,1.6576732,1.3324238
1.8826866,1.8139687,1.7185092,1.3868161
1.9348184,1.8541074,1.7662814,1.4293375
1.9716958,1.8787426,1.7957278,1.4541734
1.9844003,1.8792012,1.799689,1.4559993
1.9627614,1.8449274,1.7656138,1.423056
1.9010662,1.7703445,1.6883013,1.3524182
1.7978964,1.6533791,1.5638818,1.2416852
1.6639649,1.5052752,1.4055593,1.1054906
1.5089962,1.3353969,1.2230903,0.9529897
1.357193,1.1700011,1.0471666,0.81154025
1.220519,1.021691,0.8921775,0.69171625
1.0970397,0.886929,0.747488,0.5782041
0.9823193,0.76119125,0.6075203,0.46421757
0.87762517,0.6477038,0.48058847,0.3589354
0.7845839,0.54960907,0.37259755,0.2688066
0.7032489,0.4671162,0.28226376,0.19211017
0.6302194,0.39615825,0.20374145,0.12312671
0.56451756,0.33598343,0.13840987,0.06447376
0.50464576,0.2845455,0.0834192,0.01379646
0.45110297,0.24243975,0.040591694,-0.02625535
0.40380627,0.2087735,0.007351224,-0.05855731
0.3578584,0.17728217,-0.024686484,-0.09098998
0.31192097,0.14666788,-0.05388104,-0.12043701
0.2682457,0.11889679,-0.07950737,-0.14680769
0.22658311,0.093771406,-0.10028574,-0.16802427
0.18576731,0.06944671,-0.11982756,-0.18798637
0.14526407,0.04510081,-0.13890693,-0.20730777
0.107410215,0.023389785,-0.15389574,-0.2223557
0.07319558,0.0054687317,-0.16316737,-0.2313965
0.0404678,-0.011703941,-0.1726449,-0.240828
0.007970845,-0.029725846,-0.18399018,-0.2520919
-0.023053655,-0.046874955,-0.19361475,-0.26120272
-0.053218525,-0.06368687,-0.20172973,-0.2679823
-0.08042539,-0.07811651,-0.2077646,-0.27282503
-0.107771374,-0.09378724,-0.21605438,-0.27971914
-0.13417126,-0.10904631,-0.22276904,-0.2842497
-0.16005972,-0.12471233,-0.23079391,-0.28998047
-0.18663777,-0.14195758,-0.24063334,-0.2969334
-0.2183013,-0.16585225,-0.25852662,-0.3109866
-0.25500914,-0.19608833,-0.28316733,-0.330633
-0.29648337,-0.23211211,-0.31359679,-0.35490525
-0.342938,-0.27377442,-0.34839922,-0.3820517
-0.3939365,-0.32034293,-0.38640836,-0.4109355
-0.4443555,-0.3658421,-0.4206015,-0.43522325
-0.49748382,-0.41386726,-0.4550677,-0.45840383
-0.5570396,-0.4693666,-0.49852368,-0.48986205
-0.6207227,-0.52930766,-0.54437476,-0.52234113
-0.6950701,-0.6006683,-0.5991961,-0.56092405
-0.78067183,-0.6846089,-0.6661893,-0.6098203
-0.8837871,-0.7882307,-0.7522042,-0.6749783
-1.0038244,-0.9106754,-0.8541237,-0.7534318
-1.1393647,-1.0504054,-0.970209,-0.8444302
-1.2825547,-1.1983954,-1.0891994,-0.9380576
-1.4200202,-1.3396633,-1.1962026,-1.0218226
-1.5399297,-1.4614003,-1.2822145,-1.0891829
-1.6338081,-1.5540714,-1.3394337,-1.1325432
-1.7008153,-1.6170037,-1.3718306,-1.1560676
-1.7484254,-1.6592577,-1.3929588,-1.1728498
-1.7876209,-1.6938113,-1.4161845,-1.1947504
-1.8191532,-1.7212241,-1.4362915,-1.2143214
-1.8481487,-1.7468911,-1.4575069,-1.2347567
-1.873606,-1.7692878,-1.4751552,-1.2506667
-1.8955921,-1.7884582,-1.489841,-1.2630888
-1.9122183,-1.8019767,-1.4979528,-1.2682621
-1.9221424,-1.8084962,-1.5000894,-1.2677985
-1.9257746,-1.8082663,-1.4959332,-1.2609977
-1.9216334,-1.7997664,-1.484917,-1.2479249
-1.9130952,-1.7871022,-1.472992,-1.2349694
-1.8988658,-1.7689087,-1.4573089,-1.2191852
-1.8767987,-1.7426822,-1.435212,-1.1981906
-1.8468654,-1.7079893,-1.4055028,-1.1703733
-1.8101925,-1.6661243,-1.3699653,-1.13758
-1.7647531,-1.6150227,-1.326905,-1.0987489
-1.7093047,-1.5528772,-1.2726783,-1.049548
-1.6440375,-1.4799957,-1.2086136,-0.991769
-1.5687723,-1.3960403,-1.1329043,-0.9231008
-1.4844723,-1.3023046,-1.046905,-0.84483933
-1.3947511,-1.2034808,-0.95633954,-0.7627949
-1.3034618,-1.1041212,-0.86404306,-0.67875487
-1.2141598,-1.0089794,-0.77653176,-0.5995457
-1.1340497,-0.92662066,-0.7035635,-0.53424287
-1.0694869,-0.86462104,-0.6548151,-0.4923806
-1.0230061,-0.82523054,-0.6312732,-0.47402638
-0.99023,-0.8011535,-0.61753994,-0.46177435
-0.9680704,-0.78745925,-0.60766506,-0.44982374
0.14064603,0.14452407,0.12378401,0.086329624
0.027846614,0.03930558,0.010443021,0.024459653
0.10614527,0.09732338,0.043228336,0.035422795
0.11912199,0.100227356,0.04879824,0.018047154
0.11775434,0.089536086,0.014307038,-0.043271385
0.12642007,0.08407074,-0.016474094,-0.099575885
0.14399704,0.08382474,-0.034217194,-0.13827625
0.16916317,0.08974816,-0.03963733,-0.15949596
0.20555374,0.109117895,-0.023442006,-0.15391992
0.259281,0.15065531,0.021036735,-0.11728856
0.3469224,0.23515247,0.11751239,-0.028272983
0.47791943,0.37239483,0.269907,0.11291883
0.6449046,0.5506558,0.45635265,0.28072926
0.83129317,0.74822235,0.65276206,0.4512807
1.0169634,0.941235,0.83903164,0.6078193
1.1936783,1.120865,1.0122052,0.75049186
1.3514274,1.2772772,1.1666232,0.8772412
1.4920609,1.4134504,1.305447,0.99163705
1.6175915,1.5323479,1.4314014,1.0966387
1.7295127,1.636065,1.5450706,1.1925428
1.8278114,1.7247037,1.6439714,1.2761087
1.9130679,1.799247,1.7280849,1.3468994
1.9839517,1.8589704,1.7971593,1.4051409
2.0358098,1.8993188,1.8454036,1.4448082
2.0664563,1.9184449,1.8703077,1.4630688
2.0676265,1.908182,1.8635075,1.4522337
2.0272765,1.8560334,1.8107051,1.398612
1.9263479,1.7414235,1.6876513,1.2801838
1.763222,1.5626974,1.4924905,1.100389
1.5707339,1.3570302,1.2744381,0.9139082
1.3754138,1.1514647,1.0619581,0.7441858
1.1962041,0.9645488,0.8704678,0.5979495
1.0398875,0.8027702,0.7049976,0.47442007
0.9069611,0.6669449,0.5644946,0.3693094
0.79450387,0.5546418,0.44580856,0.27855253
0.696048,0.45961356,0.34367165,0.19814442
0.61101615,0.3814965,0.25775674,0.12809539
0.53629357,0.31763965,0.18974638,0.07284838
0.4758947,0.27202618,0.14304778,0.035330407
0.42576942,0.2391022,0.10965378,0.008058436
0.38796037,0.22125843,0.09555693,-0.0017745036
0.35625073,0.20936683,0.0838222,-0.012180003
0.33461928,0.2090195,0.088303655,-0.0070505845
0.32783657,0.22491974,0.113025926,0.01703751
0.33856505,0.25933436,0.15892103,0.060186613
0.3645494,0.30895174,0.22191134,0.118554935
0.4196611,0.38925928,0.32255015,0.21182701
0.49766815,0.49110913,0.4451486,0.32337457
0.5796723,0.5909504,0.5557378,0.418651
0.6516973,0.6747374,0.6465997,0.49490583
0.7021695,0.73147476,0.7086113,0.5465211
0.7175265,0.74864274,0.7299168,0.56494
0.68465406,0.71354145,0.6945804,0.5360837
0.59846205,0.62316567,0.6028394,0.4629991
0.46422404,0.48480117,0.4643222,0.35544452
0.30081886,0.32005492,0.30561015,0.23712939
0.12843382,0.1510262,0.15318342,0.13033217
-0.030413305,0.0012527343,0.030098524,0.051841
-0.16422556,-0.118383855,-0.056413386,0.004620595
-0.26680896,-0.203074,-0.107396536,-0.015457097
-0.3421541,-0.2587213,-0.13263322,-0.0180071
-0.39463028,-0.29091412,-0.1382876,-0.0077089034
-0.42781422,-0.30439508,-0.1306572,0.010052865
-0.44597885,-0.30401006,-0.11329937,0.033570055
-0.4520725,-0.29332492,-0.089864746,0.05998112
-0.4491082,-0.27554572,-0.062016252,0.088819966
-0.4392336,-0.25296167,-0.031810425,0.11854872
-0.42285267,-0.2261894,-0.0007664637,0.14726576
-0.40398142,-0.19983117,0.02507597,0.16909221
-0.38947198,-0.18163678,0.03617782,0.17523126
-0.38405222,-0.17688425,0.025531124,0.15895808
-0.39554468,-0.19328663,-0.011833687,0.11772344
-0.4151671,-0.21831045,-0.05169705,0.07771596
-0.43463835,-0.24239056,-0.08498946,0.045832023
-0.4442774,-0.2536888,-0.09506189,0.038188647
-0.44853103,-0.25900593,-0.098405674,0.03583958
-0.4420281,-0.25387523,-0.09609965,0.03443014
-0.4216286,-0.23493645,-0.08340706,0.038663432
-0.37954968,-0.19361651,-0.051045816,0.056682482
-0.3111165,-0.123935446,0.013265313,0.10253073
-0.21776655,-0.028154626,0.107223235,0.17458165
-0.10476332,0.086519,0.22176908,0.264461
0.026759828,0.21790062,0.3556684,0.37135395
0.18325627,0.37334916,0.5231719,0.5102576
0.36372882,0.5492462,0.71390545,0.6685243
0.5420142,0.7137955,0.88091755,0.7989945
0.69464266,0.8434796,1.0010083,0.88339394
0.81387633,0.93528473,1.080866,0.9339925
0.89999235,0.9938181,1.1298662,0.96211004
0.95269465,1.021117,1.1512464,0.9713754
0.9704511,1.0166819,1.1444082,0.9614012
0.9549385,0.98257875,1.109996,0.9320548
0.90679497,0.91970074,1.0488307,0.8841873
0.8293738,0.8315116,0.96340066,0.81954616
0.72706074,0.7224424,0.8585649,0.7423882
0.6099844,0.60286987,0.7454713,0.66180193
0.48913524,0.48372808,0.63541776,0.5863256
0.3759355,0.37618008,0.53992337,0.52442455
0.2778858,0.28690895,0.46470562,0.47936013
0.19911109,0.21889548,0.41040334,0.4498804
0.14371407,0.14778292,0.12751244,0.08963033
0.029489107,0.040593565,0.01082475,0.024228474
0.09335667,0.08208999,0.023548637,0.016995251
0.084472686,0.060360588,0.0021000507,-0.024638347
0.06086731,0.024513297,-0.057188526,-0.10863885
0.044574425,-0.010291069,-0.1177364,-0.19366744
0.029765258,-0.05015901,-0.17908631,-0.27590573
0.018129203,-0.08921119,-0.22969314,-0.3413457
0.005195453,-0.12987724,-0.27532104,-0.39594248
-0.009051718,-0.17051995,-0.31758595,-0.4432285
-0.02045197,-0.20480946,-0.34915265,-0.4772606
-0.023758704,-0.22548674,-0.3620937,-0.4911955
-0.023272166,-0.238159,-0.3679189,-0.49794832
-0.018391583,-0.24258801,-0.3667852,-0.49842042
-0.008517233,-0.23848537,-0.3586404,-0.4928183
0.004041332,-0.22830589,-0.34417224,-0.48090163
0.022006055,-0.20955704,-0.32199794,-0.4621613
0.05006993,-0.17658381,-0.2835885,-0.42785147
0.09554439,-0.12076731,-0.21851371,-0.3679372
0.15983115,-0.042060442,-0.13196655,-0.2895324
0.25636545,0.074995466,-0.0032020204,-0.17281853
0.40184858,0.2485691,0.18766001,-7.215464e-05
0.589816,0.46707097,0.4182824,0.20335214
0.79541093,0.6977717,0.6482685,0.39715144
0.9937987,0.91139925,0.85175306,0.5599203
1.1697302,1.0937268,1.0261298,0.69635063
1.3208486,1.2448316,1.175368,0.8134369
1.4485354,1.3683006,1.3030019,0.9154196
1.5541487,1.4669453,1.4102023,1.0030692
1.6388153,1.5429096,1.4973103,1.0759412
1.7029493,1.5975451,1.5650207,1.1343999
1.746175,1.6308296,1.6110706,1.1750852
1.7646488,1.6396674,1.6336465,1.1970814
1.7574506,1.6237214,1.6323143,1.2000917
1.720012,1.5785801,1.6025771,1.1802841
1.6493326,1.5012412,1.5404615,1.1341634
1.5439756,1.3904108,1.4446973,1.0616994
1.4072167,1.2499425,1.320251,0.9691316
1.2488147,1.0901871,1.1775236,0.8661004
1.0826862,0.9258244,1.031391,0.76494503
0.91969544,0.7681289,0.89321756,0.67398846
0.7719889,0.62957543,0.7742145,0.6001441
0.6448391,0.5155135,0.68007594,0.5469213
0.54115844,0.4280822,0.6097944,0.51072705
0.45928216,0.36493176,0.56098855,0.48909655
0.39581886,0.32168975,0.5285937,0.4775252
0.34382448,0.29032803,0.50513804,0.47046682
0.3026026,0.26961845,0.4893653,0.467203
0.2687419,0.25574893,0.4795263,0.46773455
0.24029684,0.24641539,0.47368565,0.47076553
0.22067285,0.24486774,0.47399104,0.47737855
0.20530955,0.2458838,0.47513914,0.48336807
0.19301115,0.2477816,0.47388965,0.48516527
0.18052307,0.24687676,0.46592048,0.47900343
0.16506283,0.24064325,0.4503188,0.46516424
0.13974474,0.22127822,0.41635245,0.4332662
0.0959573,0.17809653,0.34501794,0.36299467
0.038117897,0.1166606,0.24462527,0.26210782
-0.0015435131,0.07661899,0.17666622,0.1927196
0.00046185387,0.08564385,0.17824069,0.19036888
0.033963587,0.12869783,0.21718541,0.21960627
0.07207185,0.17324479,0.25230032,0.24230273
0.09463602,0.19632296,0.257821,0.23645906
0.09593923,0.19369893,0.23463982,0.20619255
0.07653899,0.1685005,0.19167547,0.16239218
0.045286287,0.1313129,0.13964058,0.113369174
0.007645438,0.08873681,0.086588174,0.06605597
-0.030371122,0.047162622,0.037784837,0.02367663
-0.066078134,0.0095556015,-0.0032587582,-0.010869166
-0.09848522,-0.02389857,-0.040373255,-0.04299795
-0.12897104,-0.05476475,-0.07427831,-0.07278822
-0.15886945,-0.0846243,-0.10673925,-0.101678446
-0.18653587,-0.11188172,-0.13685998,-0.12925927
-0.2133353,-0.13769706,-0.16374768,-0.15348181
-0.23772171,-0.16061807,-0.18702044,-0.1746114
-0.25896278,-0.17978917,-0.20515507,-0.19094302
-0.2772377,-0.19598678,-0.22137313,-0.2063669
-0.29317194,-0.20969938,-0.23446184,-0.2189338
-0.30506763,-0.21904846,-0.24233672,-0.22667785
-0.31535384,-0.22701177,-0.24943042,-0.23401134
-0.32272425,-0.23240784,-0.25519326,-0.24087004
-0.3306899,-0.23892671,-0.26238814,-0.24892005
-0.33792457,-0.24515809,-0.26991716,-0.25747406
-0.34485584,-0.25125587,-0.2766014,-0.2647479
-0.3508101,-0.25645542,-0.28186968,-0.27046126
-0.35301226,-0.257705,-0.2827537,-0.2722274
-0.3531456,-0.25670472,-0.28011665,-0.2702197
-0.35010558,-0.25268596,-0.2752113,-0.2666493
-0.34926665,-0.25175142,-0.27483293,-0.267371
-0.34957007,-0.25285396,-0.27821153,-0.2720536
-0.35288674,-0.25777853,-0.2863918,-0.2810797
-0.3575805,-0.26409662,-0.29432717,-0.28895384
-0.36368623,-0.2720743,-0.30433035,-0.29873997
-0.37341255,-0.28414336,-0.31896436,-0.31260175
-0.3858485,-0.29919177,-0.33631468,-0.32861248
-0.39850113,-0.31422275,-0.35262868,-0.3432436
-0.41096824,-0.32860172,-0.36670634,-0.35522592
-0.42489314,-0.34446236,-0.38253185,-0.36883727
-0.43915108,-0.3606819,-0.39885148,-0.38296336
-0.4533584,-0.3767763,-0.41475436,-0.39665505
0.14930888,0.15393348,0.13506275,0.09657686
0.07833947,0.09435295,0.07439745,0.08108834
0.25103265,0.25693464,0.2235801,0.19505127
0.40988106,0.42153668,0.4032139,0.33463642
0.5867988,0.60827583,0.5716949,0.45737502
0.77645767,0.8026783,0.7359636,0.5775151
0.96221584,0.98747057,0.89312583,0.69623005
1.1365372,1.1568569,1.0433631,0.8148932
1.2960453,1.3086649,1.1847293,0.93076515
1.4390064,1.4420197,1.3150682,1.0406476
1.5676214,1.559824,1.435587,1.1443186
1.6802237,1.6605235,1.5423785,1.2372066
1.7814641,1.7493907,1.6395547,1.3224596
1.8717685,1.8269706,1.7263674,1.3990934
1.9508865,1.8931475,1.8015301,1.4654565
2.0202234,1.9495922,1.8663315,1.5227165
2.0830824,1.9999456,1.9245574,1.5744839
2.1368375,2.041466,1.9730012,1.6176089
2.1841357,2.0771244,2.0150146,1.6552383
2.2240686,2.1059752,2.0496886,1.6864884
2.2582781,2.1297357,2.0785725,1.7125833
2.28558,2.1473284,2.1012743,1.7334913
2.3090265,2.1619155,2.1209986,1.7521961
2.3274412,2.172167,2.1364589,1.7673672
2.3395996,2.1767867,2.1461122,1.7772429
2.3454003,2.175919,2.150952,1.783278
2.3429716,2.1676378,2.148864,1.7834201
2.3320394,2.1518958,2.140408,1.7785981
2.3106263,2.126581,2.1229303,1.7660971
2.274657,2.0876846,2.0929985,1.7431574
2.2224174,2.0336208,2.0489533,1.708686
2.1505544,1.9612228,1.9886158,1.6618327
2.057554,1.8686173,1.9084172,1.5990944
1.9396858,1.7521237,1.8056415,1.5195675
1.8012353,1.6159402,1.68266,1.425473
1.6456331,1.463505,1.5429839,1.3206954
1.4831512,1.3055813,1.3972071,1.2143419
1.3255432,1.154518,1.2583283,1.1169522
1.1799588,1.0175486,1.1330769,1.032447
1.0524223,0.9009568,1.0274682,0.9641977
0.94499284,0.8066464,0.94227916,0.9109737
0.8578325,0.7348062,0.87766933,0.8721743
0.7878757,0.6819526,0.8302919,0.84484357
0.73128,0.64350903,0.79464555,0.82397497
0.6844151,0.6152139,0.7664819,0.80630934
0.6455408,0.59513533,0.74533534,0.79255795
0.6143064,0.5825557,0.7308083,0.78280956
0.5882529,0.5746256,0.7206848,0.77591604
0.56752694,0.5711872,0.7148637,0.771911
0.5501378,0.56995904,0.7114866,0.76965106
0.5334189,0.5678162,0.706409,0.76517415
0.51863253,0.56646365,0.7028086,0.7619501
0.5071212,0.5674052,0.7025107,0.7617848
0.497065,0.5684326,0.70227504,0.7614546
0.48906294,0.5702706,0.70274395,0.76140153
0.4824458,0.572643,0.70578736,0.7645121
0.47832975,0.57668084,0.7116781,0.77050865
0.47583234,0.58144116,0.71940404,0.7785145
0.47215697,0.58388984,0.72509867,0.78495026
0.46646783,0.58294356,0.7256531,0.7861894
0.45965317,0.5801088,0.7243118,0.7858132
0.4538194,0.57796925,0.72454506,0.7871559
0.448965,0.5763684,0.7249276,0.78837687
0.4452252,0.5752896,0.7248338,0.7885588
0.4428546,0.5753236,0.7265943,0.790634
0.4413308,0.57562,0.72773784,0.7917165
0.44057152,0.576358,0.7296456,0.7935672
0.4411778,0.5782412,0.7333336,0.7971724
0.44522205,0.58320886,0.73952264,0.80232006
0.4482267,0.586513,0.74378335,0.80572355
0.45265558,0.59076667,0.74815553,0.80867994
0.45789406,0.59554064,0.75356776,0.8127571
0.4637383,0.6004947,0.75841963,0.8159749
0.46955317,0.6052267,0.7638598,0.82007146
0.47894177,0.6134009,0.7725274,0.82655734
0.48905402,0.62200725,0.7819075,0.8336824
0.5001121,0.63109154,0.79097635,0.8401086
0.50938857,0.63763887,0.796195,0.8427468
0.5183176,0.6437494,0.8016831,0.84602433
0.52725816,0.649809,0.8076469,0.85002065
0.5371247,0.6566811,0.81413835,0.8542353
0.5488655,0.6652219,0.82167155,0.85885847
0.5624844,0.67546177,0.8308635,0.8646371
0.5764486,0.6854254,0.83782643,0.8675454
0.5905905,0.6952472,0.844116,0.86960113
0.606439,0.7065652,0.8513054,0.8719647
0.62144804,0.71624327,0.85369426,0.8686545
0.63940156,0.7290581,0.85999674,0.8689068
0.65881485,0.74339414,0.86929256,0.87235665
0.6799763,0.7599452,0.88421047,0.88225585
0.7024802,0.77794826,0.9031284,0.896784
0.72164255,0.7922881,0.9196958,0.9100962
0.7356277,0.8008158,0.9292678,0.91710246
0.7419346,0.8014869,0.9307351,0.9176348
0.7412843,0.7954871,0.9254977,0.9130738
0.7344188,0.783801,0.9142277,0.9039269
0.7232816,0.7687849,0.9004216,0.8935314
0.7098597,0.7523314,0.88529015,0.8824423
0.6967277,0.73685527,0.8706105,0.87152183
0.6844162,0.7229311,0.8579646,0.8625668
0.14346543,0.14764719,0.12773481,0.090030126
0.04323795,0.056197844,0.030410165,0.042369325
0.15712073,0.15416253,0.1091106,0.09477052
0.2253978,0.21929888,0.18315978,0.14019619
0.27802202,0.2691406,0.20773813,0.133074
0.31079698,0.28994393,0.18987446,0.0881633
0.31164062,0.2689695,0.1303435,0.010231428
0.2810115,0.20944177,0.040350974,-0.08801656
0.23955956,0.13792674,-0.045573533,-0.17398043
0.19072282,0.058898233,-0.1297377,-0.253462
0.1431471,-0.017181063,-0.20527,-0.32317626
0.102112524,-0.08317231,-0.2649843,-0.3771986
0.06914056,-0.13704434,-0.31077385,-0.4190056
0.045070395,-0.17737743,-0.34199804,-0.44823346
0.026857032,-0.20802589,-0.36545375,-0.47187492
0.016117027,-0.2266562,-0.3762719,-0.48425642
0.011839836,-0.23485327,-0.37777025,-0.48872378
0.014538461,-0.23224148,-0.36934945,-0.48457792
0.02733859,-0.21512724,-0.34516016,-0.46548003
0.053758923,-0.17959052,-0.3006572,-0.4270059
0.095689274,-0.12416589,-0.23588404,-0.36984152
0.15964697,-0.04203829,-0.14331391,-0.28744972
0.24927305,0.06978603,-0.02122881,-0.17928945
0.37571698,0.2232241,0.14485379,-0.032275926
0.5485595,0.4271222,0.3638207,0.16041183
0.7539286,0.66135186,0.6068899,0.36890796
0.9584189,0.88426155,0.82380795,0.5442719
1.1397226,1.0732646,1.0041547,0.68393743
1.2925161,1.225844,1.1521584,0.79684013
1.4165838,1.3450913,1.2738678,0.89149386
1.5142865,1.4356128,1.3734274,0.9721133
1.588176,1.5008147,1.4503727,1.0363071
1.6364578,1.5398477,1.5035415,1.0828439
1.6581799,1.5523119,1.5309938,1.1091534
1.6507772,1.536096,1.529958,1.1124455
1.6095092,1.4869782,1.4970192,1.0905507
1.5306381,1.4012382,1.4273567,1.0393625
1.4164381,1.2815969,1.3237596,0.9624266
1.2712709,1.1327622,1.1911415,0.86513424
1.1049339,0.9653594,1.04148,0.75872767
0.9337676,0.79685336,0.8933511,0.6587448
0.77295625,0.6430816,0.7624239,0.5764645
0.63459533,0.5162949,0.65938747,0.51802945
0.5223577,0.41935658,0.5845285,0.48084912
0.43323335,0.34815544,0.53199923,0.45857608
0.3648528,0.29903573,0.49548176,0.44432795
0.30793643,0.2610908,0.4630523,0.42807877
0.2523631,0.22266471,0.42205587,0.39926934
0.1882731,0.17247708,0.36027417,0.3477601
0.09597197,0.08765618,0.24842837,0.24625885
-0.028063929,-0.03459031,0.08987021,0.10068628
-0.15273517,-0.1550349,-0.05013092,-0.021585802
-0.24654779,-0.23670702,-0.12543002,-0.07815152
-0.29833075,-0.27006623,-0.14261074,-0.08334349
-0.3075357,-0.25778654,-0.11649651,-0.055700313
-0.28304738,-0.21261182,-0.06849146,-0.016745564
-0.23860885,-0.15046875,-0.01311613,0.023159586
-0.19189434,-0.09136066,0.030034693,0.04875365
-0.14868069,-0.039772887,0.06556762,0.06909318
-0.11472806,-0.0014693316,0.08743256,0.078944355
-0.08669432,0.028751915,0.104299985,0.08708447
-0.06720946,0.048241835,0.111456044,0.08824161
-0.050919715,0.06398844,0.1186363,0.09149799
-0.03905441,0.07434181,0.120792344,0.090770476
-0.029317873,0.08225164,0.12161254,0.08929351
-0.027876597,0.08041179,0.11019446,0.076113045
-0.031767856,0.07310425,0.09462659,0.060062323
-0.038534336,0.06359257,0.08008459,0.046482883
-0.039462347,0.062128328,0.07946214,0.04735498
-0.035649426,0.06623452,0.08462362,0.052834067
-0.030567624,0.07170646,0.0907972,0.0587084
-0.018173859,0.08508728,0.105759315,0.07202102
0.008380879,0.114707656,0.14295849,0.10670602
0.061834622,0.17438997,0.21814953,0.17653465
0.16024826,0.28336358,0.3550472,0.30302468
0.30095354,0.43400985,0.53367215,0.46225753
0.45658457,0.5916484,0.704827,0.6054243
0.6002505,0.72700334,0.8391013,0.70875055
0.7107563,0.82118934,0.92380387,0.7665368
0.7781816,0.86858565,0.95894676,0.78336513
0.798317,0.86855876,0.94660753,0.7635369
0.76794153,0.81962425,0.8841508,0.70505416
0.68522996,0.72040176,0.76715314,0.60329604
0.5437282,0.56418884,0.5877342,0.45179692
0.35201466,0.36022705,0.35781065,0.26165497
0.1260944,0.12623636,0.106148556,0.059998106
-0.10543981,-0.10713577,-0.12674479,-0.118714154
-0.31915316,-0.31573176,-0.31307384,-0.2526452
-0.5043438,-0.49153972,-0.45672977,-0.35207766
-0.66326797,-0.6399705,-0.57298297,-0.43399966
-0.79642814,-0.76299363,-0.66774315,-0.5041083
-0.9039959,-0.8605933,-0.73969513,-0.55897003
-0.98930335,-0.93646294,-0.7945542,-0.6031391
-1.0552515,-0.9938567,-0.8367198,-0.64009404
-1.103107,-1.0333693,-0.863766,-0.6653059
-1.133113,-1.0549753,-0.87633497,-0.67911863
-1.1472242,-1.0606303,-0.8767096,-0.68337864
-1.1456383,-1.050157,-0.86311,-0.67535573
-1.1293213,-1.0248783,-0.83870375,-0.65876377
-1.1007552,-0.9871029,-0.80309117,-0.63169706
0.14028263,0.14405799,0.123076044,0.0855611
0.021097954,0.031468328,0.00016887684,0.014572024
0.105142586,0.09652316,0.043798216,0.03596511
0.15743332,0.14558962,0.10807472,0.073517054
0.22577299,0.2157832,0.1662736,0.09805383
0.31518394,0.30328846,0.23091514,0.12918665
0.42229527,0.40568075,0.31208912,0.18033707
0.53686684,0.51452476,0.40583926,0.2502038
0.65653753,0.6284199,0.5082645,0.33311844
0.7865793,0.7545129,0.62878615,0.43652922
0.9272694,0.8929754,0.7663638,0.5574047
1.0736984,1.0370761,0.9100195,0.68278694
1.2190605,1.1786952,1.0515742,0.80462027
1.3574681,1.3115317,1.1862361,0.91951656
1.4843538,1.4307832,1.3087229,1.0229526
1.5992875,1.5364287,1.4188802,1.1151433
1.701142,1.6280646,1.5175407,1.1981521
1.7885382,1.704407,1.6013806,1.2684509
1.8633609,1.7678552,1.6723855,1.3279141
1.920993,1.813931,1.7258793,1.3724868
1.9571761,1.838201,1.7551854,1.3949085
1.9714699,1.8412039,1.7632321,1.3995185
1.9524742,1.8103352,1.7333541,1.3693092
1.872696,1.7154474,1.6286931,1.2684413
1.7179751,1.5414364,1.4332716,1.0870224
1.5281234,1.3338144,1.2076263,0.8915635
1.3372724,1.1287701,0.9939715,0.72004014
1.162478,0.94195276,0.8013348,0.5716408
1.013474,0.7832628,0.63863766,0.44883677
0.8859254,0.64782447,0.4972719,0.3402572
0.780252,0.5377599,0.38100603,0.24895138
0.690001,0.4470094,0.2850698,0.1718709
0.6146957,0.37523142,0.2075287,0.10689743
0.5489305,0.3166957,0.14457928,0.052548204
0.48986834,0.26769945,0.091103,0.0043372153
0.43858814,0.22970551,0.052058585,-0.031227753
0.396564,0.20373231,0.027617494,-0.053942863
0.35615745,0.17977332,0.002872687,-0.07866048
0.32202798,0.16380428,-0.00966555,-0.091432035
0.2966918,0.15792845,-0.009804891,-0.09256079
0.27908313,0.16063544,0.00072457426,-0.08362149
0.27502525,0.17823792,0.029615,-0.057324775
0.28842562,0.21446647,0.07988601,-0.011449182
0.3242382,0.27450037,0.15802449,0.060120326
0.38499922,0.35977748,0.26301295,0.15500857
0.45405522,0.44904813,0.36356914,0.24131753
0.5155587,0.5248461,0.44365254,0.30630633
0.5620322,0.5801498,0.49925065,0.34878427
0.58950996,0.6127967,0.5328666,0.3741343
0.5986858,0.6249362,0.5475596,0.38585025
0.5860615,0.6137134,0.5405742,0.38195294
0.53997684,0.56633496,0.49363902,0.34445983
0.46217573,0.4867051,0.41693735,0.2856192
0.35459226,0.37832767,0.31807035,0.21425562
0.22994144,0.256232,0.21692424,0.14884341
0.09286148,0.12435034,0.11247107,0.08499683
-0.053731788,-0.016674917,-0.005779839,0.0064476477
-0.19955738,-0.15583229,-0.12514299,-0.07651152
-0.33221605,-0.27908307,-0.22698036,-0.14639483
-0.44345996,-0.3771493,-0.29947844,-0.19166617
-0.5314176,-0.44915304,-0.34497616,-0.2155846
-0.59734106,-0.49761862,-0.3686027,-0.22329201
-0.643639,-0.5260827,-0.37563255,-0.2195188
-0.6734051,-0.53826934,-0.3693455,-0.20609906
-0.6888633,-0.53662837,-0.35075384,-0.18272148
-0.69010806,-0.5219233,-0.32337552,-0.15378094
-0.6836256,-0.5012964,-0.29280236,-0.12298598
-0.6696024,-0.47510505,-0.25987935,-0.09148569
-0.6491998,-0.44432253,-0.22399057,-0.05792136
-0.6254673,-0.41225034,-0.18865374,-0.0254425
-0.6010778,-0.3819372,-0.15782191,0.001928903
-0.57737833,-0.35463172,-0.13242984,0.023422666
-0.559918,-0.33691448,-0.12244794,0.028885592
-0.5553607,-0.33611992,-0.13601997,0.011098138
-0.56546694,-0.35358903,-0.17278007,-0.028911829
-0.5895887,-0.38803285,-0.23032978,-0.08882113
-0.6135837,-0.4204778,-0.27468565,-0.13260846
-0.62396526,-0.4351742,-0.28975958,-0.14699888
-0.6103639,-0.4206722,-0.26525277,-0.12384192
-0.5683647,-0.37388742,-0.20489432,-0.06961408
-0.5009179,-0.30068758,-0.12253117,0.00013747998
-0.41518804,-0.21137875,-0.034365714,0.06878784
-0.31907272,-0.11564883,0.04992841,0.12839575
-0.21739137,-0.018231057,0.13012238,0.18136412
-0.11260689,0.0796686,0.21154791,0.23576139
-0.0032855677,0.18104763,0.30258384,0.3014342
0.1051811,0.2793262,0.39176744,0.3659979
0.21780287,0.38118404,0.49168363,0.4429637
0.3422378,0.4944571,0.60893744,0.5365448
0.4756987,0.6147487,0.73327726,0.63488626
0.6136472,0.7364655,0.85729665,0.73098177
0.75655174,0.86071825,0.98546004,0.8307202
0.89353555,0.975873,1.102451,0.9196889
1.0159264,1.0736911,1.1985412,0.9895453
1.1122674,1.1441854,1.2659475,1.0355133
1.1793337,1.1860315,1.3039197,1.0578617
1.2130964,1.1971148,1.3136456,1.0599514
1.2130708,1.1778469,1.294971,1.0416818
1.1789905,1.1282357,1.2470517,1.0021267
1.1076719,1.0452292,1.166818,0.9393038
0.13923566,0.14286661,0.12151909,0.084092416
0.015016615,0.024821037,-0.0076321643,0.007676454
0.0730258,0.06008254,-0.0005979188,-0.004729274
0.069746315,0.045490548,-0.010193712,-0.035527334
0.05549914,0.020503717,-0.056364156,-0.10822145
0.053700496,0.0022400487,-0.0994476,-0.17780668
0.05643973,-0.016714975,-0.13677445,-0.23678859
0.05911399,-0.038852494,-0.17220518,-0.28801194
0.062150598,-0.06093865,-0.20239535,-0.32854432
0.05889286,-0.08862375,-0.23473781,-0.36615095
0.047836617,-0.12300727,-0.2725079,-0.40590632
0.03143893,-0.16063267,-0.31109968,-0.44425723
0.009758488,-0.20138967,-0.3517845,-0.48363703
-0.013586195,-0.24081203,-0.38886958,-0.5190234
-0.031789865,-0.2706287,-0.41260603,-0.54136795
-0.048285544,-0.29549488,-0.43254274,-0.5609406
-0.062341712,-0.3147058,-0.4471682,-0.57623196
-0.073787026,-0.3282419,-0.45627192,-0.58677477
-0.08422757,-0.3385274,-0.4643658,-0.59733707
-0.09392533,-0.34580103,-0.4696347,-0.6053985
-0.09969933,-0.3466757,-0.46867332,-0.6079448
-0.10219098,-0.3416166,-0.4603049,-0.60287064
-0.10035225,-0.33031243,-0.4470522,-0.5937917
-0.098484695,-0.3180999,-0.43466997,-0.58581984
-0.09909621,-0.30840513,-0.42719102,-0.582817
-0.09920022,-0.29727793,-0.4166186,-0.5759438
-0.09943026,-0.28592828,-0.40630606,-0.5691305
-0.10110236,-0.27574718,-0.3965874,-0.5621322
-0.10136384,-0.26377922,-0.3847828,-0.552925
-0.103103794,-0.25350833,-0.37516302,-0.5454687
-0.10488725,-0.2433993,-0.3657754,-0.53803766
-0.10349025,-0.22932124,-0.3498865,-0.5235596
-0.09844513,-0.21105947,-0.32911146,-0.5041947
-0.08961984,-0.18873249,-0.30402204,-0.48078254
-0.07609684,-0.16134782,-0.2728596,-0.45143968
-0.05123412,-0.12117967,-0.22562888,-0.40662763
-0.0107005,-0.063689694,-0.15870406,-0.34381327
0.055490233,0.02297978,-0.054612376,-0.2455166
0.17245837,0.16632888,0.11690288,-0.08520638
0.3450826,0.3683466,0.35228747,0.13073611
0.52572703,0.56803626,0.56421965,0.31381547
0.6668201,0.71212953,0.6986413,0.41717362
0.7532778,0.79094076,0.7646696,0.46096575
0.78106785,0.8066181,0.7732608,0.46213531
0.74923664,0.76195943,0.72824055,0.42619786
0.6615397,0.662211,0.6329397,0.3554756
0.5262358,0.51680195,0.4965944,0.25744405
0.36218613,0.3465828,0.34239924,0.15157239
0.1912133,0.1751214,0.19572014,0.0577754
0.034418683,0.024490204,0.07770327,-0.008938953
-0.09704604,-0.094930306,-0.005446504,-0.04693585
-0.1981934,-0.17959312,-0.054689556,-0.059702013
-0.27206683,-0.23422058,-0.07686509,-0.05366114
-0.32279497,-0.26462847,-0.08007162,-0.036150023
-0.35280606,-0.2743277,-0.06814686,-0.009990026
-0.36930802,-0.27186367,-0.04991565,0.017953936
-0.37487087,-0.26006326,-0.025887158,0.048731692
-0.37196657,-0.24182479,0.00080217165,0.079661086
-0.36406508,-0.22060342,0.028904943,0.1110114
-0.35018185,-0.19531733,0.05904694,0.14289202
-0.3319276,-0.16749628,0.09058318,0.17516498
-0.31109315,-0.13882999,0.122362226,0.20720387
-0.28864688,-0.11040334,0.15256806,0.2370511
-0.26355857,-0.08083386,0.18303755,0.26639125
-0.23646306,-0.050524484,0.21400975,0.29568043
-0.20806932,-0.02011143,0.24470578,0.32431874
-0.17821544,0.010698435,0.27560624,0.3526472
-0.14642039,0.042669516,0.30791762,0.381972
-0.11311229,0.07513355,0.3396124,0.4098857
-0.07903599,0.10750992,0.370895,0.43704462
-0.046166204,0.13761382,0.39912292,0.46108383
-0.014081379,0.16609795,0.42506966,0.48270807
0.019263675,0.19561936,0.45308605,0.50638765
0.052456245,0.22459927,0.48066983,0.5295805
0.08646024,0.25393832,0.50809383,0.5521568
0.119207144,0.28150958,0.5336175,0.572887
0.15122437,0.3080997,0.5585125,0.59320045
0.18212967,0.33326137,0.58170956,0.6118807
0.21305014,0.35832924,0.6047076,0.6302221
0.2453865,0.38491133,0.6298433,0.6504572
0.27800423,0.4115825,0.65489346,0.67030495
0.30793327,0.4350721,0.67580307,0.6862985
0.33782566,0.45815262,0.6948607,0.69995373
0.3663006,0.480022,0.7144069,0.71492064
0.3926586,0.49945208,0.7299765,0.7259103
0.41546538,0.51543576,0.74315715,0.7356057
0.43683168,0.5301602,0.7550834,0.74431425
0.45691156,0.54388267,0.7662482,0.7526097
0.47275746,0.5535117,0.77380645,0.75837636
0.4869512,0.56189513,0.7803618,0.7636052
0.4998847,0.5694039,0.7863568,0.7685739
0.5134978,0.5783557,0.7954136,0.77690667
0.52812487,0.58854884,0.80535066,0.78565705
0.54203457,0.5979738,0.813757,0.79269016
0.55493927,0.6063083,0.8201826,0.7975946
0.56711715,0.6140993,0.82621056,0.8022803
0.5799773,0.6229192,0.8336274,0.80832905
0.5925571,0.63160753,0.84090316,0.81421417
0.6058542,0.6410646,0.84831333,0.81981045
0.6186604,0.65005314,0.8552483,0.8250356
0.15045173,0.15514277,0.13642405,0.09778702
0.078740075,0.09455372,0.0740637,0.08051993
0.24633338,0.25140756,0.21672441,0.18880282
0.39621922,0.4060658,0.3852359,0.31854138
0.56069285,0.5793477,0.5398879,0.4291891
0.7318449,0.75364244,0.68218523,0.52943796
0.8972324,0.9170517,0.81744164,0.628968
1.0480316,1.0622044,0.9427848,0.72618335
1.1771501,1.1827608,1.0505672,0.81286687
1.2822922,1.2772622,1.137664,0.88471055
1.3479427,1.3292373,1.1831865,0.9212868
1.3624268,1.3264738,1.1711472,0.9073892
1.3158747,1.2588825,1.0913733,0.83595526
1.2159779,1.1345681,0.95247114,0.7162257
1.0872581,0.9802445,0.7863568,0.578398
0.9534288,0.82143253,0.62195003,0.4470246
0.83385766,0.6786975,0.4781967,0.33482534
0.7353846,0.5598621,0.36229378,0.24581225
0.6526285,0.45816064,0.259748,0.162949
0.58038545,0.36864775,0.1657738,0.0820578
0.513829,0.28714648,0.07878755,0.003639538
0.45444873,0.21643355,0.003981996,-0.066072665
0.4008404,0.15533127,-0.059212316,-0.12660259
0.3530475,0.10388207,-0.11140804,-0.1783202
0.3093612,0.05987895,-0.15546708,-0.2236798
0.27015516,0.02372533,-0.19022842,-0.26098004
0.23373681,-0.006981798,-0.21915701,-0.29343572
0.19934638,-0.03338244,-0.24337845,-0.32175025
0.16541627,-0.057446994,-0.26411322,-0.34643763
0.13364007,-0.07756936,-0.2798482,-0.36618286
0.10486172,-0.09317576,-0.2904513,-0.38098073
0.07769154,-0.10602852,-0.29735577,-0.39172328
0.053211335,-0.11534815,-0.30036727,-0.39856166
0.03158015,-0.1214146,-0.30070686,-0.40298098
0.011736869,-0.12544256,-0.29861486,-0.40457934
-0.006443221,-0.12777796,-0.29456103,-0.40378845
-0.022952784,-0.12851384,-0.28840306,-0.40032223
-0.03450552,-0.124239415,-0.2772332,-0.39207128
-0.042675283,-0.11661541,-0.26179615,-0.3790694
-0.047473334,-0.106082715,-0.2440497,-0.36386383
-0.05302307,-0.0979521,-0.23182957,-0.35433373
-0.062316824,-0.09516877,-0.22557464,-0.3496385
-0.07344538,-0.09555451,-0.22322315,-0.34813687
-0.08905994,-0.101806395,-0.22696806,-0.35143593
-0.10831948,-0.112620905,-0.23454465,-0.3571439
-0.12934308,-0.12572722,-0.24341746,-0.36309925
-0.15456448,-0.14393197,-0.25772375,-0.3734573
-0.18046159,-0.16326638,-0.27321756,-0.38472474
-0.20881131,-0.18516496,-0.28932652,-0.39519757
-0.23551382,-0.20516385,-0.30250892,-0.402564
-0.26233083,-0.22529729,-0.31527847,-0.40908462
-0.28752184,-0.24350935,-0.32472742,-0.41191426
-0.31362516,-0.2634055,-0.33811402,-0.41901553
-0.33958226,-0.2829885,-0.34895074,-0.422576
-0.36557764,-0.30253616,-0.35856572,-0.42411783
-0.39400202,-0.32451698,-0.36896023,-0.42502162
-0.42661607,-0.3512275,-0.3837004,-0.42892823
-0.46190494,-0.38020056,-0.39668646,-0.42871258
-0.5002697,-0.41133207,-0.40655804,-0.42224768
-0.54538757,-0.44860497,-0.41766885,-0.4130772
-0.6042834,-0.50052094,-0.442212,-0.41330943
-0.6799261,-0.5713503,-0.48870555,-0.43277976
-0.7722877,-0.6625974,-0.5657672,-0.48386532
-0.87213373,-0.76325405,-0.6572214,-0.5514555
-0.9713593,-0.8635569,-0.74993944,-0.6235213
-1.0664914,-0.9594214,-0.8382749,-0.6945947
-1.1530428,-1.0454162,-0.9126386,-0.7538175
-1.2254566,-1.1153598,-0.9670188,-0.79553294
-1.2875279,-1.174106,-1.010158,-0.8283536
-1.3466016,-1.2308947,-1.0547618,-0.8648205
-1.4058998,-1.2893993,-1.1021173,-0.90470123
-1.4706477,-1.3560624,-1.1610479,-0.95734835
-1.5408169,-1.4307168,-1.2288713,-1.0197867
-1.6063893,-1.500104,-1.2833236,-1.0675664
-1.6610258,-1.5566423,-1.3212749,-1.0995765
-1.7001532,-1.5948606,-1.3387165,-1.1120073
-1.7239933,-1.615648,-1.3417672,-1.1121793
-1.7318037,-1.6185101,-1.3309872,-1.1007104
-1.7242999,-1.6043208,-1.3075069,-1.0783174
-1.7002727,-1.5718412,-1.2700858,-1.0439291
-1.6628082,-1.5248396,-1.2235484,-1.0023924
-1.6122718,-1.4640086,-1.1676042,-0.9533332
-1.5498089,-1.3908811,-1.1031759,-0.8975973
-1.4743412,-1.3038723,-1.0253729,-0.8294345
-1.3853326,-1.2017261,-0.92915165,-0.74247175
-1.2850904,-1.0873446,-0.8182168,-0.6407913
-1.1767527,-0.965272,-0.698235,-0.5304968
-1.0601268,-0.8350158,-0.5634118,-0.40415883
-0.9542516,-0.7204588,-0.4486388,-0.2974111
-0.8747645,-0.64165694,-0.3832158,-0.24018376
-0.82952976,-0.60670674,-0.37382737,-0.23719501
-0.8147526,-0.60722816,-0.40050188,-0.2653482
-0.8196015,-0.6273513,-0.43833733,-0.29920647
-0.8347389,-0.65553546,-0.47589445,-0.3295312
-0.8515448,-0.68216324,-0.5041065,-0.34916186
-0.86541075,-0.7025957,-0.5199147,-0.35613698
-0.8704357,-0.71061295,-0.51738447,-0.34526974
-0.8650332,-0.7055211,-0.5000143,-0.32151598
-0.84992665,-0.6891828,-0.47289214,-0.29070568
-0.8301995,-0.668137,-0.4445785,-0.2608864
0.14990912,0.15464464,0.13607569,0.09762296
0.082699455,0.09909112,0.079537235,0.08560295
0.24569565,0.25053948,0.21502227,0.18730888
0.36296847,0.36782822,0.33840588,0.27595156
0.4512649,0.45529673,0.39528894,0.29833153
0.50146717,0.4950165,0.390752,0.26728818
0.49582103,0.4679824,0.31907746,0.18141839
0.44753134,0.39129707,0.20790292,0.068028435
0.37778053,0.29055613,0.08931492,-0.04341349
0.30792227,0.19017947,-0.0158675,-0.13782053
0.24791534,0.102223195,-0.09894134,-0.20981407
0.19822028,0.02734894,-0.16591102,-0.2677644
0.16199818,-0.030259797,-0.21490125,-0.31128365
0.13307703,-0.07696872,-0.2535487,-0.34700108
0.1129665,-0.11086636,-0.28062415,-0.37398344
0.09604979,-0.13864902,-0.30466098,-0.40009147
0.077845596,-0.16527164,-0.32911104,-0.42744794
0.060688887,-0.18826286,-0.3509301,-0.45311594
0.044473816,-0.20691086,-0.3655165,-0.47088122
0.033257227,-0.21734458,-0.37192416,-0.48133913
0.026529003,-0.22023088,-0.37051237,-0.4845201
0.02210745,-0.21859086,-0.36551088,-0.48455283
0.015910307,-0.2177878,-0.36375284,-0.4880721
0.01015909,-0.21544206,-0.36132252,-0.49117437
0.0031038867,-0.21341889,-0.35891345,-0.49367794
-0.0015794075,-0.20742336,-0.35079867,-0.4899671
-0.0077275573,-0.20265904,-0.34562197,-0.48909438
-0.013539558,-0.19696443,-0.33911213,-0.48659036
-0.018265298,-0.18946296,-0.32973203,-0.4806483
-0.022521267,-0.1811066,-0.319451,-0.4734501
-0.02627419,-0.17215833,-0.3088959,-0.4657746
-0.02781948,-0.16058649,-0.29463172,-0.4540657
-0.02930425,-0.14944798,-0.28247836,-0.44462222
-0.0325874,-0.14069788,-0.27291656,-0.43713877
-0.03208724,-0.12754704,-0.2562202,-0.42195746
-0.028020961,-0.11044999,-0.23446101,-0.4014226
-0.021480855,-0.09138281,-0.21237935,-0.3812115
-0.0105951745,-0.06786917,-0.1844666,-0.35518533
0.00015531096,-0.045434278,-0.1588019,-0.3312818
0.00916741,-0.02607679,-0.13767245,-0.31174457
0.018229552,-0.0072084796,-0.11543622,-0.29014122
0.02401247,0.0068622828,-0.10012157,-0.2752149
0.03153456,0.02259098,-0.08085176,-0.2556789
0.034343228,0.032378826,-0.0683396,-0.24189542
0.035363205,0.03945874,-0.059381276,-0.23143648
0.038881898,0.049817767,-0.042319864,-0.21146235
0.0436134,0.061500594,-0.022893818,-0.18869027
0.046184953,0.069985844,-0.008905428,-0.17155367
0.033423074,0.05980873,-0.02032768,-0.17895076
0.0018127386,0.028159998,-0.055652015,-0.20708592
-0.042788994,-0.016958151,-0.101483494,-0.24195197
-0.09651338,-0.07007567,-0.14953277,-0.27519915
-0.1527585,-0.12343825,-0.19074261,-0.29882905
-0.2112343,-0.17715688,-0.22737315,-0.31591466
-0.27990413,-0.2413573,-0.27540928,-0.34281895
-0.36312792,-0.32105902,-0.33928466,-0.38299546
-0.46450976,-0.4191752,-0.4168061,-0.43178874
-0.5870208,-0.5399016,-0.5173112,-0.500136
-0.72088075,-0.6712832,-0.62199533,-0.5695437
-0.8526342,-0.7990961,-0.7205586,-0.63420606
-0.96953577,-0.90996164,-0.8025169,-0.6874127
-1.0619606,-0.9937929,-0.85950464,-0.72267103
-1.129041,-1.0502691,-0.8937034,-0.7420869
-1.1710311,-1.0791872,-0.9015512,-0.73949814
-1.1885101,-1.0810614,-0.8835054,-0.71413404
-1.187363,-1.0630025,-0.8492055,-0.6751337
-1.1748592,-1.0339252,-0.8088565,-0.63194627
-1.1544309,-0.9979375,-0.7649078,-0.5861376
-1.1281633,-0.9574496,-0.7189993,-0.5391417
-1.096444,-0.9127572,-0.6702054,-0.4899408
-1.0611596,-0.8661164,-0.6212154,-0.44131613
-1.021351,-0.816282,-0.56927663,-0.39043832
-0.9785814,-0.7653578,-0.5185384,-0.34208792
-0.9335607,-0.7137825,-0.46720043,-0.29361695
-0.8867616,-0.662088,-0.41637975,-0.24631453
-0.8388031,-0.61078393,-0.36621594,-0.20013359
-0.79076314,-0.5608536,-0.31706113,-0.15503956
-0.74355286,-0.5133009,-0.27074048,-0.11309835
-0.69699347,-0.46748316,-0.2253748,-0.07198697
-0.6512625,-0.4236141,-0.18213993,-0.033269413
-0.60736686,-0.38236558,-0.14051937,0.004221212
-0.56281364,-0.3408522,-0.097831614,0.04248947
-0.51749873,-0.2991972,-0.055766743,0.07934291
-0.47075355,-0.25615853,-0.0107469065,0.118970476
-0.42127174,-0.21071213,0.036010526,0.15919878
-0.37133878,-0.16558315,0.081131324,0.19698894
-0.32157615,-0.1213392,0.12460922,0.23273411
-0.27219915,-0.07810897,0.16667117,0.26687762
-0.22507694,-0.037692696,0.2059438,0.29859832
-0.17811537,0.002342786,0.24501158,0.33003566
-0.13156198,0.041968737,0.28473186,0.36239767
-0.08639223,0.07976096,0.32141206,0.39144367
-0.043256927,0.115251504,0.35577434,0.41855365
-0.002779903,0.14787482,0.38739446,0.4434397
0.037571624,0.18035534,0.41815513,0.4671367
0.07898347,0.21420114,0.4511223,0.49289316
0.12260505,0.25027558,0.48540202,0.5189314
0.1676281,0.2871823,0.51761705,0.5414468
0.2111129,0.321628,0.5439705,0.55716604
0.25583726,0.35612133,0.5640591,0.56404877
